t,theta_deg,rate_dps,wheel_rpm,duty,phase
0.0,16.0,0.0,0.0,-1,SPINUP
0.002,16.0,0.0,-6.436476596174447,-1,SPINUP
0.004,16.0,0.0,-12.801832631651454,-1,SPINUP
0.006,16.0,0.0,-19.096853960939825,-1,SPINUP
0.008,16.0,0.0,-25.32231775516197,-1,SPINUP
0.01,16.0,0.0,-31.47899259800195,-1,SPINUP
0.012,16.0,0.0,-37.56763858059332,-1,SPINUP
0.014,16.0,0.0,-43.5890073953585,-1,SPINUP
0.016,16.0,0.0,-49.543842428811296,-1,SPINUP
0.018000000000000002,16.0,0.0,-55.43287885333392,-1,SPINUP
0.02,16.0,0.0,-61.256843717939944,-1,SPINUP
0.022,16.0,0.0,-67.0164560380344,-1,SPINUP
0.024,16.0,0.0,-72.71242688418201,-1,SPINUP
0.026000000000000002,16.0,0.0,-78.34545946989454,-1,SPINUP
0.028,16.0,0.0,-83.91624923844823,-1,SPINUP
0.03,16.0,0.0,-89.42548394874186,-1,SPINUP
0.032,16.0,0.0,-94.87384376020609,-1,SPINUP
0.034,16.0,0.0,-100.26200131677466,0.0,KICK
0.036000000000000004,16.0,0.0,-99.92835103845167,1,KICK
0.038,15.993961902162546,-6.0236332940782225,-92.38770506494282,1,KICK
0.04,15.97596254918897,-11.96164052304851,-84.93038029390299,1,KICK
0.042,15.946170890789936,-17.816319218272746,-77.55545605848143,1,KICK
0.044,15.904751310654774,-23.58993801237654,-70.26202186483769,1,KICK
0.046,15.851863683399788,-29.2847374850514,-63.04917727973384,1,KICK
0.048,15.78766342984512,-34.902930988722694,-55.91603181936867,1,KICK
0.05,15.712301570660271,-40.44670545421236,-48.861704839440314,1,KICK
0.052000000000000005,15.625924778418222,-45.91822217656217,-41.88532542642361,1,KICK
0.054,15.528675428097536,-51.31961758121463,-34.986032290048804,1,KICK
0.056,15.420691646071598,-56.65300397077502,-28.16297365696834,0.0,FALLEN
0.058,15.309066603612242,-54.974083732706276,-28.069253365375896,0.0,FALLEN
0.06,15.200787253930654,-53.30724951376438,-27.975844954665178,0.0,FALLEN
0.062,15.095829794366777,-51.65213227879204,-27.882747386963995,0.0,FALLEN
0.064,14.994171158289998,-50.008365024789164,-27.789959627853968,0.0,FALLEN
0.066,14.89578901108738,-48.375582728240545,-27.697480646359047,0.0,FALLEN
0.068,14.800661746258033,-46.753422291632845,-27.605309414934037,0.0,FALLEN
0.07,14.708768481615238,-45.141522489208754,-27.5134449094532,0.0,FALLEN
0.07200000000000001,14.620089055597774,-43.5395239120035,-27.42188610919886,0.0,FALLEN
0.074,14.534604023691873,-41.94706891220668,-27.33063199685007,0.0,FALLEN
0.076,14.452294654965074,-40.36380154689009,-27.239681558471318,0.0,FALLEN
0.078,14.373142928713232,-38.78936752114035,-27.14903378350123,0.0,FALLEN
0.08,14.297131531221824,-37.22341413063304,-27.058687664741385,0.0,FALLEN
0.082,14.22424385264264,-35.66559020368301,-26.968642198345083,0.0,FALLEN
0.084,14.154463983986856,-34.11554604280401,-26.878896383806218,0.0,FALLEN
0.08600000000000001,14.087776714235472,-32.57293336580899,-26.789449223948147,0.0,FALLEN
0.088,14.02416752756797,-31.037405246480688,-26.700299724912618,0.0,FALLEN
0.09,13.96362260071004,-29.508616054840754,-26.611446896148728,0.0,FALLEN
0.092,13.906128800401145,-27.986221397044226,-26.522889750401912,0.0,FALLEN
0.094,13.851673680982659,-26.46987805492465,-26.434627303702968,0.0,FALLEN
0.096,13.800245482107234,-24.95924392521401,-26.346658575357136,0.0,FALLEN
0.098,13.751833126570034,-23.453977958460428,-26.2589825879332,0.0,FALLEN
0.1,13.706426218262429,-21.953740097665342,-26.171598367252617,0.0,FALLEN
0.10200000000000001,13.66401504024866,-20.45819121666097,-26.084504942378697,0.0,FALLEN
0.10400000000000001,13.62459055296601,-18.96699305824773,-25.997701345605833,0.0,FALLEN
0.106,13.588144392548909,-17.479808172110506,-25.911186612448716,0.0,FALLEN
0.108,13.554668869277421,-15.996299852531717,-25.824959781631648,0.0,FALLEN
0.11,13.524156966150498,-14.51613207591835,-25.739019895077842,0.0,FALLEN
0.112,13.496602337584338,-13.03896943815948,-25.65336599789879,0.0,FALLEN
0.114,13.4719993082362,-11.564477091830053,-25.56799713838363,0.0,FALLEN
0.116,13.45034287195394,-10.092320683256156,-25.48291236798861,0.0,FALLEN
0.11800000000000001,13.43162869085155,-8.622166289456462,-25.398110741326516,0.0,FALLEN
0.12,13.415853094510926,-7.153680354974051,-25.313591316156177,0.0,FALLEN
0.122,13.40301307931006,-5.686529628612378,-25.229353153372003,0.0,FALLEN
0.124,13.393106307877868,-4.220381100088844,-25.14539531699354,0.0,FALLEN
0.126,13.386131108675754,-2.7549019366190546,-25.06171687415507,0.0,FALLEN
0.128,13.382086475706076,-1.2897594194446798,-24.97831689509526,0.0,FALLEN
0.13,13.38097206834762,0.17537911968242434,-24.89519445314682,0.0,FALLEN
0.132,13.382788211318106,1.640846362047266,-24.81234862472621,0.0,FALLEN
0.134,13.38753589476383,3.1069750655374655,-24.72977848932336,0.0,FALLEN
0.136,13.395216774476449,4.574098128215249,-24.64748312949148,0.0,FALLEN
0.138,13.405833172236882,6.042548651883201,-24.565461630836833,0.0,FALLEN
0.14,13.419388076286362,7.512660005631197,-24.4837130820086,0.0,FALLEN
0.14200000000000002,13.435885141924512,8.9847658893518,-24.402236574688715,0.0,FALLEN
0.14400000000000002,13.455328692234447,10.459200397211198,-24.321031203581825,0.0,FALLEN
0.146,13.477723718934733,11.936298081062493,-24.24009606640519,0.0,FALLEN
0.148,13.503075883358125,13.416394013787857,-24.15943026387868,0.0,FALLEN
0.15,13.531391517556889,14.899823852555699,-24.079032899714765,0.0,FALLEN
0.152,13.562677625534556,16.386923901978502,-23.99890308060857,0.0,FALLEN
0.154,13.596941884603874,17.878031177156597,-23.919039916227952,0.0,FALLEN
0.156,13.634192646870721,19.37348346659249,-23.839442519203594,0.0,FALLEN
0.158,13.674438940843697,20.873619394959796,-23.760110005119156,0.0,FALLEN
0.16,13.71769047316911,22.37877848571021,-23.68104149250144,0.0,FALLEN
0.162,13.763957630490994,23.889301223501036,-23.602236102810608,0.0,FALLEN
0.164,13.813251481435769,25.405529116425242,-23.523692960430402,0.0,FALLEN
0.166,13.865583778721179,26.92780475802489,-23.445411192658444,0.0,FALLEN
0.168,13.920966961389004,28.456471889068034,-23.367389929696493,0.0,FALLEN
0.17,13.97941415716107,29.991875459068076,-23.28962830464084,0.0,FALLEN
0.17200000000000001,14.040939184918034,31.53436168752353,-23.212125453472613,0.0,FALLEN
0.17400000000000002,14.105556557300348,33.08427812485494,-23.134880515048238,0.0,FALLEN
0.176,14.173281483430756,34.641973713014565,-23.057892631089818,0.0,FALLEN
0.178,14.24412987175769,36.20779884574301,-22.981160946175635,0.0,FALLEN
0.18,14.318118333018772,37.78210542844572,-22.904684607730612,0.0,FALLEN
0.182,14.3952641833237,39.3652469376607,-22.828462766016877,0.0,FALLEN
0.184,14.475585447355611,40.95757848008723,-22.75249457412429,0.0,FALLEN
0.186,14.559100861690032,42.559456851143864,-22.676779187961056,0.0,FALLEN
0.188,14.645829878230478,44.171240593022084,-22.601315766244316,0.0,FALLEN
0.19,14.735792667759588,45.79329005220023,-22.526103470490835,0.0,FALLEN
0.192,14.829010123604746,47.42596743638039,-22.451141465007666,0.0,FALLEN
0.194,14.92550386541695,49.069636870809006,-22.376428916882862,0.0,FALLEN
0.196,15.025296243061675,50.72466445393948,-22.30196499597624,0.0,FALLEN
0.198,15.128410340620379,52.391418312393334,-22.227748874910123,0.0,FALLEN
0.2,15.234869980501166,54.07026865517365,-22.153779729060187,0.0,FALLEN
0.202,15.344699727657114,55.76158782708236,-22.08005673654627,0.0,FALLEN
0.20400000000000001,15.457924893910588,57.465750361290176,-22.00657907822325,0.0,FALLEN
0.20600000000000002,15.574571542381799,59.18313303100536,-21.93334593767195,0.0,FALLEN
0.20800000000000002,15.694666492019747,60.91411490018468,-21.860356501190058,0.0,FALLEN
0.21,15.818237322233603,62.65907737322674,-21.787609957783072,0.0,FALLEN
0.212,15.945312377622376,64.41840424358514,-21.71510549915533,0.0,FALLEN
0.214,16.0,0.0,-21.642842319700986,0.0,FALLEN
0.216,16.0,0.0,-21.570819616495076,0.0,FALLEN
0.218,16.0,0.0,-21.499036589284607,0.0,FALLEN
0.22,16.0,0.0,-21.427492440479643,0.0,FALLEN
0.222,16.0,0.0,-21.356186375144464,0.0,FALLEN
0.224,16.0,0.0,-21.285117600988723,0.0,FALLEN
0.226,16.0,0.0,-21.214285328358642,0.0,FALLEN
0.228,16.0,0.0,-21.14368877022824,0.0,FALLEN
0.23,16.0,0.0,-21.073327142190596,0.0,FALLEN
0.232,16.0,0.0,-21.00319966244911,0.0,FALLEN
0.234,16.0,0.0,-20.93330555180884,0.0,FALLEN
0.23600000000000002,16.0,0.0,-20.863644033667846,0.0,FALLEN
0.23800000000000002,16.0,0.0,-20.794214334008537,0.0,FALLEN
0.24,16.0,0.0,-20.725015681389092,0.0,FALLEN
0.242,16.0,0.0,-20.656047306934884,0.0,FALLEN
0.244,16.0,0.0,-20.58730844432993,0.0,FALLEN
0.246,16.0,0.0,-20.518798329808384,0.0,FALLEN
0.248,16.0,0.0,-20.450516202146044,0.0,FALLEN
0.25,16.0,0.0,-20.3824613026519,0.0,FALLEN
0.252,16.0,0.0,-20.314632875159706,0.0,FALLEN
0.254,16.0,0.0,-20.247030166019563,0.0,FALLEN
0.256,16.0,0.0,-20.17965242408957,0.0,FALLEN
0.258,16.0,0.0,-20.112498900727456,0.0,FALLEN
0.26,16.0,0.0,-20.045568849782267,0.0,FALLEN
0.262,16.0,0.0,-19.97886152758608,0.0,FALLEN
0.264,16.0,0.0,-19.912376192945747,0.0,FALLEN
0.266,16.0,0.0,-19.84611210713464,0.0,FALLEN
0.268,16.0,0.0,-19.780068533884453,0.0,FALLEN
0.27,16.0,0.0,-19.714244739377033,0.0,FALLEN
0.272,16.0,0.0,-19.648639992236202,0.0,FALLEN
0.274,16.0,0.0,-19.58325356351965,0.0,FALLEN
0.276,16.0,0.0,-19.51808472671084,0.0,FALLEN
0.278,16.0,0.0,-19.453132757710904,0.0,FALLEN
0.28,16.0,0.0,-19.388396934830634,0.0,FALLEN
0.28200000000000003,16.0,0.0,-19.323876538782443,0.0,FALLEN
0.28400000000000003,16.0,0.0,-19.259570852672375,0.0,FALLEN
0.28600000000000003,16.0,0.0,-19.195479161992147,0.0,FALLEN
0.28800000000000003,16.0,0.0,-19.131600754611206,0.0,FALLEN
0.29,16.0,0.0,-19.067934920768806,0.0,FALLEN
0.292,16.0,0.0,-19.004480953066142,0.0,FALLEN
0.294,16.0,0.0,-18.941238146458478,0.0,FALLEN
0.296,16.0,0.0,-18.878205798247308,0.0,FALLEN
0.298,16.0,0.0,-18.815383208072557,0.0,FALLEN
0.3,16.0,0.0,-18.75276967790481,0.0,FALLEN
0.302,16.0,0.0,-18.69036451203752,0.0,FALLEN
0.304,16.0,0.0,-18.628167017079317,0.0,FALLEN
0.306,16.0,0.0,-18.566176501946284,0.0,FALLEN
0.308,16.0,0.0,-18.504392277854286,0.0,FALLEN
0.31,16.0,0.0,-18.4428136583113,0.0,FALLEN
0.312,16.0,0.0,-18.38143995910982,0.0,FALLEN
0.314,16.0,0.0,-18.320270498319214,0.0,FALLEN
0.316,16.0,0.0,-18.25930459627818,0.0,FALLEN
0.318,16.0,0.0,-18.19854157558718,0.0,FALLEN
0.32,16.0,0.0,-18.137980761100913,0.0,FALLEN
0.322,16.0,0.0,-18.07762147992082,0.0,FALLEN
0.324,16.0,0.0,-18.017463061387595,0.0,FALLEN
0.326,16.0,0.0,-17.957504837073753,0.0,FALLEN
0.328,16.0,0.0,-17.897746140776178,0.0,FALLEN
0.33,16.0,0.0,-17.83818630850875,0.0,FALLEN
0.332,16.0,0.0,-17.77882467849493,0.0,FALLEN
0.334,16.0,0.0,-17.71966059116045,0.0,FALLEN
0.336,16.0,0.0,-17.660693389125953,0.0,FALLEN
0.338,16.0,0.0,-17.601922417199695,0.0,FALLEN
0.34,16.0,0.0,-17.543347022370273,0.0,FALLEN
0.342,16.0,0.0,-17.484966553799364,0.0,FALLEN
0.34400000000000003,16.0,0.0,-17.426780362814494,0.0,FALLEN
0.34600000000000003,16.0,0.0,-17.368787802901828,0.0,FALLEN
0.34800000000000003,16.0,0.0,-17.310988229699003,0.0,FALLEN
0.35000000000000003,16.0,0.0,-17.253381000987932,0.0,FALLEN
0.352,16.0,0.0,-17.19596547668771,0.0,FALLEN
0.354,16.0,0.0,-17.13874101884748,0.0,FALLEN
0.356,16.0,0.0,-17.081706991639333,0.0,FALLEN
0.358,16.0,0.0,-17.02486276135128,0.0,FALLEN
0.36,16.0,0.0,-16.96820769638017,0.0,FALLEN
0.362,16.0,0.0,-16.9117411672247,0.0,FALLEN
0.364,16.0,0.0,-16.85546254647841,0.0,FALLEN
0.366,16.0,0.0,-16.799371208822713,0.0,FALLEN
0.368,16.0,0.0,-16.743466531019948,0.0,FALLEN
0.37,16.0,0.0,-16.68774789190645,0.0,FALLEN
0.372,16.0,0.0,-16.63221467238566,0.0,FALLEN
0.374,16.0,0.0,-16.57686625542123,0.0,FALLEN
0.376,16.0,0.0,-16.521702026030184,0.0,FALLEN
0.378,16.0,0.0,-16.466721371276066,0.0,FALLEN
0.38,16.0,0.0,-16.411923680262152,0.0,FALLEN
0.382,16.0,0.0,-16.357308344124643,0.0,FALLEN
0.384,16.0,0.0,-16.30287475602591,0.0,FALLEN
0.386,16.0,0.0,-16.248622311147745,0.0,FALLEN
0.388,16.0,0.0,-16.19455040668465,0.0,FALLEN
0.39,16.0,0.0,-16.14065844183713,0.0,FALLEN
0.392,16.0,0.0,-16.086945817805017,0.0,FALLEN
0.394,16.0,0.0,-16.033411937780826,0.0,FALLEN
0.396,16.0,0.0,-15.98005620694312,0.0,FALLEN
0.398,16.0,0.0,-15.926878032449894,0.0,FALLEN
0.4,16.0,0.0,-15.873876823431996,0.0,FALLEN
0.402,16.0,0.0,-15.821051990986557,0.0,FALLEN
0.404,16.0,0.0,-15.768402948170456,0.0,FALLEN
0.406,16.0,0.0,-15.715929109993782,0.0,FALLEN
0.40800000000000003,16.0,0.0,-15.663629893413349,0.0,FALLEN
0.41000000000000003,16.0,0.0,-15.611504717326214,0.0,FALLEN
0.41200000000000003,16.0,0.0,-15.559553002563216,0.0,FALLEN
0.41400000000000003,16.0,0.0,-15.507774171882547,0.0,FALLEN
0.41600000000000004,16.0,0.0,-15.456167649963332,0.0,FALLEN
0.418,16.0,0.0,-15.404732863399241,0.0,FALLEN
0.42,16.0,0.0,-15.353469240692116,0.0,FALLEN
0.422,16.0,0.0,-15.302376212245624,0.0,FALLEN
0.424,16.0,0.0,-15.251453210358921,0.0,FALLEN
0.426,16.0,0.0,-15.200699669220354,0.0,FALLEN
0.428,16.0,0.0,-15.150115024901162,0.0,FALLEN
0.43,16.0,0.0,-15.099698715349222,0.0,FALLEN
0.432,16.0,0.0,-15.049450180382799,0.0,FALLEN
0.434,16.0,0.0,-14.99936886168432,0.0,FALLEN
0.436,16.0,0.0,-14.949454202794177,0.0,FALLEN
0.438,16.0,0.0,-14.899705649104531,0.0,FALLEN
0.44,16.0,0.0,-14.850122647853164,0.0,FALLEN
0.442,16.0,0.0,-14.800704648117328,0.0,FALLEN
0.444,16.0,0.0,-14.751451100807632,0.0,FALLEN
0.446,16.0,0.0,-14.702361458661931,0.0,FALLEN
0.448,16.0,0.0,-14.653435176239253,0.0,FALLEN
0.45,16.0,0.0,-14.60467170991373,0.0,FALLEN
0.452,16.0,0.0,-14.556070517868571,0.0,FALLEN
0.454,16.0,0.0,-14.507631060090032,0.0,FALLEN
0.456,16.0,0.0,-14.459352798361415,0.0,FALLEN
0.458,16.0,0.0,-14.411235196257095,0.0,FALLEN
0.46,16.0,0.0,-14.363277719136551,0.0,FALLEN
0.462,16.0,0.0,-14.315479834138435,0.0,FALLEN
0.464,16.0,0.0,-14.267841010174642,0.0,FALLEN
0.466,16.0,0.0,-14.220360717924418,0.0,FALLEN
0.468,16.0,0.0,-14.173038429828472,0.0,FALLEN
0.47000000000000003,16.0,0.0,-14.125873620083112,0.0,FALLEN
0.47200000000000003,16.0,0.0,-14.078865764634415,0.0,FALLEN
0.47400000000000003,16.0,0.0,-14.032014341172392,0.0,FALLEN
0.47600000000000003,16.0,0.0,-13.985318829125188,0.0,FALLEN
0.47800000000000004,16.0,0.0,-13.9387787096533,0.0,FALLEN
0.48,16.0,0.0,-13.892393465643812,0.0,FALLEN
0.482,16.0,0.0,-13.846162581704645,0.0,FALLEN
0.484,16.0,0.0,-13.800085544158836,0.0,FALLEN
0.486,16.0,0.0,-13.754161841038826,0.0,FALLEN
0.488,16.0,0.0,-13.708390962080777,0.0,FALLEN
0.49,16.0,0.0,-13.662772398718895,0.0,FALLEN
0.492,16.0,0.0,-13.617305644079783,0.0,FALLEN
0.494,16.0,0.0,-13.571990192976811,0.0,FALLEN
0.496,16.0,0.0,-13.526825541904502,0.0,FALLEN
0.498,16.0,0.0,-13.481811189032936,0.0,FALLEN
0.5,16.0,0.0,-13.43694663420217,0.0,FALLEN
0.502,16.0,0.0,-13.392231378916692,0.0,FALLEN
0.504,16.0,0.0,-13.34766492633987,0.0,FALLEN
0.506,16.0,0.0,-13.303246781288442,0.0,FALLEN
0.508,16.0,0.0,-13.258976450227001,0.0,FALLEN
0.51,16.0,0.0,-13.214853441262528,0.0,FALLEN
0.512,16.0,0.0,-13.170877264138914,0.0,FALLEN
0.514,16.0,0.0,-13.127047430231514,0.0,FALLEN
0.516,16.0,0.0,-13.083363452541724,0.0,FALLEN
0.518,16.0,0.0,-13.039824845691562,0.0,FALLEN
0.52,16.0,0.0,-12.996431125918289,0.0,FALLEN
0.522,16.0,0.0,-12.953181811069008,0.0,FALLEN
0.524,16.0,0.0,-12.910076420595336,0.0,FALLEN
0.526,16.0,0.0,-12.867114475548046,0.0,FALLEN
0.528,16.0,0.0,-12.824295498571752,0.0,FALLEN
0.53,16.0,0.0,-12.781619013899599,0.0,FALLEN
0.532,16.0,0.0,-12.73908454734799,0.0,FALLEN
0.534,16.0,0.0,-12.696691626311297,0.0,FALLEN
0.536,16.0,0.0,-12.654439779756634,0.0,FALLEN
0.538,16.0,0.0,-12.612328538218602,0.0,FALLEN
0.54,16.0,0.0,-12.570357433794083,0.0,FALLEN
0.542,16.0,0.0,-12.528526000137044,0.0,FALLEN
0.544,16.0,0.0,-12.486833772453343,0.0,FALLEN
0.546,16.0,0.0,-12.44528028749558,0.0,FALLEN
0.548,16.0,0.0,-12.403865083557937,0.0,FALLEN
0.55,16.0,0.0,-12.362587700471057,0.0,FALLEN
0.552,16.0,0.0,-12.321447679596924,0.0,FALLEN
0.554,16.0,0.0,-12.280444563823773,0.0,FALLEN
0.556,16.0,0.0,-12.239577897561006,0.0,FALLEN
0.558,16.0,0.0,-12.198847226734133,0.0,FALLEN
0.56,16.0,0.0,-12.158252098779725,0.0,FALLEN
0.562,16.0,0.0,-12.117792062640389,0.0,FALLEN
0.5640000000000001,16.0,0.0,-12.077466668759751,0.0,FALLEN
0.5660000000000001,16.0,0.0,-12.037275469077462,0.0,FALLEN
0.5680000000000001,16.0,0.0,-11.997218017024228,0.0,FALLEN
0.5700000000000001,16.0,0.0,-11.957293867516833,0.0,FALLEN
0.5720000000000001,16.0,0.0,-11.917502576953206,0.0,FALLEN
0.5740000000000001,16.0,0.0,-11.877843703207484,0.0,FALLEN
0.5760000000000001,16.0,0.0,-11.838316805625109,0.0,FALLEN
0.578,16.0,0.0,-11.798921445017923,0.0,FALLEN
0.58,16.0,0.0,-11.759657183659293,0.0,FALLEN
0.582,16.0,0.0,-11.720523585279244,0.0,FALLEN
0.584,16.0,0.0,-11.68152021505961,0.0,FALLEN
0.586,16.0,0.0,-11.642646639629215,0.0,FALLEN
0.588,16.0,0.0,-11.603902427059039,0.0,FALLEN
0.59,16.0,0.0,-11.565287146857433,0.0,FALLEN
0.592,16.0,0.0,-11.526800369965333,0.0,FALLEN
0.594,16.0,0.0,-11.488441668751486,0.0,FALLEN
0.596,16.0,0.0,-11.450210617007711,0.0,FALLEN
0.598,16.0,0.0,-11.412106789944145,0.0,FALLEN
0.6,16.0,0.0,-11.374129764184543,0.0,FALLEN
0.602,16.0,0.0,-11.336279117761562,0.0,FALLEN
0.604,16.0,0.0,-11.298554430112072,0.0,FALLEN
0.606,16.0,0.0,-11.260955282072489,0.0,FALLEN
0.608,16.0,0.0,-11.223481255874114,0.0,FALLEN
0.61,16.0,0.0,-11.186131935138496,0.0,FALLEN
0.612,16.0,0.0,-11.148906904872796,0.0,FALLEN
0.614,16.0,0.0,-11.111805751465186,0.0,FALLEN
0.616,16.0,0.0,-11.074828062680242,0.0,FALLEN
0.618,16.0,0.0,-11.037973427654379,0.0,FALLEN
0.62,16.0,0.0,-11.00124143689127,0.0,FALLEN
0.622,16.0,0.0,-10.964631682257309,0.0,FALLEN
0.624,16.0,0.0,-10.928143756977065,0.0,FALLEN
0.626,16.0,0.0,-10.89177725562877,0.0,FALLEN
0.628,16.0,0.0,-10.85553177413982,0.0,FALLEN
0.63,16.0,0.0,-10.819406909782263,0.0,FALLEN
0.632,16.0,0.0,-10.783402261168346,0.0,FALLEN
0.634,16.0,0.0,-10.747517428246052,0.0,FALLEN
0.636,16.0,0.0,-10.71175201229464,0.0,FALLEN
0.638,16.0,0.0,-10.676105615920235,0.0,FALLEN
0.64,16.0,0.0,-10.640577843051398,0.0,FALLEN
0.642,16.0,0.0,-10.605168298934734,0.0,FALLEN
0.644,16.0,0.0,-10.569876590130496,0.0,FALLEN
0.646,16.0,0.0,-10.534702324508228,0.0,FALLEN
0.648,16.0,0.0,-10.49964511124239,0.0,FALLEN
0.65,16.0,0.0,-10.46470456080803,0.0,FALLEN
0.652,16.0,0.0,-10.429880284976454,0.0,FALLEN
0.654,16.0,0.0,-10.3951718968109,0.0,FALLEN
0.656,16.0,0.0,-10.360579010662258,0.0,FALLEN
0.658,16.0,0.0,-10.32610124216477,0.0,FALLEN
0.66,16.0,0.0,-10.291738208231761,0.0,FALLEN
0.662,16.0,0.0,-10.257489527051396,0.0,FALLEN
0.664,16.0,0.0,-10.223354818082413,0.0,FALLEN
0.666,16.0,0.0,-10.189333702049922,0.0,FALLEN
0.668,16.0,0.0,-10.15542580094117,0.0,FALLEN
0.67,16.0,0.0,-10.121630738001354,0.0,FALLEN
0.672,16.0,0.0,-10.087948137729425,0.0,FALLEN
0.674,16.0,0.0,-10.054377625873922,0.0,FALLEN
0.676,16.0,0.0,-10.020918829428812,0.0,FALLEN
0.678,16.0,0.0,-9.987571376629347,0.0,FALLEN
0.68,16.0,0.0,-9.954334896947932,0.0,FALLEN
0.682,16.0,0.0,-9.921209021090004,0.0,FALLEN
0.684,16.0,0.0,-9.888193380989936,0.0,FALLEN
0.686,16.0,0.0,-9.855287609806942,0.0,FALLEN
0.6880000000000001,16.0,0.0,-9.822491341921005,0.0,FALLEN
0.6900000000000001,16.0,0.0,-9.789804212928809,0.0,FALLEN
0.6920000000000001,16.0,0.0,-9.757225859639698,0.0,FALLEN
0.6940000000000001,16.0,0.0,-9.724755920071633,0.0,FALLEN
0.6960000000000001,16.0,0.0,-9.692394033447172,0.0,FALLEN
0.6980000000000001,16.0,0.0,-9.660139840189466,0.0,FALLEN
0.7000000000000001,16.0,0.0,-9.627992981918256,0.0,FALLEN
0.7020000000000001,16.0,0.0,-9.595953101445899,0.0,FALLEN
0.704,16.0,0.0,-9.564019842773392,0.0,FALLEN
0.706,16.0,0.0,-9.532192851086425,0.0,FALLEN
0.708,16.0,0.0,-9.500471772751425,0.0,FALLEN
0.71,16.0,0.0,-9.468856255311639,0.0,FALLEN
0.712,16.0,0.0,-9.43734594748322,0.0,FALLEN
0.714,16.0,0.0,-9.405940499151308,0.0,FALLEN
0.716,16.0,0.0,-9.374639561366156,0.0,FALLEN
0.718,16.0,0.0,-9.343442786339244,0.0,FALLEN
0.72,16.0,0.0,-9.312349827439416,0.0,FALLEN
0.722,16.0,0.0,-9.281360339189032,0.0,FALLEN
0.724,16.0,0.0,-9.250473977260127,0.0,FALLEN
0.726,16.0,0.0,-9.219690398470581,0.0,FALLEN
0.728,16.0,0.0,-9.189009260780317,0.0,FALLEN
0.73,16.0,0.0,-9.158430223287487,0.0,FALLEN
0.732,16.0,0.0,-9.127952946224696,0.0,FALLEN
0.734,16.0,0.0,-9.097577090955212,0.0,FALLEN
0.736,16.0,0.0,-9.067302319969228,0.0,FALLEN
0.738,16.0,0.0,-9.03712829688008,0.0,FALLEN
0.74,16.0,0.0,-9.007054686420542,0.0,FALLEN
0.742,16.0,0.0,-8.977081154439071,0.0,FALLEN
0.744,16.0,0.0,-8.94720736789612,0.0,FALLEN
0.746,16.0,0.0,-8.917432994860414,0.0,FALLEN
0.748,16.0,0.0,-8.887757704505283,0.0,FALLEN
0.75,16.0,0.0,-8.858181167104975,0.0,FALLEN
0.752,16.0,0.0,-8.82870305403099,0.0,FALLEN
0.754,16.0,0.0,-8.799323037748435,0.0,FALLEN
0.756,16.0,0.0,-8.770040791812383,0.0,FALLEN
0.758,16.0,0.0,-8.740855990864244,0.0,FALLEN
0.76,16.0,0.0,-8.711768310628152,0.0,FALLEN
0.762,16.0,0.0,-8.68277742790736,0.0,FALLEN
0.764,16.0,0.0,-8.653883020580654,0.0,FALLEN
0.766,16.0,0.0,-8.62508476759876,0.0,FALLEN
0.768,16.0,0.0,-8.5963823489808,0.0,FALLEN
0.77,16.0,0.0,-8.567775445810712,0.0,FALLEN
0.772,16.0,0.0,-8.539263740233723,0.0,FALLEN
0.774,16.0,0.0,-8.510846915452811,0.0,FALLEN
0.776,16.0,0.0,-8.482524655725188,0.0,FALLEN
0.778,16.0,0.0,-8.454296646358785,0.0,FALLEN
0.78,16.0,0.0,-8.426162573708762,0.0,FALLEN
0.782,16.0,0.0,-8.398122125174027,0.0,FALLEN
0.784,16.0,0.0,-8.37017498919375,0.0,FALLEN
0.786,16.0,0.0,-8.342320855243909,0.0,FALLEN
0.788,16.0,0.0,-8.314559413833841,0.0,FALLEN
0.79,16.0,0.0,-8.286890356502802,0.0,FALLEN
0.792,16.0,0.0,-8.259313375816536,0.0,FALLEN
0.794,16.0,0.0,-8.23182816536386,0.0,FALLEN
0.796,16.0,0.0,-8.204434419753268,0.0,FALLEN
0.798,16.0,0.0,-8.177131834609526,0.0,FALLEN
0.8,16.0,0.0,-8.149920106570294,0.0,FALLEN
0.802,16.0,0.0,-8.122798933282759,0.0,FALLEN
0.804,16.0,0.0,-8.095768013400274,0.0,FALLEN
0.806,16.0,0.0,-8.068827046579004,0.0,FALLEN
0.808,16.0,0.0,-8.0419757334746,0.0,FALLEN
0.81,16.0,0.0,-8.015213775738857,0.0,FALLEN
0.812,16.0,0.0,-7.988540876016417,0.0,FALLEN
0.8140000000000001,16.0,0.0,-7.961956737941453,0.0,FALLEN
0.8160000000000001,16.0,0.0,-7.935461066134378,0.0,FALLEN
0.8180000000000001,16.0,0.0,-7.909053566198568,0.0,FALLEN
0.8200000000000001,16.0,0.0,-7.882733944717084,0.0,FALLEN
0.8220000000000001,16.0,0.0,-7.856501909249418,0.0,FALLEN
0.8240000000000001,16.0,0.0,-7.830357168328239,0.0,FALLEN
0.8260000000000001,16.0,0.0,-7.804299431456155,0.0,FALLEN
0.8280000000000001,16.0,0.0,-7.778328409102489,0.0,FALLEN
0.8300000000000001,16.0,0.0,-7.75244381270006,0.0,FALLEN
0.8320000000000001,16.0,0.0,-7.726645354641973,0.0,FALLEN
0.834,16.0,0.0,-7.700932748278429,0.0,FALLEN
0.836,16.0,0.0,-7.675305707913539,0.0,FALLEN
0.838,16.0,0.0,-7.649763948802145,0.0,FALLEN
0.84,16.0,0.0,-7.624307187146661,0.0,FALLEN
0.842,16.0,0.0,-7.598935140093918,0.0,FALLEN
0.844,16.0,0.0,-7.573647525732021,0.0,FALLEN
0.846,16.0,0.0,-7.548444063087216,0.0,FALLEN
0.848,16.0,0.0,-7.5233244721207715,0.0,FALLEN
0.85,16.0,0.0,-7.498288473725862,0.0,FALLEN
0.852,16.0,0.0,-7.47333578972447,0.0,FALLEN
0.854,16.0,0.0,-7.448466142864295,0.0,FALLEN
0.856,16.0,0.0,-7.42367925681567,0.0,FALLEN
0.858,16.0,0.0,-7.398974856168495,0.0,FALLEN
0.86,16.0,0.0,-7.374352666429177,0.0,FALLEN
0.862,16.0,0.0,-7.349812414017576,0.0,FALLEN
0.864,16.0,0.0,-7.325353826263967,0.0,FALLEN
0.866,16.0,0.0,-7.300976631406015,0.0,FALLEN
0.868,16.0,0.0,-7.276680558585746,0.0,FALLEN
0.87,16.0,0.0,-7.252465337846547,0.0,FALLEN
0.872,16.0,0.0,-7.228330700130161,0.0,FALLEN
0.874,16.0,0.0,-7.204276377273696,0.0,FALLEN
0.876,16.0,0.0,-7.180302102006651,0.0,FALLEN
0.878,16.0,0.0,-7.156407607947946,0.0,FALLEN
0.88,16.0,0.0,-7.1325926296029545,0.0,FALLEN
0.882,16.0,0.0,-7.10885690236056,0.0,FALLEN
0.884,16.0,0.0,-7.085200162490218,0.0,FALLEN
0.886,16.0,0.0,-7.061622147139018,0.0,FALLEN
0.888,16.0,0.0,-7.038122594328771,0.0,FALLEN
0.89,16.0,0.0,-7.014701242953092,0.0,FALLEN
0.892,16.0,0.0,-6.991357832774501,0.0,FALLEN
0.894,16.0,0.0,-6.968092104421536,0.0,FALLEN
0.896,16.0,0.0,-6.944903799385862,0.0,FALLEN
0.898,16.0,0.0,-6.921792660019411,0.0,FALLEN
0.9,16.0,0.0,-6.898758429531504,0.0,FALLEN
0.902,16.0,0.0,-6.8758008519860105,0.0,FALLEN
0.904,16.0,0.0,-6.8529196722985,0.0,FALLEN
0.906,16.0,0.0,-6.830114636233407,0.0,FALLEN
0.908,16.0,0.0,-6.807385490401208,0.0,FALLEN
0.91,16.0,0.0,-6.784731982255604,0.0,FALLEN
0.912,16.0,0.0,-6.762153860090715,0.0,FALLEN
0.914,16.0,0.0,-6.7396508730382845,0.0,FALLEN
0.916,16.0,0.0,-6.717222771064893,0.0,FALLEN
0.918,16.0,0.0,-6.694869304969177,0.0,FALLEN
0.92,16.0,0.0,-6.672590226379059,0.0,FALLEN
0.922,16.0,0.0,-6.6503852877489935,0.0,FALLEN
0.924,16.0,0.0,-6.62825424235721,0.0,FALLEN
0.926,16.0,0.0,-6.606196844302979,0.0,FALLEN
0.928,16.0,0.0,-6.584212848503872,0.0,FALLEN
0.93,16.0,0.0,-6.562302010693042,0.0,FALLEN
0.932,16.0,0.0,-6.5404640874165105,0.0,FALLEN
0.934,16.0,0.0,-6.518698836030461,0.0,FALLEN
0.936,16.0,0.0,-6.497006014698544,0.0,FALLEN
0.9380000000000001,16.0,0.0,-6.475385382389187,0.0,FALLEN
0.9400000000000001,16.0,0.0,-6.453836698872921,0.0,FALLEN
0.9420000000000001,16.0,0.0,-6.4323597247197055,0.0,FALLEN
0.9440000000000001,16.0,0.0,-6.410954221296274,0.0,FALLEN
0.9460000000000001,16.0,0.0,-6.389619950763481,0.0,FALLEN
0.9480000000000001,16.0,0.0,-6.368356676073654,0.0,FALLEN
0.9500000000000001,16.0,0.0,-6.347164160967969,0.0,FALLEN
0.9520000000000001,16.0,0.0,-6.326042169973816,0.0,FALLEN
0.9540000000000001,16.0,0.0,-6.30499046840219,0.0,FALLEN
0.9560000000000001,16.0,0.0,-6.28400882234508,0.0,FALLEN
0.9580000000000001,16.0,0.0,-6.263096998672867,0.0,FALLEN
0.96,16.0,0.0,-6.242254765031742,0.0,FALLEN
0.962,16.0,0.0,-6.221481889841115,0.0,FALLEN
0.964,16.0,0.0,-6.200778142291049,0.0,FALLEN
0.966,16.0,0.0,-6.180143292339691,0.0,FALLEN
0.968,16.0,0.0,-6.1595771107107185,0.0,FALLEN
0.97,16.0,0.0,-6.139079368890791,0.0,FALLEN
0.972,16.0,0.0,-6.11864983912701,0.0,FALLEN
0.974,16.0,0.0,-6.098288294424391,0.0,FALLEN
0.976,16.0,0.0,-6.077994508543338,0.0,FALLEN
0.978,16.0,0.0,-6.057768255997132,0.0,FALLEN
0.98,16.0,0.0,-6.037609312049428,0.0,FALLEN
0.982,16.0,0.0,-6.01751745271175,0.0,FALLEN
0.984,16.0,0.0,-5.9974924547410104,0.0,FALLEN
0.986,16.0,0.0,-5.977534095637027,0.0,FALLEN
0.988,16.0,0.0,-5.957642153640046,0.0,FALLEN
0.99,16.0,0.0,-5.937816407728288,0.0,FALLEN
0.992,16.0,0.0,-5.918056637615482,0.0,FALLEN
0.994,16.0,0.0,-5.898362623748425,0.0,FALLEN
0.996,16.0,0.0,-5.8787341473045345,0.0,FALLEN
0.998,16.0,0.0,-5.859170990189429,0.0,FALLEN
1.0,16.0,0.0,-5.839672935034494,0.0,FALLEN
1.002,16.0,0.0,-5.820239765194471,0.0,FALLEN
1.004,16.0,0.0,-5.8008712647450515,0.0,FALLEN
1.006,16.0,0.0,-5.781567218480476,0.0,FALLEN
1.008,16.0,0.0,-5.762327411911143,0.0,FALLEN
1.01,16.0,0.0,-5.743151631261225,0.0,FALLEN
1.012,16.0,0.0,-5.724039663466295,0.0,FALLEN
1.014,16.0,0.0,-5.7049912961709595,0.0,FALLEN
1.016,16.0,0.0,-5.6860063177264974,0.0,FALLEN
1.018,16.0,0.0,-5.667084517188507,0.0,FALLEN
1.02,16.0,0.0,-5.648225684314568,0.0,FALLEN
1.022,16.0,0.0,-5.629429609561896,0.0,FALLEN
1.024,16.0,0.0,-5.610696084085023,0.0,FALLEN
1.026,16.0,0.0,-5.592024899733476,0.0,FALLEN
1.028,16.0,0.0,-5.573415849049455,0.0,FALLEN
1.03,16.0,0.0,-5.554868725265543,0.0,FALLEN
1.032,16.0,0.0,-5.536383322302393,0.0,FALLEN
1.034,16.0,0.0,-5.517959434766448,0.0,FALLEN
1.036,16.0,0.0,-5.49959685794766,0.0,FALLEN
1.038,16.0,0.0,-5.481295387817206,0.0,FALLEN
1.04,16.0,0.0,-5.463054821025231,0.0,FALLEN
1.042,16.0,0.0,-5.444874954898583,0.0,FALLEN
1.044,16.0,0.0,-5.426755587438562,0.0,FALLEN
1.046,16.0,0.0,-5.408696517318676,0.0,FALLEN
1.048,16.0,0.0,-5.390697543882406,0.0,FALLEN
1.05,16.0,0.0,-5.372758467140972,0.0,FALLEN
1.052,16.0,0.0,-5.354879087771114,0.0,FALLEN
1.054,16.0,0.0,-5.33705920711288,0.0,FALLEN
1.056,16.0,0.0,-5.319298627167409,0.0,FALLEN
1.058,16.0,0.0,-5.301597150594744,0.0,FALLEN
1.06,16.0,0.0,-5.283954580711628,0.0,FALLEN
1.062,16.0,0.0,-5.266370721489326,0.0,FALLEN
1.064,16.0,0.0,-5.248845377551443,0.0,FALLEN
1.066,16.0,0.0,-5.231378354171756,0.0,FALLEN
1.068,16.0,0.0,-5.2139694572720465,0.0,FALLEN
1.07,16.0,0.0,-5.196618493419949,0.0,FALLEN
1.072,16.0,0.0,-5.179325269826798,0.0,FALLEN
1.074,16.0,0.0,-5.162089594345484,0.0,FALLEN
1.076,16.0,0.0,-5.144911275468327,0.0,FALLEN
1.078,16.0,0.0,-5.127790122324939,0.0,FALLEN
1.08,16.0,0.0,-5.11072594468011,0.0,FALLEN
1.082,16.0,0.0,-5.09371855293169,0.0,FALLEN
1.084,16.0,0.0,-5.076767758108484,0.0,FALLEN
1.086,16.0,0.0,-5.059873371868155,0.0,FALLEN
1.088,16.0,0.0,-5.043035206495124,0.0,FALLEN
1.09,16.0,0.0,-5.026253074898492,0.0,FALLEN
1.092,16.0,0.0,-5.00952679060996,0.0,FALLEN
1.094,16.0,0.0,-4.99285616778175,0.0,FALLEN
1.096,16.0,0.0,-4.976241021184548,0.0,FALLEN
1.098,16.0,0.0,-4.959681166205445,0.0,FALLEN
1.1,16.0,0.0,-4.943176418845881,0.0,FALLEN
1.102,16.0,0.0,-4.926726595719604,0.0,FALLEN
1.104,16.0,0.0,-4.910331514050632,0.0,FALLEN
1.106,16.0,0.0,-4.893990991671224,0.0,FALLEN
1.108,16.0,0.0,-4.877704847019849,0.0,FALLEN
1.11,16.0,0.0,-4.861472899139179,0.0,FALLEN
1.112,16.0,0.0,-4.8452949676740715,0.0,FALLEN
1.114,16.0,0.0,-4.829170872869564,0.0,FALLEN
1.116,16.0,0.0,-4.813100435568882,0.0,FALLEN
1.118,16.0,0.0,-4.797083477211445,0.0,FALLEN
1.12,16.0,0.0,-4.781119819830885,0.0,FALLEN
1.122,16.0,0.0,-4.765209286053069,0.0,FALLEN
1.124,16.0,0.0,-4.749351699094121,0.0,FALLEN
1.1260000000000001,16.0,0.0,-4.7335468827584695,0.0,FALLEN
1.1280000000000001,16.0,0.0,-4.717794661436881,0.0,FALLEN
1.1300000000000001,16.0,0.0,-4.702094860104512,0.0,FALLEN
1.1320000000000001,16.0,0.0,-4.686447304318964,0.0,FALLEN
1.1340000000000001,16.0,0.0,-4.670851820218345,0.0,FALLEN
1.1360000000000001,16.0,0.0,-4.655308234519337,0.0,FALLEN
1.1380000000000001,16.0,0.0,-4.6398163745152745,0.0,FALLEN
1.1400000000000001,16.0,0.0,-4.624376068074219,0.0,FALLEN
1.1420000000000001,16.0,0.0,-4.608987143637051,0.0,FALLEN
1.1440000000000001,16.0,0.0,-4.593649430215563,0.0,FALLEN
1.1460000000000001,16.0,0.0,-4.578362757390559,0.0,FALLEN
1.1480000000000001,16.0,0.0,-4.563126955309962,0.0,FALLEN
1.1500000000000001,16.0,0.0,-4.5479418546869255,0.0,FALLEN
1.1520000000000001,16.0,0.0,-4.5328072867979525,0.0,FALLEN
1.154,16.0,0.0,-4.517723083481022,0.0,FALLEN
1.156,16.0,0.0,-4.502689077133721,0.0,FALLEN
1.158,16.0,0.0,-4.487705100711377,0.0,FALLEN
1.16,16.0,0.0,-4.4727709877252115,0.0,FALLEN
1.162,16.0,0.0,-4.457886572240481,0.0,FALLEN
1.164,16.0,0.0,-4.443051688874639,0.0,FALLEN
1.166,16.0,0.0,-4.428266172795493,0.0,FALLEN
1.168,16.0,0.0,-4.413529859719382,0.0,FALLEN
1.17,16.0,0.0,-4.398842585909342,0.0,FALLEN
1.172,16.0,0.0,-4.384204188173289,0.0,FALLEN
1.174,16.0,0.0,-4.369614503862209,0.0,FALLEN
1.176,16.0,0.0,-4.355073370868349,0.0,FALLEN
1.178,16.0,0.0,-4.340580627623416,0.0,FALLEN
1.18,16.0,0.0,-4.326136113096778,0.0,FALLEN
1.182,16.0,0.0,-4.311739666793684,0.0,FALLEN
1.184,16.0,0.0,-4.297391128753467,0.0,FALLEN
1.186,16.0,0.0,-4.283090339547782,0.0,FALLEN
1.188,16.0,0.0,-4.268837140278824,0.0,FALLEN
1.19,16.0,0.0,-4.254631372577563,0.0,FALLEN
1.192,16.0,0.0,-4.240472878601993,0.0,FALLEN
1.194,16.0,0.0,-4.226361501035367,0.0,FALLEN
1.196,16.0,0.0,-4.212297083084454,0.0,FALLEN
1.198,16.0,0.0,-4.198279468477803,0.0,FALLEN
1.2,16.0,0.0,-4.184308501463992,0.0,FALLEN
1.202,16.0,0.0,-4.170384026809913,0.0,FALLEN
1.204,16.0,0.0,-4.156505889799037,0.0,FALLEN
1.206,16.0,0.0,-4.1426739362296985,0.0,FALLEN
1.208,16.0,0.0,-4.128888012413383,0.0,FALLEN
1.21,16.0,0.0,-4.1151479651730165,0.0,FALLEN
1.212,16.0,0.0,-4.1014536418412675,0.0,FALLEN
1.214,16.0,0.0,-4.0878048902588455,0.0,FALLEN
1.216,16.0,0.0,-4.074201558772815,0.0,FALLEN
1.218,16.0,0.0,-4.060643496234909,0.0,FALLEN
1.22,16.0,0.0,-4.047130551999848,0.0,FALLEN
1.222,16.0,0.0,-4.033662575923668,0.0,FALLEN
1.224,16.0,0.0,-4.020239418362053,0.0,FALLEN
1.226,16.0,0.0,-4.006860930168669,0.0,FALLEN
1.228,16.0,0.0,-3.9935269626935095,0.0,FALLEN
1.23,16.0,0.0,-3.9802373677812435,0.0,FALLEN
1.232,16.0,0.0,-3.9669919977695685,0.0,FALLEN
1.234,16.0,0.0,-3.9537907054875703,0.0,FALLEN
1.236,16.0,0.0,-3.9406333442540875,0.0,FALLEN
1.238,16.0,0.0,-3.927519767876082,0.0,FALLEN
1.24,16.0,0.0,-3.914449830647015,0.0,FALLEN
1.242,16.0,0.0,-3.9014233873452273,0.0,FALLEN
1.244,16.0,0.0,-3.888440293232326,0.0,FALLEN
1.246,16.0,0.0,-3.875500404051576,0.0,FALLEN
1.248,16.0,0.0,-3.8626035760262982,0.0,FALLEN
1.25,16.0,0.0,-3.8497496658582704,0.0,FALLEN
1.252,16.0,0.0,-3.8369385307261363,0.0,FALLEN
1.254,16.0,0.0,-3.824170028283818,0.0,FALLEN
1.256,16.0,0.0,-3.811444016658935,0.0,FALLEN
1.258,16.0,0.0,-3.798760354451227,0.0,FALLEN
1.26,16.0,0.0,-3.786118900730984,0.0,FALLEN
1.262,16.0,0.0,-3.7735195150374787,0.0,FALLEN
1.264,16.0,0.0,-3.7609620573774065,0.0,FALLEN
1.266,16.0,0.0,-3.748446388223332,0.0,FALLEN
1.268,16.0,0.0,-3.735972368512135,0.0,FALLEN
1.27,16.0,0.0,-3.723539859643469,0.0,FALLEN
1.272,16.0,0.0,-3.711148723478218,0.0,FALLEN
1.274,16.0,0.0,-3.6987988223369634,0.0,FALLEN
1.276,16.0,0.0,-3.686490018998455,0.0,FALLEN
1.278,16.0,0.0,-3.6742221766980845,0.0,FALLEN
1.28,16.0,0.0,-3.661995159126367,0.0,FALLEN
1.282,16.0,0.0,-3.6498088304274248,0.0,FALLEN
1.284,16.0,0.0,-3.637663055197482,0.0,FALLEN
1.286,16.0,0.0,-3.6255576984833544,0.0,FALLEN
1.288,16.0,0.0,-3.613492625780954,0.0,FALLEN
1.29,16.0,0.0,-3.6014677030337943,0.0,FALLEN
1.292,16.0,0.0,-3.5894827966314984,0.0,FALLEN
1.294,16.0,0.0,-3.577537773408315,0.0,FALLEN
1.296,16.0,0.0,-3.5656325006416427,0.0,FALLEN
1.298,16.0,0.0,-3.55376684605055,0.0,FALLEN
1.3,16.0,0.0,-3.5419406777943077,0.0,FALLEN
1.302,16.0,0.0,-3.5301538644709254,0.0,FALLEN
1.304,16.0,0.0,-3.5184062751156886,0.0,FALLEN
1.306,16.0,0.0,-3.5066977791997065,0.0,FALLEN
1.308,16.0,0.0,-3.495028246628459,0.0,FALLEN
1.31,16.0,0.0,-3.483397547740353,0.0,FALLEN
1.312,16.0,0.0,-3.471805553305282,0.0,FALLEN
1.314,16.0,0.0,-3.460252134523188,0.0,FALLEN
1.316,16.0,0.0,-3.448737163022632,0.0,FALLEN
1.318,16.0,0.0,-3.437260510859368,0.0,FALLEN
1.32,16.0,0.0,-3.4258220505149213,0.0,FALLEN
1.322,16.0,0.0,-3.414421654895169,0.0,FALLEN
1.324,16.0,0.0,-3.403059197328933,0.0,FALLEN
1.326,16.0,0.0,-3.3917345515665667,0.0,FALLEN
1.328,16.0,0.0,-3.3804475917785566,0.0,FALLEN
1.33,16.0,0.0,-3.369198192554122,0.0,FALLEN
1.332,16.0,0.0,-3.357986228899823,0.0,FALLEN
1.334,16.0,0.0,-3.34681157623817,0.0,FALLEN
1.336,16.0,0.0,-3.33567411040624,0.0,FALLEN
1.338,16.0,0.0,-3.3245737076542996,0.0,FALLEN
1.34,16.0,0.0,-3.313510244644425,0.0,FALLEN
1.342,16.0,0.0,-3.3024835984491365,0.0,FALLEN
1.344,16.0,0.0,-3.2914936465500286,0.0,FALLEN
1.346,16.0,0.0,-3.280540266836412,0.0,FALLEN
1.348,16.0,0.0,-3.269623337603955,0.0,FALLEN
1.35,16.0,0.0,-3.2587427375533324,0.0,FALLEN
1.352,16.0,0.0,-3.247898345788875,0.0,FALLEN
1.354,16.0,0.0,-3.2370900418172295,0.0,FALLEN
1.356,16.0,0.0,-3.2263177055460193,0.0,FALLEN
1.358,16.0,0.0,-3.215581217282507,0.0,FALLEN
1.36,16.0,0.0,-3.2048804577322687,0.0,FALLEN
1.362,16.0,0.0,-3.194215307997866,0.0,FALLEN
1.364,16.0,0.0,-3.1835856495775263,0.0,FALLEN
1.366,16.0,0.0,-3.172991364363823,0.0,FALLEN
1.368,16.0,0.0,-3.1624323346423675,0.0,FALLEN
1.37,16.0,0.0,-3.1519084430904996,0.0,FALLEN
1.372,16.0,0.0,-3.1414195727759813,0.0,FALLEN
1.374,16.0,0.0,-3.130965607155702,0.0,FALLEN
1.3760000000000001,16.0,0.0,-3.12054643007438,0.0,FALLEN
1.3780000000000001,16.0,0.0,-3.1101619257632747,0.0,FALLEN
1.3800000000000001,16.0,0.0,-3.0998119788388974,0.0,FALLEN
1.3820000000000001,16.0,0.0,-3.0894964743017317,0.0,FALLEN
1.3840000000000001,16.0,0.0,-3.079215297534954,0.0,FALLEN
1.3860000000000001,16.0,0.0,-3.0689683343031615,0.0,FALLEN
1.3880000000000001,16.0,0.0,-3.0587554707511018,0.0,FALLEN
1.3900000000000001,16.0,0.0,-3.0485765934024083,0.0,FALLEN
1.3920000000000001,16.0,0.0,-3.038431589158338,0.0,FALLEN
1.3940000000000001,16.0,0.0,-3.0283203452965184,0.0,FALLEN
1.3960000000000001,16.0,0.0,-3.018242749469691,0.0,FALLEN
1.3980000000000001,16.0,0.0,-3.008198689704465,0.0,FALLEN
1.4000000000000001,16.0,0.0,-2.9981880544000723,0.0,FALLEN
1.4020000000000001,16.0,0.0,-2.9882107323271296,0.0,FALLEN
1.4040000000000001,16.0,0.0,-2.978266612626401,0.0,FALLEN
1.4060000000000001,16.0,0.0,-2.968355584807564,0.0,FALLEN
1.408,16.0,0.0,-2.9584775387479856,0.0,FALLEN
1.41,16.0,0.0,-2.948632364691497,0.0,FALLEN
1.412,16.0,0.0,-2.9388199532471733,0.0,FALLEN
1.414,16.0,0.0,-2.929040195388121,0.0,FALLEN
1.416,16.0,0.0,-2.9192929824502625,0.0,FALLEN
1.418,16.0,0.0,-2.9095782061311315,0.0,FALLEN
1.42,16.0,0.0,-2.8998957584886695,0.0,FALLEN
1.422,16.0,0.0,-2.890245531940025,0.0,FALLEN
1.424,16.0,0.0,-2.8806274192603594,0.0,FALLEN
1.426,16.0,0.0,-2.8710413135816544,0.0,FALLEN
1.428,16.0,0.0,-2.8614871083915268,0.0,FALLEN
1.43,16.0,0.0,-2.851964697532043,0.0,FALLEN
1.432,16.0,0.0,-2.8424739751985393,0.0,FALLEN
1.434,16.0,0.0,-2.8330148359384477,0.0,FALLEN
1.436,16.0,0.0,-2.823587174650124,0.0,FALLEN
1.438,16.0,0.0,-2.814190886581679,0.0,FALLEN
1.44,16.0,0.0,-2.804825867329815,0.0,FALLEN
1.442,16.0,0.0,-2.795492012838667,0.0,FALLEN
1.444,16.0,0.0,-2.7861892193986435,0.0,FALLEN
1.446,16.0,0.0,-2.776917383645278,0.0,FALLEN
1.448,16.0,0.0,-2.767676402558078,0.0,FALLEN
1.45,16.0,0.0,-2.7584661734593796,0.0,FALLEN
1.452,16.0,0.0,-2.7492865940132103,0.0,FALLEN
1.454,16.0,0.0,-2.7401375622241484,0.0,FALLEN
1.456,16.0,0.0,-2.7310189764361903,0.0,FALLEN
1.458,16.0,0.0,-2.7219307353316236,0.0,FALLEN
1.46,16.0,0.0,-2.712872737929897,0.0,FALLEN
1.462,16.0,0.0,-2.703844883586502,0.0,FALLEN
1.464,16.0,0.0,-2.694847071991853,0.0,FALLEN
1.466,16.0,0.0,-2.685879203170173,0.0,FALLEN
1.468,16.0,0.0,-2.676941177478383,0.0,FALLEN
1.47,16.0,0.0,-2.668032895604994,0.0,FALLEN
1.472,16.0,0.0,-2.6591542585690053,0.0,FALLEN
1.474,16.0,0.0,-2.6503051677188023,0.0,FALLEN
1.476,16.0,0.0,-2.641485524731063,0.0,FALLEN
1.478,16.0,0.0,-2.6326952316096626,0.0,FALLEN
1.48,16.0,0.0,-2.6239341906845883,0.0,FALLEN
1.482,16.0,0.0,-2.6152023046108495,0.0,FALLEN
1.484,16.0,0.0,-2.6064994763674005,0.0,FALLEN
1.486,16.0,0.0,-2.597825609256061,0.0,FALLEN
1.488,16.0,0.0,-2.5891806069004395,0.0,FALLEN
1.49,16.0,0.0,-2.5805643732448655,0.0,FALLEN
1.492,16.0,0.0,-2.571976812553321,0.0,FALLEN
1.494,16.0,0.0,-2.5634178294083765,0.0,FALLEN
1.496,16.0,0.0,-2.5548873287101315,0.0,FALLEN
1.498,16.0,0.0,-2.546385215675157,0.0,FALLEN
1.5,16.0,0.0,-2.5379113958354433,0.0,FALLEN
1.502,16.0,0.0,-2.529465775037348,0.0,FALLEN
1.504,16.0,0.0,-2.521048259440555,0.0,FALLEN
1.506,16.0,0.0,-2.5126587555170254,0.0,FALLEN
1.508,16.0,0.0,-2.504297170049963,0.0,FALLEN
1.51,16.0,0.0,-2.495963410132777,0.0,FALLEN
1.512,16.0,0.0,-2.4876573831680484,0.0,FALLEN
1.514,16.0,0.0,-2.4793789968665036,0.0,FALLEN
1.516,16.0,0.0,-2.471128159245988,0.0,FALLEN
1.518,16.0,0.0,-2.4629047786304423,0.0,FALLEN
1.52,16.0,0.0,-2.4547087636488865,0.0,FALLEN
1.522,16.0,0.0,-2.446540023234403,0.0,FALLEN
1.524,16.0,0.0,-2.438398466623126,0.0,FALLEN
1.526,16.0,0.0,-2.430284003353231,0.0,FALLEN
1.528,16.0,0.0,-2.422196543263931,0.0,FALLEN
1.53,16.0,0.0,-2.414135996494477,0.0,FALLEN
1.532,16.0,0.0,-2.4061022734831536,0.0,FALLEN
1.534,16.0,0.0,-2.3980952849662898,0.0,FALLEN
1.536,16.0,0.0,-2.390114941977264,0.0,FALLEN
1.538,16.0,0.0,-2.382161155845516,0.0,FALLEN
1.54,16.0,0.0,-2.374233838195563,0.0,FALLEN
1.542,16.0,0.0,-2.366332900946017,0.0,FALLEN
1.544,16.0,0.0,-2.3584582563086034,0.0,FALLEN
1.546,16.0,0.0,-2.3506098167871907,0.0,FALLEN
1.548,16.0,0.0,-2.342787495176814,0.0,FALLEN
1.55,16.0,0.0,-2.3349912045627095,0.0,FALLEN
1.552,16.0,0.0,-2.3272208583193446,0.0,FALLEN
1.554,16.0,0.0,-2.319476370109459,0.0,FALLEN
1.556,16.0,0.0,-2.311757653883104,0.0,FALLEN
1.558,16.0,0.0,-2.304064623876687,0.0,FALLEN
1.56,16.0,0.0,-2.2963971946120174,0.0,FALLEN
1.562,16.0,0.0,-2.2887552808953577,0.0,FALLEN
1.564,16.0,0.0,-2.2811387978164768,0.0,FALLEN
1.566,16.0,0.0,-2.2735476607477074,0.0,FALLEN
1.568,16.0,0.0,-2.2659817853430027,0.0,FALLEN
1.57,16.0,0.0,-2.2584410875370033,0.0,FALLEN
1.572,16.0,0.0,-2.250925483544101,0.0,FALLEN
1.574,16.0,0.0,-2.243434889857506,0.0,FALLEN
1.576,16.0,0.0,-2.2359692232483237,0.0,FALLEN
1.578,16.0,0.0,-2.2285284007646253,0.0,FALLEN
1.58,16.0,0.0,-2.2211123397305297,0.0,FALLEN
1.582,16.0,0.0,-2.213720957745282,0.0,FALLEN
1.584,16.0,0.0,-2.2063541726823397,0.0,FALLEN
1.586,16.0,0.0,-2.199011902688459,0.0,FALLEN
1.588,16.0,0.0,-2.191694066182788,0.0,FALLEN
1.59,16.0,0.0,-2.184400581855956,0.0,FALLEN
1.592,16.0,0.0,-2.177131368669173,0.0,FALLEN
1.594,16.0,0.0,-2.16988634585333,0.0,FALLEN
1.596,16.0,0.0,-2.1626654329080974,0.0,FALLEN
1.598,16.0,0.0,-2.1554685496010357,0.0,FALLEN
1.6,16.0,0.0,-2.1482956159667013,0.0,FALLEN
1.602,16.0,0.0,-2.1411465523057567,0.0,FALLEN
1.604,16.0,0.0,-2.134021279184088,0.0,FALLEN
1.606,16.0,0.0,-2.126919717431921,0.0,FALLEN
1.608,16.0,0.0,-2.1198417881429408,0.0,FALLEN
1.61,16.0,0.0,-2.112787412673415,0.0,FALLEN
1.612,16.0,0.0,-2.1057565126413227,0.0,FALLEN
1.614,16.0,0.0,-2.098749009925479,0.0,FALLEN
1.616,16.0,0.0,-2.0917648266646713,0.0,FALLEN
1.618,16.0,0.0,-2.084803885256791,0.0,FALLEN
1.62,16.0,0.0,-2.077866108357973,0.0,FALLEN
1.622,16.0,0.0,-2.0709514188817364,0.0,FALLEN
1.624,16.0,0.0,-2.0640597399981266,0.0,FALLEN
1.6260000000000001,16.0,0.0,-2.057190995132863,0.0,FALLEN
1.6280000000000001,16.0,0.0,-2.050345107966488,0.0,FALLEN
1.6300000000000001,16.0,0.0,-2.0435220024335177,0.0,FALLEN
1.6320000000000001,16.0,0.0,-2.036721602721598,0.0,FALLEN
1.6340000000000001,16.0,0.0,-2.0299438332706625,0.0,FALLEN
1.6360000000000001,16.0,0.0,-2.023188618772092,0.0,FALLEN
1.6380000000000001,16.0,0.0,-2.016455884167878,0.0,FALLEN
1.6400000000000001,16.0,0.0,-2.0097455546497893,0.0,FALLEN
1.6420000000000001,16.0,0.0,-2.0030575556585393,0.0,FALLEN
1.6440000000000001,16.0,0.0,-1.9963918128829599,0.0,FALLEN
1.6460000000000001,16.0,0.0,-1.9897482522591736,0.0,FALLEN
1.6480000000000001,16.0,0.0,-1.983126799969772,0.0,FALLEN
1.6500000000000001,16.0,0.0,-1.9765273824429948,0.0,FALLEN
1.6520000000000001,16.0,0.0,-1.969949926351913,0.0,FALLEN
1.6540000000000001,16.0,0.0,-1.9633943586136127,0.0,FALLEN
1.6560000000000001,16.0,0.0,-1.9568606063883855,0.0,FALLEN
1.6580000000000001,16.0,0.0,-1.9503485970789172,0.0,FALLEN
1.6600000000000001,16.0,0.0,-1.943858258329482,0.0,FALLEN
1.6620000000000001,16.0,0.0,-1.9373895180251375,0.0,FALLEN
1.6640000000000001,16.0,0.0,-1.9309423042909253,0.0,FALLEN
1.666,16.0,0.0,-1.9245165454910709,0.0,FALLEN
1.668,16.0,0.0,-1.918112170228188,0.0,FALLEN
1.67,16.0,0.0,-1.9117291073424858,0.0,FALLEN
1.672,16.0,0.0,-1.9053672859109776,0.0,FALLEN
1.674,16.0,0.0,-1.8990266352466931,0.0,FALLEN
1.676,16.0,0.0,-1.892707084897893,0.0,FALLEN
1.678,16.0,0.0,-1.8864085646472863,0.0,FALLEN
1.68,16.0,0.0,-1.8801310045112498,0.0,FALLEN
1.682,16.0,0.0,-1.873874334739051,0.0,FALLEN
1.684,16.0,0.0,-1.867638485812072,0.0,FALLEN
1.686,16.0,0.0,-1.8614233884430387,0.0,FALLEN
1.688,16.0,0.0,-1.8552289735752494,0.0,FALLEN
1.69,16.0,0.0,-1.8490551723818087,0.0,FALLEN
1.692,16.0,0.0,-1.8429019162648623,0.0,FALLEN
1.694,16.0,0.0,-1.8367691368548342,0.0,FALLEN
1.696,16.0,0.0,-1.830656766009668,0.0,FALLEN
1.698,16.0,0.0,-1.824564735814069,0.0,FALLEN
1.7,16.0,0.0,-1.8184929785787505,0.0,FALLEN
1.702,16.0,0.0,-1.8124414268396805,0.0,FALLEN
1.704,16.0,0.0,-1.8064100133573326,0.0,FALLEN
1.706,16.0,0.0,-1.8003986711159399,0.0,FALLEN
1.708,16.0,0.0,-1.7944073333227488,0.0,FALLEN
1.71,16.0,0.0,-1.788435933407278,0.0,FALLEN
1.712,16.0,0.0,-1.7824844050205777,0.0,FALLEN
1.714,16.0,0.0,-1.7765526820344937,0.0,FALLEN
1.716,16.0,0.0,-1.770640698540932,0.0,FALLEN
1.718,16.0,0.0,-1.764748388851126,0.0,FALLEN
1.72,16.0,0.0,-1.7588756874949072,0.0,FALLEN
1.722,16.0,0.0,-1.7530225292199784,0.0,FALLEN
1.724,16.0,0.0,-1.7471888489911873,0.0,FALLEN
1.726,16.0,0.0,-1.7413745819898045,0.0,FALLEN
1.728,16.0,0.0,-1.7355796636128038,0.0,FALLEN
1.73,16.0,0.0,-1.7298040294721433,0.0,FALLEN
1.732,16.0,0.0,-1.7240476153940512,0.0,FALLEN
1.734,16.0,0.0,-1.7183103574183114,0.0,FALLEN
1.736,16.0,0.0,-1.7125921917975542,0.0,FALLEN
1.738,16.0,0.0,-1.7068930549965475,0.0,FALLEN
1.74,16.0,0.0,-1.7012128836914902,0.0,FALLEN
1.742,16.0,0.0,-1.6955516147693093,0.0,FALLEN
1.744,16.0,0.0,-1.6899091853269586,0.0,FALLEN
1.746,16.0,0.0,-1.6842855326707196,0.0,FALLEN
1.748,16.0,0.0,-1.6786805943155052,0.0,FALLEN
1.75,16.0,0.0,-1.6730943079841647,0.0,FALLEN
1.752,16.0,0.0,-1.6675266116067922,0.0,FALLEN
1.754,16.0,0.0,-1.6619774433200378,0.0,FALLEN
1.756,16.0,0.0,-1.6564467414664188,0.0,FALLEN
1.758,16.0,0.0,-1.6509344445936354,0.0,FALLEN
1.76,16.0,0.0,-1.6454404914538878,0.0,FALLEN
1.762,16.0,0.0,-1.639964821003196,0.0,FALLEN
1.764,16.0,0.0,-1.6345073724007206,0.0,FALLEN
1.766,16.0,0.0,-1.6290680850080879,0.0,FALLEN
1.768,16.0,0.0,-1.6236468983887151,0.0,FALLEN
1.77,16.0,0.0,-1.6182437523071396,0.0,FALLEN
1.772,16.0,0.0,-1.6128585867283494,0.0,FALLEN
1.774,16.0,0.0,-1.6074913418171162,0.0,FALLEN
1.776,16.0,0.0,-1.60214195793733,0.0,FALLEN
1.778,16.0,0.0,-1.596810375651337,0.0,FALLEN
1.78,16.0,0.0,-1.5914965357192794,0.0,FALLEN
1.782,16.0,0.0,-1.5862003790984365,0.0,FALLEN
1.784,16.0,0.0,-1.5809218469425692,0.0,FALLEN
1.786,16.0,0.0,-1.5756608806012657,0.0,FALLEN
1.788,16.0,0.0,-1.5704174216192908,0.0,FALLEN
1.79,16.0,0.0,-1.5651914117359345,0.0,FALLEN
1.792,16.0,0.0,-1.559982792884367,0.0,FALLEN
1.794,16.0,0.0,-1.554791507190992,0.0,FALLEN
1.796,16.0,0.0,-1.5496174969748036,0.0,FALLEN
1.798,16.0,0.0,-1.5444607047467465,0.0,FALLEN
1.8,16.0,0.0,-1.5393210732090759,0.0,FALLEN
1.802,16.0,0.0,-1.5341985452547222,0.0,FALLEN
1.804,16.0,0.0,-1.5290930639666551,0.0,FALLEN
1.806,16.0,0.0,-1.5240045726172522,0.0,FALLEN
1.808,16.0,0.0,-1.518933014667669,0.0,FALLEN
1.81,16.0,0.0,-1.5138783337672086,0.0,FALLEN
1.812,16.0,0.0,-1.5088404737526984,0.0,FALLEN
1.814,16.0,0.0,-1.503819378647864,0.0,FALLEN
1.816,16.0,0.0,-1.498814992662708,0.0,FALLEN
1.818,16.0,0.0,-1.4938272601928904,0.0,FALLEN
1.82,16.0,0.0,-1.4888561258191102,0.0,FALLEN
1.822,16.0,0.0,-1.4839015343064899,0.0,FALLEN
1.824,16.0,0.0,-1.4789634306039616,0.0,FALLEN
1.826,16.0,0.0,-1.4740417598436557,0.0,FALLEN
1.828,16.0,0.0,-1.469136467340291,0.0,FALLEN
1.83,16.0,0.0,-1.4642474985905667,0.0,FALLEN
1.832,16.0,0.0,-1.4593747992725576,0.0,FALLEN
1.834,16.0,0.0,-1.4545183152451102,0.0,FALLEN
1.836,16.0,0.0,-1.449677992547241,0.0,FALLEN
1.838,16.0,0.0,-1.4448537773975365,0.0,FALLEN
1.84,16.0,0.0,-1.4400456161935564,0.0,FALLEN
1.842,16.0,0.0,-1.4352534555112384,0.0,FALLEN
1.844,16.0,0.0,-1.430477242104303,0.0,FALLEN
1.846,16.0,0.0,-1.4257169229036637,0.0,FALLEN
1.848,16.0,0.0,-1.4209724450168353,0.0,FALLEN
1.85,16.0,0.0,-1.4162437557273482,0.0,FALLEN
1.852,16.0,0.0,-1.411530802494162,0.0,FALLEN
1.854,16.0,0.0,-1.4068335329510808,0.0,FALLEN
1.856,16.0,0.0,-1.4021518949061729,0.0,FALLEN
1.858,16.0,0.0,-1.3974858363411893,0.0,FALLEN
1.86,16.0,0.0,-1.3928353054109868,0.0,FALLEN
1.862,16.0,0.0,-1.3882002504429516,0.0,FALLEN
1.864,16.0,0.0,-1.3835806199364258,0.0,FALLEN
1.866,16.0,0.0,-1.3789763625621334,0.0,FALLEN
1.868,16.0,0.0,-1.374387427161612,0.0,FALLEN
1.87,16.0,0.0,-1.3698137627466433,0.0,FALLEN
1.872,16.0,0.0,-1.3652553184986866,0.0,FALLEN
1.874,16.0,0.0,-1.3607120437683147,0.0,FALLEN
1.8760000000000001,16.0,0.0,-1.3561838880746506,0.0,FALLEN
1.8780000000000001,16.0,0.0,-1.3516708011048062,0.0,FALLEN
1.8800000000000001,16.0,0.0,-1.3471727327133245,0.0,FALLEN
1.8820000000000001,16.0,0.0,-1.3426896329216218,0.0,FALLEN
1.8840000000000001,16.0,0.0,-1.3382214519174318,0.0,FALLEN
1.8860000000000001,16.0,0.0,-1.333768140054253,0.0,FALLEN
1.8880000000000001,16.0,0.0,-1.3293296478507968,0.0,FALLEN
1.8900000000000001,16.0,0.0,-1.3249059259904372,0.0,FALLEN
1.8920000000000001,16.0,0.0,-1.3204969253206638,0.0,FALLEN
1.8940000000000001,16.0,0.0,-1.316102596852535,0.0,FALLEN
1.8960000000000001,16.0,0.0,-1.3117228917601336,0.0,FALLEN
1.8980000000000001,16.0,0.0,-1.3073577613800245,0.0,FALLEN
1.9000000000000001,16.0,0.0,-1.3030071572107143,0.0,FALLEN
1.9020000000000001,16.0,0.0,-1.2986710309121117,0.0,FALLEN
1.9040000000000001,16.0,0.0,-1.2943493343049914,0.0,FALLEN
1.9060000000000001,16.0,0.0,-1.2900420193704571,0.0,FALLEN
1.9080000000000001,16.0,0.0,-1.2857490382494103,0.0,FALLEN
1.9100000000000001,16.0,0.0,-1.2814703432420163,0.0,FALLEN
1.9120000000000001,16.0,0.0,-1.2772058868071754,0.0,FALLEN
1.9140000000000001,16.0,0.0,-1.2729556215619946,0.0,FALLEN
1.9160000000000001,16.0,0.0,-1.2687195002812608,0.0,FALLEN
1.9180000000000001,16.0,0.0,-1.2644974758969159,0.0,FALLEN
1.92,16.0,0.0,-1.2602895014975346,0.0,FALLEN
1.922,16.0,0.0,-1.2560955303278027,0.0,FALLEN
1.924,16.0,0.0,-1.251915515787997,0.0,FALLEN
1.926,16.0,0.0,-1.247749411433469,0.0,FALLEN
1.928,16.0,0.0,-1.243597170974127,0.0,FALLEN
1.93,16.0,0.0,-1.2394587482739232,0.0,FALLEN
1.932,16.0,0.0,-1.2353340973503408,0.0,FALLEN
1.934,16.0,0.0,-1.2312231723738827,0.0,FALLEN
1.936,16.0,0.0,-1.2271259276675621,0.0,FALLEN
1.938,16.0,0.0,-1.2230423177063963,0.0,FALLEN
1.94,16.0,0.0,-1.2189722971168984,0.0,FALLEN
1.942,16.0,0.0,-1.2149158206765762,0.0,FALLEN
1.944,16.0,0.0,-1.210872843313427,0.0,FALLEN
1.946,16.0,0.0,-1.2068433201054392,0.0,FALLEN
1.948,16.0,0.0,-1.2028272062800907,0.0,FALLEN
1.95,16.0,0.0,-1.1988244572138533,0.0,FALLEN
1.952,16.0,0.0,-1.1948350284316964,0.0,FALLEN
1.954,16.0,0.0,-1.1908588756065923,0.0,FALLEN
1.956,16.0,0.0,-1.1868959545590243,0.0,FALLEN
1.958,16.0,0.0,-1.1829462212564956,0.0,FALLEN
1.96,16.0,0.0,-1.17900963181304,0.0,FALLEN
1.962,16.0,0.0,-1.1750861424887342,0.0,FALLEN
1.964,16.0,0.0,-1.1711757096892121,0.0,FALLEN
1.966,16.0,0.0,-1.1672782899651801,0.0,FALLEN
1.968,16.0,0.0,-1.1633938400119346,0.0,FALLEN
1.97,16.0,0.0,-1.1595223166688804,0.0,FALLEN
1.972,16.0,0.0,-1.1556636769190518,0.0,FALLEN
1.974,16.0,0.0,-1.1518178778886339,0.0,FALLEN
1.976,16.0,0.0,-1.147984876846487,0.0,FALLEN
1.978,16.0,0.0,-1.144164631203671,0.0,FALLEN
1.98,16.0,0.0,-1.1403570985129732,0.0,FALLEN
1.982,16.0,0.0,-1.1365622364684353,0.0,FALLEN
1.984,16.0,0.0,-1.1327800029048845,0.0,FALLEN
1.986,16.0,0.0,-1.1290103557974644,0.0,FALLEN
1.988,16.0,0.0,-1.1252532532611688,0.0,FALLEN
1.99,16.0,0.0,-1.1215086535503747,0.0,FALLEN
1.992,16.0,0.0,-1.1177765150583803,0.0,FALLEN
1.994,16.0,0.0,-1.114056796316942,0.0,FALLEN
1.996,16.0,0.0,-1.1103494559958131,0.0,FALLEN
1.998,16.0,0.0,-1.1066544529022853,0.0,FALLEN
2.0,16.0,0.0,-1.1029717459807307,0.0,FALLEN
2.0020000000000002,16.0,0.0,-1.0993012943121452,0.0,FALLEN
2.004,16.0,0.0,-1.0956430571136955,0.0,FALLEN
2.0060000000000002,16.0,0.0,-1.0919969937382632,0.0,FALLEN
2.008,16.0,0.0,-1.088363063673996,0.0,FALLEN
2.0100000000000002,16.0,0.0,-1.0847412265438556,0.0,FALLEN
2.012,16.0,0.0,-1.0811314421051699,0.0,FALLEN
2.0140000000000002,16.0,0.0,-1.077533670249186,0.0,FALLEN
2.016,16.0,0.0,-1.073947871000624,0.0,FALLEN
2.0180000000000002,16.0,0.0,-1.070374004517233,0.0,FALLEN
2.02,16.0,0.0,-1.0668120310893487,0.0,FALLEN
2.0220000000000002,16.0,0.0,-1.063261911139452,0.0,FALLEN
2.024,16.0,0.0,-1.0597236052217287,0.0,FALLEN
2.0260000000000002,16.0,0.0,-1.0561970740216329,0.0,FALLEN
2.028,16.0,0.0,-1.052682278355448,0.0,FALLEN
2.0300000000000002,16.0,0.0,-1.0491791791698526,0.0,FALLEN
2.032,16.0,0.0,-1.0456877375414861,0.0,FALLEN
2.0340000000000003,16.0,0.0,-1.0422079146765175,0.0,FALLEN
2.036,16.0,0.0,-1.0387396719102118,0.0,FALLEN
2.0380000000000003,16.0,0.0,-1.0352829707065028,0.0,FALLEN
2.04,16.0,0.0,-1.0318377726575638,0.0,FALLEN
2.0420000000000003,16.0,0.0,-1.028404039483381,0.0,FALLEN
2.044,16.0,0.0,-1.0249817330313284,0.0,FALLEN
2.0460000000000003,16.0,0.0,-1.0215708152757434,0.0,FALLEN
2.048,16.0,0.0,-1.0181712483175047,0.0,FALLEN
2.05,16.0,0.0,-1.0147829943836113,0.0,FALLEN
2.052,16.0,0.0,-1.0114060158267624,0.0,FALLEN
2.054,16.0,0.0,-1.0080402751249389,0.0,FALLEN
2.056,16.0,0.0,-1.0046857348809877,0.0,FALLEN
2.058,16.0,0.0,-1.0013423578222047,0.0,FALLEN
2.06,16.0,0.0,-0.9980101067999216,0.0,FALLEN
2.062,16.0,0.0,-0.9946889447890929,0.0,FALLEN
2.064,16.0,0.0,-0.9913788348878839,0.0,FALLEN
2.066,16.0,0.0,-0.988079740317262,0.0,FALLEN
2.068,16.0,0.0,-0.9847916244205868,0.0,FALLEN
2.07,16.0,0.0,-0.9815144506632035,0.0,FALLEN
2.072,16.0,0.0,-0.9782481826320365,0.0,FALLEN
2.074,16.0,0.0,-0.9749927840351852,0.0,FALLEN
2.076,16.0,0.0,-0.9717482187015206,0.0,FALLEN
2.078,16.0,0.0,-0.9685144505802835,0.0,FALLEN
2.08,16.0,0.0,-0.9652914437406837,0.0,FALLEN
2.082,16.0,0.0,-0.9620791623715007,0.0,FALLEN
2.084,16.0,0.0,-0.9588775707806866,0.0,FALLEN
2.086,16.0,0.0,-0.9556866333949682,0.0,FALLEN
2.088,16.0,0.0,-0.952506314759453,0.0,FALLEN
2.09,16.0,0.0,-0.9493365795372346,0.0,FALLEN
2.092,16.0,0.0,-0.9461773925090001,0.0,FALLEN
2.094,16.0,0.0,-0.9430287185726389,0.0,FALLEN
2.096,16.0,0.0,-0.9398905227428526,0.0,FALLEN
2.098,16.0,0.0,-0.9367627701507665,0.0,FALLEN
2.1,16.0,0.0,-0.9336454260435416,0.0,FALLEN
2.102,16.0,0.0,-0.9305384557839893,0.0,FALLEN
2.104,16.0,0.0,-0.9274418248501859,0.0,FALLEN
2.106,16.0,0.0,-0.924355498835089,0.0,FALLEN
2.108,16.0,0.0,-0.9212794434461556,0.0,FALLEN
2.11,16.0,0.0,-0.918213624504961,0.0,FALLEN
2.112,16.0,0.0,-0.9151580079468187,0.0,FALLEN
2.114,16.0,0.0,-0.912112559820402,0.0,FALLEN
2.116,16.0,0.0,-0.9090772462873671,0.0,FALLEN
2.118,16.0,0.0,-0.9060520336219771,0.0,FALLEN
2.12,16.0,0.0,-0.9030368882107264,0.0,FALLEN
2.122,16.0,0.0,-0.9000317765519686,0.0,FALLEN
2.124,16.0,0.0,-0.8970366652555432,0.0,FALLEN
2.126,16.0,0.0,-0.894051521042405,0.0,FALLEN
2.128,16.0,0.0,-0.8910763107442542,0.0,FALLEN
2.13,16.0,0.0,-0.8881110013031679,0.0,FALLEN
2.132,16.0,0.0,-0.885155559771233,0.0,FALLEN
2.134,16.0,0.0,-0.8822099533101798,0.0,FALLEN
2.136,16.0,0.0,-0.8792741491910175,0.0,FALLEN
2.138,16.0,0.0,-0.8763481147936699,0.0,FALLEN
2.14,16.0,0.0,-0.8734318176066139,0.0,FALLEN
2.142,16.0,0.0,-0.8705252252265171,0.0,FALLEN
2.144,16.0,0.0,-0.8676283053578787,0.0,FALLEN
2.146,16.0,0.0,-0.8647410258126706,0.0,FALLEN
2.148,16.0,0.0,-0.8618633545099792,0.0,FALLEN
2.15,16.0,0.0,-0.8589952594756491,0.0,FALLEN
2.152,16.0,0.0,-0.8561367088419284,0.0,FALLEN
2.154,16.0,0.0,-0.853287670847114,0.0,FALLEN
2.156,16.0,0.0,-0.8504481138351987,0.0,FALLEN
2.158,16.0,0.0,-0.8476180062555199,0.0,FALLEN
2.16,16.0,0.0,-0.8447973166624088,0.0,FALLEN
2.162,16.0,0.0,-0.8419860137148407,0.0,FALLEN
2.164,16.0,0.0,-0.8391840661760874,0.0,FALLEN
2.166,16.0,0.0,-0.8363914429133696,0.0,FALLEN
2.168,16.0,0.0,-0.8336081128975112,0.0,FALLEN
2.17,16.0,0.0,-0.8308340452025947,0.0,FALLEN
2.172,16.0,0.0,-0.828069209005617,0.0,FALLEN
2.174,16.0,0.0,-0.8253135735861473,0.0,FALLEN
2.176,16.0,0.0,-0.8225671083259862,0.0,FALLEN
2.178,16.0,0.0,-0.8198297827088246,0.0,FALLEN
2.18,16.0,0.0,-0.8171015663199054,0.0,FALLEN
2.182,16.0,0.0,-0.814382428845685,0.0,FALLEN
2.184,16.0,0.0,-0.8116723400734968,0.0,FALLEN
2.186,16.0,0.0,-0.8089712698912155,0.0,FALLEN
2.188,16.0,0.0,-0.8062791882869224,0.0,FALLEN
2.19,16.0,0.0,-0.8035960653485719,0.0,FALLEN
2.192,16.0,0.0,-0.8009218712636594,0.0,FALLEN
2.194,16.0,0.0,-0.7982565763188899,0.0,FALLEN
2.196,16.0,0.0,-0.7956001508998474,0.0,FALLEN
2.198,16.0,0.0,-0.7929525654906668,0.0,FALLEN
2.2,16.0,0.0,-0.7903137906737052,0.0,FALLEN
2.202,16.0,0.0,-0.787683797129215,0.0,FALLEN
2.204,16.0,0.0,-0.785062555635019,0.0,FALLEN
2.206,16.0,0.0,-0.7824500370661845,0.0,FALLEN
2.208,16.0,0.0,-0.7798462123947008,0.0,FALLEN
2.21,16.0,0.0,-0.7772510526891555,0.0,FALLEN
2.212,16.0,0.0,-0.7746645291144143,0.0,FALLEN
2.214,16.0,0.0,-0.7720866129312998,0.0,FALLEN
2.216,16.0,0.0,-0.7695172754962722,0.0,FALLEN
2.218,16.0,0.0,-0.7669564882611114,0.0,FALLEN
2.22,16.0,0.0,-0.7644042227725996,0.0,FALLEN
2.222,16.0,0.0,-0.761860450672205,0.0,FALLEN
2.224,16.0,0.0,-0.759325143695767,0.0,FALLEN
2.226,16.0,0.0,-0.7567982736731821,0.0,FALLEN
2.228,16.0,0.0,-0.7542798125280905,0.0,FALLEN
2.23,16.0,0.0,-0.751769732277565,0.0,FALLEN
2.232,16.0,0.0,-0.749268005031799,0.0,FALLEN
2.234,16.0,0.0,-0.7467746029937974,0.0,FALLEN
2.236,16.0,0.0,-0.7442894984590674,0.0,FALLEN
2.238,16.0,0.0,-0.7418126638153111,0.0,FALLEN
2.24,16.0,0.0,-0.7393440715421178,0.0,FALLEN
2.242,16.0,0.0,-0.7368836942106591,0.0,FALLEN
2.244,16.0,0.0,-0.7344315044833839,0.0,FALLEN
2.246,16.0,0.0,-0.7319874751137143,0.0,FALLEN
2.248,16.0,0.0,-0.7295515789457434,0.0,FALLEN
2.25,16.0,0.0,-0.727123788913933,0.0,FALLEN
2.2520000000000002,16.0,0.0,-0.7247040780428137,0.0,FALLEN
2.254,16.0,0.0,-0.7222924194466838,0.0,FALLEN
2.2560000000000002,16.0,0.0,-0.7198887863293121,0.0,FALLEN
2.258,16.0,0.0,-0.717493151983639,0.0,FALLEN
2.2600000000000002,16.0,0.0,-0.7151054897914809,0.0,FALLEN
2.262,16.0,0.0,-0.712725773223233,0.0,FALLEN
2.2640000000000002,16.0,0.0,-0.7103539758375758,0.0,FALLEN
2.266,16.0,0.0,-0.7079900712811804,0.0,FALLEN
2.2680000000000002,16.0,0.0,-0.7056340332884165,0.0,FALLEN
2.27,16.0,0.0,-0.7032858356810597,0.0,FALLEN
2.2720000000000002,16.0,0.0,-0.7009454523680015,0.0,FALLEN
2.274,16.0,0.0,-0.6986128573449588,0.0,FALLEN
2.2760000000000002,16.0,0.0,-0.696288024694185,0.0,FALLEN
2.278,16.0,0.0,-0.6939709285841825,0.0,FALLEN
2.2800000000000002,16.0,0.0,-0.6916615432694149,0.0,FALLEN
2.282,16.0,0.0,-0.6893598430900217,0.0,FALLEN
2.2840000000000003,16.0,0.0,-0.6870658024715328,0.0,FALLEN
2.286,16.0,0.0,-0.6847793959245844,0.0,FALLEN
2.2880000000000003,16.0,0.0,-0.6825005980446356,0.0,FALLEN
2.29,16.0,0.0,-0.6802293835116868,0.0,FALLEN
2.2920000000000003,16.0,0.0,-0.6779657270899975,0.0,FALLEN
2.294,16.0,0.0,-0.6757096036278063,0.0,FALLEN
2.2960000000000003,16.0,0.0,-0.6734609880570516,0.0,FALLEN
2.298,16.0,0.0,-0.6712198553930928,0.0,FALLEN
2.3000000000000003,16.0,0.0,-0.6689861807344328,0.0,FALLEN
2.302,16.0,0.0,-0.6667599392624414,0.0,FALLEN
2.3040000000000003,16.0,0.0,-0.6645411062410791,0.0,FALLEN
2.306,16.0,0.0,-0.6623296570166229,0.0,FALLEN
2.308,16.0,0.0,-0.6601255670173922,0.0,FALLEN
2.31,16.0,0.0,-0.6579288117534754,0.0,FALLEN
2.312,16.0,0.0,-0.6557393668164578,0.0,FALLEN
2.314,16.0,0.0,-0.6535572078791512,0.0,FALLEN
2.316,16.0,0.0,-0.6513823106953227,0.0,FALLEN
2.318,16.0,0.0,-0.6492146510994256,0.0,FALLEN
2.32,16.0,0.0,-0.6470542050063309,0.0,FALLEN
2.322,16.0,0.0,-0.6449009484110598,0.0,FALLEN
2.324,16.0,0.0,-0.6427548573885169,0.0,FALLEN
2.326,16.0,0.0,-0.6406159080932246,0.0,FALLEN
2.328,16.0,0.0,-0.6384840767590572,0.0,FALLEN
2.33,16.0,0.0,-0.636359339698978,0.0,FALLEN
2.332,16.0,0.0,-0.6342416733047758,0.0,FALLEN
2.334,16.0,0.0,-0.632131054046802,0.0,FALLEN
2.336,16.0,0.0,-0.63002745847371,0.0,FALLEN
2.338,16.0,0.0,-0.6279308632121938,0.0,FALLEN
2.34,16.0,0.0,-0.6258412449667291,0.0,FALLEN
2.342,16.0,0.0,-0.6237585805193138,0.0,FALLEN
2.344,16.0,0.0,-0.6216828467292105,0.0,FALLEN
2.346,16.0,0.0,-0.6196140205326889,0.0,FALLEN
2.348,16.0,0.0,-0.6175520789427701,0.0,FALLEN
2.35,16.0,0.0,-0.6154969990489707,0.0,FALLEN
2.352,16.0,0.0,-0.6134487580170486,0.0,FALLEN
2.354,16.0,0.0,-0.6114073330887488,0.0,FALLEN
2.356,16.0,0.0,-0.6093727015815515,0.0,FALLEN
2.358,16.0,0.0,-0.6073448408884188,0.0,FALLEN
2.36,16.0,0.0,-0.6053237284775442,0.0,FALLEN
2.362,16.0,0.0,-0.6033093418921026,0.0,FALLEN
2.364,16.0,0.0,-0.6013016587500001,0.0,FALLEN
2.366,16.0,0.0,-0.5993006567436253,0.0,FALLEN
2.368,16.0,0.0,-0.5973063136396024,0.0,FALLEN
2.37,16.0,0.0,-0.5953186072785427,0.0,FALLEN
2.372,16.0,0.0,-0.5933375155747996,0.0,FALLEN
2.374,16.0,0.0,-0.5913630165162228,0.0,FALLEN
2.376,16.0,0.0,-0.5893950881639135,0.0,FALLEN
2.378,16.0,0.0,-0.5874337086519809,0.0,FALLEN
2.38,16.0,0.0,-0.585478856187299,0.0,FALLEN
2.382,16.0,0.0,-0.583530509049265,0.0,FALLEN
2.384,16.0,0.0,-0.5815886455895569,0.0,FALLEN
2.386,16.0,0.0,-0.5796532442318945,0.0,FALLEN
2.388,16.0,0.0,-0.5777242834717982,0.0,FALLEN
2.39,16.0,0.0,-0.5758017418763506,0.0,FALLEN
2.392,16.0,0.0,-0.573885598083959,0.0,FALLEN
2.394,16.0,0.0,-0.5719758308041168,0.0,FALLEN
2.396,16.0,0.0,-0.5700724188171682,0.0,FALLEN
2.398,16.0,0.0,-0.5681753409740713,0.0,FALLEN
2.4,16.0,0.0,-0.566284576196164,0.0,FALLEN
2.402,16.0,0.0,-0.5644001034749293,0.0,FALLEN
2.404,16.0,0.0,-0.562521901871762,0.0,FALLEN
2.406,16.0,0.0,-0.5606499505177361,0.0,FALLEN
2.408,16.0,0.0,-0.5587842286133728,0.0,FALLEN
2.41,16.0,0.0,-0.5569247154284096,0.0,FALLEN
2.412,16.0,0.0,-0.5550713903015697,0.0,FALLEN
2.414,16.0,0.0,-0.5532242326403326,0.0,FALLEN
2.416,16.0,0.0,-0.5513832219207053,0.0,FALLEN
2.418,16.0,0.0,-0.5495483376869943,0.0,FALLEN
2.42,16.0,0.0,-0.547719559551578,0.0,FALLEN
2.422,16.0,0.0,-0.5458968671946806,0.0,FALLEN
2.424,16.0,0.0,-0.544080240364146,0.0,FALLEN
2.426,16.0,0.0,-0.542269658875213,0.0,FALLEN
2.428,16.0,0.0,-0.5404651026102908,0.0,FALLEN
2.43,16.0,0.0,-0.5386665515187358,0.0,FALLEN
2.432,16.0,0.0,-0.5368739856166282,0.0,FALLEN
2.434,16.0,0.0,-0.535087384986551,0.0,FALLEN
2.436,16.0,0.0,-0.5333067297773675,0.0,FALLEN
2.438,16.0,0.0,-0.5315320002040015,0.0,FALLEN
2.44,16.0,0.0,-0.5297631765472173,0.0,FALLEN
2.442,16.0,0.0,-0.5280002391534006,0.0,FALLEN
2.444,16.0,0.0,-0.5262431684343399,0.0,FALLEN
2.446,16.0,0.0,-0.5244919448670091,0.0,FALLEN
2.448,16.0,0.0,-0.5227465489933506,0.0,FALLEN
2.45,16.0,0.0,-0.521006961420059,0.0,FALLEN
2.452,16.0,0.0,-0.5192731628183656,0.0,FALLEN
2.454,16.0,0.0,-0.5175451339238235,0.0,FALLEN
2.456,16.0,0.0,-0.515822855536094,0.0,FALLEN
2.458,16.0,0.0,-0.5141063085187328,0.0,FALLEN
2.46,16.0,0.0,-0.5123954737989777,0.0,FALLEN
2.462,16.0,0.0,-0.5106903323675362,0.0,FALLEN
2.464,16.0,0.0,-0.5089908652783751,0.0,FALLEN
2.466,16.0,0.0,-0.5072970536485092,0.0,FALLEN
2.468,16.0,0.0,-0.5056088786577918,0.0,FALLEN
2.47,16.0,0.0,-0.5039263215487058,0.0,FALLEN
2.472,16.0,0.0,-0.5022493636261546,0.0,FALLEN
2.474,16.0,0.0,-0.5005779862572552,0.0,FALLEN
2.476,16.0,0.0,-0.4989121708711311,0.0,FALLEN
2.478,16.0,0.0,-0.497251898958705,0.0,FALLEN
2.48,16.0,0.0,-0.49559715207249405,0.0,FALLEN
2.482,16.0,0.0,-0.4939479118264049,0.0,FALLEN
2.484,16.0,0.0,-0.49230415989552895,0.0,FALLEN
2.486,16.0,0.0,-0.4906658780159389,0.0,FALLEN
2.488,16.0,0.0,-0.48903304798448594,0.0,FALLEN
2.49,16.0,0.0,-0.48740565165859734,0.0,FALLEN
2.492,16.0,0.0,-0.48578367095607494,0.0,FALLEN
2.494,16.0,0.0,-0.48416708785489426,0.0,FALLEN
2.496,16.0,0.0,-0.48255588439300423,0.0,FALLEN
2.498,16.0,0.0,-0.4809500426681275,0.0,FALLEN
2.5,16.0,0.0,-0.47934954483756187,0.0,FALLEN
2.5020000000000002,16.0,0.0,-0.4777543731179815,0.0,FALLEN
2.504,16.0,0.0,-0.4761645097852399,0.0,FALLEN
2.5060000000000002,16.0,0.0,-0.4745799371741724,0.0,FALLEN
2.508,16.0,0.0,-0.47300063767840045,0.0,FALLEN
2.5100000000000002,16.0,0.0,-0.4714265937501357,0.0,FALLEN
2.512,16.0,0.0,-0.4698577878999849,0.0,FALLEN
2.5140000000000002,16.0,0.0,-0.4682942026967557,0.0,FALLEN
2.516,16.0,0.0,-0.4667358207672633,0.0,FALLEN
2.5180000000000002,16.0,0.0,-0.4651826247961367,0.0,FALLEN
2.52,16.0,0.0,-0.463634597525627,0.0,FALLEN
2.5220000000000002,16.0,0.0,-0.46209172175541524,0.0,FALLEN
2.524,16.0,0.0,-0.4605539803424215,0.0,FALLEN
2.5260000000000002,16.0,0.0,-0.45902135620061424,0.0,FALLEN
2.528,16.0,0.0,-0.45749383230082047,0.0,FALLEN
2.5300000000000002,16.0,0.0,-0.45597139167053674,0.0,FALLEN
2.532,16.0,0.0,-0.4544540173937404,0.0,FALLEN
2.5340000000000003,16.0,0.0,-0.4529416926107017,0.0,FALLEN
2.536,16.0,0.0,-0.4514344005177963,0.0,FALLEN
2.5380000000000003,16.0,0.0,-0.4499321243673189,0.0,FALLEN
2.54,16.0,0.0,-0.4484348474672966,0.0,FALLEN
2.5420000000000003,16.0,0.0,-0.4469425531813042,0.0,FALLEN
2.544,16.0,0.0,-0.4454552249282786,0.0,FALLEN
2.5460000000000003,16.0,0.0,-0.4439728461823351,0.0,FALLEN
2.548,16.0,0.0,-0.4424954004725835,0.0,FALLEN
2.5500000000000003,16.0,0.0,-0.44102287138294505,0.0,FALLEN
2.552,16.0,0.0,-0.43955524255197037,0.0,FALLEN
2.5540000000000003,16.0,0.0,-0.43809249767265734,0.0,FALLEN
2.556,16.0,0.0,-0.43663462049227,0.0,FALLEN
2.5580000000000003,16.0,0.0,-0.43518159481215796,0.0,FALLEN
2.56,16.0,0.0,-0.43373340448757663,0.0,FALLEN
2.562,16.0,0.0,-0.43229003342750744,0.0,FALLEN
2.564,16.0,0.0,-0.4308514655944793,0.0,FALLEN
2.566,16.0,0.0,-0.4294176850043903,0.0,FALLEN
2.568,16.0,0.0,-0.4279886757263304,0.0,FALLEN
2.57,16.0,0.0,-0.42656442188240395,0.0,FALLEN
2.572,16.0,0.0,-0.42514490764755364,0.0,FALLEN
2.574,16.0,0.0,-0.42373011724938436,0.0,FALLEN
2.576,16.0,0.0,-0.4223200349679884,0.0,FALLEN
2.578,16.0,0.0,-0.42091464513577026,0.0,FALLEN
2.58,16.0,0.0,-0.4195139321372729,0.0,FALLEN
2.582,16.0,0.0,-0.4181178804090041,0.0,FALLEN
2.584,16.0,0.0,-0.41672647443926375,0.0,FALLEN
2.586,16.0,0.0,-0.4153396987679711,0.0,FALLEN
2.588,16.0,0.0,-0.4139575379864934,0.0,FALLEN
2.59,16.0,0.0,-0.41257997673747426,0.0,FALLEN
2.592,16.0,0.0,-0.41120699971466357,0.0,FALLEN
2.594,16.0,0.0,-0.4098385916627469,0.0,FALLEN
2.596,16.0,0.0,-0.4084747373771762,0.0,FALLEN
2.598,16.0,0.0,-0.40711542170400106,0.0,FALLEN
2.6,16.0,0.0,-0.4057606295396999,0.0,FALLEN
2.602,16.0,0.0,-0.4044103458310126,0.0,FALLEN
2.604,16.0,0.0,-0.40306455557477283,0.0,FALLEN
2.606,16.0,0.0,-0.4017232438177418,0.0,FALLEN
2.608,16.0,0.0,-0.4003863956564417,0.0,FALLEN
2.61,16.0,0.0,-0.3990539962369903,0.0,FALLEN
2.612,16.0,0.0,-0.39772603075493596,0.0,FALLEN
2.614,16.0,0.0,-0.39640248445509285,0.0,FALLEN
2.616,16.0,0.0,-0.39508334263137745,0.0,FALLEN
2.618,16.0,0.0,-0.3937685906266448,0.0,FALLEN
2.62,16.0,0.0,-0.3924582138325258,0.0,FALLEN
2.622,16.0,0.0,-0.39115219768926485,0.0,FALLEN
2.624,16.0,0.0,-0.38985052768555795,0.0,FALLEN
2.626,16.0,0.0,-0.38855318935839167,0.0,FALLEN
2.628,16.0,0.0,-0.3872601682928824,0.0,FALLEN
2.63,16.0,0.0,-0.3859714501221161,0.0,FALLEN
2.632,16.0,0.0,-0.38468702052698867,0.0,FALLEN
2.634,16.0,0.0,-0.383406865236047,0.0,FALLEN
2.636,16.0,0.0,-0.3821309700253302,0.0,FALLEN
2.638,16.0,0.0,-0.38085932071821177,0.0,FALLEN
2.64,16.0,0.0,-0.3795919031852419,0.0,FALLEN
2.642,16.0,0.0,-0.3783287033439904,0.0,FALLEN
2.644,16.0,0.0,-0.37706970715889054,0.0,FALLEN
2.646,16.0,0.0,-0.37581490064108286,0.0,FALLEN
2.648,16.0,0.0,-0.37456426984825986,0.0,FALLEN
2.65,16.0,0.0,-0.3733178008845109,0.0,FALLEN
2.652,16.0,0.0,-0.37207547990016804,0.0,FALLEN
2.654,16.0,0.0,-0.370837293091652,0.0,FALLEN
2.656,16.0,0.0,-0.36960322670131884,0.0,FALLEN
2.658,16.0,0.0,-0.3683732670173071,0.0,FALLEN
2.66,16.0,0.0,-0.3671474003733854,0.0,FALLEN
2.662,16.0,0.0,-0.3659256131488006,0.0,FALLEN
2.664,16.0,0.0,-0.36470789176812657,0.0,FALLEN
2.666,16.0,0.0,-0.3634942227011132,0.0,FALLEN
2.668,16.0,0.0,-0.3622845924625362,0.0,FALLEN
2.67,16.0,0.0,-0.36107898761204704,0.0,FALLEN
2.672,16.0,0.0,-0.3598773947540239,0.0,FALLEN
2.674,16.0,0.0,-0.3586798005374227,0.0,FALLEN
2.676,16.0,0.0,-0.3574861916556288,0.0,FALLEN
2.678,16.0,0.0,-0.3562965548463088,0.0,FALLEN
2.68,16.0,0.0,-0.35511087689126386,0.0,FALLEN
2.682,16.0,0.0,-0.35392914461628217,0.0,FALLEN
2.684,16.0,0.0,-0.352751344890993,0.0,FALLEN
2.686,16.0,0.0,-0.3515774646287207,0.0,FALLEN
2.688,16.0,0.0,-0.35040749078633904,0.0,FALLEN
2.69,16.0,0.0,-0.3492414103641267,0.0,FALLEN
2.692,16.0,0.0,-0.34807921040562256,0.0,FALLEN
2.694,16.0,0.0,-0.34692087799748167,0.0,FALLEN
2.696,16.0,0.0,-0.3457664002693322,0.0,FALLEN
2.698,16.0,0.0,-0.34461576439363184,0.0,FALLEN
2.7,16.0,0.0,-0.3434689575855257,0.0,FALLEN
2.702,16.0,0.0,-0.34232596710270413,0.0,FALLEN
2.704,16.0,0.0,-0.34118678024526117,0.0,FALLEN
2.706,16.0,0.0,-0.34005138435555327,0.0,FALLEN
2.708,16.0,0.0,-0.3389197668180589,0.0,FALLEN
2.71,16.0,0.0,-0.3377919150592382,0.0,FALLEN
2.712,16.0,0.0,-0.3366678165473934,0.0,FALLEN
2.714,16.0,0.0,-0.3355474587925295,0.0,FALLEN
2.716,16.0,0.0,-0.3344308293462154,0.0,FALLEN
2.718,16.0,0.0,-0.33331791580144576,0.0,FALLEN
2.72,16.0,0.0,-0.3322087057925031,0.0,FALLEN
2.722,16.0,0.0,-0.33110318699482033,0.0,FALLEN
2.724,16.0,0.0,-0.33000134712484397,0.0,FALLEN
2.726,16.0,0.0,-0.3289031739398973,0.0,FALLEN
2.728,16.0,0.0,-0.3278086552380449,0.0,FALLEN
2.73,16.0,0.0,-0.32671777885795655,0.0,FALLEN
2.732,16.0,0.0,-0.3256305326787724,0.0,FALLEN
2.734,16.0,0.0,-0.3245469046199681,0.0,FALLEN
2.736,16.0,0.0,-0.3234668826412207,0.0,FALLEN
2.738,16.0,0.0,-0.322390454742275,0.0,FALLEN
2.74,16.0,0.0,-0.3213176089628098,0.0,FALLEN
2.742,16.0,0.0,-0.3202483333823055,0.0,FALLEN
2.744,16.0,0.0,-0.3191826161199113,0.0,FALLEN
2.746,16.0,0.0,-0.3181204453343133,0.0,FALLEN
2.748,16.0,0.0,-0.317061809223603,0.0,FALLEN
2.75,16.0,0.0,-0.3160066960251459,0.0,FALLEN
2.7520000000000002,16.0,0.0,-0.3149550940154514,0.0,FALLEN
2.754,16.0,0.0,-0.31390699151004176,0.0,FALLEN
2.7560000000000002,16.0,0.0,-0.31286237686332286,0.0,FALLEN
2.758,16.0,0.0,-0.31182123846845444,0.0,FALLEN
2.7600000000000002,16.0,0.0,-0.3107835647572215,0.0,FALLEN
2.762,16.0,0.0,-0.30974934419990546,0.0,FALLEN
2.7640000000000002,16.0,0.0,-0.3087185653051562,0.0,FALLEN
2.766,16.0,0.0,-0.30769121661986415,0.0,FALLEN
2.7680000000000002,16.0,0.0,-0.30666728672903343,0.0,FALLEN
2.77,16.0,0.0,-0.3056467642556547,0.0,FALLEN
2.7720000000000002,16.0,0.0,-0.30462963786057884,0.0,FALLEN
2.774,16.0,0.0,-0.3036158962423911,0.0,FALLEN
2.7760000000000002,16.0,0.0,-0.3026055281372852,0.0,FALLEN
2.778,16.0,0.0,-0.30159852231893847,0.0,FALLEN
2.7800000000000002,16.0,0.0,-0.30059486759838705,0.0,FALLEN
2.782,16.0,0.0,-0.29959455282390146,0.0,FALLEN
2.7840000000000003,16.0,0.0,-0.29859756688086286,0.0,FALLEN
2.786,16.0,0.0,-0.29760389869163933,0.0,FALLEN
2.7880000000000003,16.0,0.0,-0.296613537215463,0.0,FALLEN
2.79,16.0,0.0,-0.2956264714483074,0.0,FALLEN
2.7920000000000003,16.0,0.0,-0.2946426904227648,0.0,FALLEN
2.794,16.0,0.0,-0.29366218320792487,0.0,FALLEN
2.7960000000000003,16.0,0.0,-0.2926849389092529,0.0,FALLEN
2.798,16.0,0.0,-0.29171094666846886,0.0,FALLEN
2.8000000000000003,16.0,0.0,-0.29074019566342674,0.0,FALLEN
2.802,16.0,0.0,-0.2897726751079942,0.0,FALLEN
2.8040000000000003,16.0,0.0,-0.288808374251933,0.0,FALLEN
2.806,16.0,0.0,-0.28784728238077917,0.0,FALLEN
2.8080000000000003,16.0,0.0,-0.28688938881572434,0.0,FALLEN
2.81,16.0,0.0,-0.2859346829134967,0.0,FALLEN
2.8120000000000003,16.0,0.0,-0.2849831540662432,0.0,FALLEN
2.814,16.0,0.0,-0.28403479170141127,0.0,FALLEN
2.816,16.0,0.0,-0.2830895852816315,0.0,FALLEN
2.818,16.0,0.0,-0.28214752430460055,0.0,FALLEN
2.82,16.0,0.0,-0.2812085983029647,0.0,FALLEN
2.822,16.0,0.0,-0.28027279684420303,0.0,FALLEN
2.824,16.0,0.0,-0.279340109530512,0.0,FALLEN
2.826,16.0,0.0,-0.27841052599868965,0.0,FALLEN
2.828,16.0,0.0,-0.2774840359200204,0.0,FALLEN
2.83,16.0,0.0,-0.27656062900016065,0.0,FALLEN
2.832,16.0,0.0,-0.2756402949790239,0.0,FALLEN
2.834,16.0,0.0,-0.2747230236306672,0.0,FALLEN
2.836,16.0,0.0,-0.2738088047631772,0.0,FALLEN
2.838,16.0,0.0,-0.27289762821855706,0.0,FALLEN
2.84,16.0,0.0,-0.2719894838726136,0.0,FALLEN
2.842,16.0,0.0,-0.2710843616348448,0.0,FALLEN
2.844,16.0,0.0,-0.2701822514483275,0.0,FALLEN
2.846,16.0,0.0,-0.26928314328960595,0.0,FALLEN
2.848,16.0,0.0,-0.2683870271685802,0.0,FALLEN
2.85,16.0,0.0,-0.26749389312839533,0.0,FALLEN
2.852,16.0,0.0,-0.2666037312453305,0.0,FALLEN
2.854,16.0,0.0,-0.265716531628689,0.0,FALLEN
2.856,16.0,0.0,-0.26483228442068824,0.0,FALLEN
2.858,16.0,0.0,-0.26395097979635,0.0,FALLEN
2.86,16.0,0.0,-0.2630726079633918,0.0,FALLEN
2.862,16.0,0.0,-0.26219715916211744,0.0,FALLEN
2.864,16.0,0.0,-0.26132462366530906,0.0,FALLEN
2.866,16.0,0.0,-0.2604549917781188,0.0,FALLEN
2.868,16.0,0.0,-0.2595882538379612,0.0,FALLEN
2.87,16.0,0.0,-0.2587244002144058,0.0,FALLEN
2.872,16.0,0.0,-0.2578634213090701,0.0,FALLEN
2.874,16.0,0.0,-0.257005307555513,0.0,FALLEN
2.876,16.0,0.0,-0.25615004941912833,0.0,FALLEN
2.878,16.0,0.0,-0.25529763739703915,0.0,FALLEN
2.88,16.0,0.0,-0.2544480620179921,0.0,FALLEN
2.882,16.0,0.0,-0.25360131384225176,0.0,FALLEN
2.884,16.0,0.0,-0.2527573834614966,0.0,FALLEN
2.886,16.0,0.0,-0.2519162614987136,0.0,FALLEN
2.888,16.0,0.0,-0.2510779386080946,0.0,FALLEN
2.89,16.0,0.0,-0.25024240547493204,0.0,FALLEN
2.892,16.0,0.0,-0.24940965281551597,0.0,FALLEN
2.894,16.0,0.0,-0.24857967137703044,0.0,FALLEN
2.896,16.0,0.0,-0.24775245193745093,0.0,FALLEN
2.898,16.0,0.0,-0.24692798530544185,0.0,FALLEN
2.9,16.0,0.0,-0.24610626232025437,0.0,FALLEN
2.902,16.0,0.0,-0.24528727385162458,0.0,FALLEN
2.904,16.0,0.0,-0.24447101079967223,0.0,FALLEN
2.906,16.0,0.0,-0.2436574640947995,0.0,FALLEN
2.908,16.0,0.0,-0.24284662469759008,0.0,FALLEN
2.91,16.0,0.0,-0.24203848359870908,0.0,FALLEN
2.912,16.0,0.0,-0.2412330318188026,0.0,FALLEN
2.914,16.0,0.0,-0.24043026040839813,0.0,FALLEN
2.916,16.0,0.0,-0.23963016044780514,0.0,FALLEN
2.918,16.0,0.0,-0.23883272304701575,0.0,FALLEN
2.92,16.0,0.0,-0.23803793934560624,0.0,FALLEN
2.922,16.0,0.0,-0.23724580051263838,0.0,FALLEN
2.924,16.0,0.0,-0.2364562977465615,0.0,FALLEN
2.926,16.0,0.0,-0.23566942227511442,0.0,FALLEN
2.928,16.0,0.0,-0.23488516535522833,0.0,FALLEN
2.93,16.0,0.0,-0.23410351827292938,0.0,FALLEN
2.932,16.0,0.0,-0.23332447234324194,0.0,FALLEN
2.934,16.0,0.0,-0.23254801891009208,0.0,FALLEN
2.936,16.0,0.0,-0.23177414934621146,0.0,FALLEN
2.938,16.0,0.0,-0.2310028550530414,0.0,FALLEN
2.94,16.0,0.0,-0.23023412746063743,0.0,FALLEN
2.942,16.0,0.0,-0.2294679580275739,0.0,FALLEN
2.944,16.0,0.0,-0.22870433824084918,0.0,FALLEN
2.946,16.0,0.0,-0.2279432596157912,0.0,FALLEN
2.948,16.0,0.0,-0.22718471369596294,0.0,FALLEN
2.95,16.0,0.0,-0.2264286920530686,0.0,FALLEN
2.952,16.0,0.0,-0.2256751862868599,0.0,FALLEN
2.954,16.0,0.0,-0.2249241880250428,0.0,FALLEN
2.956,16.0,0.0,-0.22417568892318446,0.0,FALLEN
2.958,16.0,0.0,-0.2234296806646205,0.0,FALLEN
2.96,16.0,0.0,-0.22268615496036256,0.0,FALLEN
2.962,16.0,0.0,-0.22194510354900626,0.0,FALLEN
2.964,16.0,0.0,-0.22120651819663947,0.0,FALLEN
2.966,16.0,0.0,-0.22047039069675067,0.0,FALLEN
2.968,16.0,0.0,-0.21973671287013782,0.0,FALLEN
2.97,16.0,0.0,-0.2190054765648175,0.0,FALLEN
2.972,16.0,0.0,-0.2182766736559344,0.0,FALLEN
2.974,16.0,0.0,-0.2175502960456709,0.0,FALLEN
2.976,16.0,0.0,-0.21682633566315715,0.0,FALLEN
2.978,16.0,0.0,-0.2161047844643815,0.0,FALLEN
2.98,16.0,0.0,-0.21538563443210096,0.0,FALLEN
2.982,16.0,0.0,-0.21466887757575223,0.0,FALLEN
2.984,16.0,0.0,-0.2139545059313629,0.0,FALLEN
2.986,16.0,0.0,-0.21324251156146284,0.0,FALLEN
2.988,16.0,0.0,-0.2125328865549962,0.0,FALLEN
2.99,16.0,0.0,-0.2118256230272334,0.0,FALLEN
2.992,16.0,0.0,-0.2111207131196835,0.0,FALLEN
2.994,16.0,0.0,-0.21041814900000694,0.0,FALLEN
2.996,16.0,0.0,-0.2097179228619285,0.0,FALLEN
2.998,16.0,0.0,-0.2090200269251506,0.0,FALLEN
3.0,16.0,0.0,-0.2083244534352667,0.0,FALLEN
3.0020000000000002,16.0,0.0,-0.20763119466367533,0.0,FALLEN
3.004,16.0,0.0,-0.20694024290749413,0.0,FALLEN
3.0060000000000002,16.0,0.0,-0.20625159048947422,0.0,FALLEN
3.008,16.0,0.0,-0.20556522975791502,0.0,FALLEN
3.0100000000000002,16.0,0.0,-0.2048811530865791,0.0,FALLEN
3.012,16.0,0.0,-0.20419935287460755,0.0,FALLEN
3.0140000000000002,16.0,0.0,-0.20351982154643541,0.0,FALLEN
3.016,16.0,0.0,-0.2028425515517076,0.0,FALLEN
3.0180000000000002,16.0,0.0,-0.202167535365195,0.0,FALLEN
3.02,16.0,0.0,-0.20149476548671078,0.0,FALLEN
3.0220000000000002,16.0,0.0,-0.2008242344410272,0.0,FALLEN
3.024,16.0,0.0,-0.20015593477779237,0.0,FALLEN
3.0260000000000002,16.0,0.0,-0.19948985907144767,0.0,FALLEN
3.028,16.0,0.0,-0.198825999921145,0.0,FALLEN
3.0300000000000002,16.0,0.0,-0.19816434995066473,0.0,FALLEN
3.032,16.0,0.0,-0.19750490180833374,0.0,FALLEN
3.0340000000000003,16.0,0.0,-0.19684764816694372,0.0,FALLEN
3.036,16.0,0.0,-0.1961925817236696,0.0,FALLEN
3.0380000000000003,16.0,0.0,-0.19553969519998862,0.0,FALLEN
3.04,16.0,0.0,-0.19488898134159935,0.0,FALLEN
3.0420000000000003,16.0,0.0,-0.19424043291834114,0.0,FALLEN
3.044,16.0,0.0,-0.1935940427241137,0.0,FALLEN
3.0460000000000003,16.0,0.0,-0.19294980357679717,0.0,FALLEN
3.048,16.0,0.0,-0.1923077083181721,0.0,FALLEN
3.0500000000000003,16.0,0.0,-0.1916677498138401,0.0,FALLEN
3.052,16.0,0.0,-0.1910299209531446,0.0,FALLEN
3.0540000000000003,16.0,0.0,-0.1903942146490917,0.0,FALLEN
3.056,16.0,0.0,-0.18976062383827147,0.0,FALLEN
3.0580000000000003,16.0,0.0,-0.18912914148077947,0.0,FALLEN
3.06,16.0,0.0,-0.18849976056013862,0.0,FALLEN
3.0620000000000003,16.0,0.0,-0.18787247408322102,0.0,FALLEN
3.064,16.0,0.0,-0.18724727508017056,0.0,FALLEN
3.0660000000000003,16.0,0.0,-0.18662415660432516,0.0,FALLEN
3.068,16.0,0.0,-0.1860031117321398,0.0,FALLEN
3.0700000000000003,16.0,0.0,-0.18538413356310954,0.0,FALLEN
3.072,16.0,0.0,-0.18476721521969272,0.0,FALLEN
3.074,16.0,0.0,-0.18415234984723486,0.0,FALLEN
3.076,16.0,0.0,-0.18353953061389203,0.0,FALLEN
3.078,16.0,0.0,-0.18292875071055542,0.0,FALLEN
3.08,16.0,0.0,-0.18232000335077536,0.0,FALLEN
3.082,16.0,0.0,-0.18171328177068605,0.0,FALLEN
3.084,16.0,0.0,-0.1811085792289303,0.0,FALLEN
3.086,16.0,0.0,-0.1805058890065848,0.0,FALLEN
3.088,16.0,0.0,-0.1799052044070853,0.0,FALLEN
3.09,16.0,0.0,-0.17930651875615233,0.0,FALLEN
3.092,16.0,0.0,-0.1787098254017169,0.0,FALLEN
3.094,16.0,0.0,-0.17811511771384672,0.0,FALLEN
3.096,16.0,0.0,-0.17752238908467252,0.0,FALLEN
3.098,16.0,0.0,-0.1769316329283145,0.0,FALLEN
3.1,16.0,0.0,-0.1763428426808093,0.0,FALLEN
3.102,16.0,0.0,-0.17575601180003697,0.0,FALLEN
3.104,16.0,0.0,-0.17517113376564838,0.0,FALLEN
3.106,16.0,0.0,-0.17458820207899273,0.0,FALLEN
3.108,16.0,0.0,-0.1740072102630452,0.0,FALLEN
3.11,16.0,0.0,-0.17342815186233526,0.0,FALLEN
3.112,16.0,0.0,-0.17285102044287465,0.0,FALLEN
3.114,16.0,0.0,-0.1722758095920862,0.0,FALLEN
3.116,16.0,0.0,-0.17170251291873226,0.0,FALLEN
3.118,16.0,0.0,-0.1711311240528439,0.0,FALLEN
3.12,16.0,0.0,-0.17056163664565005,0.0,FALLEN
3.122,16.0,0.0,-0.169994044369507,0.0,FALLEN
3.124,16.0,0.0,-0.1694283409178281,0.0,FALLEN
3.126,16.0,0.0,-0.16886452000501356,0.0,FALLEN
3.128,16.0,0.0,-0.16830257536638085,0.0,FALLEN
3.13,16.0,0.0,-0.16774250075809477,0.0,FALLEN
3.132,16.0,0.0,-0.16718428995709847,0.0,FALLEN
3.134,16.0,0.0,-0.16662793676104387,0.0,FALLEN
3.136,16.0,0.0,-0.16607343498822313,0.0,FALLEN
3.138,16.0,0.0,-0.1655207784774997,0.0,FALLEN
3.14,16.0,0.0,-0.16496996108824005,0.0,FALLEN
3.142,16.0,0.0,-0.16442097670024527,0.0,FALLEN
3.144,16.0,0.0,-0.16387381921368316,0.0,FALLEN
3.146,16.0,0.0,-0.1633284825490205,0.0,FALLEN
3.148,16.0,0.0,-0.16278496064695536,0.0,FALLEN
3.15,16.0,0.0,-0.16224324746834995,0.0,FALLEN
3.152,16.0,0.0,-0.16170333699416334,0.0,FALLEN
3.154,16.0,0.0,-0.1611652232253847,0.0,FALLEN
3.156,16.0,0.0,-0.16062890018296666,0.0,FALLEN
3.158,16.0,0.0,-0.16009436190775875,0.0,FALLEN
3.16,16.0,0.0,-0.15956160246044132,0.0,FALLEN
3.162,16.0,0.0,-0.15903061592145948,0.0,FALLEN
3.164,16.0,0.0,-0.15850139639095734,0.0,FALLEN
3.166,16.0,0.0,-0.15797393798871243,0.0,FALLEN
3.168,16.0,0.0,-0.15744823485407042,0.0,FALLEN
3.17,16.0,0.0,-0.15692428114587992,0.0,FALLEN
3.172,16.0,0.0,-0.1564020710424277,0.0,FALLEN
3.174,16.0,0.0,-0.15588159874137394,0.0,FALLEN
3.176,16.0,0.0,-0.1553628584596877,0.0,FALLEN
3.178,16.0,0.0,-0.1548458444335827,0.0,FALLEN
3.18,16.0,0.0,-0.15433055091845338,0.0,FALLEN
3.182,16.0,0.0,-0.1538169721888109,0.0,FALLEN
3.184,16.0,0.0,-0.1533051025382197,0.0,FALLEN
3.186,16.0,0.0,-0.15279493627923388,0.0,FALLEN
3.188,16.0,0.0,-0.15228646774333424,0.0,FALLEN
3.19,16.0,0.0,-0.15177969128086513,0.0,FALLEN
3.192,16.0,0.0,-0.15127460126097175,0.0,FALLEN
3.194,16.0,0.0,-0.15077119207153764,0.0,FALLEN
3.196,16.0,0.0,-0.15026945811912212,0.0,FALLEN
3.198,16.0,0.0,-0.14976939382889834,0.0,FALLEN
3.2,16.0,0.0,-0.1492709936445913,0.0,FALLEN
3.202,16.0,0.0,-0.14877425202841596,0.0,FALLEN
3.204,16.0,0.0,-0.148279163461016,0.0,FALLEN
3.206,16.0,0.0,-0.14778572244140223,0.0,FALLEN
3.208,16.0,0.0,-0.14729392348689158,0.0,FALLEN
3.21,16.0,0.0,-0.14680376113304613,0.0,FALLEN
3.212,16.0,0.0,-0.1463152299336125,0.0,FALLEN
3.214,16.0,0.0,-0.1458283244604612,0.0,FALLEN
3.216,16.0,0.0,-0.1453430393035264,0.0,FALLEN
3.218,16.0,0.0,-0.14485936907074587,0.0,FALLEN
3.22,16.0,0.0,-0.14437730838800086,0.0,FALLEN
3.222,16.0,0.0,-0.14389685189905663,0.0,FALLEN
3.224,16.0,0.0,-0.1434179942655028,0.0,FALLEN
3.226,16.0,0.0,-0.1429407301666941,0.0,FALLEN
3.228,16.0,0.0,-0.14246505429969114,0.0,FALLEN
3.23,16.0,0.0,-0.14199096137920167,0.0,FALLEN
3.232,16.0,0.0,-0.14151844613752165,0.0,FALLEN
3.234,16.0,0.0,-0.14104750332447688,0.0,FALLEN
3.236,16.0,0.0,-0.1405781277073646,0.0,FALLEN
3.238,16.0,0.0,-0.14011031407089533,0.0,FALLEN
3.24,16.0,0.0,-0.139644057217135,0.0,FALLEN
3.242,16.0,0.0,-0.13917935196544706,0.0,FALLEN
3.244,16.0,0.0,-0.13871619315243508,0.0,FALLEN
3.246,16.0,0.0,-0.13825457563188523,0.0,FALLEN
3.248,16.0,0.0,-0.13779449427470924,0.0,FALLEN
3.25,16.0,0.0,-0.13733594396888724,0.0,FALLEN
3.2520000000000002,16.0,0.0,-0.13687891961941115,0.0,FALLEN
3.254,16.0,0.0,-0.13642341614822798,0.0,FALLEN
3.2560000000000002,16.0,0.0,-0.13596942849418328,0.0,FALLEN
3.258,16.0,0.0,-0.13551695161296515,0.0,FALLEN
3.2600000000000002,16.0,0.0,-0.13506598047704807,0.0,FALLEN
3.262,16.0,0.0,-0.13461651007563694,0.0,FALLEN
3.2640000000000002,16.0,0.0,-0.13416853541461157,0.0,FALLEN
3.266,16.0,0.0,-0.13372205151647118,0.0,FALLEN
3.2680000000000002,16.0,0.0,-0.1332770534202789,0.0,FALLEN
3.27,16.0,0.0,-0.13283353618160693,0.0,FALLEN
3.2720000000000002,16.0,0.0,-0.13239149487248134,0.0,FALLEN
3.274,16.0,0.0,-0.1319509245813275,0.0,FALLEN
3.2760000000000002,16.0,0.0,-0.1315118204129154,0.0,FALLEN
3.278,16.0,0.0,-0.13107417748830535,0.0,FALLEN
3.2800000000000002,16.0,0.0,-0.13063799094479367,0.0,FALLEN
3.282,16.0,0.0,-0.1302032559358587,0.0,FALLEN
3.2840000000000003,16.0,0.0,-0.129769967631107,0.0,FALLEN
3.286,16.0,0.0,-0.12933812121621963,0.0,FALLEN
3.2880000000000003,16.0,0.0,-0.12890771189289862,0.0,FALLEN
3.29,16.0,0.0,-0.12847873487881376,0.0,FALLEN
3.2920000000000003,16.0,0.0,-0.1280511854075493,0.0,FALLEN
3.294,16.0,0.0,-0.12762505872855126,0.0,FALLEN
3.2960000000000003,16.0,0.0,-0.12720035010707428,0.0,FALLEN
3.298,16.0,0.0,-0.1267770548241294,0.0,FALLEN
3.3000000000000003,16.0,0.0,-0.12635516817643128,0.0,FALLEN
3.302,16.0,0.0,-0.12593468547634618,0.0,FALLEN
3.3040000000000003,16.0,0.0,-0.12551560205183976,0.0,FALLEN
3.306,16.0,0.0,-0.12509791324642525,0.0,FALLEN
3.3080000000000003,16.0,0.0,-0.12468161441911159,0.0,FALLEN
3.31,16.0,0.0,-0.124266700944352,0.0,FALLEN
3.3120000000000003,16.0,0.0,-0.12385316821199244,0.0,FALLEN
3.314,16.0,0.0,-0.12344101162722058,0.0,FALLEN
3.3160000000000003,16.0,0.0,-0.12303022661051453,0.0,FALLEN
3.318,16.0,0.0,-0.12262080859759213,0.0,FALLEN
3.3200000000000003,16.0,0.0,-0.1222127530393601,0.0,FALLEN
3.322,16.0,0.0,-0.12180605540186364,0.0,FALLEN
3.3240000000000003,16.0,0.0,-0.1214007111662359,0.0,FALLEN
3.326,16.0,0.0,-0.12099671582864785,0.0,FALLEN
3.3280000000000003,16.0,0.0,-0.1205940649002583,0.0,FALLEN
3.33,16.0,0.0,-0.12019275390716387,0.0,FALLEN
3.332,16.0,0.0,-0.1197927783903494,0.0,FALLEN
3.334,16.0,0.0,-0.11939413390563836,0.0,FALLEN
3.336,16.0,0.0,-0.1189968160236435,0.0,FALLEN
3.338,16.0,0.0,-0.11860082032971758,0.0,FALLEN
3.34,16.0,0.0,-0.11820614242390438,0.0,FALLEN
3.342,16.0,0.0,-0.11781277792088979,0.0,FALLEN
3.344,16.0,0.0,-0.11742072244995305,0.0,FALLEN
3.346,16.0,0.0,-0.11702997165491823,0.0,FALLEN
3.348,16.0,0.0,-0.1166405211941058,0.0,FALLEN
3.35,16.0,0.0,-0.11625236674028443,0.0,FALLEN
3.352,16.0,0.0,-0.11586550398062284,0.0,FALLEN
3.354,16.0,0.0,-0.11547992861664194,0.0,FALLEN
3.356,16.0,0.0,-0.11509563636416709,0.0,FALLEN
3.358,16.0,0.0,-0.11471262295328039,0.0,FALLEN
3.36,16.0,0.0,-0.11433088412827333,0.0,FALLEN
3.362,16.0,0.0,-0.1139504156475995,0.0,FALLEN
3.364,16.0,0.0,-0.11357121328382741,0.0,FALLEN
3.366,16.0,0.0,-0.11319327282359357,0.0,FALLEN
3.368,16.0,0.0,-0.11281659006755564,0.0,FALLEN
3.37,16.0,0.0,-0.11244116083034579,0.0,FALLEN
3.372,16.0,0.0,-0.1120669809405242,0.0,FALLEN
3.374,16.0,0.0,-0.11169404624053265,0.0,FALLEN
3.376,16.0,0.0,-0.11132235258664847,0.0,FALLEN
3.378,16.0,0.0,-0.1109518958489383,0.0,FALLEN
3.38,16.0,0.0,-0.11058267191121239,0.0,FALLEN
3.382,16.0,0.0,-0.11021467667097874,0.0,FALLEN
3.384,16.0,0.0,-0.10984790603939754,0.0,FALLEN
3.386,16.0,0.0,-0.10948235594123576,0.0,FALLEN
3.388,16.0,0.0,-0.10911802231482194,0.0,FALLEN
3.39,16.0,0.0,-0.10875490111200088,0.0,FALLEN
3.392,16.0,0.0,-0.10839298829808884,0.0,FALLEN
3.394,16.0,0.0,-0.1080322798518286,0.0,FALLEN
3.396,16.0,0.0,-0.10767277176534482,0.0,FALLEN
3.398,16.0,0.0,-0.10731446004409949,0.0,FALLEN
3.4,16.0,0.0,-0.10695734070684759,0.0,FALLEN
3.402,16.0,0.0,-0.10660140978559283,0.0,FALLEN
3.404,16.0,0.0,-0.10624666332554353,0.0,FALLEN
3.406,16.0,0.0,-0.10589309738506869,0.0,FALLEN
3.408,16.0,0.0,-0.10554070803565423,0.0,FALLEN
3.41,16.0,0.0,-0.1051894913618593,0.0,FALLEN
3.412,16.0,0.0,-0.10483944346127282,0.0,FALLEN
3.414,16.0,0.0,-0.10449056044447003,0.0,FALLEN
3.416,16.0,0.0,-0.10414283843496942,0.0,FALLEN
3.418,16.0,0.0,-0.10379627356918952,0.0,FALLEN
3.42,16.0,0.0,-0.10345086199640602,0.0,FALLEN
3.422,16.0,0.0,-0.10310659987870902,0.0,FALLEN
3.424,16.0,0.0,-0.10276348339096031,0.0,FALLEN
3.426,16.0,0.0,-0.10242150872075097,0.0,FALLEN
3.428,16.0,0.0,-0.10208067206835891,0.0,FALLEN
3.43,16.0,0.0,-0.10174096964670672,0.0,FALLEN
3.432,16.0,0.0,-0.10140239768131952,0.0,FALLEN
3.434,16.0,0.0,-0.10106495241028313,0.0,FALLEN
3.436,16.0,0.0,-0.10072863008420216,0.0,FALLEN
3.438,16.0,0.0,-0.10039342696615844,0.0,FALLEN
3.44,16.0,0.0,-0.10005933933166941,0.0,FALLEN
3.442,16.0,0.0,-0.09972636346864681,0.0,FALLEN
3.444,16.0,0.0,-0.09939449567735542,0.0,FALLEN
3.446,16.0,0.0,-0.09906373227037191,0.0,FALLEN
3.448,16.0,0.0,-0.0987340695725439,0.0,FALLEN
3.45,16.0,0.0,-0.09840550392094914,0.0,FALLEN
3.452,16.0,0.0,-0.0980780316648548,0.0,FALLEN
3.454,16.0,0.0,-0.09775164916567688,0.0,FALLEN
3.456,16.0,0.0,-0.09742635279693981,0.0,FALLEN
3.458,16.0,0.0,-0.09710213894423614,0.0,FALLEN
3.46,16.0,0.0,-0.09677900400518641,0.0,FALLEN
3.462,16.0,0.0,-0.09645694438939906,0.0,FALLEN
3.464,16.0,0.0,-0.09613595651843061,0.0,FALLEN
3.466,16.0,0.0,-0.09581603682574587,0.0,FALLEN
3.468,16.0,0.0,-0.09549718175667828,0.0,FALLEN
3.47,16.0,0.0,-0.09517938776839045,0.0,FALLEN
3.472,16.0,0.0,-0.09486265132983482,0.0,FALLEN
3.474,16.0,0.0,-0.09454696892171438,0.0,FALLEN
3.476,16.0,0.0,-0.09423233703644354,0.0,FALLEN
3.478,16.0,0.0,-0.09391875217810923,0.0,FALLEN
3.48,16.0,0.0,-0.09360621086243204,0.0,FALLEN
3.482,16.0,0.0,-0.09329470961672746,0.0,FALLEN
3.484,16.0,0.0,-0.09298424497986732,0.0,FALLEN
3.486,16.0,0.0,-0.09267481350224137,0.0,FALLEN
3.488,16.0,0.0,-0.09236641174571888,0.0,FALLEN
3.49,16.0,0.0,-0.09205903628361051,0.0,FALLEN
3.492,16.0,0.0,-0.09175268370063017,0.0,FALLEN
3.494,16.0,0.0,-0.09144735059285712,0.0,FALLEN
3.496,16.0,0.0,-0.09114303356769815,0.0,FALLEN
3.498,16.0,0.0,-0.09083972924384982,0.0,FALLEN
3.5,16.0,0.0,-0.09053743425126101,0.0,FALLEN
3.5020000000000002,16.0,0.0,-0.09023614523109533,0.0,FALLEN
3.504,16.0,0.0,-0.0899358588356939,0.0,FALLEN
3.5060000000000002,16.0,0.0,-0.08963657172853813,0.0,FALLEN
3.508,16.0,0.0,-0.08933828058421264,0.0,FALLEN
3.5100000000000002,16.0,0.0,-0.08904098208836832,0.0,FALLEN
3.512,16.0,0.0,-0.08874467293768545,0.0,FALLEN
3.5140000000000002,16.0,0.0,-0.08844934983983715,0.0,FALLEN
3.516,16.0,0.0,-0.08815500951345259,0.0,FALLEN
3.5180000000000002,16.0,0.0,-0.08786164868808068,0.0,FALLEN
3.52,16.0,0.0,-0.08756926410415367,0.0,FALLEN
3.5220000000000002,16.0,0.0,-0.08727785251295095,0.0,FALLEN
3.524,16.0,0.0,-0.08698741067656297,0.0,FALLEN
3.5260000000000002,16.0,0.0,-0.08669793536785522,0.0,FALLEN
3.528,16.0,0.0,-0.08640942337043239,0.0,FALLEN
3.5300000000000002,16.0,0.0,-0.08612187147860265,0.0,FALLEN
3.532,16.0,0.0,-0.08583527649734204,0.0,FALLEN
3.5340000000000003,16.0,0.0,-0.08554963524225893,0.0,FALLEN
3.536,16.0,0.0,-0.08526494453955866,0.0,FALLEN
3.5380000000000003,16.0,0.0,-0.08498120122600823,0.0,FALLEN
3.54,16.0,0.0,-0.0846984021489013,0.0,FALLEN
3.5420000000000003,16.0,0.0,-0.08441654416602294,0.0,FALLEN
3.544,16.0,0.0,-0.08413562414561492,0.0,FALLEN
3.5460000000000003,16.0,0.0,-0.08385563896634077,0.0,FALLEN
3.548,16.0,0.0,-0.08357658551725118,0.0,FALLEN
3.5500000000000003,16.0,0.0,-0.0832984606977494,0.0,FALLEN
3.552,16.0,0.0,-0.08302126141755681,0.0,FALLEN
3.5540000000000003,16.0,0.0,-0.08274498459667852,0.0,FALLEN
3.556,16.0,0.0,-0.08246962716536925,0.0,FALLEN
3.5580000000000003,16.0,0.0,-0.08219518606409917,0.0,FALLEN
3.56,16.0,0.0,-0.08192165824351988,0.0,FALLEN
3.5620000000000003,16.0,0.0,-0.08164904066443054,0.0,FALLEN
3.564,16.0,0.0,-0.08137733029774416,0.0,FALLEN
3.5660000000000003,16.0,0.0,-0.08110652412445385,0.0,FALLEN
3.568,16.0,0.0,-0.08083661913559936,0.0,FALLEN
3.5700000000000003,16.0,0.0,-0.08056761233223357,0.0,FALLEN
3.572,16.0,0.0,-0.08029950072538924,0.0,FALLEN
3.5740000000000003,16.0,0.0,-0.08003228133604579,0.0,FALLEN
3.576,16.0,0.0,-0.0797659511950961,0.0,FALLEN
3.5780000000000003,16.0,0.0,-0.07950050734331365,0.0,FALLEN
3.58,16.0,0.0,-0.07923594683131958,0.0,FALLEN
3.5820000000000003,16.0,0.0,-0.07897226671954995,0.0,FALLEN
3.584,16.0,0.0,-0.07870946407822299,0.0,FALLEN
3.586,16.0,0.0,-0.07844753598730668,0.0,FALLEN
3.588,16.0,0.0,-0.07818647953648618,0.0,FALLEN
3.59,16.0,0.0,-0.0779262918251316,0.0,FALLEN
3.592,16.0,0.0,-0.07766696996226566,0.0,FALLEN
3.594,16.0,0.0,-0.07740851106653167,0.0,FALLEN
3.596,16.0,0.0,-0.07715091226616147,0.0,FALLEN
3.598,16.0,0.0,-0.07689417069894351,0.0,FALLEN
3.6,16.0,0.0,-0.0766382835121911,0.0,FALLEN
3.602,16.0,0.0,-0.07638324786271061,0.0,FALLEN
3.604,16.0,0.0,-0.07612906091676998,0.0,FALLEN
3.606,16.0,0.0,-0.0758757198500672,0.0,FALLEN
3.608,16.0,0.0,-0.07562322184769892,0.0,FALLEN
3.61,16.0,0.0,-0.0753715641041292,0.0,FALLEN
3.612,16.0,0.0,-0.07512074382315825,0.0,FALLEN
3.614,16.0,0.0,-0.07487075821789153,0.0,FALLEN
3.616,16.0,0.0,-0.07462160451070862,0.0,FALLEN
3.618,16.0,0.0,-0.07437327993323244,0.0,FALLEN
3.62,16.0,0.0,-0.07412578172629844,0.0,FALLEN
3.622,16.0,0.0,-0.073879107139924,0.0,FALLEN
3.624,16.0,0.0,-0.07363325343327787,0.0,FALLEN
3.626,16.0,0.0,-0.07338821787464964,0.0,FALLEN
3.628,16.0,0.0,-0.07314399774141948,0.0,FALLEN
3.63,16.0,0.0,-0.07290059032002787,0.0,FALLEN
3.632,16.0,0.0,-0.07265799290594535,0.0,FALLEN
3.634,16.0,0.0,-0.07241620280364264,0.0,FALLEN
3.636,16.0,0.0,-0.07217521732656054,0.0,FALLEN
3.638,16.0,0.0,-0.07193503379708018,0.0,FALLEN
3.64,16.0,0.0,-0.07169564954649317,0.0,FALLEN
3.642,16.0,0.0,-0.07145706191497207,0.0,FALLEN
3.644,16.0,0.0,-0.07121926825154073,0.0,FALLEN
3.646,16.0,0.0,-0.07098226591404491,0.0,FALLEN
3.648,16.0,0.0,-0.07074605226912284,0.0,FALLEN
3.65,16.0,0.0,-0.07051062469217603,0.0,FALLEN
3.652,16.0,0.0,-0.07027598056734012,0.0,FALLEN
3.654,16.0,0.0,-0.07004211728745574,0.0,FALLEN
3.656,16.0,0.0,-0.06980903225403959,0.0,FALLEN
3.658,16.0,0.0,-0.06957672287725557,0.0,FALLEN
3.66,16.0,0.0,-0.069345186575886,0.0,FALLEN
3.662,16.0,0.0,-0.06911442077730291,0.0,FALLEN
3.664,16.0,0.0,-0.06888442291743953,0.0,FALLEN
3.666,16.0,0.0,-0.06865519044076168,0.0,FALLEN
3.668,16.0,0.0,-0.0684267208002395,0.0,FALLEN
3.67,16.0,0.0,-0.06819901145731908,0.0,FALLEN
3.672,16.0,0.0,-0.06797205988189427,0.0,FALLEN
3.674,16.0,0.0,-0.06774586355227855,0.0,FALLEN
3.676,16.0,0.0,-0.06752041995517705,0.0,FALLEN
3.678,16.0,0.0,-0.0672957265856586,0.0,FALLEN
3.68,16.0,0.0,-0.06707178094712789,0.0,FALLEN
3.682,16.0,0.0,-0.06684858055129775,0.0,FALLEN
3.684,16.0,0.0,-0.06662612291816146,0.0,FALLEN
3.686,16.0,0.0,-0.06640440557596528,0.0,FALLEN
3.688,16.0,0.0,-0.06618342606118087,0.0,FALLEN
3.69,16.0,0.0,-0.06596318191847805,0.0,FALLEN
3.692,16.0,0.0,-0.06574367070069742,0.0,FALLEN
3.694,16.0,0.0,-0.06552488996882316,0.0,FALLEN
3.696,16.0,0.0,-0.06530683729195601,0.0,FALLEN
3.698,16.0,0.0,-0.0650895102472862,0.0,FALLEN
3.7,16.0,0.0,-0.06487290642006656,0.0,FALLEN
3.702,16.0,0.0,-0.06465702340358567,0.0,FALLEN
3.704,16.0,0.0,-0.06444185879914113,0.0,FALLEN
3.706,16.0,0.0,-0.0642274102160129,0.0,FALLEN
3.708,16.0,0.0,-0.06401367527143673,0.0,FALLEN
3.71,16.0,0.0,-0.0638006515905777,0.0,FALLEN
3.712,16.0,0.0,-0.06358833680650385,0.0,FALLEN
3.714,16.0,0.0,-0.06337672856015981,0.0,FALLEN
3.716,16.0,0.0,-0.0631658245003407,0.0,FALLEN
3.718,16.0,0.0,-0.06295562228366589,0.0,FALLEN
3.72,16.0,0.0,-0.06274611957455302,0.0,FALLEN
3.722,16.0,0.0,-0.06253731404519208,0.0,FALLEN
3.724,16.0,0.0,-0.062329203375519476,0.0,FALLEN
3.726,16.0,0.0,-0.062121785253192285,0.0,FALLEN
3.728,16.0,0.0,-0.06191505737356257,0.0,FALLEN
3.73,16.0,0.0,-0.06170901743965177,0.0,FALLEN
3.732,16.0,0.0,-0.061503663162125174,0.0,FALLEN
3.734,16.0,0.0,-0.06129899225926646,0.0,FALLEN
3.736,16.0,0.0,-0.06109500245695239,0.0,FALLEN
3.738,16.0,0.0,-0.06089169148862749,0.0,FALLEN
3.74,16.0,0.0,-0.06068905709527893,0.0,FALLEN
3.742,16.0,0.0,-0.06048709702541135,0.0,FALLEN
3.744,16.0,0.0,-0.0602858090350219,0.0,FALLEN
3.746,16.0,0.0,-0.06008519088757529,0.0,FALLEN
3.748,16.0,0.0,-0.05988524035397892,0.0,FALLEN
3.75,16.0,0.0,-0.05968595521255814,0.0,FALLEN
3.7520000000000002,16.0,0.0,-0.05948733324903155,0.0,FALLEN
3.754,16.0,0.0,-0.0592893722564864,0.0,FALLEN
3.7560000000000002,16.0,0.0,-0.05909207003535408,0.0,FALLEN
3.758,16.0,0.0,-0.05889542439338564,0.0,FALLEN
3.7600000000000002,16.0,0.0,-0.0586994331456275,0.0,FALLEN
3.762,16.0,0.0,-0.0585040941143971,0.0,FALLEN
3.7640000000000002,16.0,0.0,-0.05830940512925875,0.0,FALLEN
3.766,16.0,0.0,-0.058115364026999516,0.0,FALLEN
3.7680000000000002,16.0,0.0,-0.05792196865160513,0.0,FALLEN
3.77,16.0,0.0,-0.05772921685423612,0.0,FALLEN
3.7720000000000002,16.0,0.0,-0.05753710649320384,0.0,FALLEN
3.774,16.0,0.0,-0.05734563543394677,0.0,FALLEN
3.7760000000000002,16.0,0.0,-0.05715480154900673,0.0,FALLEN
3.778,16.0,0.0,-0.056964602718005235,0.0,FALLEN
3.7800000000000002,16.0,0.0,-0.056775036827619994,0.0,FALLEN
3.782,16.0,0.0,-0.05658610177156139,0.0,FALLEN
3.7840000000000003,16.0,0.0,-0.05639779545054907,0.0,FALLEN
3.786,16.0,0.0,-0.056210115772288655,0.0,FALLEN
3.7880000000000003,16.0,0.0,-0.056023060651448436,0.0,FALLEN
3.79,16.0,0.0,-0.05583662800963627,0.0,FALLEN
3.7920000000000003,16.0,0.0,-0.05565081577537644,0.0,FALLEN
3.794,16.0,0.0,-0.05546562188408666,0.0,FALLEN
3.7960000000000003,16.0,0.0,-0.0552810442780551,0.0,FALLEN
3.798,16.0,0.0,-0.05509708090641759,0.0,FALLEN
3.8000000000000003,16.0,0.0,-0.05491372972513477,0.0,FALLEN
3.802,16.0,0.0,-0.054730988696969414,0.0,FALLEN
3.8040000000000003,16.0,0.0,-0.054548855791463756,0.0,FALLEN
3.806,16.0,0.0,-0.05436732898491699,0.0,FALLEN
3.8080000000000003,16.0,0.0,-0.05418640626036272,0.0,FALLEN
3.81,16.0,0.0,-0.05400608560754659,0.0,FALLEN
3.8120000000000003,16.0,0.0,-0.053826365022903944,0.0,FALLEN
3.814,16.0,0.0,-0.05364724250953754,0.0,FALLEN
3.8160000000000003,16.0,0.0,-0.05346871607719539,0.0,FALLEN
3.818,16.0,0.0,-0.05329078374224863,0.0,FALLEN
3.8200000000000003,16.0,0.0,-0.05311344352766949,0.0,FALLEN
3.822,16.0,0.0,-0.05293669346300931,0.0,FALLEN
3.8240000000000003,16.0,0.0,-0.052760531584376665,0.0,FALLEN
3.826,16.0,0.0,-0.05258495593441554,0.0,FALLEN
3.8280000000000003,16.0,0.0,-0.05240996456228358,0.0,FALLEN
3.83,16.0,0.0,-0.052235555523630385,0.0,FALLEN
3.8320000000000003,16.0,0.0,-0.05206172688057597,0.0,FALLEN
3.834,16.0,0.0,-0.051888476701689175,0.0,FALLEN
3.8360000000000003,16.0,0.0,-0.051715803061966235,0.0,FALLEN
3.838,16.0,0.0,-0.05154370404280936,0.0,FALLEN
3.84,16.0,0.0,-0.051372177732005475,0.0,FALLEN
3.842,16.0,0.0,-0.051201222223704906,0.0,FALLEN
3.844,16.0,0.0,-0.05103083561840025,0.0,FALLEN
3.846,16.0,0.0,-0.05086101602290526,0.0,FALLEN
3.848,16.0,0.0,-0.05069176155033378,0.0,FALLEN
3.85,16.0,0.0,-0.05052307032007882,0.0,FALLEN
3.852,16.0,0.0,-0.05035494045779165,0.0,FALLEN
3.854,16.0,0.0,-0.05018737009536095,0.0,FALLEN
3.856,16.0,0.0,-0.05002035737089208,0.0,FALLEN
3.858,16.0,0.0,-0.0498539004286864,0.0,FALLEN
3.86,16.0,0.0,-0.04968799741922059,0.0,FALLEN
3.862,16.0,0.0,-0.049522646499126195,0.0,FALLEN
3.864,16.0,0.0,-0.049357845831169055,0.0,FALLEN
3.866,16.0,0.0,-0.04919359358422895,0.0,FALLEN
3.868,16.0,0.0,-0.04902988793327922,0.0,FALLEN
3.87,16.0,0.0,-0.0488667270593665,0.0,FALLEN
3.872,16.0,0.0,-0.048704109149590516,0.0,FALLEN
3.874,16.0,0.0,-0.048542032397083934,0.0,FALLEN
3.876,16.0,0.0,-0.04838049500099228,0.0,FALLEN
3.878,16.0,0.0,-0.04821949516645392,0.0,FALLEN
3.88,16.0,0.0,-0.048059031104580166,0.0,FALLEN
3.882,16.0,0.0,-0.047899101032435346,0.0,FALLEN
3.884,16.0,0.0,-0.047739703173017005,0.0,FALLEN
3.886,16.0,0.0,-0.04758083575523618,0.0,FALLEN
3.888,16.0,0.0,-0.0474224970138977,0.0,FALLEN
3.89,16.0,0.0,-0.047264685189680605,0.0,FALLEN
3.892,16.0,0.0,-0.047107398529118535,0.0,FALLEN
3.894,16.0,0.0,-0.04695063528458033,0.0,FALLEN
3.896,16.0,0.0,-0.04679439371425053,0.0,FALLEN
3.898,16.0,0.0,-0.04663867208211009,0.0,FALLEN
3.9,16.0,0.0,-0.04648346865791705,0.0,FALLEN
3.902,16.0,0.0,-0.04632878171718732,0.0,FALLEN
3.904,16.0,0.0,-0.04617460954117553,0.0,FALLEN
3.906,16.0,0.0,-0.046020950416855916,0.0,FALLEN
3.908,16.0,0.0,-0.045867802636903286,0.0,FALLEN
3.91,16.0,0.0,-0.04571516449967406,0.0,FALLEN
3.912,16.0,0.0,-0.04556303430918737,0.0,FALLEN
3.914,16.0,0.0,-0.04541141037510621,0.0,FALLEN
3.916,16.0,0.0,-0.04526029101271864,0.0,FALLEN
3.918,16.0,0.0,-0.04510967454291907,0.0,FALLEN
3.92,16.0,0.0,-0.04495955929218962,0.0,FALLEN
3.922,16.0,0.0,-0.04480994359258152,0.0,FALLEN
3.924,16.0,0.0,-0.04466082578169657,0.0,FALLEN
3.926,16.0,0.0,-0.04451220420266866,0.0,FALLEN
3.928,16.0,0.0,-0.04436407720414539,0.0,FALLEN
3.93,16.0,0.0,-0.0442164431402697,0.0,FALLEN
3.932,16.0,0.0,-0.044069300370661584,0.0,FALLEN
3.934,16.0,0.0,-0.043922647260399864,0.0,FALLEN
3.936,16.0,0.0,-0.04377648218000402,0.0,FALLEN
3.938,16.0,0.0,-0.04363080350541611,0.0,FALLEN
3.94,16.0,0.0,-0.04348560961798269,0.0,FALLEN
3.942,16.0,0.0,-0.04334089890443685,0.0,FALLEN
3.944,16.0,0.0,-0.04319666975688028,0.0,FALLEN
3.946,16.0,0.0,-0.04305292057276543,0.0,FALLEN
3.948,16.0,0.0,-0.04290964975487765,0.0,FALLEN
3.95,16.0,0.0,-0.042766855711317484,0.0,FALLEN
3.952,16.0,0.0,-0.042624536855482995,0.0,FALLEN
3.954,16.0,0.0,-0.04248269160605209,0.0,FALLEN
3.956,16.0,0.0,-0.042341318386964984,0.0,FALLEN
3.958,16.0,0.0,-0.04220041562740667,0.0,FALLEN
3.96,16.0,0.0,-0.04205998176178949,0.0,FALLEN
3.962,16.0,0.0,-0.04192001522973571,0.0,FALLEN
3.964,16.0,0.0,-0.0417805144760602,0.0,FALLEN
3.966,16.0,0.0,-0.04164147795075315,0.0,FALLEN
3.968,16.0,0.0,-0.04150290410896286,0.0,FALLEN
3.97,16.0,0.0,-0.041364791410978534,0.0,FALLEN
3.972,16.0,0.0,-0.04122713832221323,0.0,FALLEN
3.974,16.0,0.0,-0.041089943313186765,0.0,FALLEN
3.976,16.0,0.0,-0.040953204859508735,0.0,FALLEN
3.978,16.0,0.0,-0.04081692144186159,0.0,FALLEN
3.98,16.0,0.0,-0.04068109154598371,0.0,FALLEN
3.982,16.0,0.0,-0.04054571366265266,0.0,FALLEN
3.984,16.0,0.0,-0.04041078628766833,0.0,FALLEN
3.986,16.0,0.0,-0.04027630792183628,0.0,FALLEN
3.988,16.0,0.0,-0.040142277070951055,0.0,FALLEN
3.99,16.0,0.0,-0.040008692245779603,0.0,FALLEN
3.992,16.0,0.0,-0.03987555196204472,0.0,FALLEN
3.994,16.0,0.0,-0.03974285474040854,0.0,FALLEN
3.996,16.0,0.0,-0.03961059910645614,0.0,FALLEN
3.998,16.0,0.0,-0.0394787835906791,0.0,FALLEN
4.0,16.0,0.0,-0.03934740672845922,0.0,FALLEN
4.002,16.0,0.0,-0.039216467060052246,0.0,FALLEN
4.0040000000000004,16.0,0.0,-0.039085963130571624,0.0,FALLEN
4.006,16.0,0.0,-0.038955893489972346,0.0,FALLEN
4.008,16.0,0.0,-0.038826256693034855,0.0,FALLEN
4.01,16.0,0.0,-0.03869705129934895,0.0,FALLEN
4.0120000000000005,16.0,0.0,-0.03856827587329782,0.0,FALLEN
4.014,16.0,0.0,-0.03843992898404208,0.0,FALLEN
4.016,16.0,0.0,-0.03831200920550385,0.0,FALLEN
4.018,16.0,0.0,-0.03818451511635095,0.0,FALLEN
4.0200000000000005,16.0,0.0,-0.03805744529998108,0.0,FALLEN
4.022,16.0,0.0,-0.03793079834450607,0.0,FALLEN
4.024,16.0,0.0,-0.037804572842736237,0.0,FALLEN
4.026,16.0,0.0,-0.03767876739216471,0.0,FALLEN
4.0280000000000005,16.0,0.0,-0.03755338059495184,0.0,FALLEN
4.03,16.0,0.0,-0.03742841105790971,0.0,FALLEN
4.032,16.0,0.0,-0.03730385739248662,0.0,FALLEN
4.034,16.0,0.0,-0.03717971821475168,0.0,FALLEN
4.0360000000000005,16.0,0.0,-0.03705599214537941,0.0,FALLEN
4.038,16.0,0.0,-0.03693267780963444,0.0,FALLEN
4.04,16.0,0.0,-0.036809773837356195,0.0,FALLEN
4.042,16.0,0.0,-0.03668727886294374,0.0,FALLEN
4.0440000000000005,16.0,0.0,-0.03656519152534054,0.0,FALLEN
4.046,16.0,0.0,-0.03644351046801935,0.0,FALLEN
4.048,16.0,0.0,-0.03632223433896719,0.0,FALLEN
4.05,16.0,0.0,-0.03620136179067026,0.0,FALLEN
4.0520000000000005,16.0,0.0,-0.036080891480099,0.0,FALLEN
4.054,16.0,0.0,-0.035960822068693166,0.0,FALLEN
4.056,16.0,0.0,-0.03584115222234695,0.0,FALLEN
4.058,16.0,0.0,-0.035721880611394155,0.0,FALLEN
4.0600000000000005,16.0,0.0,-0.03560300591059345,0.0,FALLEN
4.062,16.0,0.0,-0.03548452679911358,0.0,FALLEN
4.064,16.0,0.0,-0.03536644196051878,0.0,FALLEN
4.066,16.0,0.0,-0.035248750082754056,0.0,FALLEN
4.0680000000000005,16.0,0.0,-0.035131449858130666,0.0,FALLEN
4.07,16.0,0.0,-0.03501453998331158,0.0,FALLEN
4.072,16.0,0.0,-0.03489801915929698,0.0,FALLEN
4.074,16.0,0.0,-0.03478188609140986,0.0,FALLEN
4.0760000000000005,16.0,0.0,-0.03466613948928158,0.0,FALLEN
4.078,16.0,0.0,-0.034550778066837616,0.0,FALLEN
4.08,16.0,0.0,-0.034435800542283186,0.0,FALLEN
4.082,16.0,0.0,-0.034321205638089054,0.0,FALLEN
4.0840000000000005,16.0,0.0,-0.034206992080977335,0.0,FALLEN
4.086,16.0,0.0,-0.03409315860190733,0.0,FALLEN
4.088,16.0,0.0,-0.03397970393606143,0.0,FALLEN
4.09,16.0,0.0,-0.03386662682283107,0.0,FALLEN
4.0920000000000005,16.0,0.0,-0.03375392600580272,0.0,FALLEN
4.094,16.0,0.0,-0.033641600232743915,0.0,FALLEN
4.096,16.0,0.0,-0.033529648255589364,0.0,FALLEN
4.098,16.0,0.0,-0.03341806883042705,0.0,FALLEN
4.1,16.0,0.0,-0.033306860717484434,0.0,FALLEN
4.102,16.0,0.0,-0.03319602268111468,0.0,FALLEN
4.104,16.0,0.0,-0.0330855534897829,0.0,FALLEN
4.106,16.0,0.0,-0.0329754519160525,0.0,FALLEN
4.108,16.0,0.0,-0.032865716736571536,0.0,FALLEN
4.11,16.0,0.0,-0.032756346732059106,0.0,FALLEN
4.112,16.0,0.0,-0.0326473406872918,0.0,FALLEN
4.114,16.0,0.0,-0.032538697391090235,0.0,FALLEN
4.116,16.0,0.0,-0.032430415636305554,0.0,FALLEN
4.118,16.0,0.0,-0.03232249421980603,0.0,FALLEN
4.12,16.0,0.0,-0.032214931942463707,0.0,FALLEN
4.122,16.0,0.0,-0.03210772760914106,0.0,FALLEN
4.124,16.0,0.0,-0.03200088002867773,0.0,FALLEN
4.126,16.0,0.0,-0.031894388013877284,0.0,FALLEN
4.128,16.0,0.0,-0.03178825038149401,0.0,FALLEN
4.13,16.0,0.0,-0.03168246595221979,0.0,FALLEN
4.132,16.0,0.0,-0.03157703355067099,0.0,FALLEN
4.134,16.0,0.0,-0.03147195200537539,0.0,FALLEN
4.136,16.0,0.0,-0.0313672201487592,0.0,FALLEN
4.138,16.0,0.0,-0.031262836817134036,0.0,FALLEN
4.14,16.0,0.0,-0.031158800850684027,0.0,FALLEN
4.142,16.0,0.0,-0.031055111093452922,0.0,FALLEN
4.144,16.0,0.0,-0.03095176639333124,0.0,FALLEN
4.146,16.0,0.0,-0.030848765602043474,0.0,FALLEN
4.148,16.0,0.0,-0.030746107575135326,0.0,FALLEN
4.15,16.0,0.0,-0.030643791171960998,0.0,FALLEN
4.152,16.0,0.0,-0.030541815255670512,0.0,FALLEN
4.154,16.0,0.0,-0.03044017869319708,0.0,FALLEN
4.156,16.0,0.0,-0.030338880355244523,0.0,FALLEN
4.158,16.0,0.0,-0.030237919116274707,0.0,FALLEN
4.16,16.0,0.0,-0.03013729385449505,0.0,FALLEN
4.162,16.0,0.0,-0.030037003451846053,0.0,FALLEN
4.164,16.0,0.0,-0.029937046793988877,0.0,FALLEN
4.166,16.0,0.0,-0.02983742277029296,0.0,FALLEN
4.168,16.0,0.0,-0.02973813027382368,0.0,FALLEN
4.17,16.0,0.0,-0.029639168201330057,0.0,FALLEN
4.172,16.0,0.0,-0.029540535453232486,0.0,FALLEN
4.174,16.0,0.0,-0.02944223093361054,0.0,FALLEN
4.176,16.0,0.0,-0.029344253550190755,0.0,FALLEN
4.178,16.0,0.0,-0.029246602214334536,0.0,FALLEN
4.18,16.0,0.0,-0.029149275841026032,0.0,FALLEN
4.182,16.0,0.0,-0.029052273348860094,0.0,FALLEN
4.184,16.0,0.0,-0.028955593660030258,0.0,FALLEN
4.186,16.0,0.0,-0.028859235700316763,0.0,FALLEN
4.188,16.0,0.0,-0.02876319839907462,0.0,FALLEN
4.19,16.0,0.0,-0.02866748068922172,0.0,FALLEN
4.192,16.0,0.0,-0.028572081507226964,0.0,FALLEN
4.194,16.0,0.0,-0.028476999793098458,0.0,FALLEN
4.196,16.0,0.0,-0.028382234490371742,0.0,FALLEN
4.198,16.0,0.0,-0.028287784546098028,0.0,FALLEN
4.2,16.0,0.0,-0.028193648910832515,0.0,FALLEN
4.202,16.0,0.0,-0.028099826538622738,0.0,FALLEN
4.204,16.0,0.0,-0.028006316386996927,0.0,FALLEN
4.206,16.0,0.0,-0.027913117416952432,0.0,FALLEN
4.208,16.0,0.0,-0.027820228592944193,0.0,FALLEN
4.21,16.0,0.0,-0.027727648882873195,0.0,FALLEN
4.212,16.0,0.0,-0.02763537725807505,0.0,FALLEN
4.214,16.0,0.0,-0.027543412693308532,0.0,FALLEN
4.216,16.0,0.0,-0.027451754166744197,0.0,FALLEN
4.218,16.0,0.0,-0.027360400659953026,0.0,FALLEN
4.22,16.0,0.0,-0.02726935115789512,0.0,FALLEN
4.222,16.0,0.0,-0.027178604648908405,0.0,FALLEN
4.224,16.0,0.0,-0.0270881601246974,0.0,FALLEN
4.226,16.0,0.0,-0.026998016580322023,0.0,FALLEN
4.228,16.0,0.0,-0.02690817301418641,0.0,FALLEN
4.23,16.0,0.0,-0.026818628428027784,0.0,FALLEN
4.232,16.0,0.0,-0.026729381826905384,0.0,FALLEN
4.234,16.0,0.0,-0.026640432219189384,0.0,FALLEN
4.236,16.0,0.0,-0.026551778616549896,0.0,FALLEN
4.238,16.0,0.0,-0.026463420033945983,0.0,FALLEN
4.24,16.0,0.0,-0.026375355489614703,0.0,FALLEN
4.242,16.0,0.0,-0.026287584005060212,0.0,FALLEN
4.244,16.0,0.0,-0.026200104605042893,0.0,FALLEN
4.246,16.0,0.0,-0.026112916317568513,0.0,FALLEN
4.248,16.0,0.0,-0.02602601817387742,0.0,FALLEN
4.25,16.0,0.0,-0.025939409208433798,0.0,FALLEN
4.252,16.0,0.0,-0.025853088458914913,0.0,FALLEN
4.2540000000000004,16.0,0.0,-0.025767054966200437,0.0,FALLEN
4.256,16.0,0.0,-0.025681307774361787,0.0,FALLEN
4.258,16.0,0.0,-0.025595845930651506,0.0,FALLEN
4.26,16.0,0.0,-0.02551066848549268,0.0,FALLEN
4.2620000000000005,16.0,0.0,-0.025425774492468366,0.0,FALLEN
4.264,16.0,0.0,-0.02534116300831111,0.0,FALLEN
4.266,16.0,0.0,-0.02525683309289243,0.0,FALLEN
4.268,16.0,0.0,-0.025172783809212406,0.0,FALLEN
4.2700000000000005,16.0,0.0,-0.02508901422338924,0.0,FALLEN
4.272,16.0,0.0,-0.025005523404648893,0.0,FALLEN
4.274,16.0,0.0,-0.024922310425314745,0.0,FALLEN
4.276,16.0,0.0,-0.024839374360797282,0.0,FALLEN
4.2780000000000005,16.0,0.0,-0.024756714289583825,0.0,FALLEN
4.28,16.0,0.0,-0.02467432929322828,0.0,FALLEN
4.282,16.0,0.0,-0.024592218456340954,0.0,FALLEN
4.284,16.0,0.0,-0.02451038086657837,0.0,FALLEN
4.2860000000000005,16.0,0.0,-0.024428815614633136,0.0,FALLEN
4.288,16.0,0.0,-0.024347521794223833,0.0,FALLEN
4.29,16.0,0.0,-0.024266498502084954,0.0,FALLEN
4.292,16.0,0.0,-0.024185744837956866,0.0,FALLEN
4.2940000000000005,16.0,0.0,-0.024105259904575804,0.0,FALLEN
4.296,16.0,0.0,-0.024025042807663894,0.0,FALLEN
4.298,16.0,0.0,-0.023945092655919244,0.0,FALLEN
4.3,16.0,0.0,-0.023865408561006003,0.0,FALLEN
4.3020000000000005,16.0,0.0,-0.023785989637544525,0.0,FALLEN
4.304,16.0,0.0,-0.023706835003101515,0.0,FALLEN
4.306,16.0,0.0,-0.02362794377818021,0.0,FALLEN
4.308,16.0,0.0,-0.023549315086210634,0.0,FALLEN
4.3100000000000005,16.0,0.0,-0.02347094805353985,0.0,FALLEN
4.312,16.0,0.0,-0.023392841809422242,0.0,FALLEN
4.314,16.0,0.0,-0.023314995486009852,0.0,FALLEN
4.316,16.0,0.0,-0.02323740821834273,0.0,FALLEN
4.3180000000000005,16.0,0.0,-0.023160079144339322,0.0,FALLEN
4.32,16.0,0.0,-0.0230830074047869,0.0,FALLEN
4.322,16.0,0.0,-0.023006192143332008,0.0,FALLEN
4.324,16.0,0.0,-0.022929632506470957,0.0,FALLEN
4.3260000000000005,16.0,0.0,-0.02285332764354032,0.0,FALLEN
4.328,16.0,0.0,-0.022777276706707508,0.0,FALLEN
4.33,16.0,0.0,-0.022701478850961323,0.0,FALLEN
4.332,16.0,0.0,-0.022625933234102592,0.0,FALLEN
4.3340000000000005,16.0,0.0,-0.022550639016734795,0.0,FALLEN
4.336,16.0,0.0,-0.02247559536225474,0.0,FALLEN
4.338,16.0,0.0,-0.022400801436843278,0.0,FALLEN
4.34,16.0,0.0,-0.022326256409456017,0.0,FALLEN
4.3420000000000005,16.0,0.0,-0.022251959451814105,0.0,FALLEN
4.344,16.0,0.0,-0.02217790973839504,0.0,FALLEN
4.346,16.0,0.0,-0.02210410644642345,0.0,FALLEN
4.348,16.0,0.0,-0.02203054875586201,0.0,FALLEN
4.3500000000000005,16.0,0.0,-0.021957235849402287,0.0,FALLEN
4.352,16.0,0.0,-0.021884166912455677,0.0,FALLEN
4.354,16.0,0.0,-0.02181134113314435,0.0,FALLEN
4.356,16.0,0.0,-0.021738757702292236,0.0,FALLEN
4.358,16.0,0.0,-0.021666415813416013,0.0,FALLEN
4.36,16.0,0.0,-0.021594314662716177,0.0,FALLEN
4.362,16.0,0.0,-0.021522453449068092,0.0,FALLEN
4.364,16.0,0.0,-0.021450831374013088,0.0,FALLEN
4.366,16.0,0.0,-0.021379447641749594,0.0,FALLEN
4.368,16.0,0.0,-0.021308301459124292,0.0,FALLEN
4.37,16.0,0.0,-0.021237392035623314,0.0,FALLEN
4.372,16.0,0.0,-0.021166718583363445,0.0,FALLEN
4.374,16.0,0.0,-0.02109628031708338,0.0,FALLEN
4.376,16.0,0.0,-0.021026076454134984,0.0,FALLEN
4.378,16.0,0.0,-0.020956106214474624,0.0,FALLEN
4.38,16.0,0.0,-0.02088636882065446,0.0,FALLEN
4.382,16.0,0.0,-0.020816863497813854,0.0,FALLEN
4.384,16.0,0.0,-0.02074758947367072,0.0,FALLEN
4.386,16.0,0.0,-0.020678545978512968,0.0,FALLEN
4.388,16.0,0.0,-0.020609732245189943,0.0,FALLEN
4.39,16.0,0.0,-0.020541147509103897,0.0,FALLEN
4.392,16.0,0.0,-0.020472791008201503,0.0,FALLEN
4.394,16.0,0.0,-0.02040466198296538,0.0,FALLEN
4.396,16.0,0.0,-0.02033675967640566,0.0,FALLEN
4.398,16.0,0.0,-0.020269083334051568,0.0,FALLEN
4.4,16.0,0.0,-0.020201632203943054,0.0,FALLEN
4.402,16.0,0.0,-0.02013440553662242,0.0,FALLEN
4.404,16.0,0.0,-0.020067402585126,0.0,FALLEN
4.406,16.0,0.0,-0.02000062260497587,0.0,FALLEN
4.408,16.0,0.0,-0.019934064854171565,0.0,FALLEN
4.41,16.0,0.0,-0.019867728593181828,0.0,FALLEN
4.412,16.0,0.0,-0.019801613084936418,0.0,FALLEN
4.414,16.0,0.0,-0.019735717594817893,0.0,FALLEN
4.416,16.0,0.0,-0.019670041390653464,0.0,FALLEN
4.418,16.0,0.0,-0.019604583742706853,0.0,FALLEN
4.42,16.0,0.0,-0.019539343923670186,0.0,FALLEN
4.422,16.0,0.0,-0.019474321208655915,0.0,FALLEN
4.424,16.0,0.0,-0.019409514875188758,0.0,FALLEN
4.426,16.0,0.0,-0.019344924203197684,0.0,FALLEN
4.428,16.0,0.0,-0.019280548475007882,0.0,FALLEN
4.43,16.0,0.0,-0.019216386975332834,0.0,FALLEN
4.432,16.0,0.0,-0.01915243899126632,0.0,FALLEN
4.434,16.0,0.0,-0.01908870381227453,0.0,FALLEN
4.436,16.0,0.0,-0.01902518073018815,0.0,FALLEN
4.438,16.0,0.0,-0.0189618690391945,0.0,FALLEN
4.44,16.0,0.0,-0.0188987680358297,0.0,FALLEN
4.442,16.0,0.0,-0.018835877018970843,0.0,FALLEN
4.444,16.0,0.0,-0.018773195289828203,0.0,FALLEN
4.446,16.0,0.0,-0.018710722151937476,0.0,FALLEN
4.448,16.0,0.0,-0.01864845691115205,0.0,FALLEN
4.45,16.0,0.0,-0.01858639887563527,0.0,FALLEN
4.452,16.0,0.0,-0.018524547355852766,0.0,FALLEN
4.454,16.0,0.0,-0.018462901664564803,0.0,FALLEN
4.456,16.0,0.0,-0.01840146111681861,0.0,FALLEN
4.458,16.0,0.0,-0.018340225029940812,0.0,FALLEN
4.46,16.0,0.0,-0.01827919272352981,0.0,FALLEN
4.462,16.0,0.0,-0.018218363519448236,0.0,FALLEN
4.464,16.0,0.0,-0.01815773674181542,0.0,FALLEN
4.466,16.0,0.0,-0.018097311716999877,0.0,FALLEN
4.468,16.0,0.0,-0.01803708777361182,0.0,FALLEN
4.47,16.0,0.0,-0.0179770642424957,0.0,FALLEN
4.472,16.0,0.0,-0.017917240456722786,0.0,FALLEN
4.474,16.0,0.0,-0.01785761575158372,0.0,FALLEN
4.476,16.0,0.0,-0.01779818946458117,0.0,FALLEN
4.478,16.0,0.0,-0.017738960935422446,0.0,FALLEN
4.48,16.0,0.0,-0.017679929506012167,0.0,FALLEN
4.482,16.0,0.0,-0.017621094520444962,0.0,FALLEN
4.484,16.0,0.0,-0.01756245532499816,0.0,FALLEN
4.486,16.0,0.0,-0.01750401126812454,0.0,FALLEN
4.488,16.0,0.0,-0.01744576170044509,0.0,FALLEN
4.49,16.0,0.0,-0.0173877059747418,0.0,FALLEN
4.492,16.0,0.0,-0.017329843445950444,0.0,FALLEN
4.494,16.0,0.0,-0.017272173471153444,0.0,FALLEN
4.496,16.0,0.0,-0.01721469540957271,0.0,FALLEN
4.498,16.0,0.0,-0.01715740862256252,0.0,FALLEN
4.5,16.0,0.0,-0.017100312473602435,0.0,FALLEN
4.502,16.0,0.0,-0.017043406328290205,0.0,FALLEN
4.5040000000000004,16.0,0.0,-0.01698668955433474,0.0,FALLEN
4.506,16.0,0.0,-0.016930161521549088,0.0,FALLEN
4.508,16.0,0.0,-0.01687382160184341,0.0,FALLEN
4.51,16.0,0.0,-0.016817669169218015,0.0,FALLEN
4.5120000000000005,16.0,0.0,-0.01676170359975641,0.0,FALLEN
4.514,16.0,0.0,-0.01670592427161836,0.0,FALLEN
4.516,16.0,0.0,-0.016650330565032977,0.0,FALLEN
4.518,16.0,0.0,-0.016594921862291837,0.0,FALLEN
4.5200000000000005,16.0,0.0,-0.016539697547742118,0.0,FALLEN
4.522,16.0,0.0,-0.01648465700777976,0.0,FALLEN
4.524,16.0,0.0,-0.016429799630842637,0.0,FALLEN
4.526,16.0,0.0,-0.016375124807403777,0.0,FALLEN
4.5280000000000005,16.0,0.0,-0.01632063192996458,0.0,FALLEN
4.53,16.0,0.0,-0.016266320393048064,0.0,FALLEN
4.532,16.0,0.0,-0.016212189593192153,0.0,FALLEN
4.534,16.0,0.0,-0.016158238928942963,0.0,FALLEN
4.5360000000000005,16.0,0.0,-0.016104467800848104,0.0,FALLEN
4.538,16.0,0.0,-0.01605087561145005,0.0,FALLEN
4.54,16.0,0.0,-0.01599746176527948,0.0,FALLEN
4.542,16.0,0.0,-0.01594422566884866,0.0,FALLEN
4.5440000000000005,16.0,0.0,-0.015891166730644862,0.0,FALLEN
4.546,16.0,0.0,-0.015838284361123785,0.0,FALLEN
4.548,16.0,0.0,-0.015785577972702997,0.0,FALLEN
4.55,16.0,0.0,-0.01573304697975542,0.0,FALLEN
4.5520000000000005,16.0,0.0,-0.015680690798602816,0.0,FALLEN
4.554,16.0,0.0,-0.015628508847509295,0.0,FALLEN
4.556,16.0,0.0,-0.015576500546674867,0.0,FALLEN
4.558,16.0,0.0,-0.015524665318228988,0.0,FALLEN
4.5600000000000005,16.0,0.0,-0.015473002586224142,0.0,FALLEN
4.562,16.0,0.0,-0.015421511776629438,0.0,FALLEN
4.564,16.0,0.0,-0.015370192317324245,0.0,FALLEN
4.566,16.0,0.0,-0.015319043638091815,0.0,FALLEN
4.5680000000000005,16.0,0.0,-0.015268065170612969,0.0,FALLEN
4.57,16.0,0.0,-0.015217256348459765,0.0,FALLEN
4.572,16.0,0.0,-0.01516661660708921,0.0,FALLEN
4.574,16.0,0.0,-0.015116145383836991,0.0,FALLEN
4.5760000000000005,16.0,0.0,-0.015065842117911218,0.0,FALLEN
4.578,16.0,0.0,-0.015015706250386198,0.0,FALLEN
4.58,16.0,0.0,-0.014965737224196222,0.0,FALLEN
4.582,16.0,0.0,-0.014915934484129369,0.0,FALLEN
4.5840000000000005,16.0,0.0,-0.014866297476821352,0.0,FALLEN
4.586,16.0,0.0,-0.014816825650749356,0.0,FALLEN
4.588,16.0,0.0,-0.014767518456225917,0.0,FALLEN
4.59,16.0,0.0,-0.014718375345392807,0.0,FALLEN
4.5920000000000005,16.0,0.0,-0.01466939577221496,0.0,FALLEN
4.594,16.0,0.0,-0.01462057919247439,0.0,FALLEN
4.596,16.0,0.0,-0.014571925063764155,0.0,FALLEN
4.598,16.0,0.0,-0.014523432845482322,0.0,FALLEN
4.6000000000000005,16.0,0.0,-0.014475101998825967,0.0,FALLEN
4.602,16.0,0.0,-0.014426931986785187,0.0,FALLEN
4.604,16.0,0.0,-0.01437892227413713,0.0,FALLEN
4.606,16.0,0.0,-0.014331072327440048,0.0,FALLEN
4.6080000000000005,16.0,0.0,-0.014283381615027377,0.0,FALLEN
4.61,16.0,0.0,-0.01423584960700182,0.0,FALLEN
4.612,16.0,0.0,-0.014188475775229468,0.0,FALLEN
4.614,16.0,0.0,-0.014141259593333923,0.0,FALLEN
4.616,16.0,0.0,-0.014094200536690457,0.0,FALLEN
4.618,16.0,0.0,-0.014047298082420176,0.0,FALLEN
4.62,16.0,0.0,-0.014000551709384221,0.0,FALLEN
4.622,16.0,0.0,-0.013953960898177964,0.0,FALLEN
4.624,16.0,0.0,-0.013907525131125245,0.0,FALLEN
4.626,16.0,0.0,-0.013861243892272621,0.0,FALLEN
4.628,16.0,0.0,-0.013815116667383628,0.0,FALLEN
4.63,16.0,0.0,-0.013769142943933069,0.0,FALLEN
4.632,16.0,0.0,-0.013723322211101322,0.0,FALLEN
4.634,16.0,0.0,-0.013677653959768662,0.0,FALLEN
4.636,16.0,0.0,-0.013632137682509607,0.0,FALLEN
4.638,16.0,0.0,-0.01358677287358727,0.0,FALLEN
4.64,16.0,0.0,-0.013541559028947756,0.0,FALLEN
4.642,16.0,0.0,-0.013496495646214544,0.0,FALLEN
4.644,16.0,0.0,-0.013451582224682922,0.0,FALLEN
4.646,16.0,0.0,-0.013406818265314408,0.0,FALLEN
4.648,16.0,0.0,-0.013362203270731218,0.0,FALLEN
4.65,16.0,0.0,-0.01331773674521073,0.0,FALLEN
4.652,16.0,0.0,-0.013273418194679979,0.0,FALLEN
4.654,16.0,0.0,-0.013229247126710171,0.0,FALLEN
4.656,16.0,0.0,-0.013185223050511207,0.0,FALLEN
4.658,16.0,0.0,-0.013141345476926232,0.0,FALLEN
4.66,16.0,0.0,-0.013097613918426199,0.0,FALLEN
4.662,16.0,0.0,-0.013054027889104454,0.0,FALLEN
4.664,16.0,0.0,-0.013010586904671334,0.0,FALLEN
4.666,16.0,0.0,-0.012967290482448783,0.0,FALLEN
4.668,16.0,0.0,-0.012924138141365003,0.0,FALLEN
4.67,16.0,0.0,-0.01288112940194909,0.0,FALLEN
4.672,16.0,0.0,-0.01283826378632572,0.0,FALLEN
4.674,16.0,0.0,-0.012795540818209836,0.0,FALLEN
4.676,16.0,0.0,-0.01275296002290135,0.0,FALLEN
4.678,16.0,0.0,-0.012710520927279877,0.0,FALLEN
4.68,16.0,0.0,-0.012668223059799474,0.0,FALLEN
4.682,16.0,0.0,-0.0126260659504834,0.0,FALLEN
4.684,16.0,0.0,-0.012584049130918894,0.0,FALLEN
4.686,16.0,0.0,-0.012542172134251975,0.0,FALLEN
4.688,16.0,0.0,-0.01250043449518225,0.0,FALLEN
4.69,16.0,0.0,-0.012458835749957741,0.0,FALLEN
4.692,16.0,0.0,-0.012417375436369744,0.0,FALLEN
4.694,16.0,0.0,-0.01237605309374768,0.0,FALLEN
4.696,16.0,0.0,-0.012334868262953982,0.0,FALLEN
4.698,16.0,0.0,-0.012293820486378995,0.0,FALLEN
4.7,16.0,0.0,-0.012252909307935893,0.0,FALLEN
4.702,16.0,0.0,-0.012212134273055604,0.0,FALLEN
4.704,16.0,0.0,-0.012171494928681767,0.0,FALLEN
4.706,16.0,0.0,-0.012130990823265691,0.0,FALLEN
4.708,16.0,0.0,-0.012090621506761344,0.0,FALLEN
4.71,16.0,0.0,-0.01205038653062035,0.0,FALLEN
4.712,16.0,0.0,-0.012010285447787006,0.0,FALLEN
4.714,16.0,0.0,-0.011970317812693308,0.0,FALLEN
4.716,16.0,0.0,-0.011930483181254016,0.0,FALLEN
4.718,16.0,0.0,-0.0118907811108617,0.0,FALLEN
4.72,16.0,0.0,-0.011851211160381837,0.0,FALLEN
4.722,16.0,0.0,-0.011811772890147905,0.0,FALLEN
4.724,16.0,0.0,-0.011772465861956495,0.0,FALLEN
4.726,16.0,0.0,-0.011733289639062445,0.0,FALLEN
4.728,16.0,0.0,-0.011694243786173984,0.0,FALLEN
4.73,16.0,0.0,-0.011655327869447903,0.0,FALLEN
4.732,16.0,0.0,-0.011616541456484728,0.0,FALLEN
4.734,16.0,0.0,-0.011577884116323912,0.0,FALLEN
4.736,16.0,0.0,-0.011539355419439061,0.0,FALLEN
4.738,16.0,0.0,-0.011500954937733144,0.0,FALLEN
4.74,16.0,0.0,-0.011462682244533744,0.0,FALLEN
4.742,16.0,0.0,-0.011424536914588324,0.0,FALLEN
4.744,16.0,0.0,-0.011386518524059488,0.0,FALLEN
4.746,16.0,0.0,-0.01134862665052029,0.0,FALLEN
4.748,16.0,0.0,-0.011310860872949517,0.0,FALLEN
4.75,16.0,0.0,-0.011273220771727033,0.0,FALLEN
4.752,16.0,0.0,-0.011235705928629105,0.0,FALLEN
4.7540000000000004,16.0,0.0,-0.011198315926823754,0.0,FALLEN
4.756,16.0,0.0,-0.011161050350866134,0.0,FALLEN
4.758,16.0,0.0,-0.011123908786693903,0.0,FALLEN
4.76,16.0,0.0,-0.011086890821622635,0.0,FALLEN
4.7620000000000005,16.0,0.0,-0.011049996044341226,0.0,FALLEN
4.764,16.0,0.0,-0.011013224044907325,0.0,FALLEN
4.766,16.0,0.0,-0.010976574414742783,0.0,FALLEN
4.768,16.0,0.0,-0.01094004674662911,0.0,FALLEN
4.7700000000000005,16.0,0.0,-0.010903640634702949,0.0,FALLEN
4.772,16.0,0.0,-0.010867355674451575,0.0,FALLEN
4.774,16.0,0.0,-0.010831191462708388,0.0,FALLEN
4.776,16.0,0.0,-0.01079514759764844,0.0,FALLEN
4.7780000000000005,16.0,0.0,-0.010759223678783972,0.0,FALLEN
4.78,16.0,0.0,-0.010723419306959959,0.0,FALLEN
4.782,16.0,0.0,-0.010687734084349679,0.0,FALLEN
4.784,16.0,0.0,-0.010652167614450293,0.0,FALLEN
4.7860000000000005,16.0,0.0,-0.010616719502078436,0.0,FALLEN
4.788,16.0,0.0,-0.010581389353365828,0.0,FALLEN
4.79,16.0,0.0,-0.010546176775754895,0.0,FALLEN
4.792,16.0,0.0,-0.010511081377994416,0.0,FALLEN
4.7940000000000005,16.0,0.0,-0.010476102770135163,0.0,FALLEN
4.796,16.0,0.0,-0.010441240563525581,0.0,FALLEN
4.798,16.0,0.0,-0.010406494370807456,0.0,FALLEN
4.8,16.0,0.0,-0.010371863805911626,0.0,FALLEN
4.8020000000000005,16.0,0.0,-0.010337348484053677,0.0,FALLEN
4.804,16.0,0.0,-0.01030294802172968,0.0,FALLEN
4.806,16.0,0.0,-0.010268662036711923,0.0,FALLEN
4.808,16.0,0.0,-0.010234490148044664,0.0,FALLEN
4.8100000000000005,16.0,0.0,-0.010200431976039896,0.0,FALLEN
4.812,16.0,0.0,-0.01016648714227314,0.0,FALLEN
4.814,16.0,0.0,-0.010132655269579223,0.0,FALLEN
4.816,16.0,0.0,-0.010098935982048102,0.0,FALLEN
4.8180000000000005,16.0,0.0,-0.010065328905020682,0.0,FALLEN
4.82,16.0,0.0,-0.010031833665084646,0.0,FALLEN
4.822,16.0,0.0,-0.009998449890070319,0.0,FALLEN
4.824,16.0,0.0,-0.009965177209046525,0.0,FALLEN
4.8260000000000005,16.0,0.0,-0.009932015252316463,0.0,FALLEN
4.828,16.0,0.0,-0.009898963651413609,0.0,FALLEN
4.83,16.0,0.0,-0.009866022039097611,0.0,FALLEN
4.832,16.0,0.0,-0.009833190049350217,0.0,FALLEN
4.8340000000000005,16.0,0.0,-0.009800467317371202,0.0,FALLEN
4.836,16.0,0.0,-0.009767853479574318,0.0,FALLEN
4.838,16.0,0.0,-0.009735348173583255,0.0,FALLEN
4.84,16.0,0.0,-0.009702951038227613,0.0,FALLEN
4.8420000000000005,16.0,0.0,-0.009670661713538886,0.0,FALLEN
4.844,16.0,0.0,-0.009638479840746469,0.0,FALLEN
4.846,16.0,0.0,-0.009606405062273666,0.0,FALLEN
4.848,16.0,0.0,-0.009574437021733719,0.0,FALLEN
4.8500000000000005,16.0,0.0,-0.009542575363925849,0.0,FALLEN
4.852,16.0,0.0,-0.009510819734831309,0.0,FALLEN
4.854,16.0,0.0,-0.009479169781609446,0.0,FALLEN
4.856,16.0,0.0,-0.009447625152593791,0.0,FALLEN
4.8580000000000005,16.0,0.0,-0.009416185497288138,0.0,FALLEN
4.86,16.0,0.0,-0.009384850466362666,0.0,FALLEN
4.862,16.0,0.0,-0.009353619711650036,0.0,FALLEN
4.864,16.0,0.0,-0.009322492886141547,0.0,FALLEN
4.866,16.0,0.0,-0.009291469643983256,0.0,FALLEN
4.868,16.0,0.0,-0.009260549640472158,0.0,FALLEN
4.87,16.0,0.0,-0.009229732532052335,0.0,FALLEN
4.872,16.0,0.0,-0.00919901797631116,0.0,FALLEN
4.874,16.0,0.0,-0.009168405631975473,0.0,FALLEN
4.876,16.0,0.0,-0.009137895158907798,0.0,FALLEN
4.878,16.0,0.0,-0.009107486218102567,0.0,FALLEN
4.88,16.0,0.0,-0.009077178471682346,0.0,FALLEN
4.882,16.0,0.0,-0.009046971582894086,0.0,FALLEN
4.884,16.0,0.0,-0.009016865216105379,0.0,FALLEN
4.886,16.0,0.0,-0.008986859036800727,0.0,FALLEN
4.888,16.0,0.0,-0.00895695271157783,0.0,FALLEN
4.89,16.0,0.0,-0.008927145908143879,0.0,FALLEN
4.892,16.0,0.0,-0.00889743829531186,0.0,FALLEN
4.894,16.0,0.0,-0.008867829542996883,0.0,FALLEN
4.896,16.0,0.0,-0.008838319322212504,0.0,FALLEN
4.898,16.0,0.0,-0.00880890730506708,0.0,FALLEN
4.9,16.0,0.0,-0.008779593164760116,0.0,FALLEN
4.902,16.0,0.0,-0.00875037657557864,0.0,FALLEN
4.904,16.0,0.0,-0.008721257212893584,0.0,FALLEN
4.906,16.0,0.0,-0.008692234753156173,0.0,FALLEN
4.908,16.0,0.0,-0.008663308873894337,0.0,FALLEN
4.91,16.0,0.0,-0.008634479253709115,0.0,FALLEN
4.912,16.0,0.0,-0.0086057455722711,0.0,FALLEN
4.914,16.0,0.0,-0.008577107510316869,0.0,FALLEN
4.916,16.0,0.0,-0.008548564749645438,0.0,FALLEN
4.918,16.0,0.0,-0.008520116973114729,0.0,FALLEN
4.92,16.0,0.0,-0.008491763864638043,0.0,FALLEN
4.922,16.0,0.0,-0.008463505109180551,0.0,FALLEN
4.924,16.0,0.0,-0.00843534039275579,0.0,FALLEN
4.926,16.0,0.0,-0.008407269402422174,0.0,FALLEN
4.928,16.0,0.0,-0.008379291826279526,0.0,FALLEN
4.93,16.0,0.0,-0.008351407353465597,0.0,FALLEN
4.932,16.0,0.0,-0.008323615674152627,0.0,FALLEN
4.934,16.0,0.0,-0.008295916479543893,0.0,FALLEN
4.936,16.0,0.0,-0.00826830946187028,0.0,FALLEN
4.938,16.0,0.0,-0.008240794314386863,0.0,FALLEN
4.94,16.0,0.0,-0.008213370731369499,0.0,FALLEN
4.942,16.0,0.0,-0.008186038408111426,0.0,FALLEN
4.944,16.0,0.0,-0.008158797040919886,0.0,FALLEN
4.946,16.0,0.0,-0.008131646327112739,0.0,FALLEN
4.948,16.0,0.0,-0.008104585965015105,0.0,FALLEN
4.95,16.0,0.0,-0.008077615653956021,0.0,FALLEN
4.952,16.0,0.0,-0.008050735094265083,0.0,FALLEN
4.954,16.0,0.0,-0.00802394398726913,0.0,FALLEN
4.956,16.0,0.0,-0.00799724203528892,0.0,FALLEN
4.958,16.0,0.0,-0.00797062894163582,0.0,FALLEN
4.96,16.0,0.0,-0.00794410441060852,0.0,FALLEN
4.962,16.0,0.0,-0.007917668147489733,0.0,FALLEN
4.964,16.0,0.0,-0.007891319858542932,0.0,FALLEN
4.966,16.0,0.0,-0.007865059251009079,0.0,FALLEN
4.968,16.0,0.0,-0.007838886033103376,0.0,FALLEN
4.97,16.0,0.0,-0.00781279991401202,0.0,FALLEN
4.972,16.0,0.0,-0.007786800603888975,0.0,FALLEN
4.974,16.0,0.0,-0.007760887813852753,0.0,FALLEN
4.976,16.0,0.0,-0.007735061255983194,0.0,FALLEN
4.978,16.0,0.0,-0.007709320643318281,0.0,FALLEN
4.98,16.0,0.0,-0.007683665689850941,0.0,FALLEN
4.982,16.0,0.0,-0.007658096110525872,0.0,FALLEN
4.984,16.0,0.0,-0.007632611621236373,0.0,FALLEN
4.986,16.0,0.0,-0.00760721193882119,0.0,FALLEN
4.988,16.0,0.0,-0.007581896781061369,0.0,FALLEN
4.99,16.0,0.0,-0.007556665866677117,0.0,FALLEN
4.992,16.0,0.0,-0.007531518915324683,0.0,FALLEN
4.994,16.0,0.0,-0.007506455647593238,0.0,FALLEN
4.996,16.0,0.0,-0.00748147578500177,0.0,FALLEN
4.998,16.0,0.0,-0.007456579049995994,0.0,FALLEN
5.0,16.0,0.0,-0.007431765165945265,0.0,FALLEN
5.002,16.0,0.0,-0.007407033857139506,0.0,FALLEN
5.0040000000000004,16.0,0.0,-0.007382384848786139,0.0,FALLEN
5.006,16.0,0.0,-0.007357817867007043,0.0,FALLEN
5.008,16.0,0.0,-0.0073333326388355016,0.0,FALLEN
5.01,16.0,0.0,-0.00730892889221317,0.0,FALLEN
5.0120000000000005,16.0,0.0,-0.007284606355987057,0.0,FALLEN
5.014,16.0,0.0,-0.00726036475990651,0.0,FALLEN
5.016,16.0,0.0,-0.007236203834620213,0.0,FALLEN
5.018,16.0,0.0,-0.0072121233116731924,0.0,FALLEN
5.0200000000000005,16.0,0.0,-0.007188122923503833,0.0,FALLEN
5.022,16.0,0.0,-0.007164202403440909,0.0,FALLEN
5.024,16.0,0.0,-0.0071403614857006165,0.0,FALLEN
5.026,16.0,0.0,-0.007116599905383627,0.0,FALLEN
5.0280000000000005,16.0,0.0,-0.007092917398472134,0.0,FALLEN
5.03,16.0,0.0,-0.007069313701826931,0.0,FALLEN
5.032,16.0,0.0,-0.007045788553184477,0.0,FALLEN
5.034,16.0,0.0,-0.0070223416911539905,0.0,FALLEN
5.0360000000000005,16.0,0.0,-0.006998972855214541,0.0,FALLEN
5.038,16.0,0.0,-0.006975681785712155,0.0,FALLEN
5.04,16.0,0.0,-0.006952468223856933,0.0,FALLEN
5.042,16.0,0.0,-0.0069293319117201685,0.0,FALLEN
5.0440000000000005,16.0,0.0,-0.00690627259223149,0.0,FALLEN
5.046,16.0,0.0,-0.006883290009176,0.0,FALLEN
5.048,16.0,0.0,-0.006860383907191428,0.0,FALLEN
5.05,16.0,0.0,-0.006837554031765293,0.0,FALLEN
5.0520000000000005,16.0,0.0,-0.006814800129232078,0.0,FALLEN
5.054,16.0,0.0,-0.00679212194677041,0.0,FALLEN
5.056,16.0,0.0,-0.006769519232400252,0.0,FALLEN
5.058,16.0,0.0,-0.0067469917349800975,0.0,FALLEN
5.0600000000000005,16.0,0.0,-0.00672453920420419,0.0,FALLEN
5.062,16.0,0.0,-0.006702161390599734,0.0,FALLEN
5.064,16.0,0.0,-0.006679858045524126,0.0,FALLEN
5.066,16.0,0.0,-0.00665762892116219,0.0,FALLEN
5.0680000000000005,16.0,0.0,-0.006635473770523427,0.0,FALLEN
5.07,16.0,0.0,-0.006613392347439271,0.0,FALLEN
5.072,16.0,0.0,-0.006591384406560347,0.0,FALLEN
5.074,16.0,0.0,-0.006569449703353753,0.0,FALLEN
5.0760000000000005,16.0,0.0,-0.006547587994100337,0.0,FALLEN
5.078,16.0,0.0,-0.006525799035891997,0.0,FALLEN
5.08,16.0,0.0,-0.0065040825866289715,0.0,FALLEN
5.082,16.0,0.0,-0.006482438405017155,0.0,FALLEN
5.0840000000000005,16.0,0.0,-0.006460866250565421,0.0,FALLEN
5.086,16.0,0.0,-0.006439365883582938,0.0,FALLEN
5.088,16.0,0.0,-0.006417937065176523,0.0,FALLEN
5.09,16.0,0.0,-0.00639657955724797,0.0,FALLEN
5.0920000000000005,16.0,0.0,-0.006375293122491418,0.0,FALLEN
5.094,16.0,0.0,-0.006354077524390705,0.0,FALLEN
5.096,16.0,0.0,-0.006332932527216745,0.0,FALLEN
5.098,16.0,0.0,-0.0063118578960249085,0.0,FALLEN
5.1000000000000005,16.0,0.0,-0.006290853396652408,0.0,FALLEN
5.102,16.0,0.0,-0.006269918795715702,0.0,FALLEN
5.104,16.0,0.0,-0.006249053860607898,0.0,FALLEN
5.106,16.0,0.0,-0.006228258359496169,0.0,FALLEN
5.1080000000000005,16.0,0.0,-0.006207532061319179,0.0,FALLEN
5.11,16.0,0.0,-0.006186874735784511,0.0,FALLEN
5.112,16.0,0.0,-0.006166286153366112,0.0,FALLEN
5.114,16.0,0.0,-0.006145766085301746,0.0,FALLEN
5.1160000000000005,16.0,0.0,-0.006125314303590444,0.0,FALLEN
5.118,16.0,0.0,-0.006104930580989978,0.0,FALLEN
5.12,16.0,0.0,-0.006084614691014331,0.0,FALLEN
5.122,16.0,0.0,-0.006064366407931183,0.0,FALLEN
5.124,16.0,0.0,-0.006044185506759402,0.0,FALLEN
5.126,16.0,0.0,-0.006024071763266546,0.0,FALLEN
5.128,16.0,0.0,-0.006004024953966369,0.0,FALLEN
5.13,16.0,0.0,-0.005984044856116338,0.0,FALLEN
5.132,16.0,0.0,-0.005964131247715163,0.0,FALLEN
5.134,16.0,0.0,-0.005944283907500321,0.0,FALLEN
5.136,16.0,0.0,-0.0059245026149456065,0.0,FALLEN
5.138,16.0,0.0,-0.005904787150258676,0.0,FALLEN
5.14,16.0,0.0,-0.0058851372943786095,0.0,FALLEN
5.142,16.0,0.0,-0.00586555282897347,0.0,FALLEN
5.144,16.0,0.0,-0.005846033536437888,0.0,FALLEN
5.146,16.0,0.0,-0.005826579199890631,0.0,FALLEN
5.148,16.0,0.0,-0.005807189603172206,0.0,FALLEN
5.15,16.0,0.0,-0.00578786453084245,0.0,FALLEN
5.152,16.0,0.0,-0.005768603768178139,0.0,FALLEN
5.154,16.0,0.0,-0.005749407101170599,0.0,FALLEN
5.156,16.0,0.0,-0.005730274316523332,0.0,FALLEN
5.158,16.0,0.0,-0.005711205201649648,0.0,FALLEN
5.16,16.0,0.0,-0.005692199544670295,0.0,FALLEN
5.162,16.0,0.0,-0.005673257134411112,0.0,FALLEN
5.164,16.0,0.0,-0.005654377760400677,0.0,FALLEN
5.166,16.0,0.0,-0.005635561212867974,0.0,FALLEN
5.168,16.0,0.0,-0.00561680728274006,0.0,FALLEN
5.17,16.0,0.0,-0.00559811576163974,0.0,FALLEN
5.172,16.0,0.0,-0.005579486441883255,0.0,FALLEN
5.174,16.0,0.0,-0.00556091911647797,0.0,FALLEN
5.176,16.0,0.0,-0.005542413579120079,0.0,FALLEN
5.178,16.0,0.0,-0.005523969624192309,0.0,FALLEN
5.18,16.0,0.0,-0.005505587046761641,0.0,FALLEN
5.182,16.0,0.0,-0.005487265642577022,0.0,FALLEN
5.184,16.0,0.0,-0.005469005208067107,0.0,FALLEN
5.186,16.0,0.0,-0.005450805540337992,0.0,FALLEN
5.188,16.0,0.0,-0.005432666437170958,0.0,FALLEN
5.19,16.0,0.0,-0.005414587697020229,0.0,FALLEN
5.192,16.0,0.0,-0.005396569119010728,0.0,FALLEN
5.194,16.0,0.0,-0.005378610502935847,0.0,FALLEN
5.196,16.0,0.0,-0.005360711649255224,0.0,FALLEN
5.198,16.0,0.0,-0.005342872359092521,0.0,FALLEN
5.2,16.0,0.0,-0.00532509243423322,0.0,FALLEN
5.202,16.0,0.0,-0.005307371677122417,0.0,FALLEN
5.204,16.0,0.0,-0.005289709890862629,0.0,FALLEN
5.206,16.0,0.0,-0.005272106879211606,0.0,FALLEN
5.208,16.0,0.0,-0.005254562446580147,0.0,FALLEN
5.21,16.0,0.0,-0.00523707639802993,0.0,FALLEN
5.212,16.0,0.0,-0.005219648539271349,0.0,FALLEN
5.214,16.0,0.0,-0.00520227867666135,0.0,FALLEN
5.216,16.0,0.0,-0.005184966617201279,0.0,FALLEN
5.218,16.0,0.0,-0.005167712168534741,0.0,FALLEN
5.22,16.0,0.0,-0.005150515138945465,0.0,FALLEN
5.222,16.0,0.0,-0.005133375337355165,0.0,FALLEN
5.224,16.0,0.0,-0.005116292573321427,0.0,FALLEN
5.226,16.0,0.0,-0.005099266657035585,0.0,FALLEN
5.228,16.0,0.0,-0.005082297399320615,0.0,FALLEN
5.23,16.0,0.0,-0.005065384611629036,0.0,FALLEN
5.232,16.0,0.0,-0.005048528106040809,0.0,FALLEN
5.234,16.0,0.0,-0.005031727695261256,0.0,FALLEN
5.236,16.0,0.0,-0.005014983192618973,0.0,FALLEN
5.238,16.0,0.0,-0.004998294412063758,0.0,FALLEN
5.24,16.0,0.0,-0.004981661168164543,0.0,FALLEN
5.242,16.0,0.0,-0.004965083276107337,0.0,FALLEN
5.244,16.0,0.0,-0.00494856055169317,0.0,FALLEN
5.246,16.0,0.0,-0.004932092811336043,0.0,FALLEN
5.248,16.0,0.0,-0.004915679872060895,0.0,FALLEN
5.25,16.0,0.0,-0.004899321551501565,0.0,FALLEN
5.252,16.0,0.0,-0.0048830176678987675,0.0,FALLEN
5.2540000000000004,16.0,0.0,-0.004866768040098072,0.0,FALLEN
5.256,16.0,0.0,-0.004850572487547891,0.0,FALLEN
5.258,16.0,0.0,-0.004834430830297475,0.0,FALLEN
5.26,16.0,0.0,-0.00481834288899491,0.0,FALLEN
5.2620000000000005,16.0,0.0,-0.004802308484885127,0.0,FALLEN
5.264,16.0,0.0,-0.004786327439807916,0.0,FALLEN
5.266,16.0,0.0,-0.004770399576195945,0.0,FALLEN
5.268,16.0,0.0,-0.004754524717072787,0.0,FALLEN
5.2700000000000005,16.0,0.0,-0.0047387026860509565,0.0,FALLEN
5.272,16.0,0.0,-0.004722933307329945,0.0,FALLEN
5.274,16.0,0.0,-0.004707216405694272,0.0,FALLEN
5.276,16.0,0.0,-0.004691551806511534,0.0,FALLEN
5.2780000000000005,16.0,0.0,-0.004675939335730469,0.0,FALLEN
5.28,16.0,0.0,-0.004660378819879019,0.0,FALLEN
5.282,16.0,0.0,-0.004644870086062402,0.0,FALLEN
5.284,16.0,0.0,-0.004629412961961194,0.0,FALLEN
5.2860000000000005,16.0,0.0,-0.004614007275829414,0.0,FALLEN
5.288,16.0,0.0,-0.004598652856492612,0.0,FALLEN
5.29,16.0,0.0,-0.004583349533345971,0.0,FALLEN
5.292,16.0,0.0,-0.00456809713635241,0.0,FALLEN
5.2940000000000005,16.0,0.0,-0.004552895496040694,0.0,FALLEN
5.296,16.0,0.0,-0.004537744443503553,0.0,FALLEN
5.298,16.0,0.0,-0.0045226438103958015,0.0,FALLEN
5.3,16.0,0.0,-0.004507593428932472,0.0,FALLEN
5.3020000000000005,16.0,0.0,-0.00449259313188695,0.0,FALLEN
5.304,16.0,0.0,-0.004477642752589113,0.0,FALLEN
5.306,16.0,0.0,-0.004462742124923483,0.0,FALLEN
5.308,16.0,0.0,-0.004447891083327375,0.0,FALLEN
5.3100000000000005,16.0,0.0,-0.004433089462789064,0.0,FALLEN
5.312,16.0,0.0,-0.0044183370988459475,0.0,FALLEN
5.314,16.0,0.0,-0.004403633827582719,0.0,FALLEN
5.316,16.0,0.0,-0.0043889794856295464,0.0,FALLEN
5.3180000000000005,16.0,0.0,-0.004374373910160257,0.0,FALLEN
5.32,16.0,0.0,-0.0043598169388905286,0.0,FALLEN
5.322,16.0,0.0,-0.004345308410076087,0.0,FALLEN
5.324,16.0,0.0,-0.004330848162510906,0.0,FALLEN
5.3260000000000005,16.0,0.0,-0.004316436035525419,0.0,FALLEN
5.328,16.0,0.0,-0.004302071868984736,0.0,FALLEN
5.33,16.0,0.0,-0.0042877555032868565,0.0,FALLEN
5.332,16.0,0.0,-0.004273486779360903,0.0,FALLEN
5.3340000000000005,16.0,0.0,-0.0042592655386653544,0.0,FALLEN
5.336,16.0,0.0,-0.004245091623186276,0.0,FALLEN
5.338,16.0,0.0,-0.004230964875435574,0.0,FALLEN
5.34,16.0,0.0,-0.004216885138449238,0.0,FALLEN
5.3420000000000005,16.0,0.0,-0.004202852255785602,0.0,FALLEN
5.344,16.0,0.0,-0.0041888660715236024,0.0,FALLEN
5.346,16.0,0.0,-0.004174926430261049,0.0,FALLEN
5.348,16.0,0.0,-0.004161033177112894,0.0,FALLEN
5.3500000000000005,16.0,0.0,-0.004147186157709516,0.0,FALLEN
5.352,16.0,0.0,-0.004133385218195002,0.0,FALLEN
5.354,16.0,0.0,-0.004119630205225436,0.0,FALLEN
5.356,16.0,0.0,-0.004105920965967199,0.0,FALLEN
5.3580000000000005,16.0,0.0,-0.004092257348095272,0.0,FALLEN
5.36,16.0,0.0,-0.004078639199791536,0.0,FALLEN
5.362,16.0,0.0,-0.004065066369743091,0.0,FALLEN
5.364,16.0,0.0,-0.004051538707140577,0.0,FALLEN
5.3660000000000005,16.0,0.0,-0.004038056061676491,0.0,FALLEN
5.368,16.0,0.0,-0.0040246182835435235,0.0,FALLEN
5.37,16.0,0.0,-0.004011225223432889,0.0,FALLEN
5.372,16.0,0.0,-0.003997876732532671,0.0,FALLEN
5.3740000000000006,16.0,0.0,-0.003984572662526168,0.0,FALLEN
5.376,16.0,0.0,-0.003971312865590241,0.0,FALLEN
5.378,16.0,0.0,-0.003958097194393679,0.0,FALLEN
5.38,16.0,0.0,-0.003944925502095553,0.0,FALLEN
5.382,16.0,0.0,-0.003931797642343591,0.0,FALLEN
5.384,16.0,0.0,-0.00391871346927255,0.0,FALLEN
5.386,16.0,0.0,-0.0039056728375025953,0.0,FALLEN
5.388,16.0,0.0,-0.003892675602137683,0.0,FALLEN
5.39,16.0,0.0,-0.0038797216187639537,0.0,FALLEN
5.392,16.0,0.0,-0.0038668107434481256,0.0,FALLEN
5.394,16.0,0.0,-0.0038539428327358954,0.0,FALLEN
5.396,16.0,0.0,-0.003841117743650345,0.0,FALLEN
5.398,16.0,0.0,-0.0038283353336903535,0.0,FALLEN
5.4,16.0,0.0,-0.0038155954608290106,0.0,FALLEN
5.402,16.0,0.0,-0.003802897983512043,0.0,FALLEN
5.404,16.0,0.0,-0.0037902427606562395,0.0,FALLEN
5.406,16.0,0.0,-0.003777629651647881,0.0,FALLEN
5.408,16.0,0.0,-0.0037650585163411833,0.0,FALLEN
5.41,16.0,0.0,-0.0037525292150567355,0.0,FALLEN
5.412,16.0,0.0,-0.0037400416085799507,0.0,FALLEN
5.414,16.0,0.0,-0.003727595558159516,0.0,FALLEN
5.416,16.0,0.0,-0.0037151909255058557,0.0,FALLEN
5.418,16.0,0.0,-0.0037028275727895893,0.0,FALLEN
5.42,16.0,0.0,-0.003690505362640004,0.0,FALLEN
5.422,16.0,0.0,-0.003678224158143528,0.0,FALLEN
5.424,16.0,0.0,-0.003665983822842206,0.0,FALLEN
5.426,16.0,0.0,-0.0036537842207321866,0.0,FALLEN
5.428,16.0,0.0,-0.0036416252162622107,0.0,FALLEN
5.43,16.0,0.0,-0.003629506674332103,0.0,FALLEN
5.432,16.0,0.0,-0.0036174284602912723,0.0,FALLEN
5.434,16.0,0.0,-0.0036053904399372173,0.0,FALLEN
5.436,16.0,0.0,-0.0035933924795140317,0.0,FALLEN
5.438,16.0,0.0,-0.0035814344457109205,0.0,FALLEN
5.44,16.0,0.0,-0.003569516205660719,0.0,FALLEN
5.442,16.0,0.0,-0.0035576376269384146,0.0,FALLEN
5.444,16.0,0.0,-0.0035457985775596773,0.0,FALLEN
5.446,16.0,0.0,-0.003533998925979392,0.0,FALLEN
5.448,16.0,0.0,-0.003522238541090198,0.0,FALLEN
5.45,16.0,0.0,-0.0035105172922210307,0.0,FALLEN
5.452,16.0,0.0,-0.0034988350491356713,0.0,FALLEN
5.454,16.0,0.0,-0.003487191682031299,0.0,FALLEN
5.456,16.0,0.0,-0.003475587061537047,0.0,FALLEN
5.458,16.0,0.0,-0.00346402105871257,0.0,FALLEN
5.46,16.0,0.0,-0.0034524935450466047,0.0,FALLEN
5.462,16.0,0.0,-0.003441004392455549,0.0,FALLEN
5.464,16.0,0.0,-0.003429553473282032,0.0,FALLEN
5.466,16.0,0.0,-0.003418140660293502,0.0,FALLEN
5.468,16.0,0.0,-0.003406765826680808,0.0,FALLEN
5.47,16.0,0.0,-0.0033954288460567926,0.0,FALLEN
5.472,16.0,0.0,-0.003384129592454888,0.0,FALLEN
5.474,16.0,0.0,-0.0033728679403277157,0.0,FALLEN
5.476,16.0,0.0,-0.0033616437645456916,0.0,FALLEN
5.478,16.0,0.0,-0.0033504569403956363,0.0,FALLEN
5.48,16.0,0.0,-0.003339307343579388,0.0,FALLEN
5.482,16.0,0.0,-0.0033281948502124235,0.0,FALLEN
5.484,16.0,0.0,-0.00331711933682248,0.0,FALLEN
5.486,16.0,0.0,-0.003306080680348183,0.0,FALLEN
5.488,16.0,0.0,-0.0032950787581376814,0.0,FALLEN
5.49,16.0,0.0,-0.003284113447947281,0.0,FALLEN
5.492,16.0,0.0,-0.003273184627940089,0.0,FALLEN
5.494,16.0,0.0,-0.00326229217668466,0.0,FALLEN
5.496,16.0,0.0,-0.0032514359731536458,0.0,FALLEN
5.498,16.0,0.0,-0.0032406158967224507,0.0,FALLEN
5.5,16.0,0.0,-0.0032298318271678926,0.0,FALLEN
