spin_rpm,kick_ms,capture_deg,inertia_scale,I_w,case,tau,success,peak_opposite_deg,rise_deg,upright_s,capture_s,kick_start_s,tail_angle_deg,tail_rate_dps,impacted,final_phase
100,20,5,0.5,0.001225,nominal,0.18,False,0,0.10512741413435656,,,0.034,,,True,FALLEN
100,50,5,0.5,0.001225,nominal,0.18,False,0,0.45814958492772284,,,0.034,,,True,FALLEN
100,100,5,0.5,0.001225,nominal,0.18,False,0,1.1575443507050327,,,0.034,,,True,FALLEN
100,200,5,0.5,0.001225,nominal,0.18,False,0,1.5293102743570426,,,0.034,,,True,FALLEN
100,350,5,0.5,0.001225,nominal,0.18,False,0,1.5293102743570426,,,0.034,,,True,FALLEN
100,500,5,0.5,0.001225,nominal,0.18,False,0,1.5293102743570426,,,0.034,,,True,FALLEN
100,20,10,0.5,0.001225,nominal,0.18,False,0,0.10512741413435656,,,0.034,,,True,FALLEN
100,50,10,0.5,0.001225,nominal,0.18,False,0,0.45814958492772284,,,0.034,,,True,FALLEN
100,100,10,0.5,0.001225,nominal,0.18,False,0,1.1575443507050327,,,0.034,,,True,FALLEN
100,200,10,0.5,0.001225,nominal,0.18,False,0,1.5293102743570426,,,0.034,,,True,FALLEN
100,350,10,0.5,0.001225,nominal,0.18,False,0,1.5293102743570426,,,0.034,,,True,FALLEN
100,500,10,0.5,0.001225,nominal,0.18,False,0,1.5293102743570426,,,0.034,,,True,FALLEN
100,20,15,0.5,0.001225,nominal,0.18,False,0,0.10512741413435656,,,0.034,,,True,FALLEN
100,50,15,0.5,0.001225,nominal,0.18,False,0,0.45814958492772284,,,0.034,,,True,FALLEN
100,100,15,0.5,0.001225,nominal,0.18,False,0,1.476609027383601,,0.13,0.034,16.0,0.0,True,FALLEN
100,200,15,0.5,0.001225,nominal,0.18,False,0,1.476609027383601,,0.13,0.034,16.0,0.0,True,FALLEN
100,350,15,0.5,0.001225,nominal,0.18,False,0,1.476609027383601,,0.13,0.034,16.0,0.0,True,FALLEN
100,500,15,0.5,0.001225,nominal,0.18,False,0,1.476609027383601,,0.13,0.034,16.0,0.0,True,FALLEN
150,20,5,0.5,0.001225,nominal,0.18,False,0,0.1454372761703695,,,0.054,,,True,FALLEN
150,50,5,0.5,0.001225,nominal,0.18,False,0,0.6515977621157241,,,0.054,,,True,FALLEN
150,100,5,0.5,0.001225,nominal,0.18,False,0,1.7923239122959753,,,0.054,,,True,FALLEN
150,200,5,0.5,0.001225,nominal,0.18,False,0,3.187560331282439,,,0.054,,,True,FALLEN
150,350,5,0.5,0.001225,nominal,0.18,False,0,3.2181564125816386,,,0.054,,,True,FALLEN
150,500,5,0.5,0.001225,nominal,0.18,False,0,3.2181564125816386,,,0.054,,,True,FALLEN
150,20,10,0.5,0.001225,nominal,0.18,False,0,0.1454372761703695,,,0.054,,,True,FALLEN
150,50,10,0.5,0.001225,nominal,0.18,False,0,0.6515977621157241,,,0.054,,,True,FALLEN
150,100,10,0.5,0.001225,nominal,0.18,False,0,1.7923239122959753,,,0.054,,,True,FALLEN
150,200,10,0.5,0.001225,nominal,0.18,False,0,3.187560331282439,,,0.054,,,True,FALLEN
150,350,10,0.5,0.001225,nominal,0.18,False,0,3.2181564125816386,,,0.054,,,True,FALLEN
150,500,10,0.5,0.001225,nominal,0.18,False,0,3.2181564125816386,,,0.054,,,True,FALLEN
150,20,15,0.5,0.001225,nominal,0.18,False,0,0.1454372761703695,,,0.054,,,True,FALLEN
150,50,15,0.5,0.001225,nominal,0.18,False,0,0.6515977621157241,,,0.054,,,True,FALLEN
150,100,15,0.5,0.001225,nominal,0.18,False,0,1.9418600623302051,,0.13,0.054,16.0,0.0,True,FALLEN
150,200,15,0.5,0.001225,nominal,0.18,False,0,1.9418600623302051,,0.13,0.054,16.0,0.0,True,FALLEN
150,350,15,0.5,0.001225,nominal,0.18,False,0,1.9418600623302051,,0.13,0.054,16.0,0.0,True,FALLEN
150,500,15,0.5,0.001225,nominal,0.18,False,0,1.9418600623302051,,0.13,0.054,16.0,0.0,True,FALLEN
200,20,5,0.5,0.001225,nominal,0.18,False,0,0.15657899603584902,,,0.076,,,True,FALLEN
200,50,5,0.5,0.001225,nominal,0.18,False,0,0.8684874185192033,,,0.076,,,True,FALLEN
200,100,5,0.5,0.001225,nominal,0.18,False,0,2.5877239853369325,,,0.076,,,True,FALLEN
200,200,5,0.5,0.001225,nominal,0.18,False,0,5.467462013454773,,,0.076,,,True,FALLEN
200,350,5,0.5,0.001225,nominal,0.18,False,0,6.793291536895689,,,0.076,,,True,FALLEN
200,500,5,0.5,0.001225,nominal,0.18,False,0,6.793291536895689,,,0.076,,,True,FALLEN
200,20,10,0.5,0.001225,nominal,0.18,False,0,0.15657899603584902,,,0.076,,,True,FALLEN
200,50,10,0.5,0.001225,nominal,0.18,False,0,0.8684874185192033,,,0.076,,,True,FALLEN
200,100,10,0.5,0.001225,nominal,0.18,False,0,2.5877239853369325,,,0.076,,,True,FALLEN
200,200,10,0.5,0.001225,nominal,0.18,False,0,5.467462013454773,,,0.076,,,True,FALLEN
200,350,10,0.5,0.001225,nominal,0.18,False,0,6.6862229171534615,,0.316,0.076,16.0,0.0,True,FALLEN
200,500,10,0.5,0.001225,nominal,0.18,False,0,6.6862229171534615,,0.316,0.076,16.0,0.0,True,FALLEN
200,20,15,0.5,0.001225,nominal,0.18,False,0,0.15657899603584902,,,0.076,,,True,FALLEN
200,50,15,0.5,0.001225,nominal,0.18,False,0,0.8684874185192033,,,0.076,,,True,FALLEN
200,100,15,0.5,0.001225,nominal,0.18,False,0,2.213686761789914,,0.14200000000000002,0.076,16.0,0.0,True,FALLEN
200,200,15,0.5,0.001225,nominal,0.18,False,0,2.213686761789914,,0.14200000000000002,0.076,16.0,0.0,True,FALLEN
200,350,15,0.5,0.001225,nominal,0.18,False,0,2.213686761789914,,0.14200000000000002,0.076,16.0,0.0,True,FALLEN
200,500,15,0.5,0.001225,nominal,0.18,False,0,2.213686761789914,,0.14200000000000002,0.076,16.0,0.0,True,FALLEN
250,20,5,0.5,0.001225,nominal,0.18,False,0,0.24312815069200866,,,0.10200000000000001,,,True,FALLEN
250,50,5,0.5,0.001225,nominal,0.18,False,0,1.2044950299583146,,,0.10200000000000001,,,True,FALLEN
250,100,5,0.5,0.001225,nominal,0.18,False,0,3.4056305576854555,,,0.10200000000000001,,,True,FALLEN
250,200,5,0.5,0.001225,nominal,0.18,False,0,8.764429458745003,,,0.10200000000000001,,,True,FALLEN
250,350,5,0.5,0.001225,nominal,0.18,True,3.7128998756326097,19.71289987563261,1.008,0.384,0.10200000000000001,1.4239611648155472,4.872787670414749,False,BALANCING
250,500,5,0.5,0.001225,nominal,0.18,True,3.7128998756326097,19.71289987563261,1.008,0.384,0.10200000000000001,1.4239611648155472,4.872787670414749,False,BALANCING
250,20,10,0.5,0.001225,nominal,0.18,False,0,0.24312815069200866,,,0.10200000000000001,,,True,FALLEN
250,50,10,0.5,0.001225,nominal,0.18,False,0,1.2044950299583146,,,0.10200000000000001,,,True,FALLEN
250,100,10,0.5,0.001225,nominal,0.18,False,0,3.4056305576854555,,,0.10200000000000001,,,True,FALLEN
250,200,10,0.5,0.001225,nominal,0.18,False,0,8.291151214519068,,0.28,0.10200000000000001,16.0,0.0,True,FALLEN
250,350,10,0.5,0.001225,nominal,0.18,False,0,8.291151214519068,,0.28,0.10200000000000001,16.0,0.0,True,FALLEN
250,500,10,0.5,0.001225,nominal,0.18,False,0,8.291151214519068,,0.28,0.10200000000000001,16.0,0.0,True,FALLEN
250,20,15,0.5,0.001225,nominal,0.18,False,0,0.24312815069200866,,,0.10200000000000001,,,True,FALLEN
250,50,15,0.5,0.001225,nominal,0.18,False,0,1.2044950299583146,,,0.10200000000000001,,,True,FALLEN
250,100,15,0.5,0.001225,nominal,0.18,False,0,2.4591537214291073,,0.162,0.10200000000000001,16.0,0.0,True,FALLEN
250,200,15,0.5,0.001225,nominal,0.18,False,0,2.4591537214291073,,0.162,0.10200000000000001,16.0,0.0,True,FALLEN
250,350,15,0.5,0.001225,nominal,0.18,False,0,2.4591537214291073,,0.162,0.10200000000000001,16.0,0.0,True,FALLEN
250,500,15,0.5,0.001225,nominal,0.18,False,0,2.4591537214291073,,0.162,0.10200000000000001,16.0,0.0,True,FALLEN
300,20,5,0.5,0.001225,nominal,0.18,False,0,0.30283867016179045,,,0.132,,,True,FALLEN
300,50,5,0.5,0.001225,nominal,0.18,False,0,1.5172127209892796,,,0.132,,,True,FALLEN
300,100,5,0.5,0.001225,nominal,0.18,False,0,4.453899971557666,,,0.132,,,True,FALLEN
300,200,5,0.5,0.001225,nominal,0.18,False,0,14.315563181604507,,,0.132,,,True,FALLEN
300,350,5,0.5,0.001225,nominal,0.18,True,2.510946342541418,18.510946342541416,1.086,0.36,0.132,1.274791682262446,3.2968667682042074,False,BALANCING
300,500,5,0.5,0.001225,nominal,0.18,True,2.510946342541418,18.510946342541416,1.086,0.36,0.132,1.274791682262446,3.2968667682042074,False,BALANCING
300,20,10,0.5,0.001225,nominal,0.18,False,0,0.30283867016179045,,,0.132,,,True,FALLEN
300,50,10,0.5,0.001225,nominal,0.18,False,0,1.5172127209892796,,,0.132,,,True,FALLEN
300,100,10,0.5,0.001225,nominal,0.18,False,0,4.453899971557666,,,0.132,,,True,FALLEN
300,200,10,0.5,0.001225,nominal,0.18,False,0,9.164068695258301,,0.28600000000000003,0.132,16.0,0.0,True,FALLEN
300,350,10,0.5,0.001225,nominal,0.18,False,0,9.164068695258301,,0.28600000000000003,0.132,16.0,0.0,True,FALLEN
300,500,10,0.5,0.001225,nominal,0.18,False,0,9.164068695258301,,0.28600000000000003,0.132,16.0,0.0,True,FALLEN
300,20,15,0.5,0.001225,nominal,0.18,False,0,0.30283867016179045,,,0.132,,,True,FALLEN
300,50,15,0.5,0.001225,nominal,0.18,False,0,1.5172127209892796,,,0.132,,,True,FALLEN
300,100,15,0.5,0.001225,nominal,0.18,False,0,2.6764106924227136,,0.188,0.132,16.0,0.0,True,FALLEN
300,200,15,0.5,0.001225,nominal,0.18,False,0,2.6764106924227136,,0.188,0.132,16.0,0.0,True,FALLEN
300,350,15,0.5,0.001225,nominal,0.18,False,0,2.6764106924227136,,0.188,0.132,16.0,0.0,True,FALLEN
300,500,15,0.5,0.001225,nominal,0.18,False,0,2.6764106924227136,,0.188,0.132,16.0,0.0,True,FALLEN
350,20,5,0.5,0.001225,nominal,0.18,False,0,0.36659250753859673,,,0.166,,,True,FALLEN
350,50,5,0.5,0.001225,nominal,0.18,False,0,1.8565362748721856,,,0.166,,,True,FALLEN
350,100,5,0.5,0.001225,nominal,0.18,False,0,5.663921188439003,,,0.166,,,True,FALLEN
350,200,5,0.5,0.001225,nominal,0.18,True,1.6650323708026047,17.665032370802606,1.224,0.368,0.166,1.0884861212187331,2.1869280758444067,False,BALANCING
350,350,5,0.5,0.001225,nominal,0.18,True,1.6650323708026047,17.665032370802606,1.224,0.368,0.166,1.0884861212187331,2.1869280758444067,False,BALANCING
350,500,5,0.5,0.001225,nominal,0.18,True,1.6650323708026047,17.665032370802606,1.224,0.368,0.166,1.0884861212187331,2.1869280758444067,False,BALANCING
350,20,10,0.5,0.001225,nominal,0.18,False,0,0.36659250753859673,,,0.166,,,True,FALLEN
350,50,10,0.5,0.001225,nominal,0.18,False,0,1.8565362748721856,,,0.166,,,True,FALLEN
350,100,10,0.5,0.001225,nominal,0.18,False,0,5.663921188439003,,,0.166,,,True,FALLEN
350,200,10,0.5,0.001225,nominal,0.18,False,0,9.83302747927744,,0.306,0.166,16.0,0.0,True,FALLEN
350,350,10,0.5,0.001225,nominal,0.18,False,0,9.83302747927744,,0.306,0.166,16.0,0.0,True,FALLEN
350,500,10,0.5,0.001225,nominal,0.18,False,0,9.83302747927744,,0.306,0.166,16.0,0.0,True,FALLEN
350,20,15,0.5,0.001225,nominal,0.18,False,0,0.36659250753859673,,,0.166,,,True,FALLEN
350,50,15,0.5,0.001225,nominal,0.18,False,0,2.797600890151738,,0.218,0.166,16.0,0.0,True,FALLEN
350,100,15,0.5,0.001225,nominal,0.18,False,0,2.797600890151738,,0.218,0.166,16.0,0.0,True,FALLEN
350,200,15,0.5,0.001225,nominal,0.18,False,0,2.797600890151738,,0.218,0.166,16.0,0.0,True,FALLEN
350,350,15,0.5,0.001225,nominal,0.18,False,0,2.797600890151738,,0.218,0.166,16.0,0.0,True,FALLEN
350,500,15,0.5,0.001225,nominal,0.18,False,0,2.797600890151738,,0.218,0.166,16.0,0.0,True,FALLEN
400,20,5,0.5,0.001225,nominal,0.18,False,0,0.3636844352934929,,,0.21,,,True,FALLEN
400,50,5,0.5,0.001225,nominal,0.18,False,0,2.1076072087387665,,,0.21,,,True,FALLEN
400,100,5,0.5,0.001225,nominal,0.18,False,0,7.2627160817749346,,,0.21,,,True,FALLEN
400,200,5,0.5,0.001225,nominal,0.18,True,0.8229134879980151,16.822913487998015,1.54,0.394,0.21,0.7405626143262531,1.0226989135563687,False,BALANCING
400,350,5,0.5,0.001225,nominal,0.18,True,0.8229134879980151,16.822913487998015,1.54,0.394,0.21,0.7405626143262531,1.0226989135563687,False,BALANCING
400,500,5,0.5,0.001225,nominal,0.18,True,0.8229134879980151,16.822913487998015,1.54,0.394,0.21,0.7405626143262531,1.0226989135563687,False,BALANCING
400,20,10,0.5,0.001225,nominal,0.18,False,0,0.3636844352934929,,,0.21,,,True,FALLEN
400,50,10,0.5,0.001225,nominal,0.18,False,0,2.1076072087387665,,,0.21,,,True,FALLEN
400,100,10,0.5,0.001225,nominal,0.18,False,0,7.2627160817749346,,,0.21,,,True,FALLEN
400,200,10,0.5,0.001225,nominal,0.18,False,0,10.559562488721504,,0.34,0.21,16.0,0.0,True,FALLEN
400,350,10,0.5,0.001225,nominal,0.18,False,0,10.559562488721504,,0.34,0.21,16.0,0.0,True,FALLEN
400,500,10,0.5,0.001225,nominal,0.18,False,0,10.559562488721504,,0.34,0.21,16.0,0.0,True,FALLEN
400,20,15,0.5,0.001225,nominal,0.18,False,0,0.3636844352934929,,,0.21,,,True,FALLEN
400,50,15,0.5,0.001225,nominal,0.18,False,0,2.9860817402746704,,0.26,0.21,16.0,0.0,True,FALLEN
400,100,15,0.5,0.001225,nominal,0.18,False,0,2.9860817402746704,,0.26,0.21,16.0,0.0,True,FALLEN
400,200,15,0.5,0.001225,nominal,0.18,False,0,2.9860817402746704,,0.26,0.21,16.0,0.0,True,FALLEN
400,350,15,0.5,0.001225,nominal,0.18,False,0,2.9860817402746704,,0.26,0.21,16.0,0.0,True,FALLEN
400,500,15,0.5,0.001225,nominal,0.18,False,0,2.9860817402746704,,0.26,0.21,16.0,0.0,True,FALLEN
450,20,5,0.5,0.001225,nominal,0.18,False,0,0.43267747331521633,,,0.268,,,True,FALLEN
450,50,5,0.5,0.001225,nominal,0.18,False,0,2.72633249185089,,,0.268,,,True,FALLEN
450,100,5,0.5,0.001225,nominal,0.18,False,0,9.9231270121347,,,0.268,,,True,FALLEN
450,200,5,0.5,0.001225,nominal,0.18,True,0.5468945437651891,16.546894543765188,2.5460000000000003,0.438,0.268,0.5468945437651891,0.6959048619114808,False,BALANCING
450,350,5,0.5,0.001225,nominal,0.18,True,0.5468945437651891,16.546894543765188,2.5460000000000003,0.438,0.268,0.5468945437651891,0.6959048619114808,False,BALANCING
450,500,5,0.5,0.001225,nominal,0.18,True,0.5468945437651891,16.546894543765188,2.5460000000000003,0.438,0.268,0.5468945437651891,0.6959048619114808,False,BALANCING
450,20,10,0.5,0.001225,nominal,0.18,False,0,0.43267747331521633,,,0.268,,,True,FALLEN
450,50,10,0.5,0.001225,nominal,0.18,False,0,2.72633249185089,,,0.268,,,True,FALLEN
450,100,10,0.5,0.001225,nominal,0.18,False,0,9.9231270121347,,,0.268,,,True,FALLEN
450,200,10,0.5,0.001225,nominal,0.18,False,0,10.952396747419797,,0.388,0.268,16.0,0.0,True,FALLEN
450,350,10,0.5,0.001225,nominal,0.18,False,0,10.952396747419797,,0.388,0.268,16.0,0.0,True,FALLEN
450,500,10,0.5,0.001225,nominal,0.18,False,0,10.952396747419797,,0.388,0.268,16.0,0.0,True,FALLEN
450,20,15,0.5,0.001225,nominal,0.18,False,0,0.43267747331521633,,,0.268,,,True,FALLEN
450,50,15,0.5,0.001225,nominal,0.18,False,0,2.975212830906621,,0.314,0.268,16.0,0.0,True,FALLEN
450,100,15,0.5,0.001225,nominal,0.18,False,0,2.975212830906621,,0.314,0.268,16.0,0.0,True,FALLEN
450,200,15,0.5,0.001225,nominal,0.18,False,0,2.975212830906621,,0.314,0.268,16.0,0.0,True,FALLEN
450,350,15,0.5,0.001225,nominal,0.18,False,0,2.975212830906621,,0.314,0.268,16.0,0.0,True,FALLEN
450,500,15,0.5,0.001225,nominal,0.18,False,0,2.975212830906621,,0.314,0.268,16.0,0.0,True,FALLEN
500,20,5,0.5,0.001225,nominal,0.18,False,0,0.5096850973797693,,,0.352,,,True,FALLEN
500,50,5,0.5,0.001225,nominal,0.18,False,0,3.0248794244850483,,,0.352,,,True,FALLEN
500,100,5,0.5,0.001225,nominal,0.18,False,0,13.981630483772317,,,0.352,,,True,FALLEN
500,200,5,0.5,0.001225,nominal,0.18,True,0.8580947949869947,16.858094794986993,0.5760000000000001,0.512,0.352,0.5848576660718254,2.07352510313244,False,BALANCING
500,350,5,0.5,0.001225,nominal,0.18,True,0.8580947949869947,16.858094794986993,0.5760000000000001,0.512,0.352,0.5848576660718254,2.07352510313244,False,BALANCING
500,500,5,0.5,0.001225,nominal,0.18,True,0.8580947949869947,16.858094794986993,0.5760000000000001,0.512,0.352,0.5848576660718254,2.07352510313244,False,BALANCING
500,20,10,0.5,0.001225,nominal,0.18,False,0,0.5096850973797693,,,0.352,,,True,FALLEN
500,50,10,0.5,0.001225,nominal,0.18,False,0,3.0248794244850483,,,0.352,,,True,FALLEN
500,100,10,0.5,0.001225,nominal,0.18,False,0,13.981630483772317,,,0.352,,,True,FALLEN
500,200,10,0.5,0.001225,nominal,0.18,False,0,11.785419362285873,,0.466,0.352,16.0,0.0,True,FALLEN
500,350,10,0.5,0.001225,nominal,0.18,False,0,11.785419362285873,,0.466,0.352,16.0,0.0,True,FALLEN
500,500,10,0.5,0.001225,nominal,0.18,False,0,11.785419362285873,,0.466,0.352,16.0,0.0,True,FALLEN
500,20,15,0.5,0.001225,nominal,0.18,False,0,0.5096850973797693,,,0.352,,,True,FALLEN
500,50,15,0.5,0.001225,nominal,0.18,False,0,3.0465649459574102,,0.396,0.352,16.0,0.0,True,FALLEN
500,100,15,0.5,0.001225,nominal,0.18,False,0,3.0465649459574102,,0.396,0.352,16.0,0.0,True,FALLEN
500,200,15,0.5,0.001225,nominal,0.18,False,0,3.0465649459574102,,0.396,0.352,16.0,0.0,True,FALLEN
500,350,15,0.5,0.001225,nominal,0.18,False,0,3.0465649459574102,,0.396,0.352,16.0,0.0,True,FALLEN
500,500,15,0.5,0.001225,nominal,0.18,False,0,3.0465649459574102,,0.396,0.352,16.0,0.0,True,FALLEN
550,20,5,0.5,0.001225,nominal,0.18,False,0,0.5980075586473994,,,0.52,,,True,FALLEN
550,50,5,0.5,0.001225,nominal,0.18,False,0,3.606779971118007,,,0.52,,,True,FALLEN
550,100,5,0.5,0.001225,nominal,0.18,False,16.0,32.0,0.78,,0.52,,,True,FALLEN
550,200,5,0.5,0.001225,nominal,0.18,True,2.5632730218354283,18.56327302183543,0.722,0.672,0.52,1.6087320841190178,4.119947477943392,False,BALANCING
550,350,5,0.5,0.001225,nominal,0.18,True,2.5632730218354283,18.56327302183543,0.722,0.672,0.52,1.6087320841190178,4.119947477943392,False,BALANCING
550,500,5,0.5,0.001225,nominal,0.18,True,2.5632730218354283,18.56327302183543,0.722,0.672,0.52,1.6087320841190178,4.119947477943392,False,BALANCING
550,20,10,0.5,0.001225,nominal,0.18,False,0,0.5980075586473994,,,0.52,,,True,FALLEN
550,50,10,0.5,0.001225,nominal,0.18,False,0,3.606779971118007,,,0.52,,,True,FALLEN
550,100,10,0.5,0.001225,nominal,0.18,False,16.0,32.0,0.78,,0.52,,,True,FALLEN
550,200,10,0.5,0.001225,nominal,0.18,False,0,12.500381814481667,,0.628,0.52,16.0,0.0,True,FALLEN
550,350,10,0.5,0.001225,nominal,0.18,False,0,12.500381814481667,,0.628,0.52,16.0,0.0,True,FALLEN
550,500,10,0.5,0.001225,nominal,0.18,False,0,12.500381814481667,,0.628,0.52,16.0,0.0,True,FALLEN
550,20,15,0.5,0.001225,nominal,0.18,False,0,0.5980075586473994,,,0.52,,,True,FALLEN
550,50,15,0.5,0.001225,nominal,0.18,False,0,3.0777377598725515,,0.562,0.52,16.0,0.0,True,FALLEN
550,100,15,0.5,0.001225,nominal,0.18,False,0,3.0777377598725515,,0.562,0.52,16.0,0.0,True,FALLEN
550,200,15,0.5,0.001225,nominal,0.18,False,0,3.0777377598725515,,0.562,0.52,16.0,0.0,True,FALLEN
550,350,15,0.5,0.001225,nominal,0.18,False,0,3.0777377598725515,,0.562,0.52,16.0,0.0,True,FALLEN
550,500,15,0.5,0.001225,nominal,0.18,False,0,3.0777377598725515,,0.562,0.52,16.0,0.0,True,FALLEN
580,20,5,0.5,0.001225,nominal,0.18,False,0,0.656123970497287,,,0.982,,,True,FALLEN
580,50,5,0.5,0.001225,nominal,0.18,False,0,4.005543001977573,,,0.982,,,True,FALLEN
580,100,5,0.5,0.001225,nominal,0.18,False,16.0,32.0,1.222,,0.982,,,True,FALLEN
580,200,5,0.5,0.001225,nominal,0.18,False,16.0,32.0,1.176,1.1280000000000001,0.982,16.0,0.0,True,FALLEN
580,350,5,0.5,0.001225,nominal,0.18,False,16.0,32.0,1.176,1.1280000000000001,0.982,16.0,0.0,True,FALLEN
580,500,5,0.5,0.001225,nominal,0.18,False,16.0,32.0,1.176,1.1280000000000001,0.982,16.0,0.0,True,FALLEN
580,20,10,0.5,0.001225,nominal,0.18,False,0,0.656123970497287,,,0.982,,,True,FALLEN
580,50,10,0.5,0.001225,nominal,0.18,False,0,4.005543001977573,,,0.982,,,True,FALLEN
580,100,10,0.5,0.001225,nominal,0.18,False,16.0,32.0,1.222,,0.982,,,True,FALLEN
580,200,10,0.5,0.001225,nominal,0.18,False,0,13.28311400227393,,1.088,0.982,16.0,0.0,True,FALLEN
580,350,10,0.5,0.001225,nominal,0.18,False,0,13.28311400227393,,1.088,0.982,16.0,0.0,True,FALLEN
580,500,10,0.5,0.001225,nominal,0.18,False,0,13.28311400227393,,1.088,0.982,16.0,0.0,True,FALLEN
580,20,15,0.5,0.001225,nominal,0.18,False,0,0.656123970497287,,,0.982,,,True,FALLEN
580,50,15,0.5,0.001225,nominal,0.18,False,0,3.19166022668556,,1.024,0.982,16.0,0.0,True,FALLEN
580,100,15,0.5,0.001225,nominal,0.18,False,0,3.19166022668556,,1.024,0.982,16.0,0.0,True,FALLEN
580,200,15,0.5,0.001225,nominal,0.18,False,0,3.19166022668556,,1.024,0.982,16.0,0.0,True,FALLEN
580,350,15,0.5,0.001225,nominal,0.18,False,0,3.19166022668556,,1.024,0.982,16.0,0.0,True,FALLEN
580,500,15,0.5,0.001225,nominal,0.18,False,0,3.19166022668556,,1.024,0.982,16.0,0.0,True,FALLEN
100,20,5,0.5,0.001225,half_20ms,0.18,False,0,0.0,,,0.034,,,False,FALLEN
100,50,5,0.5,0.001225,half_20ms,0.18,False,0,0.0,,,0.034,,,False,FALLEN
100,100,5,0.5,0.001225,half_20ms,0.18,False,0,0.03984518988979602,,,0.034,,,True,FALLEN
100,200,5,0.5,0.001225,half_20ms,0.18,False,0,0.19244936003573265,,,0.034,,,True,FALLEN
100,350,5,0.5,0.001225,half_20ms,0.18,False,0,0.19244936003573265,,,0.034,,,True,FALLEN
100,500,5,0.5,0.001225,half_20ms,0.18,False,0,0.19244936003573265,,,0.034,,,True,FALLEN
100,20,10,0.5,0.001225,half_20ms,0.18,False,0,0.0,,,0.034,,,False,FALLEN
100,50,10,0.5,0.001225,half_20ms,0.18,False,0,0.0,,,0.034,,,False,FALLEN
100,100,10,0.5,0.001225,half_20ms,0.18,False,0,0.03984518988979602,,,0.034,,,True,FALLEN
100,200,10,0.5,0.001225,half_20ms,0.18,False,0,0.19244936003573265,,,0.034,,,True,FALLEN
100,350,10,0.5,0.001225,half_20ms,0.18,False,0,0.19244936003573265,,,0.034,,,True,FALLEN
100,500,10,0.5,0.001225,half_20ms,0.18,False,0,0.19244936003573265,,,0.034,,,True,FALLEN
100,20,15,0.5,0.001225,half_20ms,0.18,False,0,0.0,,,0.034,,,False,FALLEN
100,50,15,0.5,0.001225,half_20ms,0.18,False,0,0.0,,,0.034,,,False,FALLEN
100,100,15,0.5,0.001225,half_20ms,0.18,False,0,0.03984518988979602,,,0.034,,,True,FALLEN
100,200,15,0.5,0.001225,half_20ms,0.18,False,0,0.19244936003573265,,,0.034,,,True,FALLEN
100,350,15,0.5,0.001225,half_20ms,0.18,False,0,0.19244936003573265,,,0.034,,,True,FALLEN
100,500,15,0.5,0.001225,half_20ms,0.18,False,0,0.19244936003573265,,,0.034,,,True,FALLEN
150,20,5,0.5,0.001225,half_20ms,0.18,False,0,0.0,,,0.054,,,False,FALLEN
150,50,5,0.5,0.001225,half_20ms,0.18,False,0,0.0,,,0.054,,,False,FALLEN
150,100,5,0.5,0.001225,half_20ms,0.18,False,0,0.0,,,0.054,,,False,FALLEN
150,200,5,0.5,0.001225,half_20ms,0.18,False,0,0.19226835329464897,,,0.054,,,True,FALLEN
150,350,5,0.5,0.001225,half_20ms,0.18,False,0,0.19226835329464897,,,0.054,,,True,FALLEN
150,500,5,0.5,0.001225,half_20ms,0.18,False,0,0.19226835329464897,,,0.054,,,True,FALLEN
150,20,10,0.5,0.001225,half_20ms,0.18,False,0,0.0,,,0.054,,,False,FALLEN
150,50,10,0.5,0.001225,half_20ms,0.18,False,0,0.0,,,0.054,,,False,FALLEN
150,100,10,0.5,0.001225,half_20ms,0.18,False,0,0.0,,,0.054,,,False,FALLEN
150,200,10,0.5,0.001225,half_20ms,0.18,False,0,0.19226835329464897,,,0.054,,,True,FALLEN
150,350,10,0.5,0.001225,half_20ms,0.18,False,0,0.19226835329464897,,,0.054,,,True,FALLEN
150,500,10,0.5,0.001225,half_20ms,0.18,False,0,0.19226835329464897,,,0.054,,,True,FALLEN
150,20,15,0.5,0.001225,half_20ms,0.18,False,0,0.0,,,0.054,,,False,FALLEN
150,50,15,0.5,0.001225,half_20ms,0.18,False,0,0.0,,,0.054,,,False,FALLEN
150,100,15,0.5,0.001225,half_20ms,0.18,False,0,0.0,,,0.054,,,False,FALLEN
150,200,15,0.5,0.001225,half_20ms,0.18,False,0,0.19226835329464897,,,0.054,,,True,FALLEN
150,350,15,0.5,0.001225,half_20ms,0.18,False,0,0.19226835329464897,,,0.054,,,True,FALLEN
150,500,15,0.5,0.001225,half_20ms,0.18,False,0,0.19226835329464897,,,0.054,,,True,FALLEN
200,20,5,0.5,0.001225,half_20ms,0.18,False,0,0.0,,,0.076,,,False,FALLEN
200,50,5,0.5,0.001225,half_20ms,0.18,False,0,0.0,,,0.076,,,False,FALLEN
200,100,5,0.5,0.001225,half_20ms,0.18,False,0,0.0,,,0.076,,,False,FALLEN
200,200,5,0.5,0.001225,half_20ms,0.18,False,0,0.19344271924947343,,,0.076,,,True,FALLEN
200,350,5,0.5,0.001225,half_20ms,0.18,False,0,0.19344271924947343,,,0.076,,,True,FALLEN
200,500,5,0.5,0.001225,half_20ms,0.18,False,0,0.19344271924947343,,,0.076,,,True,FALLEN
200,20,10,0.5,0.001225,half_20ms,0.18,False,0,0.0,,,0.076,,,False,FALLEN
200,50,10,0.5,0.001225,half_20ms,0.18,False,0,0.0,,,0.076,,,False,FALLEN
200,100,10,0.5,0.001225,half_20ms,0.18,False,0,0.0,,,0.076,,,False,FALLEN
200,200,10,0.5,0.001225,half_20ms,0.18,False,0,0.19344271924947343,,,0.076,,,True,FALLEN
200,350,10,0.5,0.001225,half_20ms,0.18,False,0,0.19344271924947343,,,0.076,,,True,FALLEN
200,500,10,0.5,0.001225,half_20ms,0.18,False,0,0.19344271924947343,,,0.076,,,True,FALLEN
200,20,15,0.5,0.001225,half_20ms,0.18,False,0,0.0,,,0.076,,,False,FALLEN
200,50,15,0.5,0.001225,half_20ms,0.18,False,0,0.0,,,0.076,,,False,FALLEN
200,100,15,0.5,0.001225,half_20ms,0.18,False,0,0.0,,,0.076,,,False,FALLEN
200,200,15,0.5,0.001225,half_20ms,0.18,False,0,0.19344271924947343,,,0.076,,,True,FALLEN
200,350,15,0.5,0.001225,half_20ms,0.18,False,0,0.19344271924947343,,,0.076,,,True,FALLEN
200,500,15,0.5,0.001225,half_20ms,0.18,False,0,0.19344271924947343,,,0.076,,,True,FALLEN
250,20,5,0.5,0.001225,half_20ms,0.18,False,0,0.0,,,0.10200000000000001,,,False,FALLEN
250,50,5,0.5,0.001225,half_20ms,0.18,False,0,0.0,,,0.10200000000000001,,,False,FALLEN
250,100,5,0.5,0.001225,half_20ms,0.18,False,0,0.0,,,0.10200000000000001,,,False,FALLEN
250,200,5,0.5,0.001225,half_20ms,0.18,False,0,0.15612508452486118,,,0.10200000000000001,,,True,FALLEN
250,350,5,0.5,0.001225,half_20ms,0.18,False,0,0.19271757167538972,,,0.10200000000000001,,,True,FALLEN
250,500,5,0.5,0.001225,half_20ms,0.18,False,0,0.19271757167538972,,,0.10200000000000001,,,True,FALLEN
250,20,10,0.5,0.001225,half_20ms,0.18,False,0,0.0,,,0.10200000000000001,,,False,FALLEN
250,50,10,0.5,0.001225,half_20ms,0.18,False,0,0.0,,,0.10200000000000001,,,False,FALLEN
250,100,10,0.5,0.001225,half_20ms,0.18,False,0,0.0,,,0.10200000000000001,,,False,FALLEN
250,200,10,0.5,0.001225,half_20ms,0.18,False,0,0.15612508452486118,,,0.10200000000000001,,,True,FALLEN
250,350,10,0.5,0.001225,half_20ms,0.18,False,0,0.19271757167538972,,,0.10200000000000001,,,True,FALLEN
250,500,10,0.5,0.001225,half_20ms,0.18,False,0,0.19271757167538972,,,0.10200000000000001,,,True,FALLEN
250,20,15,0.5,0.001225,half_20ms,0.18,False,0,0.0,,,0.10200000000000001,,,False,FALLEN
250,50,15,0.5,0.001225,half_20ms,0.18,False,0,0.0,,,0.10200000000000001,,,False,FALLEN
250,100,15,0.5,0.001225,half_20ms,0.18,False,0,0.0,,,0.10200000000000001,,,False,FALLEN
250,200,15,0.5,0.001225,half_20ms,0.18,False,0,0.15612508452486118,,,0.10200000000000001,,,True,FALLEN
250,350,15,0.5,0.001225,half_20ms,0.18,False,0,0.19271757167538972,,,0.10200000000000001,,,True,FALLEN
250,500,15,0.5,0.001225,half_20ms,0.18,False,0,0.19271757167538972,,,0.10200000000000001,,,True,FALLEN
300,20,5,0.5,0.001225,half_20ms,0.18,False,0,0.0,,,0.132,,,False,FALLEN
300,50,5,0.5,0.001225,half_20ms,0.18,False,0,0.0,,,0.132,,,False,FALLEN
300,100,5,0.5,0.001225,half_20ms,0.18,False,0,0.0,,,0.132,,,False,FALLEN
300,200,5,0.5,0.001225,half_20ms,0.18,False,0,0.08085237965346437,,,0.132,,,True,FALLEN
300,350,5,0.5,0.001225,half_20ms,0.18,False,0,0.1914877455585966,,,0.132,,,True,FALLEN
300,500,5,0.5,0.001225,half_20ms,0.18,False,0,0.1914877455585966,,,0.132,,,True,FALLEN
300,20,10,0.5,0.001225,half_20ms,0.18,False,0,0.0,,,0.132,,,False,FALLEN
300,50,10,0.5,0.001225,half_20ms,0.18,False,0,0.0,,,0.132,,,False,FALLEN
300,100,10,0.5,0.001225,half_20ms,0.18,False,0,0.0,,,0.132,,,False,FALLEN
300,200,10,0.5,0.001225,half_20ms,0.18,False,0,0.08085237965346437,,,0.132,,,True,FALLEN
300,350,10,0.5,0.001225,half_20ms,0.18,False,0,0.1914877455585966,,,0.132,,,True,FALLEN
300,500,10,0.5,0.001225,half_20ms,0.18,False,0,0.1914877455585966,,,0.132,,,True,FALLEN
300,20,15,0.5,0.001225,half_20ms,0.18,False,0,0.0,,,0.132,,,False,FALLEN
300,50,15,0.5,0.001225,half_20ms,0.18,False,0,0.0,,,0.132,,,False,FALLEN
300,100,15,0.5,0.001225,half_20ms,0.18,False,0,0.0,,,0.132,,,False,FALLEN
300,200,15,0.5,0.001225,half_20ms,0.18,False,0,0.08085237965346437,,,0.132,,,True,FALLEN
300,350,15,0.5,0.001225,half_20ms,0.18,False,0,0.1914877455585966,,,0.132,,,True,FALLEN
300,500,15,0.5,0.001225,half_20ms,0.18,False,0,0.1914877455585966,,,0.132,,,True,FALLEN
350,20,5,0.5,0.001225,half_20ms,0.18,False,0,0.0,,,0.166,,,False,FALLEN
350,50,5,0.5,0.001225,half_20ms,0.18,False,0,0.0,,,0.166,,,False,FALLEN
350,100,5,0.5,0.001225,half_20ms,0.18,False,0,0.0,,,0.166,,,False,FALLEN
350,200,5,0.5,0.001225,half_20ms,0.18,False,0,0.024757017599231546,,,0.166,,,True,FALLEN
350,350,5,0.5,0.001225,half_20ms,0.18,False,0,0.19722015745812094,,,0.166,,,True,FALLEN
350,500,5,0.5,0.001225,half_20ms,0.18,False,0,0.19722015745812094,,,0.166,,,True,FALLEN
350,20,10,0.5,0.001225,half_20ms,0.18,False,0,0.0,,,0.166,,,False,FALLEN
350,50,10,0.5,0.001225,half_20ms,0.18,False,0,0.0,,,0.166,,,False,FALLEN
350,100,10,0.5,0.001225,half_20ms,0.18,False,0,0.0,,,0.166,,,False,FALLEN
350,200,10,0.5,0.001225,half_20ms,0.18,False,0,0.024757017599231546,,,0.166,,,True,FALLEN
350,350,10,0.5,0.001225,half_20ms,0.18,False,0,0.19722015745812094,,,0.166,,,True,FALLEN
350,500,10,0.5,0.001225,half_20ms,0.18,False,0,0.19722015745812094,,,0.166,,,True,FALLEN
350,20,15,0.5,0.001225,half_20ms,0.18,False,0,0.0,,,0.166,,,False,FALLEN
350,50,15,0.5,0.001225,half_20ms,0.18,False,0,0.0,,,0.166,,,False,FALLEN
350,100,15,0.5,0.001225,half_20ms,0.18,False,0,0.0,,,0.166,,,False,FALLEN
350,200,15,0.5,0.001225,half_20ms,0.18,False,0,0.024757017599231546,,,0.166,,,True,FALLEN
350,350,15,0.5,0.001225,half_20ms,0.18,False,0,0.19722015745812094,,,0.166,,,True,FALLEN
350,500,15,0.5,0.001225,half_20ms,0.18,False,0,0.19722015745812094,,,0.166,,,True,FALLEN
400,20,5,0.5,0.001225,half_20ms,0.18,False,0,0.0,,,0.21,,,False,FALLEN
400,50,5,0.5,0.001225,half_20ms,0.18,False,0,0.00022655679705607668,,,0.21,,,True,FALLEN
400,100,5,0.5,0.001225,half_20ms,0.18,False,0,0.00022655679705607668,,,0.21,,,True,FALLEN
400,200,5,0.5,0.001225,half_20ms,0.18,False,0,0.00022655679705607668,,,0.21,,,True,FALLEN
400,350,5,0.5,0.001225,half_20ms,0.18,False,0,0.1940540968048481,,,0.21,,,True,FALLEN
400,500,5,0.5,0.001225,half_20ms,0.18,False,0,0.1940540968048481,,,0.21,,,True,FALLEN
400,20,10,0.5,0.001225,half_20ms,0.18,False,0,0.0,,,0.21,,,False,FALLEN
400,50,10,0.5,0.001225,half_20ms,0.18,False,0,0.00022655679705607668,,,0.21,,,True,FALLEN
400,100,10,0.5,0.001225,half_20ms,0.18,False,0,0.00022655679705607668,,,0.21,,,True,FALLEN
400,200,10,0.5,0.001225,half_20ms,0.18,False,0,0.00022655679705607668,,,0.21,,,True,FALLEN
400,350,10,0.5,0.001225,half_20ms,0.18,False,0,0.1940540968048481,,,0.21,,,True,FALLEN
400,500,10,0.5,0.001225,half_20ms,0.18,False,0,0.1940540968048481,,,0.21,,,True,FALLEN
400,20,15,0.5,0.001225,half_20ms,0.18,False,0,0.0,,,0.21,,,False,FALLEN
400,50,15,0.5,0.001225,half_20ms,0.18,False,0,0.00022655679705607668,,,0.21,,,True,FALLEN
400,100,15,0.5,0.001225,half_20ms,0.18,False,0,0.00022655679705607668,,,0.21,,,True,FALLEN
400,200,15,0.5,0.001225,half_20ms,0.18,False,0,0.00022655679705607668,,,0.21,,,True,FALLEN
400,350,15,0.5,0.001225,half_20ms,0.18,False,0,0.1940540968048481,,,0.21,,,True,FALLEN
400,500,15,0.5,0.001225,half_20ms,0.18,False,0,0.1940540968048481,,,0.21,,,True,FALLEN
450,20,5,0.5,0.001225,half_20ms,0.18,False,0,0.0,,,0.268,,,False,FALLEN
450,50,5,0.5,0.001225,half_20ms,0.18,False,0,0.014625846143767163,,,0.268,,,True,FALLEN
450,100,5,0.5,0.001225,half_20ms,0.18,False,0,0.021152252059259524,,,0.268,,,True,FALLEN
450,200,5,0.5,0.001225,half_20ms,0.18,False,0,0.021152252059259524,,,0.268,,,True,FALLEN
450,350,5,0.5,0.001225,half_20ms,0.18,False,0,0.19171139612539356,,,0.268,,,True,FALLEN
450,500,5,0.5,0.001225,half_20ms,0.18,False,0,0.19171139612539356,,,0.268,,,True,FALLEN
450,20,10,0.5,0.001225,half_20ms,0.18,False,0,0.0,,,0.268,,,False,FALLEN
450,50,10,0.5,0.001225,half_20ms,0.18,False,0,0.014625846143767163,,,0.268,,,True,FALLEN
450,100,10,0.5,0.001225,half_20ms,0.18,False,0,0.021152252059259524,,,0.268,,,True,FALLEN
450,200,10,0.5,0.001225,half_20ms,0.18,False,0,0.021152252059259524,,,0.268,,,True,FALLEN
450,350,10,0.5,0.001225,half_20ms,0.18,False,0,0.19171139612539356,,,0.268,,,True,FALLEN
450,500,10,0.5,0.001225,half_20ms,0.18,False,0,0.19171139612539356,,,0.268,,,True,FALLEN
450,20,15,0.5,0.001225,half_20ms,0.18,False,0,0.0,,,0.268,,,False,FALLEN
450,50,15,0.5,0.001225,half_20ms,0.18,False,0,0.014625846143767163,,,0.268,,,True,FALLEN
450,100,15,0.5,0.001225,half_20ms,0.18,False,0,0.021152252059259524,,,0.268,,,True,FALLEN
450,200,15,0.5,0.001225,half_20ms,0.18,False,0,0.021152252059259524,,,0.268,,,True,FALLEN
450,350,15,0.5,0.001225,half_20ms,0.18,False,0,0.19171139612539356,,,0.268,,,True,FALLEN
450,500,15,0.5,0.001225,half_20ms,0.18,False,0,0.19171139612539356,,,0.268,,,True,FALLEN
500,20,5,0.5,0.001225,half_20ms,0.18,False,0,0.0,,,0.352,,,False,FALLEN
500,50,5,0.5,0.001225,half_20ms,0.18,False,0,0.03770844251273786,,,0.352,,,True,FALLEN
500,100,5,0.5,0.001225,half_20ms,0.18,False,0,0.12528037097980516,,,0.352,,,True,FALLEN
500,200,5,0.5,0.001225,half_20ms,0.18,False,0,0.1260059168915273,,,0.352,,,True,FALLEN
500,350,5,0.5,0.001225,half_20ms,0.18,False,0,0.19234197977965195,,,0.352,,,True,FALLEN
500,500,5,0.5,0.001225,half_20ms,0.18,False,0,0.19234197977965195,,,0.352,,,True,FALLEN
500,20,10,0.5,0.001225,half_20ms,0.18,False,0,0.0,,,0.352,,,False,FALLEN
500,50,10,0.5,0.001225,half_20ms,0.18,False,0,0.03770844251273786,,,0.352,,,True,FALLEN
500,100,10,0.5,0.001225,half_20ms,0.18,False,0,0.12528037097980516,,,0.352,,,True,FALLEN
500,200,10,0.5,0.001225,half_20ms,0.18,False,0,0.1260059168915273,,,0.352,,,True,FALLEN
500,350,10,0.5,0.001225,half_20ms,0.18,False,0,0.19234197977965195,,,0.352,,,True,FALLEN
500,500,10,0.5,0.001225,half_20ms,0.18,False,0,0.19234197977965195,,,0.352,,,True,FALLEN
500,20,15,0.5,0.001225,half_20ms,0.18,False,0,0.0,,,0.352,,,False,FALLEN
500,50,15,0.5,0.001225,half_20ms,0.18,False,0,0.03770844251273786,,,0.352,,,True,FALLEN
500,100,15,0.5,0.001225,half_20ms,0.18,False,0,0.12528037097980516,,,0.352,,,True,FALLEN
500,200,15,0.5,0.001225,half_20ms,0.18,False,0,0.1260059168915273,,,0.352,,,True,FALLEN
500,350,15,0.5,0.001225,half_20ms,0.18,False,0,0.19234197977965195,,,0.352,,,True,FALLEN
500,500,15,0.5,0.001225,half_20ms,0.18,False,0,0.19234197977965195,,,0.352,,,True,FALLEN
550,20,5,0.5,0.001225,half_20ms,0.18,False,0,0.0,,,0.52,,,False,FALLEN
550,50,5,0.5,0.001225,half_20ms,0.18,False,0,0.06344008811343649,,,0.52,,,True,FALLEN
550,100,5,0.5,0.001225,half_20ms,0.18,False,0,0.2988497420878531,,,0.52,,,True,FALLEN
550,200,5,0.5,0.001225,half_20ms,0.18,False,0,0.390085666590398,,,0.52,,,True,FALLEN
550,350,5,0.5,0.001225,half_20ms,0.18,False,0,0.390085666590398,,,0.52,,,True,FALLEN
550,500,5,0.5,0.001225,half_20ms,0.18,False,0,0.390085666590398,,,0.52,,,True,FALLEN
550,20,10,0.5,0.001225,half_20ms,0.18,False,0,0.0,,,0.52,,,False,FALLEN
550,50,10,0.5,0.001225,half_20ms,0.18,False,0,0.06344008811343649,,,0.52,,,True,FALLEN
550,100,10,0.5,0.001225,half_20ms,0.18,False,0,0.2988497420878531,,,0.52,,,True,FALLEN
550,200,10,0.5,0.001225,half_20ms,0.18,False,0,0.390085666590398,,,0.52,,,True,FALLEN
550,350,10,0.5,0.001225,half_20ms,0.18,False,0,0.390085666590398,,,0.52,,,True,FALLEN
550,500,10,0.5,0.001225,half_20ms,0.18,False,0,0.390085666590398,,,0.52,,,True,FALLEN
550,20,15,0.5,0.001225,half_20ms,0.18,False,0,0.0,,,0.52,,,False,FALLEN
550,50,15,0.5,0.001225,half_20ms,0.18,False,0,0.06344008811343649,,,0.52,,,True,FALLEN
550,100,15,0.5,0.001225,half_20ms,0.18,False,0,0.2988497420878531,,,0.52,,,True,FALLEN
550,200,15,0.5,0.001225,half_20ms,0.18,False,0,0.390085666590398,,,0.52,,,True,FALLEN
550,350,15,0.5,0.001225,half_20ms,0.18,False,0,0.390085666590398,,,0.52,,,True,FALLEN
550,500,15,0.5,0.001225,half_20ms,0.18,False,0,0.390085666590398,,,0.52,,,True,FALLEN
580,20,5,0.5,0.001225,half_20ms,0.18,False,0,0.0,,,0.982,,,False,FALLEN
580,50,5,0.5,0.001225,half_20ms,0.18,False,0,0.08059472044699767,,,0.982,,,True,FALLEN
580,100,5,0.5,0.001225,half_20ms,0.18,False,0,0.4000706534445122,,,0.982,,,True,FALLEN
580,200,5,0.5,0.001225,half_20ms,0.18,False,0,0.6699993170028815,,,0.982,,,True,FALLEN
580,350,5,0.5,0.001225,half_20ms,0.18,False,0,0.6699993170028815,,,0.982,,,True,FALLEN
580,500,5,0.5,0.001225,half_20ms,0.18,False,0,0.6699993170028815,,,0.982,,,True,FALLEN
580,20,10,0.5,0.001225,half_20ms,0.18,False,0,0.0,,,0.982,,,False,FALLEN
580,50,10,0.5,0.001225,half_20ms,0.18,False,0,0.08059472044699767,,,0.982,,,True,FALLEN
580,100,10,0.5,0.001225,half_20ms,0.18,False,0,0.4000706534445122,,,0.982,,,True,FALLEN
580,200,10,0.5,0.001225,half_20ms,0.18,False,0,0.6699993170028815,,,0.982,,,True,FALLEN
580,350,10,0.5,0.001225,half_20ms,0.18,False,0,0.6699993170028815,,,0.982,,,True,FALLEN
580,500,10,0.5,0.001225,half_20ms,0.18,False,0,0.6699993170028815,,,0.982,,,True,FALLEN
580,20,15,0.5,0.001225,half_20ms,0.18,False,0,0.0,,,0.982,,,False,FALLEN
580,50,15,0.5,0.001225,half_20ms,0.18,False,0,0.08059472044699767,,,0.982,,,True,FALLEN
580,100,15,0.5,0.001225,half_20ms,0.18,False,0,0.4000706534445122,,,0.982,,,True,FALLEN
580,200,15,0.5,0.001225,half_20ms,0.18,False,0,0.6699993170028815,,,0.982,,,True,FALLEN
580,350,15,0.5,0.001225,half_20ms,0.18,False,0,0.6699993170028815,,,0.982,,,True,FALLEN
580,500,15,0.5,0.001225,half_20ms,0.18,False,0,0.6699993170028815,,,0.982,,,True,FALLEN
100,20,5,0.5,0.001225,half_50ms,0.18,False,0,0.0,,,0.034,,,False,FALLEN
100,50,5,0.5,0.001225,half_50ms,0.18,False,0,0.0,,,0.034,,,False,FALLEN
100,100,5,0.5,0.001225,half_50ms,0.18,False,0,0.0,,,0.034,,,False,FALLEN
100,200,5,0.5,0.001225,half_50ms,0.18,False,0,0.196579315814148,,,0.034,,,True,FALLEN
100,350,5,0.5,0.001225,half_50ms,0.18,False,0,0.196579315814148,,,0.034,,,True,FALLEN
100,500,5,0.5,0.001225,half_50ms,0.18,False,0,0.196579315814148,,,0.034,,,True,FALLEN
100,20,10,0.5,0.001225,half_50ms,0.18,False,0,0.0,,,0.034,,,False,FALLEN
100,50,10,0.5,0.001225,half_50ms,0.18,False,0,0.0,,,0.034,,,False,FALLEN
100,100,10,0.5,0.001225,half_50ms,0.18,False,0,0.0,,,0.034,,,False,FALLEN
100,200,10,0.5,0.001225,half_50ms,0.18,False,0,0.196579315814148,,,0.034,,,True,FALLEN
100,350,10,0.5,0.001225,half_50ms,0.18,False,0,0.196579315814148,,,0.034,,,True,FALLEN
100,500,10,0.5,0.001225,half_50ms,0.18,False,0,0.196579315814148,,,0.034,,,True,FALLEN
100,20,15,0.5,0.001225,half_50ms,0.18,False,0,0.0,,,0.034,,,False,FALLEN
100,50,15,0.5,0.001225,half_50ms,0.18,False,0,0.0,,,0.034,,,False,FALLEN
100,100,15,0.5,0.001225,half_50ms,0.18,False,0,0.0,,,0.034,,,False,FALLEN
100,200,15,0.5,0.001225,half_50ms,0.18,False,0,0.196579315814148,,,0.034,,,True,FALLEN
100,350,15,0.5,0.001225,half_50ms,0.18,False,0,0.196579315814148,,,0.034,,,True,FALLEN
100,500,15,0.5,0.001225,half_50ms,0.18,False,0,0.196579315814148,,,0.034,,,True,FALLEN
150,20,5,0.5,0.001225,half_50ms,0.18,False,0,0.0,,,0.054,,,False,FALLEN
150,50,5,0.5,0.001225,half_50ms,0.18,False,0,0.0,,,0.054,,,False,FALLEN
150,100,5,0.5,0.001225,half_50ms,0.18,False,0,0.0,,,0.054,,,False,FALLEN
150,200,5,0.5,0.001225,half_50ms,0.18,False,0,0.191340912722735,,,0.054,,,True,FALLEN
150,350,5,0.5,0.001225,half_50ms,0.18,False,0,0.19449875341110356,,,0.054,,,True,FALLEN
150,500,5,0.5,0.001225,half_50ms,0.18,False,0,0.19449875341110356,,,0.054,,,True,FALLEN
150,20,10,0.5,0.001225,half_50ms,0.18,False,0,0.0,,,0.054,,,False,FALLEN
150,50,10,0.5,0.001225,half_50ms,0.18,False,0,0.0,,,0.054,,,False,FALLEN
150,100,10,0.5,0.001225,half_50ms,0.18,False,0,0.0,,,0.054,,,False,FALLEN
150,200,10,0.5,0.001225,half_50ms,0.18,False,0,0.191340912722735,,,0.054,,,True,FALLEN
150,350,10,0.5,0.001225,half_50ms,0.18,False,0,0.19449875341110356,,,0.054,,,True,FALLEN
150,500,10,0.5,0.001225,half_50ms,0.18,False,0,0.19449875341110356,,,0.054,,,True,FALLEN
150,20,15,0.5,0.001225,half_50ms,0.18,False,0,0.0,,,0.054,,,False,FALLEN
150,50,15,0.5,0.001225,half_50ms,0.18,False,0,0.0,,,0.054,,,False,FALLEN
150,100,15,0.5,0.001225,half_50ms,0.18,False,0,0.0,,,0.054,,,False,FALLEN
150,200,15,0.5,0.001225,half_50ms,0.18,False,0,0.191340912722735,,,0.054,,,True,FALLEN
150,350,15,0.5,0.001225,half_50ms,0.18,False,0,0.19449875341110356,,,0.054,,,True,FALLEN
150,500,15,0.5,0.001225,half_50ms,0.18,False,0,0.19449875341110356,,,0.054,,,True,FALLEN
200,20,5,0.5,0.001225,half_50ms,0.18,False,0,0.0,,,0.076,,,False,FALLEN
200,50,5,0.5,0.001225,half_50ms,0.18,False,0,0.0,,,0.076,,,False,FALLEN
200,100,5,0.5,0.001225,half_50ms,0.18,False,0,0.0,,,0.076,,,False,FALLEN
200,200,5,0.5,0.001225,half_50ms,0.18,False,0,0.1491032465077584,,,0.076,,,True,FALLEN
200,350,5,0.5,0.001225,half_50ms,0.18,False,0,0.19701698249165922,,,0.076,,,True,FALLEN
200,500,5,0.5,0.001225,half_50ms,0.18,False,0,0.19701698249165922,,,0.076,,,True,FALLEN
200,20,10,0.5,0.001225,half_50ms,0.18,False,0,0.0,,,0.076,,,False,FALLEN
200,50,10,0.5,0.001225,half_50ms,0.18,False,0,0.0,,,0.076,,,False,FALLEN
200,100,10,0.5,0.001225,half_50ms,0.18,False,0,0.0,,,0.076,,,False,FALLEN
200,200,10,0.5,0.001225,half_50ms,0.18,False,0,0.1491032465077584,,,0.076,,,True,FALLEN
200,350,10,0.5,0.001225,half_50ms,0.18,False,0,0.19701698249165922,,,0.076,,,True,FALLEN
200,500,10,0.5,0.001225,half_50ms,0.18,False,0,0.19701698249165922,,,0.076,,,True,FALLEN
200,20,15,0.5,0.001225,half_50ms,0.18,False,0,0.0,,,0.076,,,False,FALLEN
200,50,15,0.5,0.001225,half_50ms,0.18,False,0,0.0,,,0.076,,,False,FALLEN
200,100,15,0.5,0.001225,half_50ms,0.18,False,0,0.0,,,0.076,,,False,FALLEN
200,200,15,0.5,0.001225,half_50ms,0.18,False,0,0.1491032465077584,,,0.076,,,True,FALLEN
200,350,15,0.5,0.001225,half_50ms,0.18,False,0,0.19701698249165922,,,0.076,,,True,FALLEN
200,500,15,0.5,0.001225,half_50ms,0.18,False,0,0.19701698249165922,,,0.076,,,True,FALLEN
250,20,5,0.5,0.001225,half_50ms,0.18,False,0,0.0,,,0.10200000000000001,,,False,FALLEN
250,50,5,0.5,0.001225,half_50ms,0.18,False,0,0.0,,,0.10200000000000001,,,False,FALLEN
250,100,5,0.5,0.001225,half_50ms,0.18,False,0,0.0,,,0.10200000000000001,,,False,FALLEN
250,200,5,0.5,0.001225,half_50ms,0.18,False,0,0.07068464897461268,,,0.10200000000000001,,,True,FALLEN
250,350,5,0.5,0.001225,half_50ms,0.18,False,0,0.20000684993950557,,,0.10200000000000001,,,True,FALLEN
250,500,5,0.5,0.001225,half_50ms,0.18,False,0,0.20000684993950557,,,0.10200000000000001,,,True,FALLEN
250,20,10,0.5,0.001225,half_50ms,0.18,False,0,0.0,,,0.10200000000000001,,,False,FALLEN
250,50,10,0.5,0.001225,half_50ms,0.18,False,0,0.0,,,0.10200000000000001,,,False,FALLEN
250,100,10,0.5,0.001225,half_50ms,0.18,False,0,0.0,,,0.10200000000000001,,,False,FALLEN
250,200,10,0.5,0.001225,half_50ms,0.18,False,0,0.07068464897461268,,,0.10200000000000001,,,True,FALLEN
250,350,10,0.5,0.001225,half_50ms,0.18,False,0,0.20000684993950557,,,0.10200000000000001,,,True,FALLEN
250,500,10,0.5,0.001225,half_50ms,0.18,False,0,0.20000684993950557,,,0.10200000000000001,,,True,FALLEN
250,20,15,0.5,0.001225,half_50ms,0.18,False,0,0.0,,,0.10200000000000001,,,False,FALLEN
250,50,15,0.5,0.001225,half_50ms,0.18,False,0,0.0,,,0.10200000000000001,,,False,FALLEN
250,100,15,0.5,0.001225,half_50ms,0.18,False,0,0.0,,,0.10200000000000001,,,False,FALLEN
250,200,15,0.5,0.001225,half_50ms,0.18,False,0,0.07068464897461268,,,0.10200000000000001,,,True,FALLEN
250,350,15,0.5,0.001225,half_50ms,0.18,False,0,0.20000684993950557,,,0.10200000000000001,,,True,FALLEN
250,500,15,0.5,0.001225,half_50ms,0.18,False,0,0.20000684993950557,,,0.10200000000000001,,,True,FALLEN
300,20,5,0.5,0.001225,half_50ms,0.18,False,0,0.0,,,0.132,,,False,FALLEN
300,50,5,0.5,0.001225,half_50ms,0.18,False,0,0.0,,,0.132,,,False,FALLEN
300,100,5,0.5,0.001225,half_50ms,0.18,False,0,0.0,,,0.132,,,False,FALLEN
300,200,5,0.5,0.001225,half_50ms,0.18,False,0,0.005780484364388272,,,0.132,,,True,FALLEN
300,350,5,0.5,0.001225,half_50ms,0.18,False,0,0.19232895220115687,,,0.132,,,True,FALLEN
300,500,5,0.5,0.001225,half_50ms,0.18,False,0,0.19232895220115687,,,0.132,,,True,FALLEN
300,20,10,0.5,0.001225,half_50ms,0.18,False,0,0.0,,,0.132,,,False,FALLEN
300,50,10,0.5,0.001225,half_50ms,0.18,False,0,0.0,,,0.132,,,False,FALLEN
300,100,10,0.5,0.001225,half_50ms,0.18,False,0,0.0,,,0.132,,,False,FALLEN
300,200,10,0.5,0.001225,half_50ms,0.18,False,0,0.005780484364388272,,,0.132,,,True,FALLEN
300,350,10,0.5,0.001225,half_50ms,0.18,False,0,0.19232895220115687,,,0.132,,,True,FALLEN
300,500,10,0.5,0.001225,half_50ms,0.18,False,0,0.19232895220115687,,,0.132,,,True,FALLEN
300,20,15,0.5,0.001225,half_50ms,0.18,False,0,0.0,,,0.132,,,False,FALLEN
300,50,15,0.5,0.001225,half_50ms,0.18,False,0,0.0,,,0.132,,,False,FALLEN
300,100,15,0.5,0.001225,half_50ms,0.18,False,0,0.0,,,0.132,,,False,FALLEN
300,200,15,0.5,0.001225,half_50ms,0.18,False,0,0.005780484364388272,,,0.132,,,True,FALLEN
300,350,15,0.5,0.001225,half_50ms,0.18,False,0,0.19232895220115687,,,0.132,,,True,FALLEN
300,500,15,0.5,0.001225,half_50ms,0.18,False,0,0.19232895220115687,,,0.132,,,True,FALLEN
350,20,5,0.5,0.001225,half_50ms,0.18,False,0,0.0,,,0.166,,,False,FALLEN
350,50,5,0.5,0.001225,half_50ms,0.18,False,0,0.0,,,0.166,,,False,FALLEN
350,100,5,0.5,0.001225,half_50ms,0.18,False,0,0.0,,,0.166,,,False,FALLEN
350,200,5,0.5,0.001225,half_50ms,0.18,False,0,0.0,,,0.166,,,False,FALLEN
350,350,5,0.5,0.001225,half_50ms,0.18,False,0,0.1996325043404692,,,0.166,,,True,FALLEN
350,500,5,0.5,0.001225,half_50ms,0.18,False,0,0.1996325043404692,,,0.166,,,True,FALLEN
350,20,10,0.5,0.001225,half_50ms,0.18,False,0,0.0,,,0.166,,,False,FALLEN
350,50,10,0.5,0.001225,half_50ms,0.18,False,0,0.0,,,0.166,,,False,FALLEN
350,100,10,0.5,0.001225,half_50ms,0.18,False,0,0.0,,,0.166,,,False,FALLEN
350,200,10,0.5,0.001225,half_50ms,0.18,False,0,0.0,,,0.166,,,False,FALLEN
350,350,10,0.5,0.001225,half_50ms,0.18,False,0,0.1996325043404692,,,0.166,,,True,FALLEN
350,500,10,0.5,0.001225,half_50ms,0.18,False,0,0.1996325043404692,,,0.166,,,True,FALLEN
350,20,15,0.5,0.001225,half_50ms,0.18,False,0,0.0,,,0.166,,,False,FALLEN
350,50,15,0.5,0.001225,half_50ms,0.18,False,0,0.0,,,0.166,,,False,FALLEN
350,100,15,0.5,0.001225,half_50ms,0.18,False,0,0.0,,,0.166,,,False,FALLEN
350,200,15,0.5,0.001225,half_50ms,0.18,False,0,0.0,,,0.166,,,False,FALLEN
350,350,15,0.5,0.001225,half_50ms,0.18,False,0,0.1996325043404692,,,0.166,,,True,FALLEN
350,500,15,0.5,0.001225,half_50ms,0.18,False,0,0.1996325043404692,,,0.166,,,True,FALLEN
400,20,5,0.5,0.001225,half_50ms,0.18,False,0,0.0,,,0.21,,,False,FALLEN
400,50,5,0.5,0.001225,half_50ms,0.18,False,0,0.0,,,0.21,,,False,FALLEN
400,100,5,0.5,0.001225,half_50ms,0.18,False,0,0.0,,,0.21,,,False,FALLEN
400,200,5,0.5,0.001225,half_50ms,0.18,False,0,0.0,,,0.21,,,False,FALLEN
400,350,5,0.5,0.001225,half_50ms,0.18,False,0,0.19149862411776652,,,0.21,,,True,FALLEN
400,500,5,0.5,0.001225,half_50ms,0.18,False,0,0.19149862411776652,,,0.21,,,True,FALLEN
400,20,10,0.5,0.001225,half_50ms,0.18,False,0,0.0,,,0.21,,,False,FALLEN
400,50,10,0.5,0.001225,half_50ms,0.18,False,0,0.0,,,0.21,,,False,FALLEN
400,100,10,0.5,0.001225,half_50ms,0.18,False,0,0.0,,,0.21,,,False,FALLEN
400,200,10,0.5,0.001225,half_50ms,0.18,False,0,0.0,,,0.21,,,False,FALLEN
400,350,10,0.5,0.001225,half_50ms,0.18,False,0,0.19149862411776652,,,0.21,,,True,FALLEN
400,500,10,0.5,0.001225,half_50ms,0.18,False,0,0.19149862411776652,,,0.21,,,True,FALLEN
400,20,15,0.5,0.001225,half_50ms,0.18,False,0,0.0,,,0.21,,,False,FALLEN
400,50,15,0.5,0.001225,half_50ms,0.18,False,0,0.0,,,0.21,,,False,FALLEN
400,100,15,0.5,0.001225,half_50ms,0.18,False,0,0.0,,,0.21,,,False,FALLEN
400,200,15,0.5,0.001225,half_50ms,0.18,False,0,0.0,,,0.21,,,False,FALLEN
400,350,15,0.5,0.001225,half_50ms,0.18,False,0,0.19149862411776652,,,0.21,,,True,FALLEN
400,500,15,0.5,0.001225,half_50ms,0.18,False,0,0.19149862411776652,,,0.21,,,True,FALLEN
450,20,5,0.5,0.001225,half_50ms,0.18,False,0,0.0,,,0.268,,,False,FALLEN
450,50,5,0.5,0.001225,half_50ms,0.18,False,0,0.0,,,0.268,,,False,FALLEN
450,100,5,0.5,0.001225,half_50ms,0.18,False,0,0.006407510164905261,,,0.268,,,True,FALLEN
450,200,5,0.5,0.001225,half_50ms,0.18,False,0,0.006407510164905261,,,0.268,,,True,FALLEN
450,350,5,0.5,0.001225,half_50ms,0.18,False,0,0.19298911220959347,,,0.268,,,True,FALLEN
450,500,5,0.5,0.001225,half_50ms,0.18,False,0,0.19298911220959347,,,0.268,,,True,FALLEN
450,20,10,0.5,0.001225,half_50ms,0.18,False,0,0.0,,,0.268,,,False,FALLEN
450,50,10,0.5,0.001225,half_50ms,0.18,False,0,0.0,,,0.268,,,False,FALLEN
450,100,10,0.5,0.001225,half_50ms,0.18,False,0,0.006407510164905261,,,0.268,,,True,FALLEN
450,200,10,0.5,0.001225,half_50ms,0.18,False,0,0.006407510164905261,,,0.268,,,True,FALLEN
450,350,10,0.5,0.001225,half_50ms,0.18,False,0,0.19298911220959347,,,0.268,,,True,FALLEN
450,500,10,0.5,0.001225,half_50ms,0.18,False,0,0.19298911220959347,,,0.268,,,True,FALLEN
450,20,15,0.5,0.001225,half_50ms,0.18,False,0,0.0,,,0.268,,,False,FALLEN
450,50,15,0.5,0.001225,half_50ms,0.18,False,0,0.0,,,0.268,,,False,FALLEN
450,100,15,0.5,0.001225,half_50ms,0.18,False,0,0.006407510164905261,,,0.268,,,True,FALLEN
450,200,15,0.5,0.001225,half_50ms,0.18,False,0,0.006407510164905261,,,0.268,,,True,FALLEN
450,350,15,0.5,0.001225,half_50ms,0.18,False,0,0.19298911220959347,,,0.268,,,True,FALLEN
450,500,15,0.5,0.001225,half_50ms,0.18,False,0,0.19298911220959347,,,0.268,,,True,FALLEN
500,20,5,0.5,0.001225,half_50ms,0.18,False,0,0.0,,,0.352,,,False,FALLEN
500,50,5,0.5,0.001225,half_50ms,0.18,False,0,0.0,,,0.352,,,False,FALLEN
500,100,5,0.5,0.001225,half_50ms,0.18,False,0,0.05193814750240122,,,0.352,,,True,FALLEN
500,200,5,0.5,0.001225,half_50ms,0.18,False,0,0.06042564048263799,,,0.352,,,True,FALLEN
500,350,5,0.5,0.001225,half_50ms,0.18,False,0,0.1919955482828648,,,0.352,,,True,FALLEN
500,500,5,0.5,0.001225,half_50ms,0.18,False,0,0.1919955482828648,,,0.352,,,True,FALLEN
500,20,10,0.5,0.001225,half_50ms,0.18,False,0,0.0,,,0.352,,,False,FALLEN
500,50,10,0.5,0.001225,half_50ms,0.18,False,0,0.0,,,0.352,,,False,FALLEN
500,100,10,0.5,0.001225,half_50ms,0.18,False,0,0.05193814750240122,,,0.352,,,True,FALLEN
500,200,10,0.5,0.001225,half_50ms,0.18,False,0,0.06042564048263799,,,0.352,,,True,FALLEN
500,350,10,0.5,0.001225,half_50ms,0.18,False,0,0.1919955482828648,,,0.352,,,True,FALLEN
500,500,10,0.5,0.001225,half_50ms,0.18,False,0,0.1919955482828648,,,0.352,,,True,FALLEN
500,20,15,0.5,0.001225,half_50ms,0.18,False,0,0.0,,,0.352,,,False,FALLEN
500,50,15,0.5,0.001225,half_50ms,0.18,False,0,0.0,,,0.352,,,False,FALLEN
500,100,15,0.5,0.001225,half_50ms,0.18,False,0,0.05193814750240122,,,0.352,,,True,FALLEN
500,200,15,0.5,0.001225,half_50ms,0.18,False,0,0.06042564048263799,,,0.352,,,True,FALLEN
500,350,15,0.5,0.001225,half_50ms,0.18,False,0,0.1919955482828648,,,0.352,,,True,FALLEN
500,500,15,0.5,0.001225,half_50ms,0.18,False,0,0.1919955482828648,,,0.352,,,True,FALLEN
550,20,5,0.5,0.001225,half_50ms,0.18,False,0,0.0,,,0.52,,,False,FALLEN
550,50,5,0.5,0.001225,half_50ms,0.18,False,0,0.0,,,0.52,,,False,FALLEN
550,100,5,0.5,0.001225,half_50ms,0.18,False,0,0.12116718236654656,,,0.52,,,True,FALLEN
550,200,5,0.5,0.001225,half_50ms,0.18,False,0,0.2228690652117944,,,0.52,,,True,FALLEN
550,350,5,0.5,0.001225,half_50ms,0.18,False,0,0.2228690652117944,,,0.52,,,True,FALLEN
550,500,5,0.5,0.001225,half_50ms,0.18,False,0,0.2228690652117944,,,0.52,,,True,FALLEN
550,20,10,0.5,0.001225,half_50ms,0.18,False,0,0.0,,,0.52,,,False,FALLEN
550,50,10,0.5,0.001225,half_50ms,0.18,False,0,0.0,,,0.52,,,False,FALLEN
550,100,10,0.5,0.001225,half_50ms,0.18,False,0,0.12116718236654656,,,0.52,,,True,FALLEN
550,200,10,0.5,0.001225,half_50ms,0.18,False,0,0.2228690652117944,,,0.52,,,True,FALLEN
550,350,10,0.5,0.001225,half_50ms,0.18,False,0,0.2228690652117944,,,0.52,,,True,FALLEN
550,500,10,0.5,0.001225,half_50ms,0.18,False,0,0.2228690652117944,,,0.52,,,True,FALLEN
550,20,15,0.5,0.001225,half_50ms,0.18,False,0,0.0,,,0.52,,,False,FALLEN
550,50,15,0.5,0.001225,half_50ms,0.18,False,0,0.0,,,0.52,,,False,FALLEN
550,100,15,0.5,0.001225,half_50ms,0.18,False,0,0.12116718236654656,,,0.52,,,True,FALLEN
550,200,15,0.5,0.001225,half_50ms,0.18,False,0,0.2228690652117944,,,0.52,,,True,FALLEN
550,350,15,0.5,0.001225,half_50ms,0.18,False,0,0.2228690652117944,,,0.52,,,True,FALLEN
550,500,15,0.5,0.001225,half_50ms,0.18,False,0,0.2228690652117944,,,0.52,,,True,FALLEN
580,20,5,0.5,0.001225,half_50ms,0.18,False,0,0.0,,,0.982,,,False,FALLEN
580,50,5,0.5,0.001225,half_50ms,0.18,False,0,0.0,,,0.982,,,False,FALLEN
580,100,5,0.5,0.001225,half_50ms,0.18,False,0,0.15533295520478418,,,0.982,,,True,FALLEN
580,200,5,0.5,0.001225,half_50ms,0.18,False,0,0.40254084888841923,,,0.982,,,True,FALLEN
580,350,5,0.5,0.001225,half_50ms,0.18,False,0,0.40254084888841923,,,0.982,,,True,FALLEN
580,500,5,0.5,0.001225,half_50ms,0.18,False,0,0.40254084888841923,,,0.982,,,True,FALLEN
580,20,10,0.5,0.001225,half_50ms,0.18,False,0,0.0,,,0.982,,,False,FALLEN
580,50,10,0.5,0.001225,half_50ms,0.18,False,0,0.0,,,0.982,,,False,FALLEN
580,100,10,0.5,0.001225,half_50ms,0.18,False,0,0.15533295520478418,,,0.982,,,True,FALLEN
580,200,10,0.5,0.001225,half_50ms,0.18,False,0,0.40254084888841923,,,0.982,,,True,FALLEN
580,350,10,0.5,0.001225,half_50ms,0.18,False,0,0.40254084888841923,,,0.982,,,True,FALLEN
580,500,10,0.5,0.001225,half_50ms,0.18,False,0,0.40254084888841923,,,0.982,,,True,FALLEN
580,20,15,0.5,0.001225,half_50ms,0.18,False,0,0.0,,,0.982,,,False,FALLEN
580,50,15,0.5,0.001225,half_50ms,0.18,False,0,0.0,,,0.982,,,False,FALLEN
580,100,15,0.5,0.001225,half_50ms,0.18,False,0,0.15533295520478418,,,0.982,,,True,FALLEN
580,200,15,0.5,0.001225,half_50ms,0.18,False,0,0.40254084888841923,,,0.982,,,True,FALLEN
580,350,15,0.5,0.001225,half_50ms,0.18,False,0,0.40254084888841923,,,0.982,,,True,FALLEN
580,500,15,0.5,0.001225,half_50ms,0.18,False,0,0.40254084888841923,,,0.982,,,True,FALLEN
100,20,5,0.75,0.0018375,nominal,0.18,False,0,0.4414614606693661,,,0.034,,,True,FALLEN
100,50,5,0.75,0.0018375,nominal,0.18,False,0,2.1341166679152295,,,0.034,,,True,FALLEN
100,100,5,0.75,0.0018375,nominal,0.18,False,0,7.40834299757269,,,0.034,,,True,FALLEN
100,200,5,0.75,0.0018375,nominal,0.18,True,1.3852329253707898,17.38523292537079,0.872,0.21,0.034,0.9664498092408602,1.0095895557821555,False,BALANCING
100,350,5,0.75,0.0018375,nominal,0.18,True,1.3852329253707898,17.38523292537079,0.872,0.21,0.034,0.9664498092408602,1.0095895557821555,False,BALANCING
100,500,5,0.75,0.0018375,nominal,0.18,True,1.3852329253707898,17.38523292537079,0.872,0.21,0.034,0.9664498092408602,1.0095895557821555,False,BALANCING
100,20,10,0.75,0.0018375,nominal,0.18,False,0,0.4414614606693661,,,0.034,,,True,FALLEN
100,50,10,0.75,0.0018375,nominal,0.18,False,0,2.1341166679152295,,,0.034,,,True,FALLEN
100,100,10,0.75,0.0018375,nominal,0.18,False,0,7.40834299757269,,,0.034,,,True,FALLEN
100,200,10,0.75,0.0018375,nominal,0.18,False,0,13.965175342367502,,0.158,0.034,16.0,0.0,True,FALLEN
100,350,10,0.75,0.0018375,nominal,0.18,False,0,13.965175342367502,,0.158,0.034,16.0,0.0,True,FALLEN
100,500,10,0.75,0.0018375,nominal,0.18,False,0,13.965175342367502,,0.158,0.034,16.0,0.0,True,FALLEN
100,20,15,0.75,0.0018375,nominal,0.18,False,0,0.4414614606693661,,,0.034,,,True,FALLEN
100,50,15,0.75,0.0018375,nominal,0.18,False,0,6.335516884157318,,0.082,0.034,16.0,0.0,True,FALLEN
100,100,15,0.75,0.0018375,nominal,0.18,False,0,6.335516884157318,,0.082,0.034,16.0,0.0,True,FALLEN
100,200,15,0.75,0.0018375,nominal,0.18,False,0,6.335516884157318,,0.082,0.034,16.0,0.0,True,FALLEN
100,350,15,0.75,0.0018375,nominal,0.18,False,0,6.335516884157318,,0.082,0.034,16.0,0.0,True,FALLEN
100,500,15,0.75,0.0018375,nominal,0.18,False,0,6.335516884157318,,0.082,0.034,16.0,0.0,True,FALLEN
150,20,5,0.75,0.0018375,nominal,0.18,False,0,0.5584800132732859,,,0.054,,,True,FALLEN
150,50,5,0.75,0.0018375,nominal,0.18,False,0,2.733843871496836,,,0.054,,,True,FALLEN
150,100,5,0.75,0.0018375,nominal,0.18,False,0,10.422583209964271,,,0.054,,,True,FALLEN
150,200,5,0.75,0.0018375,nominal,0.18,True,0.772369609487837,16.772369609487836,0.93,0.214,0.054,0.5749423612446141,0.5736493825616538,False,BALANCING
150,350,5,0.75,0.0018375,nominal,0.18,True,0.772369609487837,16.772369609487836,0.93,0.214,0.054,0.5749423612446141,0.5736493825616538,False,BALANCING
150,500,5,0.75,0.0018375,nominal,0.18,True,0.772369609487837,16.772369609487836,0.93,0.214,0.054,0.5749423612446141,0.5736493825616538,False,BALANCING
150,20,10,0.75,0.0018375,nominal,0.18,False,0,0.5584800132732859,,,0.054,,,True,FALLEN
150,50,10,0.75,0.0018375,nominal,0.18,False,0,2.733843871496836,,,0.054,,,True,FALLEN
150,100,10,0.75,0.0018375,nominal,0.18,False,0,10.422583209964271,,,0.054,,,True,FALLEN
150,200,10,0.75,0.0018375,nominal,0.18,False,2.961072286085811,18.961072286085813,1.21,0.168,0.054,2.6877920126109713,2.086902772051062,False,BALANCING
150,350,10,0.75,0.0018375,nominal,0.18,False,2.961072286085811,18.961072286085813,1.21,0.168,0.054,2.6877920126109713,2.086902772051062,False,BALANCING
150,500,10,0.75,0.0018375,nominal,0.18,False,2.961072286085811,18.961072286085813,1.21,0.168,0.054,2.6877920126109713,2.086902772051062,False,BALANCING
150,20,15,0.75,0.0018375,nominal,0.18,False,0,0.5584800132732859,,,0.054,,,True,FALLEN
150,50,15,0.75,0.0018375,nominal,0.18,False,0,7.060251105368593,,0.098,0.054,16.0,0.0,True,FALLEN
150,100,15,0.75,0.0018375,nominal,0.18,False,0,7.060251105368593,,0.098,0.054,16.0,0.0,True,FALLEN
150,200,15,0.75,0.0018375,nominal,0.18,False,0,7.060251105368593,,0.098,0.054,16.0,0.0,True,FALLEN
150,350,15,0.75,0.0018375,nominal,0.18,False,0,7.060251105368593,,0.098,0.054,16.0,0.0,True,FALLEN
150,500,15,0.75,0.0018375,nominal,0.18,False,0,7.060251105368593,,0.098,0.054,16.0,0.0,True,FALLEN
200,20,5,0.75,0.0018375,nominal,0.18,False,0,0.5689783370511918,,,0.076,,,True,FALLEN
200,50,5,0.75,0.0018375,nominal,0.18,False,0,3.443465143523545,,,0.076,,,True,FALLEN
200,100,5,0.75,0.0018375,nominal,0.18,False,16.0,32.0,0.356,,0.076,,,True,FALLEN
200,200,5,0.75,0.0018375,nominal,0.18,True,0.19072121687631066,16.190721216876312,1.158,0.224,0.076,0.19072121687631066,0.17783532680327732,False,BALANCING
200,350,5,0.75,0.0018375,nominal,0.18,True,0.19072121687631066,16.190721216876312,1.158,0.224,0.076,0.19072121687631066,0.17783532680327732,False,BALANCING
200,500,5,0.75,0.0018375,nominal,0.18,True,0.19072121687631066,16.190721216876312,1.158,0.224,0.076,0.19072121687631066,0.17783532680327732,False,BALANCING
200,20,10,0.75,0.0018375,nominal,0.18,False,0,0.5689783370511918,,,0.076,,,True,FALLEN
200,50,10,0.75,0.0018375,nominal,0.18,False,0,3.443465143523545,,,0.076,,,True,FALLEN
200,100,10,0.75,0.0018375,nominal,0.18,False,16.0,32.0,0.356,,0.076,,,True,FALLEN
200,200,10,0.75,0.0018375,nominal,0.18,False,2.6313546893950743,18.631354689395074,1.296,0.182,0.076,2.4654702631470187,1.8089835833307668,False,BALANCING
200,350,10,0.75,0.0018375,nominal,0.18,False,2.6313546893950743,18.631354689395074,1.296,0.182,0.076,2.4654702631470187,1.8089835833307668,False,BALANCING
200,500,10,0.75,0.0018375,nominal,0.18,False,2.6313546893950743,18.631354689395074,1.296,0.182,0.076,2.4654702631470187,1.8089835833307668,False,BALANCING
200,20,15,0.75,0.0018375,nominal,0.18,False,0,0.5689783370511918,,,0.076,,,True,FALLEN
200,50,15,0.75,0.0018375,nominal,0.18,False,0,7.827442537998063,,0.11800000000000001,0.076,16.0,0.0,True,FALLEN
200,100,15,0.75,0.0018375,nominal,0.18,False,0,7.827442537998063,,0.11800000000000001,0.076,16.0,0.0,True,FALLEN
200,200,15,0.75,0.0018375,nominal,0.18,False,0,7.827442537998063,,0.11800000000000001,0.076,16.0,0.0,True,FALLEN
200,350,15,0.75,0.0018375,nominal,0.18,False,0,7.827442537998063,,0.11800000000000001,0.076,16.0,0.0,True,FALLEN
200,500,15,0.75,0.0018375,nominal,0.18,False,0,7.827442537998063,,0.11800000000000001,0.076,16.0,0.0,True,FALLEN
250,20,5,0.75,0.0018375,nominal,0.18,False,0,0.8549358077952629,,,0.10200000000000001,,,True,FALLEN
250,50,5,0.75,0.0018375,nominal,0.18,False,0,4.698997943973897,,,0.10200000000000001,,,True,FALLEN
250,100,5,0.75,0.0018375,nominal,0.18,False,16.0,32.0,0.316,,0.10200000000000001,,,True,FALLEN
250,200,5,0.75,0.0018375,nominal,0.18,True,0.458252340665871,16.458252340665872,0.3,0.24,0.10200000000000001,0.30777183188211105,0.35515661522668274,False,BALANCING
250,350,5,0.75,0.0018375,nominal,0.18,True,0.458252340665871,16.458252340665872,0.3,0.24,0.10200000000000001,0.30777183188211105,0.35515661522668274,False,BALANCING
250,500,5,0.75,0.0018375,nominal,0.18,True,0.458252340665871,16.458252340665872,0.3,0.24,0.10200000000000001,0.30777183188211105,0.35515661522668274,False,BALANCING
250,20,10,0.75,0.0018375,nominal,0.18,False,0,0.8549358077952629,,,0.10200000000000001,,,True,FALLEN
250,50,10,0.75,0.0018375,nominal,0.18,False,0,4.698997943973897,,,0.10200000000000001,,,True,FALLEN
250,100,10,0.75,0.0018375,nominal,0.18,False,2.260108208833917,18.260108208833916,1.4020000000000001,0.202,0.10200000000000001,2.182382818838018,1.4919397481857513,False,BALANCING
250,200,10,0.75,0.0018375,nominal,0.18,False,2.260108208833917,18.260108208833916,1.4020000000000001,0.202,0.10200000000000001,2.182382818838018,1.4919397481857513,False,BALANCING
250,350,10,0.75,0.0018375,nominal,0.18,False,2.260108208833917,18.260108208833916,1.4020000000000001,0.202,0.10200000000000001,2.182382818838018,1.4919397481857513,False,BALANCING
250,500,10,0.75,0.0018375,nominal,0.18,False,2.260108208833917,18.260108208833916,1.4020000000000001,0.202,0.10200000000000001,2.182382818838018,1.4919397481857513,False,BALANCING
250,20,15,0.75,0.0018375,nominal,0.18,False,0,0.8549358077952629,,,0.10200000000000001,,,True,FALLEN
250,50,15,0.75,0.0018375,nominal,0.18,False,0,8.570211801335109,,0.14200000000000002,0.10200000000000001,16.0,0.0,True,FALLEN
250,100,15,0.75,0.0018375,nominal,0.18,False,0,8.570211801335109,,0.14200000000000002,0.10200000000000001,16.0,0.0,True,FALLEN
250,200,15,0.75,0.0018375,nominal,0.18,False,0,8.570211801335109,,0.14200000000000002,0.10200000000000001,16.0,0.0,True,FALLEN
250,350,15,0.75,0.0018375,nominal,0.18,False,0,8.570211801335109,,0.14200000000000002,0.10200000000000001,16.0,0.0,True,FALLEN
250,500,15,0.75,0.0018375,nominal,0.18,False,0,8.570211801335109,,0.14200000000000002,0.10200000000000001,16.0,0.0,True,FALLEN
300,20,5,0.75,0.0018375,nominal,0.18,False,0,1.044077913716082,,,0.132,,,True,FALLEN
300,50,5,0.75,0.0018375,nominal,0.18,False,0,5.959754281200675,,,0.132,,,True,FALLEN
300,100,5,0.75,0.0018375,nominal,0.18,False,16.0,32.0,0.316,,0.132,,,True,FALLEN
300,200,5,0.75,0.0018375,nominal,0.18,True,1.5541984488989775,17.554198448898976,0.306,0.262,0.132,0.837969668205382,0.8431354140930307,False,BALANCING
300,350,5,0.75,0.0018375,nominal,0.18,True,1.5541984488989775,17.554198448898976,0.306,0.262,0.132,0.837969668205382,0.8431354140930307,False,BALANCING
300,500,5,0.75,0.0018375,nominal,0.18,True,1.5541984488989775,17.554198448898976,0.306,0.262,0.132,0.837969668205382,0.8431354140930307,False,BALANCING
300,20,10,0.75,0.0018375,nominal,0.18,False,0,1.044077913716082,,,0.132,,,True,FALLEN
300,50,10,0.75,0.0018375,nominal,0.18,False,0,5.959754281200675,,,0.132,,,True,FALLEN
300,100,10,0.75,0.0018375,nominal,0.18,True,1.9622156052081619,17.96221560520816,1.528,0.226,0.132,1.9403841113354316,1.2005560659347925,False,BALANCING
300,200,10,0.75,0.0018375,nominal,0.18,True,1.9622156052081619,17.96221560520816,1.528,0.226,0.132,1.9403841113354316,1.2005560659347925,False,BALANCING
300,350,10,0.75,0.0018375,nominal,0.18,True,1.9622156052081619,17.96221560520816,1.528,0.226,0.132,1.9403841113354316,1.2005560659347925,False,BALANCING
300,500,10,0.75,0.0018375,nominal,0.18,True,1.9622156052081619,17.96221560520816,1.528,0.226,0.132,1.9403841113354316,1.2005560659347925,False,BALANCING
300,20,15,0.75,0.0018375,nominal,0.18,False,0,1.044077913716082,,,0.132,,,True,FALLEN
300,50,15,0.75,0.0018375,nominal,0.18,False,0,9.223259933536392,,0.17,0.132,16.0,0.0,True,FALLEN
300,100,15,0.75,0.0018375,nominal,0.18,False,0,9.223259933536392,,0.17,0.132,16.0,0.0,True,FALLEN
300,200,15,0.75,0.0018375,nominal,0.18,False,0,9.223259933536392,,0.17,0.132,16.0,0.0,True,FALLEN
300,350,15,0.75,0.0018375,nominal,0.18,False,0,9.223259933536392,,0.17,0.132,16.0,0.0,True,FALLEN
300,500,15,0.75,0.0018375,nominal,0.18,False,0,9.223259933536392,,0.17,0.132,16.0,0.0,True,FALLEN
350,20,5,0.75,0.0018375,nominal,0.18,False,0,1.2560465546376172,,,0.166,,,True,FALLEN
350,50,5,0.75,0.0018375,nominal,0.18,False,0,7.607820118328423,,,0.166,,,True,FALLEN
350,100,5,0.75,0.0018375,nominal,0.18,False,16.0,32.0,0.334,,0.166,,,True,FALLEN
350,200,5,0.75,0.0018375,nominal,0.18,True,3.0317078274820703,19.03170782748207,0.328,0.29,0.166,1.5167278701352558,1.4279373522327092,False,BALANCING
350,350,5,0.75,0.0018375,nominal,0.18,True,3.0317078274820703,19.03170782748207,0.328,0.29,0.166,1.5167278701352558,1.4279373522327092,False,BALANCING
350,500,5,0.75,0.0018375,nominal,0.18,True,3.0317078274820703,19.03170782748207,0.328,0.29,0.166,1.5167278701352558,1.4279373522327092,False,BALANCING
350,20,10,0.75,0.0018375,nominal,0.18,False,0,1.2560465546376172,,,0.166,,,True,FALLEN
350,50,10,0.75,0.0018375,nominal,0.18,False,0,7.607820118328423,,,0.166,,,True,FALLEN
350,100,10,0.75,0.0018375,nominal,0.18,True,1.6236792023245612,17.62367920232456,1.684,0.256,0.166,1.6236762277441832,0.8608049064083304,False,BALANCING
350,200,10,0.75,0.0018375,nominal,0.18,True,1.6236792023245612,17.62367920232456,1.684,0.256,0.166,1.6236762277441832,0.8608049064083304,False,BALANCING
350,350,10,0.75,0.0018375,nominal,0.18,True,1.6236792023245612,17.62367920232456,1.684,0.256,0.166,1.6236762277441832,0.8608049064083304,False,BALANCING
350,500,10,0.75,0.0018375,nominal,0.18,True,1.6236792023245612,17.62367920232456,1.684,0.256,0.166,1.6236762277441832,0.8608049064083304,False,BALANCING
350,20,15,0.75,0.0018375,nominal,0.18,False,0,1.2560465546376172,,,0.166,,,True,FALLEN
350,50,15,0.75,0.0018375,nominal,0.18,False,0,9.74512409725082,,0.202,0.166,16.0,0.0,True,FALLEN
350,100,15,0.75,0.0018375,nominal,0.18,False,0,9.74512409725082,,0.202,0.166,16.0,0.0,True,FALLEN
350,200,15,0.75,0.0018375,nominal,0.18,False,0,9.74512409725082,,0.202,0.166,16.0,0.0,True,FALLEN
350,350,15,0.75,0.0018375,nominal,0.18,False,0,9.74512409725082,,0.202,0.166,16.0,0.0,True,FALLEN
350,500,15,0.75,0.0018375,nominal,0.18,False,0,9.74512409725082,,0.202,0.166,16.0,0.0,True,FALLEN
400,20,5,0.75,0.0018375,nominal,0.18,False,0,1.2435618182014512,,,0.21,,,True,FALLEN
400,50,5,0.75,0.0018375,nominal,0.18,False,0,9.258114737082693,,,0.21,,,True,FALLEN
400,100,5,0.75,0.0018375,nominal,0.18,False,16.0,32.0,0.366,,0.21,,,True,FALLEN
400,200,5,0.75,0.0018375,nominal,0.18,False,4.935721075022494,20.935721075022492,0.362,0.328,0.21,2.403445402685407,2.156733873479059,False,BALANCING
400,350,5,0.75,0.0018375,nominal,0.18,False,4.935721075022494,20.935721075022492,0.362,0.328,0.21,2.403445402685407,2.156733873479059,False,BALANCING
400,500,5,0.75,0.0018375,nominal,0.18,False,4.935721075022494,20.935721075022492,0.362,0.328,0.21,2.403445402685407,2.156733873479059,False,BALANCING
400,20,10,0.75,0.0018375,nominal,0.18,False,0,1.2435618182014512,,,0.21,,,True,FALLEN
400,50,10,0.75,0.0018375,nominal,0.18,False,0,9.258114737082693,,,0.21,,,True,FALLEN
400,100,10,0.75,0.0018375,nominal,0.18,True,1.3038735276121027,17.303873527612105,1.9000000000000001,0.296,0.21,1.3038735276121027,0.5023985751436413,False,BALANCING
400,200,10,0.75,0.0018375,nominal,0.18,True,1.3038735276121027,17.303873527612105,1.9000000000000001,0.296,0.21,1.3038735276121027,0.5023985751436413,False,BALANCING
400,350,10,0.75,0.0018375,nominal,0.18,True,1.3038735276121027,17.303873527612105,1.9000000000000001,0.296,0.21,1.3038735276121027,0.5023985751436413,False,BALANCING
400,500,10,0.75,0.0018375,nominal,0.18,True,1.3038735276121027,17.303873527612105,1.9000000000000001,0.296,0.21,1.3038735276121027,0.5023985751436413,False,BALANCING
400,20,15,0.75,0.0018375,nominal,0.18,False,0,1.2435618182014512,,,0.21,,,True,FALLEN
400,50,15,0.75,0.0018375,nominal,0.18,False,0,10.494118781124724,,0.246,0.21,16.0,0.0,True,FALLEN
400,100,15,0.75,0.0018375,nominal,0.18,False,0,10.494118781124724,,0.246,0.21,16.0,0.0,True,FALLEN
400,200,15,0.75,0.0018375,nominal,0.18,False,0,10.494118781124724,,0.246,0.21,16.0,0.0,True,FALLEN
400,350,15,0.75,0.0018375,nominal,0.18,False,0,10.494118781124724,,0.246,0.21,16.0,0.0,True,FALLEN
400,500,15,0.75,0.0018375,nominal,0.18,False,0,10.494118781124724,,0.246,0.21,16.0,0.0,True,FALLEN
450,20,5,0.75,0.0018375,nominal,0.18,False,0,1.4972265109658416,,,0.268,,,True,FALLEN
450,50,5,0.75,0.0018375,nominal,0.18,False,16.0,32.0,0.5760000000000001,,0.268,,,True,FALLEN
450,100,5,0.75,0.0018375,nominal,0.18,False,16.0,32.0,0.41200000000000003,,0.268,,,True,FALLEN
450,200,5,0.75,0.0018375,nominal,0.18,False,16.0,32.0,0.41200000000000003,0.382,0.268,16.0,0.0,True,FALLEN
450,350,5,0.75,0.0018375,nominal,0.18,False,16.0,32.0,0.41200000000000003,0.382,0.268,16.0,0.0,True,FALLEN
450,500,5,0.75,0.0018375,nominal,0.18,False,16.0,32.0,0.41200000000000003,0.382,0.268,16.0,0.0,True,FALLEN
450,20,10,0.75,0.0018375,nominal,0.18,False,0,1.4972265109658416,,,0.268,,,True,FALLEN
450,50,10,0.75,0.0018375,nominal,0.18,False,16.0,32.0,0.5760000000000001,,0.268,,,True,FALLEN
450,100,10,0.75,0.0018375,nominal,0.18,True,1.0479755431602238,17.047975543160224,2.182,0.35000000000000003,0.268,1.0479755431602238,0.6896106096536695,False,BALANCING
450,200,10,0.75,0.0018375,nominal,0.18,True,1.0479755431602238,17.047975543160224,2.182,0.35000000000000003,0.268,1.0479755431602238,0.6896106096536695,False,BALANCING
450,350,10,0.75,0.0018375,nominal,0.18,True,1.0479755431602238,17.047975543160224,2.182,0.35000000000000003,0.268,1.0479755431602238,0.6896106096536695,False,BALANCING
450,500,10,0.75,0.0018375,nominal,0.18,True,1.0479755431602238,17.047975543160224,2.182,0.35000000000000003,0.268,1.0479755431602238,0.6896106096536695,False,BALANCING
450,20,15,0.75,0.0018375,nominal,0.18,False,0,1.4972265109658416,,,0.268,,,True,FALLEN
450,50,15,0.75,0.0018375,nominal,0.18,False,0,10.932171769863423,,0.302,0.268,16.0,0.0,True,FALLEN
450,100,15,0.75,0.0018375,nominal,0.18,False,0,10.932171769863423,,0.302,0.268,16.0,0.0,True,FALLEN
450,200,15,0.75,0.0018375,nominal,0.18,False,0,10.932171769863423,,0.302,0.268,16.0,0.0,True,FALLEN
450,350,15,0.75,0.0018375,nominal,0.18,False,0,10.932171769863423,,0.302,0.268,16.0,0.0,True,FALLEN
450,500,15,0.75,0.0018375,nominal,0.18,False,0,10.932171769863423,,0.302,0.268,16.0,0.0,True,FALLEN
500,20,5,0.75,0.0018375,nominal,0.18,False,0,1.7981432918784108,,,0.352,,,True,FALLEN
500,50,5,0.75,0.0018375,nominal,0.18,False,16.0,32.0,0.608,,0.352,,,True,FALLEN
500,100,5,0.75,0.0018375,nominal,0.18,False,16.0,32.0,0.49,,0.352,,,True,FALLEN
500,200,5,0.75,0.0018375,nominal,0.18,False,16.0,32.0,0.49,0.46,0.352,16.0,0.0,True,FALLEN
500,350,5,0.75,0.0018375,nominal,0.18,False,16.0,32.0,0.49,0.46,0.352,16.0,0.0,True,FALLEN
500,500,5,0.75,0.0018375,nominal,0.18,False,16.0,32.0,0.49,0.46,0.352,16.0,0.0,True,FALLEN
500,20,10,0.75,0.0018375,nominal,0.18,False,0,1.7981432918784108,,,0.352,,,True,FALLEN
500,50,10,0.75,0.0018375,nominal,0.18,False,16.0,32.0,0.608,,0.352,,,True,FALLEN
500,100,10,0.75,0.0018375,nominal,0.18,True,0.6823130421207656,16.682313042120764,2.698,0.432,0.352,0.6823130421207656,1.1211995894909146,False,BALANCING
500,200,10,0.75,0.0018375,nominal,0.18,True,0.6823130421207656,16.682313042120764,2.698,0.432,0.352,0.6823130421207656,1.1211995894909146,False,BALANCING
500,350,10,0.75,0.0018375,nominal,0.18,True,0.6823130421207656,16.682313042120764,2.698,0.432,0.352,0.6823130421207656,1.1211995894909146,False,BALANCING
500,500,10,0.75,0.0018375,nominal,0.18,True,0.6823130421207656,16.682313042120764,2.698,0.432,0.352,0.6823130421207656,1.1211995894909146,False,BALANCING
500,20,15,0.75,0.0018375,nominal,0.18,False,0,1.7981432918784108,,,0.352,,,True,FALLEN
500,50,15,0.75,0.0018375,nominal,0.18,False,0,11.32479220718566,,0.384,0.352,16.0,0.0,True,FALLEN
500,100,15,0.75,0.0018375,nominal,0.18,False,0,11.32479220718566,,0.384,0.352,16.0,0.0,True,FALLEN
500,200,15,0.75,0.0018375,nominal,0.18,False,0,11.32479220718566,,0.384,0.352,16.0,0.0,True,FALLEN
500,350,15,0.75,0.0018375,nominal,0.18,False,0,11.32479220718566,,0.384,0.352,16.0,0.0,True,FALLEN
500,500,15,0.75,0.0018375,nominal,0.18,False,0,11.32479220718566,,0.384,0.352,16.0,0.0,True,FALLEN
550,20,5,0.75,0.0018375,nominal,0.18,False,0,2.1755199614738867,,,0.52,,,True,FALLEN
550,50,5,0.75,0.0018375,nominal,0.18,False,16.0,32.0,0.734,,0.52,,,True,FALLEN
550,100,5,0.75,0.0018375,nominal,0.18,False,16.0,32.0,0.65,,0.52,,,True,FALLEN
550,200,5,0.75,0.0018375,nominal,0.18,False,16.0,32.0,0.652,0.626,0.52,16.0,0.0,True,FALLEN
550,350,5,0.75,0.0018375,nominal,0.18,False,16.0,32.0,0.652,0.626,0.52,16.0,0.0,True,FALLEN
550,500,5,0.75,0.0018375,nominal,0.18,False,16.0,32.0,0.652,0.626,0.52,16.0,0.0,True,FALLEN
550,20,10,0.75,0.0018375,nominal,0.18,False,0,2.1755199614738867,,,0.52,,,True,FALLEN
550,50,10,0.75,0.0018375,nominal,0.18,False,16.0,32.0,0.734,,0.52,,,True,FALLEN
550,100,10,0.75,0.0018375,nominal,0.18,True,0.3950957154271641,16.395095715427164,3.24,0.596,0.52,0.3950957154271641,1.5068224123792033,False,BALANCING
550,200,10,0.75,0.0018375,nominal,0.18,True,0.3950957154271641,16.395095715427164,3.24,0.596,0.52,0.3950957154271641,1.5068224123792033,False,BALANCING
550,350,10,0.75,0.0018375,nominal,0.18,True,0.3950957154271641,16.395095715427164,3.24,0.596,0.52,0.3950957154271641,1.5068224123792033,False,BALANCING
550,500,10,0.75,0.0018375,nominal,0.18,True,0.3950957154271641,16.395095715427164,3.24,0.596,0.52,0.3950957154271641,1.5068224123792033,False,BALANCING
550,20,15,0.75,0.0018375,nominal,0.18,False,0,2.1755199614738867,,,0.52,,,True,FALLEN
550,50,15,0.75,0.0018375,nominal,0.18,False,0,12.058733196103208,,0.552,0.52,16.0,0.0,True,FALLEN
550,100,15,0.75,0.0018375,nominal,0.18,False,0,12.058733196103208,,0.552,0.52,16.0,0.0,True,FALLEN
550,200,15,0.75,0.0018375,nominal,0.18,False,0,12.058733196103208,,0.552,0.52,16.0,0.0,True,FALLEN
550,350,15,0.75,0.0018375,nominal,0.18,False,0,12.058733196103208,,0.552,0.52,16.0,0.0,True,FALLEN
550,500,15,0.75,0.0018375,nominal,0.18,False,0,12.058733196103208,,0.552,0.52,16.0,0.0,True,FALLEN
580,20,5,0.75,0.0018375,nominal,0.18,False,0,2.4462658810094347,,,0.982,,,True,FALLEN
580,50,5,0.75,0.0018375,nominal,0.18,False,16.0,32.0,1.182,,0.982,,,True,FALLEN
580,100,5,0.75,0.0018375,nominal,0.18,False,16.0,32.0,1.11,,0.982,,,True,FALLEN
580,200,5,0.75,0.0018375,nominal,0.18,False,16.0,32.0,1.112,1.086,0.982,16.0,0.0,True,FALLEN
580,350,5,0.75,0.0018375,nominal,0.18,False,16.0,32.0,1.112,1.086,0.982,16.0,0.0,True,FALLEN
580,500,5,0.75,0.0018375,nominal,0.18,False,16.0,32.0,1.112,1.086,0.982,16.0,0.0,True,FALLEN
580,20,10,0.75,0.0018375,nominal,0.18,False,0,2.4462658810094347,,,0.982,,,True,FALLEN
580,50,10,0.75,0.0018375,nominal,0.18,False,16.0,32.0,1.182,,0.982,,,True,FALLEN
580,100,10,0.75,0.0018375,nominal,0.18,True,0.27839367031450785,16.278393670314507,1.186,1.058,0.982,1.0502781671369883,1.920557854781304,False,BALANCING
580,200,10,0.75,0.0018375,nominal,0.18,True,0.27839367031450785,16.278393670314507,1.186,1.058,0.982,1.0502781671369883,1.920557854781304,False,BALANCING
580,350,10,0.75,0.0018375,nominal,0.18,True,0.27839367031450785,16.278393670314507,1.186,1.058,0.982,1.0502781671369883,1.920557854781304,False,BALANCING
580,500,10,0.75,0.0018375,nominal,0.18,True,0.27839367031450785,16.278393670314507,1.186,1.058,0.982,1.0502781671369883,1.920557854781304,False,BALANCING
580,20,15,0.75,0.0018375,nominal,0.18,False,0,2.4462658810094347,,,0.982,,,True,FALLEN
580,50,15,0.75,0.0018375,nominal,0.18,False,0,12.564371873724829,,1.014,0.982,16.0,0.0,True,FALLEN
580,100,15,0.75,0.0018375,nominal,0.18,False,0,12.564371873724829,,1.014,0.982,16.0,0.0,True,FALLEN
580,200,15,0.75,0.0018375,nominal,0.18,False,0,12.564371873724829,,1.014,0.982,16.0,0.0,True,FALLEN
580,350,15,0.75,0.0018375,nominal,0.18,False,0,12.564371873724829,,1.014,0.982,16.0,0.0,True,FALLEN
580,500,15,0.75,0.0018375,nominal,0.18,False,0,12.564371873724829,,1.014,0.982,16.0,0.0,True,FALLEN
100,20,5,0.75,0.0018375,half_20ms,0.18,False,0,0.0,,,0.034,,,False,FALLEN
100,50,5,0.75,0.0018375,half_20ms,0.18,False,0,0.01367576469152354,,,0.034,,,True,FALLEN
100,100,5,0.75,0.0018375,half_20ms,0.18,False,0,0.26135103870611154,,,0.034,,,True,FALLEN
100,200,5,0.75,0.0018375,half_20ms,0.18,False,0,5.028531763499233,,,0.034,,,True,FALLEN
100,350,5,0.75,0.0018375,half_20ms,0.18,True,2.4355712840252246,18.435571284025226,0.772,0.36,0.034,1.6469848891060281,2.3763353310152895,False,BALANCING
100,500,5,0.75,0.0018375,half_20ms,0.18,True,2.4355712840252246,18.435571284025226,0.772,0.36,0.034,1.6469848891060281,2.3763353310152895,False,BALANCING
100,20,10,0.75,0.0018375,half_20ms,0.18,False,0,0.0,,,0.034,,,False,FALLEN
100,50,10,0.75,0.0018375,half_20ms,0.18,False,0,0.01367576469152354,,,0.034,,,True,FALLEN
100,100,10,0.75,0.0018375,half_20ms,0.18,False,0,0.26135103870611154,,,0.034,,,True,FALLEN
100,200,10,0.75,0.0018375,half_20ms,0.18,False,0,5.028531763499233,,,0.034,,,True,FALLEN
100,350,10,0.75,0.0018375,half_20ms,0.18,False,0,10.587549056893405,,0.276,0.034,16.0,0.0,True,FALLEN
100,500,10,0.75,0.0018375,half_20ms,0.18,False,0,10.587549056893405,,0.276,0.034,16.0,0.0,True,FALLEN
100,20,15,0.75,0.0018375,half_20ms,0.18,False,0,0.0,,,0.034,,,False,FALLEN
100,50,15,0.75,0.0018375,half_20ms,0.18,False,0,0.01367576469152354,,,0.034,,,True,FALLEN
100,100,15,0.75,0.0018375,half_20ms,0.18,False,0,0.26135103870611154,,,0.034,,,True,FALLEN
100,200,15,0.75,0.0018375,half_20ms,0.18,False,0,4.578227488159847,,0.17,0.034,16.0,0.0,True,FALLEN
100,350,15,0.75,0.0018375,half_20ms,0.18,False,0,4.578227488159847,,0.17,0.034,16.0,0.0,True,FALLEN
100,500,15,0.75,0.0018375,half_20ms,0.18,False,0,4.578227488159847,,0.17,0.034,16.0,0.0,True,FALLEN
150,20,5,0.75,0.0018375,half_20ms,0.18,False,0,0.0,,,0.054,,,False,FALLEN
150,50,5,0.75,0.0018375,half_20ms,0.18,False,0,0.04903121404380961,,,0.054,,,True,FALLEN
150,100,5,0.75,0.0018375,half_20ms,0.18,False,0,0.20929431067108872,,,0.054,,,True,FALLEN
150,200,5,0.75,0.0018375,half_20ms,0.18,False,0,4.602290744964053,,,0.054,,,True,FALLEN
150,350,5,0.75,0.0018375,half_20ms,0.18,True,2.0393065327275495,18.03930653272755,0.706,0.376,0.054,1.2196041061222789,1.9967309045815431,False,BALANCING
150,500,5,0.75,0.0018375,half_20ms,0.18,True,2.0393065327275495,18.03930653272755,0.706,0.376,0.054,1.2196041061222789,1.9967309045815431,False,BALANCING
150,20,10,0.75,0.0018375,half_20ms,0.18,False,0,0.0,,,0.054,,,False,FALLEN
150,50,10,0.75,0.0018375,half_20ms,0.18,False,0,0.04903121404380961,,,0.054,,,True,FALLEN
150,100,10,0.75,0.0018375,half_20ms,0.18,False,0,0.20929431067108872,,,0.054,,,True,FALLEN
150,200,10,0.75,0.0018375,half_20ms,0.18,False,0,4.602290744964053,,,0.054,,,True,FALLEN
150,350,10,0.75,0.0018375,half_20ms,0.18,False,0,11.626707554433647,,0.302,0.054,16.0,0.0,True,FALLEN
150,500,10,0.75,0.0018375,half_20ms,0.18,False,0,11.626707554433647,,0.302,0.054,16.0,0.0,True,FALLEN
150,20,15,0.75,0.0018375,half_20ms,0.18,False,0,0.0,,,0.054,,,False,FALLEN
150,50,15,0.75,0.0018375,half_20ms,0.18,False,0,0.04903121404380961,,,0.054,,,True,FALLEN
150,100,15,0.75,0.0018375,half_20ms,0.18,False,0,0.20929431067108872,,,0.054,,,True,FALLEN
150,200,15,0.75,0.0018375,half_20ms,0.18,False,0,4.8346089204926574,,0.2,0.054,16.0,0.0,True,FALLEN
150,350,15,0.75,0.0018375,half_20ms,0.18,False,0,4.8346089204926574,,0.2,0.054,16.0,0.0,True,FALLEN
150,500,15,0.75,0.0018375,half_20ms,0.18,False,0,4.8346089204926574,,0.2,0.054,16.0,0.0,True,FALLEN
200,20,5,0.75,0.0018375,half_20ms,0.18,False,0,0.0,,,0.076,,,False,FALLEN
200,50,5,0.75,0.0018375,half_20ms,0.18,False,0,0.08779634392980995,,,0.076,,,True,FALLEN
200,100,5,0.75,0.0018375,half_20ms,0.18,False,0,0.4806727145617984,,,0.076,,,True,FALLEN
200,200,5,0.75,0.0018375,half_20ms,0.18,False,0,4.500828622786964,,,0.076,,,True,FALLEN
200,350,5,0.75,0.0018375,half_20ms,0.18,True,1.5706585881947894,17.57065858819479,0.514,0.39,0.076,0.5868423486793295,1.466834835233516,False,BALANCING
200,500,5,0.75,0.0018375,half_20ms,0.18,True,1.5706585881947894,17.57065858819479,0.514,0.39,0.076,0.5868423486793295,1.466834835233516,False,BALANCING
200,20,10,0.75,0.0018375,half_20ms,0.18,False,0,0.0,,,0.076,,,False,FALLEN
200,50,10,0.75,0.0018375,half_20ms,0.18,False,0,0.08779634392980995,,,0.076,,,True,FALLEN
200,100,10,0.75,0.0018375,half_20ms,0.18,False,0,0.4806727145617984,,,0.076,,,True,FALLEN
200,200,10,0.75,0.0018375,half_20ms,0.18,False,0,4.500828622786964,,,0.076,,,True,FALLEN
200,350,10,0.75,0.0018375,half_20ms,0.18,False,0,13.402982050993057,,0.326,0.076,16.0,0.0,True,FALLEN
200,500,10,0.75,0.0018375,half_20ms,0.18,False,0,13.402982050993057,,0.326,0.076,16.0,0.0,True,FALLEN
200,20,15,0.75,0.0018375,half_20ms,0.18,False,0,0.0,,,0.076,,,False,FALLEN
200,50,15,0.75,0.0018375,half_20ms,0.18,False,0,0.08779634392980995,,,0.076,,,True,FALLEN
200,100,15,0.75,0.0018375,half_20ms,0.18,False,0,0.4806727145617984,,,0.076,,,True,FALLEN
200,200,15,0.75,0.0018375,half_20ms,0.18,False,0,5.22471846346984,,0.224,0.076,16.0,0.0,True,FALLEN
200,350,15,0.75,0.0018375,half_20ms,0.18,False,0,5.22471846346984,,0.224,0.076,16.0,0.0,True,FALLEN
200,500,15,0.75,0.0018375,half_20ms,0.18,False,0,5.22471846346984,,0.224,0.076,16.0,0.0,True,FALLEN
250,20,5,0.75,0.0018375,half_20ms,0.18,False,0,0.0,,,0.10200000000000001,,,False,FALLEN
250,50,5,0.75,0.0018375,half_20ms,0.18,False,0,0.13319366694017631,,,0.10200000000000001,,,True,FALLEN
250,100,5,0.75,0.0018375,half_20ms,0.18,False,0,0.7347588098878362,,,0.10200000000000001,,,True,FALLEN
250,200,5,0.75,0.0018375,half_20ms,0.18,False,0,4.899573472504679,,,0.10200000000000001,,,True,FALLEN
250,350,5,0.75,0.0018375,half_20ms,0.18,True,1.469982106107401,17.469982106107402,0.47600000000000003,0.404,0.10200000000000001,0.47398910713320896,0.8161579900864486,False,BALANCING
250,500,5,0.75,0.0018375,half_20ms,0.18,True,1.469982106107401,17.469982106107402,0.47600000000000003,0.404,0.10200000000000001,0.47398910713320896,0.8161579900864486,False,BALANCING
250,20,10,0.75,0.0018375,half_20ms,0.18,False,0,0.0,,,0.10200000000000001,,,False,FALLEN
250,50,10,0.75,0.0018375,half_20ms,0.18,False,0,0.13319366694017631,,,0.10200000000000001,,,True,FALLEN
250,100,10,0.75,0.0018375,half_20ms,0.18,False,0,0.7347588098878362,,,0.10200000000000001,,,True,FALLEN
250,200,10,0.75,0.0018375,half_20ms,0.18,False,0,4.899573472504679,,,0.10200000000000001,,,True,FALLEN
250,350,10,0.75,0.0018375,half_20ms,0.18,False,3.0829179864055636,19.082917986405562,1.286,0.34600000000000003,0.10200000000000001,2.8394403209053647,2.9782842057961934,False,BALANCING
250,500,10,0.75,0.0018375,half_20ms,0.18,False,3.0829179864055636,19.082917986405562,1.286,0.34600000000000003,0.10200000000000001,2.8394403209053647,2.9782842057961934,False,BALANCING
250,20,15,0.75,0.0018375,half_20ms,0.18,False,0,0.0,,,0.10200000000000001,,,False,FALLEN
250,50,15,0.75,0.0018375,half_20ms,0.18,False,0,0.13319366694017631,,,0.10200000000000001,,,True,FALLEN
250,100,15,0.75,0.0018375,half_20ms,0.18,False,0,0.7347588098878362,,,0.10200000000000001,,,True,FALLEN
250,200,15,0.75,0.0018375,half_20ms,0.18,False,0,5.349823412222811,,0.228,0.10200000000000001,16.0,0.0,True,FALLEN
250,350,15,0.75,0.0018375,half_20ms,0.18,False,0,5.349823412222811,,0.228,0.10200000000000001,16.0,0.0,True,FALLEN
250,500,15,0.75,0.0018375,half_20ms,0.18,False,0,5.349823412222811,,0.228,0.10200000000000001,16.0,0.0,True,FALLEN
300,20,5,0.75,0.0018375,half_20ms,0.18,False,0,0.0,,,0.132,,,False,FALLEN
300,50,5,0.75,0.0018375,half_20ms,0.18,False,0,0.21243304498418958,,,0.132,,,True,FALLEN
300,100,5,0.75,0.0018375,half_20ms,0.18,False,0,1.1235402841403648,,,0.132,,,True,FALLEN
300,200,5,0.75,0.0018375,half_20ms,0.18,False,0,5.772407942849078,,,0.132,,,True,FALLEN
300,350,5,0.75,0.0018375,half_20ms,0.18,True,3.0279323550022017,19.0279323550022,0.47200000000000003,0.418,0.132,1.1548173220047462,0.5684651760758882,False,BALANCING
300,500,5,0.75,0.0018375,half_20ms,0.18,True,3.0279323550022017,19.0279323550022,0.47200000000000003,0.418,0.132,1.1548173220047462,0.5684651760758882,False,BALANCING
300,20,10,0.75,0.0018375,half_20ms,0.18,False,0,0.0,,,0.132,,,False,FALLEN
300,50,10,0.75,0.0018375,half_20ms,0.18,False,0,0.21243304498418958,,,0.132,,,True,FALLEN
300,100,10,0.75,0.0018375,half_20ms,0.18,False,0,1.1235402841403648,,,0.132,,,True,FALLEN
300,200,10,0.75,0.0018375,half_20ms,0.18,False,0,5.772407942849078,,,0.132,,,True,FALLEN
300,350,10,0.75,0.0018375,half_20ms,0.18,False,2.7462141034835583,18.74621410348356,1.3780000000000001,0.364,0.132,2.535456974487553,2.633262128696728,False,BALANCING
300,500,10,0.75,0.0018375,half_20ms,0.18,False,2.7462141034835583,18.74621410348356,1.3780000000000001,0.364,0.132,2.535456974487553,2.633262128696728,False,BALANCING
300,20,15,0.75,0.0018375,half_20ms,0.18,False,0,0.0,,,0.132,,,False,FALLEN
300,50,15,0.75,0.0018375,half_20ms,0.18,False,0,0.21243304498418958,,,0.132,,,True,FALLEN
300,100,15,0.75,0.0018375,half_20ms,0.18,False,0,1.1235402841403648,,,0.132,,,True,FALLEN
300,200,15,0.75,0.0018375,half_20ms,0.18,False,0,5.172188096865678,,0.23800000000000002,0.132,16.0,0.0,True,FALLEN
300,350,15,0.75,0.0018375,half_20ms,0.18,False,0,5.172188096865678,,0.23800000000000002,0.132,16.0,0.0,True,FALLEN
300,500,15,0.75,0.0018375,half_20ms,0.18,False,0,5.172188096865678,,0.23800000000000002,0.132,16.0,0.0,True,FALLEN
350,20,5,0.75,0.0018375,half_20ms,0.18,False,0,0.0,,,0.166,,,False,FALLEN
350,50,5,0.75,0.0018375,half_20ms,0.18,False,0,0.27911672393755005,,,0.166,,,True,FALLEN
350,100,5,0.75,0.0018375,half_20ms,0.18,False,0,1.5152402853394609,,,0.166,,,True,FALLEN
350,200,5,0.75,0.0018375,half_20ms,0.18,False,0,7.281946977589403,,,0.166,,,True,FALLEN
350,350,5,0.75,0.0018375,half_20ms,0.18,True,3.4719531742762446,19.471953174276244,0.488,0.438,0.166,1.3231330151660214,0.7271975051039328,False,BALANCING
350,500,5,0.75,0.0018375,half_20ms,0.18,True,3.4719531742762446,19.471953174276244,0.488,0.438,0.166,1.3231330151660214,0.7271975051039328,False,BALANCING
350,20,10,0.75,0.0018375,half_20ms,0.18,False,0,0.0,,,0.166,,,False,FALLEN
350,50,10,0.75,0.0018375,half_20ms,0.18,False,0,0.27911672393755005,,,0.166,,,True,FALLEN
350,100,10,0.75,0.0018375,half_20ms,0.18,False,0,1.5152402853394609,,,0.166,,,True,FALLEN
350,200,10,0.75,0.0018375,half_20ms,0.18,False,0,7.281946977589403,,,0.166,,,True,FALLEN
350,350,10,0.75,0.0018375,half_20ms,0.18,False,2.567800593038875,18.567800593038875,1.488,0.386,0.166,2.393394380547098,2.381896293762087,False,BALANCING
350,500,10,0.75,0.0018375,half_20ms,0.18,False,2.567800593038875,18.567800593038875,1.488,0.386,0.166,2.393394380547098,2.381896293762087,False,BALANCING
350,20,15,0.75,0.0018375,half_20ms,0.18,False,0,0.0,,,0.166,,,False,FALLEN
350,50,15,0.75,0.0018375,half_20ms,0.18,False,0,0.27911672393755005,,,0.166,,,True,FALLEN
350,100,15,0.75,0.0018375,half_20ms,0.18,False,0,4.477388481111969,,0.262,0.166,16.0,0.0,True,FALLEN
350,200,15,0.75,0.0018375,half_20ms,0.18,False,0,4.477388481111969,,0.262,0.166,16.0,0.0,True,FALLEN
350,350,15,0.75,0.0018375,half_20ms,0.18,False,0,4.477388481111969,,0.262,0.166,16.0,0.0,True,FALLEN
350,500,15,0.75,0.0018375,half_20ms,0.18,False,0,4.477388481111969,,0.262,0.166,16.0,0.0,True,FALLEN
400,20,5,0.75,0.0018375,half_20ms,0.18,False,0,0.0,,,0.21,,,False,FALLEN
400,50,5,0.75,0.0018375,half_20ms,0.18,False,0,0.31667856920434545,,,0.21,,,True,FALLEN
400,100,5,0.75,0.0018375,half_20ms,0.18,False,0,1.9977577728628741,,,0.21,,,True,FALLEN
400,200,5,0.75,0.0018375,half_20ms,0.18,False,0,9.11053084144817,,,0.21,,,True,FALLEN
400,350,5,0.75,0.0018375,half_20ms,0.18,True,4.151424315985096,20.151424315985096,0.516,0.47000000000000003,0.21,1.7261498965611137,1.7698990443490128,False,BALANCING
400,500,5,0.75,0.0018375,half_20ms,0.18,True,4.151424315985096,20.151424315985096,0.516,0.47000000000000003,0.21,1.7261498965611137,1.7698990443490128,False,BALANCING
400,20,10,0.75,0.0018375,half_20ms,0.18,False,0,0.0,,,0.21,,,False,FALLEN
400,50,10,0.75,0.0018375,half_20ms,0.18,False,0,0.31667856920434545,,,0.21,,,True,FALLEN
400,100,10,0.75,0.0018375,half_20ms,0.18,False,0,1.9977577728628741,,,0.21,,,True,FALLEN
400,200,10,0.75,0.0018375,half_20ms,0.18,False,0,9.11053084144817,,,0.21,,,True,FALLEN
400,350,10,0.75,0.0018375,half_20ms,0.18,False,2.817026092125704,18.817026092125705,1.606,0.41400000000000003,0.21,2.7135283044618883,1.5322891223962043,False,BALANCING
400,500,10,0.75,0.0018375,half_20ms,0.18,False,2.817026092125704,18.817026092125705,1.606,0.41400000000000003,0.21,2.7135283044618883,1.5322891223962043,False,BALANCING
400,20,15,0.75,0.0018375,half_20ms,0.18,False,0,0.0,,,0.21,,,False,FALLEN
400,50,15,0.75,0.0018375,half_20ms,0.18,False,0,0.31667856920434545,,,0.21,,,True,FALLEN
400,100,15,0.75,0.0018375,half_20ms,0.18,False,0,4.3535396780741,,0.3,0.21,16.0,0.0,True,FALLEN
400,200,15,0.75,0.0018375,half_20ms,0.18,False,0,4.3535396780741,,0.3,0.21,16.0,0.0,True,FALLEN
400,350,15,0.75,0.0018375,half_20ms,0.18,False,0,4.3535396780741,,0.3,0.21,16.0,0.0,True,FALLEN
400,500,15,0.75,0.0018375,half_20ms,0.18,False,0,4.3535396780741,,0.3,0.21,16.0,0.0,True,FALLEN
450,20,5,0.75,0.0018375,half_20ms,0.18,False,0,0.0,,,0.268,,,False,FALLEN
450,50,5,0.75,0.0018375,half_20ms,0.18,False,0,0.39710815097245167,,,0.268,,,True,FALLEN
450,100,5,0.75,0.0018375,half_20ms,0.18,False,0,2.5556026869653614,,,0.268,,,True,FALLEN
450,200,5,0.75,0.0018375,half_20ms,0.18,False,16.0,32.0,0.706,,0.268,,,True,FALLEN
450,350,5,0.75,0.0018375,half_20ms,0.18,True,2.724140778529068,18.72414077852907,0.5640000000000001,0.516,0.268,1.4743676963662757,1.5502992827237796,False,BALANCING
450,500,5,0.75,0.0018375,half_20ms,0.18,True,2.724140778529068,18.72414077852907,0.5640000000000001,0.516,0.268,1.4743676963662757,1.5502992827237796,False,BALANCING
450,20,10,0.75,0.0018375,half_20ms,0.18,False,0,0.0,,,0.268,,,False,FALLEN
450,50,10,0.75,0.0018375,half_20ms,0.18,False,0,0.39710815097245167,,,0.268,,,True,FALLEN
450,100,10,0.75,0.0018375,half_20ms,0.18,False,0,2.5556026869653614,,,0.268,,,True,FALLEN
450,200,10,0.75,0.0018375,half_20ms,0.18,False,2.834912311889018,18.834912311889017,1.742,0.456,0.268,2.7956912495649004,1.5413892913996647,False,BALANCING
450,350,10,0.75,0.0018375,half_20ms,0.18,False,2.834912311889018,18.834912311889017,1.742,0.456,0.268,2.7956912495649004,1.5413892913996647,False,BALANCING
450,500,10,0.75,0.0018375,half_20ms,0.18,False,2.834912311889018,18.834912311889017,1.742,0.456,0.268,2.7956912495649004,1.5413892913996647,False,BALANCING
450,20,15,0.75,0.0018375,half_20ms,0.18,False,0,0.0,,,0.268,,,False,FALLEN
450,50,15,0.75,0.0018375,half_20ms,0.18,False,0,0.39710815097245167,,,0.268,,,True,FALLEN
450,100,15,0.75,0.0018375,half_20ms,0.18,False,0,4.334292604797531,,0.354,0.268,16.0,0.0,True,FALLEN
450,200,15,0.75,0.0018375,half_20ms,0.18,False,0,4.334292604797531,,0.354,0.268,16.0,0.0,True,FALLEN
450,350,15,0.75,0.0018375,half_20ms,0.18,False,0,4.334292604797531,,0.354,0.268,16.0,0.0,True,FALLEN
450,500,15,0.75,0.0018375,half_20ms,0.18,False,0,4.334292604797531,,0.354,0.268,16.0,0.0,True,FALLEN
500,20,5,0.75,0.0018375,half_20ms,0.18,False,0,0.0,,,0.352,,,False,FALLEN
500,50,5,0.75,0.0018375,half_20ms,0.18,False,0,0.4959826154151443,,,0.352,,,True,FALLEN
500,100,5,0.75,0.0018375,half_20ms,0.18,False,0,3.267607546268289,,,0.352,,,True,FALLEN
500,200,5,0.75,0.0018375,half_20ms,0.18,False,16.0,32.0,0.654,,0.352,,,True,FALLEN
500,350,5,0.75,0.0018375,half_20ms,0.18,True,0.4174419343811958,16.417441934381195,0.648,0.58,0.352,0.7132989470424307,1.2350105650344962,False,BALANCING
500,500,5,0.75,0.0018375,half_20ms,0.18,True,0.4174419343811958,16.417441934381195,0.648,0.58,0.352,0.7132989470424307,1.2350105650344962,False,BALANCING
500,20,10,0.75,0.0018375,half_20ms,0.18,False,0,0.0,,,0.352,,,False,FALLEN
500,50,10,0.75,0.0018375,half_20ms,0.18,False,0,0.4959826154151443,,,0.352,,,True,FALLEN
500,100,10,0.75,0.0018375,half_20ms,0.18,False,0,3.267607546268289,,,0.352,,,True,FALLEN
500,200,10,0.75,0.0018375,half_20ms,0.18,False,2.65549799402297,18.65549799402297,1.92,0.526,0.352,2.653141743878828,1.4440540665524906,False,BALANCING
500,350,10,0.75,0.0018375,half_20ms,0.18,False,2.65549799402297,18.65549799402297,1.92,0.526,0.352,2.653141743878828,1.4440540665524906,False,BALANCING
500,500,10,0.75,0.0018375,half_20ms,0.18,False,2.65549799402297,18.65549799402297,1.92,0.526,0.352,2.653141743878828,1.4440540665524906,False,BALANCING
500,20,15,0.75,0.0018375,half_20ms,0.18,False,0,0.0,,,0.352,,,False,FALLEN
500,50,15,0.75,0.0018375,half_20ms,0.18,False,0,0.4959826154151443,,,0.352,,,True,FALLEN
500,100,15,0.75,0.0018375,half_20ms,0.18,False,0,4.777854042798042,,0.432,0.352,16.0,0.0,True,FALLEN
500,200,15,0.75,0.0018375,half_20ms,0.18,False,0,4.777854042798042,,0.432,0.352,16.0,0.0,True,FALLEN
500,350,15,0.75,0.0018375,half_20ms,0.18,False,0,4.777854042798042,,0.432,0.352,16.0,0.0,True,FALLEN
500,500,15,0.75,0.0018375,half_20ms,0.18,False,0,4.777854042798042,,0.432,0.352,16.0,0.0,True,FALLEN
550,20,5,0.75,0.0018375,half_20ms,0.18,False,0,0.0,,,0.52,,,False,FALLEN
550,50,5,0.75,0.0018375,half_20ms,0.18,False,0,0.6123211558314949,,,0.52,,,True,FALLEN
550,100,5,0.75,0.0018375,half_20ms,0.18,False,0,4.379302228351518,,,0.52,,,True,FALLEN
550,200,5,0.75,0.0018375,half_20ms,0.18,False,16.0,32.0,0.786,,0.52,,,True,FALLEN
550,350,5,0.75,0.0018375,half_20ms,0.18,True,1.7831786146730173,17.783178614673016,0.786,0.734,0.52,1.5871950563508122,1.940926060515635,False,BALANCING
550,500,5,0.75,0.0018375,half_20ms,0.18,True,1.7831786146730173,17.783178614673016,0.786,0.734,0.52,1.5871950563508122,1.940926060515635,False,BALANCING
550,20,10,0.75,0.0018375,half_20ms,0.18,False,0,0.0,,,0.52,,,False,FALLEN
550,50,10,0.75,0.0018375,half_20ms,0.18,False,0,0.6123211558314949,,,0.52,,,True,FALLEN
550,100,10,0.75,0.0018375,half_20ms,0.18,False,0,4.379302228351518,,,0.52,,,True,FALLEN
550,200,10,0.75,0.0018375,half_20ms,0.18,False,2.3729884050533583,18.37298840505336,2.204,0.682,0.52,2.3729884050533583,1.0886045809654867,False,BALANCING
550,350,10,0.75,0.0018375,half_20ms,0.18,False,2.3729884050533583,18.37298840505336,2.204,0.682,0.52,2.3729884050533583,1.0886045809654867,False,BALANCING
550,500,10,0.75,0.0018375,half_20ms,0.18,False,2.3729884050533583,18.37298840505336,2.204,0.682,0.52,2.3729884050533583,1.0886045809654867,False,BALANCING
550,20,15,0.75,0.0018375,half_20ms,0.18,False,0,0.0,,,0.52,,,False,FALLEN
550,50,15,0.75,0.0018375,half_20ms,0.18,False,0,0.6123211558314949,,,0.52,,,True,FALLEN
550,100,15,0.75,0.0018375,half_20ms,0.18,False,0,5.328531282574975,,0.598,0.52,16.0,0.0,True,FALLEN
550,200,15,0.75,0.0018375,half_20ms,0.18,False,0,5.328531282574975,,0.598,0.52,16.0,0.0,True,FALLEN
550,350,15,0.75,0.0018375,half_20ms,0.18,False,0,5.328531282574975,,0.598,0.52,16.0,0.0,True,FALLEN
550,500,15,0.75,0.0018375,half_20ms,0.18,False,0,5.328531282574975,,0.598,0.52,16.0,0.0,True,FALLEN
580,20,5,0.75,0.0018375,half_20ms,0.18,False,0,0.0,,,0.982,,,False,FALLEN
580,50,5,0.75,0.0018375,half_20ms,0.18,False,0,0.6927413336671826,,,0.982,,,True,FALLEN
580,100,5,0.75,0.0018375,half_20ms,0.18,False,0,4.83790754626299,,,0.982,,,True,FALLEN
580,200,5,0.75,0.0018375,half_20ms,0.18,False,16.0,32.0,1.234,,0.982,,,True,FALLEN
580,350,5,0.75,0.0018375,half_20ms,0.18,False,3.1411305355353814,19.141130535535382,1.236,1.19,0.982,2.3975466546032695,2.5605934557123446,False,BALANCING
580,500,5,0.75,0.0018375,half_20ms,0.18,False,3.1411305355353814,19.141130535535382,1.236,1.19,0.982,2.3975466546032695,2.5605934557123446,False,BALANCING
580,20,10,0.75,0.0018375,half_20ms,0.18,False,0,0.0,,,0.982,,,False,FALLEN
580,50,10,0.75,0.0018375,half_20ms,0.18,False,0,0.6927413336671826,,,0.982,,,True,FALLEN
580,100,10,0.75,0.0018375,half_20ms,0.18,False,0,4.83790754626299,,,0.982,,,True,FALLEN
580,200,10,0.75,0.0018375,half_20ms,0.18,False,2.1021526898856813,18.10215268988568,2.7640000000000002,1.1400000000000001,0.982,2.1021526898856813,0.7725875281325902,False,BALANCING
580,350,10,0.75,0.0018375,half_20ms,0.18,False,2.1021526898856813,18.10215268988568,2.7640000000000002,1.1400000000000001,0.982,2.1021526898856813,0.7725875281325902,False,BALANCING
580,500,10,0.75,0.0018375,half_20ms,0.18,False,2.1021526898856813,18.10215268988568,2.7640000000000002,1.1400000000000001,0.982,2.1021526898856813,0.7725875281325902,False,BALANCING
580,20,15,0.75,0.0018375,half_20ms,0.18,False,0,0.0,,,0.982,,,False,FALLEN
580,50,15,0.75,0.0018375,half_20ms,0.18,False,0,0.6927413336671826,,,0.982,,,True,FALLEN
580,100,15,0.75,0.0018375,half_20ms,0.18,False,0,5.721400849940839,,1.058,0.982,16.0,0.0,True,FALLEN
580,200,15,0.75,0.0018375,half_20ms,0.18,False,0,5.721400849940839,,1.058,0.982,16.0,0.0,True,FALLEN
580,350,15,0.75,0.0018375,half_20ms,0.18,False,0,5.721400849940839,,1.058,0.982,16.0,0.0,True,FALLEN
580,500,15,0.75,0.0018375,half_20ms,0.18,False,0,5.721400849940839,,1.058,0.982,16.0,0.0,True,FALLEN
100,20,5,0.75,0.0018375,half_50ms,0.18,False,0,0.0,,,0.034,,,False,FALLEN
100,50,5,0.75,0.0018375,half_50ms,0.18,False,0,0.0,,,0.034,,,False,FALLEN
100,100,5,0.75,0.0018375,half_50ms,0.18,False,0,0.016448091621464656,,,0.034,,,True,FALLEN
100,200,5,0.75,0.0018375,half_50ms,0.18,False,0,3.5923971936737047,,,0.034,,,True,FALLEN
100,350,5,0.75,0.0018375,half_50ms,0.18,True,2.300055720473391,18.30005572047339,0.6980000000000001,0.384,0.034,1.4010782967690105,2.3794679854370098,False,BALANCING
100,500,5,0.75,0.0018375,half_50ms,0.18,True,2.300055720473391,18.30005572047339,0.6980000000000001,0.384,0.034,1.4010782967690105,2.3794679854370098,False,BALANCING
100,20,10,0.75,0.0018375,half_50ms,0.18,False,0,0.0,,,0.034,,,False,FALLEN
100,50,10,0.75,0.0018375,half_50ms,0.18,False,0,0.0,,,0.034,,,False,FALLEN
100,100,10,0.75,0.0018375,half_50ms,0.18,False,0,0.016448091621464656,,,0.034,,,True,FALLEN
100,200,10,0.75,0.0018375,half_50ms,0.18,False,0,3.5923971936737047,,,0.034,,,True,FALLEN
100,350,10,0.75,0.0018375,half_50ms,0.18,False,0,10.113277097745607,,0.3,0.034,16.0,0.0,True,FALLEN
100,500,10,0.75,0.0018375,half_50ms,0.18,False,0,10.113277097745607,,0.3,0.034,16.0,0.0,True,FALLEN
100,20,15,0.75,0.0018375,half_50ms,0.18,False,0,0.0,,,0.034,,,False,FALLEN
100,50,15,0.75,0.0018375,half_50ms,0.18,False,0,0.0,,,0.034,,,False,FALLEN
100,100,15,0.75,0.0018375,half_50ms,0.18,False,0,0.016448091621464656,,,0.034,,,True,FALLEN
100,200,15,0.75,0.0018375,half_50ms,0.18,False,0,4.571051036348294,,0.194,0.034,16.0,0.0,True,FALLEN
100,350,15,0.75,0.0018375,half_50ms,0.18,False,0,4.571051036348294,,0.194,0.034,16.0,0.0,True,FALLEN
100,500,15,0.75,0.0018375,half_50ms,0.18,False,0,4.571051036348294,,0.194,0.034,16.0,0.0,True,FALLEN
150,20,5,0.75,0.0018375,half_50ms,0.18,False,0,0.0,,,0.054,,,False,FALLEN
150,50,5,0.75,0.0018375,half_50ms,0.18,False,0,0.0,,,0.054,,,False,FALLEN
150,100,5,0.75,0.0018375,half_50ms,0.18,False,0,0.09491443270672306,,,0.054,,,True,FALLEN
150,200,5,0.75,0.0018375,half_50ms,0.18,False,0,2.7039241427608918,,,0.054,,,True,FALLEN
150,350,5,0.75,0.0018375,half_50ms,0.18,False,0,15.831957241334193,,,0.054,,,True,FALLEN
150,500,5,0.75,0.0018375,half_50ms,0.18,True,1.9953257043889943,17.995325704388993,0.562,0.40800000000000003,0.054,0.8729427718437057,1.994922271329477,False,BALANCING
150,20,10,0.75,0.0018375,half_50ms,0.18,False,0,0.0,,,0.054,,,False,FALLEN
150,50,10,0.75,0.0018375,half_50ms,0.18,False,0,0.0,,,0.054,,,False,FALLEN
150,100,10,0.75,0.0018375,half_50ms,0.18,False,0,0.09491443270672306,,,0.054,,,True,FALLEN
150,200,10,0.75,0.0018375,half_50ms,0.18,False,0,2.7039241427608918,,,0.054,,,True,FALLEN
150,350,10,0.75,0.0018375,half_50ms,0.18,False,0,11.03664868872746,,0.334,0.054,16.0,0.0,True,FALLEN
150,500,10,0.75,0.0018375,half_50ms,0.18,False,0,11.03664868872746,,0.334,0.054,16.0,0.0,True,FALLEN
150,20,15,0.75,0.0018375,half_50ms,0.18,False,0,0.0,,,0.054,,,False,FALLEN
150,50,15,0.75,0.0018375,half_50ms,0.18,False,0,0.0,,,0.054,,,False,FALLEN
150,100,15,0.75,0.0018375,half_50ms,0.18,False,0,0.09491443270672306,,,0.054,,,True,FALLEN
150,200,15,0.75,0.0018375,half_50ms,0.18,False,0,4.847891283879331,,0.232,0.054,16.0,0.0,True,FALLEN
150,350,15,0.75,0.0018375,half_50ms,0.18,False,0,4.847891283879331,,0.232,0.054,16.0,0.0,True,FALLEN
150,500,15,0.75,0.0018375,half_50ms,0.18,False,0,4.847891283879331,,0.232,0.054,16.0,0.0,True,FALLEN
200,20,5,0.75,0.0018375,half_50ms,0.18,False,0,0.0,,,0.076,,,False,FALLEN
200,50,5,0.75,0.0018375,half_50ms,0.18,False,0,0.0,,,0.076,,,False,FALLEN
200,100,5,0.75,0.0018375,half_50ms,0.18,False,0,0.21287596768159922,,,0.076,,,True,FALLEN
200,200,5,0.75,0.0018375,half_50ms,0.18,False,0,2.5251396156554407,,,0.076,,,True,FALLEN
200,350,5,0.75,0.0018375,half_50ms,0.18,True,1.9438411139444394,17.94384111394444,0.5,0.42,0.076,0.5904838013656816,1.3279380304950772,False,BALANCING
200,500,5,0.75,0.0018375,half_50ms,0.18,True,1.9438411139444394,17.94384111394444,0.5,0.42,0.076,0.5904838013656816,1.3279380304950772,False,BALANCING
200,20,10,0.75,0.0018375,half_50ms,0.18,False,0,0.0,,,0.076,,,False,FALLEN
200,50,10,0.75,0.0018375,half_50ms,0.18,False,0,0.0,,,0.076,,,False,FALLEN
200,100,10,0.75,0.0018375,half_50ms,0.18,False,0,0.21287596768159922,,,0.076,,,True,FALLEN
200,200,10,0.75,0.0018375,half_50ms,0.18,False,0,2.5251396156554407,,,0.076,,,True,FALLEN
200,350,10,0.75,0.0018375,half_50ms,0.18,False,0,12.534354598548925,,0.354,0.076,16.0,0.0,True,FALLEN
200,500,10,0.75,0.0018375,half_50ms,0.18,False,0,12.534354598548925,,0.354,0.076,16.0,0.0,True,FALLEN
200,20,15,0.75,0.0018375,half_50ms,0.18,False,0,0.0,,,0.076,,,False,FALLEN
200,50,15,0.75,0.0018375,half_50ms,0.18,False,0,0.0,,,0.076,,,False,FALLEN
200,100,15,0.75,0.0018375,half_50ms,0.18,False,0,0.21287596768159922,,,0.076,,,True,FALLEN
200,200,15,0.75,0.0018375,half_50ms,0.18,False,0,5.1657394547944016,,0.254,0.076,16.0,0.0,True,FALLEN
200,350,15,0.75,0.0018375,half_50ms,0.18,False,0,5.1657394547944016,,0.254,0.076,16.0,0.0,True,FALLEN
200,500,15,0.75,0.0018375,half_50ms,0.18,False,0,5.1657394547944016,,0.254,0.076,16.0,0.0,True,FALLEN
250,20,5,0.75,0.0018375,half_50ms,0.18,False,0,0.0,,,0.10200000000000001,,,False,FALLEN
250,50,5,0.75,0.0018375,half_50ms,0.18,False,0,0.0,,,0.10200000000000001,,,False,FALLEN
250,100,5,0.75,0.0018375,half_50ms,0.18,False,0,0.2918072135167282,,,0.10200000000000001,,,True,FALLEN
250,200,5,0.75,0.0018375,half_50ms,0.18,False,0,2.5544925022495804,,,0.10200000000000001,,,True,FALLEN
250,350,5,0.75,0.0018375,half_50ms,0.18,True,4.1253232363669765,20.125323236366977,0.496,0.436,0.10200000000000001,1.5725237845867424,0.5542872929117056,False,BALANCING
250,500,5,0.75,0.0018375,half_50ms,0.18,True,4.1253232363669765,20.125323236366977,0.496,0.436,0.10200000000000001,1.5725237845867424,0.5542872929117056,False,BALANCING
250,20,10,0.75,0.0018375,half_50ms,0.18,False,0,0.0,,,0.10200000000000001,,,False,FALLEN
250,50,10,0.75,0.0018375,half_50ms,0.18,False,0,0.0,,,0.10200000000000001,,,False,FALLEN
250,100,10,0.75,0.0018375,half_50ms,0.18,False,0,0.2918072135167282,,,0.10200000000000001,,,True,FALLEN
250,200,10,0.75,0.0018375,half_50ms,0.18,False,0,2.5544925022495804,,,0.10200000000000001,,,True,FALLEN
250,350,10,0.75,0.0018375,half_50ms,0.18,False,3.1026219006745817,19.10262190067458,1.302,0.378,0.10200000000000001,3.0332042915535022,4.608469504500415,False,BALANCING
250,500,10,0.75,0.0018375,half_50ms,0.18,False,3.1026219006745817,19.10262190067458,1.302,0.378,0.10200000000000001,3.0332042915535022,4.608469504500415,False,BALANCING
250,20,15,0.75,0.0018375,half_50ms,0.18,False,0,0.0,,,0.10200000000000001,,,False,FALLEN
250,50,15,0.75,0.0018375,half_50ms,0.18,False,0,0.0,,,0.10200000000000001,,,False,FALLEN
250,100,15,0.75,0.0018375,half_50ms,0.18,False,0,0.2918072135167282,,,0.10200000000000001,,,True,FALLEN
250,200,15,0.75,0.0018375,half_50ms,0.18,False,0,5.427899796115149,,0.266,0.10200000000000001,16.0,0.0,True,FALLEN
250,350,15,0.75,0.0018375,half_50ms,0.18,False,0,5.427899796115149,,0.266,0.10200000000000001,16.0,0.0,True,FALLEN
250,500,15,0.75,0.0018375,half_50ms,0.18,False,0,5.427899796115149,,0.266,0.10200000000000001,16.0,0.0,True,FALLEN
300,20,5,0.75,0.0018375,half_50ms,0.18,False,0,0.0,,,0.132,,,False,FALLEN
300,50,5,0.75,0.0018375,half_50ms,0.18,False,0,0.0,,,0.132,,,False,FALLEN
300,100,5,0.75,0.0018375,half_50ms,0.18,False,0,0.4485396103680479,,,0.132,,,True,FALLEN
300,200,5,0.75,0.0018375,half_50ms,0.18,False,0,2.9153095590629334,,,0.132,,,True,FALLEN
300,350,5,0.75,0.0018375,half_50ms,0.18,True,5.036915483675737,21.036915483675738,0.502,0.452,0.132,1.9199053489646005,1.038096516982698,False,BALANCING
300,500,5,0.75,0.0018375,half_50ms,0.18,True,5.036915483675737,21.036915483675738,0.502,0.452,0.132,1.9199053489646005,1.038096516982698,False,BALANCING
300,20,10,0.75,0.0018375,half_50ms,0.18,False,0,0.0,,,0.132,,,False,FALLEN
300,50,10,0.75,0.0018375,half_50ms,0.18,False,0,0.0,,,0.132,,,False,FALLEN
300,100,10,0.75,0.0018375,half_50ms,0.18,False,0,0.4485396103680479,,,0.132,,,True,FALLEN
300,200,10,0.75,0.0018375,half_50ms,0.18,False,0,2.9153095590629334,,,0.132,,,True,FALLEN
300,350,10,0.75,0.0018375,half_50ms,0.18,False,2.6528651197605018,18.652865119760502,1.3820000000000001,0.398,0.132,2.600444845209602,3.9267405341700354,False,BALANCING
300,500,10,0.75,0.0018375,half_50ms,0.18,False,2.6528651197605018,18.652865119760502,1.3820000000000001,0.398,0.132,2.600444845209602,3.9267405341700354,False,BALANCING
300,20,15,0.75,0.0018375,half_50ms,0.18,False,0,0.0,,,0.132,,,False,FALLEN
300,50,15,0.75,0.0018375,half_50ms,0.18,False,0,0.0,,,0.132,,,False,FALLEN
300,100,15,0.75,0.0018375,half_50ms,0.18,False,0,0.4485396103680479,,,0.132,,,True,FALLEN
300,200,15,0.75,0.0018375,half_50ms,0.18,False,0,5.240300287994687,,0.272,0.132,16.0,0.0,True,FALLEN
300,350,15,0.75,0.0018375,half_50ms,0.18,False,0,5.240300287994687,,0.272,0.132,16.0,0.0,True,FALLEN
300,500,15,0.75,0.0018375,half_50ms,0.18,False,0,5.240300287994687,,0.272,0.132,16.0,0.0,True,FALLEN
350,20,5,0.75,0.0018375,half_50ms,0.18,False,0,0.0,,,0.166,,,False,FALLEN
350,50,5,0.75,0.0018375,half_50ms,0.18,False,0,0.0,,,0.166,,,False,FALLEN
350,100,5,0.75,0.0018375,half_50ms,0.18,False,0,0.5467680477017307,,,0.166,,,True,FALLEN
350,200,5,0.75,0.0018375,half_50ms,0.18,False,0,3.842639972606916,,,0.166,,,True,FALLEN
350,350,5,0.75,0.0018375,half_50ms,0.18,False,6.349869040515701,22.3498690405157,0.522,0.47600000000000003,0.166,2.4190021506758774,3.85982530480295,False,BALANCING
350,500,5,0.75,0.0018375,half_50ms,0.18,False,6.349869040515701,22.3498690405157,0.522,0.47600000000000003,0.166,2.4190021506758774,3.85982530480295,False,BALANCING
350,20,10,0.75,0.0018375,half_50ms,0.18,False,0,0.0,,,0.166,,,False,FALLEN
350,50,10,0.75,0.0018375,half_50ms,0.18,False,0,0.0,,,0.166,,,False,FALLEN
350,100,10,0.75,0.0018375,half_50ms,0.18,False,0,0.5467680477017307,,,0.166,,,True,FALLEN
350,200,10,0.75,0.0018375,half_50ms,0.18,False,0,3.842639972606916,,,0.166,,,True,FALLEN
350,350,10,0.75,0.0018375,half_50ms,0.18,False,2.3757005947014647,18.375700594701463,1.488,0.424,0.166,2.344696728732048,3.6956958098185577,False,BALANCING
350,500,10,0.75,0.0018375,half_50ms,0.18,False,2.3757005947014647,18.375700594701463,1.488,0.424,0.166,2.344696728732048,3.6956958098185577,False,BALANCING
350,20,15,0.75,0.0018375,half_50ms,0.18,False,0,0.0,,,0.166,,,False,FALLEN
350,50,15,0.75,0.0018375,half_50ms,0.18,False,0,0.0,,,0.166,,,False,FALLEN
350,100,15,0.75,0.0018375,half_50ms,0.18,False,0,0.5467680477017307,,,0.166,,,True,FALLEN
350,200,15,0.75,0.0018375,half_50ms,0.18,False,0,5.059915488583265,,0.298,0.166,16.0,0.0,True,FALLEN
350,350,15,0.75,0.0018375,half_50ms,0.18,False,0,5.059915488583265,,0.298,0.166,16.0,0.0,True,FALLEN
350,500,15,0.75,0.0018375,half_50ms,0.18,False,0,5.059915488583265,,0.298,0.166,16.0,0.0,True,FALLEN
400,20,5,0.75,0.0018375,half_50ms,0.18,False,0,0.0,,,0.21,,,False,FALLEN
400,50,5,0.75,0.0018375,half_50ms,0.18,False,0,0.0,,,0.21,,,False,FALLEN
400,100,5,0.75,0.0018375,half_50ms,0.18,False,0,0.7674115690796732,,,0.21,,,True,FALLEN
400,200,5,0.75,0.0018375,half_50ms,0.18,False,0,5.454010261277375,,,0.21,,,True,FALLEN
400,350,5,0.75,0.0018375,half_50ms,0.18,False,7.174444027959364,23.174444027959364,0.55,0.504,0.21,2.942764812817823,4.457939002719733,False,BALANCING
400,500,5,0.75,0.0018375,half_50ms,0.18,False,7.174444027959364,23.174444027959364,0.55,0.504,0.21,2.942764812817823,4.457939002719733,False,BALANCING
400,20,10,0.75,0.0018375,half_50ms,0.18,False,0,0.0,,,0.21,,,False,FALLEN
400,50,10,0.75,0.0018375,half_50ms,0.18,False,0,0.0,,,0.21,,,False,FALLEN
400,100,10,0.75,0.0018375,half_50ms,0.18,False,0,0.7674115690796732,,,0.21,,,True,FALLEN
400,200,10,0.75,0.0018375,half_50ms,0.18,False,0,5.454010261277375,,,0.21,,,True,FALLEN
400,350,10,0.75,0.0018375,half_50ms,0.18,False,2.43388013457635,18.43388013457635,1.616,0.452,0.21,2.401737380308845,3.7877112315845736,False,BALANCING
400,500,10,0.75,0.0018375,half_50ms,0.18,False,2.43388013457635,18.43388013457635,1.616,0.452,0.21,2.401737380308845,3.7877112315845736,False,BALANCING
400,20,15,0.75,0.0018375,half_50ms,0.18,False,0,0.0,,,0.21,,,False,FALLEN
400,50,15,0.75,0.0018375,half_50ms,0.18,False,0,0.0,,,0.21,,,False,FALLEN
400,100,15,0.75,0.0018375,half_50ms,0.18,False,0,0.7674115690796732,,,0.21,,,True,FALLEN
400,200,15,0.75,0.0018375,half_50ms,0.18,False,0,1.492015282624969,,0.332,0.21,16.0,0.0,True,FALLEN
400,350,15,0.75,0.0018375,half_50ms,0.18,False,0,1.492015282624969,,0.332,0.21,16.0,0.0,True,FALLEN
400,500,15,0.75,0.0018375,half_50ms,0.18,False,0,1.492015282624969,,0.332,0.21,16.0,0.0,True,FALLEN
450,20,5,0.75,0.0018375,half_50ms,0.18,False,0,0.0,,,0.268,,,False,FALLEN
450,50,5,0.75,0.0018375,half_50ms,0.18,False,0,0.0,,,0.268,,,False,FALLEN
450,100,5,0.75,0.0018375,half_50ms,0.18,False,0,1.0433733793696547,,,0.268,,,True,FALLEN
450,200,5,0.75,0.0018375,half_50ms,0.18,False,0,7.611290606185099,,,0.268,,,True,FALLEN
450,350,5,0.75,0.0018375,half_50ms,0.18,False,16.0,32.0,0.594,0.55,0.268,16.0,0.0,True,FALLEN
450,500,5,0.75,0.0018375,half_50ms,0.18,False,16.0,32.0,0.594,0.55,0.268,16.0,0.0,True,FALLEN
450,20,10,0.75,0.0018375,half_50ms,0.18,False,0,0.0,,,0.268,,,False,FALLEN
450,50,10,0.75,0.0018375,half_50ms,0.18,False,0,0.0,,,0.268,,,False,FALLEN
450,100,10,0.75,0.0018375,half_50ms,0.18,False,0,1.0433733793696547,,,0.268,,,True,FALLEN
450,200,10,0.75,0.0018375,half_50ms,0.18,False,0,7.611290606185099,,,0.268,,,True,FALLEN
450,350,10,0.75,0.0018375,half_50ms,0.18,False,2.6327418582773165,18.632741858277317,1.752,0.49,0.268,2.5836184083392504,3.900678169058113,False,BALANCING
450,500,10,0.75,0.0018375,half_50ms,0.18,False,2.6327418582773165,18.632741858277317,1.752,0.49,0.268,2.5836184083392504,3.900678169058113,False,BALANCING
450,20,15,0.75,0.0018375,half_50ms,0.18,False,0,0.0,,,0.268,,,False,FALLEN
450,50,15,0.75,0.0018375,half_50ms,0.18,False,0,0.0,,,0.268,,,False,FALLEN
450,100,15,0.75,0.0018375,half_50ms,0.18,False,0,1.0433733793696547,,,0.268,,,True,FALLEN
450,200,15,0.75,0.0018375,half_50ms,0.18,False,0,1.622804494331719,,0.384,0.268,16.0,0.0,True,FALLEN
450,350,15,0.75,0.0018375,half_50ms,0.18,False,0,1.622804494331719,,0.384,0.268,16.0,0.0,True,FALLEN
450,500,15,0.75,0.0018375,half_50ms,0.18,False,0,1.622804494331719,,0.384,0.268,16.0,0.0,True,FALLEN
500,20,5,0.75,0.0018375,half_50ms,0.18,False,0,0.0,,,0.352,,,False,FALLEN
500,50,5,0.75,0.0018375,half_50ms,0.18,False,0,0.0,,,0.352,,,False,FALLEN
500,100,5,0.75,0.0018375,half_50ms,0.18,False,0,1.2010710846860206,,,0.352,,,True,FALLEN
500,200,5,0.75,0.0018375,half_50ms,0.18,False,0,11.396130526692746,,,0.352,,,True,FALLEN
500,350,5,0.75,0.0018375,half_50ms,0.18,False,4.3832653939136685,20.383265393913668,0.668,0.62,0.352,2.346559889595893,3.708456305397376,False,BALANCING
500,500,5,0.75,0.0018375,half_50ms,0.18,False,4.3832653939136685,20.383265393913668,0.668,0.62,0.352,2.346559889595893,3.708456305397376,False,BALANCING
500,20,10,0.75,0.0018375,half_50ms,0.18,False,0,0.0,,,0.352,,,False,FALLEN
500,50,10,0.75,0.0018375,half_50ms,0.18,False,0,0.0,,,0.352,,,False,FALLEN
500,100,10,0.75,0.0018375,half_50ms,0.18,False,0,1.2010710846860206,,,0.352,,,True,FALLEN
500,200,10,0.75,0.0018375,half_50ms,0.18,False,0,11.396130526692746,,,0.352,,,True,FALLEN
500,350,10,0.75,0.0018375,half_50ms,0.18,False,2.4403444458041013,18.4403444458041,1.938,0.56,0.352,2.4358907240673746,1.5452754487632372,False,BALANCING
500,500,10,0.75,0.0018375,half_50ms,0.18,False,2.4403444458041013,18.4403444458041,1.938,0.56,0.352,2.4358907240673746,1.5452754487632372,False,BALANCING
500,20,15,0.75,0.0018375,half_50ms,0.18,False,0,0.0,,,0.352,,,False,FALLEN
500,50,15,0.75,0.0018375,half_50ms,0.18,False,0,0.0,,,0.352,,,False,FALLEN
500,100,15,0.75,0.0018375,half_50ms,0.18,False,0,1.2010710846860206,,,0.352,,,True,FALLEN
500,200,15,0.75,0.0018375,half_50ms,0.18,False,0,1.8011218093684391,,0.464,0.352,16.0,0.0,True,FALLEN
500,350,15,0.75,0.0018375,half_50ms,0.18,False,0,1.8011218093684391,,0.464,0.352,16.0,0.0,True,FALLEN
500,500,15,0.75,0.0018375,half_50ms,0.18,False,0,1.8011218093684391,,0.464,0.352,16.0,0.0,True,FALLEN
550,20,5,0.75,0.0018375,half_50ms,0.18,False,0,0.0,,,0.52,,,False,FALLEN
550,50,5,0.75,0.0018375,half_50ms,0.18,False,0,0.0,,,0.52,,,False,FALLEN
550,100,5,0.75,0.0018375,half_50ms,0.18,False,0,1.5960811159822264,,,0.52,,,True,FALLEN
550,200,5,0.75,0.0018375,half_50ms,0.18,False,16.0,32.0,0.886,,0.52,,,True,FALLEN
550,350,5,0.75,0.0018375,half_50ms,0.18,False,4.886567223163074,20.886567223163073,0.8180000000000001,0.772,0.52,2.8333686490519296,4.289786806457528,False,BALANCING
550,500,5,0.75,0.0018375,half_50ms,0.18,False,4.886567223163074,20.886567223163073,0.8180000000000001,0.772,0.52,2.8333686490519296,4.289786806457528,False,BALANCING
550,20,10,0.75,0.0018375,half_50ms,0.18,False,0,0.0,,,0.52,,,False,FALLEN
550,50,10,0.75,0.0018375,half_50ms,0.18,False,0,0.0,,,0.52,,,False,FALLEN
550,100,10,0.75,0.0018375,half_50ms,0.18,False,0,1.5960811159822264,,,0.52,,,True,FALLEN
550,200,10,0.75,0.0018375,half_50ms,0.18,False,2.0038025154799346,18.003802515479933,2.2640000000000002,0.718,0.52,2.0038025154799346,0.8779218281536958,False,BALANCING
550,350,10,0.75,0.0018375,half_50ms,0.18,False,2.0038025154799346,18.003802515479933,2.2640000000000002,0.718,0.52,2.0038025154799346,0.8779218281536958,False,BALANCING
550,500,10,0.75,0.0018375,half_50ms,0.18,False,2.0038025154799346,18.003802515479933,2.2640000000000002,0.718,0.52,2.0038025154799346,0.8779218281536958,False,BALANCING
550,20,15,0.75,0.0018375,half_50ms,0.18,False,0,0.0,,,0.52,,,False,FALLEN
550,50,15,0.75,0.0018375,half_50ms,0.18,False,0,0.0,,,0.52,,,False,FALLEN
550,100,15,0.75,0.0018375,half_50ms,0.18,False,0,1.5960811159822264,,,0.52,,,True,FALLEN
550,200,15,0.75,0.0018375,half_50ms,0.18,False,0,1.9662661643707793,,0.628,0.52,16.0,0.0,True,FALLEN
550,350,15,0.75,0.0018375,half_50ms,0.18,False,0,1.9662661643707793,,0.628,0.52,16.0,0.0,True,FALLEN
550,500,15,0.75,0.0018375,half_50ms,0.18,False,0,1.9662661643707793,,0.628,0.52,16.0,0.0,True,FALLEN
580,20,5,0.75,0.0018375,half_50ms,0.18,False,0,0.0,,,0.982,,,False,FALLEN
580,50,5,0.75,0.0018375,half_50ms,0.18,False,0,0.0,,,0.982,,,False,FALLEN
580,100,5,0.75,0.0018375,half_50ms,0.18,False,0,1.6735380596023717,,,0.982,,,True,FALLEN
580,200,5,0.75,0.0018375,half_50ms,0.18,False,16.0,32.0,1.312,,0.982,,,True,FALLEN
580,350,5,0.75,0.0018375,half_50ms,0.18,False,16.0,32.0,1.272,1.226,0.982,16.0,0.0,True,FALLEN
580,500,5,0.75,0.0018375,half_50ms,0.18,False,16.0,32.0,1.272,1.226,0.982,16.0,0.0,True,FALLEN
580,20,10,0.75,0.0018375,half_50ms,0.18,False,0,0.0,,,0.982,,,False,FALLEN
580,50,10,0.75,0.0018375,half_50ms,0.18,False,0,0.0,,,0.982,,,False,FALLEN
580,100,10,0.75,0.0018375,half_50ms,0.18,False,0,1.6735380596023717,,,0.982,,,True,FALLEN
580,200,10,0.75,0.0018375,half_50ms,0.18,True,1.7964584539275117,17.79645845392751,2.836,1.174,0.982,1.7964584539275117,0.645847908525564,False,BALANCING
580,350,10,0.75,0.0018375,half_50ms,0.18,True,1.7964584539275117,17.79645845392751,2.836,1.174,0.982,1.7964584539275117,0.645847908525564,False,BALANCING
580,500,10,0.75,0.0018375,half_50ms,0.18,True,1.7964584539275117,17.79645845392751,2.836,1.174,0.982,1.7964584539275117,0.645847908525564,False,BALANCING
580,20,15,0.75,0.0018375,half_50ms,0.18,False,0,0.0,,,0.982,,,False,FALLEN
580,50,15,0.75,0.0018375,half_50ms,0.18,False,0,0.0,,,0.982,,,False,FALLEN
580,100,15,0.75,0.0018375,half_50ms,0.18,False,0,1.6735380596023717,,,0.982,,,True,FALLEN
580,200,15,0.75,0.0018375,half_50ms,0.18,False,0,3.6679056233972567,,1.09,0.982,16.0,0.0,True,FALLEN
580,350,15,0.75,0.0018375,half_50ms,0.18,False,0,3.6679056233972567,,1.09,0.982,16.0,0.0,True,FALLEN
580,500,15,0.75,0.0018375,half_50ms,0.18,False,0,3.6679056233972567,,1.09,0.982,16.0,0.0,True,FALLEN
100,20,5,1.0,0.00245,nominal,0.18,False,0,0.9635552380369674,,,0.034,,,True,FALLEN
100,50,5,1.0,0.00245,nominal,0.18,False,0,4.979280435620391,,,0.034,,,True,FALLEN
100,100,5,1.0,0.00245,nominal,0.18,False,16.0,32.0,0.22,,0.034,,,True,FALLEN
100,200,5,1.0,0.00245,nominal,0.18,True,0.2787469297467898,16.27874692974679,0.776,0.162,0.034,0.21794201985160888,0.1386616949723677,False,BALANCING
100,350,5,1.0,0.00245,nominal,0.18,True,0.2787469297467898,16.27874692974679,0.776,0.162,0.034,0.21794201985160888,0.1386616949723677,False,BALANCING
100,500,5,1.0,0.00245,nominal,0.18,True,0.2787469297467898,16.27874692974679,0.776,0.162,0.034,0.21794201985160888,0.1386616949723677,False,BALANCING
100,20,10,1.0,0.00245,nominal,0.18,False,0,0.9635552380369674,,,0.034,,,True,FALLEN
100,50,10,1.0,0.00245,nominal,0.18,False,0,4.979280435620391,,,0.034,,,True,FALLEN
100,100,10,1.0,0.00245,nominal,0.18,True,1.761266558705136,17.761266558705135,1.232,0.128,0.034,1.6971441449109497,0.8157987843360717,False,BALANCING
100,200,10,1.0,0.00245,nominal,0.18,True,1.761266558705136,17.761266558705135,1.232,0.128,0.034,1.6971441449109497,0.8157987843360717,False,BALANCING
100,350,10,1.0,0.00245,nominal,0.18,True,1.761266558705136,17.761266558705135,1.232,0.128,0.034,1.6971441449109497,0.8157987843360717,False,BALANCING
100,500,10,1.0,0.00245,nominal,0.18,True,1.761266558705136,17.761266558705135,1.232,0.128,0.034,1.6971441449109497,0.8157987843360717,False,BALANCING
100,20,15,1.0,0.00245,nominal,0.18,False,0,0.9635552380369674,,,0.034,,,True,FALLEN
100,50,15,1.0,0.00245,nominal,0.18,False,0,12.894572449382709,,0.07200000000000001,0.034,16.0,0.0,True,FALLEN
100,100,15,1.0,0.00245,nominal,0.18,False,0,12.894572449382709,,0.07200000000000001,0.034,16.0,0.0,True,FALLEN
100,200,15,1.0,0.00245,nominal,0.18,False,0,12.894572449382709,,0.07200000000000001,0.034,16.0,0.0,True,FALLEN
100,350,15,1.0,0.00245,nominal,0.18,False,0,12.894572449382709,,0.07200000000000001,0.034,16.0,0.0,True,FALLEN
100,500,15,1.0,0.00245,nominal,0.18,False,0,12.894572449382709,,0.07200000000000001,0.034,16.0,0.0,True,FALLEN
150,20,5,1.0,0.00245,nominal,0.18,False,0,1.2155346833875864,,,0.054,,,True,FALLEN
150,50,5,1.0,0.00245,nominal,0.18,False,0,6.549964814728348,,,0.054,,,True,FALLEN
150,100,5,1.0,0.00245,nominal,0.18,False,16.0,32.0,0.218,,0.054,,,True,FALLEN
150,200,5,1.0,0.00245,nominal,0.18,True,0.4670085301544666,16.467008530154466,0.224,0.17400000000000002,0.054,0.19155385770844544,0.11038944204214288,False,BALANCING
150,350,5,1.0,0.00245,nominal,0.18,True,0.4670085301544666,16.467008530154466,0.224,0.17400000000000002,0.054,0.19155385770844544,0.11038944204214288,False,BALANCING
150,500,5,1.0,0.00245,nominal,0.18,True,0.4670085301544666,16.467008530154466,0.224,0.17400000000000002,0.054,0.19155385770844544,0.11038944204214288,False,BALANCING
150,20,10,1.0,0.00245,nominal,0.18,False,0,1.2155346833875864,,,0.054,,,True,FALLEN
150,50,10,1.0,0.00245,nominal,0.18,False,0,6.549964814728348,,,0.054,,,True,FALLEN
150,100,10,1.0,0.00245,nominal,0.18,True,1.4588542528941237,17.458854252894124,1.346,0.14200000000000002,0.054,1.4360096900241026,0.6382084184371776,False,BALANCING
150,200,10,1.0,0.00245,nominal,0.18,True,1.4588542528941237,17.458854252894124,1.346,0.14200000000000002,0.054,1.4360096900241026,0.6382084184371776,False,BALANCING
150,350,10,1.0,0.00245,nominal,0.18,True,1.4588542528941237,17.458854252894124,1.346,0.14200000000000002,0.054,1.4360096900241026,0.6382084184371776,False,BALANCING
150,500,10,1.0,0.00245,nominal,0.18,True,1.4588542528941237,17.458854252894124,1.346,0.14200000000000002,0.054,1.4360096900241026,0.6382084184371776,False,BALANCING
150,20,15,1.0,0.00245,nominal,0.18,False,0,1.2155346833875864,,,0.054,,,True,FALLEN
150,50,15,1.0,0.00245,nominal,0.18,False,0,14.681536393412621,,0.09,0.054,16.0,0.0,True,FALLEN
150,100,15,1.0,0.00245,nominal,0.18,False,0,14.681536393412621,,0.09,0.054,16.0,0.0,True,FALLEN
150,200,15,1.0,0.00245,nominal,0.18,False,0,14.681536393412621,,0.09,0.054,16.0,0.0,True,FALLEN
150,350,15,1.0,0.00245,nominal,0.18,False,0,14.681536393412621,,0.09,0.054,16.0,0.0,True,FALLEN
150,500,15,1.0,0.00245,nominal,0.18,False,0,14.681536393412621,,0.09,0.054,16.0,0.0,True,FALLEN
200,20,5,1.0,0.00245,nominal,0.18,False,0,1.2416713228216878,,,0.076,,,True,FALLEN
200,50,5,1.0,0.00245,nominal,0.18,False,0,8.830928903272001,,,0.076,,,True,FALLEN
200,100,5,1.0,0.00245,nominal,0.18,False,16.0,32.0,0.224,,0.076,,,True,FALLEN
200,200,5,1.0,0.00245,nominal,0.18,True,1.6705249804235396,17.67052498042354,0.228,0.19,0.076,0.6727489283722424,0.38789584268784966,False,BALANCING
200,350,5,1.0,0.00245,nominal,0.18,True,1.6705249804235396,17.67052498042354,0.228,0.19,0.076,0.6727489283722424,0.38789584268784966,False,BALANCING
200,500,5,1.0,0.00245,nominal,0.18,True,1.6705249804235396,17.67052498042354,0.228,0.19,0.076,0.6727489283722424,0.38789584268784966,False,BALANCING
200,20,10,1.0,0.00245,nominal,0.18,False,0,1.2416713228216878,,,0.076,,,True,FALLEN
200,50,10,1.0,0.00245,nominal,0.18,False,0,8.830928903272001,,,0.076,,,True,FALLEN
200,100,10,1.0,0.00245,nominal,0.18,True,1.125037920062299,17.125037920062297,1.496,0.16,0.076,1.1237125436163333,0.4395583738699198,False,BALANCING
200,200,10,1.0,0.00245,nominal,0.18,True,1.125037920062299,17.125037920062297,1.496,0.16,0.076,1.1237125436163333,0.4395583738699198,False,BALANCING
200,350,10,1.0,0.00245,nominal,0.18,True,1.125037920062299,17.125037920062297,1.496,0.16,0.076,1.1237125436163333,0.4395583738699198,False,BALANCING
200,500,10,1.0,0.00245,nominal,0.18,True,1.125037920062299,17.125037920062297,1.496,0.16,0.076,1.1237125436163333,0.4395583738699198,False,BALANCING
200,20,15,1.0,0.00245,nominal,0.18,False,0,1.2416713228216878,,,0.076,,,True,FALLEN
200,50,15,1.0,0.00245,nominal,0.18,False,2.7767305629395427,18.77673056293954,1.3760000000000001,0.11,0.076,2.7572619528470357,1.15942827297526,False,BALANCING
200,100,15,1.0,0.00245,nominal,0.18,False,2.7767305629395427,18.77673056293954,1.3760000000000001,0.11,0.076,2.7572619528470357,1.15942827297526,False,BALANCING
200,200,15,1.0,0.00245,nominal,0.18,False,2.7767305629395427,18.77673056293954,1.3760000000000001,0.11,0.076,2.7572619528470357,1.15942827297526,False,BALANCING
200,350,15,1.0,0.00245,nominal,0.18,False,2.7767305629395427,18.77673056293954,1.3760000000000001,0.11,0.076,2.7572619528470357,1.15942827297526,False,BALANCING
200,500,15,1.0,0.00245,nominal,0.18,False,2.7767305629395427,18.77673056293954,1.3760000000000001,0.11,0.076,2.7572619528470357,1.15942827297526,False,BALANCING
250,20,5,1.0,0.00245,nominal,0.18,False,0,1.8996318013962394,,,0.10200000000000001,,,True,FALLEN
250,50,5,1.0,0.00245,nominal,0.18,False,16.0,32.0,0.41000000000000003,,0.10200000000000001,,,True,FALLEN
250,100,5,1.0,0.00245,nominal,0.18,False,16.0,32.0,0.24,,0.10200000000000001,,,True,FALLEN
250,200,5,1.0,0.00245,nominal,0.18,True,2.9599480361642265,18.959948036164228,0.242,0.21,0.10200000000000001,1.1820522130127316,0.6778982740262979,False,BALANCING
250,350,5,1.0,0.00245,nominal,0.18,True,2.9599480361642265,18.959948036164228,0.242,0.21,0.10200000000000001,1.1820522130127316,0.6778982740262979,False,BALANCING
250,500,5,1.0,0.00245,nominal,0.18,True,2.9599480361642265,18.959948036164228,0.242,0.21,0.10200000000000001,1.1820522130127316,0.6778982740262979,False,BALANCING
250,20,10,1.0,0.00245,nominal,0.18,False,0,1.8996318013962394,,,0.10200000000000001,,,True,FALLEN
250,50,10,1.0,0.00245,nominal,0.18,False,16.0,32.0,0.41000000000000003,,0.10200000000000001,,,True,FALLEN
250,100,10,1.0,0.00245,nominal,0.18,True,0.8105681599651199,16.81056815996512,1.714,0.182,0.10200000000000001,0.8105681599651199,0.2346358206030099,False,BALANCING
250,200,10,1.0,0.00245,nominal,0.18,True,0.8105681599651199,16.81056815996512,1.714,0.182,0.10200000000000001,0.8105681599651199,0.2346358206030099,False,BALANCING
250,350,10,1.0,0.00245,nominal,0.18,True,0.8105681599651199,16.81056815996512,1.714,0.182,0.10200000000000001,0.8105681599651199,0.2346358206030099,False,BALANCING
250,500,10,1.0,0.00245,nominal,0.18,True,0.8105681599651199,16.81056815996512,1.714,0.182,0.10200000000000001,0.8105681599651199,0.2346358206030099,False,BALANCING
250,20,15,1.0,0.00245,nominal,0.18,False,0,1.8996318013962394,,,0.10200000000000001,,,True,FALLEN
250,50,15,1.0,0.00245,nominal,0.18,False,2.6039399783988797,18.60393997839888,1.454,0.134,0.10200000000000001,2.5986464713298876,1.0331256714264136,False,BALANCING
250,100,15,1.0,0.00245,nominal,0.18,False,2.6039399783988797,18.60393997839888,1.454,0.134,0.10200000000000001,2.5986464713298876,1.0331256714264136,False,BALANCING
250,200,15,1.0,0.00245,nominal,0.18,False,2.6039399783988797,18.60393997839888,1.454,0.134,0.10200000000000001,2.5986464713298876,1.0331256714264136,False,BALANCING
250,350,15,1.0,0.00245,nominal,0.18,False,2.6039399783988797,18.60393997839888,1.454,0.134,0.10200000000000001,2.5986464713298876,1.0331256714264136,False,BALANCING
250,500,15,1.0,0.00245,nominal,0.18,False,2.6039399783988797,18.60393997839888,1.454,0.134,0.10200000000000001,2.5986464713298876,1.0331256714264136,False,BALANCING
300,20,5,1.0,0.00245,nominal,0.18,False,0,2.377244430605332,,,0.132,,,True,FALLEN
300,50,5,1.0,0.00245,nominal,0.18,False,16.0,32.0,0.34800000000000003,,0.132,,,True,FALLEN
300,100,5,1.0,0.00245,nominal,0.18,False,16.0,32.0,0.262,,0.132,,,True,FALLEN
300,200,5,1.0,0.00245,nominal,0.18,True,5.100835519291013,21.100835519291014,0.264,0.23600000000000002,0.132,1.9226483350708243,1.0700010876192292,False,BALANCING
300,350,5,1.0,0.00245,nominal,0.18,True,5.100835519291013,21.100835519291014,0.264,0.23600000000000002,0.132,1.9226483350708243,1.0700010876192292,False,BALANCING
300,500,5,1.0,0.00245,nominal,0.18,True,5.100835519291013,21.100835519291014,0.264,0.23600000000000002,0.132,1.9226483350708243,1.0700010876192292,False,BALANCING
300,20,10,1.0,0.00245,nominal,0.18,False,0,2.377244430605332,,,0.132,,,True,FALLEN
300,50,10,1.0,0.00245,nominal,0.18,False,16.0,32.0,0.34800000000000003,,0.132,,,True,FALLEN
300,100,10,1.0,0.00245,nominal,0.18,True,0.5540445293070598,16.55404452930706,2.028,0.20800000000000002,0.132,0.5540445293070598,0.3291153432351893,False,BALANCING
300,200,10,1.0,0.00245,nominal,0.18,True,0.5540445293070598,16.55404452930706,2.028,0.20800000000000002,0.132,0.5540445293070598,0.3291153432351893,False,BALANCING
300,350,10,1.0,0.00245,nominal,0.18,True,0.5540445293070598,16.55404452930706,2.028,0.20800000000000002,0.132,0.5540445293070598,0.3291153432351893,False,BALANCING
300,500,10,1.0,0.00245,nominal,0.18,True,0.5540445293070598,16.55404452930706,2.028,0.20800000000000002,0.132,0.5540445293070598,0.3291153432351893,False,BALANCING
300,20,15,1.0,0.00245,nominal,0.18,False,0,2.377244430605332,,,0.132,,,True,FALLEN
300,50,15,1.0,0.00245,nominal,0.18,False,2.399128989848185,18.399128989848187,1.544,0.164,0.132,2.3991145272749024,0.8905228945136284,False,BALANCING
300,100,15,1.0,0.00245,nominal,0.18,False,2.399128989848185,18.399128989848187,1.544,0.164,0.132,2.3991145272749024,0.8905228945136284,False,BALANCING
300,200,15,1.0,0.00245,nominal,0.18,False,2.399128989848185,18.399128989848187,1.544,0.164,0.132,2.3991145272749024,0.8905228945136284,False,BALANCING
300,350,15,1.0,0.00245,nominal,0.18,False,2.399128989848185,18.399128989848187,1.544,0.164,0.132,2.3991145272749024,0.8905228945136284,False,BALANCING
300,500,15,1.0,0.00245,nominal,0.18,False,2.399128989848185,18.399128989848187,1.544,0.164,0.132,2.3991145272749024,0.8905228945136284,False,BALANCING
350,20,5,1.0,0.00245,nominal,0.18,False,0,2.959968078972066,,,0.166,,,True,FALLEN
350,50,5,1.0,0.00245,nominal,0.18,False,16.0,32.0,0.35000000000000003,,0.166,,,True,FALLEN
350,100,5,1.0,0.00245,nominal,0.18,False,16.0,32.0,0.292,0.266,0.166,16.0,0.0,True,FALLEN
350,200,5,1.0,0.00245,nominal,0.18,False,16.0,32.0,0.292,0.266,0.166,16.0,0.0,True,FALLEN
350,350,5,1.0,0.00245,nominal,0.18,False,16.0,32.0,0.292,0.266,0.166,16.0,0.0,True,FALLEN
350,500,5,1.0,0.00245,nominal,0.18,False,16.0,32.0,0.292,0.266,0.166,16.0,0.0,True,FALLEN
350,20,10,1.0,0.00245,nominal,0.18,False,0,2.959968078972066,,,0.166,,,True,FALLEN
350,50,10,1.0,0.00245,nominal,0.18,False,16.0,32.0,0.35000000000000003,,0.166,,,True,FALLEN
350,100,10,1.0,0.00245,nominal,0.18,True,0.3618718225496353,16.361871822549634,2.424,0.23800000000000002,0.166,0.3618718225496353,0.5051651007884743,False,BALANCING
350,200,10,1.0,0.00245,nominal,0.18,True,0.3618718225496353,16.361871822549634,2.424,0.23800000000000002,0.166,0.3618718225496353,0.5051651007884743,False,BALANCING
350,350,10,1.0,0.00245,nominal,0.18,True,0.3618718225496353,16.361871822549634,2.424,0.23800000000000002,0.166,0.3618718225496353,0.5051651007884743,False,BALANCING
350,500,10,1.0,0.00245,nominal,0.18,True,0.3618718225496353,16.361871822549634,2.424,0.23800000000000002,0.166,0.3618718225496353,0.5051651007884743,False,BALANCING
350,20,15,1.0,0.00245,nominal,0.18,False,0,2.959968078972066,,,0.166,,,True,FALLEN
350,50,15,1.0,0.00245,nominal,0.18,False,2.258282573007889,18.25828257300789,1.6340000000000001,0.196,0.166,2.258282573007889,0.7739126780076178,False,BALANCING
350,100,15,1.0,0.00245,nominal,0.18,False,2.258282573007889,18.25828257300789,1.6340000000000001,0.196,0.166,2.258282573007889,0.7739126780076178,False,BALANCING
350,200,15,1.0,0.00245,nominal,0.18,False,2.258282573007889,18.25828257300789,1.6340000000000001,0.196,0.166,2.258282573007889,0.7739126780076178,False,BALANCING
350,350,15,1.0,0.00245,nominal,0.18,False,2.258282573007889,18.25828257300789,1.6340000000000001,0.196,0.166,2.258282573007889,0.7739126780076178,False,BALANCING
350,500,15,1.0,0.00245,nominal,0.18,False,2.258282573007889,18.25828257300789,1.6340000000000001,0.196,0.166,2.258282573007889,0.7739126780076178,False,BALANCING
400,20,5,1.0,0.00245,nominal,0.18,False,0,3.035945143060566,,,0.21,,,True,FALLEN
400,50,5,1.0,0.00245,nominal,0.18,False,16.0,32.0,0.382,,0.21,,,True,FALLEN
400,100,5,1.0,0.00245,nominal,0.18,False,16.0,32.0,0.33,0.306,0.21,16.0,0.0,True,FALLEN
400,200,5,1.0,0.00245,nominal,0.18,False,16.0,32.0,0.33,0.306,0.21,16.0,0.0,True,FALLEN
400,350,5,1.0,0.00245,nominal,0.18,False,16.0,32.0,0.33,0.306,0.21,16.0,0.0,True,FALLEN
400,500,5,1.0,0.00245,nominal,0.18,False,16.0,32.0,0.33,0.306,0.21,16.0,0.0,True,FALLEN
400,20,10,1.0,0.00245,nominal,0.18,False,0,3.035945143060566,,,0.21,,,True,FALLEN
400,50,10,1.0,0.00245,nominal,0.18,False,16.0,32.0,0.382,,0.21,,,True,FALLEN
400,100,10,1.0,0.00245,nominal,0.18,True,0.0033458142980241474,16.003345814298026,3.274,0.28,0.21,0.28432065070500717,0.731643610686028,False,BALANCING
400,200,10,1.0,0.00245,nominal,0.18,True,0.0033458142980241474,16.003345814298026,3.274,0.28,0.21,0.28432065070500717,0.731643610686028,False,BALANCING
400,350,10,1.0,0.00245,nominal,0.18,True,0.0033458142980241474,16.003345814298026,3.274,0.28,0.21,0.28432065070500717,0.731643610686028,False,BALANCING
400,500,10,1.0,0.00245,nominal,0.18,True,0.0033458142980241474,16.003345814298026,3.274,0.28,0.21,0.28432065070500717,0.731643610686028,False,BALANCING
400,20,15,1.0,0.00245,nominal,0.18,False,0,3.035945143060566,,,0.21,,,True,FALLEN
400,50,15,1.0,0.00245,nominal,0.18,False,2.0603163184042903,18.06031631840429,1.75,0.24,0.21,2.0603163184042903,0.6258435519863174,False,BALANCING
400,100,15,1.0,0.00245,nominal,0.18,False,2.0603163184042903,18.06031631840429,1.75,0.24,0.21,2.0603163184042903,0.6258435519863174,False,BALANCING
400,200,15,1.0,0.00245,nominal,0.18,False,2.0603163184042903,18.06031631840429,1.75,0.24,0.21,2.0603163184042903,0.6258435519863174,False,BALANCING
400,350,15,1.0,0.00245,nominal,0.18,False,2.0603163184042903,18.06031631840429,1.75,0.24,0.21,2.0603163184042903,0.6258435519863174,False,BALANCING
400,500,15,1.0,0.00245,nominal,0.18,False,2.0603163184042903,18.06031631840429,1.75,0.24,0.21,2.0603163184042903,0.6258435519863174,False,BALANCING
450,20,5,1.0,0.00245,nominal,0.18,False,0,3.917511737255923,,,0.268,,,True,FALLEN
450,50,5,1.0,0.00245,nominal,0.18,False,16.0,32.0,0.418,,0.268,,,True,FALLEN
450,100,5,1.0,0.00245,nominal,0.18,False,16.0,32.0,0.384,0.36,0.268,16.0,0.0,True,FALLEN
450,200,5,1.0,0.00245,nominal,0.18,False,16.0,32.0,0.384,0.36,0.268,16.0,0.0,True,FALLEN
450,350,5,1.0,0.00245,nominal,0.18,False,16.0,32.0,0.384,0.36,0.268,16.0,0.0,True,FALLEN
450,500,5,1.0,0.00245,nominal,0.18,False,16.0,32.0,0.384,0.36,0.268,16.0,0.0,True,FALLEN
450,20,10,1.0,0.00245,nominal,0.18,False,0,3.917511737255923,,,0.268,,,True,FALLEN
450,50,10,1.0,0.00245,nominal,0.18,False,16.0,32.0,0.418,,0.268,,,True,FALLEN
450,100,10,1.0,0.00245,nominal,0.18,True,0,15.561022474575411,,0.336,0.268,0.8726738193355814,0.9538911344795423,False,BALANCING
450,200,10,1.0,0.00245,nominal,0.18,True,0,15.561022474575411,,0.336,0.268,0.8726738193355814,0.9538911344795423,False,BALANCING
450,350,10,1.0,0.00245,nominal,0.18,True,0,15.561022474575411,,0.336,0.268,0.8726738193355814,0.9538911344795423,False,BALANCING
450,500,10,1.0,0.00245,nominal,0.18,True,0,15.561022474575411,,0.336,0.268,0.8726738193355814,0.9538911344795423,False,BALANCING
450,20,15,1.0,0.00245,nominal,0.18,False,0,3.917511737255923,,,0.268,,,True,FALLEN
450,50,15,1.0,0.00245,nominal,0.18,True,1.9306349556995765,17.930634955699578,1.874,0.296,0.268,1.9306349556995765,0.5035255542994019,False,BALANCING
450,100,15,1.0,0.00245,nominal,0.18,True,1.9306349556995765,17.930634955699578,1.874,0.296,0.268,1.9306349556995765,0.5035255542994019,False,BALANCING
450,200,15,1.0,0.00245,nominal,0.18,True,1.9306349556995765,17.930634955699578,1.874,0.296,0.268,1.9306349556995765,0.5035255542994019,False,BALANCING
450,350,15,1.0,0.00245,nominal,0.18,True,1.9306349556995765,17.930634955699578,1.874,0.296,0.268,1.9306349556995765,0.5035255542994019,False,BALANCING
450,500,15,1.0,0.00245,nominal,0.18,True,1.9306349556995765,17.930634955699578,1.874,0.296,0.268,1.9306349556995765,0.5035255542994019,False,BALANCING
500,20,5,1.0,0.00245,nominal,0.18,False,0,5.264077010298209,,,0.352,,,True,FALLEN
500,50,5,1.0,0.00245,nominal,0.18,False,16.0,32.0,0.496,,0.352,,,True,FALLEN
500,100,5,1.0,0.00245,nominal,0.18,False,16.0,32.0,0.464,0.442,0.352,16.0,0.0,True,FALLEN
500,200,5,1.0,0.00245,nominal,0.18,False,16.0,32.0,0.464,0.442,0.352,16.0,0.0,True,FALLEN
500,350,5,1.0,0.00245,nominal,0.18,False,16.0,32.0,0.464,0.442,0.352,16.0,0.0,True,FALLEN
500,500,5,1.0,0.00245,nominal,0.18,False,16.0,32.0,0.464,0.442,0.352,16.0,0.0,True,FALLEN
500,20,10,1.0,0.00245,nominal,0.18,False,0,5.264077010298209,,,0.352,,,True,FALLEN
500,50,10,1.0,0.00245,nominal,0.18,False,16.0,32.0,0.496,,0.352,,,True,FALLEN
500,100,10,1.0,0.00245,nominal,0.18,True,1.1518050616224602,17.15180506162246,0.51,0.418,0.352,1.6035186941425505,1.2055749176003827,False,BALANCING
500,200,10,1.0,0.00245,nominal,0.18,True,1.1518050616224602,17.15180506162246,0.51,0.418,0.352,1.6035186941425505,1.2055749176003827,False,BALANCING
500,350,10,1.0,0.00245,nominal,0.18,True,1.1518050616224602,17.15180506162246,0.51,0.418,0.352,1.6035186941425505,1.2055749176003827,False,BALANCING
500,500,10,1.0,0.00245,nominal,0.18,True,1.1518050616224602,17.15180506162246,0.51,0.418,0.352,1.6035186941425505,1.2055749176003827,False,BALANCING
500,20,15,1.0,0.00245,nominal,0.18,False,0,5.264077010298209,,,0.352,,,True,FALLEN
500,50,15,1.0,0.00245,nominal,0.18,True,1.7391879383180562,17.739187938318057,2.0420000000000003,0.38,0.352,1.7391879383180562,0.6027649115257123,False,BALANCING
500,100,15,1.0,0.00245,nominal,0.18,True,1.7391879383180562,17.739187938318057,2.0420000000000003,0.38,0.352,1.7391879383180562,0.6027649115257123,False,BALANCING
500,200,15,1.0,0.00245,nominal,0.18,True,1.7391879383180562,17.739187938318057,2.0420000000000003,0.38,0.352,1.7391879383180562,0.6027649115257123,False,BALANCING
500,350,15,1.0,0.00245,nominal,0.18,True,1.7391879383180562,17.739187938318057,2.0420000000000003,0.38,0.352,1.7391879383180562,0.6027649115257123,False,BALANCING
500,500,15,1.0,0.00245,nominal,0.18,True,1.7391879383180562,17.739187938318057,2.0420000000000003,0.38,0.352,1.7391879383180562,0.6027649115257123,False,BALANCING
550,20,5,1.0,0.00245,nominal,0.18,False,0,8.456558622366494,,,0.52,,,True,FALLEN
550,50,5,1.0,0.00245,nominal,0.18,False,16.0,32.0,0.654,,0.52,,,True,FALLEN
550,100,5,1.0,0.00245,nominal,0.18,False,16.0,32.0,0.628,0.606,0.52,16.0,0.0,True,FALLEN
550,200,5,1.0,0.00245,nominal,0.18,False,16.0,32.0,0.628,0.606,0.52,16.0,0.0,True,FALLEN
550,350,5,1.0,0.00245,nominal,0.18,False,16.0,32.0,0.628,0.606,0.52,16.0,0.0,True,FALLEN
550,500,5,1.0,0.00245,nominal,0.18,False,16.0,32.0,0.628,0.606,0.52,16.0,0.0,True,FALLEN
550,20,10,1.0,0.00245,nominal,0.18,False,0,8.456558622366494,,,0.52,,,True,FALLEN
550,50,10,1.0,0.00245,nominal,0.18,False,16.0,32.0,0.654,,0.52,,,True,FALLEN
550,100,10,1.0,0.00245,nominal,0.18,False,16.0,32.0,0.66,0.584,0.52,16.0,0.0,True,FALLEN
550,200,10,1.0,0.00245,nominal,0.18,False,16.0,32.0,0.66,0.584,0.52,16.0,0.0,True,FALLEN
550,350,10,1.0,0.00245,nominal,0.18,False,16.0,32.0,0.66,0.584,0.52,16.0,0.0,True,FALLEN
550,500,10,1.0,0.00245,nominal,0.18,False,16.0,32.0,0.66,0.584,0.52,16.0,0.0,True,FALLEN
550,20,15,1.0,0.00245,nominal,0.18,False,0,8.456558622366494,,,0.52,,,True,FALLEN
550,50,15,1.0,0.00245,nominal,0.18,True,1.5347604652571454,17.534760465257147,2.312,0.548,0.52,1.5347604652571454,0.7706651098450052,False,BALANCING
550,100,15,1.0,0.00245,nominal,0.18,True,1.5347604652571454,17.534760465257147,2.312,0.548,0.52,1.5347604652571454,0.7706651098450052,False,BALANCING
550,200,15,1.0,0.00245,nominal,0.18,True,1.5347604652571454,17.534760465257147,2.312,0.548,0.52,1.5347604652571454,0.7706651098450052,False,BALANCING
550,350,15,1.0,0.00245,nominal,0.18,True,1.5347604652571454,17.534760465257147,2.312,0.548,0.52,1.5347604652571454,0.7706651098450052,False,BALANCING
550,500,15,1.0,0.00245,nominal,0.18,True,1.5347604652571454,17.534760465257147,2.312,0.548,0.52,1.5347604652571454,0.7706651098450052,False,BALANCING
580,20,5,1.0,0.00245,nominal,0.18,False,16.0,32.0,1.4020000000000001,,0.982,,,True,FALLEN
580,50,5,1.0,0.00245,nominal,0.18,False,16.0,32.0,1.112,,0.982,,,True,FALLEN
580,100,5,1.0,0.00245,nominal,0.18,False,16.0,32.0,1.088,1.068,0.982,16.0,0.0,True,FALLEN
580,200,5,1.0,0.00245,nominal,0.18,False,16.0,32.0,1.088,1.068,0.982,16.0,0.0,True,FALLEN
580,350,5,1.0,0.00245,nominal,0.18,False,16.0,32.0,1.088,1.068,0.982,16.0,0.0,True,FALLEN
580,500,5,1.0,0.00245,nominal,0.18,False,16.0,32.0,1.088,1.068,0.982,16.0,0.0,True,FALLEN
580,20,10,1.0,0.00245,nominal,0.18,False,16.0,32.0,1.4020000000000001,,0.982,,,True,FALLEN
580,50,10,1.0,0.00245,nominal,0.18,False,16.0,32.0,1.112,,0.982,,,True,FALLEN
580,100,10,1.0,0.00245,nominal,0.18,False,16.0,32.0,1.118,1.044,0.982,16.0,0.0,True,FALLEN
580,200,10,1.0,0.00245,nominal,0.18,False,16.0,32.0,1.118,1.044,0.982,16.0,0.0,True,FALLEN
580,350,10,1.0,0.00245,nominal,0.18,False,16.0,32.0,1.118,1.044,0.982,16.0,0.0,True,FALLEN
580,500,10,1.0,0.00245,nominal,0.18,False,16.0,32.0,1.118,1.044,0.982,16.0,0.0,True,FALLEN
580,20,15,1.0,0.00245,nominal,0.18,False,16.0,32.0,1.4020000000000001,,0.982,,,True,FALLEN
580,50,15,1.0,0.00245,nominal,0.18,True,1.504860341084173,17.50486034108417,2.8120000000000003,1.008,0.982,1.504860341084173,0.8548274849601936,False,BALANCING
580,100,15,1.0,0.00245,nominal,0.18,True,1.504860341084173,17.50486034108417,2.8120000000000003,1.008,0.982,1.504860341084173,0.8548274849601936,False,BALANCING
580,200,15,1.0,0.00245,nominal,0.18,True,1.504860341084173,17.50486034108417,2.8120000000000003,1.008,0.982,1.504860341084173,0.8548274849601936,False,BALANCING
580,350,15,1.0,0.00245,nominal,0.18,True,1.504860341084173,17.50486034108417,2.8120000000000003,1.008,0.982,1.504860341084173,0.8548274849601936,False,BALANCING
580,500,15,1.0,0.00245,nominal,0.18,True,1.504860341084173,17.50486034108417,2.8120000000000003,1.008,0.982,1.504860341084173,0.8548274849601936,False,BALANCING
100,20,5,1.0,0.00245,half_20ms,0.18,False,0,0.0,,,0.034,,,False,FALLEN
100,50,5,1.0,0.00245,half_20ms,0.18,False,0,0.17801695621160896,,,0.034,,,True,FALLEN
100,100,5,1.0,0.00245,half_20ms,0.18,False,0,2.2364955721587805,,,0.034,,,True,FALLEN
100,200,5,1.0,0.00245,half_20ms,0.18,False,16.0,32.0,0.276,,0.034,,,True,FALLEN
100,350,5,1.0,0.00245,half_20ms,0.18,True,4.145635129011345,20.145635129011346,0.276,0.23600000000000002,0.034,0.9727873216236764,0.31044472336668294,False,BALANCING
100,500,5,1.0,0.00245,half_20ms,0.18,True,4.145635129011345,20.145635129011346,0.276,0.23600000000000002,0.034,0.9727873216236764,0.31044472336668294,False,BALANCING
100,20,10,1.0,0.00245,half_20ms,0.18,False,0,0.0,,,0.034,,,False,FALLEN
100,50,10,1.0,0.00245,half_20ms,0.18,False,0,0.17801695621160896,,,0.034,,,True,FALLEN
100,100,10,1.0,0.00245,half_20ms,0.18,False,0,2.2364955721587805,,,0.034,,,True,FALLEN
100,200,10,1.0,0.00245,half_20ms,0.18,True,1.6401055349522462,17.640105534952248,1.166,0.196,0.034,1.5178175780021859,0.796303497785051,False,BALANCING
100,350,10,1.0,0.00245,half_20ms,0.18,True,1.6401055349522462,17.640105534952248,1.166,0.196,0.034,1.5178175780021859,0.796303497785051,False,BALANCING
100,500,10,1.0,0.00245,half_20ms,0.18,True,1.6401055349522462,17.640105534952248,1.166,0.196,0.034,1.5178175780021859,0.796303497785051,False,BALANCING
100,20,15,1.0,0.00245,half_20ms,0.18,False,0,0.0,,,0.034,,,False,FALLEN
100,50,15,1.0,0.00245,half_20ms,0.18,False,0,0.17801695621160896,,,0.034,,,True,FALLEN
100,100,15,1.0,0.00245,half_20ms,0.18,False,0,11.1877166514352,,0.13,0.034,16.0,0.0,True,FALLEN
100,200,15,1.0,0.00245,half_20ms,0.18,False,0,11.1877166514352,,0.13,0.034,16.0,0.0,True,FALLEN
100,350,15,1.0,0.00245,half_20ms,0.18,False,0,11.1877166514352,,0.13,0.034,16.0,0.0,True,FALLEN
100,500,15,1.0,0.00245,half_20ms,0.18,False,0,11.1877166514352,,0.13,0.034,16.0,0.0,True,FALLEN
150,20,5,1.0,0.00245,half_20ms,0.18,False,0,0.0,,,0.054,,,False,FALLEN
150,50,5,1.0,0.00245,half_20ms,0.18,False,0,0.2835801552802586,,,0.054,,,True,FALLEN
150,100,5,1.0,0.00245,half_20ms,0.18,False,0,1.8127452734617773,,,0.054,,,True,FALLEN
150,200,5,1.0,0.00245,half_20ms,0.18,False,16.0,32.0,0.298,,0.054,,,True,FALLEN
150,350,5,1.0,0.00245,half_20ms,0.18,True,5.538168506535415,21.538168506535413,0.296,0.26,0.054,1.331982200031729,0.533278172162688,False,BALANCING
150,500,5,1.0,0.00245,half_20ms,0.18,True,5.538168506535415,21.538168506535413,0.296,0.26,0.054,1.331982200031729,0.533278172162688,False,BALANCING
150,20,10,1.0,0.00245,half_20ms,0.18,False,0,0.0,,,0.054,,,False,FALLEN
150,50,10,1.0,0.00245,half_20ms,0.18,False,0,0.2835801552802586,,,0.054,,,True,FALLEN
150,100,10,1.0,0.00245,half_20ms,0.18,False,0,1.8127452734617773,,,0.054,,,True,FALLEN
150,200,10,1.0,0.00245,half_20ms,0.18,True,1.3450607589239703,17.34506075892397,1.254,0.222,0.054,1.2703041479243542,0.6413518592788678,False,BALANCING
150,350,10,1.0,0.00245,half_20ms,0.18,True,1.3450607589239703,17.34506075892397,1.254,0.222,0.054,1.2703041479243542,0.6413518592788678,False,BALANCING
150,500,10,1.0,0.00245,half_20ms,0.18,True,1.3450607589239703,17.34506075892397,1.254,0.222,0.054,1.2703041479243542,0.6413518592788678,False,BALANCING
150,20,15,1.0,0.00245,half_20ms,0.18,False,0,0.0,,,0.054,,,False,FALLEN
150,50,15,1.0,0.00245,half_20ms,0.18,False,0,0.2835801552802586,,,0.054,,,True,FALLEN
150,100,15,1.0,0.00245,half_20ms,0.18,False,0,11.707461569418802,,0.14400000000000002,0.054,16.0,0.0,True,FALLEN
150,200,15,1.0,0.00245,half_20ms,0.18,False,0,11.707461569418802,,0.14400000000000002,0.054,16.0,0.0,True,FALLEN
150,350,15,1.0,0.00245,half_20ms,0.18,False,0,11.707461569418802,,0.14400000000000002,0.054,16.0,0.0,True,FALLEN
150,500,15,1.0,0.00245,half_20ms,0.18,False,0,11.707461569418802,,0.14400000000000002,0.054,16.0,0.0,True,FALLEN
200,20,5,1.0,0.00245,half_20ms,0.18,False,0,0.0,,,0.076,,,False,FALLEN
200,50,5,1.0,0.00245,half_20ms,0.18,False,0,0.376017934037737,,,0.076,,,True,FALLEN
200,100,5,1.0,0.00245,half_20ms,0.18,False,0,2.571389881644752,,,0.076,,,True,FALLEN
200,200,5,1.0,0.00245,half_20ms,0.18,False,16.0,32.0,0.322,,0.076,,,True,FALLEN
200,350,5,1.0,0.00245,half_20ms,0.18,True,7.047292355882838,23.04729235588284,0.318,0.28400000000000003,0.076,1.8082031056780692,0.7988142244781123,False,BALANCING
200,500,5,1.0,0.00245,half_20ms,0.18,True,7.047292355882838,23.04729235588284,0.318,0.28400000000000003,0.076,1.8082031056780692,0.7988142244781123,False,BALANCING
200,20,10,1.0,0.00245,half_20ms,0.18,False,0,0.0,,,0.076,,,False,FALLEN
200,50,10,1.0,0.00245,half_20ms,0.18,False,0,0.376017934037737,,,0.076,,,True,FALLEN
200,100,10,1.0,0.00245,half_20ms,0.18,False,0,2.571389881644752,,,0.076,,,True,FALLEN
200,200,10,1.0,0.00245,half_20ms,0.18,True,1.168842084237075,17.168842084237074,1.3840000000000001,0.246,0.076,1.1354927976079086,0.5323278752620005,False,BALANCING
200,350,10,1.0,0.00245,half_20ms,0.18,True,1.168842084237075,17.168842084237074,1.3840000000000001,0.246,0.076,1.1354927976079086,0.5323278752620005,False,BALANCING
200,500,10,1.0,0.00245,half_20ms,0.18,True,1.168842084237075,17.168842084237074,1.3840000000000001,0.246,0.076,1.1354927976079086,0.5323278752620005,False,BALANCING
200,20,15,1.0,0.00245,half_20ms,0.18,False,0,0.0,,,0.076,,,False,FALLEN
200,50,15,1.0,0.00245,half_20ms,0.18,False,0,0.376017934037737,,,0.076,,,True,FALLEN
200,100,15,1.0,0.00245,half_20ms,0.18,False,0,11.779433159372534,,0.16,0.076,16.0,0.0,True,FALLEN
200,200,15,1.0,0.00245,half_20ms,0.18,False,0,11.779433159372534,,0.16,0.076,16.0,0.0,True,FALLEN
200,350,15,1.0,0.00245,half_20ms,0.18,False,0,11.779433159372534,,0.16,0.076,16.0,0.0,True,FALLEN
200,500,15,1.0,0.00245,half_20ms,0.18,False,0,11.779433159372534,,0.16,0.076,16.0,0.0,True,FALLEN
250,20,5,1.0,0.00245,half_20ms,0.18,False,0,0.0,,,0.10200000000000001,,,False,FALLEN
250,50,5,1.0,0.00245,half_20ms,0.18,False,0,0.48835474232227405,,,0.10200000000000001,,,True,FALLEN
250,100,5,1.0,0.00245,half_20ms,0.18,False,0,3.1127241753180925,,,0.10200000000000001,,,True,FALLEN
250,200,5,1.0,0.00245,half_20ms,0.18,False,16.0,32.0,0.34600000000000003,,0.10200000000000001,,,True,FALLEN
250,350,5,1.0,0.00245,half_20ms,0.18,True,7.152957342235155,23.152957342235155,0.34400000000000003,0.31,0.10200000000000001,1.9910039439747145,0.9373762890350522,False,BALANCING
250,500,5,1.0,0.00245,half_20ms,0.18,True,7.152957342235155,23.152957342235155,0.34400000000000003,0.31,0.10200000000000001,1.9910039439747145,0.9373762890350522,False,BALANCING
250,20,10,1.0,0.00245,half_20ms,0.18,False,0,0.0,,,0.10200000000000001,,,False,FALLEN
250,50,10,1.0,0.00245,half_20ms,0.18,False,0,0.48835474232227405,,,0.10200000000000001,,,True,FALLEN
250,100,10,1.0,0.00245,half_20ms,0.18,False,0,3.1127241753180925,,,0.10200000000000001,,,True,FALLEN
250,200,10,1.0,0.00245,half_20ms,0.18,True,1.1848311867910175,17.18483118679102,1.534,0.27,0.10200000000000001,1.176378651648222,0.49539846289423795,False,BALANCING
250,350,10,1.0,0.00245,half_20ms,0.18,True,1.1848311867910175,17.18483118679102,1.534,0.27,0.10200000000000001,1.176378651648222,0.49539846289423795,False,BALANCING
250,500,10,1.0,0.00245,half_20ms,0.18,True,1.1848311867910175,17.18483118679102,1.534,0.27,0.10200000000000001,1.176378651648222,0.49539846289423795,False,BALANCING
250,20,15,1.0,0.00245,half_20ms,0.18,False,0,0.0,,,0.10200000000000001,,,False,FALLEN
250,50,15,1.0,0.00245,half_20ms,0.18,False,0,0.48835474232227405,,,0.10200000000000001,,,True,FALLEN
250,100,15,1.0,0.00245,half_20ms,0.18,False,0,12.214360357018474,,0.184,0.10200000000000001,16.0,0.0,True,FALLEN
250,200,15,1.0,0.00245,half_20ms,0.18,False,0,12.214360357018474,,0.184,0.10200000000000001,16.0,0.0,True,FALLEN
250,350,15,1.0,0.00245,half_20ms,0.18,False,0,12.214360357018474,,0.184,0.10200000000000001,16.0,0.0,True,FALLEN
250,500,15,1.0,0.00245,half_20ms,0.18,False,0,12.214360357018474,,0.184,0.10200000000000001,16.0,0.0,True,FALLEN
300,20,5,1.0,0.00245,half_20ms,0.18,False,0,0.0,,,0.132,,,False,FALLEN
300,50,5,1.0,0.00245,half_20ms,0.18,False,0,0.7143929442437678,,,0.132,,,True,FALLEN
300,100,5,1.0,0.00245,half_20ms,0.18,False,0,4.3375778567076235,,,0.132,,,True,FALLEN
300,200,5,1.0,0.00245,half_20ms,0.18,True,5.8865600932463495,21.88656009324635,0.368,0.332,0.132,1.8320624983325966,0.928572171326616,False,BALANCING
300,350,5,1.0,0.00245,half_20ms,0.18,True,5.8865600932463495,21.88656009324635,0.368,0.332,0.132,1.8320624983325966,0.928572171326616,False,BALANCING
300,500,5,1.0,0.00245,half_20ms,0.18,True,5.8865600932463495,21.88656009324635,0.368,0.332,0.132,1.8320624983325966,0.928572171326616,False,BALANCING
300,20,10,1.0,0.00245,half_20ms,0.18,False,0,0.0,,,0.132,,,False,FALLEN
300,50,10,1.0,0.00245,half_20ms,0.18,False,0,0.7143929442437678,,,0.132,,,True,FALLEN
300,100,10,1.0,0.00245,half_20ms,0.18,False,0,4.3375778567076235,,,0.132,,,True,FALLEN
300,200,10,1.0,0.00245,half_20ms,0.18,True,1.5036151726023879,17.503615172602387,1.6460000000000001,0.28800000000000003,0.132,1.5030863040066942,0.5734537769278618,False,BALANCING
300,350,10,1.0,0.00245,half_20ms,0.18,True,1.5036151726023879,17.503615172602387,1.6460000000000001,0.28800000000000003,0.132,1.5030863040066942,0.5734537769278618,False,BALANCING
300,500,10,1.0,0.00245,half_20ms,0.18,True,1.5036151726023879,17.503615172602387,1.6460000000000001,0.28800000000000003,0.132,1.5030863040066942,0.5734537769278618,False,BALANCING
300,20,15,1.0,0.00245,half_20ms,0.18,False,0,0.0,,,0.132,,,False,FALLEN
300,50,15,1.0,0.00245,half_20ms,0.18,False,0,0.7143929442437678,,,0.132,,,True,FALLEN
300,100,15,1.0,0.00245,half_20ms,0.18,False,0,12.573096898349315,,0.20600000000000002,0.132,16.0,0.0,True,FALLEN
300,200,15,1.0,0.00245,half_20ms,0.18,False,0,12.573096898349315,,0.20600000000000002,0.132,16.0,0.0,True,FALLEN
300,350,15,1.0,0.00245,half_20ms,0.18,False,0,12.573096898349315,,0.20600000000000002,0.132,16.0,0.0,True,FALLEN
300,500,15,1.0,0.00245,half_20ms,0.18,False,0,12.573096898349315,,0.20600000000000002,0.132,16.0,0.0,True,FALLEN
350,20,5,1.0,0.00245,half_20ms,0.18,False,0,0.0,,,0.166,,,False,FALLEN
350,50,5,1.0,0.00245,half_20ms,0.18,False,0,0.8958480974848371,,,0.166,,,True,FALLEN
350,100,5,1.0,0.00245,half_20ms,0.18,False,0,5.701414848301489,,,0.166,,,True,FALLEN
350,200,5,1.0,0.00245,half_20ms,0.18,True,3.2309403431723207,19.23094034317232,0.398,0.36,0.166,1.3142286232901457,0.7550366954481756,False,BALANCING
350,350,5,1.0,0.00245,half_20ms,0.18,True,3.2309403431723207,19.23094034317232,0.398,0.36,0.166,1.3142286232901457,0.7550366954481756,False,BALANCING
350,500,5,1.0,0.00245,half_20ms,0.18,True,3.2309403431723207,19.23094034317232,0.398,0.36,0.166,1.3142286232901457,0.7550366954481756,False,BALANCING
350,20,10,1.0,0.00245,half_20ms,0.18,False,0,0.0,,,0.166,,,False,FALLEN
350,50,10,1.0,0.00245,half_20ms,0.18,False,0,0.8958480974848371,,,0.166,,,True,FALLEN
350,100,10,1.0,0.00245,half_20ms,0.18,False,0,5.701414848301489,,,0.166,,,True,FALLEN
350,200,10,1.0,0.00245,half_20ms,0.18,True,1.2564845748319058,17.256484574831905,1.824,0.314,0.166,1.2564845748319058,0.38153046912155425,False,BALANCING
350,350,10,1.0,0.00245,half_20ms,0.18,True,1.2564845748319058,17.256484574831905,1.824,0.314,0.166,1.2564845748319058,0.38153046912155425,False,BALANCING
350,500,10,1.0,0.00245,half_20ms,0.18,True,1.2564845748319058,17.256484574831905,1.824,0.314,0.166,1.2564845748319058,0.38153046912155425,False,BALANCING
350,20,15,1.0,0.00245,half_20ms,0.18,False,0,0.0,,,0.166,,,False,FALLEN
350,50,15,1.0,0.00245,half_20ms,0.18,False,0,0.8958480974848371,,,0.166,,,True,FALLEN
350,100,15,1.0,0.00245,half_20ms,0.18,False,0,13.556444023550236,,0.23800000000000002,0.166,16.0,0.0,True,FALLEN
350,200,15,1.0,0.00245,half_20ms,0.18,False,0,13.556444023550236,,0.23800000000000002,0.166,16.0,0.0,True,FALLEN
350,350,15,1.0,0.00245,half_20ms,0.18,False,0,13.556444023550236,,0.23800000000000002,0.166,16.0,0.0,True,FALLEN
350,500,15,1.0,0.00245,half_20ms,0.18,False,0,13.556444023550236,,0.23800000000000002,0.166,16.0,0.0,True,FALLEN
400,20,5,1.0,0.00245,half_20ms,0.18,False,0,0.0,,,0.21,,,False,FALLEN
400,50,5,1.0,0.00245,half_20ms,0.18,False,0,0.9916485100504673,,,0.21,,,True,FALLEN
400,100,5,1.0,0.00245,half_20ms,0.18,False,0,7.943951694686982,,,0.21,,,True,FALLEN
400,200,5,1.0,0.00245,half_20ms,0.18,True,2.944024104079096,18.944024104079098,0.432,0.394,0.21,1.429784854931789,0.8686752338099124,False,BALANCING
400,350,5,1.0,0.00245,half_20ms,0.18,True,2.944024104079096,18.944024104079098,0.432,0.394,0.21,1.429784854931789,0.8686752338099124,False,BALANCING
400,500,5,1.0,0.00245,half_20ms,0.18,True,2.944024104079096,18.944024104079098,0.432,0.394,0.21,1.429784854931789,0.8686752338099124,False,BALANCING
400,20,10,1.0,0.00245,half_20ms,0.18,False,0,0.0,,,0.21,,,False,FALLEN
400,50,10,1.0,0.00245,half_20ms,0.18,False,0,0.9916485100504673,,,0.21,,,True,FALLEN
400,100,10,1.0,0.00245,half_20ms,0.18,False,0,7.943951694686982,,,0.21,,,True,FALLEN
400,200,10,1.0,0.00245,half_20ms,0.18,True,0.9703271837452241,16.970327183745223,2.07,0.35000000000000003,0.21,0.9703271837452241,0.42037969071827436,False,BALANCING
400,350,10,1.0,0.00245,half_20ms,0.18,True,0.9703271837452241,16.970327183745223,2.07,0.35000000000000003,0.21,0.9703271837452241,0.42037969071827436,False,BALANCING
400,500,10,1.0,0.00245,half_20ms,0.18,True,0.9703271837452241,16.970327183745223,2.07,0.35000000000000003,0.21,0.9703271837452241,0.42037969071827436,False,BALANCING
400,20,15,1.0,0.00245,half_20ms,0.18,False,0,0.0,,,0.21,,,False,FALLEN
400,50,15,1.0,0.00245,half_20ms,0.18,False,0,0.9916485100504673,,,0.21,,,True,FALLEN
400,100,15,1.0,0.00245,half_20ms,0.18,False,2.8934584613012353,18.893458461301236,1.73,0.28,0.21,2.8934584613012353,0.9470044404026547,False,BALANCING
400,200,15,1.0,0.00245,half_20ms,0.18,False,2.8934584613012353,18.893458461301236,1.73,0.28,0.21,2.8934584613012353,0.9470044404026547,False,BALANCING
400,350,15,1.0,0.00245,half_20ms,0.18,False,2.8934584613012353,18.893458461301236,1.73,0.28,0.21,2.8934584613012353,0.9470044404026547,False,BALANCING
400,500,15,1.0,0.00245,half_20ms,0.18,False,2.8934584613012353,18.893458461301236,1.73,0.28,0.21,2.8934584613012353,0.9470044404026547,False,BALANCING
450,20,5,1.0,0.00245,half_20ms,0.18,False,0,0.0,,,0.268,,,False,FALLEN
450,50,5,1.0,0.00245,half_20ms,0.18,False,0,1.2414770420064922,,,0.268,,,True,FALLEN
450,100,5,1.0,0.00245,half_20ms,0.18,False,16.0,32.0,0.734,,0.268,,,True,FALLEN
450,200,5,1.0,0.00245,half_20ms,0.18,True,4.058854754257915,20.058854754257915,0.482,0.444,0.268,1.9115509875268586,1.1389319776133964,False,BALANCING
450,350,5,1.0,0.00245,half_20ms,0.18,True,4.058854754257915,20.058854754257915,0.482,0.444,0.268,1.9115509875268586,1.1389319776133964,False,BALANCING
450,500,5,1.0,0.00245,half_20ms,0.18,True,4.058854754257915,20.058854754257915,0.482,0.444,0.268,1.9115509875268586,1.1389319776133964,False,BALANCING
450,20,10,1.0,0.00245,half_20ms,0.18,False,0,0.0,,,0.268,,,False,FALLEN
450,50,10,1.0,0.00245,half_20ms,0.18,False,0,1.2414770420064922,,,0.268,,,True,FALLEN
450,100,10,1.0,0.00245,half_20ms,0.18,False,16.0,32.0,0.734,,0.268,,,True,FALLEN
450,200,10,1.0,0.00245,half_20ms,0.18,True,0.6576206720632966,16.657620672063295,2.444,0.404,0.268,0.6576206720632966,0.6714785465290952,False,BALANCING
450,350,10,1.0,0.00245,half_20ms,0.18,True,0.6576206720632966,16.657620672063295,2.444,0.404,0.268,0.6576206720632966,0.6714785465290952,False,BALANCING
450,500,10,1.0,0.00245,half_20ms,0.18,True,0.6576206720632966,16.657620672063295,2.444,0.404,0.268,0.6576206720632966,0.6714785465290952,False,BALANCING
450,20,15,1.0,0.00245,half_20ms,0.18,False,0,0.0,,,0.268,,,False,FALLEN
450,50,15,1.0,0.00245,half_20ms,0.18,False,0,1.2414770420064922,,,0.268,,,True,FALLEN
450,100,15,1.0,0.00245,half_20ms,0.18,False,2.6869974454187115,18.68699744541871,1.826,0.338,0.268,2.6869974454187115,0.8493333572363176,False,BALANCING
450,200,15,1.0,0.00245,half_20ms,0.18,False,2.6869974454187115,18.68699744541871,1.826,0.338,0.268,2.6869974454187115,0.8493333572363176,False,BALANCING
450,350,15,1.0,0.00245,half_20ms,0.18,False,2.6869974454187115,18.68699744541871,1.826,0.338,0.268,2.6869974454187115,0.8493333572363176,False,BALANCING
450,500,15,1.0,0.00245,half_20ms,0.18,False,2.6869974454187115,18.68699744541871,1.826,0.338,0.268,2.6869974454187115,0.8493333572363176,False,BALANCING
500,20,5,1.0,0.00245,half_20ms,0.18,False,0,0.0,,,0.352,,,False,FALLEN
500,50,5,1.0,0.00245,half_20ms,0.18,False,0,1.5793635057648334,,,0.352,,,True,FALLEN
500,100,5,1.0,0.00245,half_20ms,0.18,False,16.0,32.0,0.658,,0.352,,,True,FALLEN
500,200,5,1.0,0.00245,half_20ms,0.18,False,16.0,32.0,0.554,0.52,0.352,16.0,0.0,True,FALLEN
500,350,5,1.0,0.00245,half_20ms,0.18,False,16.0,32.0,0.554,0.52,0.352,16.0,0.0,True,FALLEN
500,500,5,1.0,0.00245,half_20ms,0.18,False,16.0,32.0,0.554,0.52,0.352,16.0,0.0,True,FALLEN
500,20,10,1.0,0.00245,half_20ms,0.18,False,0,0.0,,,0.352,,,False,FALLEN
500,50,10,1.0,0.00245,half_20ms,0.18,False,0,1.5793635057648334,,,0.352,,,True,FALLEN
500,100,10,1.0,0.00245,half_20ms,0.18,False,16.0,32.0,0.658,,0.352,,,True,FALLEN
500,200,10,1.0,0.00245,half_20ms,0.18,True,0.32734493849873064,16.32734493849873,2.988,0.482,0.352,0.32734493849873064,0.942590114995226,False,BALANCING
500,350,10,1.0,0.00245,half_20ms,0.18,True,0.32734493849873064,16.32734493849873,2.988,0.482,0.352,0.32734493849873064,0.942590114995226,False,BALANCING
500,500,10,1.0,0.00245,half_20ms,0.18,True,0.32734493849873064,16.32734493849873,2.988,0.482,0.352,0.32734493849873064,0.942590114995226,False,BALANCING
500,20,15,1.0,0.00245,half_20ms,0.18,False,0,0.0,,,0.352,,,False,FALLEN
500,50,15,1.0,0.00245,half_20ms,0.18,False,0,1.5793635057648334,,,0.352,,,True,FALLEN
500,100,15,1.0,0.00245,half_20ms,0.18,False,2.4945788728423746,18.494578872842375,1.976,0.418,0.352,2.4945788728423746,0.6835047767864515,False,BALANCING
500,200,15,1.0,0.00245,half_20ms,0.18,False,2.4945788728423746,18.494578872842375,1.976,0.418,0.352,2.4945788728423746,0.6835047767864515,False,BALANCING
500,350,15,1.0,0.00245,half_20ms,0.18,False,2.4945788728423746,18.494578872842375,1.976,0.418,0.352,2.4945788728423746,0.6835047767864515,False,BALANCING
500,500,15,1.0,0.00245,half_20ms,0.18,False,2.4945788728423746,18.494578872842375,1.976,0.418,0.352,2.4945788728423746,0.6835047767864515,False,BALANCING
550,20,5,1.0,0.00245,half_20ms,0.18,False,0,0.0,,,0.52,,,False,FALLEN
550,50,5,1.0,0.00245,half_20ms,0.18,False,0,2.032924710755635,,,0.52,,,True,FALLEN
550,100,5,1.0,0.00245,half_20ms,0.18,False,16.0,32.0,0.776,,0.52,,,True,FALLEN
550,200,5,1.0,0.00245,half_20ms,0.18,False,16.0,32.0,0.712,0.682,0.52,16.0,0.0,True,FALLEN
550,350,5,1.0,0.00245,half_20ms,0.18,False,16.0,32.0,0.712,0.682,0.52,16.0,0.0,True,FALLEN
550,500,5,1.0,0.00245,half_20ms,0.18,False,16.0,32.0,0.712,0.682,0.52,16.0,0.0,True,FALLEN
550,20,10,1.0,0.00245,half_20ms,0.18,False,0,0.0,,,0.52,,,False,FALLEN
550,50,10,1.0,0.00245,half_20ms,0.18,False,0,2.032924710755635,,,0.52,,,True,FALLEN
550,100,10,1.0,0.00245,half_20ms,0.18,False,16.0,32.0,0.776,,0.52,,,True,FALLEN
550,200,10,1.0,0.00245,half_20ms,0.18,True,0.029919213578906822,16.029919213578907,3.602,0.644,0.52,0.43784343393092967,1.1969745762013242,False,BALANCING
550,350,10,1.0,0.00245,half_20ms,0.18,True,0.029919213578906822,16.029919213578907,3.602,0.644,0.52,0.43784343393092967,1.1969745762013242,False,BALANCING
550,500,10,1.0,0.00245,half_20ms,0.18,True,0.029919213578906822,16.029919213578907,3.602,0.644,0.52,0.43784343393092967,1.1969745762013242,False,BALANCING
550,20,15,1.0,0.00245,half_20ms,0.18,False,0,0.0,,,0.52,,,False,FALLEN
550,50,15,1.0,0.00245,half_20ms,0.18,False,0,2.032924710755635,,,0.52,,,True,FALLEN
550,100,15,1.0,0.00245,half_20ms,0.18,False,2.317275512270904,18.317275512270903,2.214,0.584,0.52,2.317275512270904,0.6979013939155797,False,BALANCING
550,200,15,1.0,0.00245,half_20ms,0.18,False,2.317275512270904,18.317275512270903,2.214,0.584,0.52,2.317275512270904,0.6979013939155797,False,BALANCING
550,350,15,1.0,0.00245,half_20ms,0.18,False,2.317275512270904,18.317275512270903,2.214,0.584,0.52,2.317275512270904,0.6979013939155797,False,BALANCING
550,500,15,1.0,0.00245,half_20ms,0.18,False,2.317275512270904,18.317275512270903,2.214,0.584,0.52,2.317275512270904,0.6979013939155797,False,BALANCING
580,20,5,1.0,0.00245,half_20ms,0.18,False,0,0.0,,,0.982,,,False,FALLEN
580,50,5,1.0,0.00245,half_20ms,0.18,False,0,2.391848431423023,,,0.982,,,True,FALLEN
580,100,5,1.0,0.00245,half_20ms,0.18,False,16.0,32.0,1.226,,0.982,,,True,FALLEN
580,200,5,1.0,0.00245,half_20ms,0.18,False,16.0,32.0,1.17,1.1400000000000001,0.982,16.0,0.0,True,FALLEN
580,350,5,1.0,0.00245,half_20ms,0.18,False,16.0,32.0,1.17,1.1400000000000001,0.982,16.0,0.0,True,FALLEN
580,500,5,1.0,0.00245,half_20ms,0.18,False,16.0,32.0,1.17,1.1400000000000001,0.982,16.0,0.0,True,FALLEN
580,20,10,1.0,0.00245,half_20ms,0.18,False,0,0.0,,,0.982,,,False,FALLEN
580,50,10,1.0,0.00245,half_20ms,0.18,False,0,2.391848431423023,,,0.982,,,True,FALLEN
580,100,10,1.0,0.00245,half_20ms,0.18,False,16.0,32.0,1.226,,0.982,,,True,FALLEN
580,200,10,1.0,0.00245,half_20ms,0.18,True,0,15.723075874289586,,1.104,0.982,0.8534684670792069,1.3820886726874442,False,BALANCING
580,350,10,1.0,0.00245,half_20ms,0.18,True,0,15.723075874289586,,1.104,0.982,0.8534684670792069,1.3820886726874442,False,BALANCING
580,500,10,1.0,0.00245,half_20ms,0.18,True,0,15.723075874289586,,1.104,0.982,0.8534684670792069,1.3820886726874442,False,BALANCING
580,20,15,1.0,0.00245,half_20ms,0.18,False,0,0.0,,,0.982,,,False,FALLEN
580,50,15,1.0,0.00245,half_20ms,0.18,False,0,2.391848431423023,,,0.982,,,True,FALLEN
580,100,15,1.0,0.00245,half_20ms,0.18,False,2.246472827830792,18.246472827830793,2.716,1.044,0.982,2.246472827830792,0.8056689375073811,False,BALANCING
580,200,15,1.0,0.00245,half_20ms,0.18,False,2.246472827830792,18.246472827830793,2.716,1.044,0.982,2.246472827830792,0.8056689375073811,False,BALANCING
580,350,15,1.0,0.00245,half_20ms,0.18,False,2.246472827830792,18.246472827830793,2.716,1.044,0.982,2.246472827830792,0.8056689375073811,False,BALANCING
580,500,15,1.0,0.00245,half_20ms,0.18,False,2.246472827830792,18.246472827830793,2.716,1.044,0.982,2.246472827830792,0.8056689375073811,False,BALANCING
100,20,5,1.0,0.00245,half_50ms,0.18,False,0,0.0,,,0.034,,,False,FALLEN
100,50,5,1.0,0.00245,half_50ms,0.18,False,0,0.0,,,0.034,,,False,FALLEN
100,100,5,1.0,0.00245,half_50ms,0.18,False,0,0.5278047781743087,,,0.034,,,True,FALLEN
100,200,5,1.0,0.00245,half_50ms,0.18,False,16.0,32.0,0.332,,0.034,,,True,FALLEN
100,350,5,1.0,0.00245,half_50ms,0.18,True,7.600053525863418,23.600053525863416,0.3,0.262,0.034,1.816340384456204,0.6906065450317225,False,BALANCING
100,500,5,1.0,0.00245,half_50ms,0.18,True,7.600053525863418,23.600053525863416,0.3,0.262,0.034,1.816340384456204,0.6906065450317225,False,BALANCING
100,20,10,1.0,0.00245,half_50ms,0.18,False,0,0.0,,,0.034,,,False,FALLEN
100,50,10,1.0,0.00245,half_50ms,0.18,False,0,0.0,,,0.034,,,False,FALLEN
100,100,10,1.0,0.00245,half_50ms,0.18,False,0,0.5278047781743087,,,0.034,,,True,FALLEN
100,200,10,1.0,0.00245,half_50ms,0.18,True,1.2400717589802004,17.2400717589802,1.102,0.224,0.034,1.1076908745535268,0.6125492852237291,False,BALANCING
100,350,10,1.0,0.00245,half_50ms,0.18,True,1.2400717589802004,17.2400717589802,1.102,0.224,0.034,1.1076908745535268,0.6125492852237291,False,BALANCING
100,500,10,1.0,0.00245,half_50ms,0.18,True,1.2400717589802004,17.2400717589802,1.102,0.224,0.034,1.1076908745535268,0.6125492852237291,False,BALANCING
100,20,15,1.0,0.00245,half_50ms,0.18,False,0,0.0,,,0.034,,,False,FALLEN
100,50,15,1.0,0.00245,half_50ms,0.18,False,0,0.0,,,0.034,,,False,FALLEN
100,100,15,1.0,0.00245,half_50ms,0.18,False,0,0.5278047781743087,,,0.034,,,True,FALLEN
100,200,15,1.0,0.00245,half_50ms,0.18,False,0,9.533304489825156,,0.158,0.034,16.0,0.0,True,FALLEN
100,350,15,1.0,0.00245,half_50ms,0.18,False,0,9.533304489825156,,0.158,0.034,16.0,0.0,True,FALLEN
100,500,15,1.0,0.00245,half_50ms,0.18,False,0,9.533304489825156,,0.158,0.034,16.0,0.0,True,FALLEN
150,20,5,1.0,0.00245,half_50ms,0.18,False,0,0.0,,,0.054,,,False,FALLEN
150,50,5,1.0,0.00245,half_50ms,0.18,False,0,0.0,,,0.054,,,False,FALLEN
150,100,5,1.0,0.00245,half_50ms,0.18,False,0,0.6744954559033989,,,0.054,,,True,FALLEN
150,200,5,1.0,0.00245,half_50ms,0.18,False,16.0,32.0,0.384,,0.054,,,True,FALLEN
150,350,5,1.0,0.00245,half_50ms,0.18,False,10.256594629770234,26.256594629770234,0.326,0.292,0.054,2.5404596670131134,1.0549242999184116,False,BALANCING
150,500,5,1.0,0.00245,half_50ms,0.18,False,10.256594629770234,26.256594629770234,0.326,0.292,0.054,2.5404596670131134,1.0549242999184116,False,BALANCING
150,20,10,1.0,0.00245,half_50ms,0.18,False,0,0.0,,,0.054,,,False,FALLEN
150,50,10,1.0,0.00245,half_50ms,0.18,False,0,0.0,,,0.054,,,False,FALLEN
150,100,10,1.0,0.00245,half_50ms,0.18,False,0,0.6744954559033989,,,0.054,,,True,FALLEN
150,200,10,1.0,0.00245,half_50ms,0.18,True,1.0537987946145906,17.05379879461459,1.214,0.252,0.054,0.9725224019969642,0.5126707796971275,False,BALANCING
150,350,10,1.0,0.00245,half_50ms,0.18,True,1.0537987946145906,17.05379879461459,1.214,0.252,0.054,0.9725224019969642,0.5126707796971275,False,BALANCING
150,500,10,1.0,0.00245,half_50ms,0.18,True,1.0537987946145906,17.05379879461459,1.214,0.252,0.054,0.9725224019969642,0.5126707796971275,False,BALANCING
150,20,15,1.0,0.00245,half_50ms,0.18,False,0,0.0,,,0.054,,,False,FALLEN
150,50,15,1.0,0.00245,half_50ms,0.18,False,0,0.0,,,0.054,,,False,FALLEN
150,100,15,1.0,0.00245,half_50ms,0.18,False,0,0.6744954559033989,,,0.054,,,True,FALLEN
150,200,15,1.0,0.00245,half_50ms,0.18,False,0,11.683903102710742,,0.178,0.054,16.0,0.0,True,FALLEN
150,350,15,1.0,0.00245,half_50ms,0.18,False,0,11.683903102710742,,0.178,0.054,16.0,0.0,True,FALLEN
150,500,15,1.0,0.00245,half_50ms,0.18,False,0,11.683903102710742,,0.178,0.054,16.0,0.0,True,FALLEN
200,20,5,1.0,0.00245,half_50ms,0.18,False,0,0.0,,,0.076,,,False,FALLEN
200,50,5,1.0,0.00245,half_50ms,0.18,False,0,0.0,,,0.076,,,False,FALLEN
200,100,5,1.0,0.00245,half_50ms,0.18,False,0,1.0395099787118998,,,0.076,,,True,FALLEN
200,200,5,1.0,0.00245,half_50ms,0.18,False,16.0,32.0,0.402,,0.076,,,True,FALLEN
200,350,5,1.0,0.00245,half_50ms,0.18,False,16.0,32.0,0.34800000000000003,0.312,0.076,16.0,0.0,True,FALLEN
200,500,5,1.0,0.00245,half_50ms,0.18,False,16.0,32.0,0.34800000000000003,0.312,0.076,16.0,0.0,True,FALLEN
200,20,10,1.0,0.00245,half_50ms,0.18,False,0,0.0,,,0.076,,,False,FALLEN
200,50,10,1.0,0.00245,half_50ms,0.18,False,0,0.0,,,0.076,,,False,FALLEN
200,100,10,1.0,0.00245,half_50ms,0.18,False,0,1.0395099787118998,,,0.076,,,True,FALLEN
200,200,10,1.0,0.00245,half_50ms,0.18,True,0.870115494893372,16.870115494893373,1.366,0.274,0.076,0.8357832279434095,0.4053636249541447,False,BALANCING
200,350,10,1.0,0.00245,half_50ms,0.18,True,0.870115494893372,16.870115494893373,1.366,0.274,0.076,0.8357832279434095,0.4053636249541447,False,BALANCING
200,500,10,1.0,0.00245,half_50ms,0.18,True,0.870115494893372,16.870115494893373,1.366,0.274,0.076,0.8357832279434095,0.4053636249541447,False,BALANCING
200,20,15,1.0,0.00245,half_50ms,0.18,False,0,0.0,,,0.076,,,False,FALLEN
200,50,15,1.0,0.00245,half_50ms,0.18,False,0,0.0,,,0.076,,,False,FALLEN
200,100,15,1.0,0.00245,half_50ms,0.18,False,0,1.0395099787118998,,,0.076,,,True,FALLEN
200,200,15,1.0,0.00245,half_50ms,0.18,False,0,12.09583028318854,,0.192,0.076,16.0,0.0,True,FALLEN
200,350,15,1.0,0.00245,half_50ms,0.18,False,0,12.09583028318854,,0.192,0.076,16.0,0.0,True,FALLEN
200,500,15,1.0,0.00245,half_50ms,0.18,False,0,12.09583028318854,,0.192,0.076,16.0,0.0,True,FALLEN
250,20,5,1.0,0.00245,half_50ms,0.18,False,0,0.0,,,0.10200000000000001,,,False,FALLEN
250,50,5,1.0,0.00245,half_50ms,0.18,False,0,0.0,,,0.10200000000000001,,,False,FALLEN
250,100,5,1.0,0.00245,half_50ms,0.18,False,0,1.1552564281513398,,,0.10200000000000001,,,True,FALLEN
250,200,5,1.0,0.00245,half_50ms,0.18,False,16.0,32.0,0.43,,0.10200000000000001,,,True,FALLEN
250,350,5,1.0,0.00245,half_50ms,0.18,False,16.0,32.0,0.374,0.34,0.10200000000000001,16.0,0.0,True,FALLEN
250,500,5,1.0,0.00245,half_50ms,0.18,False,16.0,32.0,0.374,0.34,0.10200000000000001,16.0,0.0,True,FALLEN
250,20,10,1.0,0.00245,half_50ms,0.18,False,0,0.0,,,0.10200000000000001,,,False,FALLEN
250,50,10,1.0,0.00245,half_50ms,0.18,False,0,0.0,,,0.10200000000000001,,,False,FALLEN
250,100,10,1.0,0.00245,half_50ms,0.18,False,0,1.1552564281513398,,,0.10200000000000001,,,True,FALLEN
250,200,10,1.0,0.00245,half_50ms,0.18,True,0.7039204614969228,16.703920461496924,1.572,0.302,0.10200000000000001,0.6993873174180023,0.2928241253557361,False,BALANCING
250,350,10,1.0,0.00245,half_50ms,0.18,True,0.7039204614969228,16.703920461496924,1.572,0.302,0.10200000000000001,0.6993873174180023,0.2928241253557361,False,BALANCING
250,500,10,1.0,0.00245,half_50ms,0.18,True,0.7039204614969228,16.703920461496924,1.572,0.302,0.10200000000000001,0.6993873174180023,0.2928241253557361,False,BALANCING
250,20,15,1.0,0.00245,half_50ms,0.18,False,0,0.0,,,0.10200000000000001,,,False,FALLEN
250,50,15,1.0,0.00245,half_50ms,0.18,False,0,0.0,,,0.10200000000000001,,,False,FALLEN
250,100,15,1.0,0.00245,half_50ms,0.18,False,0,1.1552564281513398,,,0.10200000000000001,,,True,FALLEN
250,200,15,1.0,0.00245,half_50ms,0.18,False,0,10.723015768706208,,0.214,0.10200000000000001,16.0,0.0,True,FALLEN
250,350,15,1.0,0.00245,half_50ms,0.18,False,0,10.723015768706208,,0.214,0.10200000000000001,16.0,0.0,True,FALLEN
250,500,15,1.0,0.00245,half_50ms,0.18,False,0,10.723015768706208,,0.214,0.10200000000000001,16.0,0.0,True,FALLEN
300,20,5,1.0,0.00245,half_50ms,0.18,False,0,0.0,,,0.132,,,False,FALLEN
300,50,5,1.0,0.00245,half_50ms,0.18,False,0,0.0,,,0.132,,,False,FALLEN
300,100,5,1.0,0.00245,half_50ms,0.18,False,0,1.6001555940241516,,,0.132,,,True,FALLEN
300,200,5,1.0,0.00245,half_50ms,0.18,False,16.0,32.0,0.448,,0.132,,,True,FALLEN
300,350,5,1.0,0.00245,half_50ms,0.18,False,16.0,32.0,0.398,0.364,0.132,16.0,0.0,True,FALLEN
300,500,5,1.0,0.00245,half_50ms,0.18,False,16.0,32.0,0.398,0.364,0.132,16.0,0.0,True,FALLEN
300,20,10,1.0,0.00245,half_50ms,0.18,False,0,0.0,,,0.132,,,False,FALLEN
300,50,10,1.0,0.00245,half_50ms,0.18,False,0,0.0,,,0.132,,,False,FALLEN
300,100,10,1.0,0.00245,half_50ms,0.18,False,0,1.6001555940241516,,,0.132,,,True,FALLEN
300,200,10,1.0,0.00245,half_50ms,0.18,True,1.2151606361199392,17.21516063611994,1.688,0.322,0.132,1.2149440501392077,0.4594493903414917,False,BALANCING
300,350,10,1.0,0.00245,half_50ms,0.18,True,1.2151606361199392,17.21516063611994,1.688,0.322,0.132,1.2149440501392077,0.4594493903414917,False,BALANCING
300,500,10,1.0,0.00245,half_50ms,0.18,True,1.2151606361199392,17.21516063611994,1.688,0.322,0.132,1.2149440501392077,0.4594493903414917,False,BALANCING
300,20,15,1.0,0.00245,half_50ms,0.18,False,0,0.0,,,0.132,,,False,FALLEN
300,50,15,1.0,0.00245,half_50ms,0.18,False,0,0.0,,,0.132,,,False,FALLEN
300,100,15,1.0,0.00245,half_50ms,0.18,False,0,1.6001555940241516,,,0.132,,,True,FALLEN
300,200,15,1.0,0.00245,half_50ms,0.18,False,0,11.085839446831617,,0.23800000000000002,0.132,16.0,0.0,True,FALLEN
300,350,15,1.0,0.00245,half_50ms,0.18,False,0,11.085839446831617,,0.23800000000000002,0.132,16.0,0.0,True,FALLEN
300,500,15,1.0,0.00245,half_50ms,0.18,False,0,11.085839446831617,,0.23800000000000002,0.132,16.0,0.0,True,FALLEN
350,20,5,1.0,0.00245,half_50ms,0.18,False,0,0.0,,,0.166,,,False,FALLEN
350,50,5,1.0,0.00245,half_50ms,0.18,False,0,0.0,,,0.166,,,False,FALLEN
350,100,5,1.0,0.00245,half_50ms,0.18,False,0,1.8365877535158557,,,0.166,,,True,FALLEN
350,200,5,1.0,0.00245,half_50ms,0.18,False,16.0,32.0,0.458,,0.166,,,True,FALLEN
350,350,5,1.0,0.00245,half_50ms,0.18,False,16.0,32.0,0.43,0.394,0.166,16.0,0.0,True,FALLEN
350,500,5,1.0,0.00245,half_50ms,0.18,False,16.0,32.0,0.43,0.394,0.166,16.0,0.0,True,FALLEN
350,20,10,1.0,0.00245,half_50ms,0.18,False,0,0.0,,,0.166,,,False,FALLEN
350,50,10,1.0,0.00245,half_50ms,0.18,False,0,0.0,,,0.166,,,False,FALLEN
350,100,10,1.0,0.00245,half_50ms,0.18,False,0,1.8365877535158557,,,0.166,,,True,FALLEN
350,200,10,1.0,0.00245,half_50ms,0.18,True,0.9807738761499271,16.98077387614993,1.9020000000000001,0.34800000000000003,0.166,0.9807738761499271,0.2708036076042946,False,BALANCING
350,350,10,1.0,0.00245,half_50ms,0.18,True,0.9807738761499271,16.98077387614993,1.9020000000000001,0.34800000000000003,0.166,0.9807738761499271,0.2708036076042946,False,BALANCING
350,500,10,1.0,0.00245,half_50ms,0.18,True,0.9807738761499271,16.98077387614993,1.9020000000000001,0.34800000000000003,0.166,0.9807738761499271,0.2708036076042946,False,BALANCING
350,20,15,1.0,0.00245,half_50ms,0.18,False,0,0.0,,,0.166,,,False,FALLEN
350,50,15,1.0,0.00245,half_50ms,0.18,False,0,0.0,,,0.166,,,False,FALLEN
350,100,15,1.0,0.00245,half_50ms,0.18,False,0,1.8365877535158557,,,0.166,,,True,FALLEN
350,200,15,1.0,0.00245,half_50ms,0.18,False,0,11.605640493021085,,0.272,0.166,16.0,0.0,True,FALLEN
350,350,15,1.0,0.00245,half_50ms,0.18,False,0,11.605640493021085,,0.272,0.166,16.0,0.0,True,FALLEN
350,500,15,1.0,0.00245,half_50ms,0.18,False,0,11.605640493021085,,0.272,0.166,16.0,0.0,True,FALLEN
400,20,5,1.0,0.00245,half_50ms,0.18,False,0,0.0,,,0.21,,,False,FALLEN
400,50,5,1.0,0.00245,half_50ms,0.18,False,0,0.0,,,0.21,,,False,FALLEN
400,100,5,1.0,0.00245,half_50ms,0.18,False,0,2.521232326884009,,,0.21,,,True,FALLEN
400,200,5,1.0,0.00245,half_50ms,0.18,False,16.0,32.0,0.47400000000000003,,0.21,,,True,FALLEN
400,350,5,1.0,0.00245,half_50ms,0.18,False,6.498118740452306,22.498118740452306,0.466,0.426,0.21,2.3063184841696946,1.2316245676498352,False,BALANCING
400,500,5,1.0,0.00245,half_50ms,0.18,False,6.498118740452306,22.498118740452306,0.466,0.426,0.21,2.3063184841696946,1.2316245676498352,False,BALANCING
400,20,10,1.0,0.00245,half_50ms,0.18,False,0,0.0,,,0.21,,,False,FALLEN
400,50,10,1.0,0.00245,half_50ms,0.18,False,0,0.0,,,0.21,,,False,FALLEN
400,100,10,1.0,0.00245,half_50ms,0.18,False,0,2.521232326884009,,,0.21,,,True,FALLEN
400,200,10,1.0,0.00245,half_50ms,0.18,True,0.5216441628270191,16.52164416282702,2.394,0.384,0.21,0.5216441628270191,0.4974071180974032,False,BALANCING
400,350,10,1.0,0.00245,half_50ms,0.18,True,0.5216441628270191,16.52164416282702,2.394,0.384,0.21,0.5216441628270191,0.4974071180974032,False,BALANCING
400,500,10,1.0,0.00245,half_50ms,0.18,True,0.5216441628270191,16.52164416282702,2.394,0.384,0.21,0.5216441628270191,0.4974071180974032,False,BALANCING
400,20,15,1.0,0.00245,half_50ms,0.18,False,0,0.0,,,0.21,,,False,FALLEN
400,50,15,1.0,0.00245,half_50ms,0.18,False,0,0.0,,,0.21,,,False,FALLEN
400,100,15,1.0,0.00245,half_50ms,0.18,False,0,11.867012579950206,,0.31,0.21,16.0,0.0,True,FALLEN
400,200,15,1.0,0.00245,half_50ms,0.18,False,0,11.867012579950206,,0.31,0.21,16.0,0.0,True,FALLEN
400,350,15,1.0,0.00245,half_50ms,0.18,False,0,11.867012579950206,,0.31,0.21,16.0,0.0,True,FALLEN
400,500,15,1.0,0.00245,half_50ms,0.18,False,0,11.867012579950206,,0.31,0.21,16.0,0.0,True,FALLEN
450,20,5,1.0,0.00245,half_50ms,0.18,False,0,0.0,,,0.268,,,False,FALLEN
450,50,5,1.0,0.00245,half_50ms,0.18,False,0,0.0,,,0.268,,,False,FALLEN
450,100,5,1.0,0.00245,half_50ms,0.18,False,0,3.464461060164883,,,0.268,,,True,FALLEN
450,200,5,1.0,0.00245,half_50ms,0.18,False,16.0,32.0,0.516,,0.268,,,True,FALLEN
450,350,5,1.0,0.00245,half_50ms,0.18,False,16.0,32.0,0.512,0.47600000000000003,0.268,16.0,0.0,True,FALLEN
450,500,5,1.0,0.00245,half_50ms,0.18,False,16.0,32.0,0.512,0.47600000000000003,0.268,16.0,0.0,True,FALLEN
450,20,10,1.0,0.00245,half_50ms,0.18,False,0,0.0,,,0.268,,,False,FALLEN
450,50,10,1.0,0.00245,half_50ms,0.18,False,0,0.0,,,0.268,,,False,FALLEN
450,100,10,1.0,0.00245,half_50ms,0.18,False,0,3.464461060164883,,,0.268,,,True,FALLEN
450,200,10,1.0,0.00245,half_50ms,0.18,True,0.2538207642764078,16.25382076427641,2.958,0.434,0.268,0.2538207642764078,0.7633493916911925,False,BALANCING
450,350,10,1.0,0.00245,half_50ms,0.18,True,0.2538207642764078,16.25382076427641,2.958,0.434,0.268,0.2538207642764078,0.7633493916911925,False,BALANCING
450,500,10,1.0,0.00245,half_50ms,0.18,True,0.2538207642764078,16.25382076427641,2.958,0.434,0.268,0.2538207642764078,0.7633493916911925,False,BALANCING
450,20,15,1.0,0.00245,half_50ms,0.18,False,0,0.0,,,0.268,,,False,FALLEN
450,50,15,1.0,0.00245,half_50ms,0.18,False,0,0.0,,,0.268,,,False,FALLEN
450,100,15,1.0,0.00245,half_50ms,0.18,False,0,14.923152708022034,,0.366,0.268,16.0,0.0,True,FALLEN
450,200,15,1.0,0.00245,half_50ms,0.18,False,0,14.923152708022034,,0.366,0.268,16.0,0.0,True,FALLEN
450,350,15,1.0,0.00245,half_50ms,0.18,False,0,14.923152708022034,,0.366,0.268,16.0,0.0,True,FALLEN
450,500,15,1.0,0.00245,half_50ms,0.18,False,0,14.923152708022034,,0.366,0.268,16.0,0.0,True,FALLEN
500,20,5,1.0,0.00245,half_50ms,0.18,False,0,0.0,,,0.352,,,False,FALLEN
500,50,5,1.0,0.00245,half_50ms,0.18,False,0,0.0,,,0.352,,,False,FALLEN
500,100,5,1.0,0.00245,half_50ms,0.18,False,0,4.086309889749527,,,0.352,,,True,FALLEN
500,200,5,1.0,0.00245,half_50ms,0.18,False,16.0,32.0,0.588,0.552,0.352,16.0,0.0,True,FALLEN
500,350,5,1.0,0.00245,half_50ms,0.18,False,16.0,32.0,0.588,0.552,0.352,16.0,0.0,True,FALLEN
500,500,5,1.0,0.00245,half_50ms,0.18,False,16.0,32.0,0.588,0.552,0.352,16.0,0.0,True,FALLEN
500,20,10,1.0,0.00245,half_50ms,0.18,False,0,0.0,,,0.352,,,False,FALLEN
500,50,10,1.0,0.00245,half_50ms,0.18,False,0,0.0,,,0.352,,,False,FALLEN
500,100,10,1.0,0.00245,half_50ms,0.18,False,0,4.086309889749527,,,0.352,,,True,FALLEN
500,200,10,1.0,0.00245,half_50ms,0.18,True,0,15.761256975015455,,0.514,0.352,0.6942755129804503,1.0860631320692227,False,BALANCING
500,350,10,1.0,0.00245,half_50ms,0.18,True,0,15.761256975015455,,0.514,0.352,0.6942755129804503,1.0860631320692227,False,BALANCING
500,500,10,1.0,0.00245,half_50ms,0.18,True,0,15.761256975015455,,0.514,0.352,0.6942755129804503,1.0860631320692227,False,BALANCING
500,20,15,1.0,0.00245,half_50ms,0.18,False,0,0.0,,,0.352,,,False,FALLEN
500,50,15,1.0,0.00245,half_50ms,0.18,False,0,0.0,,,0.352,,,False,FALLEN
500,100,15,1.0,0.00245,half_50ms,0.18,False,2.70843436366132,18.70843436366132,1.97,0.448,0.352,2.70843436366132,0.8015307584296654,False,BALANCING
500,200,15,1.0,0.00245,half_50ms,0.18,False,2.70843436366132,18.70843436366132,1.97,0.448,0.352,2.70843436366132,0.8015307584296654,False,BALANCING
500,350,15,1.0,0.00245,half_50ms,0.18,False,2.70843436366132,18.70843436366132,1.97,0.448,0.352,2.70843436366132,0.8015307584296654,False,BALANCING
500,500,15,1.0,0.00245,half_50ms,0.18,False,2.70843436366132,18.70843436366132,1.97,0.448,0.352,2.70843436366132,0.8015307584296654,False,BALANCING
550,20,5,1.0,0.00245,half_50ms,0.18,False,0,0.0,,,0.52,,,False,FALLEN
550,50,5,1.0,0.00245,half_50ms,0.18,False,0,0.0,,,0.52,,,False,FALLEN
550,100,5,1.0,0.00245,half_50ms,0.18,False,0,6.0682078792973435,,,0.52,,,True,FALLEN
550,200,5,1.0,0.00245,half_50ms,0.18,False,16.0,32.0,0.746,0.714,0.52,16.0,0.0,True,FALLEN
550,350,5,1.0,0.00245,half_50ms,0.18,False,16.0,32.0,0.746,0.714,0.52,16.0,0.0,True,FALLEN
550,500,5,1.0,0.00245,half_50ms,0.18,False,16.0,32.0,0.746,0.714,0.52,16.0,0.0,True,FALLEN
550,20,10,1.0,0.00245,half_50ms,0.18,False,0,0.0,,,0.52,,,False,FALLEN
550,50,10,1.0,0.00245,half_50ms,0.18,False,0,0.0,,,0.52,,,False,FALLEN
550,100,10,1.0,0.00245,half_50ms,0.18,False,0,6.0682078792973435,,,0.52,,,True,FALLEN
550,200,10,1.0,0.00245,half_50ms,0.18,True,0,15.383817072135075,,0.676,0.52,0.97782590251559,1.332167430352574,False,BALANCING
550,350,10,1.0,0.00245,half_50ms,0.18,True,0,15.383817072135075,,0.676,0.52,0.97782590251559,1.332167430352574,False,BALANCING
550,500,10,1.0,0.00245,half_50ms,0.18,True,0,15.383817072135075,,0.676,0.52,0.97782590251559,1.332167430352574,False,BALANCING
550,20,15,1.0,0.00245,half_50ms,0.18,False,0,0.0,,,0.52,,,False,FALLEN
550,50,15,1.0,0.00245,half_50ms,0.18,False,0,0.0,,,0.52,,,False,FALLEN
550,100,15,1.0,0.00245,half_50ms,0.18,False,2.4600739772560245,18.460073977256023,2.212,0.614,0.52,2.4600739772560245,0.633846743353753,False,BALANCING
550,200,15,1.0,0.00245,half_50ms,0.18,False,2.4600739772560245,18.460073977256023,2.212,0.614,0.52,2.4600739772560245,0.633846743353753,False,BALANCING
550,350,15,1.0,0.00245,half_50ms,0.18,False,2.4600739772560245,18.460073977256023,2.212,0.614,0.52,2.4600739772560245,0.633846743353753,False,BALANCING
550,500,15,1.0,0.00245,half_50ms,0.18,False,2.4600739772560245,18.460073977256023,2.212,0.614,0.52,2.4600739772560245,0.633846743353753,False,BALANCING
580,20,5,1.0,0.00245,half_50ms,0.18,False,0,0.0,,,0.982,,,False,FALLEN
580,50,5,1.0,0.00245,half_50ms,0.18,False,0,0.0,,,0.982,,,False,FALLEN
580,100,5,1.0,0.00245,half_50ms,0.18,False,0,6.844157379807454,,,0.982,,,True,FALLEN
580,200,5,1.0,0.00245,half_50ms,0.18,False,16.0,32.0,1.204,1.174,0.982,16.0,0.0,True,FALLEN
580,350,5,1.0,0.00245,half_50ms,0.18,False,16.0,32.0,1.204,1.174,0.982,16.0,0.0,True,FALLEN
580,500,5,1.0,0.00245,half_50ms,0.18,False,16.0,32.0,1.204,1.174,0.982,16.0,0.0,True,FALLEN
580,20,10,1.0,0.00245,half_50ms,0.18,False,0,0.0,,,0.982,,,False,FALLEN
580,50,10,1.0,0.00245,half_50ms,0.18,False,0,0.0,,,0.982,,,False,FALLEN
580,100,10,1.0,0.00245,half_50ms,0.18,False,0,6.844157379807454,,,0.982,,,True,FALLEN
580,200,10,1.0,0.00245,half_50ms,0.18,True,0.5399916503767775,16.539991650376777,1.25,1.1360000000000001,0.982,1.3845442850684906,1.395002746172159,False,BALANCING
580,350,10,1.0,0.00245,half_50ms,0.18,True,0.5399916503767775,16.539991650376777,1.25,1.1360000000000001,0.982,1.3845442850684906,1.395002746172159,False,BALANCING
580,500,10,1.0,0.00245,half_50ms,0.18,True,0.5399916503767775,16.539991650376777,1.25,1.1360000000000001,0.982,1.3845442850684906,1.395002746172159,False,BALANCING
580,20,15,1.0,0.00245,half_50ms,0.18,False,0,0.0,,,0.982,,,False,FALLEN
580,50,15,1.0,0.00245,half_50ms,0.18,False,0,0.0,,,0.982,,,False,FALLEN
580,100,15,1.0,0.00245,half_50ms,0.18,False,2.2949111368620203,18.29491113686202,2.728,1.076,0.982,2.2949111368620203,0.7541396783344712,False,BALANCING
580,200,15,1.0,0.00245,half_50ms,0.18,False,2.2949111368620203,18.29491113686202,2.728,1.076,0.982,2.2949111368620203,0.7541396783344712,False,BALANCING
580,350,15,1.0,0.00245,half_50ms,0.18,False,2.2949111368620203,18.29491113686202,2.728,1.076,0.982,2.2949111368620203,0.7541396783344712,False,BALANCING
580,500,15,1.0,0.00245,half_50ms,0.18,False,2.2949111368620203,18.29491113686202,2.728,1.076,0.982,2.2949111368620203,0.7541396783344712,False,BALANCING
100,20,5,1.25,0.0030625,nominal,0.18,False,0,1.6820917039703147,,,0.034,,,True,FALLEN
100,50,5,1.25,0.0030625,nominal,0.18,False,0,10.011249181516146,,,0.034,,,True,FALLEN
100,100,5,1.25,0.0030625,nominal,0.18,False,16.0,32.0,0.17200000000000001,,0.034,,,True,FALLEN
100,200,5,1.25,0.0030625,nominal,0.18,True,0.8692382596300788,16.86923825963008,0.18,0.14200000000000002,0.034,0.1967525673859204,0.07017363279833728,False,BALANCING
100,350,5,1.25,0.0030625,nominal,0.18,True,0.8692382596300788,16.86923825963008,0.18,0.14200000000000002,0.034,0.1967525673859204,0.07017363279833728,False,BALANCING
100,500,5,1.25,0.0030625,nominal,0.18,True,0.8692382596300788,16.86923825963008,0.18,0.14200000000000002,0.034,0.1967525673859204,0.07017363279833728,False,BALANCING
100,20,10,1.25,0.0030625,nominal,0.18,False,0,1.6820917039703147,,,0.034,,,True,FALLEN
100,50,10,1.25,0.0030625,nominal,0.18,False,0,10.011249181516146,,,0.034,,,True,FALLEN
100,100,10,1.25,0.0030625,nominal,0.18,True,1.051693837774726,17.051693837774724,1.336,0.114,0.034,1.0462453164715644,0.33453851145184377,False,BALANCING
100,200,10,1.25,0.0030625,nominal,0.18,True,1.051693837774726,17.051693837774724,1.336,0.114,0.034,1.0462453164715644,0.33453851145184377,False,BALANCING
100,350,10,1.25,0.0030625,nominal,0.18,True,1.051693837774726,17.051693837774724,1.336,0.114,0.034,1.0462453164715644,0.33453851145184377,False,BALANCING
100,500,10,1.25,0.0030625,nominal,0.18,True,1.051693837774726,17.051693837774724,1.336,0.114,0.034,1.0462453164715644,0.33453851145184377,False,BALANCING
100,20,15,1.25,0.0030625,nominal,0.18,False,0,1.6820917039703147,,,0.034,,,True,FALLEN
100,50,15,1.25,0.0030625,nominal,0.18,False,2.2190771723165392,18.21907717231654,1.308,0.066,0.034,2.21085549949299,0.6949633819819152,False,BALANCING
100,100,15,1.25,0.0030625,nominal,0.18,False,2.2190771723165392,18.21907717231654,1.308,0.066,0.034,2.21085549949299,0.6949633819819152,False,BALANCING
100,200,15,1.25,0.0030625,nominal,0.18,False,2.2190771723165392,18.21907717231654,1.308,0.066,0.034,2.21085549949299,0.6949633819819152,False,BALANCING
100,350,15,1.25,0.0030625,nominal,0.18,False,2.2190771723165392,18.21907717231654,1.308,0.066,0.034,2.21085549949299,0.6949633819819152,False,BALANCING
100,500,15,1.25,0.0030625,nominal,0.18,False,2.2190771723165392,18.21907717231654,1.308,0.066,0.034,2.21085549949299,0.6949633819819152,False,BALANCING
150,20,5,1.25,0.0030625,nominal,0.18,False,0,2.1549101232302963,,,0.054,,,True,FALLEN
150,50,5,1.25,0.0030625,nominal,0.18,False,16.0,32.0,0.338,,0.054,,,True,FALLEN
150,100,5,1.25,0.0030625,nominal,0.18,False,16.0,32.0,0.182,,0.054,,,True,FALLEN
150,200,5,1.25,0.0030625,nominal,0.18,True,1.9137580544047146,17.913758054404713,0.188,0.156,0.054,0.5990011521252616,0.24116749106620455,False,BALANCING
150,350,5,1.25,0.0030625,nominal,0.18,True,1.9137580544047146,17.913758054404713,0.188,0.156,0.054,0.5990011521252616,0.24116749106620455,False,BALANCING
150,500,5,1.25,0.0030625,nominal,0.18,True,1.9137580544047146,17.913758054404713,0.188,0.156,0.054,0.5990011521252616,0.24116749106620455,False,BALANCING
150,20,10,1.25,0.0030625,nominal,0.18,False,0,2.1549101232302963,,,0.054,,,True,FALLEN
150,50,10,1.25,0.0030625,nominal,0.18,False,16.0,32.0,0.338,,0.054,,,True,FALLEN
150,100,10,1.25,0.0030625,nominal,0.18,True,0.8274577427217343,16.827457742721734,1.506,0.128,0.054,0.8274577427217343,0.22310130236391962,False,BALANCING
150,200,10,1.25,0.0030625,nominal,0.18,True,0.8274577427217343,16.827457742721734,1.506,0.128,0.054,0.8274577427217343,0.22310130236391962,False,BALANCING
150,350,10,1.25,0.0030625,nominal,0.18,True,0.8274577427217343,16.827457742721734,1.506,0.128,0.054,0.8274577427217343,0.22310130236391962,False,BALANCING
150,500,10,1.25,0.0030625,nominal,0.18,True,0.8274577427217343,16.827457742721734,1.506,0.128,0.054,0.8274577427217343,0.22310130236391962,False,BALANCING
150,20,15,1.25,0.0030625,nominal,0.18,False,0,2.1549101232302963,,,0.054,,,True,FALLEN
150,50,15,1.25,0.0030625,nominal,0.18,True,1.9951006614939466,17.995100661493947,1.3900000000000001,0.08600000000000001,0.054,1.9942139866093378,0.5874910930574475,False,BALANCING
150,100,15,1.25,0.0030625,nominal,0.18,True,1.9951006614939466,17.995100661493947,1.3900000000000001,0.08600000000000001,0.054,1.9942139866093378,0.5874910930574475,False,BALANCING
150,200,15,1.25,0.0030625,nominal,0.18,True,1.9951006614939466,17.995100661493947,1.3900000000000001,0.08600000000000001,0.054,1.9942139866093378,0.5874910930574475,False,BALANCING
150,350,15,1.25,0.0030625,nominal,0.18,True,1.9951006614939466,17.995100661493947,1.3900000000000001,0.08600000000000001,0.054,1.9942139866093378,0.5874910930574475,False,BALANCING
150,500,15,1.25,0.0030625,nominal,0.18,True,1.9951006614939466,17.995100661493947,1.3900000000000001,0.08600000000000001,0.054,1.9942139866093378,0.5874910930574475,False,BALANCING
200,20,5,1.25,0.0030625,nominal,0.18,False,0,2.2409379409807766,,,0.076,,,True,FALLEN
200,50,5,1.25,0.0030625,nominal,0.18,False,16.0,32.0,0.274,,0.076,,,True,FALLEN
200,100,5,1.25,0.0030625,nominal,0.18,True,3.563162685153725,19.563162685153724,0.202,0.17400000000000002,0.076,1.112959277274463,0.44673081126422165,False,BALANCING
200,200,5,1.25,0.0030625,nominal,0.18,True,3.563162685153725,19.563162685153724,0.202,0.17400000000000002,0.076,1.112959277274463,0.44673081126422165,False,BALANCING
200,350,5,1.25,0.0030625,nominal,0.18,True,3.563162685153725,19.563162685153724,0.202,0.17400000000000002,0.076,1.112959277274463,0.44673081126422165,False,BALANCING
200,500,5,1.25,0.0030625,nominal,0.18,True,3.563162685153725,19.563162685153724,0.202,0.17400000000000002,0.076,1.112959277274463,0.44673081126422165,False,BALANCING
200,20,10,1.25,0.0030625,nominal,0.18,False,0,2.2409379409807766,,,0.076,,,True,FALLEN
200,50,10,1.25,0.0030625,nominal,0.18,False,16.0,32.0,0.274,,0.076,,,True,FALLEN
200,100,10,1.25,0.0030625,nominal,0.18,True,0.48601332830637384,16.486013328306374,1.798,0.148,0.076,0.48601332830637384,0.1594886138908707,False,BALANCING
200,200,10,1.25,0.0030625,nominal,0.18,True,0.48601332830637384,16.486013328306374,1.798,0.148,0.076,0.48601332830637384,0.1594886138908707,False,BALANCING
200,350,10,1.25,0.0030625,nominal,0.18,True,0.48601332830637384,16.486013328306374,1.798,0.148,0.076,0.48601332830637384,0.1594886138908707,False,BALANCING
200,500,10,1.25,0.0030625,nominal,0.18,True,0.48601332830637384,16.486013328306374,1.798,0.148,0.076,0.48601332830637384,0.1594886138908707,False,BALANCING
200,20,15,1.25,0.0030625,nominal,0.18,False,0,2.2409379409807766,,,0.076,,,True,FALLEN
200,50,15,1.25,0.0030625,nominal,0.18,True,1.8129468559309363,17.812946855930935,1.48,0.106,0.076,1.8129468559309363,0.49082768948678407,False,BALANCING
200,100,15,1.25,0.0030625,nominal,0.18,True,1.8129468559309363,17.812946855930935,1.48,0.106,0.076,1.8129468559309363,0.49082768948678407,False,BALANCING
200,200,15,1.25,0.0030625,nominal,0.18,True,1.8129468559309363,17.812946855930935,1.48,0.106,0.076,1.8129468559309363,0.49082768948678407,False,BALANCING
200,350,15,1.25,0.0030625,nominal,0.18,True,1.8129468559309363,17.812946855930935,1.48,0.106,0.076,1.8129468559309363,0.49082768948678407,False,BALANCING
200,500,15,1.25,0.0030625,nominal,0.18,True,1.8129468559309363,17.812946855930935,1.48,0.106,0.076,1.8129468559309363,0.49082768948678407,False,BALANCING
250,20,5,1.25,0.0030625,nominal,0.18,False,0,3.5927832190798537,,,0.10200000000000001,,,True,FALLEN
250,50,5,1.25,0.0030625,nominal,0.18,False,16.0,32.0,0.262,,0.10200000000000001,,,True,FALLEN
250,100,5,1.25,0.0030625,nominal,0.18,True,5.512451299373917,21.512451299373918,0.22,0.196,0.10200000000000001,1.7018993614968394,0.6760967058062838,False,BALANCING
250,200,5,1.25,0.0030625,nominal,0.18,True,5.512451299373917,21.512451299373918,0.22,0.196,0.10200000000000001,1.7018993614968394,0.6760967058062838,False,BALANCING
250,350,5,1.25,0.0030625,nominal,0.18,True,5.512451299373917,21.512451299373918,0.22,0.196,0.10200000000000001,1.7018993614968394,0.6760967058062838,False,BALANCING
250,500,5,1.25,0.0030625,nominal,0.18,True,5.512451299373917,21.512451299373918,0.22,0.196,0.10200000000000001,1.7018993614968394,0.6760967058062838,False,BALANCING
250,20,10,1.25,0.0030625,nominal,0.18,False,0,3.5927832190798537,,,0.10200000000000001,,,True,FALLEN
250,50,10,1.25,0.0030625,nominal,0.18,False,16.0,32.0,0.262,,0.10200000000000001,,,True,FALLEN
250,100,10,1.25,0.0030625,nominal,0.18,True,0.256940326487807,16.256940326487808,2.262,0.17,0.10200000000000001,0.256940326487807,0.2872362042386454,False,BALANCING
250,200,10,1.25,0.0030625,nominal,0.18,True,0.256940326487807,16.256940326487808,2.262,0.17,0.10200000000000001,0.256940326487807,0.2872362042386454,False,BALANCING
250,350,10,1.25,0.0030625,nominal,0.18,True,0.256940326487807,16.256940326487808,2.262,0.17,0.10200000000000001,0.256940326487807,0.2872362042386454,False,BALANCING
250,500,10,1.25,0.0030625,nominal,0.18,True,0.256940326487807,16.256940326487808,2.262,0.17,0.10200000000000001,0.256940326487807,0.2872362042386454,False,BALANCING
250,20,15,1.25,0.0030625,nominal,0.18,False,0,3.5927832190798537,,,0.10200000000000001,,,True,FALLEN
250,50,15,1.25,0.0030625,nominal,0.18,True,1.6352233342200841,17.635223334220083,1.582,0.13,0.10200000000000001,1.6352233342200841,0.39165996678198084,False,BALANCING
250,100,15,1.25,0.0030625,nominal,0.18,True,1.6352233342200841,17.635223334220083,1.582,0.13,0.10200000000000001,1.6352233342200841,0.39165996678198084,False,BALANCING
250,200,15,1.25,0.0030625,nominal,0.18,True,1.6352233342200841,17.635223334220083,1.582,0.13,0.10200000000000001,1.6352233342200841,0.39165996678198084,False,BALANCING
250,350,15,1.25,0.0030625,nominal,0.18,True,1.6352233342200841,17.635223334220083,1.582,0.13,0.10200000000000001,1.6352233342200841,0.39165996678198084,False,BALANCING
250,500,15,1.25,0.0030625,nominal,0.18,True,1.6352233342200841,17.635223334220083,1.582,0.13,0.10200000000000001,1.6352233342200841,0.39165996678198084,False,BALANCING
300,20,5,1.25,0.0030625,nominal,0.18,False,0,4.801534483354766,,,0.132,,,True,FALLEN
300,50,5,1.25,0.0030625,nominal,0.18,False,16.0,32.0,0.276,,0.132,,,True,FALLEN
300,100,5,1.25,0.0030625,nominal,0.18,False,7.780945238505386,23.780945238505385,0.244,0.222,0.132,2.3810947055672336,0.9305757242164409,False,BALANCING
300,200,5,1.25,0.0030625,nominal,0.18,False,7.780945238505386,23.780945238505385,0.244,0.222,0.132,2.3810947055672336,0.9305757242164409,False,BALANCING
300,350,5,1.25,0.0030625,nominal,0.18,False,7.780945238505386,23.780945238505385,0.244,0.222,0.132,2.3810947055672336,0.9305757242164409,False,BALANCING
300,500,5,1.25,0.0030625,nominal,0.18,False,7.780945238505386,23.780945238505385,0.244,0.222,0.132,2.3810947055672336,0.9305757242164409,False,BALANCING
300,20,10,1.25,0.0030625,nominal,0.18,False,0,4.801534483354766,,,0.132,,,True,FALLEN
300,50,10,1.25,0.0030625,nominal,0.18,False,16.0,32.0,0.276,,0.132,,,True,FALLEN
300,100,10,1.25,0.0030625,nominal,0.18,True,0,15.926833802455254,,0.198,0.132,0.24667674500582404,0.4520838067282798,False,BALANCING
300,200,10,1.25,0.0030625,nominal,0.18,True,0,15.926833802455254,,0.198,0.132,0.24667674500582404,0.4520838067282798,False,BALANCING
300,350,10,1.25,0.0030625,nominal,0.18,True,0,15.926833802455254,,0.198,0.132,0.24667674500582404,0.4520838067282798,False,BALANCING
300,500,10,1.25,0.0030625,nominal,0.18,True,0,15.926833802455254,,0.198,0.132,0.24667674500582404,0.4520838067282798,False,BALANCING
300,20,15,1.25,0.0030625,nominal,0.18,False,0,4.801534483354766,,,0.132,,,True,FALLEN
300,50,15,1.25,0.0030625,nominal,0.18,True,1.428362560686068,17.428362560686068,1.702,0.16,0.132,1.428362560686068,0.2842605218373613,False,BALANCING
300,100,15,1.25,0.0030625,nominal,0.18,True,1.428362560686068,17.428362560686068,1.702,0.16,0.132,1.428362560686068,0.2842605218373613,False,BALANCING
300,200,15,1.25,0.0030625,nominal,0.18,True,1.428362560686068,17.428362560686068,1.702,0.16,0.132,1.428362560686068,0.2842605218373613,False,BALANCING
300,350,15,1.25,0.0030625,nominal,0.18,True,1.428362560686068,17.428362560686068,1.702,0.16,0.132,1.428362560686068,0.2842605218373613,False,BALANCING
300,500,15,1.25,0.0030625,nominal,0.18,True,1.428362560686068,17.428362560686068,1.702,0.16,0.132,1.428362560686068,0.2842605218373613,False,BALANCING
350,20,5,1.25,0.0030625,nominal,0.18,False,0,6.75857521527392,,,0.166,,,True,FALLEN
350,50,5,1.25,0.0030625,nominal,0.18,False,16.0,32.0,0.3,,0.166,,,True,FALLEN
350,100,5,1.25,0.0030625,nominal,0.18,False,16.0,32.0,0.274,0.252,0.166,16.0,0.0,True,FALLEN
350,200,5,1.25,0.0030625,nominal,0.18,False,16.0,32.0,0.274,0.252,0.166,16.0,0.0,True,FALLEN
350,350,5,1.25,0.0030625,nominal,0.18,False,16.0,32.0,0.274,0.252,0.166,16.0,0.0,True,FALLEN
350,500,5,1.25,0.0030625,nominal,0.18,False,16.0,32.0,0.274,0.252,0.166,16.0,0.0,True,FALLEN
350,20,10,1.25,0.0030625,nominal,0.18,False,0,6.75857521527392,,,0.166,,,True,FALLEN
350,50,10,1.25,0.0030625,nominal,0.18,False,16.0,32.0,0.3,,0.166,,,True,FALLEN
350,100,10,1.25,0.0030625,nominal,0.18,True,0,15.592479036961114,,0.23,0.166,0.6469793255126081,0.5505297072329919,False,BALANCING
350,200,10,1.25,0.0030625,nominal,0.18,True,0,15.592479036961114,,0.23,0.166,0.6469793255126081,0.5505297072329919,False,BALANCING
350,350,10,1.25,0.0030625,nominal,0.18,True,0,15.592479036961114,,0.23,0.166,0.6469793255126081,0.5505297072329919,False,BALANCING
350,500,10,1.25,0.0030625,nominal,0.18,True,0,15.592479036961114,,0.23,0.166,0.6469793255126081,0.5505297072329919,False,BALANCING
350,20,15,1.25,0.0030625,nominal,0.18,False,0,6.75857521527392,,,0.166,,,True,FALLEN
350,50,15,1.25,0.0030625,nominal,0.18,True,1.2838988648773462,17.283898864877347,1.822,0.192,0.166,1.2838988648773462,0.3904177102964601,False,BALANCING
350,100,15,1.25,0.0030625,nominal,0.18,True,1.2838988648773462,17.283898864877347,1.822,0.192,0.166,1.2838988648773462,0.3904177102964601,False,BALANCING
350,200,15,1.25,0.0030625,nominal,0.18,True,1.2838988648773462,17.283898864877347,1.822,0.192,0.166,1.2838988648773462,0.3904177102964601,False,BALANCING
350,350,15,1.25,0.0030625,nominal,0.18,True,1.2838988648773462,17.283898864877347,1.822,0.192,0.166,1.2838988648773462,0.3904177102964601,False,BALANCING
350,500,15,1.25,0.0030625,nominal,0.18,True,1.2838988648773462,17.283898864877347,1.822,0.192,0.166,1.2838988648773462,0.3904177102964601,False,BALANCING
400,20,5,1.25,0.0030625,nominal,0.18,False,0,8.178460277703259,,,0.21,,,True,FALLEN
400,50,5,1.25,0.0030625,nominal,0.18,False,16.0,32.0,0.338,,0.21,,,True,FALLEN
400,100,5,1.25,0.0030625,nominal,0.18,False,16.0,32.0,0.314,0.294,0.21,16.0,0.0,True,FALLEN
400,200,5,1.25,0.0030625,nominal,0.18,False,16.0,32.0,0.314,0.294,0.21,16.0,0.0,True,FALLEN
400,350,5,1.25,0.0030625,nominal,0.18,False,16.0,32.0,0.314,0.294,0.21,16.0,0.0,True,FALLEN
400,500,5,1.25,0.0030625,nominal,0.18,False,16.0,32.0,0.314,0.294,0.21,16.0,0.0,True,FALLEN
400,20,10,1.25,0.0030625,nominal,0.18,False,0,8.178460277703259,,,0.21,,,True,FALLEN
400,50,10,1.25,0.0030625,nominal,0.18,False,16.0,32.0,0.338,,0.21,,,True,FALLEN
400,100,10,1.25,0.0030625,nominal,0.18,True,0,15.619152276861483,,0.272,0.21,1.1489896844846035,0.6896434127737846,False,BALANCING
400,200,10,1.25,0.0030625,nominal,0.18,True,0,15.619152276861483,,0.272,0.21,1.1489896844846035,0.6896434127737846,False,BALANCING
400,350,10,1.25,0.0030625,nominal,0.18,True,0,15.619152276861483,,0.272,0.21,1.1489896844846035,0.6896434127737846,False,BALANCING
400,500,10,1.25,0.0030625,nominal,0.18,True,0,15.619152276861483,,0.272,0.21,1.1489896844846035,0.6896434127737846,False,BALANCING
400,20,15,1.25,0.0030625,nominal,0.18,False,0,8.178460277703259,,,0.21,,,True,FALLEN
400,50,15,1.25,0.0030625,nominal,0.18,True,1.0893788651962315,17.08937886519623,1.984,0.23600000000000002,0.21,1.0893788651962315,0.5043626405084959,False,BALANCING
400,100,15,1.25,0.0030625,nominal,0.18,True,1.0893788651962315,17.08937886519623,1.984,0.23600000000000002,0.21,1.0893788651962315,0.5043626405084959,False,BALANCING
400,200,15,1.25,0.0030625,nominal,0.18,True,1.0893788651962315,17.08937886519623,1.984,0.23600000000000002,0.21,1.0893788651962315,0.5043626405084959,False,BALANCING
400,350,15,1.25,0.0030625,nominal,0.18,True,1.0893788651962315,17.08937886519623,1.984,0.23600000000000002,0.21,1.0893788651962315,0.5043626405084959,False,BALANCING
400,500,15,1.25,0.0030625,nominal,0.18,True,1.0893788651962315,17.08937886519623,1.984,0.23600000000000002,0.21,1.0893788651962315,0.5043626405084959,False,BALANCING
450,20,5,1.25,0.0030625,nominal,0.18,False,16.0,32.0,0.604,,0.268,,,True,FALLEN
450,50,5,1.25,0.0030625,nominal,0.18,False,16.0,32.0,0.384,,0.268,,,True,FALLEN
450,100,5,1.25,0.0030625,nominal,0.18,False,16.0,32.0,0.37,0.34800000000000003,0.268,16.0,0.0,True,FALLEN
450,200,5,1.25,0.0030625,nominal,0.18,False,16.0,32.0,0.37,0.34800000000000003,0.268,16.0,0.0,True,FALLEN
450,350,5,1.25,0.0030625,nominal,0.18,False,16.0,32.0,0.37,0.34800000000000003,0.268,16.0,0.0,True,FALLEN
450,500,5,1.25,0.0030625,nominal,0.18,False,16.0,32.0,0.37,0.34800000000000003,0.268,16.0,0.0,True,FALLEN
450,20,10,1.25,0.0030625,nominal,0.18,False,16.0,32.0,0.604,,0.268,,,True,FALLEN
450,50,10,1.25,0.0030625,nominal,0.18,False,16.0,32.0,0.384,,0.268,,,True,FALLEN
450,100,10,1.25,0.0030625,nominal,0.18,True,1.7900338535295939,17.790033853529593,0.404,0.328,0.268,1.7776210784378212,0.8619632504465421,False,BALANCING
450,200,10,1.25,0.0030625,nominal,0.18,True,1.7900338535295939,17.790033853529593,0.404,0.328,0.268,1.7776210784378212,0.8619632504465421,False,BALANCING
450,350,10,1.25,0.0030625,nominal,0.18,True,1.7900338535295939,17.790033853529593,0.404,0.328,0.268,1.7776210784378212,0.8619632504465421,False,BALANCING
450,500,10,1.25,0.0030625,nominal,0.18,True,1.7900338535295939,17.790033853529593,0.404,0.328,0.268,1.7776210784378212,0.8619632504465421,False,BALANCING
450,20,15,1.25,0.0030625,nominal,0.18,False,16.0,32.0,0.604,,0.268,,,True,FALLEN
450,50,15,1.25,0.0030625,nominal,0.18,True,0.8954319200153025,16.8954319200153,2.184,0.294,0.268,0.8954319200153025,0.6193357102424372,False,BALANCING
450,100,15,1.25,0.0030625,nominal,0.18,True,0.8954319200153025,16.8954319200153,2.184,0.294,0.268,0.8954319200153025,0.6193357102424372,False,BALANCING
450,200,15,1.25,0.0030625,nominal,0.18,True,0.8954319200153025,16.8954319200153,2.184,0.294,0.268,0.8954319200153025,0.6193357102424372,False,BALANCING
450,350,15,1.25,0.0030625,nominal,0.18,True,0.8954319200153025,16.8954319200153,2.184,0.294,0.268,0.8954319200153025,0.6193357102424372,False,BALANCING
450,500,15,1.25,0.0030625,nominal,0.18,True,0.8954319200153025,16.8954319200153,2.184,0.294,0.268,0.8954319200153025,0.6193357102424372,False,BALANCING
500,20,5,1.25,0.0030625,nominal,0.18,False,16.0,32.0,0.61,,0.352,,,True,FALLEN
500,50,5,1.25,0.0030625,nominal,0.18,False,16.0,32.0,0.466,,0.352,,,True,FALLEN
500,100,5,1.25,0.0030625,nominal,0.18,False,16.0,32.0,0.45,0.43,0.352,16.0,0.0,True,FALLEN
500,200,5,1.25,0.0030625,nominal,0.18,False,16.0,32.0,0.45,0.43,0.352,16.0,0.0,True,FALLEN
500,350,5,1.25,0.0030625,nominal,0.18,False,16.0,32.0,0.45,0.43,0.352,16.0,0.0,True,FALLEN
500,500,5,1.25,0.0030625,nominal,0.18,False,16.0,32.0,0.45,0.43,0.352,16.0,0.0,True,FALLEN
500,20,10,1.25,0.0030625,nominal,0.18,False,16.0,32.0,0.61,,0.352,,,True,FALLEN
500,50,10,1.25,0.0030625,nominal,0.18,False,16.0,32.0,0.466,,0.352,,,True,FALLEN
500,100,10,1.25,0.0030625,nominal,0.18,False,16.0,32.0,0.47600000000000003,0.41000000000000003,0.352,16.0,0.0,True,FALLEN
500,200,10,1.25,0.0030625,nominal,0.18,False,16.0,32.0,0.47600000000000003,0.41000000000000003,0.352,16.0,0.0,True,FALLEN
500,350,10,1.25,0.0030625,nominal,0.18,False,16.0,32.0,0.47600000000000003,0.41000000000000003,0.352,16.0,0.0,True,FALLEN
500,500,10,1.25,0.0030625,nominal,0.18,False,16.0,32.0,0.47600000000000003,0.41000000000000003,0.352,16.0,0.0,True,FALLEN
500,20,15,1.25,0.0030625,nominal,0.18,False,16.0,32.0,0.61,,0.352,,,True,FALLEN
500,50,15,1.25,0.0030625,nominal,0.18,True,0.7676360366481284,16.767636036648128,2.396,0.376,0.352,0.7676360366481284,0.7276503124835956,False,BALANCING
500,100,15,1.25,0.0030625,nominal,0.18,True,0.7676360366481284,16.767636036648128,2.396,0.376,0.352,0.7676360366481284,0.7276503124835956,False,BALANCING
500,200,15,1.25,0.0030625,nominal,0.18,True,0.7676360366481284,16.767636036648128,2.396,0.376,0.352,0.7676360366481284,0.7276503124835956,False,BALANCING
500,350,15,1.25,0.0030625,nominal,0.18,True,0.7676360366481284,16.767636036648128,2.396,0.376,0.352,0.7676360366481284,0.7276503124835956,False,BALANCING
500,500,15,1.25,0.0030625,nominal,0.18,True,0.7676360366481284,16.767636036648128,2.396,0.376,0.352,0.7676360366481284,0.7276503124835956,False,BALANCING
550,20,5,1.25,0.0030625,nominal,0.18,False,16.0,32.0,0.74,,0.52,,,True,FALLEN
550,50,5,1.25,0.0030625,nominal,0.18,False,16.0,32.0,0.628,,0.52,,,True,FALLEN
550,100,5,1.25,0.0030625,nominal,0.18,False,16.0,32.0,0.614,0.596,0.52,16.0,0.0,True,FALLEN
550,200,5,1.25,0.0030625,nominal,0.18,False,16.0,32.0,0.614,0.596,0.52,16.0,0.0,True,FALLEN
550,350,5,1.25,0.0030625,nominal,0.18,False,16.0,32.0,0.614,0.596,0.52,16.0,0.0,True,FALLEN
550,500,5,1.25,0.0030625,nominal,0.18,False,16.0,32.0,0.614,0.596,0.52,16.0,0.0,True,FALLEN
550,20,10,1.25,0.0030625,nominal,0.18,False,16.0,32.0,0.74,,0.52,,,True,FALLEN
550,50,10,1.25,0.0030625,nominal,0.18,False,16.0,32.0,0.628,,0.52,,,True,FALLEN
550,100,10,1.25,0.0030625,nominal,0.18,False,16.0,32.0,0.636,0.5760000000000001,0.52,16.0,0.0,True,FALLEN
550,200,10,1.25,0.0030625,nominal,0.18,False,16.0,32.0,0.636,0.5760000000000001,0.52,16.0,0.0,True,FALLEN
550,350,10,1.25,0.0030625,nominal,0.18,False,16.0,32.0,0.636,0.5760000000000001,0.52,16.0,0.0,True,FALLEN
550,500,10,1.25,0.0030625,nominal,0.18,False,16.0,32.0,0.636,0.5760000000000001,0.52,16.0,0.0,True,FALLEN
550,20,15,1.25,0.0030625,nominal,0.18,False,16.0,32.0,0.74,,0.52,,,True,FALLEN
550,50,15,1.25,0.0030625,nominal,0.18,True,0.5474823979749073,16.547482397974907,2.7800000000000002,0.544,0.52,0.5474823979749073,0.8467924890692052,False,BALANCING
550,100,15,1.25,0.0030625,nominal,0.18,True,0.5474823979749073,16.547482397974907,2.7800000000000002,0.544,0.52,0.5474823979749073,0.8467924890692052,False,BALANCING
550,200,15,1.25,0.0030625,nominal,0.18,True,0.5474823979749073,16.547482397974907,2.7800000000000002,0.544,0.52,0.5474823979749073,0.8467924890692052,False,BALANCING
550,350,15,1.25,0.0030625,nominal,0.18,True,0.5474823979749073,16.547482397974907,2.7800000000000002,0.544,0.52,0.5474823979749073,0.8467924890692052,False,BALANCING
550,500,15,1.25,0.0030625,nominal,0.18,True,0.5474823979749073,16.547482397974907,2.7800000000000002,0.544,0.52,0.5474823979749073,0.8467924890692052,False,BALANCING
580,20,5,1.25,0.0030625,nominal,0.18,False,16.0,32.0,1.188,,0.982,,,True,FALLEN
580,50,5,1.25,0.0030625,nominal,0.18,False,16.0,32.0,1.086,,0.982,,,True,FALLEN
580,100,5,1.25,0.0030625,nominal,0.18,False,16.0,32.0,1.074,1.058,0.982,16.0,0.0,True,FALLEN
580,200,5,1.25,0.0030625,nominal,0.18,False,16.0,32.0,1.074,1.058,0.982,16.0,0.0,True,FALLEN
580,350,5,1.25,0.0030625,nominal,0.18,False,16.0,32.0,1.074,1.058,0.982,16.0,0.0,True,FALLEN
580,500,5,1.25,0.0030625,nominal,0.18,False,16.0,32.0,1.074,1.058,0.982,16.0,0.0,True,FALLEN
580,20,10,1.25,0.0030625,nominal,0.18,False,16.0,32.0,1.188,,0.982,,,True,FALLEN
580,50,10,1.25,0.0030625,nominal,0.18,False,16.0,32.0,1.086,,0.982,,,True,FALLEN
580,100,10,1.25,0.0030625,nominal,0.18,False,16.0,32.0,1.092,1.038,0.982,16.0,0.0,True,FALLEN
580,200,10,1.25,0.0030625,nominal,0.18,False,16.0,32.0,1.092,1.038,0.982,16.0,0.0,True,FALLEN
580,350,10,1.25,0.0030625,nominal,0.18,False,16.0,32.0,1.092,1.038,0.982,16.0,0.0,True,FALLEN
580,500,10,1.25,0.0030625,nominal,0.18,False,16.0,32.0,1.092,1.038,0.982,16.0,0.0,True,FALLEN
580,20,15,1.25,0.0030625,nominal,0.18,False,16.0,32.0,1.188,,0.982,,,True,FALLEN
580,50,15,1.25,0.0030625,nominal,0.18,True,0.39625927392354654,16.396259273923548,3.414,1.006,0.982,0.39625927392354654,0.9194889511226952,False,BALANCING
580,100,15,1.25,0.0030625,nominal,0.18,True,0.39625927392354654,16.396259273923548,3.414,1.006,0.982,0.39625927392354654,0.9194889511226952,False,BALANCING
580,200,15,1.25,0.0030625,nominal,0.18,True,0.39625927392354654,16.396259273923548,3.414,1.006,0.982,0.39625927392354654,0.9194889511226952,False,BALANCING
580,350,15,1.25,0.0030625,nominal,0.18,True,0.39625927392354654,16.396259273923548,3.414,1.006,0.982,0.39625927392354654,0.9194889511226952,False,BALANCING
580,500,15,1.25,0.0030625,nominal,0.18,True,0.39625927392354654,16.396259273923548,3.414,1.006,0.982,0.39625927392354654,0.9194889511226952,False,BALANCING
100,20,5,1.25,0.0030625,half_20ms,0.18,False,0,0.0,,,0.034,,,False,FALLEN
100,50,5,1.25,0.0030625,half_20ms,0.18,False,0,0.4194868599878383,,,0.034,,,True,FALLEN
100,100,5,1.25,0.0030625,half_20ms,0.18,False,0,5.42569308549221,,,0.034,,,True,FALLEN
100,200,5,1.25,0.0030625,half_20ms,0.18,True,8.220040941076459,24.22004094107646,0.232,0.20400000000000001,0.034,1.5050905251851938,0.45081527833029233,False,BALANCING
100,350,5,1.25,0.0030625,half_20ms,0.18,True,8.220040941076459,24.22004094107646,0.232,0.20400000000000001,0.034,1.5050905251851938,0.45081527833029233,False,BALANCING
100,500,5,1.25,0.0030625,half_20ms,0.18,True,8.220040941076459,24.22004094107646,0.232,0.20400000000000001,0.034,1.5050905251851938,0.45081527833029233,False,BALANCING
100,20,10,1.25,0.0030625,half_20ms,0.18,False,0,0.0,,,0.034,,,False,FALLEN
100,50,10,1.25,0.0030625,half_20ms,0.18,False,0,0.4194868599878383,,,0.034,,,True,FALLEN
100,100,10,1.25,0.0030625,half_20ms,0.18,False,0,5.42569308549221,,,0.034,,,True,FALLEN
100,200,10,1.25,0.0030625,half_20ms,0.18,True,0.746076738032246,16.746076738032247,1.246,0.17200000000000001,0.034,0.7270678678680116,0.2612105441118491,False,BALANCING
100,350,10,1.25,0.0030625,half_20ms,0.18,True,0.746076738032246,16.746076738032247,1.246,0.17200000000000001,0.034,0.7270678678680116,0.2612105441118491,False,BALANCING
100,500,10,1.25,0.0030625,half_20ms,0.18,True,0.746076738032246,16.746076738032247,1.246,0.17200000000000001,0.034,0.7270678678680116,0.2612105441118491,False,BALANCING
100,20,15,1.25,0.0030625,half_20ms,0.18,False,0,0.0,,,0.034,,,False,FALLEN
100,50,15,1.25,0.0030625,half_20ms,0.18,False,0,0.4194868599878383,,,0.034,,,True,FALLEN
100,100,15,1.25,0.0030625,half_20ms,0.18,False,2.408289024007573,18.408289024007573,1.32,0.114,0.034,2.3919008586625483,0.7764463524006538,False,BALANCING
100,200,15,1.25,0.0030625,half_20ms,0.18,False,2.408289024007573,18.408289024007573,1.32,0.114,0.034,2.3919008586625483,0.7764463524006538,False,BALANCING
100,350,15,1.25,0.0030625,half_20ms,0.18,False,2.408289024007573,18.408289024007573,1.32,0.114,0.034,2.3919008586625483,0.7764463524006538,False,BALANCING
100,500,15,1.25,0.0030625,half_20ms,0.18,False,2.408289024007573,18.408289024007573,1.32,0.114,0.034,2.3919008586625483,0.7764463524006538,False,BALANCING
150,20,5,1.25,0.0030625,half_20ms,0.18,False,0,0.0,,,0.054,,,False,FALLEN
150,50,5,1.25,0.0030625,half_20ms,0.18,False,0,0.63591047395985,,,0.054,,,True,FALLEN
150,100,5,1.25,0.0030625,half_20ms,0.18,False,0,4.432461147108583,,,0.054,,,True,FALLEN
150,200,5,1.25,0.0030625,half_20ms,0.18,True,8.913142283621832,24.91314228362183,0.256,0.226,0.054,1.7954329761112107,0.5767457046906593,False,BALANCING
150,350,5,1.25,0.0030625,half_20ms,0.18,True,8.913142283621832,24.91314228362183,0.256,0.226,0.054,1.7954329761112107,0.5767457046906593,False,BALANCING
150,500,5,1.25,0.0030625,half_20ms,0.18,True,8.913142283621832,24.91314228362183,0.256,0.226,0.054,1.7954329761112107,0.5767457046906593,False,BALANCING
150,20,10,1.25,0.0030625,half_20ms,0.18,False,0,0.0,,,0.054,,,False,FALLEN
150,50,10,1.25,0.0030625,half_20ms,0.18,False,0,0.63591047395985,,,0.054,,,True,FALLEN
150,100,10,1.25,0.0030625,half_20ms,0.18,False,0,4.432461147108583,,,0.054,,,True,FALLEN
150,200,10,1.25,0.0030625,half_20ms,0.18,True,0.6169246155580833,16.616924615558084,1.446,0.194,0.054,0.6150865857899624,0.19153228659718285,False,BALANCING
150,350,10,1.25,0.0030625,half_20ms,0.18,True,0.6169246155580833,16.616924615558084,1.446,0.194,0.054,0.6150865857899624,0.19153228659718285,False,BALANCING
150,500,10,1.25,0.0030625,half_20ms,0.18,True,0.6169246155580833,16.616924615558084,1.446,0.194,0.054,0.6150865857899624,0.19153228659718285,False,BALANCING
150,20,15,1.25,0.0030625,half_20ms,0.18,False,0,0.0,,,0.054,,,False,FALLEN
150,50,15,1.25,0.0030625,half_20ms,0.18,False,0,0.63591047395985,,,0.054,,,True,FALLEN
150,100,15,1.25,0.0030625,half_20ms,0.18,False,2.3267082619734474,18.326708261973447,1.3920000000000001,0.128,0.054,2.3216619585094804,0.7135781607357309,False,BALANCING
150,200,15,1.25,0.0030625,half_20ms,0.18,False,2.3267082619734474,18.326708261973447,1.3920000000000001,0.128,0.054,2.3216619585094804,0.7135781607357309,False,BALANCING
150,350,15,1.25,0.0030625,half_20ms,0.18,False,2.3267082619734474,18.326708261973447,1.3920000000000001,0.128,0.054,2.3216619585094804,0.7135781607357309,False,BALANCING
150,500,15,1.25,0.0030625,half_20ms,0.18,False,2.3267082619734474,18.326708261973447,1.3920000000000001,0.128,0.054,2.3216619585094804,0.7135781607357309,False,BALANCING
200,20,5,1.25,0.0030625,half_20ms,0.18,False,0,0.0,,,0.076,,,False,FALLEN
200,50,5,1.25,0.0030625,half_20ms,0.18,False,0,0.8204168564983103,,,0.076,,,True,FALLEN
200,100,5,1.25,0.0030625,half_20ms,0.18,False,0,6.3312628116236045,,,0.076,,,True,FALLEN
200,200,5,1.25,0.0030625,half_20ms,0.18,True,8.987571894398503,24.987571894398503,0.278,0.25,0.076,1.9805047397852018,0.6734489928476353,False,BALANCING
200,350,5,1.25,0.0030625,half_20ms,0.18,True,8.987571894398503,24.987571894398503,0.278,0.25,0.076,1.9805047397852018,0.6734489928476353,False,BALANCING
200,500,5,1.25,0.0030625,half_20ms,0.18,True,8.987571894398503,24.987571894398503,0.278,0.25,0.076,1.9805047397852018,0.6734489928476353,False,BALANCING
200,20,10,1.25,0.0030625,half_20ms,0.18,False,0,0.0,,,0.076,,,False,FALLEN
200,50,10,1.25,0.0030625,half_20ms,0.18,False,0,0.8204168564983103,,,0.076,,,True,FALLEN
200,100,10,1.25,0.0030625,half_20ms,0.18,False,0,6.3312628116236045,,,0.076,,,True,FALLEN
200,200,10,1.25,0.0030625,half_20ms,0.18,True,0.7351004999729553,16.735100499972955,1.622,0.216,0.076,0.7351004999729553,0.18998310763417545,False,BALANCING
200,350,10,1.25,0.0030625,half_20ms,0.18,True,0.7351004999729553,16.735100499972955,1.622,0.216,0.076,0.7351004999729553,0.18998310763417545,False,BALANCING
200,500,10,1.25,0.0030625,half_20ms,0.18,True,0.7351004999729553,16.735100499972955,1.622,0.216,0.076,0.7351004999729553,0.18998310763417545,False,BALANCING
200,20,15,1.25,0.0030625,half_20ms,0.18,False,0,0.0,,,0.076,,,False,FALLEN
200,50,15,1.25,0.0030625,half_20ms,0.18,False,0,0.8204168564983103,,,0.076,,,True,FALLEN
200,100,15,1.25,0.0030625,half_20ms,0.18,False,2.218229832603267,18.218229832603267,1.47,0.146,0.076,2.218076649988632,0.6387907913471675,False,BALANCING
200,200,15,1.25,0.0030625,half_20ms,0.18,False,2.218229832603267,18.218229832603267,1.47,0.146,0.076,2.218076649988632,0.6387907913471675,False,BALANCING
200,350,15,1.25,0.0030625,half_20ms,0.18,False,2.218229832603267,18.218229832603267,1.47,0.146,0.076,2.218076649988632,0.6387907913471675,False,BALANCING
200,500,15,1.25,0.0030625,half_20ms,0.18,False,2.218229832603267,18.218229832603267,1.47,0.146,0.076,2.218076649988632,0.6387907913471675,False,BALANCING
250,20,5,1.25,0.0030625,half_20ms,0.18,False,0,0.0,,,0.10200000000000001,,,False,FALLEN
250,50,5,1.25,0.0030625,half_20ms,0.18,False,0,1.0564712456473835,,,0.10200000000000001,,,True,FALLEN
250,100,5,1.25,0.0030625,half_20ms,0.18,False,0,7.960042334301065,,,0.10200000000000001,,,True,FALLEN
250,200,5,1.25,0.0030625,half_20ms,0.18,True,7.324978683138129,23.324978683138127,0.306,0.276,0.10200000000000001,1.8379654575519542,0.6706302046581771,False,BALANCING
250,350,5,1.25,0.0030625,half_20ms,0.18,True,7.324978683138129,23.324978683138127,0.306,0.276,0.10200000000000001,1.8379654575519542,0.6706302046581771,False,BALANCING
250,500,5,1.25,0.0030625,half_20ms,0.18,True,7.324978683138129,23.324978683138127,0.306,0.276,0.10200000000000001,1.8379654575519542,0.6706302046581771,False,BALANCING
250,20,10,1.25,0.0030625,half_20ms,0.18,False,0,0.0,,,0.10200000000000001,,,False,FALLEN
250,50,10,1.25,0.0030625,half_20ms,0.18,False,0,1.0564712456473835,,,0.10200000000000001,,,True,FALLEN
250,100,10,1.25,0.0030625,half_20ms,0.18,False,0,7.960042334301065,,,0.10200000000000001,,,True,FALLEN
250,200,10,1.25,0.0030625,half_20ms,0.18,True,0.8255329625736416,16.825532962573643,1.768,0.23800000000000002,0.10200000000000001,0.8255329625736416,0.16732690238964373,False,BALANCING
250,350,10,1.25,0.0030625,half_20ms,0.18,True,0.8255329625736416,16.825532962573643,1.768,0.23800000000000002,0.10200000000000001,0.8255329625736416,0.16732690238964373,False,BALANCING
250,500,10,1.25,0.0030625,half_20ms,0.18,True,0.8255329625736416,16.825532962573643,1.768,0.23800000000000002,0.10200000000000001,0.8255329625736416,0.16732690238964373,False,BALANCING
250,20,15,1.25,0.0030625,half_20ms,0.18,False,0,0.0,,,0.10200000000000001,,,False,FALLEN
250,50,15,1.25,0.0030625,half_20ms,0.18,False,0,1.0564712456473835,,,0.10200000000000001,,,True,FALLEN
250,100,15,1.25,0.0030625,half_20ms,0.18,False,2.0801305373669634,18.080130537366962,1.562,0.17200000000000001,0.10200000000000001,2.0801305373669634,0.5504004011155166,False,BALANCING
250,200,15,1.25,0.0030625,half_20ms,0.18,False,2.0801305373669634,18.080130537366962,1.562,0.17200000000000001,0.10200000000000001,2.0801305373669634,0.5504004011155166,False,BALANCING
250,350,15,1.25,0.0030625,half_20ms,0.18,False,2.0801305373669634,18.080130537366962,1.562,0.17200000000000001,0.10200000000000001,2.0801305373669634,0.5504004011155166,False,BALANCING
250,500,15,1.25,0.0030625,half_20ms,0.18,False,2.0801305373669634,18.080130537366962,1.562,0.17200000000000001,0.10200000000000001,2.0801305373669634,0.5504004011155166,False,BALANCING
300,20,5,1.25,0.0030625,half_20ms,0.18,False,0,0.0,,,0.132,,,False,FALLEN
300,50,5,1.25,0.0030625,half_20ms,0.18,False,0,1.5624511667830099,,,0.132,,,True,FALLEN
300,100,5,1.25,0.0030625,half_20ms,0.18,False,16.0,32.0,0.52,,0.132,,,True,FALLEN
300,200,5,1.25,0.0030625,half_20ms,0.18,True,2.8287797385190627,18.828779738519064,0.332,0.298,0.132,1.1627226872743956,0.49864839840963177,False,BALANCING
300,350,5,1.25,0.0030625,half_20ms,0.18,True,2.8287797385190627,18.828779738519064,0.332,0.298,0.132,1.1627226872743956,0.49864839840963177,False,BALANCING
300,500,5,1.25,0.0030625,half_20ms,0.18,True,2.8287797385190627,18.828779738519064,0.332,0.298,0.132,1.1627226872743956,0.49864839840963177,False,BALANCING
300,20,10,1.25,0.0030625,half_20ms,0.18,False,0,0.0,,,0.132,,,False,FALLEN
300,50,10,1.25,0.0030625,half_20ms,0.18,False,0,1.5624511667830099,,,0.132,,,True,FALLEN
300,100,10,1.25,0.0030625,half_20ms,0.18,False,16.0,32.0,0.52,,0.132,,,True,FALLEN
300,200,10,1.25,0.0030625,half_20ms,0.18,True,0.5071272930748635,16.507127293074863,2.114,0.26,0.132,0.5071272930748635,0.3193189652873096,False,BALANCING
300,350,10,1.25,0.0030625,half_20ms,0.18,True,0.5071272930748635,16.507127293074863,2.114,0.26,0.132,0.5071272930748635,0.3193189652873096,False,BALANCING
300,500,10,1.25,0.0030625,half_20ms,0.18,True,0.5071272930748635,16.507127293074863,2.114,0.26,0.132,0.5071272930748635,0.3193189652873096,False,BALANCING
300,20,15,1.25,0.0030625,half_20ms,0.18,False,0,0.0,,,0.132,,,False,FALLEN
300,50,15,1.25,0.0030625,half_20ms,0.18,False,0,1.5624511667830099,,,0.132,,,True,FALLEN
300,100,15,1.25,0.0030625,half_20ms,0.18,True,1.947758635913902,17.947758635913903,1.6600000000000001,0.196,0.132,1.947758635913902,0.4561284074139755,False,BALANCING
300,200,15,1.25,0.0030625,half_20ms,0.18,True,1.947758635913902,17.947758635913903,1.6600000000000001,0.196,0.132,1.947758635913902,0.4561284074139755,False,BALANCING
300,350,15,1.25,0.0030625,half_20ms,0.18,True,1.947758635913902,17.947758635913903,1.6600000000000001,0.196,0.132,1.947758635913902,0.4561284074139755,False,BALANCING
300,500,15,1.25,0.0030625,half_20ms,0.18,True,1.947758635913902,17.947758635913903,1.6600000000000001,0.196,0.132,1.947758635913902,0.4561284074139755,False,BALANCING
350,20,5,1.25,0.0030625,half_20ms,0.18,False,0,0.0,,,0.166,,,False,FALLEN
350,50,5,1.25,0.0030625,half_20ms,0.18,False,0,2.008001523705232,,,0.166,,,True,FALLEN
350,100,5,1.25,0.0030625,half_20ms,0.18,False,16.0,32.0,0.442,,0.166,,,True,FALLEN
350,200,5,1.25,0.0030625,half_20ms,0.18,True,4.533239851671653,20.533239851671652,0.356,0.326,0.166,1.6949764325336123,0.7076673515468427,False,BALANCING
350,350,5,1.25,0.0030625,half_20ms,0.18,True,4.533239851671653,20.533239851671652,0.356,0.326,0.166,1.6949764325336123,0.7076673515468427,False,BALANCING
350,500,5,1.25,0.0030625,half_20ms,0.18,True,4.533239851671653,20.533239851671652,0.356,0.326,0.166,1.6949764325336123,0.7076673515468427,False,BALANCING
350,20,10,1.25,0.0030625,half_20ms,0.18,False,0,0.0,,,0.166,,,False,FALLEN
350,50,10,1.25,0.0030625,half_20ms,0.18,False,0,2.008001523705232,,,0.166,,,True,FALLEN
350,100,10,1.25,0.0030625,half_20ms,0.18,False,16.0,32.0,0.442,,0.166,,,True,FALLEN
350,200,10,1.25,0.0030625,half_20ms,0.18,True,0.26362484919244866,16.26362484919245,2.588,0.28800000000000003,0.166,0.26362484919244866,0.4722094100554892,False,BALANCING
350,350,10,1.25,0.0030625,half_20ms,0.18,True,0.26362484919244866,16.26362484919245,2.588,0.28800000000000003,0.166,0.26362484919244866,0.4722094100554892,False,BALANCING
350,500,10,1.25,0.0030625,half_20ms,0.18,True,0.26362484919244866,16.26362484919245,2.588,0.28800000000000003,0.166,0.26362484919244866,0.4722094100554892,False,BALANCING
350,20,15,1.25,0.0030625,half_20ms,0.18,False,0,0.0,,,0.166,,,False,FALLEN
350,50,15,1.25,0.0030625,half_20ms,0.18,False,0,2.008001523705232,,,0.166,,,True,FALLEN
350,100,15,1.25,0.0030625,half_20ms,0.18,True,1.7368291641279543,17.736829164127954,1.776,0.228,0.166,1.7368291641279543,0.35677685990156327,False,BALANCING
350,200,15,1.25,0.0030625,half_20ms,0.18,True,1.7368291641279543,17.736829164127954,1.776,0.228,0.166,1.7368291641279543,0.35677685990156327,False,BALANCING
350,350,15,1.25,0.0030625,half_20ms,0.18,True,1.7368291641279543,17.736829164127954,1.776,0.228,0.166,1.7368291641279543,0.35677685990156327,False,BALANCING
350,500,15,1.25,0.0030625,half_20ms,0.18,True,1.7368291641279543,17.736829164127954,1.776,0.228,0.166,1.7368291641279543,0.35677685990156327,False,BALANCING
400,20,5,1.25,0.0030625,half_20ms,0.18,False,0,0.0,,,0.21,,,False,FALLEN
400,50,5,1.25,0.0030625,half_20ms,0.18,False,0,2.3157561132170645,,,0.21,,,True,FALLEN
400,100,5,1.25,0.0030625,half_20ms,0.18,False,16.0,32.0,0.446,,0.21,,,True,FALLEN
400,200,5,1.25,0.0030625,half_20ms,0.18,False,5.842691606495505,21.842691606495507,0.394,0.362,0.21,2.1763670977430065,0.8990095316354073,False,BALANCING
400,350,5,1.25,0.0030625,half_20ms,0.18,False,5.842691606495505,21.842691606495507,0.394,0.362,0.21,2.1763670977430065,0.8990095316354073,False,BALANCING
400,500,5,1.25,0.0030625,half_20ms,0.18,False,5.842691606495505,21.842691606495507,0.394,0.362,0.21,2.1763670977430065,0.8990095316354073,False,BALANCING
400,20,10,1.25,0.0030625,half_20ms,0.18,False,0,0.0,,,0.21,,,False,FALLEN
400,50,10,1.25,0.0030625,half_20ms,0.18,False,0,2.3157561132170645,,,0.21,,,True,FALLEN
400,100,10,1.25,0.0030625,half_20ms,0.18,False,16.0,32.0,0.446,,0.21,,,True,FALLEN
400,200,10,1.25,0.0030625,half_20ms,0.18,True,0,15.92180823541847,,0.328,0.21,0.33032323881388787,0.6636660966760363,False,BALANCING
400,350,10,1.25,0.0030625,half_20ms,0.18,True,0,15.92180823541847,,0.328,0.21,0.33032323881388787,0.6636660966760363,False,BALANCING
400,500,10,1.25,0.0030625,half_20ms,0.18,True,0,15.92180823541847,,0.328,0.21,0.33032323881388787,0.6636660966760363,False,BALANCING
400,20,15,1.25,0.0030625,half_20ms,0.18,False,0,0.0,,,0.21,,,False,FALLEN
400,50,15,1.25,0.0030625,half_20ms,0.18,False,0,2.3157561132170645,,,0.21,,,True,FALLEN
400,100,15,1.25,0.0030625,half_20ms,0.18,True,1.5231779637561385,17.52317796375614,1.9160000000000001,0.27,0.21,1.5231779637561385,0.49310860116416355,False,BALANCING
400,200,15,1.25,0.0030625,half_20ms,0.18,True,1.5231779637561385,17.52317796375614,1.9160000000000001,0.27,0.21,1.5231779637561385,0.49310860116416355,False,BALANCING
400,350,15,1.25,0.0030625,half_20ms,0.18,True,1.5231779637561385,17.52317796375614,1.9160000000000001,0.27,0.21,1.5231779637561385,0.49310860116416355,False,BALANCING
400,500,15,1.25,0.0030625,half_20ms,0.18,True,1.5231779637561385,17.52317796375614,1.9160000000000001,0.27,0.21,1.5231779637561385,0.49310860116416355,False,BALANCING
450,20,5,1.25,0.0030625,half_20ms,0.18,False,0,0.0,,,0.268,,,False,FALLEN
450,50,5,1.25,0.0030625,half_20ms,0.18,False,0,3.1282199440196603,,,0.268,,,True,FALLEN
450,100,5,1.25,0.0030625,half_20ms,0.18,False,16.0,32.0,0.484,,0.268,,,True,FALLEN
450,200,5,1.25,0.0030625,half_20ms,0.18,False,16.0,32.0,0.446,0.418,0.268,16.0,0.0,True,FALLEN
450,350,5,1.25,0.0030625,half_20ms,0.18,False,16.0,32.0,0.446,0.418,0.268,16.0,0.0,True,FALLEN
450,500,5,1.25,0.0030625,half_20ms,0.18,False,16.0,32.0,0.446,0.418,0.268,16.0,0.0,True,FALLEN
450,20,10,1.25,0.0030625,half_20ms,0.18,False,0,0.0,,,0.268,,,False,FALLEN
450,50,10,1.25,0.0030625,half_20ms,0.18,False,0,3.1282199440196603,,,0.268,,,True,FALLEN
450,100,10,1.25,0.0030625,half_20ms,0.18,False,16.0,32.0,0.484,,0.268,,,True,FALLEN
450,200,10,1.25,0.0030625,half_20ms,0.18,True,0,15.641413799537982,,0.384,0.268,0.6082309584359908,0.6413454958888793,False,BALANCING
450,350,10,1.25,0.0030625,half_20ms,0.18,True,0,15.641413799537982,,0.384,0.268,0.6082309584359908,0.6413454958888793,False,BALANCING
450,500,10,1.25,0.0030625,half_20ms,0.18,True,0,15.641413799537982,,0.384,0.268,0.6082309584359908,0.6413454958888793,False,BALANCING
450,20,15,1.25,0.0030625,half_20ms,0.18,False,0,0.0,,,0.268,,,False,FALLEN
450,50,15,1.25,0.0030625,half_20ms,0.18,False,0,3.1282199440196603,,,0.268,,,True,FALLEN
450,100,15,1.25,0.0030625,half_20ms,0.18,True,1.3061141101292186,17.30611411012922,2.088,0.33,0.268,1.3061141101292186,0.6243391129345087,False,BALANCING
450,200,15,1.25,0.0030625,half_20ms,0.18,True,1.3061141101292186,17.30611411012922,2.088,0.33,0.268,1.3061141101292186,0.6243391129345087,False,BALANCING
450,350,15,1.25,0.0030625,half_20ms,0.18,True,1.3061141101292186,17.30611411012922,2.088,0.33,0.268,1.3061141101292186,0.6243391129345087,False,BALANCING
450,500,15,1.25,0.0030625,half_20ms,0.18,True,1.3061141101292186,17.30611411012922,2.088,0.33,0.268,1.3061141101292186,0.6243391129345087,False,BALANCING
500,20,5,1.25,0.0030625,half_20ms,0.18,False,0,0.0,,,0.352,,,False,FALLEN
500,50,5,1.25,0.0030625,half_20ms,0.18,False,0,4.64192263618569,,,0.352,,,True,FALLEN
500,100,5,1.25,0.0030625,half_20ms,0.18,False,16.0,32.0,0.55,,0.352,,,True,FALLEN
500,200,5,1.25,0.0030625,half_20ms,0.18,False,16.0,32.0,0.522,0.494,0.352,16.0,0.0,True,FALLEN
500,350,5,1.25,0.0030625,half_20ms,0.18,False,16.0,32.0,0.522,0.494,0.352,16.0,0.0,True,FALLEN
500,500,5,1.25,0.0030625,half_20ms,0.18,False,16.0,32.0,0.522,0.494,0.352,16.0,0.0,True,FALLEN
500,20,10,1.25,0.0030625,half_20ms,0.18,False,0,0.0,,,0.352,,,False,FALLEN
500,50,10,1.25,0.0030625,half_20ms,0.18,False,0,4.64192263618569,,,0.352,,,True,FALLEN
500,100,10,1.25,0.0030625,half_20ms,0.18,False,16.0,32.0,0.55,,0.352,,,True,FALLEN
500,200,10,1.25,0.0030625,half_20ms,0.18,True,0,15.293002131433083,,0.462,0.352,1.0559005559992936,0.7750652556405697,False,BALANCING
500,350,10,1.25,0.0030625,half_20ms,0.18,True,0,15.293002131433083,,0.462,0.352,1.0559005559992936,0.7750652556405697,False,BALANCING
500,500,10,1.25,0.0030625,half_20ms,0.18,True,0,15.293002131433083,,0.462,0.352,1.0559005559992936,0.7750652556405697,False,BALANCING
500,20,15,1.25,0.0030625,half_20ms,0.18,False,0,0.0,,,0.352,,,False,FALLEN
500,50,15,1.25,0.0030625,half_20ms,0.18,False,0,4.64192263618569,,,0.352,,,True,FALLEN
500,100,15,1.25,0.0030625,half_20ms,0.18,True,1.1279571346845259,17.127957134684525,2.29,0.41000000000000003,0.352,1.1279571346845259,0.7606768793004318,False,BALANCING
500,200,15,1.25,0.0030625,half_20ms,0.18,True,1.1279571346845259,17.127957134684525,2.29,0.41000000000000003,0.352,1.1279571346845259,0.7606768793004318,False,BALANCING
500,350,15,1.25,0.0030625,half_20ms,0.18,True,1.1279571346845259,17.127957134684525,2.29,0.41000000000000003,0.352,1.1279571346845259,0.7606768793004318,False,BALANCING
500,500,15,1.25,0.0030625,half_20ms,0.18,True,1.1279571346845259,17.127957134684525,2.29,0.41000000000000003,0.352,1.1279571346845259,0.7606768793004318,False,BALANCING
550,20,5,1.25,0.0030625,half_20ms,0.18,False,0,0.0,,,0.52,,,False,FALLEN
550,50,5,1.25,0.0030625,half_20ms,0.18,False,16.0,32.0,1.1340000000000001,,0.52,,,True,FALLEN
550,100,5,1.25,0.0030625,half_20ms,0.18,False,16.0,32.0,0.704,,0.52,,,True,FALLEN
550,200,5,1.25,0.0030625,half_20ms,0.18,False,16.0,32.0,0.684,0.658,0.52,16.0,0.0,True,FALLEN
550,350,5,1.25,0.0030625,half_20ms,0.18,False,16.0,32.0,0.684,0.658,0.52,16.0,0.0,True,FALLEN
550,500,5,1.25,0.0030625,half_20ms,0.18,False,16.0,32.0,0.684,0.658,0.52,16.0,0.0,True,FALLEN
550,20,10,1.25,0.0030625,half_20ms,0.18,False,0,0.0,,,0.52,,,False,FALLEN
550,50,10,1.25,0.0030625,half_20ms,0.18,False,16.0,32.0,1.1340000000000001,,0.52,,,True,FALLEN
550,100,10,1.25,0.0030625,half_20ms,0.18,False,16.0,32.0,0.704,,0.52,,,True,FALLEN
550,200,10,1.25,0.0030625,half_20ms,0.18,True,0,15.93986367274613,,0.628,0.52,1.6098416153403245,0.911501327173749,False,BALANCING
550,350,10,1.25,0.0030625,half_20ms,0.18,True,0,15.93986367274613,,0.628,0.52,1.6098416153403245,0.911501327173749,False,BALANCING
550,500,10,1.25,0.0030625,half_20ms,0.18,True,0,15.93986367274613,,0.628,0.52,1.6098416153403245,0.911501327173749,False,BALANCING
550,20,15,1.25,0.0030625,half_20ms,0.18,False,0,0.0,,,0.52,,,False,FALLEN
550,50,15,1.25,0.0030625,half_20ms,0.18,False,16.0,32.0,1.1340000000000001,,0.52,,,True,FALLEN
550,100,15,1.25,0.0030625,half_20ms,0.18,True,0.9676224580222159,16.967622458022216,2.586,0.5760000000000001,0.52,0.9676224580222159,0.8951784043165756,False,BALANCING
550,200,15,1.25,0.0030625,half_20ms,0.18,True,0.9676224580222159,16.967622458022216,2.586,0.5760000000000001,0.52,0.9676224580222159,0.8951784043165756,False,BALANCING
550,350,15,1.25,0.0030625,half_20ms,0.18,True,0.9676224580222159,16.967622458022216,2.586,0.5760000000000001,0.52,0.9676224580222159,0.8951784043165756,False,BALANCING
550,500,15,1.25,0.0030625,half_20ms,0.18,True,0.9676224580222159,16.967622458022216,2.586,0.5760000000000001,0.52,0.9676224580222159,0.8951784043165756,False,BALANCING
580,20,5,1.25,0.0030625,half_20ms,0.18,False,0,0.0,,,0.982,,,False,FALLEN
580,50,5,1.25,0.0030625,half_20ms,0.18,False,16.0,32.0,1.3840000000000001,,0.982,,,True,FALLEN
580,100,5,1.25,0.0030625,half_20ms,0.18,False,16.0,32.0,1.162,,0.982,,,True,FALLEN
580,200,5,1.25,0.0030625,half_20ms,0.18,False,16.0,32.0,1.1440000000000001,1.118,0.982,16.0,0.0,True,FALLEN
580,350,5,1.25,0.0030625,half_20ms,0.18,False,16.0,32.0,1.1440000000000001,1.118,0.982,16.0,0.0,True,FALLEN
580,500,5,1.25,0.0030625,half_20ms,0.18,False,16.0,32.0,1.1440000000000001,1.118,0.982,16.0,0.0,True,FALLEN
580,20,10,1.25,0.0030625,half_20ms,0.18,False,0,0.0,,,0.982,,,False,FALLEN
580,50,10,1.25,0.0030625,half_20ms,0.18,False,16.0,32.0,1.3840000000000001,,0.982,,,True,FALLEN
580,100,10,1.25,0.0030625,half_20ms,0.18,False,16.0,32.0,1.162,,0.982,,,True,FALLEN
580,200,10,1.25,0.0030625,half_20ms,0.18,False,1.4312422971399044,17.431242297139903,1.186,1.088,0.982,2.0448109774969043,1.0155908151346644,False,BALANCING
580,350,10,1.25,0.0030625,half_20ms,0.18,False,1.4312422971399044,17.431242297139903,1.186,1.088,0.982,2.0448109774969043,1.0155908151346644,False,BALANCING
580,500,10,1.25,0.0030625,half_20ms,0.18,False,1.4312422971399044,17.431242297139903,1.186,1.088,0.982,2.0448109774969043,1.0155908151346644,False,BALANCING
580,20,15,1.25,0.0030625,half_20ms,0.18,False,0,0.0,,,0.982,,,False,FALLEN
580,50,15,1.25,0.0030625,half_20ms,0.18,False,16.0,32.0,1.3840000000000001,,0.982,,,True,FALLEN
580,100,15,1.25,0.0030625,half_20ms,0.18,True,0.8339766270293764,16.833976627029376,3.152,1.038,0.982,0.8339766270293764,0.9786157421740572,False,BALANCING
580,200,15,1.25,0.0030625,half_20ms,0.18,True,0.8339766270293764,16.833976627029376,3.152,1.038,0.982,0.8339766270293764,0.9786157421740572,False,BALANCING
580,350,15,1.25,0.0030625,half_20ms,0.18,True,0.8339766270293764,16.833976627029376,3.152,1.038,0.982,0.8339766270293764,0.9786157421740572,False,BALANCING
580,500,15,1.25,0.0030625,half_20ms,0.18,True,0.8339766270293764,16.833976627029376,3.152,1.038,0.982,0.8339766270293764,0.9786157421740572,False,BALANCING
100,20,5,1.25,0.0030625,half_50ms,0.18,False,0,0.0,,,0.034,,,False,FALLEN
100,50,5,1.25,0.0030625,half_50ms,0.18,False,0,0.0,,,0.034,,,False,FALLEN
100,100,5,1.25,0.0030625,half_50ms,0.18,False,0,1.2892932193025786,,,0.034,,,True,FALLEN
100,200,5,1.25,0.0030625,half_50ms,0.18,False,14.210398562050484,30.210398562050486,0.26,0.23,0.034,2.7466060994240262,0.8216376083847459,False,BALANCING
100,350,5,1.25,0.0030625,half_50ms,0.18,False,14.210398562050484,30.210398562050486,0.26,0.23,0.034,2.7466060994240262,0.8216376083847459,False,BALANCING
100,500,5,1.25,0.0030625,half_50ms,0.18,False,14.210398562050484,30.210398562050486,0.26,0.23,0.034,2.7466060994240262,0.8216376083847459,False,BALANCING
100,20,10,1.25,0.0030625,half_50ms,0.18,False,0,0.0,,,0.034,,,False,FALLEN
100,50,10,1.25,0.0030625,half_50ms,0.18,False,0,0.0,,,0.034,,,False,FALLEN
100,100,10,1.25,0.0030625,half_50ms,0.18,False,0,1.2892932193025786,,,0.034,,,True,FALLEN
100,200,10,1.25,0.0030625,half_50ms,0.18,True,0.35084714887977836,16.35084714887978,0.962,0.198,0.034,0.3146845757426559,0.1332719193223525,False,BALANCING
100,350,10,1.25,0.0030625,half_50ms,0.18,True,0.35084714887977836,16.35084714887978,0.962,0.198,0.034,0.3146845757426559,0.1332719193223525,False,BALANCING
100,500,10,1.25,0.0030625,half_50ms,0.18,True,0.35084714887977836,16.35084714887978,0.962,0.198,0.034,0.3146845757426559,0.1332719193223525,False,BALANCING
100,20,15,1.25,0.0030625,half_50ms,0.18,False,0,0.0,,,0.034,,,False,FALLEN
100,50,15,1.25,0.0030625,half_50ms,0.18,False,0,0.0,,,0.034,,,False,FALLEN
100,100,15,1.25,0.0030625,half_50ms,0.18,False,0,1.2892932193025786,,,0.034,,,True,FALLEN
100,200,15,1.25,0.0030625,half_50ms,0.18,False,2.61451538060439,18.61451538060439,1.344,0.14200000000000002,0.034,2.5960020114724203,0.8446572317305479,False,BALANCING
100,350,15,1.25,0.0030625,half_50ms,0.18,False,2.61451538060439,18.61451538060439,1.344,0.14200000000000002,0.034,2.5960020114724203,0.8446572317305479,False,BALANCING
100,500,15,1.25,0.0030625,half_50ms,0.18,False,2.61451538060439,18.61451538060439,1.344,0.14200000000000002,0.034,2.5960020114724203,0.8446572317305479,False,BALANCING
150,20,5,1.25,0.0030625,half_50ms,0.18,False,0,0.0,,,0.054,,,False,FALLEN
150,50,5,1.25,0.0030625,half_50ms,0.18,False,0,0.0,,,0.054,,,False,FALLEN
150,100,5,1.25,0.0030625,half_50ms,0.18,False,0,1.552207585956367,,,0.054,,,True,FALLEN
150,200,5,1.25,0.0030625,half_50ms,0.18,False,16.0,32.0,0.28800000000000003,,0.054,,,True,FALLEN
150,350,5,1.25,0.0030625,half_50ms,0.18,False,16.0,32.0,0.28600000000000003,0.258,0.054,16.0,0.0,True,FALLEN
150,500,5,1.25,0.0030625,half_50ms,0.18,False,16.0,32.0,0.28600000000000003,0.258,0.054,16.0,0.0,True,FALLEN
150,20,10,1.25,0.0030625,half_50ms,0.18,False,0,0.0,,,0.054,,,False,FALLEN
150,50,10,1.25,0.0030625,half_50ms,0.18,False,0,0.0,,,0.054,,,False,FALLEN
150,100,10,1.25,0.0030625,half_50ms,0.18,False,0,1.552207585956367,,,0.054,,,True,FALLEN
150,200,10,1.25,0.0030625,half_50ms,0.18,True,0.12040072011018338,16.120400720110183,1.3820000000000001,0.226,0.054,0.11890108506561421,0.0402073604829714,False,BALANCING
150,350,10,1.25,0.0030625,half_50ms,0.18,True,0.12040072011018338,16.120400720110183,1.3820000000000001,0.226,0.054,0.11890108506561421,0.0402073604829714,False,BALANCING
150,500,10,1.25,0.0030625,half_50ms,0.18,True,0.12040072011018338,16.120400720110183,1.3820000000000001,0.226,0.054,0.11890108506561421,0.0402073604829714,False,BALANCING
150,20,15,1.25,0.0030625,half_50ms,0.18,False,0,0.0,,,0.054,,,False,FALLEN
150,50,15,1.25,0.0030625,half_50ms,0.18,False,0,0.0,,,0.054,,,False,FALLEN
150,100,15,1.25,0.0030625,half_50ms,0.18,False,0,1.552207585956367,,,0.054,,,True,FALLEN
150,200,15,1.25,0.0030625,half_50ms,0.18,False,2.512077450893886,18.512077450893887,1.414,0.16,0.054,2.505147754874577,0.7772419471205212,False,BALANCING
150,350,15,1.25,0.0030625,half_50ms,0.18,False,2.512077450893886,18.512077450893887,1.414,0.16,0.054,2.505147754874577,0.7772419471205212,False,BALANCING
150,500,15,1.25,0.0030625,half_50ms,0.18,False,2.512077450893886,18.512077450893887,1.414,0.16,0.054,2.505147754874577,0.7772419471205212,False,BALANCING
200,20,5,1.25,0.0030625,half_50ms,0.18,False,0,0.0,,,0.076,,,False,FALLEN
200,50,5,1.25,0.0030625,half_50ms,0.18,False,0,0.0,,,0.076,,,False,FALLEN
200,100,5,1.25,0.0030625,half_50ms,0.18,False,0,2.342240312852992,,,0.076,,,True,FALLEN
200,200,5,1.25,0.0030625,half_50ms,0.18,False,16.0,32.0,0.31,,0.076,,,True,FALLEN
200,350,5,1.25,0.0030625,half_50ms,0.18,False,16.0,32.0,0.308,0.28,0.076,16.0,0.0,True,FALLEN
200,500,5,1.25,0.0030625,half_50ms,0.18,False,16.0,32.0,0.308,0.28,0.076,16.0,0.0,True,FALLEN
200,20,10,1.25,0.0030625,half_50ms,0.18,False,0,0.0,,,0.076,,,False,FALLEN
200,50,10,1.25,0.0030625,half_50ms,0.18,False,0,0.0,,,0.076,,,False,FALLEN
200,100,10,1.25,0.0030625,half_50ms,0.18,False,0,2.342240312852992,,,0.076,,,True,FALLEN
200,200,10,1.25,0.0030625,half_50ms,0.18,True,0.12490434221376728,16.124904342213767,2.176,0.248,0.076,0.12490434221376728,0.09501776443339113,False,BALANCING
200,350,10,1.25,0.0030625,half_50ms,0.18,True,0.12490434221376728,16.124904342213767,2.176,0.248,0.076,0.12490434221376728,0.09501776443339113,False,BALANCING
200,500,10,1.25,0.0030625,half_50ms,0.18,True,0.12490434221376728,16.124904342213767,2.176,0.248,0.076,0.12490434221376728,0.09501776443339113,False,BALANCING
200,20,15,1.25,0.0030625,half_50ms,0.18,False,0,0.0,,,0.076,,,False,FALLEN
200,50,15,1.25,0.0030625,half_50ms,0.18,False,0,0.0,,,0.076,,,False,FALLEN
200,100,15,1.25,0.0030625,half_50ms,0.18,False,2.4034330368203447,18.403433036820346,1.486,0.176,0.076,2.402630966230438,0.7042507650845272,False,BALANCING
200,200,15,1.25,0.0030625,half_50ms,0.18,False,2.4034330368203447,18.403433036820346,1.486,0.176,0.076,2.402630966230438,0.7042507650845272,False,BALANCING
200,350,15,1.25,0.0030625,half_50ms,0.18,False,2.4034330368203447,18.403433036820346,1.486,0.176,0.076,2.402630966230438,0.7042507650845272,False,BALANCING
200,500,15,1.25,0.0030625,half_50ms,0.18,False,2.4034330368203447,18.403433036820346,1.486,0.176,0.076,2.402630966230438,0.7042507650845272,False,BALANCING
250,20,5,1.25,0.0030625,half_50ms,0.18,False,0,0.0,,,0.10200000000000001,,,False,FALLEN
250,50,5,1.25,0.0030625,half_50ms,0.18,False,0,0.0,,,0.10200000000000001,,,False,FALLEN
250,100,5,1.25,0.0030625,half_50ms,0.18,False,0,2.567804753682635,,,0.10200000000000001,,,True,FALLEN
250,200,5,1.25,0.0030625,half_50ms,0.18,False,16.0,32.0,0.338,,0.10200000000000001,,,True,FALLEN
250,350,5,1.25,0.0030625,half_50ms,0.18,False,16.0,32.0,0.336,0.308,0.10200000000000001,16.0,0.0,True,FALLEN
250,500,5,1.25,0.0030625,half_50ms,0.18,False,16.0,32.0,0.336,0.308,0.10200000000000001,16.0,0.0,True,FALLEN
250,20,10,1.25,0.0030625,half_50ms,0.18,False,0,0.0,,,0.10200000000000001,,,False,FALLEN
250,50,10,1.25,0.0030625,half_50ms,0.18,False,0,0.0,,,0.10200000000000001,,,False,FALLEN
250,100,10,1.25,0.0030625,half_50ms,0.18,False,0,2.567804753682635,,,0.10200000000000001,,,True,FALLEN
250,200,10,1.25,0.0030625,half_50ms,0.18,True,0.49251849840726347,16.492518498407264,1.934,0.27,0.10200000000000001,0.49251849840726347,0.17078621659850812,False,BALANCING
250,350,10,1.25,0.0030625,half_50ms,0.18,True,0.49251849840726347,16.492518498407264,1.934,0.27,0.10200000000000001,0.49251849840726347,0.17078621659850812,False,BALANCING
250,500,10,1.25,0.0030625,half_50ms,0.18,True,0.49251849840726347,16.492518498407264,1.934,0.27,0.10200000000000001,0.49251849840726347,0.17078621659850812,False,BALANCING
250,20,15,1.25,0.0030625,half_50ms,0.18,False,0,0.0,,,0.10200000000000001,,,False,FALLEN
250,50,15,1.25,0.0030625,half_50ms,0.18,False,0,0.0,,,0.10200000000000001,,,False,FALLEN
250,100,15,1.25,0.0030625,half_50ms,0.18,False,2.275281704883334,18.275281704883334,1.568,0.202,0.10200000000000001,2.275281704883334,0.6220025382644917,False,BALANCING
250,200,15,1.25,0.0030625,half_50ms,0.18,False,2.275281704883334,18.275281704883334,1.568,0.202,0.10200000000000001,2.275281704883334,0.6220025382644917,False,BALANCING
250,350,15,1.25,0.0030625,half_50ms,0.18,False,2.275281704883334,18.275281704883334,1.568,0.202,0.10200000000000001,2.275281704883334,0.6220025382644917,False,BALANCING
250,500,15,1.25,0.0030625,half_50ms,0.18,False,2.275281704883334,18.275281704883334,1.568,0.202,0.10200000000000001,2.275281704883334,0.6220025382644917,False,BALANCING
300,20,5,1.25,0.0030625,half_50ms,0.18,False,0,0.0,,,0.132,,,False,FALLEN
300,50,5,1.25,0.0030625,half_50ms,0.18,False,0,0.0,,,0.132,,,False,FALLEN
300,100,5,1.25,0.0030625,half_50ms,0.18,False,0,3.6356509421655527,,,0.132,,,True,FALLEN
300,200,5,1.25,0.0030625,half_50ms,0.18,False,9.271903377313736,25.271903377313734,0.362,0.33,0.132,2.393801317517127,0.8718544338351867,False,BALANCING
300,350,5,1.25,0.0030625,half_50ms,0.18,False,9.271903377313736,25.271903377313734,0.362,0.33,0.132,2.393801317517127,0.8718544338351867,False,BALANCING
300,500,5,1.25,0.0030625,half_50ms,0.18,False,9.271903377313736,25.271903377313734,0.362,0.33,0.132,2.393801317517127,0.8718544338351867,False,BALANCING
300,20,10,1.25,0.0030625,half_50ms,0.18,False,0,0.0,,,0.132,,,False,FALLEN
300,50,10,1.25,0.0030625,half_50ms,0.18,False,0,0.0,,,0.132,,,False,FALLEN
300,100,10,1.25,0.0030625,half_50ms,0.18,False,0,3.6356509421655527,,,0.132,,,True,FALLEN
300,200,10,1.25,0.0030625,half_50ms,0.18,True,0.10859414987609929,16.1085941498761,2.836,0.292,0.132,0.10859414987609929,0.36145433045941217,False,BALANCING
300,350,10,1.25,0.0030625,half_50ms,0.18,True,0.10859414987609929,16.1085941498761,2.836,0.292,0.132,0.10859414987609929,0.36145433045941217,False,BALANCING
300,500,10,1.25,0.0030625,half_50ms,0.18,True,0.10859414987609929,16.1085941498761,2.836,0.292,0.132,0.10859414987609929,0.36145433045941217,False,BALANCING
300,20,15,1.25,0.0030625,half_50ms,0.18,False,0,0.0,,,0.132,,,False,FALLEN
300,50,15,1.25,0.0030625,half_50ms,0.18,False,0,0.0,,,0.132,,,False,FALLEN
300,100,15,1.25,0.0030625,half_50ms,0.18,False,2.1159313423266117,18.11593134232661,1.6600000000000001,0.228,0.132,2.1159313423266117,0.5238046308277033,False,BALANCING
300,200,15,1.25,0.0030625,half_50ms,0.18,False,2.1159313423266117,18.11593134232661,1.6600000000000001,0.228,0.132,2.1159313423266117,0.5238046308277033,False,BALANCING
300,350,15,1.25,0.0030625,half_50ms,0.18,False,2.1159313423266117,18.11593134232661,1.6600000000000001,0.228,0.132,2.1159313423266117,0.5238046308277033,False,BALANCING
300,500,15,1.25,0.0030625,half_50ms,0.18,False,2.1159313423266117,18.11593134232661,1.6600000000000001,0.228,0.132,2.1159313423266117,0.5238046308277033,False,BALANCING
350,20,5,1.25,0.0030625,half_50ms,0.18,False,0,0.0,,,0.166,,,False,FALLEN
350,50,5,1.25,0.0030625,half_50ms,0.18,False,0,0.0,,,0.166,,,False,FALLEN
350,100,5,1.25,0.0030625,half_50ms,0.18,False,0,4.306306534575105,,,0.166,,,True,FALLEN
350,200,5,1.25,0.0030625,half_50ms,0.18,False,16.0,32.0,0.392,0.36,0.166,16.0,0.0,True,FALLEN
350,350,5,1.25,0.0030625,half_50ms,0.18,False,16.0,32.0,0.392,0.36,0.166,16.0,0.0,True,FALLEN
350,500,5,1.25,0.0030625,half_50ms,0.18,False,16.0,32.0,0.392,0.36,0.166,16.0,0.0,True,FALLEN
350,20,10,1.25,0.0030625,half_50ms,0.18,False,0,0.0,,,0.166,,,False,FALLEN
350,50,10,1.25,0.0030625,half_50ms,0.18,False,0,0.0,,,0.166,,,False,FALLEN
350,100,10,1.25,0.0030625,half_50ms,0.18,False,0,4.306306534575105,,,0.166,,,True,FALLEN
350,200,10,1.25,0.0030625,half_50ms,0.18,True,0,15.772680231588216,,0.322,0.166,0.32623208421224126,0.473467395420712,False,BALANCING
350,350,10,1.25,0.0030625,half_50ms,0.18,True,0,15.772680231588216,,0.322,0.166,0.32623208421224126,0.473467395420712,False,BALANCING
350,500,10,1.25,0.0030625,half_50ms,0.18,True,0,15.772680231588216,,0.322,0.166,0.32623208421224126,0.473467395420712,False,BALANCING
350,20,15,1.25,0.0030625,half_50ms,0.18,False,0,0.0,,,0.166,,,False,FALLEN
350,50,15,1.25,0.0030625,half_50ms,0.18,False,0,0.0,,,0.166,,,False,FALLEN
350,100,15,1.25,0.0030625,half_50ms,0.18,True,1.8596788756089009,17.8596788756089,1.776,0.262,0.166,1.8596788756089009,0.39140946827571615,False,BALANCING
350,200,15,1.25,0.0030625,half_50ms,0.18,True,1.8596788756089009,17.8596788756089,1.776,0.262,0.166,1.8596788756089009,0.39140946827571615,False,BALANCING
350,350,15,1.25,0.0030625,half_50ms,0.18,True,1.8596788756089009,17.8596788756089,1.776,0.262,0.166,1.8596788756089009,0.39140946827571615,False,BALANCING
350,500,15,1.25,0.0030625,half_50ms,0.18,True,1.8596788756089009,17.8596788756089,1.776,0.262,0.166,1.8596788756089009,0.39140946827571615,False,BALANCING
400,20,5,1.25,0.0030625,half_50ms,0.18,False,0,0.0,,,0.21,,,False,FALLEN
400,50,5,1.25,0.0030625,half_50ms,0.18,False,0,0.0,,,0.21,,,False,FALLEN
400,100,5,1.25,0.0030625,half_50ms,0.18,False,0,6.67919831876595,,,0.21,,,True,FALLEN
400,200,5,1.25,0.0030625,half_50ms,0.18,False,16.0,32.0,0.426,0.396,0.21,16.0,0.0,True,FALLEN
400,350,5,1.25,0.0030625,half_50ms,0.18,False,16.0,32.0,0.426,0.396,0.21,16.0,0.0,True,FALLEN
400,500,5,1.25,0.0030625,half_50ms,0.18,False,16.0,32.0,0.426,0.396,0.21,16.0,0.0,True,FALLEN
400,20,10,1.25,0.0030625,half_50ms,0.18,False,0,0.0,,,0.21,,,False,FALLEN
400,50,10,1.25,0.0030625,half_50ms,0.18,False,0,0.0,,,0.21,,,False,FALLEN
400,100,10,1.25,0.0030625,half_50ms,0.18,False,0,6.67919831876595,,,0.21,,,True,FALLEN
400,200,10,1.25,0.0030625,half_50ms,0.18,True,0,15.491830426343313,,0.36,0.21,0.7453466325788757,0.5202628859056464,False,BALANCING
400,350,10,1.25,0.0030625,half_50ms,0.18,True,0,15.491830426343313,,0.36,0.21,0.7453466325788757,0.5202628859056464,False,BALANCING
400,500,10,1.25,0.0030625,half_50ms,0.18,True,0,15.491830426343313,,0.36,0.21,0.7453466325788757,0.5202628859056464,False,BALANCING
400,20,15,1.25,0.0030625,half_50ms,0.18,False,0,0.0,,,0.21,,,False,FALLEN
400,50,15,1.25,0.0030625,half_50ms,0.18,False,0,0.0,,,0.21,,,False,FALLEN
400,100,15,1.25,0.0030625,half_50ms,0.18,True,1.6078404628929779,17.607840462892977,1.9180000000000001,0.302,0.21,1.6078404628929779,0.46156022937501456,False,BALANCING
400,200,15,1.25,0.0030625,half_50ms,0.18,True,1.6078404628929779,17.607840462892977,1.9180000000000001,0.302,0.21,1.6078404628929779,0.46156022937501456,False,BALANCING
400,350,15,1.25,0.0030625,half_50ms,0.18,True,1.6078404628929779,17.607840462892977,1.9180000000000001,0.302,0.21,1.6078404628929779,0.46156022937501456,False,BALANCING
400,500,15,1.25,0.0030625,half_50ms,0.18,True,1.6078404628929779,17.607840462892977,1.9180000000000001,0.302,0.21,1.6078404628929779,0.46156022937501456,False,BALANCING
450,20,5,1.25,0.0030625,half_50ms,0.18,False,0,0.0,,,0.268,,,False,FALLEN
450,50,5,1.25,0.0030625,half_50ms,0.18,False,0,0.0,,,0.268,,,False,FALLEN
450,100,5,1.25,0.0030625,half_50ms,0.18,False,16.0,32.0,0.714,,0.268,,,True,FALLEN
450,200,5,1.25,0.0030625,half_50ms,0.18,False,16.0,32.0,0.47600000000000003,0.448,0.268,16.0,0.0,True,FALLEN
450,350,5,1.25,0.0030625,half_50ms,0.18,False,16.0,32.0,0.47600000000000003,0.448,0.268,16.0,0.0,True,FALLEN
450,500,5,1.25,0.0030625,half_50ms,0.18,False,16.0,32.0,0.47600000000000003,0.448,0.268,16.0,0.0,True,FALLEN
450,20,10,1.25,0.0030625,half_50ms,0.18,False,0,0.0,,,0.268,,,False,FALLEN
450,50,10,1.25,0.0030625,half_50ms,0.18,False,0,0.0,,,0.268,,,False,FALLEN
450,100,10,1.25,0.0030625,half_50ms,0.18,False,16.0,32.0,0.714,,0.268,,,True,FALLEN
450,200,10,1.25,0.0030625,half_50ms,0.18,True,0.22082073245338665,16.220820732453387,0.518,0.41400000000000003,0.268,1.1802412197461205,0.6466501212232434,False,BALANCING
450,350,10,1.25,0.0030625,half_50ms,0.18,True,0.22082073245338665,16.220820732453387,0.518,0.41400000000000003,0.268,1.1802412197461205,0.6466501212232434,False,BALANCING
450,500,10,1.25,0.0030625,half_50ms,0.18,True,0.22082073245338665,16.220820732453387,0.518,0.41400000000000003,0.268,1.1802412197461205,0.6466501212232434,False,BALANCING
450,20,15,1.25,0.0030625,half_50ms,0.18,False,0,0.0,,,0.268,,,False,FALLEN
450,50,15,1.25,0.0030625,half_50ms,0.18,False,0,0.0,,,0.268,,,False,FALLEN
450,100,15,1.25,0.0030625,half_50ms,0.18,True,1.37180092211846,17.37180092211846,2.088,0.358,0.268,1.37180092211846,0.6010049667079905,False,BALANCING
450,200,15,1.25,0.0030625,half_50ms,0.18,True,1.37180092211846,17.37180092211846,2.088,0.358,0.268,1.37180092211846,0.6010049667079905,False,BALANCING
450,350,15,1.25,0.0030625,half_50ms,0.18,True,1.37180092211846,17.37180092211846,2.088,0.358,0.268,1.37180092211846,0.6010049667079905,False,BALANCING
450,500,15,1.25,0.0030625,half_50ms,0.18,True,1.37180092211846,17.37180092211846,2.088,0.358,0.268,1.37180092211846,0.6010049667079905,False,BALANCING
500,20,5,1.25,0.0030625,half_50ms,0.18,False,0,0.0,,,0.352,,,False,FALLEN
500,50,5,1.25,0.0030625,half_50ms,0.18,False,0,0.0,,,0.352,,,False,FALLEN
500,100,5,1.25,0.0030625,half_50ms,0.18,False,16.0,32.0,0.704,,0.352,,,True,FALLEN
500,200,5,1.25,0.0030625,half_50ms,0.18,False,16.0,32.0,0.554,0.526,0.352,16.0,0.0,True,FALLEN
500,350,5,1.25,0.0030625,half_50ms,0.18,False,16.0,32.0,0.554,0.526,0.352,16.0,0.0,True,FALLEN
500,500,5,1.25,0.0030625,half_50ms,0.18,False,16.0,32.0,0.554,0.526,0.352,16.0,0.0,True,FALLEN
500,20,10,1.25,0.0030625,half_50ms,0.18,False,0,0.0,,,0.352,,,False,FALLEN
500,50,10,1.25,0.0030625,half_50ms,0.18,False,0,0.0,,,0.352,,,False,FALLEN
500,100,10,1.25,0.0030625,half_50ms,0.18,False,16.0,32.0,0.704,,0.352,,,True,FALLEN
500,200,10,1.25,0.0030625,half_50ms,0.18,True,1.6642664526580366,17.664266452658037,0.582,0.494,0.352,1.652270594439981,0.7981862470354283,False,BALANCING
500,350,10,1.25,0.0030625,half_50ms,0.18,True,1.6642664526580366,17.664266452658037,0.582,0.494,0.352,1.652270594439981,0.7981862470354283,False,BALANCING
500,500,10,1.25,0.0030625,half_50ms,0.18,True,1.6642664526580366,17.664266452658037,0.582,0.494,0.352,1.652270594439981,0.7981862470354283,False,BALANCING
500,20,15,1.25,0.0030625,half_50ms,0.18,False,0,0.0,,,0.352,,,False,FALLEN
500,50,15,1.25,0.0030625,half_50ms,0.18,False,0,0.0,,,0.352,,,False,FALLEN
500,100,15,1.25,0.0030625,half_50ms,0.18,True,1.17902142956527,17.17902142956527,2.294,0.44,0.352,1.17902142956527,0.7408486798307733,False,BALANCING
500,200,15,1.25,0.0030625,half_50ms,0.18,True,1.17902142956527,17.17902142956527,2.294,0.44,0.352,1.17902142956527,0.7408486798307733,False,BALANCING
500,350,15,1.25,0.0030625,half_50ms,0.18,True,1.17902142956527,17.17902142956527,2.294,0.44,0.352,1.17902142956527,0.7408486798307733,False,BALANCING
500,500,15,1.25,0.0030625,half_50ms,0.18,True,1.17902142956527,17.17902142956527,2.294,0.44,0.352,1.17902142956527,0.7408486798307733,False,BALANCING
550,20,5,1.25,0.0030625,half_50ms,0.18,False,0,0.0,,,0.52,,,False,FALLEN
550,50,5,1.25,0.0030625,half_50ms,0.18,False,0,0.0,,,0.52,,,False,FALLEN
550,100,5,1.25,0.0030625,half_50ms,0.18,False,16.0,32.0,0.81,,0.52,,,True,FALLEN
550,200,5,1.25,0.0030625,half_50ms,0.18,False,16.0,32.0,0.718,0.6900000000000001,0.52,16.0,0.0,True,FALLEN
550,350,5,1.25,0.0030625,half_50ms,0.18,False,16.0,32.0,0.718,0.6900000000000001,0.52,16.0,0.0,True,FALLEN
550,500,5,1.25,0.0030625,half_50ms,0.18,False,16.0,32.0,0.718,0.6900000000000001,0.52,16.0,0.0,True,FALLEN
550,20,10,1.25,0.0030625,half_50ms,0.18,False,0,0.0,,,0.52,,,False,FALLEN
550,50,10,1.25,0.0030625,half_50ms,0.18,False,0,0.0,,,0.52,,,False,FALLEN
550,100,10,1.25,0.0030625,half_50ms,0.18,False,16.0,32.0,0.81,,0.52,,,True,FALLEN
550,200,10,1.25,0.0030625,half_50ms,0.18,False,16.0,32.0,0.734,0.66,0.52,16.0,0.0,True,FALLEN
550,350,10,1.25,0.0030625,half_50ms,0.18,False,16.0,32.0,0.734,0.66,0.52,16.0,0.0,True,FALLEN
550,500,10,1.25,0.0030625,half_50ms,0.18,False,16.0,32.0,0.734,0.66,0.52,16.0,0.0,True,FALLEN
550,20,15,1.25,0.0030625,half_50ms,0.18,False,0,0.0,,,0.52,,,False,FALLEN
550,50,15,1.25,0.0030625,half_50ms,0.18,False,0,0.0,,,0.52,,,False,FALLEN
550,100,15,1.25,0.0030625,half_50ms,0.18,True,0.9149886216175845,16.914988621617585,2.636,0.608,0.52,0.9149886216175845,0.8824036091231591,False,BALANCING
550,200,15,1.25,0.0030625,half_50ms,0.18,True,0.9149886216175845,16.914988621617585,2.636,0.608,0.52,0.9149886216175845,0.8824036091231591,False,BALANCING
550,350,15,1.25,0.0030625,half_50ms,0.18,True,0.9149886216175845,16.914988621617585,2.636,0.608,0.52,0.9149886216175845,0.8824036091231591,False,BALANCING
550,500,15,1.25,0.0030625,half_50ms,0.18,True,0.9149886216175845,16.914988621617585,2.636,0.608,0.52,0.9149886216175845,0.8824036091231591,False,BALANCING
580,20,5,1.25,0.0030625,half_50ms,0.18,False,0,0.0,,,0.982,,,False,FALLEN
580,50,5,1.25,0.0030625,half_50ms,0.18,False,0,0.0,,,0.982,,,False,FALLEN
580,100,5,1.25,0.0030625,half_50ms,0.18,False,16.0,32.0,1.264,,0.982,,,True,FALLEN
580,200,5,1.25,0.0030625,half_50ms,0.18,False,16.0,32.0,1.176,1.1500000000000001,0.982,16.0,0.0,True,FALLEN
580,350,5,1.25,0.0030625,half_50ms,0.18,False,16.0,32.0,1.176,1.1500000000000001,0.982,16.0,0.0,True,FALLEN
580,500,5,1.25,0.0030625,half_50ms,0.18,False,16.0,32.0,1.176,1.1500000000000001,0.982,16.0,0.0,True,FALLEN
580,20,10,1.25,0.0030625,half_50ms,0.18,False,0,0.0,,,0.982,,,False,FALLEN
580,50,10,1.25,0.0030625,half_50ms,0.18,False,0,0.0,,,0.982,,,False,FALLEN
580,100,10,1.25,0.0030625,half_50ms,0.18,False,16.0,32.0,1.264,,0.982,,,True,FALLEN
580,200,10,1.25,0.0030625,half_50ms,0.18,False,16.0,32.0,1.192,1.12,0.982,16.0,0.0,True,FALLEN
580,350,10,1.25,0.0030625,half_50ms,0.18,False,16.0,32.0,1.192,1.12,0.982,16.0,0.0,True,FALLEN
580,500,10,1.25,0.0030625,half_50ms,0.18,False,16.0,32.0,1.192,1.12,0.982,16.0,0.0,True,FALLEN
580,20,15,1.25,0.0030625,half_50ms,0.18,False,0,0.0,,,0.982,,,False,FALLEN
580,50,15,1.25,0.0030625,half_50ms,0.18,False,0,0.0,,,0.982,,,False,FALLEN
580,100,15,1.25,0.0030625,half_50ms,0.18,True,0.8223489838714426,16.822348983871443,3.18,1.068,0.982,0.8223489838714426,0.9644322792556352,False,BALANCING
580,200,15,1.25,0.0030625,half_50ms,0.18,True,0.8223489838714426,16.822348983871443,3.18,1.068,0.982,0.8223489838714426,0.9644322792556352,False,BALANCING
580,350,15,1.25,0.0030625,half_50ms,0.18,True,0.8223489838714426,16.822348983871443,3.18,1.068,0.982,0.8223489838714426,0.9644322792556352,False,BALANCING
580,500,15,1.25,0.0030625,half_50ms,0.18,True,0.8223489838714426,16.822348983871443,3.18,1.068,0.982,0.8223489838714426,0.9644322792556352,False,BALANCING
100,20,5,1.5,0.003675,nominal,0.18,False,0,2.6190279316523792,,,0.034,,,True,FALLEN
100,50,5,1.5,0.003675,nominal,0.18,False,16.0,32.0,0.24,,0.034,,,True,FALLEN
100,100,5,1.5,0.003675,nominal,0.18,True,1.877991262666937,17.87799126266694,0.16,0.13,0.034,0.4137320431749531,0.12069188981048587,False,BALANCING
100,200,5,1.5,0.003675,nominal,0.18,True,1.877991262666937,17.87799126266694,0.16,0.13,0.034,0.4137320431749531,0.12069188981048587,False,BALANCING
100,350,5,1.5,0.003675,nominal,0.18,True,1.877991262666937,17.87799126266694,0.16,0.13,0.034,0.4137320431749531,0.12069188981048587,False,BALANCING
100,500,5,1.5,0.003675,nominal,0.18,True,1.877991262666937,17.87799126266694,0.16,0.13,0.034,0.4137320431749531,0.12069188981048587,False,BALANCING
100,20,10,1.5,0.003675,nominal,0.18,False,0,2.6190279316523792,,,0.034,,,True,FALLEN
100,50,10,1.5,0.003675,nominal,0.18,False,16.0,32.0,0.24,,0.034,,,True,FALLEN
100,100,10,1.5,0.003675,nominal,0.18,True,0.7090149123629209,16.70901491236292,1.45,0.10400000000000001,0.034,0.7090149123629209,0.15284000354429728,False,BALANCING
100,200,10,1.5,0.003675,nominal,0.18,True,0.7090149123629209,16.70901491236292,1.45,0.10400000000000001,0.034,0.7090149123629209,0.15284000354429728,False,BALANCING
100,350,10,1.5,0.003675,nominal,0.18,True,0.7090149123629209,16.70901491236292,1.45,0.10400000000000001,0.034,0.7090149123629209,0.15284000354429728,False,BALANCING
100,500,10,1.5,0.003675,nominal,0.18,True,0.7090149123629209,16.70901491236292,1.45,0.10400000000000001,0.034,0.7090149123629209,0.15284000354429728,False,BALANCING
100,20,15,1.5,0.003675,nominal,0.18,False,0,2.6190279316523792,,,0.034,,,True,FALLEN
100,50,15,1.5,0.003675,nominal,0.18,True,1.6521626323919867,17.65216263239199,1.3760000000000001,0.064,0.034,1.6521626323919867,0.3722324938467642,False,BALANCING
100,100,15,1.5,0.003675,nominal,0.18,True,1.6521626323919867,17.65216263239199,1.3760000000000001,0.064,0.034,1.6521626323919867,0.3722324938467642,False,BALANCING
100,200,15,1.5,0.003675,nominal,0.18,True,1.6521626323919867,17.65216263239199,1.3760000000000001,0.064,0.034,1.6521626323919867,0.3722324938467642,False,BALANCING
100,350,15,1.5,0.003675,nominal,0.18,True,1.6521626323919867,17.65216263239199,1.3760000000000001,0.064,0.034,1.6521626323919867,0.3722324938467642,False,BALANCING
100,500,15,1.5,0.003675,nominal,0.18,True,1.6521626323919867,17.65216263239199,1.3760000000000001,0.064,0.034,1.6521626323919867,0.3722324938467642,False,BALANCING
150,20,5,1.5,0.003675,nominal,0.18,False,0,3.4531622034260785,,,0.054,,,True,FALLEN
150,50,5,1.5,0.003675,nominal,0.18,False,16.0,32.0,0.22,,0.054,,,True,FALLEN
150,100,5,1.5,0.003675,nominal,0.18,True,3.453384232645975,19.453384232645973,0.17,0.146,0.054,0.8698253371532754,0.26448772336166215,False,BALANCING
150,200,5,1.5,0.003675,nominal,0.18,True,3.453384232645975,19.453384232645973,0.17,0.146,0.054,0.8698253371532754,0.26448772336166215,False,BALANCING
150,350,5,1.5,0.003675,nominal,0.18,True,3.453384232645975,19.453384232645973,0.17,0.146,0.054,0.8698253371532754,0.26448772336166215,False,BALANCING
150,500,5,1.5,0.003675,nominal,0.18,True,3.453384232645975,19.453384232645973,0.17,0.146,0.054,0.8698253371532754,0.26448772336166215,False,BALANCING
150,20,10,1.5,0.003675,nominal,0.18,False,0,3.4531622034260785,,,0.054,,,True,FALLEN
150,50,10,1.5,0.003675,nominal,0.18,False,16.0,32.0,0.22,,0.054,,,True,FALLEN
150,100,10,1.5,0.003675,nominal,0.18,True,0.37615843880472083,16.376158438804723,1.768,0.122,0.054,0.37615843880472083,0.12201341821018001,False,BALANCING
150,200,10,1.5,0.003675,nominal,0.18,True,0.37615843880472083,16.376158438804723,1.768,0.122,0.054,0.37615843880472083,0.12201341821018001,False,BALANCING
150,350,10,1.5,0.003675,nominal,0.18,True,0.37615843880472083,16.376158438804723,1.768,0.122,0.054,0.37615843880472083,0.12201341821018001,False,BALANCING
150,500,10,1.5,0.003675,nominal,0.18,True,0.37615843880472083,16.376158438804723,1.768,0.122,0.054,0.37615843880472083,0.12201341821018001,False,BALANCING
150,20,15,1.5,0.003675,nominal,0.18,False,0,3.4531622034260785,,,0.054,,,True,FALLEN
150,50,15,1.5,0.003675,nominal,0.18,True,1.4543230818425852,17.454323081842585,1.476,0.082,0.054,1.4543230818425852,0.29085531442587104,False,BALANCING
150,100,15,1.5,0.003675,nominal,0.18,True,1.4543230818425852,17.454323081842585,1.476,0.082,0.054,1.4543230818425852,0.29085531442587104,False,BALANCING
150,200,15,1.5,0.003675,nominal,0.18,True,1.4543230818425852,17.454323081842585,1.476,0.082,0.054,1.4543230818425852,0.29085531442587104,False,BALANCING
150,350,15,1.5,0.003675,nominal,0.18,True,1.4543230818425852,17.454323081842585,1.476,0.082,0.054,1.4543230818425852,0.29085531442587104,False,BALANCING
150,500,15,1.5,0.003675,nominal,0.18,True,1.4543230818425852,17.454323081842585,1.476,0.082,0.054,1.4543230818425852,0.29085531442587104,False,BALANCING
200,20,5,1.5,0.003675,nominal,0.18,False,0,3.706525335184029,,,0.076,,,True,FALLEN
200,50,5,1.5,0.003675,nominal,0.18,False,16.0,32.0,0.222,,0.076,,,True,FALLEN
200,100,5,1.5,0.003675,nominal,0.18,True,5.037979984324663,21.037979984324664,0.186,0.164,0.076,1.3273727272379454,0.4069980572348973,False,BALANCING
200,200,5,1.5,0.003675,nominal,0.18,True,5.037979984324663,21.037979984324664,0.186,0.164,0.076,1.3273727272379454,0.4069980572348973,False,BALANCING
200,350,5,1.5,0.003675,nominal,0.18,True,5.037979984324663,21.037979984324664,0.186,0.164,0.076,1.3273727272379454,0.4069980572348973,False,BALANCING
200,500,5,1.5,0.003675,nominal,0.18,True,5.037979984324663,21.037979984324664,0.186,0.164,0.076,1.3273727272379454,0.4069980572348973,False,BALANCING
200,20,10,1.5,0.003675,nominal,0.18,False,0,3.706525335184029,,,0.076,,,True,FALLEN
200,50,10,1.5,0.003675,nominal,0.18,False,16.0,32.0,0.222,,0.076,,,True,FALLEN
200,100,10,1.5,0.003675,nominal,0.18,True,0.15934404528178467,16.159344045281784,2.318,0.14,0.076,0.15934404528178467,0.21461223622516845,False,BALANCING
200,200,10,1.5,0.003675,nominal,0.18,True,0.15934404528178467,16.159344045281784,2.318,0.14,0.076,0.15934404528178467,0.21461223622516845,False,BALANCING
200,350,10,1.5,0.003675,nominal,0.18,True,0.15934404528178467,16.159344045281784,2.318,0.14,0.076,0.15934404528178467,0.21461223622516845,False,BALANCING
200,500,10,1.5,0.003675,nominal,0.18,True,0.15934404528178467,16.159344045281784,2.318,0.14,0.076,0.15934404528178467,0.21461223622516845,False,BALANCING
200,20,15,1.5,0.003675,nominal,0.18,False,0,3.706525335184029,,,0.076,,,True,FALLEN
200,50,15,1.5,0.003675,nominal,0.18,True,1.2394096884530155,17.239409688453016,1.592,0.10400000000000001,0.076,1.2394096884530155,0.2049166691564281,False,BALANCING
200,100,15,1.5,0.003675,nominal,0.18,True,1.2394096884530155,17.239409688453016,1.592,0.10400000000000001,0.076,1.2394096884530155,0.2049166691564281,False,BALANCING
200,200,15,1.5,0.003675,nominal,0.18,True,1.2394096884530155,17.239409688453016,1.592,0.10400000000000001,0.076,1.2394096884530155,0.2049166691564281,False,BALANCING
200,350,15,1.5,0.003675,nominal,0.18,True,1.2394096884530155,17.239409688453016,1.592,0.10400000000000001,0.076,1.2394096884530155,0.2049166691564281,False,BALANCING
200,500,15,1.5,0.003675,nominal,0.18,True,1.2394096884530155,17.239409688453016,1.592,0.10400000000000001,0.076,1.2394096884530155,0.2049166691564281,False,BALANCING
250,20,5,1.5,0.003675,nominal,0.18,False,0,6.66077783622428,,,0.10200000000000001,,,True,FALLEN
250,50,5,1.5,0.003675,nominal,0.18,False,16.0,32.0,0.23,,0.10200000000000001,,,True,FALLEN
250,100,5,1.5,0.003675,nominal,0.18,True,6.90569780846909,22.90569780846909,0.20800000000000002,0.186,0.10200000000000001,1.8474592792209312,0.5643159572736784,False,BALANCING
250,200,5,1.5,0.003675,nominal,0.18,True,6.90569780846909,22.90569780846909,0.20800000000000002,0.186,0.10200000000000001,1.8474592792209312,0.5643159572736784,False,BALANCING
250,350,5,1.5,0.003675,nominal,0.18,True,6.90569780846909,22.90569780846909,0.20800000000000002,0.186,0.10200000000000001,1.8474592792209312,0.5643159572736784,False,BALANCING
250,500,5,1.5,0.003675,nominal,0.18,True,6.90569780846909,22.90569780846909,0.20800000000000002,0.186,0.10200000000000001,1.8474592792209312,0.5643159572736784,False,BALANCING
250,20,10,1.5,0.003675,nominal,0.18,False,0,6.66077783622428,,,0.10200000000000001,,,True,FALLEN
250,50,10,1.5,0.003675,nominal,0.18,False,16.0,32.0,0.23,,0.10200000000000001,,,True,FALLEN
250,100,10,1.5,0.003675,nominal,0.18,True,0,15.838852258932528,,0.164,0.10200000000000001,0.2822886115279431,0.3090253239813894,False,BALANCING
250,200,10,1.5,0.003675,nominal,0.18,True,0,15.838852258932528,,0.164,0.10200000000000001,0.2822886115279431,0.3090253239813894,False,BALANCING
250,350,10,1.5,0.003675,nominal,0.18,True,0,15.838852258932528,,0.164,0.10200000000000001,0.2822886115279431,0.3090253239813894,False,BALANCING
250,500,10,1.5,0.003675,nominal,0.18,True,0,15.838852258932528,,0.164,0.10200000000000001,0.2822886115279431,0.3090253239813894,False,BALANCING
250,20,15,1.5,0.003675,nominal,0.18,False,0,6.66077783622428,,,0.10200000000000001,,,True,FALLEN
250,50,15,1.5,0.003675,nominal,0.18,True,1.0579020794459961,17.057902079445995,1.726,0.128,0.10200000000000001,1.0579020794459961,0.2853307966797921,False,BALANCING
250,100,15,1.5,0.003675,nominal,0.18,True,1.0579020794459961,17.057902079445995,1.726,0.128,0.10200000000000001,1.0579020794459961,0.2853307966797921,False,BALANCING
250,200,15,1.5,0.003675,nominal,0.18,True,1.0579020794459961,17.057902079445995,1.726,0.128,0.10200000000000001,1.0579020794459961,0.2853307966797921,False,BALANCING
250,350,15,1.5,0.003675,nominal,0.18,True,1.0579020794459961,17.057902079445995,1.726,0.128,0.10200000000000001,1.0579020794459961,0.2853307966797921,False,BALANCING
250,500,15,1.5,0.003675,nominal,0.18,True,1.0579020794459961,17.057902079445995,1.726,0.128,0.10200000000000001,1.0579020794459961,0.2853307966797921,False,BALANCING
300,20,5,1.5,0.003675,nominal,0.18,False,16.0,32.0,0.58,,0.132,,,True,FALLEN
300,50,5,1.5,0.003675,nominal,0.18,False,16.0,32.0,0.25,,0.132,,,True,FALLEN
300,100,5,1.5,0.003675,nominal,0.18,False,9.062068532698273,25.062068532698273,0.234,0.212,0.132,2.439223462365144,0.7357631278306274,False,BALANCING
300,200,5,1.5,0.003675,nominal,0.18,False,9.062068532698273,25.062068532698273,0.234,0.212,0.132,2.439223462365144,0.7357631278306274,False,BALANCING
300,350,5,1.5,0.003675,nominal,0.18,False,9.062068532698273,25.062068532698273,0.234,0.212,0.132,2.439223462365144,0.7357631278306274,False,BALANCING
300,500,5,1.5,0.003675,nominal,0.18,False,9.062068532698273,25.062068532698273,0.234,0.212,0.132,2.439223462365144,0.7357631278306274,False,BALANCING
300,20,10,1.5,0.003675,nominal,0.18,False,16.0,32.0,0.58,,0.132,,,True,FALLEN
300,50,10,1.5,0.003675,nominal,0.18,False,16.0,32.0,0.25,,0.132,,,True,FALLEN
300,100,10,1.5,0.003675,nominal,0.18,True,0,15.501766204422523,,0.192,0.132,0.6770235566542603,0.4039617089404884,False,BALANCING
300,200,10,1.5,0.003675,nominal,0.18,True,0,15.501766204422523,,0.192,0.132,0.6770235566542603,0.4039617089404884,False,BALANCING
300,350,10,1.5,0.003675,nominal,0.18,True,0,15.501766204422523,,0.192,0.132,0.6770235566542603,0.4039617089404884,False,BALANCING
300,500,10,1.5,0.003675,nominal,0.18,True,0,15.501766204422523,,0.192,0.132,0.6770235566542603,0.4039617089404884,False,BALANCING
300,20,15,1.5,0.003675,nominal,0.18,False,16.0,32.0,0.58,,0.132,,,True,FALLEN
300,50,15,1.5,0.003675,nominal,0.18,True,0.8500906614815038,16.850090661481502,1.8940000000000001,0.158,0.132,0.8500906614815038,0.37385378679487624,False,BALANCING
300,100,15,1.5,0.003675,nominal,0.18,True,0.8500906614815038,16.850090661481502,1.8940000000000001,0.158,0.132,0.8500906614815038,0.37385378679487624,False,BALANCING
300,200,15,1.5,0.003675,nominal,0.18,True,0.8500906614815038,16.850090661481502,1.8940000000000001,0.158,0.132,0.8500906614815038,0.37385378679487624,False,BALANCING
300,350,15,1.5,0.003675,nominal,0.18,True,0.8500906614815038,16.850090661481502,1.8940000000000001,0.158,0.132,0.8500906614815038,0.37385378679487624,False,BALANCING
300,500,15,1.5,0.003675,nominal,0.18,True,0.8500906614815038,16.850090661481502,1.8940000000000001,0.158,0.132,0.8500906614815038,0.37385378679487624,False,BALANCING
350,20,5,1.5,0.003675,nominal,0.18,False,16.0,32.0,0.43,,0.166,,,True,FALLEN
350,50,5,1.5,0.003675,nominal,0.18,False,16.0,32.0,0.276,,0.166,,,True,FALLEN
350,100,5,1.5,0.003675,nominal,0.18,False,16.0,32.0,0.264,0.244,0.166,16.0,0.0,True,FALLEN
350,200,5,1.5,0.003675,nominal,0.18,False,16.0,32.0,0.264,0.244,0.166,16.0,0.0,True,FALLEN
350,350,5,1.5,0.003675,nominal,0.18,False,16.0,32.0,0.264,0.244,0.166,16.0,0.0,True,FALLEN
350,500,5,1.5,0.003675,nominal,0.18,False,16.0,32.0,0.264,0.244,0.166,16.0,0.0,True,FALLEN
350,20,10,1.5,0.003675,nominal,0.18,False,16.0,32.0,0.43,,0.166,,,True,FALLEN
350,50,10,1.5,0.003675,nominal,0.18,False,16.0,32.0,0.276,,0.166,,,True,FALLEN
350,100,10,1.5,0.003675,nominal,0.18,True,0,15.311263441823163,,0.224,0.166,1.0813617306482637,0.4934369514318031,False,BALANCING
350,200,10,1.5,0.003675,nominal,0.18,True,0,15.311263441823163,,0.224,0.166,1.0813617306482637,0.4934369514318031,False,BALANCING
350,350,10,1.5,0.003675,nominal,0.18,True,0,15.311263441823163,,0.224,0.166,1.0813617306482637,0.4934369514318031,False,BALANCING
350,500,10,1.5,0.003675,nominal,0.18,True,0,15.311263441823163,,0.224,0.166,1.0813617306482637,0.4934369514318031,False,BALANCING
350,20,15,1.5,0.003675,nominal,0.18,False,16.0,32.0,0.43,,0.166,,,True,FALLEN
350,50,15,1.5,0.003675,nominal,0.18,True,0.7037257258351655,16.703725725835167,2.066,0.19,0.166,0.7037257258351655,0.4581779453070154,False,BALANCING
350,100,15,1.5,0.003675,nominal,0.18,True,0.7037257258351655,16.703725725835167,2.066,0.19,0.166,0.7037257258351655,0.4581779453070154,False,BALANCING
350,200,15,1.5,0.003675,nominal,0.18,True,0.7037257258351655,16.703725725835167,2.066,0.19,0.166,0.7037257258351655,0.4581779453070154,False,BALANCING
350,350,15,1.5,0.003675,nominal,0.18,True,0.7037257258351655,16.703725725835167,2.066,0.19,0.166,0.7037257258351655,0.4581779453070154,False,BALANCING
350,500,15,1.5,0.003675,nominal,0.18,True,0.7037257258351655,16.703725725835167,2.066,0.19,0.166,0.7037257258351655,0.4581779453070154,False,BALANCING
400,20,5,1.5,0.003675,nominal,0.18,False,16.0,32.0,0.454,,0.21,,,True,FALLEN
400,50,5,1.5,0.003675,nominal,0.18,False,16.0,32.0,0.316,,0.21,,,True,FALLEN
400,100,5,1.5,0.003675,nominal,0.18,False,16.0,32.0,0.304,0.28600000000000003,0.21,16.0,0.0,True,FALLEN
400,200,5,1.5,0.003675,nominal,0.18,False,16.0,32.0,0.304,0.28600000000000003,0.21,16.0,0.0,True,FALLEN
400,350,5,1.5,0.003675,nominal,0.18,False,16.0,32.0,0.304,0.28600000000000003,0.21,16.0,0.0,True,FALLEN
400,500,5,1.5,0.003675,nominal,0.18,False,16.0,32.0,0.304,0.28600000000000003,0.21,16.0,0.0,True,FALLEN
400,20,10,1.5,0.003675,nominal,0.18,False,16.0,32.0,0.454,,0.21,,,True,FALLEN
400,50,10,1.5,0.003675,nominal,0.18,False,16.0,32.0,0.316,,0.21,,,True,FALLEN
400,100,10,1.5,0.003675,nominal,0.18,True,1.147910802367809,17.14791080236781,0.338,0.266,0.21,1.5771396340631942,0.6017177969930236,False,BALANCING
400,200,10,1.5,0.003675,nominal,0.18,True,1.147910802367809,17.14791080236781,0.338,0.266,0.21,1.5771396340631942,0.6017177969930236,False,BALANCING
400,350,10,1.5,0.003675,nominal,0.18,True,1.147910802367809,17.14791080236781,0.338,0.266,0.21,1.5771396340631942,0.6017177969930236,False,BALANCING
400,500,10,1.5,0.003675,nominal,0.18,True,1.147910802367809,17.14791080236781,0.338,0.266,0.21,1.5771396340631942,0.6017177969930236,False,BALANCING
400,20,15,1.5,0.003675,nominal,0.18,False,16.0,32.0,0.454,,0.21,,,True,FALLEN
400,50,15,1.5,0.003675,nominal,0.18,True,0.4994791268924202,16.49947912689242,2.322,0.234,0.21,0.4994791268924202,0.5466587362166283,False,BALANCING
400,100,15,1.5,0.003675,nominal,0.18,True,0.4994791268924202,16.49947912689242,2.322,0.234,0.21,0.4994791268924202,0.5466587362166283,False,BALANCING
400,200,15,1.5,0.003675,nominal,0.18,True,0.4994791268924202,16.49947912689242,2.322,0.234,0.21,0.4994791268924202,0.5466587362166283,False,BALANCING
400,350,15,1.5,0.003675,nominal,0.18,True,0.4994791268924202,16.49947912689242,2.322,0.234,0.21,0.4994791268924202,0.5466587362166283,False,BALANCING
400,500,15,1.5,0.003675,nominal,0.18,True,0.4994791268924202,16.49947912689242,2.322,0.234,0.21,0.4994791268924202,0.5466587362166283,False,BALANCING
450,20,5,1.5,0.003675,nominal,0.18,False,16.0,32.0,0.47400000000000003,,0.268,,,True,FALLEN
450,50,5,1.5,0.003675,nominal,0.18,False,16.0,32.0,0.368,,0.268,,,True,FALLEN
450,100,5,1.5,0.003675,nominal,0.18,False,16.0,32.0,0.358,0.342,0.268,16.0,0.0,True,FALLEN
450,200,5,1.5,0.003675,nominal,0.18,False,16.0,32.0,0.358,0.342,0.268,16.0,0.0,True,FALLEN
450,350,5,1.5,0.003675,nominal,0.18,False,16.0,32.0,0.358,0.342,0.268,16.0,0.0,True,FALLEN
450,500,5,1.5,0.003675,nominal,0.18,False,16.0,32.0,0.358,0.342,0.268,16.0,0.0,True,FALLEN
450,20,10,1.5,0.003675,nominal,0.18,False,16.0,32.0,0.47400000000000003,,0.268,,,True,FALLEN
450,50,10,1.5,0.003675,nominal,0.18,False,16.0,32.0,0.368,,0.268,,,True,FALLEN
450,100,10,1.5,0.003675,nominal,0.18,False,3.761196489672779,19.76119648967278,0.384,0.322,0.268,2.2255079531538087,0.7737022044432217,False,BALANCING
450,200,10,1.5,0.003675,nominal,0.18,False,3.761196489672779,19.76119648967278,0.384,0.322,0.268,2.2255079531538087,0.7737022044432217,False,BALANCING
450,350,10,1.5,0.003675,nominal,0.18,False,3.761196489672779,19.76119648967278,0.384,0.322,0.268,2.2255079531538087,0.7737022044432217,False,BALANCING
450,500,10,1.5,0.003675,nominal,0.18,False,3.761196489672779,19.76119648967278,0.384,0.322,0.268,2.2255079531538087,0.7737022044432217,False,BALANCING
450,20,15,1.5,0.003675,nominal,0.18,False,16.0,32.0,0.47400000000000003,,0.268,,,True,FALLEN
450,50,15,1.5,0.003675,nominal,0.18,True,0.2804342253030494,16.28043422530305,2.686,0.292,0.268,0.2804342253030494,0.6355165784305414,False,BALANCING
450,100,15,1.5,0.003675,nominal,0.18,True,0.2804342253030494,16.28043422530305,2.686,0.292,0.268,0.2804342253030494,0.6355165784305414,False,BALANCING
450,200,15,1.5,0.003675,nominal,0.18,True,0.2804342253030494,16.28043422530305,2.686,0.292,0.268,0.2804342253030494,0.6355165784305414,False,BALANCING
450,350,15,1.5,0.003675,nominal,0.18,True,0.2804342253030494,16.28043422530305,2.686,0.292,0.268,0.2804342253030494,0.6355165784305414,False,BALANCING
450,500,15,1.5,0.003675,nominal,0.18,True,0.2804342253030494,16.28043422530305,2.686,0.292,0.268,0.2804342253030494,0.6355165784305414,False,BALANCING
500,20,5,1.5,0.003675,nominal,0.18,False,16.0,32.0,0.536,,0.352,,,True,FALLEN
500,50,5,1.5,0.003675,nominal,0.18,False,16.0,32.0,0.45,,0.352,,,True,FALLEN
500,100,5,1.5,0.003675,nominal,0.18,False,16.0,32.0,0.44,0.424,0.352,16.0,0.0,True,FALLEN
500,200,5,1.5,0.003675,nominal,0.18,False,16.0,32.0,0.44,0.424,0.352,16.0,0.0,True,FALLEN
500,350,5,1.5,0.003675,nominal,0.18,False,16.0,32.0,0.44,0.424,0.352,16.0,0.0,True,FALLEN
500,500,5,1.5,0.003675,nominal,0.18,False,16.0,32.0,0.44,0.424,0.352,16.0,0.0,True,FALLEN
500,20,10,1.5,0.003675,nominal,0.18,False,16.0,32.0,0.536,,0.352,,,True,FALLEN
500,50,10,1.5,0.003675,nominal,0.18,False,16.0,32.0,0.45,,0.352,,,True,FALLEN
500,100,10,1.5,0.003675,nominal,0.18,False,16.0,32.0,0.462,0.404,0.352,16.0,0.0,True,FALLEN
500,200,10,1.5,0.003675,nominal,0.18,False,16.0,32.0,0.462,0.404,0.352,16.0,0.0,True,FALLEN
500,350,10,1.5,0.003675,nominal,0.18,False,16.0,32.0,0.462,0.404,0.352,16.0,0.0,True,FALLEN
500,500,10,1.5,0.003675,nominal,0.18,False,16.0,32.0,0.462,0.404,0.352,16.0,0.0,True,FALLEN
500,20,15,1.5,0.003675,nominal,0.18,False,16.0,32.0,0.536,,0.352,,,True,FALLEN
500,50,15,1.5,0.003675,nominal,0.18,True,0.1265167898297448,16.126516789829743,3.0700000000000003,0.374,0.352,0.1265167898297448,0.7231936414985822,False,BALANCING
500,100,15,1.5,0.003675,nominal,0.18,True,0.1265167898297448,16.126516789829743,3.0700000000000003,0.374,0.352,0.1265167898297448,0.7231936414985822,False,BALANCING
500,200,15,1.5,0.003675,nominal,0.18,True,0.1265167898297448,16.126516789829743,3.0700000000000003,0.374,0.352,0.1265167898297448,0.7231936414985822,False,BALANCING
500,350,15,1.5,0.003675,nominal,0.18,True,0.1265167898297448,16.126516789829743,3.0700000000000003,0.374,0.352,0.1265167898297448,0.7231936414985822,False,BALANCING
500,500,15,1.5,0.003675,nominal,0.18,True,0.1265167898297448,16.126516789829743,3.0700000000000003,0.374,0.352,0.1265167898297448,0.7231936414985822,False,BALANCING
550,20,5,1.5,0.003675,nominal,0.18,False,16.0,32.0,0.686,,0.52,,,True,FALLEN
550,50,5,1.5,0.003675,nominal,0.18,False,16.0,32.0,0.614,,0.52,,,True,FALLEN
550,100,5,1.5,0.003675,nominal,0.18,False,16.0,32.0,0.606,0.59,0.52,16.0,0.0,True,FALLEN
550,200,5,1.5,0.003675,nominal,0.18,False,16.0,32.0,0.606,0.59,0.52,16.0,0.0,True,FALLEN
550,350,5,1.5,0.003675,nominal,0.18,False,16.0,32.0,0.606,0.59,0.52,16.0,0.0,True,FALLEN
550,500,5,1.5,0.003675,nominal,0.18,False,16.0,32.0,0.606,0.59,0.52,16.0,0.0,True,FALLEN
550,20,10,1.5,0.003675,nominal,0.18,False,16.0,32.0,0.686,,0.52,,,True,FALLEN
550,50,10,1.5,0.003675,nominal,0.18,False,16.0,32.0,0.614,,0.52,,,True,FALLEN
550,100,10,1.5,0.003675,nominal,0.18,False,16.0,32.0,0.62,0.5720000000000001,0.52,16.0,0.0,True,FALLEN
550,200,10,1.5,0.003675,nominal,0.18,False,16.0,32.0,0.62,0.5720000000000001,0.52,16.0,0.0,True,FALLEN
550,350,10,1.5,0.003675,nominal,0.18,False,16.0,32.0,0.62,0.5720000000000001,0.52,16.0,0.0,True,FALLEN
550,500,10,1.5,0.003675,nominal,0.18,False,16.0,32.0,0.62,0.5720000000000001,0.52,16.0,0.0,True,FALLEN
550,20,15,1.5,0.003675,nominal,0.18,False,16.0,32.0,0.686,,0.52,,,True,FALLEN
550,50,15,1.5,0.003675,nominal,0.18,True,0,15.866964102429485,,0.542,0.52,0.4374294910481809,0.8309252727743535,False,BALANCING
550,100,15,1.5,0.003675,nominal,0.18,True,0,15.866964102429485,,0.542,0.52,0.4374294910481809,0.8309252727743535,False,BALANCING
550,200,15,1.5,0.003675,nominal,0.18,True,0,15.866964102429485,,0.542,0.52,0.4374294910481809,0.8309252727743535,False,BALANCING
550,350,15,1.5,0.003675,nominal,0.18,True,0,15.866964102429485,,0.542,0.52,0.4374294910481809,0.8309252727743535,False,BALANCING
550,500,15,1.5,0.003675,nominal,0.18,True,0,15.866964102429485,,0.542,0.52,0.4374294910481809,0.8309252727743535,False,BALANCING
580,20,5,1.5,0.003675,nominal,0.18,False,16.0,32.0,1.1400000000000001,,0.982,,,True,FALLEN
580,50,5,1.5,0.003675,nominal,0.18,False,16.0,32.0,1.072,,0.982,,,True,FALLEN
580,100,5,1.5,0.003675,nominal,0.18,False,16.0,32.0,1.066,1.05,0.982,16.0,0.0,True,FALLEN
580,200,5,1.5,0.003675,nominal,0.18,False,16.0,32.0,1.066,1.05,0.982,16.0,0.0,True,FALLEN
580,350,5,1.5,0.003675,nominal,0.18,False,16.0,32.0,1.066,1.05,0.982,16.0,0.0,True,FALLEN
580,500,5,1.5,0.003675,nominal,0.18,False,16.0,32.0,1.066,1.05,0.982,16.0,0.0,True,FALLEN
580,20,10,1.5,0.003675,nominal,0.18,False,16.0,32.0,1.1400000000000001,,0.982,,,True,FALLEN
580,50,10,1.5,0.003675,nominal,0.18,False,16.0,32.0,1.082,1.032,0.982,16.0,0.0,True,FALLEN
580,100,10,1.5,0.003675,nominal,0.18,False,16.0,32.0,1.082,1.032,0.982,16.0,0.0,True,FALLEN
580,200,10,1.5,0.003675,nominal,0.18,False,16.0,32.0,1.082,1.032,0.982,16.0,0.0,True,FALLEN
580,350,10,1.5,0.003675,nominal,0.18,False,16.0,32.0,1.082,1.032,0.982,16.0,0.0,True,FALLEN
580,500,10,1.5,0.003675,nominal,0.18,False,16.0,32.0,1.082,1.032,0.982,16.0,0.0,True,FALLEN
580,20,15,1.5,0.003675,nominal,0.18,False,16.0,32.0,1.1400000000000001,,0.982,,,True,FALLEN
580,50,15,1.5,0.003675,nominal,0.18,True,0,15.648563169722678,,1.004,0.982,0.6381794342099346,0.8618542054374047,False,BALANCING
580,100,15,1.5,0.003675,nominal,0.18,True,0,15.648563169722678,,1.004,0.982,0.6381794342099346,0.8618542054374047,False,BALANCING
580,200,15,1.5,0.003675,nominal,0.18,True,0,15.648563169722678,,1.004,0.982,0.6381794342099346,0.8618542054374047,False,BALANCING
580,350,15,1.5,0.003675,nominal,0.18,True,0,15.648563169722678,,1.004,0.982,0.6381794342099346,0.8618542054374047,False,BALANCING
580,500,15,1.5,0.003675,nominal,0.18,True,0,15.648563169722678,,1.004,0.982,0.6381794342099346,0.8618542054374047,False,BALANCING
100,20,5,1.5,0.003675,half_20ms,0.18,False,0,0.0,,,0.034,,,False,FALLEN
100,50,5,1.5,0.003675,half_20ms,0.18,False,0,0.7401011145329104,,,0.034,,,True,FALLEN
100,100,5,1.5,0.003675,half_20ms,0.18,False,0,11.182745132592961,,,0.034,,,True,FALLEN
100,200,5,1.5,0.003675,half_20ms,0.18,True,10.703726959083028,26.703726959083028,0.212,0.186,0.034,1.693422277643037,0.3991110939659385,False,BALANCING
100,350,5,1.5,0.003675,half_20ms,0.18,True,10.703726959083028,26.703726959083028,0.212,0.186,0.034,1.693422277643037,0.3991110939659385,False,BALANCING
100,500,5,1.5,0.003675,half_20ms,0.18,True,10.703726959083028,26.703726959083028,0.212,0.186,0.034,1.693422277643037,0.3991110939659385,False,BALANCING
100,20,10,1.5,0.003675,half_20ms,0.18,False,0,0.0,,,0.034,,,False,FALLEN
100,50,10,1.5,0.003675,half_20ms,0.18,False,0,0.7401011145329104,,,0.034,,,True,FALLEN
100,100,10,1.5,0.003675,half_20ms,0.18,False,0,11.182745132592961,,,0.034,,,True,FALLEN
100,200,10,1.5,0.003675,half_20ms,0.18,True,0.3268599704044887,16.326859970404488,1.3980000000000001,0.158,0.034,0.3265169240177602,0.07982222178833831,False,BALANCING
100,350,10,1.5,0.003675,half_20ms,0.18,True,0.3268599704044887,16.326859970404488,1.3980000000000001,0.158,0.034,0.3265169240177602,0.07982222178833831,False,BALANCING
100,500,10,1.5,0.003675,half_20ms,0.18,True,0.3268599704044887,16.326859970404488,1.3980000000000001,0.158,0.034,0.3265169240177602,0.07982222178833831,False,BALANCING
100,20,15,1.5,0.003675,half_20ms,0.18,False,0,0.0,,,0.034,,,False,FALLEN
100,50,15,1.5,0.003675,half_20ms,0.18,False,0,0.7401011145329104,,,0.034,,,True,FALLEN
100,100,15,1.5,0.003675,half_20ms,0.18,True,1.8406884766827953,17.840688476682796,1.3860000000000001,0.10400000000000001,0.034,1.8405680692713748,0.4300601540204292,False,BALANCING
100,200,15,1.5,0.003675,half_20ms,0.18,True,1.8406884766827953,17.840688476682796,1.3860000000000001,0.10400000000000001,0.034,1.8405680692713748,0.4300601540204292,False,BALANCING
100,350,15,1.5,0.003675,half_20ms,0.18,True,1.8406884766827953,17.840688476682796,1.3860000000000001,0.10400000000000001,0.034,1.8405680692713748,0.4300601540204292,False,BALANCING
100,500,15,1.5,0.003675,half_20ms,0.18,True,1.8406884766827953,17.840688476682796,1.3860000000000001,0.10400000000000001,0.034,1.8405680692713748,0.4300601540204292,False,BALANCING
150,20,5,1.5,0.003675,half_20ms,0.18,False,0,0.0,,,0.054,,,False,FALLEN
150,50,5,1.5,0.003675,half_20ms,0.18,False,0,1.1180859911187255,,,0.054,,,True,FALLEN
150,100,5,1.5,0.003675,half_20ms,0.18,False,0,9.03026382233272,,,0.054,,,True,FALLEN
150,200,5,1.5,0.003675,half_20ms,0.18,True,10.711069212384373,26.711069212384373,0.234,0.20800000000000002,0.054,1.873675981265085,0.4726222761621558,False,BALANCING
150,350,5,1.5,0.003675,half_20ms,0.18,True,10.711069212384373,26.711069212384373,0.234,0.20800000000000002,0.054,1.873675981265085,0.4726222761621558,False,BALANCING
150,500,5,1.5,0.003675,half_20ms,0.18,True,10.711069212384373,26.711069212384373,0.234,0.20800000000000002,0.054,1.873675981265085,0.4726222761621558,False,BALANCING
150,20,10,1.5,0.003675,half_20ms,0.18,False,0,0.0,,,0.054,,,False,FALLEN
150,50,10,1.5,0.003675,half_20ms,0.18,False,0,1.1180859911187255,,,0.054,,,True,FALLEN
150,100,10,1.5,0.003675,half_20ms,0.18,False,0,9.03026382233272,,,0.054,,,True,FALLEN
150,200,10,1.5,0.003675,half_20ms,0.18,True,0.29953460780073227,16.299534607800734,1.756,0.18,0.054,0.29953460780073227,0.07358216943289296,False,BALANCING
150,350,10,1.5,0.003675,half_20ms,0.18,True,0.29953460780073227,16.299534607800734,1.756,0.18,0.054,0.29953460780073227,0.07358216943289296,False,BALANCING
150,500,10,1.5,0.003675,half_20ms,0.18,True,0.29953460780073227,16.299534607800734,1.756,0.18,0.054,0.29953460780073227,0.07358216943289296,False,BALANCING
150,20,15,1.5,0.003675,half_20ms,0.18,False,0,0.0,,,0.054,,,False,FALLEN
150,50,15,1.5,0.003675,half_20ms,0.18,False,0,1.1180859911187255,,,0.054,,,True,FALLEN
150,100,15,1.5,0.003675,half_20ms,0.18,True,1.6887482742820634,17.688748274282062,1.474,0.12,0.054,1.6887482742820634,0.35952341751989075,False,BALANCING
150,200,15,1.5,0.003675,half_20ms,0.18,True,1.6887482742820634,17.688748274282062,1.474,0.12,0.054,1.6887482742820634,0.35952341751989075,False,BALANCING
150,350,15,1.5,0.003675,half_20ms,0.18,True,1.6887482742820634,17.688748274282062,1.474,0.12,0.054,1.6887482742820634,0.35952341751989075,False,BALANCING
150,500,15,1.5,0.003675,half_20ms,0.18,True,1.6887482742820634,17.688748274282062,1.474,0.12,0.054,1.6887482742820634,0.35952341751989075,False,BALANCING
200,20,5,1.5,0.003675,half_20ms,0.18,False,0,0.0,,,0.076,,,False,FALLEN
200,50,5,1.5,0.003675,half_20ms,0.18,False,0,1.4548937616224773,,,0.076,,,True,FALLEN
200,100,5,1.5,0.003675,half_20ms,0.18,False,16.0,32.0,0.404,,0.076,,,True,FALLEN
200,200,5,1.5,0.003675,half_20ms,0.18,True,9.638812324205162,25.638812324205162,0.258,0.232,0.076,1.8929532729252734,0.5109422191980978,False,BALANCING
200,350,5,1.5,0.003675,half_20ms,0.18,True,9.638812324205162,25.638812324205162,0.258,0.232,0.076,1.8929532729252734,0.5109422191980978,False,BALANCING
200,500,5,1.5,0.003675,half_20ms,0.18,True,9.638812324205162,25.638812324205162,0.258,0.232,0.076,1.8929532729252734,0.5109422191980978,False,BALANCING
200,20,10,1.5,0.003675,half_20ms,0.18,False,0,0.0,,,0.076,,,False,FALLEN
200,50,10,1.5,0.003675,half_20ms,0.18,False,0,1.4548937616224773,,,0.076,,,True,FALLEN
200,100,10,1.5,0.003675,half_20ms,0.18,False,16.0,32.0,0.404,,0.076,,,True,FALLEN
200,200,10,1.5,0.003675,half_20ms,0.18,True,0.5079572674762278,16.50795726747623,1.836,0.2,0.076,0.5079572674762278,0.1585904732045,False,BALANCING
200,350,10,1.5,0.003675,half_20ms,0.18,True,0.5079572674762278,16.50795726747623,1.836,0.2,0.076,0.5079572674762278,0.1585904732045,False,BALANCING
200,500,10,1.5,0.003675,half_20ms,0.18,True,0.5079572674762278,16.50795726747623,1.836,0.2,0.076,0.5079572674762278,0.1585904732045,False,BALANCING
200,20,15,1.5,0.003675,half_20ms,0.18,False,0,0.0,,,0.076,,,False,FALLEN
200,50,15,1.5,0.003675,half_20ms,0.18,False,0,1.4548937616224773,,,0.076,,,True,FALLEN
200,100,15,1.5,0.003675,half_20ms,0.18,True,1.5687032945830983,17.5687032945831,1.57,0.138,0.076,1.5687032945830983,0.2931443826705029,False,BALANCING
200,200,15,1.5,0.003675,half_20ms,0.18,True,1.5687032945830983,17.5687032945831,1.57,0.138,0.076,1.5687032945830983,0.2931443826705029,False,BALANCING
200,350,15,1.5,0.003675,half_20ms,0.18,True,1.5687032945830983,17.5687032945831,1.57,0.138,0.076,1.5687032945830983,0.2931443826705029,False,BALANCING
200,500,15,1.5,0.003675,half_20ms,0.18,True,1.5687032945830983,17.5687032945831,1.57,0.138,0.076,1.5687032945830983,0.2931443826705029,False,BALANCING
250,20,5,1.5,0.003675,half_20ms,0.18,False,0,0.0,,,0.10200000000000001,,,False,FALLEN
250,50,5,1.5,0.003675,half_20ms,0.18,False,0,1.9175114786491445,,,0.10200000000000001,,,True,FALLEN
250,100,5,1.5,0.003675,half_20ms,0.18,False,16.0,32.0,0.366,,0.10200000000000001,,,True,FALLEN
250,200,5,1.5,0.003675,half_20ms,0.18,True,4.5044895035303965,20.504489503530397,0.28600000000000003,0.256,0.10200000000000001,1.2873711430856072,0.4025009050957918,False,BALANCING
250,350,5,1.5,0.003675,half_20ms,0.18,True,4.5044895035303965,20.504489503530397,0.28600000000000003,0.256,0.10200000000000001,1.2873711430856072,0.4025009050957918,False,BALANCING
250,500,5,1.5,0.003675,half_20ms,0.18,True,4.5044895035303965,20.504489503530397,0.28600000000000003,0.256,0.10200000000000001,1.2873711430856072,0.4025009050957918,False,BALANCING
250,20,10,1.5,0.003675,half_20ms,0.18,False,0,0.0,,,0.10200000000000001,,,False,FALLEN
250,50,10,1.5,0.003675,half_20ms,0.18,False,0,1.9175114786491445,,,0.10200000000000001,,,True,FALLEN
250,100,10,1.5,0.003675,half_20ms,0.18,False,16.0,32.0,0.366,,0.10200000000000001,,,True,FALLEN
250,200,10,1.5,0.003675,half_20ms,0.18,True,0.23352411746796228,16.23352411746796,2.342,0.222,0.10200000000000001,0.23352411746796228,0.27529274814420707,False,BALANCING
250,350,10,1.5,0.003675,half_20ms,0.18,True,0.23352411746796228,16.23352411746796,2.342,0.222,0.10200000000000001,0.23352411746796228,0.27529274814420707,False,BALANCING
250,500,10,1.5,0.003675,half_20ms,0.18,True,0.23352411746796228,16.23352411746796,2.342,0.222,0.10200000000000001,0.23352411746796228,0.27529274814420707,False,BALANCING
250,20,15,1.5,0.003675,half_20ms,0.18,False,0,0.0,,,0.10200000000000001,,,False,FALLEN
250,50,15,1.5,0.003675,half_20ms,0.18,False,0,1.9175114786491445,,,0.10200000000000001,,,True,FALLEN
250,100,15,1.5,0.003675,half_20ms,0.18,True,1.3986647336320646,17.398664733632064,1.688,0.164,0.10200000000000001,1.3986647336320646,0.2680125367781916,False,BALANCING
250,200,15,1.5,0.003675,half_20ms,0.18,True,1.3986647336320646,17.398664733632064,1.688,0.164,0.10200000000000001,1.3986647336320646,0.2680125367781916,False,BALANCING
250,350,15,1.5,0.003675,half_20ms,0.18,True,1.3986647336320646,17.398664733632064,1.688,0.164,0.10200000000000001,1.3986647336320646,0.2680125367781916,False,BALANCING
250,500,15,1.5,0.003675,half_20ms,0.18,True,1.3986647336320646,17.398664733632064,1.688,0.164,0.10200000000000001,1.3986647336320646,0.2680125367781916,False,BALANCING
300,20,5,1.5,0.003675,half_20ms,0.18,False,0,0.0,,,0.132,,,False,FALLEN
300,50,5,1.5,0.003675,half_20ms,0.18,False,0,2.986932988825849,,,0.132,,,True,FALLEN
300,100,5,1.5,0.003675,half_20ms,0.18,False,16.0,32.0,0.35000000000000003,,0.132,,,True,FALLEN
300,200,5,1.5,0.003675,half_20ms,0.18,True,5.1906406270618035,21.190640627061804,0.306,0.278,0.132,1.6188974176359294,0.5154075463312452,False,BALANCING
300,350,5,1.5,0.003675,half_20ms,0.18,True,5.1906406270618035,21.190640627061804,0.306,0.278,0.132,1.6188974176359294,0.5154075463312452,False,BALANCING
300,500,5,1.5,0.003675,half_20ms,0.18,True,5.1906406270618035,21.190640627061804,0.306,0.278,0.132,1.6188974176359294,0.5154075463312452,False,BALANCING
300,20,10,1.5,0.003675,half_20ms,0.18,False,0,0.0,,,0.132,,,False,FALLEN
300,50,10,1.5,0.003675,half_20ms,0.18,False,0,2.986932988825849,,,0.132,,,True,FALLEN
300,100,10,1.5,0.003675,half_20ms,0.18,False,16.0,32.0,0.35000000000000003,,0.132,,,True,FALLEN
300,200,10,1.5,0.003675,half_20ms,0.18,True,0,15.88357263304147,,0.246,0.132,0.27507727434258544,0.4054701487010661,False,BALANCING
300,350,10,1.5,0.003675,half_20ms,0.18,True,0,15.88357263304147,,0.246,0.132,0.27507727434258544,0.4054701487010661,False,BALANCING
300,500,10,1.5,0.003675,half_20ms,0.18,True,0,15.88357263304147,,0.246,0.132,0.27507727434258544,0.4054701487010661,False,BALANCING
300,20,15,1.5,0.003675,half_20ms,0.18,False,0,0.0,,,0.132,,,False,FALLEN
300,50,15,1.5,0.003675,half_20ms,0.18,False,0,2.986932988825849,,,0.132,,,True,FALLEN
300,100,15,1.5,0.003675,half_20ms,0.18,True,1.1494810067365602,17.14948100673656,1.838,0.192,0.132,1.1494810067365602,0.37348972274943354,False,BALANCING
300,200,15,1.5,0.003675,half_20ms,0.18,True,1.1494810067365602,17.14948100673656,1.838,0.192,0.132,1.1494810067365602,0.37348972274943354,False,BALANCING
300,350,15,1.5,0.003675,half_20ms,0.18,True,1.1494810067365602,17.14948100673656,1.838,0.192,0.132,1.1494810067365602,0.37348972274943354,False,BALANCING
300,500,15,1.5,0.003675,half_20ms,0.18,True,1.1494810067365602,17.14948100673656,1.838,0.192,0.132,1.1494810067365602,0.37348972274943354,False,BALANCING
350,20,5,1.5,0.003675,half_20ms,0.18,False,0,0.0,,,0.166,,,False,FALLEN
350,50,5,1.5,0.003675,half_20ms,0.18,False,0,4.1824871174207665,,,0.166,,,True,FALLEN
350,100,5,1.5,0.003675,half_20ms,0.18,False,16.0,32.0,0.364,,0.166,,,True,FALLEN
350,200,5,1.5,0.003675,half_20ms,0.18,True,6.1981977779712505,22.198197777971252,0.334,0.306,0.166,1.9934016684598237,0.6352001817322781,False,BALANCING
350,350,5,1.5,0.003675,half_20ms,0.18,True,6.1981977779712505,22.198197777971252,0.334,0.306,0.166,1.9934016684598237,0.6352001817322781,False,BALANCING
350,500,5,1.5,0.003675,half_20ms,0.18,True,6.1981977779712505,22.198197777971252,0.334,0.306,0.166,1.9934016684598237,0.6352001817322781,False,BALANCING
350,20,10,1.5,0.003675,half_20ms,0.18,False,0,0.0,,,0.166,,,False,FALLEN
350,50,10,1.5,0.003675,half_20ms,0.18,False,0,4.1824871174207665,,,0.166,,,True,FALLEN
350,100,10,1.5,0.003675,half_20ms,0.18,False,16.0,32.0,0.364,,0.166,,,True,FALLEN
350,200,10,1.5,0.003675,half_20ms,0.18,True,0,15.622498077476605,,0.276,0.166,0.5527478852974875,0.4181445773808751,False,BALANCING
350,350,10,1.5,0.003675,half_20ms,0.18,True,0,15.622498077476605,,0.276,0.166,0.5527478852974875,0.4181445773808751,False,BALANCING
350,500,10,1.5,0.003675,half_20ms,0.18,True,0,15.622498077476605,,0.276,0.166,0.5527478852974875,0.4181445773808751,False,BALANCING
350,20,15,1.5,0.003675,half_20ms,0.18,False,0,0.0,,,0.166,,,False,FALLEN
350,50,15,1.5,0.003675,half_20ms,0.18,False,0,4.1824871174207665,,,0.166,,,True,FALLEN
350,100,15,1.5,0.003675,half_20ms,0.18,True,0.9531325930910393,16.953132593091038,2.0,0.224,0.166,0.9531325930910393,0.4736369658454752,False,BALANCING
350,200,15,1.5,0.003675,half_20ms,0.18,True,0.9531325930910393,16.953132593091038,2.0,0.224,0.166,0.9531325930910393,0.4736369658454752,False,BALANCING
350,350,15,1.5,0.003675,half_20ms,0.18,True,0.9531325930910393,16.953132593091038,2.0,0.224,0.166,0.9531325930910393,0.4736369658454752,False,BALANCING
350,500,15,1.5,0.003675,half_20ms,0.18,True,0.9531325930910393,16.953132593091038,2.0,0.224,0.166,0.9531325930910393,0.4736369658454752,False,BALANCING
400,20,5,1.5,0.003675,half_20ms,0.18,False,0,0.0,,,0.21,,,False,FALLEN
400,50,5,1.5,0.003675,half_20ms,0.18,False,0,5.6545829333264095,,,0.21,,,True,FALLEN
400,100,5,1.5,0.003675,half_20ms,0.18,False,16.0,32.0,0.394,,0.21,,,True,FALLEN
400,200,5,1.5,0.003675,half_20ms,0.18,False,16.0,32.0,0.372,0.34600000000000003,0.21,16.0,0.0,True,FALLEN
400,350,5,1.5,0.003675,half_20ms,0.18,False,16.0,32.0,0.372,0.34600000000000003,0.21,16.0,0.0,True,FALLEN
400,500,5,1.5,0.003675,half_20ms,0.18,False,16.0,32.0,0.372,0.34600000000000003,0.21,16.0,0.0,True,FALLEN
400,20,10,1.5,0.003675,half_20ms,0.18,False,0,0.0,,,0.21,,,False,FALLEN
400,50,10,1.5,0.003675,half_20ms,0.18,False,0,5.6545829333264095,,,0.21,,,True,FALLEN
400,100,10,1.5,0.003675,half_20ms,0.18,False,16.0,32.0,0.394,,0.21,,,True,FALLEN
400,200,10,1.5,0.003675,half_20ms,0.18,True,0,15.380688447627266,,0.316,0.21,0.8435580155603396,0.5077926285334168,False,BALANCING
400,350,10,1.5,0.003675,half_20ms,0.18,True,0,15.380688447627266,,0.316,0.21,0.8435580155603396,0.5077926285334168,False,BALANCING
400,500,10,1.5,0.003675,half_20ms,0.18,True,0,15.380688447627266,,0.316,0.21,0.8435580155603396,0.5077926285334168,False,BALANCING
400,20,15,1.5,0.003675,half_20ms,0.18,False,0,0.0,,,0.21,,,False,FALLEN
400,50,15,1.5,0.003675,half_20ms,0.18,False,0,5.6545829333264095,,,0.21,,,True,FALLEN
400,100,15,1.5,0.003675,half_20ms,0.18,True,0.7536301550118327,16.753630155011834,2.206,0.266,0.21,0.7536301550118327,0.5767095856665093,False,BALANCING
400,200,15,1.5,0.003675,half_20ms,0.18,True,0.7536301550118327,16.753630155011834,2.206,0.266,0.21,0.7536301550118327,0.5767095856665093,False,BALANCING
400,350,15,1.5,0.003675,half_20ms,0.18,True,0.7536301550118327,16.753630155011834,2.206,0.266,0.21,0.7536301550118327,0.5767095856665093,False,BALANCING
400,500,15,1.5,0.003675,half_20ms,0.18,True,0.7536301550118327,16.753630155011834,2.206,0.266,0.21,0.7536301550118327,0.5767095856665093,False,BALANCING
450,20,5,1.5,0.003675,half_20ms,0.18,False,0,0.0,,,0.268,,,False,FALLEN
450,50,5,1.5,0.003675,half_20ms,0.18,False,16.0,32.0,0.712,,0.268,,,True,FALLEN
450,100,5,1.5,0.003675,half_20ms,0.18,False,16.0,32.0,0.444,,0.268,,,True,FALLEN
450,200,5,1.5,0.003675,half_20ms,0.18,False,16.0,32.0,0.426,0.402,0.268,16.0,0.0,True,FALLEN
450,350,5,1.5,0.003675,half_20ms,0.18,False,16.0,32.0,0.426,0.402,0.268,16.0,0.0,True,FALLEN
450,500,5,1.5,0.003675,half_20ms,0.18,False,16.0,32.0,0.426,0.402,0.268,16.0,0.0,True,FALLEN
450,20,10,1.5,0.003675,half_20ms,0.18,False,0,0.0,,,0.268,,,False,FALLEN
450,50,10,1.5,0.003675,half_20ms,0.18,False,16.0,32.0,0.712,,0.268,,,True,FALLEN
450,100,10,1.5,0.003675,half_20ms,0.18,False,16.0,32.0,0.444,,0.268,,,True,FALLEN
450,200,10,1.5,0.003675,half_20ms,0.18,True,0,15.008617200236019,,0.374,0.268,1.2733654492764948,0.5959933117004177,False,BALANCING
450,350,10,1.5,0.003675,half_20ms,0.18,True,0,15.008617200236019,,0.374,0.268,1.2733654492764948,0.5959933117004177,False,BALANCING
450,500,10,1.5,0.003675,half_20ms,0.18,True,0,15.008617200236019,,0.374,0.268,1.2733654492764948,0.5959933117004177,False,BALANCING
450,20,15,1.5,0.003675,half_20ms,0.18,False,0,0.0,,,0.268,,,False,FALLEN
450,50,15,1.5,0.003675,half_20ms,0.18,False,16.0,32.0,0.712,,0.268,,,True,FALLEN
450,100,15,1.5,0.003675,half_20ms,0.18,True,0.5306569111633134,16.530656911163312,2.48,0.326,0.268,0.5306569111633134,0.6773683260680039,False,BALANCING
450,200,15,1.5,0.003675,half_20ms,0.18,True,0.5306569111633134,16.530656911163312,2.48,0.326,0.268,0.5306569111633134,0.6773683260680039,False,BALANCING
450,350,15,1.5,0.003675,half_20ms,0.18,True,0.5306569111633134,16.530656911163312,2.48,0.326,0.268,0.5306569111633134,0.6773683260680039,False,BALANCING
450,500,15,1.5,0.003675,half_20ms,0.18,True,0.5306569111633134,16.530656911163312,2.48,0.326,0.268,0.5306569111633134,0.6773683260680039,False,BALANCING
500,20,5,1.5,0.003675,half_20ms,0.18,False,0,0.0,,,0.352,,,False,FALLEN
500,50,5,1.5,0.003675,half_20ms,0.18,False,16.0,32.0,0.668,,0.352,,,True,FALLEN
500,100,5,1.5,0.003675,half_20ms,0.18,False,16.0,32.0,0.516,,0.352,,,True,FALLEN
500,200,5,1.5,0.003675,half_20ms,0.18,False,16.0,32.0,0.504,0.48,0.352,16.0,0.0,True,FALLEN
500,350,5,1.5,0.003675,half_20ms,0.18,False,16.0,32.0,0.504,0.48,0.352,16.0,0.0,True,FALLEN
500,500,5,1.5,0.003675,half_20ms,0.18,False,16.0,32.0,0.504,0.48,0.352,16.0,0.0,True,FALLEN
500,20,10,1.5,0.003675,half_20ms,0.18,False,0,0.0,,,0.352,,,False,FALLEN
500,50,10,1.5,0.003675,half_20ms,0.18,False,16.0,32.0,0.668,,0.352,,,True,FALLEN
500,100,10,1.5,0.003675,half_20ms,0.18,True,0.2339072250819793,16.23390722508198,0.556,0.452,0.352,1.6882110217834343,0.6864202407783214,False,BALANCING
500,200,10,1.5,0.003675,half_20ms,0.18,True,0.2339072250819793,16.23390722508198,0.556,0.452,0.352,1.6882110217834343,0.6864202407783214,False,BALANCING
500,350,10,1.5,0.003675,half_20ms,0.18,True,0.2339072250819793,16.23390722508198,0.556,0.452,0.352,1.6882110217834343,0.6864202407783214,False,BALANCING
500,500,10,1.5,0.003675,half_20ms,0.18,True,0.2339072250819793,16.23390722508198,0.556,0.452,0.352,1.6882110217834343,0.6864202407783214,False,BALANCING
500,20,15,1.5,0.003675,half_20ms,0.18,False,0,0.0,,,0.352,,,False,FALLEN
500,50,15,1.5,0.003675,half_20ms,0.18,False,16.0,32.0,0.668,,0.352,,,True,FALLEN
500,100,15,1.5,0.003675,half_20ms,0.18,True,0.3179611495395157,16.317961149539517,2.834,0.406,0.352,0.3179611495395157,0.7881624418002697,False,BALANCING
500,200,15,1.5,0.003675,half_20ms,0.18,True,0.3179611495395157,16.317961149539517,2.834,0.406,0.352,0.3179611495395157,0.7881624418002697,False,BALANCING
500,350,15,1.5,0.003675,half_20ms,0.18,True,0.3179611495395157,16.317961149539517,2.834,0.406,0.352,0.3179611495395157,0.7881624418002697,False,BALANCING
500,500,15,1.5,0.003675,half_20ms,0.18,True,0.3179611495395157,16.317961149539517,2.834,0.406,0.352,0.3179611495395157,0.7881624418002697,False,BALANCING
550,20,5,1.5,0.003675,half_20ms,0.18,False,0,0.009814724575971212,,,0.52,,,True,FALLEN
550,50,5,1.5,0.003675,half_20ms,0.18,False,16.0,32.0,0.788,,0.52,,,True,FALLEN
550,100,5,1.5,0.003675,half_20ms,0.18,False,16.0,32.0,0.676,,0.52,,,True,FALLEN
550,200,5,1.5,0.003675,half_20ms,0.18,False,16.0,32.0,0.668,0.644,0.52,16.0,0.0,True,FALLEN
550,350,5,1.5,0.003675,half_20ms,0.18,False,16.0,32.0,0.668,0.644,0.52,16.0,0.0,True,FALLEN
550,500,5,1.5,0.003675,half_20ms,0.18,False,16.0,32.0,0.668,0.644,0.52,16.0,0.0,True,FALLEN
550,20,10,1.5,0.003675,half_20ms,0.18,False,0,0.009814724575971212,,,0.52,,,True,FALLEN
550,50,10,1.5,0.003675,half_20ms,0.18,False,16.0,32.0,0.788,,0.52,,,True,FALLEN
550,100,10,1.5,0.003675,half_20ms,0.18,False,16.0,32.0,0.6940000000000001,0.618,0.52,16.0,0.0,True,FALLEN
550,200,10,1.5,0.003675,half_20ms,0.18,False,16.0,32.0,0.6940000000000001,0.618,0.52,16.0,0.0,True,FALLEN
550,350,10,1.5,0.003675,half_20ms,0.18,False,16.0,32.0,0.6940000000000001,0.618,0.52,16.0,0.0,True,FALLEN
550,500,10,1.5,0.003675,half_20ms,0.18,False,16.0,32.0,0.6940000000000001,0.618,0.52,16.0,0.0,True,FALLEN
550,20,15,1.5,0.003675,half_20ms,0.18,False,0,0.009814724575971212,,,0.52,,,True,FALLEN
550,50,15,1.5,0.003675,half_20ms,0.18,False,16.0,32.0,0.788,,0.52,,,True,FALLEN
550,100,15,1.5,0.003675,half_20ms,0.18,True,0.10646611775864076,16.10646611775864,3.354,0.5720000000000001,0.52,0.2061063889031074,0.9019110289799717,False,BALANCING
550,200,15,1.5,0.003675,half_20ms,0.18,True,0.10646611775864076,16.10646611775864,3.354,0.5720000000000001,0.52,0.2061063889031074,0.9019110289799717,False,BALANCING
550,350,15,1.5,0.003675,half_20ms,0.18,True,0.10646611775864076,16.10646611775864,3.354,0.5720000000000001,0.52,0.2061063889031074,0.9019110289799717,False,BALANCING
550,500,15,1.5,0.003675,half_20ms,0.18,True,0.10646611775864076,16.10646611775864,3.354,0.5720000000000001,0.52,0.2061063889031074,0.9019110289799717,False,BALANCING
580,20,5,1.5,0.003675,half_20ms,0.18,False,0,0.1753225959320801,,,0.982,,,True,FALLEN
580,50,5,1.5,0.003675,half_20ms,0.18,False,16.0,32.0,1.228,,0.982,,,True,FALLEN
580,100,5,1.5,0.003675,half_20ms,0.18,False,16.0,32.0,1.1340000000000001,,0.982,,,True,FALLEN
580,200,5,1.5,0.003675,half_20ms,0.18,False,16.0,32.0,1.1260000000000001,1.104,0.982,16.0,0.0,True,FALLEN
580,350,5,1.5,0.003675,half_20ms,0.18,False,16.0,32.0,1.1260000000000001,1.104,0.982,16.0,0.0,True,FALLEN
580,500,5,1.5,0.003675,half_20ms,0.18,False,16.0,32.0,1.1260000000000001,1.104,0.982,16.0,0.0,True,FALLEN
580,20,10,1.5,0.003675,half_20ms,0.18,False,0,0.1753225959320801,,,0.982,,,True,FALLEN
580,50,10,1.5,0.003675,half_20ms,0.18,False,16.0,32.0,1.228,,0.982,,,True,FALLEN
580,100,10,1.5,0.003675,half_20ms,0.18,False,16.0,32.0,1.1480000000000001,1.078,0.982,16.0,0.0,True,FALLEN
580,200,10,1.5,0.003675,half_20ms,0.18,False,16.0,32.0,1.1480000000000001,1.078,0.982,16.0,0.0,True,FALLEN
580,350,10,1.5,0.003675,half_20ms,0.18,False,16.0,32.0,1.1480000000000001,1.078,0.982,16.0,0.0,True,FALLEN
580,500,10,1.5,0.003675,half_20ms,0.18,False,16.0,32.0,1.1480000000000001,1.078,0.982,16.0,0.0,True,FALLEN
580,20,15,1.5,0.003675,half_20ms,0.18,False,0,0.1753225959320801,,,0.982,,,True,FALLEN
580,50,15,1.5,0.003675,half_20ms,0.18,False,16.0,32.0,1.228,,0.982,,,True,FALLEN
580,100,15,1.5,0.003675,half_20ms,0.18,True,0,15.936442156635986,,1.034,0.982,0.41469607626305977,0.9765255430155929,False,BALANCING
580,200,15,1.5,0.003675,half_20ms,0.18,True,0,15.936442156635986,,1.034,0.982,0.41469607626305977,0.9765255430155929,False,BALANCING
580,350,15,1.5,0.003675,half_20ms,0.18,True,0,15.936442156635986,,1.034,0.982,0.41469607626305977,0.9765255430155929,False,BALANCING
580,500,15,1.5,0.003675,half_20ms,0.18,True,0,15.936442156635986,,1.034,0.982,0.41469607626305977,0.9765255430155929,False,BALANCING
100,20,5,1.5,0.003675,half_50ms,0.18,False,0,0.0,,,0.034,,,False,FALLEN
100,50,5,1.5,0.003675,half_50ms,0.18,False,0,0.0,,,0.034,,,False,FALLEN
100,100,5,1.5,0.003675,half_50ms,0.18,False,0,2.321508123325776,,,0.034,,,True,FALLEN
100,200,5,1.5,0.003675,half_50ms,0.18,False,16.0,32.0,0.23800000000000002,0.214,0.034,16.0,0.0,True,FALLEN
100,350,5,1.5,0.003675,half_50ms,0.18,False,16.0,32.0,0.23800000000000002,0.214,0.034,16.0,0.0,True,FALLEN
100,500,5,1.5,0.003675,half_50ms,0.18,False,16.0,32.0,0.23800000000000002,0.214,0.034,16.0,0.0,True,FALLEN
100,20,10,1.5,0.003675,half_50ms,0.18,False,0,0.0,,,0.034,,,False,FALLEN
100,50,10,1.5,0.003675,half_50ms,0.18,False,0,0.0,,,0.034,,,False,FALLEN
100,100,10,1.5,0.003675,half_50ms,0.18,False,0,2.321508123325776,,,0.034,,,True,FALLEN
100,200,10,1.5,0.003675,half_50ms,0.18,True,1.6994293145543837,17.699429314554383,0.266,0.186,0.034,0.24055581096163722,0.0501136965653299,False,BALANCING
100,350,10,1.5,0.003675,half_50ms,0.18,True,1.6994293145543837,17.699429314554383,0.266,0.186,0.034,0.24055581096163722,0.0501136965653299,False,BALANCING
100,500,10,1.5,0.003675,half_50ms,0.18,True,1.6994293145543837,17.699429314554383,0.266,0.186,0.034,0.24055581096163722,0.0501136965653299,False,BALANCING
100,20,15,1.5,0.003675,half_50ms,0.18,False,0,0.0,,,0.034,,,False,FALLEN
100,50,15,1.5,0.003675,half_50ms,0.18,False,0,0.0,,,0.034,,,False,FALLEN
100,100,15,1.5,0.003675,half_50ms,0.18,True,1.98065366426079,17.98065366426079,1.408,0.132,0.034,1.980394489630268,0.4657097889342747,False,BALANCING
100,200,15,1.5,0.003675,half_50ms,0.18,True,1.98065366426079,17.98065366426079,1.408,0.132,0.034,1.980394489630268,0.4657097889342747,False,BALANCING
100,350,15,1.5,0.003675,half_50ms,0.18,True,1.98065366426079,17.98065366426079,1.408,0.132,0.034,1.980394489630268,0.4657097889342747,False,BALANCING
100,500,15,1.5,0.003675,half_50ms,0.18,True,1.98065366426079,17.98065366426079,1.408,0.132,0.034,1.980394489630268,0.4657097889342747,False,BALANCING
150,20,5,1.5,0.003675,half_50ms,0.18,False,0,0.0,,,0.054,,,False,FALLEN
150,50,5,1.5,0.003675,half_50ms,0.18,False,0,0.0,,,0.054,,,False,FALLEN
150,100,5,1.5,0.003675,half_50ms,0.18,False,0,2.786801773598844,,,0.054,,,True,FALLEN
150,200,5,1.5,0.003675,half_50ms,0.18,False,16.0,32.0,0.264,0.24,0.054,16.0,0.0,True,FALLEN
150,350,5,1.5,0.003675,half_50ms,0.18,False,16.0,32.0,0.264,0.24,0.054,16.0,0.0,True,FALLEN
150,500,5,1.5,0.003675,half_50ms,0.18,False,16.0,32.0,0.264,0.24,0.054,16.0,0.0,True,FALLEN
150,20,10,1.5,0.003675,half_50ms,0.18,False,0,0.0,,,0.054,,,False,FALLEN
150,50,10,1.5,0.003675,half_50ms,0.18,False,0,0.0,,,0.054,,,False,FALLEN
150,100,10,1.5,0.003675,half_50ms,0.18,False,0,2.786801773598844,,,0.054,,,True,FALLEN
150,200,10,1.5,0.003675,half_50ms,0.18,True,0.7471512381457311,16.74715123814573,0.3,0.212,0.054,0.25970524763567787,0.08339923058695398,False,BALANCING
150,350,10,1.5,0.003675,half_50ms,0.18,True,0.7471512381457311,16.74715123814573,0.3,0.212,0.054,0.25970524763567787,0.08339923058695398,False,BALANCING
150,500,10,1.5,0.003675,half_50ms,0.18,True,0.7471512381457311,16.74715123814573,0.3,0.212,0.054,0.25970524763567787,0.08339923058695398,False,BALANCING
150,20,15,1.5,0.003675,half_50ms,0.18,False,0,0.0,,,0.054,,,False,FALLEN
150,50,15,1.5,0.003675,half_50ms,0.18,False,0,0.0,,,0.054,,,False,FALLEN
150,100,15,1.5,0.003675,half_50ms,0.18,True,1.8246904236757777,17.82469042367578,1.492,0.152,0.054,1.8246904236757777,0.3963139262329008,False,BALANCING
150,200,15,1.5,0.003675,half_50ms,0.18,True,1.8246904236757777,17.82469042367578,1.492,0.152,0.054,1.8246904236757777,0.3963139262329008,False,BALANCING
150,350,15,1.5,0.003675,half_50ms,0.18,True,1.8246904236757777,17.82469042367578,1.492,0.152,0.054,1.8246904236757777,0.3963139262329008,False,BALANCING
150,500,15,1.5,0.003675,half_50ms,0.18,True,1.8246904236757777,17.82469042367578,1.492,0.152,0.054,1.8246904236757777,0.3963139262329008,False,BALANCING
200,20,5,1.5,0.003675,half_50ms,0.18,False,0,0.0,,,0.076,,,False,FALLEN
200,50,5,1.5,0.003675,half_50ms,0.18,False,0,0.0,,,0.076,,,False,FALLEN
200,100,5,1.5,0.003675,half_50ms,0.18,False,0,4.327708146491146,,,0.076,,,True,FALLEN
200,200,5,1.5,0.003675,half_50ms,0.18,False,16.0,32.0,0.28600000000000003,0.262,0.076,16.0,0.0,True,FALLEN
200,350,5,1.5,0.003675,half_50ms,0.18,False,16.0,32.0,0.28600000000000003,0.262,0.076,16.0,0.0,True,FALLEN
200,500,5,1.5,0.003675,half_50ms,0.18,False,16.0,32.0,0.28600000000000003,0.262,0.076,16.0,0.0,True,FALLEN
200,20,10,1.5,0.003675,half_50ms,0.18,False,0,0.0,,,0.076,,,False,FALLEN
200,50,10,1.5,0.003675,half_50ms,0.18,False,0,0.0,,,0.076,,,False,FALLEN
200,100,10,1.5,0.003675,half_50ms,0.18,False,0,4.327708146491146,,,0.076,,,True,FALLEN
200,200,10,1.5,0.003675,half_50ms,0.18,True,0.08605362446270734,16.086053624462707,2.572,0.23,0.076,0.08605362446270734,0.17097064515709948,False,BALANCING
200,350,10,1.5,0.003675,half_50ms,0.18,True,0.08605362446270734,16.086053624462707,2.572,0.23,0.076,0.08605362446270734,0.17097064515709948,False,BALANCING
200,500,10,1.5,0.003675,half_50ms,0.18,True,0.08605362446270734,16.086053624462707,2.572,0.23,0.076,0.08605362446270734,0.17097064515709948,False,BALANCING
200,20,15,1.5,0.003675,half_50ms,0.18,False,0,0.0,,,0.076,,,False,FALLEN
200,50,15,1.5,0.003675,half_50ms,0.18,False,0,0.0,,,0.076,,,False,FALLEN
200,100,15,1.5,0.003675,half_50ms,0.18,True,1.6722264739082997,17.6722264739083,1.582,0.17,0.076,1.6722264739082997,0.3248415895971408,False,BALANCING
200,200,15,1.5,0.003675,half_50ms,0.18,True,1.6722264739082997,17.6722264739083,1.582,0.17,0.076,1.6722264739082997,0.3248415895971408,False,BALANCING
200,350,15,1.5,0.003675,half_50ms,0.18,True,1.6722264739082997,17.6722264739083,1.582,0.17,0.076,1.6722264739082997,0.3248415895971408,False,BALANCING
200,500,15,1.5,0.003675,half_50ms,0.18,True,1.6722264739082997,17.6722264739083,1.582,0.17,0.076,1.6722264739082997,0.3248415895971408,False,BALANCING
250,20,5,1.5,0.003675,half_50ms,0.18,False,0,0.0,,,0.10200000000000001,,,False,FALLEN
250,50,5,1.5,0.003675,half_50ms,0.18,False,0,0.0,,,0.10200000000000001,,,False,FALLEN
250,100,5,1.5,0.003675,half_50ms,0.18,False,0,4.892810839828565,,,0.10200000000000001,,,True,FALLEN
250,200,5,1.5,0.003675,half_50ms,0.18,False,16.0,32.0,0.314,0.28800000000000003,0.10200000000000001,16.0,0.0,True,FALLEN
250,350,5,1.5,0.003675,half_50ms,0.18,False,16.0,32.0,0.314,0.28800000000000003,0.10200000000000001,16.0,0.0,True,FALLEN
250,500,5,1.5,0.003675,half_50ms,0.18,False,16.0,32.0,0.314,0.28800000000000003,0.10200000000000001,16.0,0.0,True,FALLEN
250,20,10,1.5,0.003675,half_50ms,0.18,False,0,0.0,,,0.10200000000000001,,,False,FALLEN
250,50,10,1.5,0.003675,half_50ms,0.18,False,0,0.0,,,0.10200000000000001,,,False,FALLEN
250,100,10,1.5,0.003675,half_50ms,0.18,False,0,4.892810839828565,,,0.10200000000000001,,,True,FALLEN
250,200,10,1.5,0.003675,half_50ms,0.18,True,0,15.83655690217527,,0.254,0.10200000000000001,0.2537426555721649,0.22167769948048277,False,BALANCING
250,350,10,1.5,0.003675,half_50ms,0.18,True,0,15.83655690217527,,0.254,0.10200000000000001,0.2537426555721649,0.22167769948048277,False,BALANCING
250,500,10,1.5,0.003675,half_50ms,0.18,True,0,15.83655690217527,,0.254,0.10200000000000001,0.2537426555721649,0.22167769948048277,False,BALANCING
250,20,15,1.5,0.003675,half_50ms,0.18,False,0,0.0,,,0.10200000000000001,,,False,FALLEN
250,50,15,1.5,0.003675,half_50ms,0.18,False,0,0.0,,,0.10200000000000001,,,False,FALLEN
250,100,15,1.5,0.003675,half_50ms,0.18,True,1.4820017148906108,17.48200171489061,1.694,0.196,0.10200000000000001,1.4820017148906108,0.2463796178155091,False,BALANCING
250,200,15,1.5,0.003675,half_50ms,0.18,True,1.4820017148906108,17.48200171489061,1.694,0.196,0.10200000000000001,1.4820017148906108,0.2463796178155091,False,BALANCING
250,350,15,1.5,0.003675,half_50ms,0.18,True,1.4820017148906108,17.48200171489061,1.694,0.196,0.10200000000000001,1.4820017148906108,0.2463796178155091,False,BALANCING
250,500,15,1.5,0.003675,half_50ms,0.18,True,1.4820017148906108,17.48200171489061,1.694,0.196,0.10200000000000001,1.4820017148906108,0.2463796178155091,False,BALANCING
300,20,5,1.5,0.003675,half_50ms,0.18,False,0,0.0,,,0.132,,,False,FALLEN
300,50,5,1.5,0.003675,half_50ms,0.18,False,0,0.0,,,0.132,,,False,FALLEN
300,100,5,1.5,0.003675,half_50ms,0.18,False,0,7.981925947436318,,,0.132,,,True,FALLEN
300,200,5,1.5,0.003675,half_50ms,0.18,False,10.855256446980468,26.85525644698047,0.338,0.31,0.132,2.4896310129090833,0.7058696777326837,False,BALANCING
300,350,5,1.5,0.003675,half_50ms,0.18,False,10.855256446980468,26.85525644698047,0.338,0.31,0.132,2.4896310129090833,0.7058696777326837,False,BALANCING
300,500,5,1.5,0.003675,half_50ms,0.18,False,10.855256446980468,26.85525644698047,0.338,0.31,0.132,2.4896310129090833,0.7058696777326837,False,BALANCING
300,20,10,1.5,0.003675,half_50ms,0.18,False,0,0.0,,,0.132,,,False,FALLEN
300,50,10,1.5,0.003675,half_50ms,0.18,False,0,0.0,,,0.132,,,False,FALLEN
300,100,10,1.5,0.003675,half_50ms,0.18,False,0,7.981925947436318,,,0.132,,,True,FALLEN
300,200,10,1.5,0.003675,half_50ms,0.18,True,0,15.579488880379742,,0.276,0.132,0.5608494473627335,0.3111904831635873,False,BALANCING
300,350,10,1.5,0.003675,half_50ms,0.18,True,0,15.579488880379742,,0.276,0.132,0.5608494473627335,0.3111904831635873,False,BALANCING
300,500,10,1.5,0.003675,half_50ms,0.18,True,0,15.579488880379742,,0.276,0.132,0.5608494473627335,0.3111904831635873,False,BALANCING
300,20,15,1.5,0.003675,half_50ms,0.18,False,0,0.0,,,0.132,,,False,FALLEN
300,50,15,1.5,0.003675,half_50ms,0.18,False,0,0.0,,,0.132,,,False,FALLEN
300,100,15,1.5,0.003675,half_50ms,0.18,True,1.2228564297108797,17.22285642971088,1.838,0.222,0.132,1.2228564297108797,0.35478389527485427,False,BALANCING
300,200,15,1.5,0.003675,half_50ms,0.18,True,1.2228564297108797,17.22285642971088,1.838,0.222,0.132,1.2228564297108797,0.35478389527485427,False,BALANCING
300,350,15,1.5,0.003675,half_50ms,0.18,True,1.2228564297108797,17.22285642971088,1.838,0.222,0.132,1.2228564297108797,0.35478389527485427,False,BALANCING
300,500,15,1.5,0.003675,half_50ms,0.18,True,1.2228564297108797,17.22285642971088,1.838,0.222,0.132,1.2228564297108797,0.35478389527485427,False,BALANCING
350,20,5,1.5,0.003675,half_50ms,0.18,False,0,0.0,,,0.166,,,False,FALLEN
350,50,5,1.5,0.003675,half_50ms,0.18,False,0,0.0,,,0.166,,,False,FALLEN
350,100,5,1.5,0.003675,half_50ms,0.18,False,16.0,32.0,0.668,,0.166,,,True,FALLEN
350,200,5,1.5,0.003675,half_50ms,0.18,False,16.0,32.0,0.368,0.34,0.166,16.0,0.0,True,FALLEN
350,350,5,1.5,0.003675,half_50ms,0.18,False,16.0,32.0,0.368,0.34,0.166,16.0,0.0,True,FALLEN
350,500,5,1.5,0.003675,half_50ms,0.18,False,16.0,32.0,0.368,0.34,0.166,16.0,0.0,True,FALLEN
350,20,10,1.5,0.003675,half_50ms,0.18,False,0,0.0,,,0.166,,,False,FALLEN
350,50,10,1.5,0.003675,half_50ms,0.18,False,0,0.0,,,0.166,,,False,FALLEN
350,100,10,1.5,0.003675,half_50ms,0.18,False,16.0,32.0,0.668,,0.166,,,True,FALLEN
350,200,10,1.5,0.003675,half_50ms,0.18,True,0,15.645094268534852,,0.308,0.166,0.8919669593876492,0.39225708119868774,False,BALANCING
350,350,10,1.5,0.003675,half_50ms,0.18,True,0,15.645094268534852,,0.308,0.166,0.8919669593876492,0.39225708119868774,False,BALANCING
350,500,10,1.5,0.003675,half_50ms,0.18,True,0,15.645094268534852,,0.308,0.166,0.8919669593876492,0.39225708119868774,False,BALANCING
350,20,15,1.5,0.003675,half_50ms,0.18,False,0,0.0,,,0.166,,,False,FALLEN
350,50,15,1.5,0.003675,half_50ms,0.18,False,0,0.0,,,0.166,,,False,FALLEN
350,100,15,1.5,0.003675,half_50ms,0.18,True,1.000254544622912,17.000254544622912,2.0020000000000002,0.256,0.166,1.000254544622912,0.45414202646838286,False,BALANCING
350,200,15,1.5,0.003675,half_50ms,0.18,True,1.000254544622912,17.000254544622912,2.0020000000000002,0.256,0.166,1.000254544622912,0.45414202646838286,False,BALANCING
350,350,15,1.5,0.003675,half_50ms,0.18,True,1.000254544622912,17.000254544622912,2.0020000000000002,0.256,0.166,1.000254544622912,0.45414202646838286,False,BALANCING
350,500,15,1.5,0.003675,half_50ms,0.18,True,1.000254544622912,17.000254544622912,2.0020000000000002,0.256,0.166,1.000254544622912,0.45414202646838286,False,BALANCING
400,20,5,1.5,0.003675,half_50ms,0.18,False,0,0.0,,,0.21,,,False,FALLEN
400,50,5,1.5,0.003675,half_50ms,0.18,False,0,0.0,,,0.21,,,False,FALLEN
400,100,5,1.5,0.003675,half_50ms,0.18,False,16.0,32.0,0.524,,0.21,,,True,FALLEN
400,200,5,1.5,0.003675,half_50ms,0.18,False,16.0,32.0,0.404,0.378,0.21,16.0,0.0,True,FALLEN
400,350,5,1.5,0.003675,half_50ms,0.18,False,16.0,32.0,0.404,0.378,0.21,16.0,0.0,True,FALLEN
400,500,5,1.5,0.003675,half_50ms,0.18,False,16.0,32.0,0.404,0.378,0.21,16.0,0.0,True,FALLEN
400,20,10,1.5,0.003675,half_50ms,0.18,False,0,0.0,,,0.21,,,False,FALLEN
400,50,10,1.5,0.003675,half_50ms,0.18,False,0,0.0,,,0.21,,,False,FALLEN
400,100,10,1.5,0.003675,half_50ms,0.18,False,16.0,32.0,0.524,,0.21,,,True,FALLEN
400,200,10,1.5,0.003675,half_50ms,0.18,True,1.5818172071530057,17.581817207153005,0.426,0.34800000000000003,0.21,1.3963239402112937,0.5113008226924223,False,BALANCING
400,350,10,1.5,0.003675,half_50ms,0.18,True,1.5818172071530057,17.581817207153005,0.426,0.34800000000000003,0.21,1.3963239402112937,0.5113008226924223,False,BALANCING
400,500,10,1.5,0.003675,half_50ms,0.18,True,1.5818172071530057,17.581817207153005,0.426,0.34800000000000003,0.21,1.3963239402112937,0.5113008226924223,False,BALANCING
400,20,15,1.5,0.003675,half_50ms,0.18,False,0,0.0,,,0.21,,,False,FALLEN
400,50,15,1.5,0.003675,half_50ms,0.18,False,0,0.0,,,0.21,,,False,FALLEN
400,100,15,1.5,0.003675,half_50ms,0.18,True,0.7750170017380403,16.77501700173804,2.216,0.296,0.21,0.7750170017380403,0.565372730161703,False,BALANCING
400,200,15,1.5,0.003675,half_50ms,0.18,True,0.7750170017380403,16.77501700173804,2.216,0.296,0.21,0.7750170017380403,0.565372730161703,False,BALANCING
400,350,15,1.5,0.003675,half_50ms,0.18,True,0.7750170017380403,16.77501700173804,2.216,0.296,0.21,0.7750170017380403,0.565372730161703,False,BALANCING
400,500,15,1.5,0.003675,half_50ms,0.18,True,0.7750170017380403,16.77501700173804,2.216,0.296,0.21,0.7750170017380403,0.565372730161703,False,BALANCING
450,20,5,1.5,0.003675,half_50ms,0.18,False,0,0.0,,,0.268,,,False,FALLEN
450,50,5,1.5,0.003675,half_50ms,0.18,False,0,0.0,,,0.268,,,False,FALLEN
450,100,5,1.5,0.003675,half_50ms,0.18,False,16.0,32.0,0.532,,0.268,,,True,FALLEN
450,200,5,1.5,0.003675,half_50ms,0.18,False,16.0,32.0,0.456,0.432,0.268,16.0,0.0,True,FALLEN
450,350,5,1.5,0.003675,half_50ms,0.18,False,16.0,32.0,0.456,0.432,0.268,16.0,0.0,True,FALLEN
450,500,5,1.5,0.003675,half_50ms,0.18,False,16.0,32.0,0.456,0.432,0.268,16.0,0.0,True,FALLEN
450,20,10,1.5,0.003675,half_50ms,0.18,False,0,0.0,,,0.268,,,False,FALLEN
450,50,10,1.5,0.003675,half_50ms,0.18,False,0,0.0,,,0.268,,,False,FALLEN
450,100,10,1.5,0.003675,half_50ms,0.18,False,16.0,32.0,0.532,,0.268,,,True,FALLEN
450,200,10,1.5,0.003675,half_50ms,0.18,True,3.0040223025508483,19.004022302550847,0.47400000000000003,0.402,0.268,1.825449912192087,0.6392032038920367,False,BALANCING
450,350,10,1.5,0.003675,half_50ms,0.18,True,3.0040223025508483,19.004022302550847,0.47400000000000003,0.402,0.268,1.825449912192087,0.6392032038920367,False,BALANCING
450,500,10,1.5,0.003675,half_50ms,0.18,True,3.0040223025508483,19.004022302550847,0.47400000000000003,0.402,0.268,1.825449912192087,0.6392032038920367,False,BALANCING
450,20,15,1.5,0.003675,half_50ms,0.18,False,0,0.0,,,0.268,,,False,FALLEN
450,50,15,1.5,0.003675,half_50ms,0.18,False,0,0.0,,,0.268,,,False,FALLEN
450,100,15,1.5,0.003675,half_50ms,0.18,True,0.5032200764318923,16.50322007643189,2.528,0.354,0.268,0.5032200764318923,0.6726460238059052,False,BALANCING
450,200,15,1.5,0.003675,half_50ms,0.18,True,0.5032200764318923,16.50322007643189,2.528,0.354,0.268,0.5032200764318923,0.6726460238059052,False,BALANCING
450,350,15,1.5,0.003675,half_50ms,0.18,True,0.5032200764318923,16.50322007643189,2.528,0.354,0.268,0.5032200764318923,0.6726460238059052,False,BALANCING
450,500,15,1.5,0.003675,half_50ms,0.18,True,0.5032200764318923,16.50322007643189,2.528,0.354,0.268,0.5032200764318923,0.6726460238059052,False,BALANCING
500,20,5,1.5,0.003675,half_50ms,0.18,False,0,0.0,,,0.352,,,False,FALLEN
500,50,5,1.5,0.003675,half_50ms,0.18,False,0,0.0,,,0.352,,,False,FALLEN
500,100,5,1.5,0.003675,half_50ms,0.18,False,16.0,32.0,0.602,,0.352,,,True,FALLEN
500,200,5,1.5,0.003675,half_50ms,0.18,False,16.0,32.0,0.536,0.512,0.352,16.0,0.0,True,FALLEN
500,350,5,1.5,0.003675,half_50ms,0.18,False,16.0,32.0,0.536,0.512,0.352,16.0,0.0,True,FALLEN
500,500,5,1.5,0.003675,half_50ms,0.18,False,16.0,32.0,0.536,0.512,0.352,16.0,0.0,True,FALLEN
500,20,10,1.5,0.003675,half_50ms,0.18,False,0,0.0,,,0.352,,,False,FALLEN
500,50,10,1.5,0.003675,half_50ms,0.18,False,0,0.0,,,0.352,,,False,FALLEN
500,100,10,1.5,0.003675,half_50ms,0.18,False,16.0,32.0,0.602,,0.352,,,True,FALLEN
500,200,10,1.5,0.003675,half_50ms,0.18,False,16.0,32.0,0.55,0.484,0.352,16.0,0.0,True,FALLEN
500,350,10,1.5,0.003675,half_50ms,0.18,False,16.0,32.0,0.55,0.484,0.352,16.0,0.0,True,FALLEN
500,500,10,1.5,0.003675,half_50ms,0.18,False,16.0,32.0,0.55,0.484,0.352,16.0,0.0,True,FALLEN
500,20,15,1.5,0.003675,half_50ms,0.18,False,0,0.0,,,0.352,,,False,FALLEN
500,50,15,1.5,0.003675,half_50ms,0.18,False,0,0.0,,,0.352,,,False,FALLEN
500,100,15,1.5,0.003675,half_50ms,0.18,True,0.286752632595861,16.28675263259586,2.898,0.436,0.352,0.286752632595861,0.7789084055049104,False,BALANCING
500,200,15,1.5,0.003675,half_50ms,0.18,True,0.286752632595861,16.28675263259586,2.898,0.436,0.352,0.286752632595861,0.7789084055049104,False,BALANCING
500,350,15,1.5,0.003675,half_50ms,0.18,True,0.286752632595861,16.28675263259586,2.898,0.436,0.352,0.286752632595861,0.7789084055049104,False,BALANCING
500,500,15,1.5,0.003675,half_50ms,0.18,True,0.286752632595861,16.28675263259586,2.898,0.436,0.352,0.286752632595861,0.7789084055049104,False,BALANCING
550,20,5,1.5,0.003675,half_50ms,0.18,False,0,0.009814724575971212,,,0.52,,,True,FALLEN
550,50,5,1.5,0.003675,half_50ms,0.18,False,0,0.009814724575971212,,,0.52,,,True,FALLEN
550,100,5,1.5,0.003675,half_50ms,0.18,False,16.0,32.0,0.748,,0.52,,,True,FALLEN
550,200,5,1.5,0.003675,half_50ms,0.18,False,16.0,32.0,0.7000000000000001,0.676,0.52,16.0,0.0,True,FALLEN
550,350,5,1.5,0.003675,half_50ms,0.18,False,16.0,32.0,0.7000000000000001,0.676,0.52,16.0,0.0,True,FALLEN
550,500,5,1.5,0.003675,half_50ms,0.18,False,16.0,32.0,0.7000000000000001,0.676,0.52,16.0,0.0,True,FALLEN
550,20,10,1.5,0.003675,half_50ms,0.18,False,0,0.009814724575971212,,,0.52,,,True,FALLEN
550,50,10,1.5,0.003675,half_50ms,0.18,False,0,0.009814724575971212,,,0.52,,,True,FALLEN
550,100,10,1.5,0.003675,half_50ms,0.18,False,16.0,32.0,0.748,,0.52,,,True,FALLEN
550,200,10,1.5,0.003675,half_50ms,0.18,False,16.0,32.0,0.712,0.65,0.52,16.0,0.0,True,FALLEN
550,350,10,1.5,0.003675,half_50ms,0.18,False,16.0,32.0,0.712,0.65,0.52,16.0,0.0,True,FALLEN
550,500,10,1.5,0.003675,half_50ms,0.18,False,16.0,32.0,0.712,0.65,0.52,16.0,0.0,True,FALLEN
550,20,15,1.5,0.003675,half_50ms,0.18,False,0,0.009814724575971212,,,0.52,,,True,FALLEN
550,50,15,1.5,0.003675,half_50ms,0.18,False,0,0.009814724575971212,,,0.52,,,True,FALLEN
550,100,15,1.5,0.003675,half_50ms,0.18,True,0,15.995967865843788,,0.604,0.52,0.32445043205846913,0.9018948147137544,False,BALANCING
550,200,15,1.5,0.003675,half_50ms,0.18,True,0,15.995967865843788,,0.604,0.52,0.32445043205846913,0.9018948147137544,False,BALANCING
550,350,15,1.5,0.003675,half_50ms,0.18,True,0,15.995967865843788,,0.604,0.52,0.32445043205846913,0.9018948147137544,False,BALANCING
550,500,15,1.5,0.003675,half_50ms,0.18,True,0,15.995967865843788,,0.604,0.52,0.32445043205846913,0.9018948147137544,False,BALANCING
580,20,5,1.5,0.003675,half_50ms,0.18,False,0,0.1753225959320801,,,0.982,,,True,FALLEN
580,50,5,1.5,0.003675,half_50ms,0.18,False,0,0.1753225959320801,,,0.982,,,True,FALLEN
580,100,5,1.5,0.003675,half_50ms,0.18,False,16.0,32.0,1.202,,0.982,,,True,FALLEN
580,200,5,1.5,0.003675,half_50ms,0.18,False,16.0,32.0,1.158,1.1340000000000001,0.982,16.0,0.0,True,FALLEN
580,350,5,1.5,0.003675,half_50ms,0.18,False,16.0,32.0,1.158,1.1340000000000001,0.982,16.0,0.0,True,FALLEN
580,500,5,1.5,0.003675,half_50ms,0.18,False,16.0,32.0,1.158,1.1340000000000001,0.982,16.0,0.0,True,FALLEN
580,20,10,1.5,0.003675,half_50ms,0.18,False,0,0.1753225959320801,,,0.982,,,True,FALLEN
580,50,10,1.5,0.003675,half_50ms,0.18,False,0,0.1753225959320801,,,0.982,,,True,FALLEN
580,100,10,1.5,0.003675,half_50ms,0.18,False,16.0,32.0,1.202,,0.982,,,True,FALLEN
580,200,10,1.5,0.003675,half_50ms,0.18,False,16.0,32.0,1.17,1.108,0.982,16.0,0.0,True,FALLEN
580,350,10,1.5,0.003675,half_50ms,0.18,False,16.0,32.0,1.17,1.108,0.982,16.0,0.0,True,FALLEN
580,500,10,1.5,0.003675,half_50ms,0.18,False,16.0,32.0,1.17,1.108,0.982,16.0,0.0,True,FALLEN
580,20,15,1.5,0.003675,half_50ms,0.18,False,0,0.1753225959320801,,,0.982,,,True,FALLEN
580,50,15,1.5,0.003675,half_50ms,0.18,False,0,0.1753225959320801,,,0.982,,,True,FALLEN
580,100,15,1.5,0.003675,half_50ms,0.18,True,0,15.87516690492397,,1.062,0.982,0.48426952572374776,0.9876383007483254,False,BALANCING
580,200,15,1.5,0.003675,half_50ms,0.18,True,0,15.87516690492397,,1.062,0.982,0.48426952572374776,0.9876383007483254,False,BALANCING
580,350,15,1.5,0.003675,half_50ms,0.18,True,0,15.87516690492397,,1.062,0.982,0.48426952572374776,0.9876383007483254,False,BALANCING
580,500,15,1.5,0.003675,half_50ms,0.18,True,0,15.87516690492397,,1.062,0.982,0.48426952572374776,0.9876383007483254,False,BALANCING
