t,theta_deg,rate_dps,wheel_rpm,duty,phase
0.0,16.0,0.0,0.0,-1,SPINUP
0.002,16.0,0.0,-6.436476596174447,-1,SPINUP
0.004,16.0,0.0,-12.801832631651454,-1,SPINUP
0.006,16.0,0.0,-19.096853960939825,-1,SPINUP
0.008,16.0,0.0,-25.32231775516197,-1,SPINUP
0.01,16.0,0.0,-31.47899259800195,-1,SPINUP
0.012,16.0,0.0,-37.56763858059332,-1,SPINUP
0.014,16.0,0.0,-43.5890073953585,-1,SPINUP
0.016,16.0,0.0,-49.543842428811296,-1,SPINUP
0.018000000000000002,16.0,0.0,-55.43287885333392,-1,SPINUP
0.02,16.0,0.0,-61.256843717939944,-1,SPINUP
0.022,16.0,0.0,-67.0164560380344,-1,SPINUP
0.024,16.0,0.0,-72.71242688418201,-1,SPINUP
0.026000000000000002,16.0,0.0,-78.34545946989454,-1,SPINUP
0.028,16.0,0.0,-83.91624923844823,-1,SPINUP
0.03,16.0,0.0,-89.42548394874186,-1,SPINUP
0.032,16.0,0.0,-94.87384376020609,-1,SPINUP
0.034,16.0,0.0,-100.26200131677466,0.0,KICK
0.036000000000000004,16.0,0.0,-99.92835103845167,0.0,KICK
0.038,16.0,0.0,-99.5958110761683,0.0,KICK
0.04,16.0,0.0,-99.26437773503264,0.0,KICK
0.042,16.0,0.0,-98.9340473324486,0.0,KICK
0.044,16.0,0.0,-98.60481619807497,0.0,KICK
0.046,16.0,0.0,-98.27668067378468,0.0,KICK
0.048,16.0,0.0,-97.94963711362406,0.0,KICK
0.05,16.0,0.0,-97.62368188377242,0.0,KICK
0.052000000000000005,16.0,0.0,-97.29881136250161,0.0,KICK
0.054,16.0,0.0,-96.97502194013585,0.0,KICK
0.056,16.0,0.0,-96.65231001901155,0.0,KICK
0.058,16.0,0.0,-96.33067201343736,1,KICK
0.06,15.999181083827406,-0.8163597526028755,-92.56980762238835,1,KICK
0.062,15.996744693079599,-1.6175210253611252,-88.82977899169855,1,KICK
0.064,15.992720947381978,-2.403760475214357,-85.11047068808863,1,KICK
0.066,15.987139417085816,-3.1753507314340945,-81.41176791779719,1,KICK
0.068,15.980029131251497,-3.932560467509121,-77.73355652303772,1,KICK
0.07,15.97141858548924,-4.675654471800315,-74.07572297847518,1,KICK
0.07200000000000001,15.961335749659689,-5.404893716992775,-70.43815438772214,1,KICK
0.074,15.9498080754368,-6.120535428372502,-66.82073847985431,1,KICK
0.076,15.936862503735329,-6.822833150954367,-63.22336360594543,1,KICK
0.078,15.922525472005166,-7.51203681548759,-59.645918735621215,1,KICK
0.08,15.906822921394793,-8.188392803364403,-56.08829345363253,1,KICK
0.082,15.889780303785981,-8.85214401045711,-52.55037795644754,1,KICK
0.084,15.871422588701869,-9.50352990990818,-49.03206304886262,1,KICK
0.08600000000000001,15.851774270090475,-10.142786613897568,-45.5332401406322,1,KICK
0.088,15.830859372985703,-10.770146934410922,-42.05380124311718,1,KICK
0.09,15.808701460047772,-11.385840443031864,-38.59363896595191,1,KICK
0.092,15.78532363798503,-11.990093529781028,-35.15264651372971,1,KICK
0.094,15.760748563859005,-12.58312946102412,-31.730717682706672,1,KICK
0.096,15.734998451274583,-13.165168436470704,-28.327746857523774,1,KICK
0.098,15.70809507645705,-13.73642764528504,-24.94362900794714,1,KICK
0.1,15.680059784217805,-14.297121321329824,-21.578259685626357,1,KICK
0.10200000000000001,15.650913493810423,-14.847460797563201,-18.231535020870737,1,KICK
0.10400000000000001,15.620676704678756,-15.38765455960905,-14.90335171944348,1,KICK
0.106,15.589369502098705,-15.917908298520064,-11.593607059373547,1,KICK
0.108,15.557011562715266,-16.438424962752737,-8.302198887785234,1,KICK
0.11,15.52362215997638,-16.949404809372986,-5.029025617745304,1,KICK
0.112,15.489220169465142,-17.45104545451071,-1.7739862251275584,1,KICK
0.114,15.453824074131823,-18.341011721295704,2.0010235170883828,1,KICK
0.116,15.41428973783584,-21.18533779966077,8.415389582388116,1,KICK
0.11800000000000001,15.369114247558832,-23.982375458250022,14.758879399749048,1,KICK
0.12,15.31839092739542,-26.733374579417603,21.032276124119107,1,KICK
0.122,15.262210618713684,-29.43956807544888,27.236354256888934,1,KICK
0.124,15.200661713689408,-32.102172293106534,33.371879741510305,1,KICK
0.126,15.133830188039244,-34.722387410220065,39.43961005805804,1,KICK
0.128,15.06179963296843,-37.30139782454083,45.440294316746986,1,KICK
0.13,14.984651286348392,-39.8403725350821,51.3746733504158,1,KICK
0.132,14.902464063138968,-42.340465516160855,57.24347980598861,1,KICK
0.134,14.815314585069686,-44.802816084354504,63.04743823492631,1,KICK
0.136,14.723277209594027,-47.22854925858249,68.78726518267815,1,KICK
0.138,14.626424058130242,-49.61877611351852,74.46366927714517,1,KICK
0.14,14.524825043601828,-51.9745941265353,80.07735131616595,1,KICK
0.14200000000000002,14.418547897290436,-54.297087518379165,85.62900435403574,1,KICK
0.14400000000000002,14.307658195013529,-56.58732758776754,91.11931378706969,1,KICK
0.146,14.192219382638752,-58.846373040097596,96.54895743822043,1,KICK
0.148,14.07229280094665,-61.07527031044942,101.91860564076089,1,KICK
0.15,13.947937709852907,-63.27505388106241,107.22892132104224,1,KICK
0.152,13.819211312001034,-65.44674659345851,112.4805600803376,1,KICK
0.154,13.686168775736009,-67.59135995538055,117.67417027578118,1,KICK
0.156,13.548863257469101,-69.70989444270955,122.81039310041331,1,KICK
0.158,13.407345923443735,-71.80333979651866,127.88986266234082,1,KICK
0.16,13.261665970911995,-73.87267531541738,132.9132060630228,1,KICK
0.162,13.111870648731022,-75.91887014333349,137.8810434746914,1,KICK
0.164,12.958005277388288,-77.94288355287549,142.79398821691694,1,KICK
0.166,12.80011326846445,-79.94566522441288,147.65264683232738,1,KICK
0.168,12.638236143542223,-81.92815552100662,152.4576191614906,1,KICK
0.17,12.47241355256942,-83.89128575931657,157.20949841696992,1,KICK
0.17200000000000001,12.302683291684119,-85.8359784766078,161.90887125656056,1,KICK
0.17400000000000002,12.129081320509593,-87.76314769397237,166.55631785571765,1,KICK
0.176,11.951641778926524,-89.67369917587787,171.15241197918334,1,KICK
0.178,11.77039700332967,-91.56853068614933,175.69772105182267,1,KICK
0.18,11.585377542376069,-93.44853224048536,180.19280622867697,1,KICK
0.182,11.396612172231592,-95.31458635560472,184.6382224642427,1,KICK
0.184,11.204127911322498,-97.16756829511434,189.03451858098515,1,KICK
0.186,11.007950034598448,-99.00834631218464,193.3822373370952,1,KICK
0.188,10.808102087313312,-100.83778188911302,197.68191549349683,1,KICK
0.19,10.604605898329885,-102.65672997385134,201.93408388011485,1,KICK
0.192,10.39748159295452,-104.46603921356825,206.13926746141007,1,KICK
0.194,10.186747605307568,-106.26655218531192,210.2979854011903,1,KICK
0.196,9.972420690235314,-108.0591056238341,214.41075112670543,0.0,BALANCING
0.198,9.758053879195575,-106.31237164604623,213.69723847136913,0.0,BALANCING
0.2,9.547152677640002,-104.59342720936237,212.98610023199214,0.0,BALANCING
0.202,9.3396619181785,-102.90186156091099,212.27732850703117,0.0,BALANCING
0.20400000000000001,9.135527249303797,-101.2372695644462,211.57091542123752,0.0,BALANCING
0.20600000000000002,8.934695124196553,-99.59925166169597,210.86685312556963,0.0,BALANCING
0.20800000000000002,8.737112789609476,-97.9874138320316,210.1651337971059,0.0,BALANCING
0.21,8.54272827483366,-96.40136755059422,209.46574963895767,0.0,BALANCING
0.212,8.35149038075011,-94.84072974500683,208.76869288018264,0.0,BALANCING
0.214,8.163348668969153,-93.3051227507937,208.07395577569855,0.0,BALANCING
0.216,7.978253451060205,-91.7941742656227,207.38153060619706,0.0,BALANCING
0.218,7.796155777874141,-90.30751730247984,206.6914096780581,-1,BALANCING
0.22,7.619732218611634,-86.12265322972291,202.3191300260602,-1,BALANCING
0.222,7.451639093731237,-81.97689679387129,197.9710734678993,-1,BALANCING
0.224,7.291799301789468,-77.86913561114291,193.6471058039537,-1,BALANCING
0.226,7.140137957482202,-73.79826590020302,189.34709357808808,-1,BALANCING
0.228,6.996582374596686,-69.76319232410378,185.0709040735344,-1,BALANCING
0.23,6.861062049286342,-65.76282782567108,180.8184053087956,-0.925247434971036,BALANCING
0.232,6.733330250313449,-61.97432546609898,176.8307058538934,-0.8432508345754891,BALANCING
0.234,6.6129479898318735,-58.4129427142157,173.12971647071117,-0.7660914208818708,BALANCING
0.23600000000000002,6.499474631441693,-55.06509746332201,169.69823828020688,-0.6934800960467087,BALANCING
0.23800000000000002,6.392495889997003,-51.918019338532055,166.5201006578926,-0.6251450383772266,BALANCING
0.24,6.291622256667102,-48.95970124383677,163.58009978393764,-0.5608306713685067,BALANCING
0.242,6.196487518015662,-46.1788537929728,160.86394086081359,-0.5002966940640317,BALANCING
0.244,6.106747363500919,-43.564862453673065,158.35818378026164,-0.443317169120972,BALANCING
0.246,6.02207807613086,-41.10774724476455,156.05019203424848,-0.3896796651707691,BALANCING
0.248,5.9421753013190814,-38.79812483492365,153.92808467671819,-0.33918445026331673,BALANCING
0.25,5.8667528892805745,-36.62717290072264,151.98069115438247,-0.291643733369922,BALANCING
0.252,5.7955418065830555,-34.58659660993038,150.19750883555983,-0.2468809510966821,BALANCING
0.254,5.7282891127297,-32.668597103888196,148.56866307621442,-0.2047300969265065,BALANCING
0.256,5.664756997894042,-30.86584186019422,147.08486967189026,-0.16503509046517661,BALANCING
0.258,5.604721878158361,-29.1714368239178,145.7373995532225,-0.12764918431509892,BALANCING
0.26,5.547973544823844,-27.578900202153026,144.51804559116496,-0.0924344063401949,BALANCING
0.262,5.494314364564952,-26.08213782292816,143.41909138603194,-0.05926103521713536,BALANCING
0.264,5.443558527392558,-24.675419965336637,142.43328192194323,-0.02800710729232279,BALANCING
0.266,5.395531339571156,-23.353359573264242,141.5537959753077,0.0,BALANCING
0.268,5.349840287237261,-22.338828099290268,141.0827355256403,0.0,BALANCING
0.27,5.306171570640155,-21.330981565177943,140.61324266337462,0.0,BALANCING
0.272,5.264512072991365,-20.32956714287356,140.1453121719185,0.0,BALANCING
0.274,5.224849181598967,-19.334333554095508,139.67893885203947,0.0,BALANCING
0.276,5.187170784826684,-18.345031011728235,139.2141175218069,0.0,BALANCING
0.278,5.151465269169992,-17.361411161416573,138.75084301653462,0.0,BALANCING
0.28,5.1177215164488405,-16.383227023356476,138.28911018872333,0.0,BALANCING
0.28200000000000003,5.085928901116599,-15.410232934277692,137.8289139080035,0.0,BALANCING
0.28400000000000003,5.056077287684851,-14.442184489613757,137.37024906107845,0.0,BALANCING
0.28600000000000003,5.028157028263663,-13.478838485854103,136.91311055166733,0.0,BALANCING
0.28800000000000003,5.002158960216972,-12.519952863073037,136.45749330044868,0.24704410936345908,BALANCING
0.29,4.97767781735045,-11.96158243880607,136.53978474988438,0.2601552394839731,BALANCING
0.292,4.954248641717135,-11.46784973158633,136.7055563930096,0.2718326291959969,BALANCING
0.294,4.9317497958665335,-11.031133152695045,136.9446575695983,0.282244852482896,BALANCING
0.296,4.910073984992163,-10.64470971343355,137.24813480276688,0.2915406090214872,BALANCING
0.298,4.889126565904463,-10.302649080090639,137.60809065005563,0.2998510673613543,BALANCING
0.3,4.868824055376148,-9.999720119668737,138.01755919596897,0.30729193184748027,BALANCING
0.302,4.849092814354258,-9.731308463761538,138.47039622397446,0.31396526585556134,BALANCING
0.304,4.829867887304395,-9.49334379158273,138.9611823372693,0.3199611000697628,BALANCING
0.306,4.81109197839717,-9.282235686287144,139.4851375016672,0.3253588511456891,BALANCING
0.308,4.792714548403212,-9.094817053814532,140.03804566394396,0.3302285731136175,BALANCING
0.31,4.7746910180652264,-8.928294212649982,140.6161882577486,0.3346320612415296,BALANCING
0.312,4.756982065393444,-8.780202868010733,141.21628554923677,0.3386238257526523,BALANCING
0.314,4.739553005810872,-8.648369276692975,141.83544489812232,0.3422519507414654,BALANCING
0.316,4.722373245380308,-8.530875990604697,142.47111511881704,0.34555885182314516,BALANCING
0.318,4.705415798496745,-8.426031639160433,143.1210462224546,0.3485819444556867,BALANCING
0.32,4.688656862444634,-8.332344274357697,143.78325390538956,0.35135423346634437,BALANCING
0.322,4.6720754421155934,-8.248497858495424,144.45598822455736,0.35390483307237847,BALANCING
0.324,4.6556530189725915,-8.173331524016756,145.13770596606116,0.35625942559082147,BALANCING
0.326,4.639373259043892,-8.105821278641978,145.82704627154934,0.35844066606583724,BALANCING
0.328,4.623221755345102,-8.045063867490866,146.5228091382869,0.3604685391900035,BALANCING
0.33,4.607185800670203,-7.990262537884088,147.22393645410796,0.3623606741440888,BALANCING
0.332,4.59125418717102,-7.9407144824963956,147.92949526838356,0.3641326223167581,BALANCING
0.334,4.575417029566714,-7.895799762982481,148.63866303537517,0.36579810228069215,BALANCING
0.336,4.559665609197308,-7.854971539526256,149.35071459742653,0.36736921588562027,BALANCING
0.338,4.543992236463663,-7.817747452343756,150.0650107028636,0.36885663887360964,BALANCING
0.34,4.528390129486138,-7.783702019322907,150.7809878776585,0.370269789020469,BALANCING
0.342,4.512853307069704,-7.752459929996275,151.49814949124567,0.371616974452962,BALANCING
0.34400000000000003,4.497376494288753,-7.7236901301678795,152.2160578756973,0.37290552447913233,BALANCING
0.34600000000000003,4.481955039203731,-7.697100603974746,152.9343273740656,0.37414190499346733,BALANCING
0.34800000000000003,4.466584839397098,-7.672433771154547,153.65261820834033,0.37533182027555073,BALANCING
0.35000000000000003,4.4512622771709305,-7.649462426985498,154.37063107038816,0.3764803027864344,BALANCING
0.352,4.435984162384918,-7.627986160916508,155.08810235063186,0.37759179237781726,BALANCING
0.354,4.420747682033936,-7.607828197449114,155.80479992927891,0.37867020616228014,BALANCING
0.356,4.405550355770586,-7.588832609486943,156.5205194637736,0.37971900014565657,BALANCING
0.358,4.390389996671781,-7.5708618602380255,157.23508111396663,0.38074122359279644,BALANCING
0.36,4.375264676631088,-7.553794634932946,157.94832665339408,0.38173956698347195,BALANCING
0.362,4.360172695831427,-7.537523928188897,158.66011692114304,0.3827164043141607,BALANCING
0.364,4.345112555817066,-7.521955356878479,159.3703295741473,0.3836738304123381,BALANCING
0.366,4.330082935740526,-7.507005671915716,160.0788571044918,0.3846136938513148,BALANCING
0.368,4.315082671410069,-7.492601445506506,160.785605090481,0.38553762598432584,BALANCING
0.37,4.300110736807585,-7.478677913175829,161.4904906539093,0.3864470665554197,BALANCING
0.372,4.2851662277855915,-7.465177952323197,162.19344109922181,0.38734328629074954,BALANCING
0.374,4.270248347686438,-7.452051181209298,162.89439271312045,0.3882274068262863,BALANCING
0.376,4.255356394657078,-7.439253164174726,163.59328970569788,0.3891004182859945,BALANCING
0.378,4.240489750459488,-7.426744710565752,164.29008327641327,0.38996319478748737,BALANCING
0.38,4.2256478706004055,-7.414491256318836,164.98473079019033,0.3908165081195171,BALANCING
0.382,4.210830275624826,-7.402462318458201,165.67719505065398,0.39166103980684525,BALANCING
0.384,4.196036543436045,-7.3906310139098155,166.36744365905284,0.39249739175262544,BALANCING
0.386,4.181266302521223,-7.378973635048721,167.05544844876465,0.3933260956260132,BALANCING
0.388,4.166519225975705,-7.367469275290661,167.7411849864734,0.394147621142945,BALANCING
0.39,4.1517950262319046,-7.3560994988276684,168.4246321321574,0.39496238337058365,BALANCING
0.392,4.137093450409716,-7.3448480493029,169.105771650954,0.39577074917054383,BALANCING
0.394,4.122414276215131,-7.333700592833677,169.78458787078495,0.396573042882437,BALANCING
0.396,4.107757308322464,-7.322644491332961,170.4610673803466,0.3973695513373045,BALANCING
0.398,4.093122375183139,-7.311668602557003,171.13519876270632,0.3981605282799481,BALANCING
0.4,4.078509326210765,-7.300763103728062,171.8069723603066,0.3989461982698485,BALANCING
0.402,4.063918029298113,-7.289919335952623,172.47638006767403,0.3997267601221508,BALANCING
0.404,4.04934836862689,-7.27912966698325,173.14341514856656,0.4005023899429415,BALANCING
0.406,4.034800242735757,-7.268387370161313,173.80807207467768,0.40127324380665336,BALANCING
0.40800000000000003,4.020273562816173,-7.257686517632794,174.47034638335597,0.40203946011779246,BALANCING
0.41000000000000003,4.005768251209171,-7.247021886154367,175.1302345520979,0.40280116169420477,BALANCING
0.41200000000000003,3.9912842400794157,-7.236388874005259,175.78773388783648,0.40355845760471615,BALANCING
0.41400000000000003,3.976821470245604,-7.225783427695541,176.44284242928092,0.4043114447901046,BALANCING
0.41600000000000004,3.9623798901487874,-7.215201977315768,177.0955588607691,0.4050602094929515,BALANCING
0.418,3.947959454942369,-7.204641379509169,177.7458824362747,0.40580482851890376,BALANCING
0.42,3.933560125689407,-7.194098867167612,178.3938129123725,0.40654537034922683,BALANCING
0.422,3.9191818686545834,-7.183572005058642,179.03935048910512,0.40728189612217996,BALANCING
0.424,3.904824654679685,-7.1730586506842435,179.68249575781965,0.40801446049868084,BALANCING
0.426,3.890488458632729,-7.162556919754524,180.32324965515292,0.40874311242590183,BALANCING
0.428,3.8761732589220705,-7.152065155732189,180.96161342243946,0.4094678958108326,BALANCING
0.43,3.8618790370678187,-7.14158190296786,181.59758856990393,0.41018885011442396,BALANCING
0.432,3.8476057773238104,-7.131105883002833,182.23117684507307,0.41090601087567685,BALANCING
0.434,3.833353466344177,-7.120635973665856,182.86238020491,0.41161941017393694,BALANCING
0.436,3.819122092889246,-7.110171190634484,183.49120079123225,0.41232907703667876,BALANCING
0.438,3.8049116475661457,-7.099710671170425,184.11764090902565,0.4130350377992086,BALANCING
0.44,3.7907221226000134,-7.0892536597725675,184.7417030073135,0.4137373164219539,BALANCING
0.442,3.7765535116322027,-7.078799495521582,185.36338966227905,0.41443593477033946,BALANCING
0.444,3.7624058095423094,-7.068347600916641,185.98270356237595,0.4151309128616629,BALANCING
0.446,3.7482790122912015,-7.057897472028355,186.59964749519247,0.4158222690828598,BALANCING
0.448,3.734173116782581,-7.047448669812712,187.21422433586213,0.41651002038258944,BALANCING
0.45,3.720088120740894,-7.037000812449155,187.82643703683894,0.41719418244067175,BALANCING
0.452,3.7060240226036503,-7.026553568582029,188.43628861887638,0.4178747698175424,BALANCING
0.454,3.6919808214264775,-7.0161066513589025,189.04378216306753,0.4185517960860852,BALANCING
0.456,3.677958516799377,-7.005659813171797,189.64892080382225,0.4192252739479169,BALANCING
0.458,3.6639571087728866,-6.995212841018452,190.25170772267,0.4198952153359594,BALANCING
0.46,3.6499765977929717,-6.984765552410525,190.85214614279158,0.42056163150491555,BALANCING
0.462,3.636016984643611,-6.974317791764236,191.45023932419346,0.4212245331110741,BALANCING
0.464,3.6220782703961794,-6.963869427216571,192.04599055944934,0.42188393028270343,BALANCING
0.466,3.608160456364823,-6.953420347816883,192.6394031699416,0.4225398326821421,BALANCING
0.468,3.5942635440671133,-6.94297046104961,193.23048050254405,0.4231922495605663,BALANCING
0.47000000000000003,3.58038753518937,-6.932519690649084,193.8192259266938,0.4238411898062967,BALANCING
0.47200000000000003,3.566532431556092,-6.922067974671989,194.40564283180652,0.4244866619874081,BALANCING
0.47400000000000003,3.5526982351030147,-6.911615263797088,194.9897346249943,0.42512867438931135,BALANCING
0.47600000000000003,3.5388849478533726,-6.901161519825425,195.57150472905087,0.42576723504790226,BALANCING
0.47800000000000004,3.5250925718969772,-6.890706714357361,196.15095658067224,0.426402351778799,BALANCING
0.48,3.5113211093717904,-6.880250827625601,196.72809362888538,0.42703403220312974,BALANCING
0.482,3.4975705624476894,-6.8697938474658145,197.30291933365996,0.4276622837702775,BALANCING
0.484,3.4838409333121714,-6.859335768408631,197.8754371646822,0.4282871137779399,BALANCING
0.486,3.4701322241577675,-6.848876590878692,198.44565060027108,0.4289085293898217,BALANCING
0.488,3.456444437170961,-6.838416320488155,199.01356312642048,0.4295265376512385,BALANCING
0.49,3.442777574522439,-6.8279549674134765,199.57917823595253,0.43014114550287813,BALANCING
0.492,3.4291316383585118,-6.8174925458457105,200.14249942776843,0.4307523597929366,BALANCING
0.494,3.415506630793572,-6.8070290735056,200.7035302061863,0.43136018728782083,BALANCING
0.496,3.4019025539034637,-6.796564571215853,201.26227408035464,0.4319646346815871,BALANCING
0.498,3.3883194097196556,-6.786099062523856,201.81873456373341,0.43256570860426335,BALANCING
0.5,3.3747572002241255,-6.7756325733688705,202.3729151736342,0.4331634156291883,BALANCING
0.502,3.3612159273448707,-6.765165131788474,202.9248194308128,0.4337577622794823,BALANCING
0.504,3.347695592951972,-6.754696767659622,203.47445085910795,0.43434875503375314,BALANCING
0.506,3.3341961988541424,-6.744227512470237,204.02181298512076,0.43493640033112585,BALANCING
0.508,3.3207177467957076,-6.733757399117737,204.56690933793004,0.43552070457567726,BALANCING
0.51,3.3072602384539653,-6.723286461731315,205.10974344883934,0.4361016741403456,BALANCING
0.512,3.2938236754368795,-6.712814735515196,205.65031885115195,0.4366793153703756,BALANCING
0.514,3.2804080592810663,-6.70234225661035,206.18863907997059,0.43725363458635597,BALANCING
0.516,3.2670133914500465,-6.69186906197254,206.7247076720187,0.43782463808689526,BALANCING
0.518,3.253639673332721,-6.681395189264739,207.2585281654812,0.4383923321509801,BALANCING
0.52,3.2402869062420514,-6.670920676762239,207.79010409986208,0.43895672304005345,BALANCING
0.522,3.226955091413922,-6.660445563268952,208.3194390158567,0.439517816999844,BALANCING
0.524,3.213644230006154,-6.649969888043588,208.84653645523764,0.44007562026197883,BALANCING
0.526,3.200354323097662,-6.639493690734531,209.37139996075197,0.440630139045402,BALANCING
0.528,3.1870853716877314,-6.629017011322411,209.8940330760289,0.44118137955762493,BALANCING
0.53,3.1738373766954076,-6.61853989006944,210.41443934549648,0.4417293479958256,BALANCING
0.532,3.160610338958973,-6.608062367474734,210.9326223143061,0.4422740505478162,BALANCING
0.534,3.1474042592355165,-6.5975844842349,211.44858552826432,0.44281549339289444,BALANCING
0.536,3.1342191382005726,-6.587106281209282,211.9623325337709,0.4433536827025916,BALANCING
0.538,3.121054976447825,-6.576627799389303,212.47386687776213,0.44388862464133017,BALANCING
0.54,3.107911774488871,-6.566149079871431,212.98319210765916,0.4444203253670016,BALANCING
0.542,3.094789532753036,-6.5556701638333275,213.49031177132076,0.4449487910314732,BALANCING
0.544,3.08168825158723,-6.545191092512831,213.99522941699942,0.4454740277810333,BALANCING
0.546,3.068607931255848,-6.5347119071894015,214.49794859330146,0.4459960417567809,BALANCING
0.548,3.055548571940701,-6.524232649167773,214.9984728491493,0.44651483909496753,BALANCING
0.55,3.042510173740983,-6.513753359763532,215.4968057337472,0.44703042592729614,BALANCING
0.552,3.0294927366732582,-6.5032740802903986,215.99295079654857,0.44754280838118254,BALANCING
0.554,3.0164962606714796,-6.492794852049021,216.48691158722565,0.4480519925799831,BALANCING
0.556,3.0035207455870228,-6.482315716317083,216.9786916556411,0.4485579846431942,BALANCING
0.558,2.9905661911887416,-6.471836714340595,217.46829455182095,0.4490607906866246,BALANCING
0.56,2.977632597163038,-6.46135788732621,217.95572382592908,0.4495604168225463,BALANCING
0.562,2.9647199631139496,-6.45087927643445,218.44098302824295,0.45005686915982424,BALANCING
0.5640000000000001,2.9518282885632465,-6.440400922773739,218.92407570913042,0.4505501538040291,BALANCING
0.5660000000000001,2.938957572950541,-6.42992286739514,219.40500541902747,0.45104027685753395,BALANCING
0.5680000000000001,2.9261078156334066,-6.419445151287727,219.88377570841698,0.4515272444195976,BALANCING
0.5700000000000001,2.913279015887507,-6.408967815374495,220.3603901278081,0.4520110625864355,BALANCING
0.5720000000000001,2.9004711729067316,-6.398490900508763,220.83485222771637,0.45249173745128013,BALANCING
0.5740000000000001,2.8876842858033367,-6.388014447471012,221.30716555864447,0.4529692751044316,BALANCING
0.5760000000000001,2.8749183536080976,-6.37753849696609,221.7773336710635,0.4534436816333006,BALANCING
0.578,2.8621733752704572,-6.367063089620758,222.24536011539467,0.45391496312244356,BALANCING
0.58,2.8494493496586886,-6.35658826598153,222.7112484419916,0.45438312565359124,BALANCING
0.582,2.836746275560055,-6.346114066512773,223.1750022011227,0.4548481753056721,BALANCING
0.584,2.8240641516809784,-6.335640531595034,223.63662494295426,0.4553101181548305,BALANCING
0.586,2.811402976647205,-6.32516770152357,224.09612021753352,0.45576896027444025,BALANCING
0.588,2.79876274900398,-6.314695616507061,224.55349157477227,0.45622470773511425,BALANCING
0.59,2.786143467216221,-6.304224316666469,225.00874256443043,0.4566773666047116,BALANCING
0.592,2.7735451296686944,-6.293753842034055,225.4618767361002,0.4571269429483402,BALANCING
0.594,2.7609677346661927,-6.283284232552496,225.91289763919,0.4575734428283585,BALANCING
0.596,2.7484112804337175,-6.272815528074129,226.3618088229089,0.4580168723043725,BALANCING
0.598,2.735875765116657,-6.262347768360279,226.80861383625117,0.4584572374332341,BALANCING
0.6,2.7233611867809713,-6.251880993080677,227.2533162279808,0.4588945442690338,BALANCING
0.602,2.7108675434133747,-6.24141524181295,227.69591954661632,0.4593287988630952,BALANCING
0.604,2.6983948329215215,-6.230950554042175,228.13642734041582,0.4597600072639658,BALANCING
0.606,2.6859430531341912,-6.220486969160495,228.57484315736173,0.460188175517408,BALANCING
0.608,2.6735122018014734,-6.210024526466784,229.01117054514611,0.4606133096663879,BALANCING
0.61,2.6611022765949572,-6.199563265166357,229.44541305115587,0.4610354157510643,BALANCING
0.612,2.6487132751079154,-6.189103224370719,229.8775742224579,0.46145449980877606,BALANCING
0.614,2.636345194855495,-6.178644443097349,230.30765760578464,0.461870567874029,BALANCING
0.616,2.623998033274904,-6.168186960269524,230.73566674751953,0.46228362597848255,BALANCING
0.618,2.6116717877256015,-6.157730814716148,231.16160519368236,0.4626936801509349,BALANCING
0.62,2.5993664554894846,-6.147276045171634,231.5854764899151,0.463100736417309,BALANCING
0.622,2.5870820337710785,-6.136822690275786,232.0072841814674,0.4635048008006369,BALANCING
0.624,2.574818519697726,-6.126370788573707,232.42703181318248,0.4639058793210446,BALANCING
0.626,2.5625759103197763,-6.115920378515729,232.84472292948274,0.4643039779957364,BALANCING
0.628,2.550354202610776,-6.105471498457346,233.26036107435567,0.4646991028389784,BALANCING
0.63,2.538153393467658,-6.09502418665917,233.67394979133985,0.4650912598620828,BALANCING
0.632,2.5259734797109297,-6.084578481286898,234.08549262351076,0.46548045507339103,BALANCING
0.634,2.5138144580848665,-6.074134420411279,234.4949931134668,0.46586669447825757,BALANCING
0.636,2.501676325257698,-6.063692042008106,234.9024548033154,0.4662499840790329,BALANCING
0.638,2.4895590778218,-6.053251383958201,235.30788123465908,0.46663032987504677,BALANCING
0.64,2.477462712293885,-6.042812484047418,235.7112759485815,0.46700773786259125,BALANCING
0.642,2.4653872251151894,-6.032375379966646,236.1126424856338,0.4673822140349041,BALANCING
0.644,2.453332612651667,-6.021940109311819,236.5119843858207,0.46775376438215094,BALANCING
0.646,2.441298871194176,-6.0115067095839345,236.90930518858684,0.46812239489140894,BALANCING
0.648,2.4292859969586704,-6.001075218189069,237.304608432803,0.4684881115466492,BALANCING
0.65,2.41729398608639,-5.990645672438407,237.69789765675256,0.4688509203287198,BALANCING
0.652,2.4053228346440476,-5.9802181095482645,238.08917639811787,0.46921082721532864,BALANCING
0.654,2.393372538624023,-5.9697925666401215,238.47844819396653,0.46956783818102615,BALANCING
0.656,2.3814430939445494,-5.959369080740655,238.86571658073802,0.4699219591971883,BALANCING
0.658,2.3695344964499045,-5.948947688781772,239.25098509423023,0.47027319623199937,BALANCING
0.66,2.357646741910598,-5.938528427600653,239.63425726958585,0.4706215552504347,BALANCING
0.662,2.3457798260235645,-5.928111333939791,240.01553664127908,0.4709670422142438,BALANCING
0.664,2.333933744412349,-5.917696444447026,240.39482674310221,0.4713096630819332,BALANCING
0.666,2.3221084926272995,-5.9072837956756,240.7721311081523,0.4716494238087491,BALANCING
0.668,2.310304066145754,-5.89687342408419,241.14745326881788,0.47198633034666093,BALANCING
0.67,2.29852046037223,-5.886465366036966,241.5207967567656,0.4723203886443439,BALANCING
0.672,2.286757670638614,-5.876059657803632,241.89216510292724,0.47265160464716216,BALANCING
0.674,2.2750156922043505,-5.86565633555947,242.26156183748614,0.47297998429715205,BALANCING
0.676,2.2632945202566304,-5.855255435385403,242.62899048986438,0.4733055335330048,BALANCING
0.678,2.251594149910579,-5.844856993268031,242.99445458870957,0.4736282582900506,BALANCING
0.68,2.239914576209447,-5.834461045099693,243.35795766188176,0.4739481645002407,BALANCING
0.682,2.2282557941247956,-5.824067626678512,243.71950323644026,0.47426525809213166,BALANCING
0.684,2.2166177985566873,-5.813676773708453,244.07909483863094,0.4745795449908679,BALANCING
0.686,2.2050005843338734,-5.803288521799373,244.43673599387293,0.4748910311181657,BALANCING
0.6880000000000001,2.1934041462139833,-5.792902906467076,244.79243022674592,0.4751997223922965,BALANCING
0.6900000000000001,2.1818284788837095,-5.78251996313337,245.14618106097714,0.4755056247280698,BALANCING
0.6920000000000001,2.1702735769589996,-5.772139727126118,245.49799201942855,0.47580874403681767,BALANCING
0.6940000000000001,2.1587394349852413,-5.761762233679297,245.8478666240841,0.4761090862263775,BALANCING
0.6960000000000001,2.1472260474374507,-5.751387517933055,246.19580839603665,0.476406657201076,BALANCING
0.6980000000000001,2.1357334087204602,-5.7410156149337634,246.54182085547558,0.47670146286171294,BALANCING
0.7000000000000001,2.1242615131691074,-5.730646559634078,246.88590752167386,0.4769935091055449,BALANCING
0.7020000000000001,2.1128103550484187,-5.720280386892995,247.2280719129754,0.47728280182626875,BALANCING
0.704,2.1013799285538006,-5.709917131475908,247.56831754678248,0.47756934691400604,BALANCING
0.706,2.0899702278112255,-5.699556828054671,247.90664793954295,0.4778531502552865,BALANCING
0.708,2.0785812468774174,-5.6891995112076525,248.24306660673795,0.4781342177330321,BALANCING
0.71,2.0672129797400403,-5.678845215419793,248.57757706286912,0.4784125552265412,BALANCING
0.712,2.055865420317884,-5.668493975082671,248.9101828214462,0.47868816861147256,BALANCING
0.714,2.044538562461053,-5.658145824494558,249.24088739497455,0.47896106375982955,BALANCING
0.716,2.0332323999511495,-5.64780079786048,249.5696942949428,0.4792312465399442,BALANCING
0.718,2.0219469265014633,-5.637458929292277,249.89660703181028,0.47949872281646155,BALANCING
0.72,2.0106821357571563,-5.627120252808665,250.2216291149948,0.479763498450324,BALANCING
0.722,1.9994380212954475,-5.616784802335298,250.54476405286033,0.4800255792987557,BALANCING
0.724,1.9882145766258026,-5.6064526117048255,250.86601535270458,0.48028497121524677,BALANCING
0.726,1.9770117951901167,-5.59612371465696,251.18538652074693,0.48054168004953807,BALANCING
0.728,1.965829670362902,-5.585798144838535,251.5028810621161,0.4807957116476053,BALANCING
0.73,1.9546681954514722,-5.57547593580357,251.81850248083788,0.4810470718516443,BALANCING
0.732,1.9435273636961297,-5.5651571210133275,252.13225427982323,0.4812957665000549,BALANCING
0.734,1.9324071682703492,-5.554841733836383,252.444139960856,0.4815418014274264,BALANCING
0.736,1.921307602280964,-5.5445298075486855,252.7541630245809,0.4817851824645217,BALANCING
0.738,1.9102286587683521,-5.534221375333621,253.06232697049134,0.4820259154382624,BALANCING
0.74,1.899170330706619,-5.523916470282075,253.3686352969177,0.4822640061717136,BALANCING
0.742,1.8881326110037848,-5.513615125392499,253.67309150101505,0.4824994604840692,BALANCING
0.744,1.877115492501968,-5.503317373570972,253.97569907875146,0.48273228419063635,BALANCING
0.746,1.86611896797757,-5.493023247631271,254.27646152489595,0.4829624831028207,BALANCING
0.748,1.8551430301414606,-5.482732780294929,254.57538233300667,0.48319006302811157,BALANCING
0.75,1.8441876716391616,-5.472446004191302,254.8724649954192,0.4834150297700672,BALANCING
0.752,1.833252885051031,-5.462162951857641,255.16771300323447,0.48363738912829973,BALANCING
0.754,1.822338662892448,-5.451883655739149,255.46112984630722,0.4838571468984606,BALANCING
0.756,1.8114449976139964,-5.441608148189049,255.75271901323433,0.4840743088722259,BALANCING
0.758,1.8005718816016483,-5.431336461468658,256.04248399134286,0.4842888808372818,BALANCING
0.76,1.7897193071769488,-5.421068627747443,256.3304282666788,0.48450086857730973,BALANCING
0.762,1.7788872665971989,-5.410804679103096,256.61655532399493,0.48471027787197224,BALANCING
0.764,1.7680757520556387,-5.400544647521596,256.90086864673975,0.4849171144968985,BALANCING
0.766,1.7572847556816318,-5.390288564897281,257.18337171704576,0.48512138422366957,BALANCING
0.768,1.7465142695408473,-5.380036463032911,257.4640680157176,0.4853230928198043,BALANCING
0.77,1.7357642856354443,-5.36978837363974,257.74296102222115,0.4855222460487452,BALANCING
0.772,1.7250347959042533,-5.3595443283375825,258.02005421467175,0.48571884966984397,BALANCING
0.774,1.7143257922229607,-5.349304358654884,258.29535106982274,0.4859129094383474,BALANCING
0.776,1.7036372664042896,-5.339068496028785,258.56885506305434,0.4861044311053834,BALANCING
0.778,1.6929692101981844,-5.3288367718051965,258.8405696683621,0.4862934204179469,BALANCING
0.78,1.6823216152919913,-5.318609217238865,259.1104983583457,0.48647988311888535,BALANCING
0.782,1.6716944733106418,-5.308385863493445,259.3786446041976,0.48666382494688576,BALANCING
0.784,1.6610877758168345,-5.298166741641566,259.6450118756919,0.48684525163646,BALANCING
0.786,1.650501514311217,-5.287951882664905,259.9096036411731,0.4870241689179311,BALANCING
0.788,1.6399356802325673,-5.2777413174542565,260.17242336754487,0.4872005825174198,BALANCING
0.79,1.6293902649579768,-5.267535076809603,260.4334745202591,0.4873744981568307,BALANCING
0.792,1.6188652598030306,-5.2573331914401855,260.6927605633046,0.48754592155383825,BALANCING
0.794,1.6083606560219894,-5.247135691964578,260.95028495919615,0.4877148584218736,BALANCING
0.796,1.597876444807971,-5.236942608910753,261.20605116896354,0.4878813144701108,BALANCING
0.798,1.5874126172931307,-5.226753972716159,261.4600626521403,0.4880452954034532,BALANCING
0.8,1.576969164548843,-5.216569813727791,261.71232286675314,0.48820680692252033,BALANCING
0.802,1.5665460775858826,-5.2063901622022595,261.96283526931074,0.48836585472363436,BALANCING
0.804,1.5561433473546042,-5.19621504830587,262.2116033147929,0.48852244449880644,BALANCING
0.806,1.5457609647451238,-5.186044502114689,262.45863045663987,0.4886765819357239,BALANCING
0.808,1.535398920587499,-5.175878553614622,262.70392014674127,0.4888282727177366,BALANCING
0.81,1.525057205651909,-5.165717232701483,262.9474758354254,0.4889775225238443,BALANCING
0.812,1.5147358106488347,-5.155560569181071,263.1893009714487,0.48912433702868285,BALANCING
0.8140000000000001,1.5044347262292392,-5.145408592769243,263.4293990019847,0.4892687219025117,BALANCING
0.8160000000000001,1.4941539429847472,-5.13526133309199,263.6677733726135,0.48941068281120054,BALANCING
0.8180000000000001,1.4838934514478248,-5.125118819685508,263.90442752731127,0.48955022541621646,BALANCING
0.8200000000000001,1.4736532420919584,-5.114981081996276,264.13936490843935,0.48968735537461094,BALANCING
0.8220000000000001,1.463433305331835,-5.1048481493811275,264.37258895673386,0.4898220783390073,BALANCING
0.8240000000000001,1.4532336315235213,-5.094720051107329,264.604103111295,0.4899543999575875,BALANCING
0.8260000000000001,1.443054210964642,-5.084596816352654,264.83391080957676,0.49008432587407963,BALANCING
0.8280000000000001,1.43289503389456,-5.074478474205461,265.06201548737636,0.4902118617277453,BALANCING
0.8300000000000001,1.4227560904945535,-5.0643650536647655,265.28842057882366,0.4903370131533667,BALANCING
0.8320000000000001,1.412637370887996,-5.054256583640318,265.5131295163709,0.49045978578123417,BALANCING
0.834,1.4025388651405344,-5.044153092952683,265.73614573078225,0.49058018523713376,BALANCING
0.836,1.392460563260267,-5.034054610333312,265.9574726511237,0.49069821714233475,BALANCING
0.838,1.3824024551979213,-5.023961164424625,266.1771137047523,0.49081388711357693,BALANCING
0.84,1.3723645308470338,-5.013872783780081,266.39507231730624,0.4909272007630586,BALANCING
0.842,1.3623467800441256,-5.003789496864262,266.6113519126948,0.4910381636984242,BALANCING
0.844,1.3523491925688815,-4.99371133205295,266.82595591308734,0.4911467815227515,BALANCING
0.846,1.3423717581443269,-4.9836383176332,267.0388877389041,0.4912530598345404,BALANCING
0.848,1.3324144664370055,-4.973570481803424,267.25015080880553,0.4913570042276997,BALANCING
0.85,1.3224773070571565,-4.963507852673468,267.45974853968215,0.49145862029153575,BALANCING
0.852,1.3125602695588914,-4.953450458264689,267.66768434664465,0.49155791361074014,BALANCING
0.854,1.3026633434403712,-4.943398326510036,267.87396164301384,0.4916548897653774,BALANCING
0.856,1.292786518143983,-4.933351485254128,268.0785838403107,0.4917495543308737,BALANCING
0.858,1.282929783056517,-4.923309962253334,268.2815543482462,0.49184191287800433,BALANCING
0.86,1.2730931275093418,-4.913273785175854,268.4828765747115,0.4919319709728822,BALANCING
0.862,1.2632765407785822,-4.9032429816017995,268.6825539257682,0.4920197341769459,BALANCING
0.864,1.2534800120852938,-4.893217579023268,268.8805898056381,0.4921052080469481,BALANCING
0.866,1.2437035305956403,-4.883197604844432,269.07698761669377,0.49218839813494347,BALANCING
0.868,1.2339470854210683,-4.873183086381613,269.2717507594484,0.49226930998827784,BALANCING
0.87,1.2242106656184837,-4.8631740508633685,269.4648826325464,0.49234794914957564,BALANCING
0.872,1.2144942601904258,-4.853170525430567,269.65638663275314,0.49242432115672913,BALANCING
0.874,1.204797858085245,-4.843172537136473,269.8462661549459,0.4924984315428865,BALANCING
0.876,1.1951214481972752,-4.83318011294683,270.03452459210365,0.49257028583644047,BALANCING
0.878,1.1854650193670109,-4.8231932797399395,270.2211653352977,0.4926398895610174,BALANCING
0.88,1.1758285603812804,-4.813212064306746,270.40619177368217,0.49270724823546497,BALANCING
0.882,1.166212059973422,-4.8032364933509175,270.589607294484,0.49277236737384195,BALANCING
0.884,1.1566155068234576,-4.793266593488928,270.77141528299387,0.49283525248540627,BALANCING
0.886,1.1470388895582664,-4.7833023912501424,270.95161912255656,0.4928959090746044,BALANCING
0.888,1.1374821967517603,-4.773343913076898,271.1302221945614,0.49295434264105953,BALANCING
0.89,1.1279454169250576,-4.763391185324591,271.3072278784328,0.49301055867956123,BALANCING
0.892,1.1184285385466557,-4.753444234261753,271.4826395516211,0.4930645626800538,BALANCING
0.894,1.1089315500326065,-4.743503086070144,271.6564605895929,0.4931163601276258,BALANCING
0.896,1.099454439746688,-4.733567766844833,271.8286943658218,0.4931659565024987,BALANCING
0.898,1.0899971960005799,-4.723638302594276,271.99934425177935,0.4932133572800166,BALANCING
0.9,1.0805598070540339,-4.713714719240413,272.16841361692536,0.4932585679306346,BALANCING
0.902,1.0711422611150492,-4.703797042618743,272.3359058286991,0.49330159391990874,BALANCING
0.904,1.061744546340044,-4.6938852984784125,272.5018242525096,0.493342440708485,BALANCING
0.906,1.052366650834028,-4.6839795124823,272.66617225172695,0.4933811137520885,BALANCING
0.908,1.0430085626507761,-4.674079710207103,272.828953187673,0.4934176185015131,BALANCING
0.91,1.0336702697929991,-4.664185917143425,272.99017041961196,0.49345196040261086,BALANCING
0.912,1.0243517602125172,-4.654298158695855,273.1498273047418,0.4934841448962813,BALANCING
0.914,1.0150530218104306,-4.644416460183065,273.30792719818487,0.4935141774184611,BALANCING
0.916,1.0057740424372925,-4.634540846837881,273.4644734529791,0.4935420634001136,BALANCING
0.918,0.9965148098932799,-4.624671343807386,273.6194694200689,0.49356780826721863,BALANCING
0.92,0.9872753119283654,-4.614807976152997,273.77291844829614,0.4935914174407617,BALANCING
0.922,0.9780555362424884,-4.604950768850554,273.9248238843914,0.49361289633672445,BALANCING
0.924,0.9688554704857262,-4.595099746790407,274.0751890729651,0.4936322503660739,BALANCING
0.926,0.9596751022584644,-4.585254934777506,274.22401735649845,0.49364948493475225,BALANCING
0.928,0.9505144191115685,-4.575416357531487,274.37131207533486,0.49366460544366725,BALANCING
0.93,0.9413734085465537,-4.565584039686762,274.517076567671,0.49367761728868154,BALANCING
0.932,0.9322520580157555,-4.555758005792603,274.6613141695482,0.4936885258606032,BALANCING
0.934,0.9231503549225003,-4.545938280313235,274.8040282148435,0.49369733654517517,BALANCING
0.936,0.9140682866212748,-4.536124887627924,274.9452220352613,0.49370405472306594,BALANCING
0.9380000000000001,0.9050058404178962,-4.526317852031061,275.0848989603243,0.49370868576985927,BALANCING
0.9400000000000001,0.8959630035696818,-4.51651719773226,275.22306231736525,0.4937112350560444,BALANCING
0.9420000000000001,0.8869397632856182,-4.5067229488564395,275.3597154315181,0.4937117079470065,BALANCING
0.9440000000000001,0.877936106726531,-4.496935129443914,275.49486162570963,0.49371010980301666,BALANCING
0.9460000000000001,0.868952021005254,-4.487153763450488,275.62850422065077,0.4937064459792224,BALANCING
0.9480000000000001,0.8599874931867976,-4.477378874747541,275.760646534828,0.49370072182563807,BALANCING
0.9500000000000001,0.8510425102885181,-4.467610487122119,275.8912918844955,0.49369294268713504,BALANCING
0.9520000000000001,0.8421170592802858,-4.4578486242770285,276.0204435836659,0.4936831139034324,BALANCING
0.9540000000000001,0.833211127084654,-4.448093309830922,276.1481049441023,0.4936712408090875,BALANCING
0.9560000000000001,0.8243247005770267,-4.4383445673183894,276.27427927530994,0.49365732873348617,BALANCING
0.9580000000000001,0.8154577665858267,-4.428602420190055,276.39896988452784,0.4936413830008337,BALANCING
0.96,0.8066103118926641,-4.418866891812662,276.52218007672036,0.4936234089301455,BALANCING
0.962,0.7977823232325028,-4.409138005469167,276.64391315456896,0.4936034118352373,BALANCING
0.964,0.7889737872938289,-4.3994157843588315,276.76417241846406,0.49358139702471676,BALANCING
0.966,0.780184690718818,-4.389700251597314,276.8829611664968,0.4935573698019734,BALANCING
0.968,0.7714150201035017,-4.379991430216762,277.00028269445085,0.49353133546517003,BALANCING
0.97,0.7626647619979352,-4.370289343165904,277.1161402957942,0.49350329930723347,BALANCING
0.972,0.7539339029063636,-4.360594013310143,277.23053726167115,0.49347326661584534,BALANCING
0.974,0.7452224292873886,-4.350905463431646,277.34347688089406,0.4934412426734335,BALANCING
0.976,0.7365303275541348,-4.341223716229442,277.4549624399356,0.4934072327571624,BALANCING
0.978,0.7278575840744166,-4.331548794319512,277.56499722292045,0.4933712421389249,BALANCING
0.98,0.7192041851709027,-4.3218807202348835,277.6735845116174,0.49333327608533295,BALANCING
0.982,0.7105701171212836,-4.312219516425722,277.7807275854313,0.49329333985770885,BALANCING
0.984,0.7019553661584362,-4.3025652052594285,277.8864297213955,0.49325143871207666,BALANCING
0.986,0.6933599184705893,-4.292917809020729,277.9906941941633,0.49320757789915315,BALANCING
0.988,0.6847837602014895,-4.283277349911773,278.09352427600095,0.4931617626643394,BALANCING
0.99,0.6762268774505654,-4.273643850052226,278.19492323677883,0.4931139982477122,BALANCING
0.992,0.6676892562730933,-4.264017331479362,278.2948943439646,0.49306428988401513,BALANCING
0.994,0.6591708826803613,-4.2543978161481615,278.3934408626146,0.4930126428026505,BALANCING
0.996,0.6506717426398341,-4.2447853259314074,278.4905660553668,0.49295906222767033,BALANCING
0.998,0.642191822075317,-4.235179882619773,278.5862731824326,0.4929035533777684,BALANCING
1.0,0.6337311068671208,-4.225581507921927,278.6805655015894,0.4928461214662716,BALANCING
1.002,0.6252895828522245,-4.215990223464622,278.77344626817285,0.4927867717011314,BALANCING
1.004,0.6168672358244401,-4.206406050792791,278.86491873506924,0.4927255092849161,BALANCING
1.006,0.608464051534576,-4.196829011369649,278.9549861527081,0.492662339414802,BALANCING
1.008,0.6000800156905993,-4.187259126576784,279.04365176905424,0.4925972672825654,BALANCING
1.01,0.5917151139578006,-4.17769641771425,279.1309188296007,0.4925302980745746,BALANCING
1.012,0.5833693319589558,-4.168140906000675,279.2167905773609,0.4924614369717816,BALANCING
1.014,0.5750426552744892,-4.158592612573344,279.30127025286123,0.4923906891497139,BALANCING
1.016,0.5667350694426362,-4.149051558488306,279.3843610941339,0.49231805977846677,BALANCING
1.018,0.5584465599596056,-4.139517764720468,279.46606633670916,0.4922435540226951,BALANCING
1.02,0.5501771122797416,-4.129991252163689,279.54638921360817,0.4921671770416055,BALANCING
1.022,0.5419267118156864,-4.120472041630881,279.6253329553354,0.49208893398894826,BALANCING
1.024,0.5336953439385411,-4.110960153854108,279.7029007898718,0.4920088300130098,BALANCING
1.026,0.5254829939780281,-4.101455609484679,279.779095942667,0.49192687025660464,BALANCING
1.028,0.5172896472226521,-4.09195842909325,279.85392163663226,0.49184305985706755,BALANCING
1.03,0.5091152889198616,-4.082468633169919,279.9273810921334,0.49175740394624623,BALANCING
1.032,0.5009599042762095,-4.072986242124328,279.9994775269833,0.4916699076504933,BALANCING
1.034,0.49282347845751445,-4.063511276285759,280.0702141564351,0.4915805760906586,BALANCING
1.036,0.48470599658902097,-4.054043755903232,280.1395941931747,0.49148941438208216,BALANCING
1.038,0.4766074437555602,-4.044583701145607,280.20762084731393,0.4913964276345859,BALANCING
1.04,0.46852780500171,-4.03513113210168,280.27429732638336,0.4913016209524667,BALANCING
1.042,0.4604670653319552,-4.025686068780283,280.33962683532525,0.491204999434489,BALANCING
1.044,0.4524252097108471,-4.016248531110386,280.4036125764867,0.49110656817387677,BALANCING
1.046,0.4444022230631631,-4.006818538941192,280.4662577496124,0.4910063322583071,BALANCING
1.048,0.4363980902740667,-3.997396112042242,280.5275655518379,0.4909042967699017,BALANCING
1.05,0.42841279618926603,-3.9879812701035084,280.5875391776825,0.4908004667852208,BALANCING
1.052,0.4204463256151732,-3.9785740327355015,280.6461818190426,0.49069484737525537,BALANCING
1.054,0.4124986633190633,-3.9691744194693657,280.7034966651847,0.4905874436054198,BALANCING
1.056,0.4045697940292327,-3.9597824497569816,280.75948690273833,0.490478260535545,BALANCING
1.058,0.3966597024351578,-3.9503981429710673,280.8141557156899,0.4903673032198714,BALANCING
1.06,0.38876837318765284,-3.941021518405276,280.86750628537504,0.49025457670704153,BALANCING
1.062,0.38089579089902853,-3.931652595274301,280.91954179047275,0.4901400860400937,BALANCING
1.064,0.37304194014324926,-3.922291392713974,280.97026540699807,0.490023836256454,BALANCING
1.066,0.36520680545609113,-3.9129379297813673,281.0196803082955,0.48990583238793045,BALANCING
1.068,0.3573903713352993,-3.9035922254548963,281.06778966503254,0.48978607946070535,BALANCING
1.07,0.34959262224074494,-3.894254298634418,281.114596645193,0.4896645824953289,BALANCING
1.072,0.3418135425945828,-3.8849241681413362,281.1601044140703,0.48954134650671227,BALANCING
1.074,0.33405311678140737,-3.875601852718701,281.2043161342609,0.4894163765041207,BALANCING
1.076,0.32631132914841005,-3.866287371031313,281.2472349656579,0.4892896774911671,BALANCING
1.078,0.3185881640055352,-3.8569807416658226,281.28886406544444,0.4891612544658051,BALANCING
1.08,0.31088360562563644,-3.8476819831308355,281.32920658808723,0.4890311124203229,BALANCING
1.082,0.30319763824463275,-3.838391113857014,281.36826568533,0.4888992563413358,BALANCING
1.084,0.29553024606166395,-3.8291081521971795,281.4060445061873,0.4887656912097807,BALANCING
1.086,0.2878814132392468,-3.8198331164264143,281.44254619693794,0.488630422000909,BALANCING
1.088,0.2802511239034299,-3.8105660247421675,281.47777390111867,0.48849345368428027,BALANCING
1.09,0.272639362143949,-3.801306895264356,281.5117307595178,0.4883547912237558,BALANCING
1.092,0.2650461120143822,-3.792055746035467,281.54441991016887,0.4882144395774926,BALANCING
1.094,0.25747135753230427,-3.7828125950206655,281.5758444883446,0.48807240369793653,BALANCING
1.096,0.2499150826794417,-3.7735774601078913,281.60600762655037,0.4879286885318164,BALANCING
1.098,0.24237727140182658,-3.7643503591079703,281.63491245451803,0.4877832990201376,BALANCING
1.1,0.23485790760995104,-3.755131309754714,281.66256209919993,0.48763624009817597,BALANCING
1.102,0.2273569751789211,-3.745920329705023,281.68895968476255,0.4874875166954716,BALANCING
1.104,0.21987445794861027,-3.736717436538994,281.71410833258034,0.48733713373582277,BALANCING
1.106,0.21241033972381332,-3.727522647760022,281.73801116122974,0.4871850961372797,BALANCING
1.108,0.20496460427439928,-3.718335980794907,281.76067128648305,0.48703140881213886,BALANCING
1.11,0.19753723533546477,-3.709157452993956,281.7820918213024,0.4868760766669368,BALANCING
1.112,0.19012821660748677,-3.699987081631089,281.8022758758337,0.48671910460244394,BALANCING
1.114,0.18273753175647528,-3.6908248839039453,281.8212265574006,0.4865604975136592,BALANCING
1.116,0.1753651644141259,-3.6816708769339863,281.8389469704987,0.486400260289804,BALANCING
1.118,0.16801109817797188,-3.6725250777666023,281.8554402167893,0.4862383978143159,BALANCING
1.12,0.16067531661153642,-3.663387503371217,281.87070939509385,0.4860749149648435,BALANCING
1.122,0.1533578032444843,-3.654258170641394,281.8847576013879,0.48590981661324045,BALANCING
1.124,0.14605854157277356,-3.645137096394941,281.8975879287951,0.48574310762555967,BALANCING
1.1260000000000001,0.1387775150588069,-3.636024297374017,281.9092034675817,0.48557479286204797,BALANCING
1.1280000000000001,0.13151470713158295,-3.6269197902452377,281.9196073051504,0.48540487717713987,BALANCING
1.1300000000000001,0.12427010118684713,-3.617823591599781,281.92880252603493,0.4852333654194527,BALANCING
1.1320000000000001,0.11704368058724256,-3.608735717953495,281.936792211894,0.48506026243178063,BALANCING
1.1340000000000001,0.10983542866246053,-3.5996561857470013,281.9435794415058,0.4848855730510893,BALANCING
1.1360000000000001,0.10264532870939083,-3.590585011345804,281.9491672907622,0.48470930210851054,BALANCING
1.1380000000000001,0.09547336399227196,-3.5815222110403964,281.9535588326632,0.48453145442933654,BALANCING
1.1400000000000001,0.08831951774284102,-3.5724678010463653,281.95675713731106,0.48435203483301503,BALANCING
1.1420000000000001,0.08118377316048338,-3.5634217975045006,281.95876527190507,0.48417104813314327,BALANCING
1.1440000000000001,0.0740661134123822,-3.5543842164809,281.9595863007356,0.48398849913746356,BALANCING
1.1460000000000001,0.06696652163366779,-3.545355073967078,281.95922328517884,0.48380439264785724,BALANCING
1.1480000000000001,0.05988498092756647,-3.5363343858800724,281.9576792836911,0.4836187334603399,BALANCING
1.1500000000000001,0.05282147436554967,-3.527322168062551,281.9549573518034,0.48343152636505626,BALANCING
1.1520000000000001,0.045775984987482386,-3.51831843628292,281.95106054211595,0.48324277614627476,BALANCING
1.154,0.038748495801771664,-3.509323206235431,281.9459919042929,0.4830524875823826,BALANCING
1.156,0.03173898978551481,-3.5003364935402903,281.9397544850566,0.4828606654458807,BALANCING
1.158,0.02474744988464736,-3.4913583137437634,281.9323513281824,0.48266731450337863,BALANCING
1.16,0.01777385901409087,-3.482388682318287,281.92378547449334,0.4824724395155898,BALANCING
1.162,0.01081820005790047,-3.4734276146625738,281.9140599618549,0.4822760452373264,BALANCING
1.164,0.003880455869412182,-3.464475126101724,281.90317782516934,0.4820781364174943,BALANCING
1.166,-0.0030393907286099192,-3.45553123188733,281.89114209637074,0.4818787177990886,BALANCING
1.168,-0.009941356943826824,-3.446595947197586,281.8779558044197,0.4816777941191885,BALANCING
1.17,-0.016825460014177892,-3.4376692871373997,281.86362197529803,0.4814753701089528,BALANCING
1.172,-0.023691717207734365,-3.428751266738497,281.8481436320037,0.48127145049361475,BALANCING
1.174,-0.030540145822553138,-3.419841900959532,281.83152379454555,0.4810660399924779,BALANCING
1.176,-0.0373707631865307,-3.410941204686198,281.81376547993807,0.4808591433189107,BALANCING
1.178,-0.04418358665725732,-3.402049192731332,281.79487170219653,0.48065076518034283,BALANCING
1.18,-0.050978633621871446,-3.3931658798350295,281.7748454723317,0.4804409102782597,BALANCING
1.182,-0.057755921496914324,-3.3842912806647485,281.75368979834496,0.4802295833081984,BALANCING
1.184,-0.06451546772818482,-3.375425409815423,281.731407685223,0.4800167889597432,BALANCING
1.186,-0.07125728979059452,-3.36656828180957,281.7080021349331,0.47980253191652067,BALANCING
1.188,-0.07798140518802295,-3.3577199110974,281.68347614641795,0.47958681685619586,BALANCING
1.19,-0.08468783145317306,-3.3488803120569264,281.6578327155908,0.47936964845046753,BALANCING
1.192,-0.091376586147427,-3.340049498994076,281.6310748353306,0.47915103136506365,BALANCING
1.194,-0.09804768686070202,-3.3312274861427973,281.60320549547674,0.47893097025973747,BALANCING
1.196,-0.10470115121130658,-3.322414287665172,281.57422768282476,0.478709469788263,BALANCING
1.198,-0.11133699684579682,-3.3136099176515255,281.54414438112093,0.4784865345984308,BALANCING
1.2,-0.11795524143883304,-3.3048143901205354,281.5129585710579,0.4782621693320439,BALANCING
1.202,-0.1245559026930366,-3.2960277190193437,281.48067323026936,0.47803637862491316,BALANCING
1.204,-0.1311389983388469,-3.2872499182236647,281.447291333326,0.477809167106854,BALANCING
1.206,-0.13770454613437869,-3.278481001537898,281.41281585173004,0.47758053940168155,BALANCING
1.208,-0.14425256386527946,-3.26972098269524,281.37724975391103,0.4773505001272068,BALANCING
1.21,-0.15078306934458724,-3.2609698753577896,281.34059600522085,0.47711905389523274,BALANCING
1.212,-0.15729608041258844,-3.252227693116664,281.30285756792915,0.47688620531155024,BALANCING
1.214,-0.16379161493667602,-3.243494449492109,281.2640374012188,0.4766519589759342,BALANCING
1.216,-0.17026969081120788,-3.234770157933606,281.22413846118116,0.47641631948213947,BALANCING
1.218,-0.1767303259573654,-3.2260548318199884,281.1831637008115,0.4761792914178972,BALANCING
1.22,-0.18317353832301228,-3.21734848445955,281.14111607000456,0.47594087936491086,BALANCING
1.222,-0.18959934588255348,-3.208651129090157,281.0979985155498,0.4757010878988525,BALANCING
1.224,-0.1960077666367947,-3.199962778879358,281.053813981127,0.4754599215893588,BALANCING
1.226,-0.20239881861280154,-3.191283446924498,281.00856540730194,0.4752173850000277,BALANCING
1.228,-0.20877251986375944,-3.1826131462528275,280.9622557315217,0.47497348268841455,BALANCING
1.23,-0.21512888846883357,-3.1739518898216157,280.9148878881101,0.4747282192060283,BALANCING
1.232,-0.22146794253302884,-3.165299690518262,280.86646480826397,0.47448159909832804,BALANCING
1.234,-0.22778970018705041,-3.156656561160408,280.81698942004783,0.47423362690471954,BALANCING
1.236,-0.23409417958716425,-3.1480225144960476,280.7664646483903,0.4739843071585514,BALANCING
1.238,-0.24038139891505786,-3.139397563203642,280.71489341507936,0.4737336443871118,BALANCING
1.24,-0.24665137637770146,-3.1307817198922305,280.66227863875815,0.47348164311162494,BALANCING
1.242,-0.25290413020720914,-3.122174997101541,280.6086232349207,0.4732283078472475,BALANCING
1.244,-0.2591396786607005,-3.1135774073021043,280.55393011590775,0.4729736431030656,BALANCING
1.246,-0.26535804002016206,-3.104988962895367,280.4982021909023,0.4727176533820909,BALANCING
1.248,-0.2715592325923095,-3.0964096762138014,280.44144236592564,0.47246034318125757,BALANCING
1.25,-0.2777432747084499,-3.0878395595210204,280.383653543833,0.47220171699141916,BALANCING
1.252,-0.2839101847243437,-3.0792786250118884,280.3248386243095,0.47194177929734515,BALANCING
1.254,-0.2900599810200676,-3.070726884812635,280.265000503866,0.4716805345777177,BALANCING
1.256,-0.29619268199987736,-3.0621843509809676,280.20414207583497,0.47141798730512824,BALANCING
1.258,-0.30230830609207116,-3.0536510355061846,280.1422662303664,0.471154141946075,BALANCING
1.26,-0.3084068717488521,-3.045126950309286,280.07937585442363,0.4708890029609593,BALANCING
1.262,-0.3144883974461927,-3.0366121072430903,280.0154738317797,0.47062257480408254,BALANCING
1.264,-0.3205529016836978,-3.0281065180923434,279.95056304301295,0.4703548619236435,BALANCING
1.266,-0.3266004029844692,-3.019610194573836,279.88464636550316,0.4700858687617348,BALANCING
1.268,-0.33263091989496923,-3.011123148336511,279.8177266734276,0.4698155997543405,BALANCING
1.27,-0.3386444709848858,-3.002645390961585,279.7498068377572,0.4695440593313326,BALANCING
1.272,-0.3446410748469965,-2.994176933962653,279.68088972625253,0.46927125191646857,BALANCING
1.274,-0.35062075009703386,-2.985717788785807,279.6109782034598,0.4689971819273883,BALANCING
1.276,-0.3565835153735502,-2.9772679668097486,279.5400751307073,0.4687218537756112,BALANCING
1.278,-0.36252938933778317,-2.9688274793459017,279.46818336610124,0.4684452718665335,BALANCING
1.28,-0.36845839067352115,-2.960396337638527,279.3953057645223,0.46816744059942544,BALANCING
1.282,-0.3743705380869691,-2.9519745528648347,279.32144517762146,0.4678883643674286,BALANCING
1.284,-0.38026585030661453,-2.9435621361350988,279.24660445381653,0.4676080475575529,BALANCING
1.286,-0.3861443460830938,-2.9351590984927713,279.1707864382882,0.46732649455067454,BALANCING
1.288,-0.3920060441890586,-2.9267654509145955,279.0939939729765,0.4670437097215326,BALANCING
1.29,-0.39785096341904247,-2.918381204310719,279.016229896577,0.46675969743872725,BALANCING
1.292,-0.403679122589328,-2.9100063695248117,278.9374970445372,0.46647446206471627,BALANCING
1.294,-0.4094905405378137,-2.9016409573341737,278.85779824905296,0.46618800795581355,BALANCING
1.296,-0.4152852361238817,-2.893284978449854,278.77713633906455,0.4659003394621856,BALANCING
1.298,-0.421063228228265,-2.8849384435167633,278.6955141402535,0.46561146092784983,BALANCING
1.3,-0.4268245357529155,-2.8766013631137892,278.61293447503886,0.46532137669067175,BALANCING
1.302,-0.43256917762087216,-2.8682737477539075,278.52940016257344,0.4650300910823625,BALANCING
1.304,-0.438297172776129,-2.8599556078843,278.4449140187405,0.4647376084284768,BALANCING
1.306,-0.44400854018350394,-2.851646953886468,278.3594788561504,0.4644439330484104,BALANCING
1.308,-0.4497032988285073,-2.843347796076345,278.2730974841367,0.46414906925539784,BALANCING
1.31,-0.45538146771721094,-2.8350581447044125,278.1857727087531,0.46385302135651024,BALANCING
1.312,-0.46104306587611743,-2.826778009955816,278.09750733276985,0.4635557936526528,BALANCING
1.314,-0.4666881123520295,-2.818507401950477,278.00830415567026,0.46325739043856295,BALANCING
1.316,-0.47231662621191955,-2.810246330743209,277.91816597364755,0.46295781600280805,BALANCING
1.318,-0.4779286265427998,-2.8019948063238322,277.8270955796013,0.4626570746277832,BALANCING
1.32,-0.4835241324515922,-2.7937528386172885,277.7350957631341,0.46235517058970904,BALANCING
1.322,-0.489103163064999,-2.785520437483755,277.6421693105484,0.46205210815863,BALANCING
1.324,-0.4946657375293731,-2.7772976127187605,277.5483190048431,0.46174789159841206,BALANCING
1.326,-0.5002118750105891,-2.7690843740533,277.45354762571037,0.46144252516674056,BALANCING
1.328,-0.505741594693914,-2.76088073115395,277.35785794953233,0.46113601311511865,BALANCING
1.33,-0.5112549157838789,-2.7526866936229806,277.2612527493777,0.46082835968886504,BALANCING
1.332,-0.5167518575041504,-2.7445022709984745,277.1637347949991,0.4605195691271122,BALANCING
1.334,-0.5222324390974019,-2.736327472754441,277.0653068528292,0.46020964566280437,BALANCING
1.336,-0.5276966798251861,-2.728162308300929,276.96597168597816,0.45989859352269596,BALANCING
1.338,-0.5331445989678072,-2.7200067869841456,276.86573205423014,0.4595864169273494,BALANCING
1.34,-0.5385762158241928,-2.711860918086568,276.76459071404025,0.45927312009113364,BALANCING
1.342,-0.543991549711767,-2.7037247108270615,276.6625504185316,0.4589587072222223,BALANCING
1.344,-0.5493906199663232,-2.6955981743609927,276.55961391749236,0.458643182522592,BALANCING
1.346,-0.5547734459418973,-2.6874813177803465,276.45578395737215,0.45832655018802043,BALANCING
1.348,-0.5601400470106407,-2.6793741501138393,276.3510632812796,0.45800881440808505,BALANCING
1.35,-0.5654904425626943,-2.671276680327038,276.2454546289794,0.45768997936616135,BALANCING
1.352,-0.5708246520060621,-2.6631889173224708,276.13896073688875,0.4573700492394211,BALANCING
1.354,-0.5761426947664852,-2.6551108699397474,276.03158433807494,0.4570490281988309,BALANCING
1.356,-0.5814445902873162,-2.6470425469556713,275.92332816225223,0.45672692040915075,BALANCING
1.358,-0.5867303580293938,-2.638983957084356,275.814194935779,0.45640373002893236,BALANCING
1.36,-0.592000017470917,-2.6309351089773414,275.70418738165495,0.45607946121051784,BALANCING
1.362,-0.5972535881073209,-2.622896011223709,275.5933082195179,0.4557541181000382,BALANCING
1.364,-0.6024910894511512,-2.614866672350198,275.4815601656414,0.4554277048374119,BALANCING
1.366,-0.6077125410319398,-2.6068471008213194,275.36894593293164,0.4551002255563435,BALANCING
1.368,-0.6129179623960808,-2.598837305039474,275.2554682309248,0.45477168438432236,BALANCING
1.37,-0.6181073731067059,-2.590837293345066,275.1411297657842,0.4544420854426213,BALANCING
1.372,-0.6232807927435611,-2.5828470740166205,275.02593324029766,0.45411143284629546,BALANCING
1.374,-0.628438240902882,-2.574866655270898,274.9098813538745,0.4537797307041806,BALANCING
1.3760000000000001,-0.633579737197272,-2.5668960452630114,274.79297680254325,0.45344698311889226,BALANCING
1.3780000000000001,-0.6387053012555776,-2.55893525208654,274.67522227894864,0.4531131941868247,BALANCING
1.3800000000000001,-0.6438149527227662,-2.5509842837736483,274.5566204723492,0.45277836799814947,BALANCING
1.3820000000000001,-0.6489087112598033,-2.543043148295199,274.43717406861435,0.45244250863681407,BALANCING
1.3840000000000001,-0.65398659654353,-2.535111853560871,274.31688575022196,0.4521056201805413,BALANCING
1.3860000000000001,-0.6590486282665405,-2.527190407419273,274.19575819625584,0.45176770670082794,BALANCING
1.3880000000000001,-0.6640948261370607,-2.5192788176580625,274.0737940824029,0.45142877226294387,BALANCING
1.3900000000000001,-0.6691252098788256,-2.51137709200406,273.950996080951,0.4510888209259309,BALANCING
1.3920000000000001,-0.6741397992309583,-2.5034852381233645,273.82736686078584,0.45074785674260176,BALANCING
1.3940000000000001,-0.6791386139478485,-2.495603263621471,273.7029090873891,0.4504058837595392,BALANCING
1.3960000000000001,-0.6841216737990312,-2.4877311760433853,273.5776254228356,0.4500629060170953,BALANCING
1.3980000000000001,-0.6890889985690665,-2.4798689828737412,273.4515185257908,0.4497189275493901,BALANCING
1.4000000000000001,-0.6940406080574181,-2.4720166915369153,273.32459105150855,0.44937395238431116,BALANCING
1.4020000000000001,-0.6989765220783336,-2.464174309397144,273.1968456518286,0.44902798454351256,BALANCING
1.4040000000000001,-0.7038967604607239,-2.45634184375864,273.06828497517404,0.448681028042414,BALANCING
1.4060000000000001,-0.7088013430480437,-2.448519301865707,272.93891166654925,0.4483330868902002,BALANCING
1.408,-0.713690289698171,-2.4407066909028567,272.80872836753724,0.44798416508982,BALANCING
1.41,-0.7185636202832887,-2.432904017994926,272.67773771629754,0.4476342666379858,BALANCING
1.412,-0.7234213546897644,-2.4251112902071905,272.54594234756377,0.4472833955251727,BALANCING
1.414,-0.7282635128180324,-2.4173285145454835,272.4133448926412,0.446931555735618,BALANCING
1.416,-0.7330901145824735,-2.4095556979563106,272.27994797940494,0.4465787512473203,BALANCING
1.418,-0.7379011799112981,-2.4017928473269654,272.1457542322972,0.4462249860320395,BALANCING
1.42,-0.7426967287464267,-2.3940399694856485,272.01076627232527,0.44587026405529523,BALANCING
1.422,-0.7474767810433722,-2.38629707120158,271.8749867170594,0.4455145892763673,BALANCING
1.424,-0.7522413567711222,-2.378564159185118,271.73841818063045,0.44515796564829463,BALANCING
1.426,-0.7569904759120215,-2.370841240087875,271.6010632737278,0.44480039711787484,BALANCING
1.428,-0.7617241584616541,-2.3631283205028324,271.46292460359723,0.4444418876256639,BALANCING
1.43,-0.7664424244287266,-2.3554254069644585,271.3240047740387,0.4440824411059756,BALANCING
1.432,-0.7711452938349511,-2.347732505948824,271.18430638540445,0.4437220614868813,BALANCING
1.434,-0.7758327867149288,-2.340049623873718,271.0438320345967,0.44336075269020925,BALANCING
1.436,-0.780504923116033,-2.332376767098765,270.9025843150655,0.44299851863154455,BALANCING
1.438,-0.7851617230982935,-2.324713941925541,270.7605658168072,0.4426353632202286,BALANCING
1.44,-0.7898032067342801,-2.3170611545976887,270.6177791263617,0.4422712903593589,BALANCING
1.442,-0.7944293941089872,-2.309418411301035,270.4742268268112,0.441906303945789,BALANCING
1.444,-0.799040305319718,-2.301785718163707,270.32991149777763,0.44154040787012777,BALANCING
1.446,-0.8036359604759696,-2.2941630812562472,270.18483571542095,0.44117360601673966,BALANCING
1.448,-0.8082163796993177,-2.2865505065917318,270.03900205243724,0.44080590226374416,BALANCING
1.45,-0.8127815831233014,-2.278948000125885,269.8924130780566,0.440437300483016,BALANCING
1.452,-0.8173315908933096,-2.271355567757196,269.74507135804157,0.44006780454018474,BALANCING
1.454,-0.8218664231664657,-2.2637732153270362,269.5969794546848,0.43969741829463477,BALANCING
1.456,-0.826386100111514,-2.256200948619773,269.44813992680764,0.4393261455995052,BALANCING
1.458,-0.8308906419087057,-2.248638773362889,269.29855532975796,0.43895399030168997,BALANCING
1.46,-0.8353800687496846,-2.241086695227097,269.14822821540855,0.4385809562418375,BALANCING
1.462,-0.8398544008373753,-2.233544719826454,268.99716113215527,0.43820704725435106,BALANCING
1.464,-0.8443136583858682,-2.2260128527184824,268.84535662491515,0.43783226716738854,BALANCING
1.466,-0.8487578616203076,-2.21849109940428,268.69281723512483,0.4374566198028627,BALANCING
1.468,-0.8531870307767786,-2.210979465328642,268.53954550073865,0.4370801089764411,BALANCING
1.47,-0.8576011861021949,-2.2034779558801727,268.38554395622697,0.4367027384975464,BALANCING
1.472,-0.8620003478541862,-2.195986576391406,268.23081513257455,0.4363245121693563,BALANCING
1.474,-0.8663845363009862,-2.188505332138918,268.0753615572789,0.4359454337888038,BALANCING
1.476,-0.8707537717213212,-2.181034228343443,267.91918575434835,0.4355655071465774,BALANCING
1.478,-0.8751080744042978,-2.1735732701699946,267.7622902443007,0.43518473602712127,BALANCING
1.48,-0.8794474646492926,-2.1661224627279743,267.6046775441615,0.43480312420863554,BALANCING
1.482,-0.8837719627658401,-2.1586818110712938,267.44635016746247,0.43442067546307683,BALANCING
1.484,-0.8880815890735224,-2.1512513201984884,267.28731062423975,0.43403739355615784,BALANCING
1.486,-0.8923763639018585,-2.1438309950528334,267.12756142103274,0.4336532822473485,BALANCING
1.488,-0.8966563075901935,-2.1364208405224607,266.9671050608821,0.4332683452898759,BALANCING
1.49,-0.9009214404875892,-2.1290208614404755,266.8059440433284,0.43288258643072447,BALANCING
1.492,-0.905171782952713,-2.121631062585069,266.64408086441074,0.43249600941063693,BALANCING
1.494,-0.9094073553537299,-2.114251448679639,266.4815180166651,0.43210861796411415,BALANCING
1.496,-0.9136281780681911,-2.1068820243929025,266.31825798912297,0.4317204158194161,BALANCING
1.498,-0.9178342714829263,-2.0995227943390136,266.15430326730996,0.4313314066985621,BALANCING
1.5,-0.9220256559939336,-2.0921737630776778,265.98965633324406,0.4309415943173311,BALANCING
1.502,-0.9262023520062713,-2.08483493511427,265.82431966543464,0.4305509823852627,BALANCING
1.504,-0.9303643799339497,-2.0775063148999484,265.6582957388808,0.4301595746056573,BALANCING
1.506,-0.9345117601998217,-2.070187906831772,265.49158702507,0.42976737467557685,BALANCING
1.508,-0.9386445132354757,-2.062879715252816,265.32419599197686,0.42937438628584557,BALANCING
1.51,-0.9427626594811274,-2.0555817444522875,265.15612510406186,0.42898061312105035,BALANCING
1.512,-0.9468662193855117,-2.0482939986656397,264.98737682226965,0.42858605885954143,BALANCING
1.514,-0.9509552134057767,-2.0410164820746917,264.8179536040282,0.42819072717343326,BALANCING
1.516,-0.9550296620073747,-2.0337491988077403,264.6478579032473,0.4277946217286053,BALANCING
1.518,-0.9590895856639567,-2.0264921529396784,264.47709217031735,0.42739774618470217,BALANCING
1.52,-0.9631350048572651,-2.0192453484921087,264.305658852108,0.42700010419513507,BALANCING
1.522,-0.9671659400770272,-2.012008789433461,264.1335603919672,0.4266016994070823,BALANCING
1.524,-0.9711824118208494,-2.004782479679107,263.9607992297197,0.42620253546149,BALANCING
1.526,-0.9751844405941107,-1.9975664230914767,263.78737780166614,0.42580261599307306,BALANCING
1.528,-0.9791720469098572,-1.9903606234801732,263.6132985405815,0.42540194463031605,BALANCING
1.53,-0.9831452512886968,-1.9831650846020887,263.4385638757145,0.42500052499547375,BALANCING
1.532,-0.9871040742586931,-1.97597981016152,263.263176232786,0.4245983607045726,BALANCING
1.534,-0.9910485363552608,-1.9688048038102837,263.0871380339881,0.4241954553674113,BALANCING
1.536,-0.9949786581210617,-1.9616400691478326,262.91045169798286,0.4237918125875617,BALANCING
1.538,-0.9988944601058984,-1.95448560972137,262.7331196399017,0.4233874359623702,BALANCING
1.54,-1.0027959628666112,-1.9473414290259667,262.55514427134364,0.4229823290829579,BALANCING
1.542,-1.0066831869669732,-1.9402075305046742,262.3765280003749,0.4225764955342227,BALANCING
1.544,-1.0105561529775875,-1.9330839175486414,262.1972732315275,0.42216993889483967,BALANCING
1.546,-1.014414881475782,-1.9259705934972309,262.0173823657984,0.4217626627372621,BALANCING
1.548,-1.0182593930455066,-1.9188675616381317,261.83685780064854,0.421354670627723,BALANCING
1.55,-1.0220897082772307,-1.9117748252074773,261.6557019300017,0.42094596612623597,BALANCING
1.552,-1.0259058477678389,-1.9046923873899582,261.4739171442439,0.42053655278659624,BALANCING
1.554,-1.0297078321205295,-1.8976202513189397,261.2915058302219,0.4201264341563821,BALANCING
1.556,-1.0334956819447108,-1.8905584200765753,261.108470371243,0.41971561377695593,BALANCING
1.558,-1.0372694178558994,-1.883506896693921,260.92481314707356,0.41930409518346545,BALANCING
1.56,-1.0410290604756185,-1.8764656841510539,260.7405365339383,0.418891881904845,BALANCING
1.562,-1.0447746304312953,-1.8694347853771827,260.5556429045198,0.4184789774638168,BALANCING
1.564,-1.0485061483561595,-1.8624142032507667,260.370134627957,0.4180653853768921,BALANCING
1.566,-1.0522236348891427,-1.8554039405996283,260.1840140698448,0.4176511091543727,BALANCING
1.568,-1.0559271106747758,-1.8484040002010682,259.9972835922333,0.41723615230035216,BALANCING
1.57,-1.05961659636309,-1.841414384781981,259.8099455536268,0.41682051831271705,BALANCING
1.572,-1.0632921126095138,-1.8344350970189691,259.6220023089831,0.4164042106831487,BALANCING
1.574,-1.066953680074775,-1.827466139538459,259.4334562097127,0.4159872328971242,BALANCING
1.576,-1.0706013194247983,-1.820507514916814,259.24430960367835,0.415569588433918,BALANCING
1.578,-1.0742350513306067,-1.8135592256804505,259.05456483519373,0.4151512807666033,BALANCING
1.58,-1.077854896468221,-1.8066212743059513,258.8642242450235,0.4147323133620537,BALANCING
1.582,-1.0814608755185608,-1.7996936632201823,258.67329017038196,0.4143126896809443,BALANCING
1.584,-1.0850530091673445,-1.7927763948004036,258.4817649449329,0.4138924131777539,BALANCING
1.586,-1.088631318104991,-1.7858694713743883,258.28965089878835,0.41347148730076566,BALANCING
1.588,-1.0921958230265196,-1.7789728952205328,258.0969503585087,0.4130499154920694,BALANCING
1.59,-1.095746544631453,-1.7720866685679741,257.90366564710143,0.4126277011875627,BALANCING
1.592,-1.0992835036237179,-1.7652107935967025,257.70979908402086,0.4122048478169529,BALANCING
1.594,-1.1028067207115468,-1.7583452724376774,257.5153529851674,0.4117813588037583,BALANCING
1.596,-1.1063162166073806,-1.7514901071729398,257.3203296628872,0.4113572375653104,BALANCING
1.598,-1.10981201202777,-1.7446452998357278,257.1247314259713,0.41093248751275463,BALANCING
1.6,-1.1132941276932786,-1.7378108524105895,256.9285605796553,0.41050711205105306,BALANCING
1.602,-1.1167625843283866,-1.730986766833499,256.73181942561894,0.41008111457898583,BALANCING
1.604,-1.1202174026613911,-1.7241730449919692,256.53451026198525,0.40965449848915214,BALANCING
1.606,-1.1236586034243121,-1.7173696887251646,256.3366353833204,0.40922726716797314,BALANCING
1.608,-1.1270862073527945,-1.710576699824018,256.1381970806331,0.4087994239956929,BALANCING
1.61,-1.1305002351860118,-1.7037940800313425,255.9391976413742,0.40837097234638053,BALANCING
1.612,-1.1339007076665704,-1.697021831041945,255.73963934943617,0.40794191558793225,BALANCING
1.614,-1.1372876455404133,-1.6902599545027421,255.53952448515273,0.40751225708207245,BALANCING
1.616,-1.1406610695567247,-1.6835084520128711,255.33885532529854,0.4070820001843564,BALANCING
1.618,-1.1440210004678346,-1.6767673251238056,255.13763414308866,0.4066511482441717,BALANCING
1.62,-1.1473674590291234,-1.6700365753394684,254.93586320817838,0.40621970460474044,BALANCING
1.622,-1.1507004659989268,-1.6633162041163447,254.73354478666255,0.40578767260312065,BALANCING
1.624,-1.1540200421384412,-1.6566062128635968,254.53068114107566,0.4053550555702089,BALANCING
1.6260000000000001,-1.1573262082116296,-1.6499066029431755,254.32727453039118,0.40492185683074183,BALANCING
1.6280000000000001,-1.1606189849851265,-1.6432173756699362,254.12332721002144,0.40448807970329825,BALANCING
1.6300000000000001,-1.1638983932281441,-1.6365385323117492,253.9188414318173,0.40405372750030116,BALANCING
1.6320000000000001,-1.167164453712379,-1.6298700740896153,253.71381944406787,0.40361880352802,BALANCING
1.6340000000000001,-1.170417187211918,-1.623212002177778,253.50826349150026,0.4031833110865722,BALANCING
1.6360000000000001,-1.1736566145031444,-1.6165643177038362,253.30217581527938,0.40274725346992585,BALANCING
1.6380000000000001,-1.176882756364646,-1.6099270217488582,253.09555865300763,0.40231063396590144,BALANCING
1.6400000000000001,-1.1800956335771202,-1.603300115347494,252.88841423872483,0.401873455856174,BALANCING
1.6420000000000001,-1.183295266923284,-1.5966835994880888,252.68074480290787,0.40143572241627534,BALANCING
1.6440000000000001,-1.1864816771877784,-1.5900774751127953,252.47255257247065,0.40099743691559625,BALANCING
1.6460000000000001,-1.1896548851570792,-1.5834817431176869,252.26383977076395,0.4005586026173884,BALANCING
1.6480000000000001,-1.1928149116194027,-1.5768964043528702,252.05460861757516,0.40011922277876705,BALANCING
1.6500000000000001,-1.1959617773646147,-1.5703214596225978,251.8448613291283,0.39967930065071267,BALANCING
1.6520000000000001,-1.1990955031841386,-1.5637569096853807,251.63460011808377,0.39923883947807376,BALANCING
1.6540000000000001,-1.202216109870865,-1.5572027552541015,251.42382719353833,0.39879784249956873,BALANCING
1.6560000000000001,-1.205323618219059,-1.5506589969961262,251.2125447610251,0.3983563129477881,BALANCING
1.6580000000000001,-1.2084180490242709,-1.544125635533416,251.0007550225133,0.39791425404919745,BALANCING
1.6600000000000001,-1.2114994230832445,-1.537602671442642,250.78846017640842,0.3974716690241387,BALANCING
1.6620000000000001,-1.2145677611938264,-1.5310901052552945,250.57566241755197,0.39702856108683365,BALANCING
1.6640000000000001,-1.2176230841548767,-1.5245879374577977,250.3623639372217,0.39658493344538537,BALANCING
1.666,-1.2206654127661785,-1.5180961684916199,250.14856692313134,0.3961407893017809,BALANCING
1.668,-1.2236947678283479,-1.5116147987533868,249.93427355943086,0.39569613185189395,BALANCING
1.67,-1.2267111701427444,-1.5051438285949927,249.7194860267064,0.39525096428548695,BALANCING
1.672,-1.2297146405113828,-1.4986832583237135,249.50420650198015,0.3948052897862137,BALANCING
1.674,-1.2327051997368417,-1.492233088202318,249.28843715871076,0.3943591115316215,BALANCING
1.676,-1.2356828686221768,-1.4857933184491787,249.0721801667931,0.39391243269315424,BALANCING
1.678,-1.2386476679708314,-1.479363949238385,248.85543769255847,0.3934652564361544,BALANCING
1.68,-1.2415996185865472,-1.4729449806998534,248.63821189877478,0.3930175859198655,BALANCING
1.682,-1.2445387412732778,-1.4665364129194414,248.4205049446465,0.39256942429743524,BALANCING
1.684,-1.2474650568350991,-1.460138245939056,248.20231898581497,0.39212077471591733,BALANCING
1.686,-1.2503785860761218,-1.4537504797567669,247.98365617435843,0.39167164031627466,BALANCING
1.688,-1.2532793498004053,-1.4473731143269184,247.76451865879224,0.39122202423338137,BALANCING
1.69,-1.2561673688118677,-1.4410061495602386,247.54490858406905,0.39077192959602614,BALANCING
1.692,-1.2590426639142014,-1.4346495853239525,247.32482809157895,0.39032135952691405,BALANCING
1.694,-1.2619052559107844,-1.4283034214418917,247.1042793191498,0.38987031714266984,BALANCING
1.696,-1.2647551656045941,-1.421967657694607,246.8832644010473,0.3894188055538403,BALANCING
1.698,-1.2675924137981214,-1.4156422938194775,246.6617854679754,0.38896682786489695,BALANCING
1.7,-1.270417021293284,-1.409327329510823,246.4398446470763,0.38851438717423886,BALANCING
1.702,-1.27322900889134,-1.4030227644200146,246.21744406193105,0.3880614865741954,BALANCING
1.704,-1.276028397392803,-1.396728598155584,245.99458583255958,0.3876081291510289,BALANCING
1.706,-1.2788152075973558,-1.3904448302833363,245.77127207542105,0.38715431798493727,BALANCING
1.708,-1.2815894603037656,-1.3841714603264585,245.5475049034143,0.38670005615005737,BALANCING
1.71,-1.2843511763097983,-1.3779084877656322,245.32328642587797,0.386245346714467,BALANCING
1.712,-1.287100376412134,-1.3716559120391418,245.09861874859098,0.3857901927401881,BALANCING
1.714,-1.2898370814062827,-1.3654137325429854,244.8735039737728,0.38533459728319003,BALANCING
1.716,-1.292561312086499,-1.3591819486309868,244.64794420008394,0.3848785633933916,BALANCING
1.718,-1.2952730892456978,-1.3529605596149037,244.42194152262627,0.38442209411466455,BALANCING
1.72,-1.2979724336753715,-1.3467495647645378,244.19549803294328,0.3839651924848363,BALANCING
1.722,-1.3006593661655053,-1.3405489633078462,243.96861581902075,0.38350786153569255,BALANCING
1.724,-1.303333907504493,-1.33435875443105,243.741296965287,0.3830501042929807,BALANCING
1.726,-1.3059960784790552,-1.3281789372787451,243.5135435526134,0.3825919237764126,BALANCING
1.728,-1.3086458998741552,-1.3220095109540109,243.28535765831484,0.3821333229996674,BALANCING
1.73,-1.3112833924729164,-1.3158504745185207,243.05674135615004,0.3816743049703946,BALANCING
1.732,-1.3139085770565386,-1.3097018269926517,242.82769671632227,0.3812148726902171,BALANCING
1.734,-1.316521474404217,-1.3035635673555932,242.59822580547967,0.38075502915473414,BALANCING
1.736,-1.3191221052930593,-1.2974356945454568,242.3683306867159,0.3802947773535245,BALANCING
1.738,-1.3217104904980035,-1.2913182074593859,242.13801341957054,0.3798341202701495,BALANCING
1.74,-1.3242866507917361,-1.2852111049536648,241.9072760600297,0.3793730608821558,BALANCING
1.742,-1.3268506069446109,-1.2791143858438274,241.67612066052655,0.37891160216107883,BALANCING
1.744,-1.3294023797245669,-1.2730280489047667,241.44454926994183,0.3784497470724458,BALANCING
1.746,-1.3319419898970482,-1.2669520928708438,241.21256393360466,0.3779874985757788,BALANCING
1.748,-1.3344694582249217,-1.2608865164359964,240.98016669329277,0.3775248596245979,BALANCING
1.75,-1.3369848054683973,-1.2548313182538482,240.7473595872334,0.37706183316642433,BALANCING
1.752,-1.3394880523849475,-1.248786496937817,240.51414465010384,0.3765984221427837,BALANCING
1.754,-1.3419792197292262,-1.2427520510612238,240.280523913032,0.3761346294892091,BALANCING
1.756,-1.3444583282529894,-1.2367279791574006,240.04649940359712,0.37567045813524463,BALANCING
1.758,-1.3469253987050152,-1.2307142797197999,239.81207314583045,0.37520591100444806,BALANCING
1.76,-1.349380451831024,-1.2247109512021022,239.57724716021585,0.3747409910143947,BALANCING
1.762,-1.3518235083735988,-1.2187179920183246,239.34202346369057,0.3742757010766799,BALANCING
1.764,-1.354254589072107,-1.2127354005429296,239.1064040696459,0.3738100440969232,BALANCING
1.766,-1.35667371466262,-1.206763175110931,238.8703909879278,0.37334402297477115,BALANCING
1.768,-1.3590809058778353,-1.200801314018005,238.63398622483786,0.3728776406039004,BALANCING
1.77,-1.361476183446998,-1.1948498155205949,238.3971917831338,0.37241089987202153,BALANCING
1.772,-1.3638595680958217,-1.1889086778360223,238.1600096620304,0.3719438036608822,BALANCING
1.774,-1.3662310805464113,-1.1829778991425914,237.9224418572001,0.37147635484627023,BALANCING
1.776,-1.3685907415171847,-1.1770574775796991,237.68449036077405,0.37100855629801754,BALANCING
1.778,-1.3709385717227947,-1.1711474112479414,237.44615716134248,0.37054041088000284,BALANCING
1.78,-1.3732745918740519,-1.1652476982092208,237.20744424395602,0.37007192145015577,BALANCING
1.782,-1.3755988226778475,-1.1593583364868538,236.96835359012604,0.36960309086045984,BALANCING
1.784,-1.3779112848370758,-1.1534793240656787,236.72888717782587,0.36913392195695605,BALANCING
1.786,-1.3802119990505581,-1.1476106588921622,236.4890469814914,0.36866441757974616,BALANCING
1.788,-1.3825009860129653,-1.1417523388745057,236.24883497202205,0.3681945805629965,BALANCING
1.79,-1.384778266414742,-1.135904361882754,236.00825311678162,0.36772441373494114,BALANCING
1.792,-1.38704386094203,-1.1300667257489005,235.76730337959913,0.36725391991788564,BALANCING
1.794,-1.3892977902765924,-1.124239428266995,235.52598772076973,0.3667831019282103,BALANCING
1.796,-1.3915400750957376,-1.1184224671932497,235.28430809705577,0.36631196257637416,BALANCING
1.798,-1.3937707360722444,-1.1126158402461468,235.04226646168746,0.36584050466691775,BALANCING
1.8,-1.3959897938742858,-1.1068195451065428,234.799864764364,0.36536873099846773,BALANCING
1.802,-1.3981972691653546,-1.1010335794177772,234.55710495125444,0.3648966443637395,BALANCING
1.804,-1.400393182604188,-1.0952579407857783,234.31398896499869,0.3644242475495413,BALANCING
1.806,-1.4025775548446928,-1.0894926267791678,234.07051874470844,0.3639515433367778,BALANCING
1.808,-1.4047504065358718,-1.0837376349293684,233.82669622596822,0.36347853450045364,BALANCING
1.81,-1.4069117583217476,-1.0779929627307094,233.58252334083633,0.3630052238096771,BALANCING
1.812,-1.4090616308412913,-1.0722586076405325,233.3380020178459,0.36253161402766365,BALANCING
1.814,-1.411200044728346,-1.0665345670792976,233.09313418200583,0.3620577079117399,BALANCING
1.816,-1.4133270206115542,-1.060820838430688,232.84792175480197,0.36158350821334706,BALANCING
1.818,-1.4154425791142853,-1.0551174190417167,232.60236665419802,0.36110901767804465,BALANCING
1.82,-1.4175467408545608,-1.049424306222832,232.35647079463675,0.3606342390455144,BALANCING
1.822,-1.4196395264449817,-1.043741497248021,232.11023608704087,0.36015917504956385,BALANCING
1.824,-1.4217209564926565,-1.0380689893549178,231.86366443881425,0.35968382841813,BALANCING
1.826,-1.4237910515991277,-1.0324067797449057,231.6167577538431,0.3592082018732835,BALANCING
1.828,-1.4258498323603,-1.0267548655832248,231.3695179324968,0.35873229813123186,BALANCING
1.83,-1.4278973193663673,-1.0211132439990755,231.12194687162932,0.35825611990232364,BALANCING
1.832,-1.4299335332017418,-1.0154819120857237,230.8740464645802,0.35777966989105203,BALANCING
1.834,-1.4319584944449817,-1.0098608669006046,230.6258186011757,0.3573029507960591,BALANCING
1.836,-1.4339722236687193,-1.0042501054654291,230.37726516772997,0.35682596531013905,BALANCING
1.838,-1.4359747414395905,-0.998649624766287,230.12838804704631,0.35634871612024255,BALANCING
1.84,-1.4379660683181628,-0.9930594217537528,229.87918911841822,0.3558712059074803,BALANCING
1.842,-1.4399462248588648,-0.9874794933429878,229.62967025763058,0.355393437347127,BALANCING
1.844,-1.4419152316099157,-0.9819098364138462,229.37983333696104,0.3549154131086254,BALANCING
1.846,-1.4438731091132544,-0.9763504478109788,229.129680225181,0.35443713585559,BALANCING
1.848,-1.4458198779044693,-0.9708013243439368,228.87921278755707,0.35395860824581127,BALANCING
1.85,-1.4477555585127282,-0.9652624627872756,228.62843288585213,0.3534798329312591,BALANCING
1.852,-1.4496801714607088,-0.9597338598806584,228.3773423783266,0.3530008125580873,BALANCING
1.854,-1.4515937372645284,-0.954215512328961,228.12594311973987,0.3525215497666372,BALANCING
1.856,-1.4534962764336743,-0.9487074168023735,227.8742369613514,0.3520420471914418,BALANCING
1.858,-1.455387809470936,-0.9432095699365057,227.622225750922,0.35156230746122974,BALANCING
1.86,-1.4572683568723344,-0.9377219683324893,227.36991133271533,0.3510823331989294,BALANCING
1.862,-1.4591379391270534,-0.9322446085570817,227.11729554749897,0.35060212702167265,BALANCING
1.864,-1.4609965767173723,-0.9267774871427684,226.86438023254584,0.3501216915407993,BALANCING
1.866,-1.4628442901185958,-0.9213206005878674,226.61116722163558,0.34964102936186064,BALANCING
1.868,-1.4646810997989872,-0.91587394535663,226.35765834505582,0.34916014308462406,BALANCING
1.87,-1.4665070262196993,-0.9104375178793463,226.10385542960358,0.34867903530307676,BALANCING
1.872,-1.468322089834707,-0.9050113145524457,225.84976029858663,0.34819770860543,BALANCING
1.874,-1.4701263110907397,-0.8995953317386003,225.59537477182485,0.347716165574123,BALANCING
1.8760000000000001,-1.4719197104272141,-0.8941895657668273,225.34070066565164,0.3472344087858277,BALANCING
1.8780000000000001,-1.4737023082761667,-0.8887940129325922,225.08573979291532,0.34675244081145185,BALANCING
1.8800000000000001,-1.4754741250621863,-0.8834086694979094,224.83049396298043,0.3462702642161441,BALANCING
1.8820000000000001,-1.4772351812023492,-0.8780335316914459,224.57496498172944,0.34578788155929774,BALANCING
1.8840000000000001,-1.4789854971061493,-0.8726685957086228,224.31915465156382,0.34530529539455496,BALANCING
1.8860000000000001,-1.4807250931754352,-0.8673138577117167,224.06306477140575,0.34482250826981087,BALANCING
1.8880000000000001,-1.4824539898043418,-0.8619693138299622,223.80669713669948,0.344339522727218,BALANCING
1.8900000000000001,-1.4841722073792243,-0.8566349601596537,223.55005353941283,0.3438563413031905,BALANCING
1.8920000000000001,-1.4858797662785943,-0.8513107927642459,223.29313576803855,0.3433729665284079,BALANCING
1.8940000000000001,-1.487576686873052,-0.8459968076744571,223.03594560759603,0.34288940092782005,BALANCING
1.8960000000000001,-1.4892629895252223,-0.840693000888369,222.77848483963254,0.34240564702065074,BALANCING
1.8980000000000001,-1.490938694589689,-0.8353993683715285,222.52075524222502,0.3419217073204025,BALANCING
1.9000000000000001,-1.4926038224129299,-0.830115906057049,222.26275858998127,0.34143758433486054,BALANCING
1.9020000000000001,-1.4942583933332525,-0.8248426098457112,222.00449665404184,0.34095328056609703,BALANCING
1.9040000000000001,-1.4959024276807285,-0.8195794756060641,221.74597120208125,0.3404687985104755,BALANCING
1.9060000000000001,-1.4975359457771307,-0.8143264991745258,221.48718399830983,0.33998414065865556,BALANCING
1.9080000000000001,-1.4991589679358672,-0.8090836763554843,221.22813680347502,0.3394993094955965,BALANCING
1.9100000000000001,-1.5007715144619194,-0.8038510029213978,220.96883137486313,0.3390143075005621,BALANCING
1.9120000000000001,-1.5023736056517767,-0.7986284746128957,220.7092694663009,0.33852913714712485,BALANCING
1.9140000000000001,-1.5039652617933732,-0.7934160871388782,220.44945282815698,0.3380438009031704,BALANCING
1.9160000000000001,-1.5055465031660253,-0.788213836176617,220.18938320734367,0.33755830123090175,BALANCING
1.9180000000000001,-1.5071173500403674,-0.7830217173718557,219.92906234731842,0.33707264058684405,BALANCING
1.92,-1.5086778226782895,-0.7778397263389086,219.66849198808563,0.3365868214218486,BALANCING
1.922,-1.5102279413328747,-0.7726678586607624,219.40767386619805,0.33610084618109726,BALANCING
1.924,-1.511767726248336,-0.767506109889174,219.14660971475865,0.33561471730410736,BALANCING
1.926,-1.513297197659954,-0.7623544755447714,218.88530126342212,0.33512843722473573,BALANCING
1.928,-1.5148163757940154,-0.7572129511171537,218.62375023839664,0.3346420083711831,BALANCING
1.93,-1.5163252808677505,-0.7520815320649885,218.36195836244548,0.33415543316599877,BALANCING
1.932,-1.5178239330892718,-0.7469602138161133,218.0999273548888,0.3336687140260853,BALANCING
1.934,-1.5193123526575119,-0.7418489917676335,217.8376589316052,0.33318185336270245,BALANCING
1.936,-1.5207905597621627,-0.7367478612860221,217.57515480503358,0.3326948535814722,BALANCING
1.938,-1.522258574583614,-0.7316568177072181,217.3124166841747,0.33220771708238295,BALANCING
1.94,-1.523716417292892,-0.7265758563367255,217.04944627459304,0.331720446259794,BALANCING
1.942,-1.5251641080516,-0.7215049724497118,216.78624527841853,0.3312330435024407,BALANCING
1.944,-1.5266016670118565,-0.7164441612911076,216.5228153943482,0.3307455111934381,BALANCING
1.946,-1.5280291143162348,-0.7113934180757037,216.25915831764806,0.33025785171028615,BALANCING
1.948,-1.5294464700977035,-0.7063527379882502,215.99527574015477,0.32977006742487425,BALANCING
1.95,-1.530853754479567,-0.7013221161835548,215.73116935027753,0.3292821607034853,BALANCING
1.952,-1.5322509875754038,-0.6963015477865805,215.46684083299968,0.32879413390680107,BALANCING
1.954,-1.533638189489009,-0.6912910278925438,215.2022918698807,0.3283059893899061,BALANCING
1.956,-1.5350153803143334,-0.6862905515670127,214.93752413905798,0.327817729502293,BALANCING
1.958,-1.5363825801354254,-0.6813001138460039,214.67253931524854,0.3273293565878664,BALANCING
1.96,-1.5377398090263714,-0.6763197097360814,214.40733906975092,0.3268408729849481,BALANCING
1.962,-1.539087087051237,-0.6713493342144532,214.14192507044703,0.3263522810262816,BALANCING
1.964,-1.540424434264008,-0.6663889822290691,213.876298981804,0.32586358303903656,BALANCING
1.966,-1.5417518707085336,-0.661438648698717,213.610462464876,0.3253747813448138,BALANCING
1.968,-1.5430694164184664,-0.6564983285131221,213.34441717730607,0.3248858782596497,BALANCING
1.97,-1.5443770914172046,-0.6515680165330421,213.07816477332815,0.3243968760940211,BALANCING
1.972,-1.5456749157178353,-0.6466477075903644,212.81170690376885,0.32390777715285,BALANCING
1.974,-1.5469629093230763,-0.6417373964882036,212.5450452160493,0.3234185837355082,BALANCING
1.976,-1.5482410922252177,-0.6368370780009971,212.27818135418715,0.322929298135822,BALANCING
1.978,-1.5495094844060662,-0.6319467468746034,212.0111169587985,0.322439922642077,BALANCING
1.98,-1.550768105836887,-0.6270663978263961,211.74385366709976,0.32195045953702306,BALANCING
1.982,-1.5520169764783471,-0.6221960255453621,211.47639311290956,0.3214609110978787,BALANCING
1.984,-1.5532561162804592,-0.6173356246921973,211.2087369266508,0.3209712795963362,BALANCING
1.986,-1.5544855451825244,-0.6124851898994021,210.94088673535242,0.320481567298566,BALANCING
1.988,-1.5557052831130762,-0.6076447157713779,210.67284416265164,0.319991776465222,BALANCING
1.99,-1.556915349989825,-0.6028141968845225,210.40461082879563,0.319501909351446,BALANCING
1.992,-1.558115765719601,-0.5979936277873261,210.13618835064366,0.31901196820687266,BALANCING
1.994,-1.5593065501982997,-0.5931830030004666,209.86757834166914,0.3185219552756343,BALANCING
1.996,-1.5604877233108256,-0.5883823170169054,209.5987824119614,0.31803187279636586,BALANCING
1.998,-1.5616593049310372,-0.5835915643019821,209.32980216822796,0.31754172300220945,BALANCING
2.0,-1.5628213149216919,-0.5788107392935106,209.0606392137963,0.31705150812081956,BALANCING
2.0020000000000002,-1.5639737731343906,-0.574039836401873,208.79129514861603,0.3165612303743677,BALANCING
2.004,-1.5651166994095231,-0.5692788500101156,208.52177156926098,0.31607089197954735,BALANCING
2.0060000000000002,-1.5662501135762144,-0.564527774474043,208.25207006893106,0.31558049514757897,BALANCING
2.008,-1.567374035452269,-0.5597866041223127,207.98219223745446,0.3150900420842147,BALANCING
2.0100000000000002,-1.5684884848441172,-0.5550553332565307,207.71213966128963,0.31459953498974347,BALANCING
2.012,-1.5695934815467616,-0.5503339561513444,207.4419139235274,0.3141089760589958,BALANCING
2.0140000000000002,-1.5706890453437228,-0.5456224670545384,207.171516603893,0.3136183674813485,BALANCING
2.016,-1.5717751960069857,-0.5409208601871272,206.90094927874824,0.3131277114407304,BALANCING
2.0180000000000002,-1.5728519532969458,-0.5362291297434508,206.63021352109354,0.3126370101156264,BALANCING
2.02,-1.5739193369623574,-0.5315472698912673,206.35931090057,0.312146265679083,BALANCING
2.0220000000000002,-1.5749773667402784,-0.5268752747718478,206.0882429834616,0.31165548029871293,BALANCING
2.024,-1.5760260623560192,-0.5222131385000689,205.8170113326973,0.31116465613670036,BALANCING
2.0260000000000002,-1.5770654435230889,-0.5175608551645076,205.54561750785308,0.31067379534980594,BALANCING
2.028,-1.5780955299431434,-0.5129184188275335,205.2740630651542,0.3101829000893715,BALANCING
2.0300000000000002,-1.579116341305933,-0.5082858235254024,205.00234955747732,0.30969197250132546,BALANCING
2.032,-1.58012789728925,-0.5036630632683503,204.7304785343526,0.3092010147261876,BALANCING
2.0340000000000003,-1.581130217558877,-0.4990501320406855,204.45845154196593,0.30871002889907395,BALANCING
2.036,-1.5821233217685349,-0.4944470238008821,204.186270123161,0.30821901714970223,BALANCING
2.0380000000000003,-1.5831072295598316,-0.48985373248167213,203.91393581744163,0.3077279816023966,BALANCING
2.04,-1.5840819605622107,-0.4852702519901387,203.64145016097385,0.3072369243760929,BALANCING
2.0420000000000003,-1.5850475343928998,-0.4806965762078083,203.36881468658817,0.30674584758434364,BALANCING
2.044,-1.5860039706568598,-0.4761326989907441,203.0960309237817,0.3062547533353228,BALANCING
2.0460000000000003,-1.586951288946734,-0.4715786141696365,202.82310039872047,0.3057636437318316,BALANCING
2.048,-1.5878895088427982,-0.46703431554989655,202.55002463424157,0.30527252087130297,BALANCING
2.05,-1.5888186499129087,-0.46249979691174786,202.2768051498554,0.3047813868458069,BALANCING
2.052,-1.589738731712453,-0.4579750520103183,202.00344346174793,0.30429024374205554,BALANCING
2.054,-1.5906497737843,-0.4534600745757316,201.72994108278297,0.3037990936414083,BALANCING
2.056,-1.591551795658749,-0.4489548583131989,201.45629952250434,0.3033079386198771,BALANCING
2.058,-1.5924448168534815,-0.4444593969031113,201.18252028713823,0.30281678074813134,BALANCING
2.06,-1.5933288568735102,-0.43997368400112996,200.90860487959543,0.3023256220915031,BALANCING
2.062,-1.5942039352111301,-0.4354977132382777,200.6345547994736,0.3018344647099924,BALANCING
2.064,-1.5950700713458699,-0.43103147822103016,200.36037154305953,0.30134331065827236,BALANCING
2.066,-1.5959272847444421,-0.4265749725314073,200.0860566033316,0.30085216198569414,BALANCING
2.068,-1.5967755948606948,-0.42212818972706373,199.8116114699618,0.30036102073629245,BALANCING
2.07,-1.597615021135563,-0.4176911233413793,199.53703762931838,0.2998698889487907,BALANCING
2.072,-1.5984455829970199,-0.41326376688355015,199.26233656446783,0.2993787686566058,BALANCING
2.074,-1.5992672998600288,-0.4088461138386792,198.9875097551775,0.29888766188785404,BALANCING
2.076,-1.6000801911264948,-0.404438157667866,198.71255867791774,0.29839657066535585,BALANCING
2.078,-1.6008842761852173,-0.40003989180829747,198.43748480586433,0.2979054970066409,BALANCING
2.08,-1.6016795744118422,-0.3956513096733372,198.16228960890083,0.29741444292395397,BALANCING
2.082,-1.6024661051688136,-0.39127240465261687,197.8869745536209,0.29692341042425957,BALANCING
2.084,-1.6032438878053272,-0.38690317011212455,197.6115411033307,0.2964324015092475,BALANCING
2.086,-1.6040129416572833,-0.3825435993942948,197.33599071805125,0.29594141817533803,BALANCING
2.088,-1.6047732860472386,-0.37819368581809903,197.06032485452081,0.2954504624136872,BALANCING
2.09,-1.6055249402843612,-0.37385342267913396,196.7845449661974,0.2949595362101923,BALANCING
2.092,-1.606267923664382,-0.36952280324971126,196.50865250326086,0.29446864154549657,BALANCING
2.094,-1.6070022554695496,-0.3652018207789468,196.23264891261562,0.2939777803949952,BALANCING
2.096,-1.6077279549685835,-0.3608904684928499,195.95653563789293,0.2934869547288403,BALANCING
2.098,-1.6084450414166276,-0.356588739594412,195.6803141194533,0.29299616651194593,BALANCING
2.1,-1.6091535340552052,-0.3522966272636947,195.40398579438897,0.29250541770399424,BALANCING
2.102,-1.6098534521121726,-0.3480141246579202,195.12755209652627,0.29201471025943987,BALANCING
2.104,-1.6105448148016734,-0.3437412249115577,194.8510144564282,0.291524046127516,BALANCING
2.106,-1.6112276413240934,-0.33947792113641356,194.57437430139666,0.2910334272522392,BALANCING
2.108,-1.6119019508660153,-0.33522420642171885,194.29763305547516,0.2905428555724151,BALANCING
2.11,-1.6125677626001735,-0.3309800738342171,194.0207921394511,0.2900523330216436,BALANCING
2.112,-1.6132250956854095,-0.32674551641825245,193.74385297085826,0.28956186152832436,BALANCING
2.114,-1.6138739692666269,-0.3225205271958579,193.4668169639794,0.28907144301566207,BALANCING
2.116,-1.6145144024747466,-0.3183050991668432,193.18968552984865,0.2885810794016718,BALANCING
2.118,-1.615146414426664,-0.3140992253088817,192.912460076254,0.2880907725991846,BALANCING
2.12,-1.6157700242252024,-0.30990289857759795,192.63514200773986,0.2876005245158527,BALANCING
2.122,-1.616385250959071,-0.3057161119066558,192.35773272560948,0.287110337054155,BALANCING
2.124,-1.61699211370282,-0.30153885820784454,192.08023362792756,0.28662021211140254,BALANCING
2.126,-1.6175906315167972,-0.2973711303711673,191.80264610952267,0.28613015157974364,BALANCING
2.128,-1.6181808234471047,-0.2932129212649262,191.52497156198993,0.2856401573461699,BALANCING
2.13,-1.6187627085255558,-0.2890642237358104,191.24721137369335,0.2851502312925208,BALANCING
2.132,-1.6193363057696308,-0.28492503060898283,190.9693669297685,0.2846603752954902,BALANCING
2.134,-1.6199016341824357,-0.2807953346881662,190.69143961212512,0.28417059122663085,BALANCING
2.136,-1.6204587127526575,-0.2766751287557295,190.4134307994495,0.2836808809523603,BALANCING
2.138,-1.621007560454523,-0.27256440557277434,190.13534186720716,0.2831912463339665,BALANCING
2.14,-1.6215481962477565,-0.2684631578792211,189.8571741876454,0.2827016892276127,BALANCING
2.142,-1.6220806390775357,-0.2643713783938951,189.5789291297959,0.2822122114843437,BALANCING
2.144,-1.622604907874452,-0.2602890598146122,189.30060805947727,0.28172281495009077,BALANCING
2.146,-1.623121021554467,-0.25621619481826446,189.02221233929757,0.2812335014656772,BALANCING
2.148,-1.6236289990188708,-0.25215277606090636,188.74374332865705,0.2807442728668242,BALANCING
2.15,-1.6241288591542413,-0.2480987961778394,188.46520238375075,0.2802551309841559,BALANCING
2.152,-1.6246206208324023,-0.24405424778369816,188.18659085757096,0.2797660776432052,BALANCING
2.154,-1.6251043029103818,-0.24001912347253496,187.90791009991,0.2792771146644194,BALANCING
2.156,-1.6255799242303715,-0.23599341581790553,187.62916145736273,0.2787882438631652,BALANCING
2.158,-1.6260475036196858,-0.2319771173729536,187.3503462733292,0.27829946704973474,BALANCING
2.16,-1.626507059890721,-0.22797022067049527,187.0714658880174,0.27781078602935105,BALANCING
2.162,-1.6269586118409147,-0.22397271822310466,186.7925216384458,0.2773222026021734,BALANCING
2.164,-1.6274021782527055,-0.2199846025231974,186.51351485844594,0.2768337185633031,BALANCING
2.166,-1.6278377778934925,-0.21600586604311606,186.23444687866527,0.27634533570278885,BALANCING
2.168,-1.6282654295155958,-0.21203650123521356,185.9553190265696,0.2758570558056326,BALANCING
2.17,-1.6286851518562164,-0.20807650053193782,185.67613262644602,0.27536888065179466,BALANCING
2.172,-1.6290969636373958,-0.20412585634591537,185.39688899940535,0.2748808120162,BALANCING
2.174,-1.6295008835659768,-0.20018456107003607,185.11758946338486,0.274392851668743,BALANCING
2.176,-1.6298969303335653,-0.19625260707753522,184.83823533315115,0.2739050013742938,BALANCING
2.178,-1.6302851226164892,-0.19232998672207918,184.5588279203026,0.27341726289270324,BALANCING
2.18,-1.6306654790757606,-0.18841669233784727,184.27936853327222,0.2729296379788091,BALANCING
2.182,-1.631038018357037,-0.1845127162396155,183.9998584773303,0.27244212838244136,BALANCING
2.184,-1.631402759090581,-0.18061805072284032,183.72029905458714,0.2719547358484278,BALANCING
2.186,-1.6317597198912237,-0.1767326880637413,183.44069156399578,0.2714674621165997,BALANCING
2.188,-1.6321089193583258,-0.17285662051938364,183.16103730135475,0.2709803089217978,BALANCING
2.19,-1.6324503760757376,-0.16898984032776201,182.8813375593107,0.2704932779938772,BALANCING
2.192,-1.6327841086117643,-0.16513233970788183,182.60159362736124,0.27000637105771363,BALANCING
2.194,-1.633110135519125,-0.16128411085984304,182.32180679185768,0.26951958983320895,BALANCING
2.196,-1.6334284753349164,-0.1574451459649215,182.04197833600776,0.269032936035297,BALANCING
2.198,-1.6337391465805753,-0.15361543718565265,181.76210953987837,0.2685464113739486,BALANCING
2.2,-1.6340421677618406,-0.1497949766659115,181.4822016803984,0.268060017554178,BALANCING
2.202,-1.634337557368717,-0.14598375653099654,181.20225603136132,0.26757375627604824,BALANCING
2.204,-1.6346253338754366,-0.14218176888771109,180.92227386342827,0.2670876292346767,BALANCING
2.206,-1.6349055157404233,-0.13838900582444463,180.6422564441306,0.26660163812024096,BALANCING
2.208,-1.635178121406255,-0.1346054594112542,180.36220503787266,0.26611578461798446,BALANCING
2.21,-1.6354431692996283,-0.13083112169994685,180.08212090593472,0.2656300704082223,BALANCING
2.212,-1.6357006778313206,-0.1270659847241596,179.80200530647568,0.2651444971663467,BALANCING
2.214,-1.6359506653961546,-0.12331004049944191,179.52185949453593,0.264659066562833,BALANCING
2.216,-1.6361931503729625,-0.11956328102333595,179.24168472204008,0.2641737802632453,BALANCING
2.218,-1.6364281511245495,-0.11582569827545779,178.96148223779983,0.26368863992824176,BALANCING
2.22,-1.6366556859976584,-0.11209728421757813,178.68125328751677,0.2632036472135813,BALANCING
2.222,-1.6368757733229338,-0.10837803079370291,178.40099911378533,0.2627188037701282,BALANCING
2.224,-1.6370884314148868,-0.10466792993015353,178.1207209560954,0.26223411124385876,BALANCING
2.226,-1.6372936785718595,-0.1009669735356482,177.84042005083523,0.26174957127586646,BALANCING
2.228,-1.6374915330759898,-0.09727515350138094,177.56009763129452,0.26126518550236805,BALANCING
2.23,-1.6376820131931773,-0.09359246170110222,177.2797549276669,0.2607809555547091,BALANCING
2.232,-1.637865137173047,-0.08991888999119903,176.99939316705292,0.26029688305937,BALANCING
2.234,-1.6380409232489166,-0.08625443021077514,176.71901357346312,0.2598129696379713,BALANCING
2.236,-1.6382093896377596,-0.0825990741817294,176.4386173678206,0.25932921690728006,BALANCING
2.238,-1.6383705545401732,-0.07895281370883657,176.1582057679641,0.2588456264792153,BALANCING
2.24,-1.6385244361403433,-0.07531564057982665,175.8777799886507,0.25836219996085363,BALANCING
2.242,-1.6386710526060095,-0.07168754656546346,175.59734124155887,0.2578789389544354,BALANCING
2.244,-1.6388104220884332,-0.06806852341962437,175.31689073529125,0.2573958450573704,BALANCING
2.246,-1.6389425627223626,-0.064458562879379,175.03642967537758,0.25691291986224335,BALANCING
2.248,-1.639067492625999,-0.06085765666506857,174.75595926427766,0.25643016495682014,BALANCING
2.25,-1.6391852299009644,-0.05726579648038395,174.4754807013841,0.2559475819240534,BALANCING
2.2520000000000002,-1.6392957926322673,-0.05368297401244494,174.19499518302544,0.2554651723420885,BALANCING
2.254,-1.6393991988882708,-0.0501091809318786,173.91450390246885,0.25498293778426895,BALANCING
2.2560000000000002,-1.6394954667206585,-0.046544408892897085,173.63400804992318,0.25450087981914277,BALANCING
2.258,-1.6395846141644022,-0.042988649533376555,173.3535088125419,0.2540190000104679,BALANCING
2.2600000000000002,-1.6396666592377294,-0.03944189447493475,173.0730073744259,0.2535372999172183,BALANCING
2.262,-1.639741619942091,-0.035904135323008755,172.79250491662663,0.2530557810935898,BALANCING
2.2640000000000002,-1.6398095142621294,-0.03237536366693424,172.51200261714882,0.25257444508900556,BALANCING
2.266,-1.6398703601656444,-0.028855571080020917,172.23150165095362,0.2520932934481225,BALANCING
2.2680000000000002,-1.6399241756035636,-0.025344749119631773,171.95100318996143,0.25161232771083664,BALANCING
2.27,-1.63997097850991,-0.021842889327259706,171.6705084030548,0.2511315494122892,BALANCING
2.2720000000000002,-1.640010786801769,-0.018349983228604882,171.39001845608166,0.25065096008287263,BALANCING
2.274,-1.6400436183792588,-0.014866022333652074,171.109534511858,0.2501705612482361,BALANCING
2.2760000000000002,-1.6400694911254976,-0.011390998136747836,170.82905773017094,0.2496903544292917,BALANCING
2.278,-1.6400884229065733,-0.00792490211667667,170.54858926778178,0.24921034114222002,BALANCING
2.2800000000000002,-1.6401004315715115,-0.004467725736738334,170.26813027842886,0.24873052289847625,BALANCING
2.282,-1.6401055349522462,-0.0010194604448236155,169.98768191283062,0.24825090120479618,BALANCING
2.2840000000000003,-1.640103750863587,0.002419902326507815,169.70724531868862,0.24777147756320164,BALANCING
2.286,-1.64009509710319,0.005850371159952322,169.42682164069046,0.24729225347100697,BALANCING
2.2880000000000003,-1.6400795914515276,0.009271954653385416,169.1464120205128,0.24681323042082448,BALANCING
2.29,-1.6400572516718566,0.012684661419786178,168.86601759682446,0.24633440990057048,BALANCING
2.2920000000000003,-1.6400280955101898,0.01608850008716122,168.5856395052892,0.24585579339347127,BALANCING
2.294,-1.6399921406952649,0.01948347929846861,168.30527887856908,0.245377382378069,BALANCING
2.2960000000000003,-1.6399494049385153,0.0228696077115428,168.02493684632714,0.24489917832822758,BALANCING
2.298,-1.6398999059340396,0.026246893999018573,167.7446145352306,0.2444211827131386,BALANCING
2.3000000000000003,-1.6398436613585736,0.029615346848255893,167.4643130689539,0.2439433969973273,BALANCING
2.302,-1.6397806888714597,0.03297497496126469,167.18403356818175,0.24346582264065844,BALANCING
2.3040000000000003,-1.6397110061146172,0.036325787054630014,166.903777150612,0.24298846109834227,BALANCING
2.306,-1.639634630712515,0.03966779185943644,166.62354493095884,0.24251131382094043,BALANCING
2.308,-1.639551580272141,0.04300099812119382,166.34333802095583,0.24203438225437196,BALANCING
2.31,-1.6394618723829748,0.04632541459976223,166.0631575293589,0.24155766783991914,BALANCING
2.312,-1.6393655246169574,0.049641050069277756,165.78300456194947,0.2410811720142335,BALANCING
2.314,-1.6392625545284643,0.05294791331807792,165.50288022153748,0.24060489620934195,BALANCING
2.316,-1.639152979654276,0.056246013148627136,165.22278560796445,0.24012884185265243,BALANCING
2.318,-1.639036817513551,0.059535358377442824,164.94272181810652,0.23965301036695996,BALANCING
2.32,-1.6389140856077966,0.06281595783502153,164.66268994587762,0.23917740317045275,BALANCING
2.322,-1.6387848014208413,0.06608782036576497,164.38269108223247,0.23870202167671806,BALANCING
2.324,-1.6386489824188075,0.06935095482790576,164.10272631516966,0.23822686729474818,BALANCING
2.326,-1.6385066460500843,0.07260537009343451,163.8227967297348,0.2377519414289464,BALANCING
2.328,-1.6383578097452987,0.07585107504802606,163.54290340802356,0.237277245479133,BALANCING
2.33,-1.6382024909172894,0.07908807859096598,163.26304742918478,0.23680278084055123,BALANCING
2.332,-1.6380407069610792,0.08231638963507788,162.9832298694236,0.23632854890387336,BALANCING
2.334,-1.6378724752538483,0.08553601710664968,162.70345180200454,0.2358545510552066,BALANCING
2.336,-1.6376978131549071,0.088746969945361,162.42371429725458,0.23538078867609907,BALANCING
2.338,-1.6375167380056699,0.09194925710421074,162.14401842256632,0.2349072631435459,BALANCING
2.34,-1.6373292671296276,0.0951428875494433,161.8643652424011,0.2344339758299951,BALANCING
2.342,-1.6371354178323227,0.09832787026047755,161.58475581829208,0.2339609281033537,BALANCING
2.344,-1.6369352074013215,0.10150421422983319,161.30519120884745,0.23348812132699362,BALANCING
2.346,-1.6367286531061886,0.10467192846305894,161.0256724697534,0.23301555685975786,BALANCING
2.348,-1.6365157721984613,0.10783102197866068,160.7462006537775,0.23254323605596636,BALANCING
2.35,-1.6362965819116229,0.11098150380802917,160.46677681077153,0.232071160265422,BALANCING
2.352,-1.636071099461078,0.11412338299536814,160.18740198767495,0.23159933083341688,BALANCING
2.354,-1.635839342044126,0.11725666859762257,159.90807722851778,0.23112774910073794,BALANCING
2.356,-1.635601326839936,0.12038136968440735,159.6288035744239,0.23065641640367335,BALANCING
2.358,-1.6353570710095227,0.12349749533793555,159.34958206361415,0.23018533407401828,BALANCING
2.36,-1.6351065916957193,0.1266050546529474,159.07041373140953,0.22971450343908117,BALANCING
2.362,-1.6348499060231534,0.12970405673663876,158.79129961023432,0.2292439258216896,BALANCING
2.364,-1.6345870310982231,0.13279451070859022,158.5122407296192,0.22877360254019627,BALANCING
2.366,-1.6343179840090707,0.13587642570069638,158.23323811620463,0.22830353490848532,BALANCING
2.368,-1.6340427818255592,0.13894981085709485,157.95429279374375,0.2278337242359782,BALANCING
2.37,-1.6337614415992476,0.1420146753340955,157.67540578310573,0.2273641718276396,BALANCING
2.372,-1.6334739803633662,0.14507102830011026,157.39657810227888,0.2268948789839837,BALANCING
2.374,-1.6331804151327936,0.14811887893558248,157.1178107663739,0.22642584700108015,BALANCING
2.376,-1.6328807629040314,0.1511582364329167,156.83910478762706,0.22595707717056013,BALANCING
2.378,-1.6325750406551813,0.15418910999640886,156.5604611754033,0.2254885707796224,BALANCING
2.38,-1.632263265345921,0.15721150884217602,156.2818809361995,0.2250203291110394,BALANCING
2.382,-1.6319454539174805,0.16022544219808657,156.00336507364776,0.2245523534431633,BALANCING
2.384,-1.6316216232926188,0.16323091930369069,155.7249145885184,0.22408464504993206,BALANCING
2.386,-1.6312917903756012,0.16622794941015018,155.4465304787234,0.2236172052008754,BALANCING
2.388,-1.630955972052175,0.16921654178017012,155.16821373931938,0.22315003516112122,BALANCING
2.39,-1.6306141851895473,0.17219670568792833,154.8899653625111,0.22268313619140123,BALANCING
2.392,-1.6302664466363619,0.17516845041900714,154.61178633765437,0.22221650954805722,BALANCING
2.394,-1.6299127732226768,0.1781317852703241,154.33367765125945,0.22175015648304727,BALANCING
2.396,-1.6295531817599411,0.18108671955006284,154.0556402869943,0.22128407824395177,BALANCING
2.398,-1.629187689040973,0.18403326257760425,153.77767522568772,0.22081827607397925,BALANCING
2.4,-1.6288163118399375,0.18697142368345837,153.49978344533258,0.2203527512119729,BALANCING
2.402,-1.6284390669123237,0.18990121220919529,153.2219659210892,0.21988750489241632,BALANCING
2.404,-1.628055970994923,0.19282263750737752,152.94422362528832,0.21942253834543973,BALANCING
2.406,-1.6276670408058078,0.1957357089414909,152.66655752743466,0.21895785279682617,BALANCING
2.408,-1.6272722930443086,0.19864043588587676,152.38896859420993,0.21849344946801744,BALANCING
2.41,-1.6268717443909935,0.20153682772566436,152.11145778947622,0.21802932957612017,BALANCING
2.412,-1.6264654115076458,0.204424893856703,151.8340260742791,0.21756549433391226,BALANCING
2.414,-1.6260533110372433,0.20730464368549367,151.55667440685113,0.21710194494984847,BALANCING
2.416,-1.625635459603936,0.21017608662912216,151.2794037426148,0.21663868262806701,BALANCING
2.418,-1.6252118738130268,0.21303923211519138,151.00221503418607,0.2161757085683954,BALANCING
2.42,-1.624782570250949,0.21589408958175405,150.7251092313775,0.21571302396635655,BALANCING
2.422,-1.6243475654852457,0.21874066847724552,150.44808728120154,0.21525063001317507,BALANCING
2.424,-1.6239068760645499,0.22157897826041684,150.17115012787383,0.21478852789578315,BALANCING
2.426,-1.6234605185185633,0.22440902840026758,149.89429871281638,0.21432671879682683,BALANCING
2.428,-1.6230085093580355,0.22723082837597972,149.61753397466103,0.21386520389467215,BALANCING
2.43,-1.6225508650747449,0.23004438767685018,149.34085684925256,0.21340398436341118,BALANCING
2.432,-1.6220876021414772,0.232849715802225,149.0642682696521,0.21294306137286825,BALANCING
2.434,-1.6216187370120065,0.23564682226143216,148.7877691661403,0.21248243608860581,BALANCING
2.436,-1.621144286121075,0.23843571657371654,148.51136046622074,0.21202210967193097,BALANCING
2.438,-1.6206642658843726,0.24121640826817262,148.23504309462317,0.21156208327990123,BALANCING
2.44,-1.6201786926985182,0.2439889068836795,147.95881797330674,0.211102358065331,BALANCING
2.442,-1.61968758294104,0.24675322196883417,147.68268602146344,0.21064293517679736,BALANCING
2.444,-1.6191909529703554,0.24950936308188654,147.40664815552137,0.21018381575864645,BALANCING
2.446,-1.6186888191257531,0.2522573397906734,147.1307052891479,0.20972500095099952,BALANCING
2.448,-1.6181811977273728,0.25499716167255304,146.8548583332532,0.2092664918897591,BALANCING
2.45,-1.6176681050761863,0.25772883831434035,146.5791081959934,0.20880828970661502,BALANCING
2.452,-1.6171495574539794,0.2604523793122413,146.30345578277397,0.20835039552905085,BALANCING
2.454,-1.6166255711233333,0.26316779427178766,146.02790199625298,0.20789281048034966,BALANCING
2.456,-1.6160961623276044,0.2658750928077724,145.75244773634452,0.20743553567960038,BALANCING
2.458,-1.615561347290908,0.2685742845441852,145.47709390022194,0.206978572241704,BALANCING
2.46,-1.6150211422180982,0.27126537911414716,145.20184138232125,0.20652192127737956,BALANCING
2.462,-1.6144755632947512,0.2739483861598469,144.92669107434435,0.20606558389317045,BALANCING
2.464,-1.6139246266871459,0.2766233153324758,144.65164386526243,0.20560956119145055,BALANCING
2.466,-1.613368348542246,0.27929017629216357,144.37670064131933,0.20515385427043017,BALANCING
2.468,-1.6128067449876846,0.28194897870791474,144.10186228603482,0.20469846422416246,BALANCING
2.47,-1.6122398321317426,0.28459973225754415,143.82712968020797,0.20424339214254952,BALANCING
2.472,-1.6116676260633345,0.2872424466276132,143.55250370192056,0.20378863911134842,BALANCING
2.474,-1.6110901428519893,0.28987713151336625,143.2779852265402,0.20333420621217746,BALANCING
2.476,-1.6105073985478333,0.29250379661866727,143.003575126724,0.20288009452252237,BALANCING
2.478,-1.6099194091815738,0.29512245165593576,142.7292742724217,0.20242630511574242,BALANCING
2.48,-1.6093261907644811,0.29773310634608374,142.45508353087905,0.20197283906107663,BALANCING
2.482,-1.6087277592883718,0.3003357704184527,142.18100376664125,0.2015196974236497,BALANCING
2.484,-1.6081241307255927,0.3029304536107505,141.90703584155625,0.2010668812644786,BALANCING
2.486,-1.607515321029003,0.3055171656689882,141.63318061477813,0.20061439164047848,BALANCING
2.488,-1.6069013461319586,0.3080959163474171,141.35943894277048,0.20016222960446875,BALANCING
2.49,-1.6062822219482957,0.3106667154084666,141.0858116793097,0.19971039620517936,BALANCING
2.492,-1.605657964372314,0.31322957262268164,140.81229967548845,0.19925889248725712,BALANCING
2.494,-1.6050285892787606,0.31578449776865974,140.538903779719,0.19880771949127163,BALANCING
2.496,-1.6043941125228147,0.318331500632989,140.26562483773654,0.19835687825372156,BALANCING
2.498,-1.6037545499400707,0.3208705910101861,139.9924636926027,0.19790636980704082,BALANCING
2.5,-1.6031099173465229,0.3234017787026342,139.7194211847088,0.19745619517960472,BALANCING
2.5020000000000002,-1.6024602305385502,0.3259250735205209,139.44649815177925,0.19700635539573616,BALANCING
2.504,-1.6018055052928997,0.3284404852817768,139.17369542887502,0.1965568514757119,BALANCING
2.5060000000000002,-1.6011457573666716,0.33094802381201327,138.90101384839696,0.19610768443576845,BALANCING
2.508,-1.6004810024973044,0.33344769894446163,138.6284542400891,0.1956588552881086,BALANCING
2.5100000000000002,-1.5998112564025593,0.3359395205199115,138.3560174310423,0.19521036504090733,BALANCING
2.512,-1.599136534780505,0.33842349838664953,138.08370424569736,0.19476221469831823,BALANCING
2.5140000000000002,-1.5984568533095034,0.34089964240039816,137.81151550584858,0.19431440526047944,BALANCING
2.516,-1.5977722276481938,0.3433679624242549,137.5394520306471,0.1938669377235199,BALANCING
2.5180000000000002,-1.5970826734354793,0.34582846832863134,137.2675146366044,0.19341981307956568,BALANCING
2.52,-1.5963882062905113,0.34828116999119274,136.99570413759554,0.19297303231674606,BALANCING
2.5220000000000002,-1.595688841812676,0.3507260772967967,136.72402134486265,0.19252659641919959,BALANCING
2.524,-1.5949845955815787,0.3531632001374337,136.45246706701835,0.19208050636708057,BALANCING
2.5260000000000002,-1.5942754831570316,0.35559254841216587,136.18104211004916,0.19163476313656494,BALANCING
2.528,-1.5935615200790376,0.358014132027067,135.90974727731893,0.1911893676998566,BALANCING
2.5300000000000002,-1.592842721867778,0.36042796089516316,135.63858336957213,0.19074432102519354,BALANCING
2.532,-1.5921191040235976,0.362834044936372,135.3675511849374,0.19029962407685425,BALANCING
2.5340000000000003,-1.5913906820269914,0.36523239407744296,135.09665151893097,0.1898552778151635,BALANCING
2.536,-1.5906574713385913,0.3676230182518979,134.82588516445995,0.18941128319649886,BALANCING
2.5380000000000003,-1.5899194873991516,0.37000592739997185,134.5552529118259,0.18896764117329684,BALANCING
2.54,-1.5891767456295371,0.3723811314685524,134.28475554872816,0.18852435269405887,BALANCING
2.5420000000000003,-1.588429261430709,0.374748640411122,134.01439386026732,0.18808141870335784,BALANCING
2.544,-1.5876770501837112,0.37710846418769733,133.74416862894861,0.18763884014184393,BALANCING
2.5460000000000003,-1.5869201272496585,0.37946061276477117,133.47408063468544,0.187196617946251,BALANCING
2.548,-1.586158507969723,0.38180509611525315,133.2041306548026,0.1867547530494028,BALANCING
2.5500000000000003,-1.5853922076651217,0.38414192421841126,132.93431946404,0.18631324638021898,BALANCING
2.552,-1.5846212416371033,0.3864711070598127,132.6646478345558,0.18587209886372158,BALANCING
2.5540000000000003,-1.5838456251669364,0.3887926546312657,132.39511653593013,0.18543131142104083,BALANCING
2.556,-1.5830653735158964,0.39110657693076123,132.12572633516828,0.1849908849694218,BALANCING
2.5580000000000003,-1.5822805019252537,0.3934128839624143,131.8564779967043,0.18455082042223014,BALANCING
2.56,-1.581491025616261,0.39571158573640597,131.58737228240446,0.18411111868895855,BALANCING
2.562,-1.5806969597901421,0.398002692268926,131.31840995157052,0.1836717806752329,BALANCING
2.564,-1.5798983196280787,0.40028621358211375,131.04959176094337,0.18323280728281846,BALANCING
2.566,-1.5790951202911994,0.4025621597040017,130.78091846470633,0.18279419940962596,BALANCING
2.568,-1.5782873769205683,0.4048305406684568,130.51239081448878,0.18235595794971798,BALANCING
2.57,-1.5774751046371724,0.4070913665151236,130.2440095593694,0.18191808379331506,BALANCING
2.572,-1.576658318541911,0.4093446472893662,129.97577544587978,0.18148057782680166,BALANCING
2.574,-1.5758370337155836,0.41159039304221207,129.70768921800774,0.18104344093273286,BALANCING
2.576,-1.5750112652188792,0.4138286138302937,129.43975161720098,0.18060667398984,BALANCING
2.578,-1.5741810280923647,0.41605931971579263,129.1719633823704,0.1801702778730373,BALANCING
2.58,-1.5733463373564747,0.41828252076638206,128.9043252498935,0.17973425345342775,BALANCING
2.582,-1.572507208011499,0.42049822705517026,128.636837953618,0.17929860159830957,BALANCING
2.584,-1.5716636550375738,0.4227064486606437,128.36950222486527,0.17886332317118211,BALANCING
2.586,-1.570815693394669,0.42490719566661117,128.10231879243366,0.17842841903175236,BALANCING
2.588,-1.5699633380225795,0.42710047816214675,127.83528838260214,0.17799389003594085,BALANCING
2.59,-1.569106603840913,0.42928630624153385,127.56841171913366,0.17755973703588804,BALANCING
2.592,-1.5682455057490812,0.43146469000420923,127.3016895232787,0.17712596087996033,BALANCING
2.594,-1.5673800586262883,0.433635639554707,127.0351225137786,0.17669256241275658,BALANCING
2.596,-1.5665102773315214,0.43579916500260246,126.76871140686922,0.1762595424751138,BALANCING
2.598,-1.565636176703541,0.4379552764624568,126.50245691628427,0.17582690190411385,BALANCING
2.6,-1.5647577715608694,0.4401039840537612,126.23635975325887,0.17539464153308934,BALANCING
2.602,-1.5638750767017835,0.44224529790088135,125.97042062653294,0.17496276219162976,BALANCING
2.604,-1.5629881069043028,0.4443792281330025,125.70464024235481,0.17453126470558794,BALANCING
2.606,-1.5620968769261805,0.44650578488407383,125.43901930448456,0.17410014989708605,BALANCING
2.608,-1.561201401504895,0.4486249782927532,125.17355851419761,0.1736694185845218,BALANCING
2.61,-1.5603016953576392,0.4507368185023528,124.90825857028811,0.17323907158257462,BALANCING
2.612,-1.5593977731813116,0.452841315660784,124.64312016907253,0.17280910970221203,BALANCING
2.614,-1.558489649652508,0.45493847992050207,124.37814400439302,0.17237953375069553,BALANCING
2.616,-1.5575773394275112,0.45702832143845246,124.11333076762105,0.17195034453158697,BALANCING
2.618,-1.5566608571422835,0.45911085037601596,123.84868114766071,0.17152154284475474,BALANCING
2.62,-1.5557402174124562,0.46118607689895447,123.58419583095237,0.17109312948637984,BALANCING
2.622,-1.5548154348333225,0.4632540111773566,123.31987550147609,0.17066510524896228,BALANCING
2.624,-1.5538865239798278,0.46531466338558364,123.05572084075513,0.170237470921327,BALANCING
2.626,-1.5529534994065621,0.4673680437022155,122.79173252785941,0.16981022728863018,BALANCING
2.628,-1.5520163756477505,0.4694141623099973,122.52791123940905,0.16938337513236557,BALANCING
2.63,-1.5510751672172458,0.4714530293957848,122.26425764957784,0.16895691523037037,BALANCING
2.632,-1.5501298886085204,0.47348465515049176,122.00077243009677,0.16853084835683163,BALANCING
2.634,-1.5491805542946577,0.47550904976903585,121.73745625025745,0.1681051752822923,BALANCING
2.636,-1.5482271787283446,0.47752622345028556,121.47430977691572,0.16767989677365755,BALANCING
2.638,-1.5472697763418632,0.4795361863970071,121.21133367449502,0.1672550135942009,BALANCING
2.64,-1.5463083615470836,0.48153894881581066,120.94852860499003,0.16683052650357022,BALANCING
2.642,-1.5453429487354557,0.48353452091709825,120.68589522797005,0.16640643625779428,BALANCING
2.644,-1.544373552278002,0.48552291291501054,120.4234342005826,0.16598274360928858,BALANCING
2.646,-1.5434001865253104,0.4875041350273738,120.16114617755686,0.16555944930686162,BALANCING
2.648,-1.5424228658075265,0.4894781974756477,119.89903181120718,0.16513655409572117,BALANCING
2.65,-1.5414416044343464,0.4914451104848729,119.63709175143661,0.16471405871748035,BALANCING
2.652,-1.54045641669501,0.4934048842836181,119.37532664574043,0.16429196391016393,BALANCING
2.654,-1.5394673168582933,0.4953575291039286,119.1137371392096,0.16387027040821422,BALANCING
2.656,-1.5384743191725023,0.4973030551812738,118.85232387453432,0.16344897894249766,BALANCING
2.658,-1.5374774378654659,0.4992414727544949,118.59108749200747,0.16302809024031056,BALANCING
2.66,-1.5364766871445286,0.5011727920657535,118.33002862952823,0.16260760502538557,BALANCING
2.662,-1.5354720811965448,0.5030970233604799,118.06914792260547,0.16218752401789768,BALANCING
2.664,-1.5344636341878723,0.5050141768873211,117.80844600436139,0.16176784793447055,BALANCING
2.666,-1.5334513602643653,0.5069242628980896,117.5479235055349,0.1613485774881825,BALANCING
2.668,-1.5324352735513684,0.5088272916477117,117.28758105448524,0.16092971338857268,BALANCING
2.67,-1.5314153881537103,0.510723273394177,117.02741927719546,0.1605112563416475,BALANCING
2.672,-1.5303917181556983,0.5126122183984864,116.76743879727596,0.1600932070498865,BALANCING
2.674,-1.5293642776211114,0.5144941369246011,116.5076402359679,0.15967556621224852,BALANCING
2.676,-1.5283330805931954,0.516369039239393,116.24802421214686,0.15925833452417806,BALANCING
2.678,-1.5272981410946564,0.5182369356125923,115.98859134232629,0.15884151267761135,BALANCING
2.68,-1.526259473127656,0.5200978363167377,115.72934224066103,0.15842510136098234,BALANCING
2.682,-1.5252170906738043,0.5219517516271256,115.47027751895085,0.15800910125922915,BALANCING
2.684,-1.5241710076941557,0.5237986918217603,115.21139778664394,0.1575935130538,BALANCING
2.686,-1.5231212381292036,0.5256386671813029,114.95270365084046,0.15717833742265944,BALANCING
2.688,-1.522067795898874,0.5274716879890218,114.69419571629605,0.15676357504029448,BALANCING
2.69,-1.5210106949025213,0.5292977645307421,114.43587458542534,0.15634922657772085,BALANCING
2.692,-1.5199499490189232,0.5311169070947962,114.17774085830555,0.15593529270248896,BALANCING
2.694,-1.518885572106275,0.5329291259719737,113.91979513267987,0.1555217740786902,BALANCING
2.696,-1.5178175780021859,0.5347344314554721,113.66203800396113,0.15510867136696305,BALANCING
2.698,-1.516745980523673,0.5365328338408466,113.40447006523523,0.15469598522449915,BALANCING
2.7,-1.5156707934671572,0.538324343425961,113.14709190726474,0.15428371630504956,BALANCING
2.702,-1.5145920306084595,0.5401089705109392,112.88990411849232,0.15387186525893073,BALANCING
2.704,-1.5135097057027946,0.5418867253981146,112.63290728504438,0.153460432733031,BALANCING
2.706,-1.5124238324847685,0.5436576183919817,112.37610199073453,0.15304941937081623,BALANCING
2.708,-1.5113344246683729,0.5454216597991474,112.11948881706708,0.15263882581233632,BALANCING
2.71,-1.5102414959469816,0.5471788599282817,111.86306834324064,0.15222865269423125,BALANCING
2.712,-1.5091450599933465,0.5489292290900698,111.60684114615165,0.15181890064973713,BALANCING
2.714,-1.508045130459593,0.550672777597162,111.3508078003978,0.15140957030869243,BALANCING
2.716,-1.506941720977217,0.5524095157641272,111.09496887828173,0.15100066229754408,BALANCING
2.718,-1.5058348451570802,0.5541394539074029,110.83932494981438,0.15059217723935353,BALANCING
2.72,-1.5047245165894079,0.5558626023452476,110.58387658271867,0.15018411575380305,BALANCING
2.722,-1.503610748843783,0.5575789713976932,110.32862434243297,0.14977647845720163,BALANCING
2.724,-1.5024935554691454,0.5592885713864959,110.07356879211463,0.1493692659624913,BALANCING
2.726,-1.501372949993786,0.5609914126350896,109.81871049264349,0.1489624788792532,BALANCING
2.728,-1.500248945925345,0.5626875054685369,109.56405000262546,0.14855611781371356,BALANCING
2.73,-1.499121556750808,0.5643768602134824,109.30958787839607,0.14815018336874997,BALANCING
2.732,-1.4979907959365033,0.5660594871981052,109.05532467402391,0.14774467614389758,BALANCING
2.734,-1.4968566769280987,0.5677353967520703,108.80126094131421,0.14733959673535488,BALANCING
2.736,-1.4957192131505983,0.5694045992064831,108.54739722981247,0.14693494573599025,BALANCING
2.738,-1.4945784180083403,0.5710671048938408,108.29373408680785,0.14653072373534767,BALANCING
2.74,-1.4934343048849936,0.5727229241479862,108.04027205733674,0.14612693131965312,BALANCING
2.742,-1.4922868871435555,0.5743720673040602,107.78701168418638,0.14572356907182057,BALANCING
2.744,-1.4911361781263495,0.5760145446984556,107.5339535078983,0.145320637571458,BALANCING
2.746,-1.4899821911550217,0.5776503666687701,107.28109806677189,0.14491813739487364,BALANCING
2.748,-1.4888249395305402,0.5792795435537598,107.02844589686794,0.1445160691150821,BALANCING
2.75,-1.487664436533191,0.5809020856932922,106.77599753201218,0.1441144333018103,BALANCING
2.7520000000000002,-1.486500695422577,0.5825180034283012,106.52375350379879,0.1437132305215037,BALANCING
2.754,-1.4853337294376159,0.5841273071007392,106.27171434159398,0.14331246133733233,BALANCING
2.7560000000000002,-1.4841635517965373,0.5857300070535328,106.01988057253948,0.142912126309197,BALANCING
2.758,-1.482990175696882,0.5873261136305353,105.7682527215561,0.1425122259937352,BALANCING
2.7600000000000002,-1.481813614315499,0.5889156371764815,105.51683131134725,0.14211276094432732,BALANCING
2.762,-1.4806338808085446,0.5904985880369421,105.26561686240252,0.14171373171110277,BALANCING
2.7640000000000002,-1.4794509883114813,0.5920749765582778,105.01460989300118,0.14131513884094588,BALANCING
2.766,-1.478264949939074,0.593644813087594,104.76381091921573,0.1409169828775023,BALANCING
2.7680000000000002,-1.4770757787853923,0.5952081079726952,104.5132204549154,0.14051926436118473,BALANCING
2.77,-1.4758834879238045,0.5967648715620394,104.26283901176974,0.14012198382917918,BALANCING
2.7720000000000002,-1.4746880904069806,0.5983151142046941,104.01266709925216,0.13972514181545106,BALANCING
2.774,-1.4734895992668886,0.5998588462502901,103.76270522464338,0.13932873885075125,BALANCING
2.7760000000000002,-1.472288027514794,0.601396078048977,103.51295389303512,0.13893277546262203,BALANCING
2.778,-1.4710833881412597,0.6029268199513785,103.26341360733346,0.13853725217540339,BALANCING
2.7800000000000002,-1.4698756941161437,0.6044510823085477,103.0140848682625,0.13814216951023883,BALANCING
2.782,-1.4686649583885991,0.6059688754719219,102.76496817436787,0.13774752798508166,BALANCING
2.7840000000000003,-1.4674511938870731,0.6074802097932794,102.51606402202027,0.13735332811470097,BALANCING
2.786,-1.4662344135193073,0.6089850956246939,102.26737290541897,0.13695957041068757,BALANCING
2.7880000000000003,-1.465014630172335,0.6104835433184911,102.01889531659536,0.1365662553814604,BALANCING
2.79,-1.4637918567124835,0.6119755632272037,101.77063174541655,0.136173383532272,BALANCING
2.7920000000000003,-1.4625661059853712,0.6134611657035284,101.52258267958882,0.1357809553652152,BALANCING
2.794,-1.4613373908159093,0.6149403611002818,101.27474860466121,0.1353889713792288,BALANCING
2.7960000000000003,-1.4601057240083004,0.6164131597703559,101.02713000402902,0.13499743207010362,BALANCING
2.798,-1.458871118346039,0.6178795720666755,100.7797273589374,0.1346063379304887,BALANCING
2.8000000000000003,-1.4576335865919106,0.6193396083421536,100.53254114848478,0.13421568944989729,BALANCING
2.802,-1.4563931414879934,0.6207932789496489,100.28557184962659,0.13382548711471276,BALANCING
2.8040000000000003,-1.4551497957556565,0.6222405942419217,100.03881993717859,0.1334357314081949,BALANCING
2.806,-1.453903562095562,0.6236815645715914,99.79228588382055,0.13304642281048565,BALANCING
2.8080000000000003,-1.4526544531876637,0.625116200291093,99.54597016009973,0.13265756179861543,BALANCING
2.81,-1.451402481691209,0.6265445117526345,99.29987323443437,0.13226914884650892,BALANCING
2.8120000000000003,-1.4501476602447378,0.6279665093081531,99.05399557311736,0.13188118442499125,BALANCING
2.814,-1.448890001466085,0.6293822033092739,98.80833764031964,0.13149366900179393,BALANCING
2.816,-1.4476295179523795,0.630791604107266,98.56289989809375,0.13110660304156088,BALANCING
2.818,-1.4463662222800453,0.632194722053001,98.3176828063775,0.13071998700585466,BALANCING
2.82,-1.4451001270048034,0.6335915674969096,98.07268682299731,0.1303338213531621,BALANCING
2.822,-1.4438312446616717,0.63498215078894,97.82791240367187,0.1299481065389006,BALANCING
2.824,-1.4425595877649657,0.6363664822785161,97.58336000201565,0.12956284301542415,BALANCING
2.826,-1.4412851688083013,0.6377445723144938,97.33903006954242,0.12917803123202912,BALANCING
2.828,-1.4400080002645939,0.639116431245121,97.09492305566876,0.1287936716349605,BALANCING
2.83,-1.4387280945860608,0.6404820694179947,96.85103940771762,0.12840976466741777,BALANCING
2.832,-1.4374454642042223,0.6418414971800194,96.60737957092189,0.12802631076956095,BALANCING
2.834,-1.4361601215299038,0.6431947248773656,96.36394398842783,0.12764331037851656,BALANCING
2.836,-1.4348720789532363,0.6445417628554284,96.12073310129874,0.12726076392838365,BALANCING
2.838,-1.4335813488436582,0.645882621458786,95.87774734851831,0.12687867185023985,BALANCING
2.84,-1.4322879435499174,0.6472173110311583,95.63498716699435,0.12649703457214723,BALANCING
2.842,-1.430991875400073,0.6485458419153657,95.39245299156215,0.12611585251915833,BALANCING
2.844,-1.4296931567014968,0.6498682244532888,95.1501452549881,0.1257351261133222,BALANCING
2.846,-1.4283917997408755,0.6511844689858265,94.90806438797323,0.12535485577369032,BALANCING
2.848,-1.4270878167842127,0.6524945858528558,94.66621081915663,0.1249750419163227,BALANCING
2.85,-1.4257812200768305,0.6537985853931902,94.42458497511916,0.1245956849542936,BALANCING
2.852,-1.4244720218433726,0.6550964779445407,94.1831872803868,0.12421678529769785,BALANCING
2.854,-1.4231602342878058,0.6563882738434738,93.94201815743425,0.12383834335365645,BALANCING
2.856,-1.4218458695934226,0.6576739834253718,93.70107802668848,0.12346035952632285,BALANCING
2.858,-1.4205289399228438,0.6589536170243921,93.46036730653222,0.12308283421688869,BALANCING
2.86,-1.4192094574180207,0.6602271849734284,93.21988641330748,0.12270576782358994,BALANCING
2.862,-1.4178874342002372,0.6614946976040682,92.97963576131913,0.12232916074171271,BALANCING
2.864,-1.4165628823701142,0.6627561652465553,92.73961576283833,0.1219530133635993,BALANCING
2.866,-1.4152358140076098,0.6640115982297485,92.49982682810614,0.12157732607865404,BALANCING
2.868,-1.413906241172024,0.6652610068810827,92.26026936533698,0.12120209927334938,BALANCING
2.87,-1.4125741759020016,0.6665044015265287,92.02094378072225,0.1208273333312318,BALANCING
2.872,-1.4112396302155341,0.6677417924905539,91.78185047843367,0.12045302863292764,BALANCING
2.874,-1.4099026161099633,0.6689731900960831,91.54298986062702,0.12007918555614921,BALANCING
2.876,-1.4085631455619843,0.6701986046644591,91.30436232744547,0.11970580447570052,BALANCING
2.878,-1.407221230527649,0.6714180465154034,91.06596827702323,0.11933288576348342,BALANCING
2.88,-1.4058768829423693,0.6726315259669773,90.82780810548901,0.1189604297885034,BALANCING
2.882,-1.4045301147209204,0.6738390533355431,90.58988220696955,0.11858843691687557,BALANCING
2.884,-1.4031809377574436,0.6750406389357249,90.35219097359308,0.11821690751183055,BALANCING
2.886,-1.4018293639254509,0.6762362930803701,90.11473479549299,0.11784584193372045,BALANCING
2.888,-1.4004754050778283,0.677426026080511,89.87751406081118,0.11747524054002469,BALANCING
2.89,-1.399119073046839,0.6786098482453254,89.64052915570163,0.11710510368535593,BALANCING
2.892,-1.3977603796441276,0.6797877698820998,89.40378046433398,0.11673543172146617,BALANCING
2.894,-1.3963993366607237,0.6809598012961893,89.16726836889693,0.11636622499725231,BALANCING
2.896,-1.3950359558670458,0.6821259527909805,88.93099324960184,0.11599748385876238,BALANCING
2.898,-1.3936702490129054,0.6832862346678538,88.69495548468625,0.1156292086492013,BALANCING
2.9,-1.3923022278275112,0.6844406572261438,88.45915545041727,0.11526139970893672,BALANCING
2.902,-1.3909319040194728,0.6855892307631032,88.22359352109524,0.11489405737550501,BALANCING
2.904,-1.3895592892768052,0.686731965573864,87.98827006905714,0.11452718198361711,BALANCING
2.906,-1.3881843952669333,0.6878688719514003,87.75318546468014,0.11416077386516446,BALANCING
2.908,-1.3868072336366954,0.6889999601864909,87.5183400763851,0.11379483334922473,BALANCING
2.91,-1.3854278160123492,0.6901252405676811,87.28373427064007,0.11342936076206797,BALANCING
2.912,-1.3840461539995743,0.6912447233812462,87.04936841196381,0.11306435642716228,BALANCING
2.914,-1.3826622591834783,0.692358418911154,86.81524286292925,0.11269982066517964,BALANCING
2.916,-1.3812761431286011,0.6934663374390277,86.58135798416707,0.11233575379400199,BALANCING
2.918,-1.3798878173789195,0.694568489244109,86.34771413436916,0.11197215612872696,BALANCING
2.92,-1.3784972934578517,0.6956648846032206,86.11431167029208,0.11160902798167376,BALANCING
2.922,-1.3771045828682624,0.6967555337907304,85.88115094676064,0.11124636966238896,BALANCING
2.924,-1.3757096970924687,0.6978404470785143,85.64823231667135,0.11088418147765247,BALANCING
2.926,-1.3743126475922431,0.6989196347359194,85.41555613099595,0.11052246373148332,BALANCING
2.928,-1.3729134458088206,0.6999931070297282,85.18312273878489,0.11016121672514563,BALANCING
2.93,-1.371512103162903,0.7010608742241214,84.95093248717077,0.10980044075715416,BALANCING
2.932,-1.3701086310546635,0.7021229465806426,84.71898572137198,0.10944013612328052,BALANCING
2.934,-1.3687030408637535,0.7031793343581613,84.48728278469605,0.10908030311655874,BALANCING
2.936,-1.367295343949307,0.7042300478128372,84.25582401854322,0.10872094202729123,BALANCING
2.938,-1.3658855516499455,0.7052750971980846,84.02460976240991,0.10836205314305454,BALANCING
2.94,-1.3644736752837852,0.706314492764536,83.79364035389223,0.10800363674870528,BALANCING
2.942,-1.3630597261484414,0.7073482447600067,83.56291612868945,0.10764569312638585,BALANCING
2.944,-1.3616437155210346,0.708376363429459,83.33243742060749,0.10728822255553026,BALANCING
2.946,-1.3602256546581954,0.7093988590149671,83.10220456156242,0.10693122531287008,BALANCING
2.948,-1.3588055547960718,0.7104157417556812,82.87221788158394,0.10657470167244004,BALANCING
2.95,-1.357383427150334,0.7114270218877924,82.64247770881886,0.10621865190558402,BALANCING
2.952,-1.3559592829161808,0.7124327096444975,82.41298436953461,0.10586307628096078,BALANCING
2.954,-1.3545331332683452,0.7134328152559639,82.18373818812272,0.10550797506454974,BALANCING
2.956,-1.3531049893611011,0.7144273489492948,81.95473948710226,0.10515334851965681,BALANCING
2.958,-1.351674862328269,0.715416320948494,81.72598858712335,0.10479919690692024,BALANCING
2.96,-1.3502427632832223,0.7163997414744312,81.4974858069707,0.10444552048431623,BALANCING
2.962,-1.3488087033188942,0.7173776207448076,81.26923146356695,0.10409231950716492,BALANCING
2.964,-1.347372693507783,0.7183499689741208,81.04122587197628,0.10373959422813601,BALANCING
2.966,-1.345934744901959,0.7193167963736312,80.81346934540781,0.10338734489725473,BALANCING
2.968,-1.344494868533072,0.7202781131513263,80.58596219521915,0.10303557176190739,BALANCING
2.97,-1.3430530754123562,0.7212339295118877,80.35870473091977,0.10268427506684727,BALANCING
2.972,-1.341609376530638,0.7221842556566567,80.13169726017455,0.10233345505420043,BALANCING
2.974,-1.3401637828583428,0.7231291017835997,79.90494008880725,0.10198311196347135,BALANCING
2.976,-1.3387163053455005,0.7240684780872746,79.67843352080396,0.10163324603154882,BALANCING
2.978,-1.3372669549217537,0.7250023947587969,79.45217785831653,0.10128385749271154,BALANCING
2.98,-1.3358157424963644,0.7259308619858059,79.22617340166612,0.10093494657863404,BALANCING
2.982,-1.3343626789582204,0.7268538899524317,79.0004204493466,0.10058651351839233,BALANCING
2.984,-1.3329077751758427,0.7277714888392605,78.77491929802805,0.10023855853846957,BALANCING
2.986,-1.331451041997393,0.7286836688233018,78.54967024256025,0.09989108186276205,BALANCING
2.988,-1.3299924902506803,0.7295904400779556,78.32467357597604,0.09954408371258464,BALANCING
2.99,-1.3285321307431681,0.730491812772978,78.0999295894949,0.09919756430667677,BALANCING
2.992,-1.3270699742619823,0.7313877970744488,77.87543857252636,0.09885152386120791,BALANCING
2.994,-1.3256060315739187,0.7322784031447388,77.65120081267342,0.09850596258978354,BALANCING
2.996,-1.324140313425449,0.7331636411424759,77.42721659573608,0.09816088070345068,BALANCING
2.998,-1.3226728305427304,0.734043521222513,77.20348620571474,0.09781627841070374,BALANCING
3.0,-1.3212035936316118,0.7349180535358953,76.9800099248137,0.09747215591749009,BALANCING
3.0020000000000002,-1.3197326133776415,0.735787248229827,76.75678803344454,0.09712851342721592,BALANCING
3.004,-1.3182599004460758,0.7366511154476397,76.53382081022968,0.09678535114075178,BALANCING
3.0060000000000002,-1.3167854654818856,0.7375096653287594,76.31110853200573,0.09644266925643843,BALANCING
3.008,-1.3153093191097658,0.7383629080086742,76.08865147382699,0.0961004679700925,BALANCING
3.0100000000000002,-1.313831471934141,0.7392108536189025,75.86644990896886,0.09575874747501208,BALANCING
3.012,-1.3123519345391759,0.74005351228696,75.64450410893139,0.0954175079619825,BALANCING
3.0140000000000002,-1.3108707174887817,0.740890894136329,75.42281434344255,0.095076749619282,BALANCING
3.016,-1.3093878313266247,0.7417230092864253,75.20138088046183,0.0947364726326874,BALANCING
3.0180000000000002,-1.3079032865761344,0.742549867852567,74.9802039861836,0.09439667718547974,BALANCING
3.02,-1.306417093740512,0.7433714799459427,74.75928392504058,0.09405736345845,BALANCING
3.0220000000000002,-1.3049292633027383,0.7441878556735796,74.53862095970725,0.09371853162990476,BALANCING
3.024,-1.3034398057255825,0.7449990051383126,74.3182153511033,0.09338018187567183,BALANCING
3.0260000000000002,-1.30194873145161,0.745804938438752,74.09806735839715,0.09304231436910594,BALANCING
3.028,-1.300456050903192,0.7466056656692531,73.87817723900916,0.09270492928109429,BALANCING
3.0300000000000002,-1.2989617744825122,0.7474011969198844,73.65854524861535,0.09236802678006242,BALANCING
3.032,-1.2974659125715775,0.7481915422763967,73.4391716411506,0.0920316070319796,BALANCING
3.0340000000000003,-1.295968475532225,0.748976711820192,73.22005666881218,0.09169567020036465,BALANCING
3.036,-1.2944694737061322,0.7497567156282928,73.00120058206318,0.0913602164462915,BALANCING
3.0380000000000003,-1.292968917414824,0.750531563773311,72.7826036296359,0.09102524592839481,BALANCING
3.04,-1.2914668169596837,0.7513012663234172,72.56426605853534,0.09069075880287565,BALANCING
3.0420000000000003,-1.2899631826219595,0.7520658333423104,72.3461881140425,0.09035675522350707,BALANCING
3.044,-1.2884580246627764,0.7528252748891869,72.12837003971795,0.09002323534163978,BALANCING
3.0460000000000003,-1.2869513533231418,0.7535796010187109,71.91081207740513,0.08969019930620765,BALANCING
3.048,-1.2854431788239575,0.7543288217809828,71.69351446723383,0.08935764726373345,BALANCING
3.0500000000000003,-1.283933511366028,0.7550729472215103,71.47647744762357,0.08902557935833441,BALANCING
3.052,-1.2824223611300682,0.755811987381177,71.25970125528706,0.08869399573172779,BALANCING
3.0540000000000003,-1.2809097382767156,0.7565459522962136,71.04318612523359,0.08836289652323646,BALANCING
3.056,-1.279395652946537,0.7572748519981671,70.8269322907724,0.08803228186979459,BALANCING
3.0580000000000003,-1.2778801152600388,0.7579986965138715,70.61093998351619,0.08770215190595311,BALANCING
3.06,-1.2763631353176772,0.7587174958654178,70.39520943338438,0.08737250676388543,BALANCING
3.0620000000000003,-1.2748447231998667,0.7594312600701241,70.17974086860669,0.08704334657339288,BALANCING
3.064,-1.2733248889669904,0.7601399991405067,69.96453451572638,0.0867146714619104,BALANCING
3.0660000000000003,-1.2718036426594086,0.76084372308425,69.74959059960378,0.086386481554512,BALANCING
3.068,-1.2702809942974702,0.7615424419041779,69.53490934341959,0.08605877697391648,BALANCING
3.0700000000000003,-1.2687569538815207,0.7622361655982237,69.32049096867836,0.08573155784049277,BALANCING
3.072,-1.267231531391913,0.7629249041594017,69.10633569521184,0.08540482427226574,BALANCING
3.074,-1.2657047367890168,0.7636086675757775,68.8924437411824,0.08507857638492151,BALANCING
3.076,-1.2641765800132299,0.7642874658304396,68.67881532308643,0.08475281429181322,BALANCING
3.078,-1.2626470709849853,0.7649613089014698,68.46545065575764,0.08442753810396635,BALANCING
3.08,-1.2611162196047645,0.7656302067619156,68.2523499523706,0.08410274793008445,BALANCING
3.082,-1.2595840357531054,0.7662941693797604,68.03951342444401,0.08377844387655456,BALANCING
3.084,-1.2580505292906132,0.7669532067178954,67.82694128184417,0.0834546260474528,BALANCING
3.086,-1.2565157100579711,0.7676073287340911,67.61463373278826,0.08313129454454982,BALANCING
3.088,-1.2549795878759493,0.768256545380969,67.40259098384786,0.0828084494673164,BALANCING
3.09,-1.2534421725454166,0.7689008666059732,67.19081323995218,0.08248609091292895,BALANCING
3.092,-1.25190347384735,0.7695403023513421,66.97930070439158,0.08216421897627496,BALANCING
3.094,-1.250363501542846,0.7701748625540803,66.76805357882084,0.08184283374995856,BALANCING
3.096,-1.2488222653731298,0.7708045571459311,66.55707206326258,0.081521935324306,BALANCING
3.098,-1.2472797750595672,0.7714293960533478,66.34635635611068,0.08120152378737118,BALANCING
3.1,-1.2457360403036744,0.7720493891974667,66.13590665413352,0.08088159922494112,BALANCING
3.102,-1.2441910707871282,0.7726645464940786,65.9257231524775,0.0805621617205414,BALANCING
3.104,-1.2426448761717785,0.7732748778536015,65.71580604467033,0.08024321135544175,BALANCING
3.106,-1.2410974660996572,0.7738803931810535,65.50615552262437,0.07992474820866143,BALANCING
3.108,-1.23954885019299,0.7744811023760246,65.29677177664006,0.07960677235697468,BALANCING
3.11,-1.2379990380542074,0.7750770153326498,65.08765499540922,0.07928928387491635,BALANCING
3.112,-1.236448039265955,0.7756681419395821,64.87880536601847,0.0789722828347872,BALANCING
3.114,-1.2348958633911045,0.7762544920799644,64.67022307395256,0.0786557693066594,BALANCING
3.116,-1.2333425199727657,0.7768360756314038,64.46190830309769,0.07833974335838206,BALANCING
3.118,-1.2317880185342966,0.7774129024659435,64.25386123574492,0.0780242050555866,BALANCING
3.12,-1.230232368579315,0.7779849824500362,64.04608205259352,0.07770915446169219,BALANCING
3.122,-1.22867557959171,0.7785523254445178,63.83857093275426,0.0773945916379112,BALANCING
3.124,-1.227117661035652,0.7791149413045801,63.631328053752824,0.07708051664325474,BALANCING
3.126,-1.2255586223556059,0.7796728398797446,63.42435359153312,0.07676692953453791,BALANCING
3.128,-1.2239984729763413,0.7802260310138355,63.217647720460626,0.07645383036638533,BALANCING
3.13,-1.2224372223029438,0.7807745245449542,63.01121061332576,0.07614121919123656,BALANCING
3.132,-1.220874879720827,0.7813183303054524,62.80504244134719,0.07582909605935158,BALANCING
3.134,-1.2193114545957435,0.7818574581219053,62.59914337417516,0.07551746101881597,BALANCING
3.136,-1.2177469562737977,0.7823919178150868,62.39351357989489,0.07520631411554661,BALANCING
3.138,-1.2161813940814554,0.7829217191999421,62.188153225029836,0.07489565539329682,BALANCING
3.14,-1.2146147773255573,0.783446872085563,61.98306247454505,0.074585484893662,BALANCING
3.142,-1.2130471152933302,0.7839673862751609,61.77824149185053,0.07427580265608476,BALANCING
3.144,-1.2114784172523982,0.7844832715660421,61.57369043880451,0.0739666087178606,BALANCING
3.146,-1.2099086924507954,0.7849945377495813,61.36940947571683,0.073657903114143,BALANCING
3.148,-1.208337950116977,0.7855011946111962,61.16539876135219,0.07334968587794898,BALANCING
3.15,-1.2067661994598322,0.7860032519303223,60.96165845293358,0.0730419570401645,BALANCING
3.152,-1.2051934496686951,0.7865007194803872,60.75818870614546,0.0727347166295496,BALANCING
3.154,-1.2036197099133576,0.786993607028786,60.554989675137215,0.07242796467274405,BALANCING
3.156,-1.2020449893440812,0.7874819243368546,60.35206151252637,0.07212170119427253,BALANCING
3.158,-1.2004692970916087,0.7879656811598461,60.149404369401935,0.07181592621654997,BALANCING
3.16,-1.1988926422671773,0.7884448872469051,59.947018395327746,0.071510639759887,BALANCING
3.162,-1.19731503396253,0.7889195523410427,59.74490373834572,0.07120584184249526,BALANCING
3.164,-1.1957364812499287,0.7893896861791118,59.54306054497919,0.07090153248049265,BALANCING
3.166,-1.194156993182166,0.789855298491782,59.34148896023623,0.07059771168790878,BALANCING
3.168,-1.192576578792577,0.790316399003516,59.14018912761289,0.07029437947669025,BALANCING
3.17,-1.1909952470950536,0.7907729974325435,58.939161189096595,0.06999153585670599,BALANCING
3.172,-1.1894130070840545,0.7912251034908374,58.738405285169335,0.0696891808357525,BALANCING
3.174,-1.1878298677346206,0.7916727268840901,58.537921554811035,0.06938731441955923,BALANCING
3.176,-1.1862458380023848,0.792115877311688,58.33771013550282,0.06908593661179392,BALANCING
3.178,-1.1846609268235866,0.7925545644666878,58.13777116323029,0.0687850474140678,BALANCING
3.18,-1.1830751431150837,0.7929887980357927,57.93810477248686,0.06848464682594098,BALANCING
3.182,-1.1814884957743657,0.7934185876993279,57.738711096276994,0.06818473484492772,BALANCING
3.184,-1.1799009936795655,0.7938439431312166,57.53959026611951,0.06788531146650169,BALANCING
3.186,-1.1783126456894737,0.7942648739989565,57.34074241205088,0.06758637668410125,BALANCING
3.188,-1.1767234606435504,0.7946813899635955,57.14216766262847,0.06728793048913474,BALANCING
3.19,-1.1751334473619386,0.7950935006797087,56.94386614493382,0.06698997287098576,BALANCING
3.192,-1.1735426146454768,0.7955012157953745,56.745837984575985,0.06669250381701848,BALANCING
3.194,-1.1719509712757123,0.7959045449521506,56.54808330569472,0.06639552331258275,BALANCING
3.196,-1.1703585260149143,0.796303497785051,56.350602230963794,0.06609903134101953,BALANCING
