t,theta_deg,rate_dps,wheel_rpm,duty,phase
0.0,16.0,0.0,0.0,-1,SPINUP
0.002,16.0,0.0,-6.436476596174447,-1,SPINUP
0.004,16.0,0.0,-12.801832631651454,-1,SPINUP
0.006,16.0,0.0,-19.096853960939825,-1,SPINUP
0.008,16.0,0.0,-25.32231775516197,-1,SPINUP
0.01,16.0,0.0,-31.47899259800195,-1,SPINUP
0.012,16.0,0.0,-37.56763858059332,-1,SPINUP
0.014,16.0,0.0,-43.5890073953585,-1,SPINUP
0.016,16.0,0.0,-49.543842428811296,-1,SPINUP
0.018000000000000002,16.0,0.0,-55.43287885333392,-1,SPINUP
0.02,16.0,0.0,-61.256843717939944,-1,SPINUP
0.022,16.0,0.0,-67.0164560380344,-1,SPINUP
0.024,16.0,0.0,-72.71242688418201,-1,SPINUP
0.026000000000000002,16.0,0.0,-78.34545946989454,-1,SPINUP
0.028,16.0,0.0,-83.91624923844823,-1,SPINUP
0.03,16.0,0.0,-89.42548394874186,-1,SPINUP
0.032,16.0,0.0,-94.87384376020609,-1,SPINUP
0.034,16.0,0.0,-100.26200131677466,0.0,KICK
0.036000000000000004,16.0,0.0,-99.92835103845167,1,KICK
0.038,15.996380833038861,-3.608922155542848,-92.38770506494282,1,KICK
0.04,15.985604773953636,-7.157148590776488,-84.93038029390299,1,KICK
0.042,15.967791682713013,-10.646207154776642,-77.55545605848143,1,KICK
0.044,15.943058385146378,-14.077604226159663,-70.26202186483769,1,KICK
0.046,15.91151871535819,-17.452825237753448,-63.04917727973384,1,KICK
0.048,15.873283557104104,-20.77333519024061,-55.91603181936867,1,KICK
0.05,15.828460884150614,-24.04057915502676,-48.861704839440314,1,KICK
0.052000000000000005,15.777155799639532,-27.25598276659059,-41.88532542642361,1,KICK
0.054,15.719470574478054,-30.420952704575004,-34.986032290048804,1,KICK
0.056,15.655504684774705,-33.536877165879844,-28.16297365696834,1,KICK
0.058,15.58535484834086,-36.60512632701748,-21.415307165598545,1,KICK
0.06,15.509115060277079,-39.62705279699177,-14.742199762123327,1,KICK
0.062,15.426876627662962,-42.603992060959825,-8.142827597646955,1,KICK
0.064,15.33872820336865,-45.53726291493383,-1.6163759264832758,1,KICK
0.066,15.244755819005709,-48.42816789177763,4.83796099443121,1,KICK
0.068,15.145042917034475,-51.277993678749525,11.220980005012818,1,KICK
0.07,15.039670382044594,-54.08801152683865,17.533469140407,1,KICK
0.07200000000000001,14.928716571224879,-56.85947765213864,23.776207728277623,1,KICK
0.074,14.812257344038176,-59.593633629496864,29.949966485021257,1,KICK
0.076,14.690366091116482,-62.291706778673216,36.05550761091833,1,KICK
0.078,14.563113762391012,-64.9549105432364,42.093584884232904,1,KICK
0.08,14.430568894471595,-67.58444486242068,48.06494375427264,1,KICK
0.082,14.292797637289164,-70.18149653615963,53.970321433420565,1,KICK
0.084,14.149863780014869,-72.74723958350746,59.810446988149856,1,KICK
0.08600000000000001,14.001828776268765,-75.28283559465261,65.586041429033,1,KICK
0.088,13.848751768630718,-77.78943407672101,71.29781779975634,1,KICK
0.09,13.690689612465764,-80.26817279356077,76.94648126515108,1,KICK
0.092,13.527696899075755,-82.7201780996926,82.53272919825149,1,KICK
0.094,13.359825978188784,-85.14656526860385,88.05725126639139,1,KICK
0.096,13.187126979797554,-87.54843881555695,93.520729516349,1,KICK
0.098,13.009647835357464,-89.92689281507634,98.92383845855112,1,KICK
0.1,12.827434298354907,-92.28301121327051,104.26724515034701,1,KICK
0.10200000000000001,12.640529964255983,-94.61786813513916,109.55160927836184,1,KICK
0.10400000000000001,12.44897628984547,-96.93252818700793,114.7775832399404,1,KICK
0.106,12.252812611965705,-99.2280467542264,119.94581222369075,1,KICK
0.108,12.052076165664683,-101.50547029425735,125.05693428913808,1,KICK
0.11,11.846802101762492,-103.76583662527857,130.1115804454982,1,KICK
0.112,11.637023503844938,-106.01017521041086,135.11037472958066,1,KICK
0.114,11.422771404692988,-108.23950743767868,140.05393428283128,1,KICK
0.116,11.204074802156489,-110.45484689580258,144.94286942752316,1,KICK
0.11800000000000001,10.980960674480395,-112.65719964591524,149.77778374210578,1,KICK
0.12,10.75345399509154,-114.84756448928553,154.55927413572186,1,KICK
0.122,10.521577746853932,-117.02693323112724,159.28793092190037,1,KICK
0.124,10.28535293580025,-119.19629094056246,163.96433789143563,1,KICK
0.126,10.044798604347225,-121.35661620680092,168.58907238446093,1,KICK
0.128,9.7999318440024,-123.50888139159022,173.1627053617258,1,KICK
0.13,9.550767807569676,-125.65405287798318,177.68580147508587,1,KICK
0.132,9.297319720860969,-127.79309131546145,182.1589191372135,1,KICK
0.134,9.039598893921253,-129.9269518614468,186.58261059053845,1,KICK
0.136,8.777614731774145,-132.0565844192228,190.95742197542657,1,KICK
0.138,8.511374744695248,-134.18293387228263,195.28389339760537,1,KICK
0.14,8.240884558020356,-136.30694031511024,199.56255899484418,1,KICK
0.14200000000000002,7.966147921495664,-138.42953928039336,203.79394700289805,1,KICK
0.14400000000000002,7.687166718177125,-140.55166196265927,207.9785798207225,1,KICK
0.146,7.403940972886131,-142.67423543831572,212.11697407496803,1,KICK
0.148,7.116468860228726,-144.79818288206965,216.20964068376173,1,KICK
0.15,6.8247467121856324,-146.92442377968905,220.25708491978423,1,KICK
0.152,6.528769025280448,-149.05387413706302,224.25980647264984,1,KICK
0.154,6.2285284673334695,-151.18744668550673,228.2182995105971,1,KICK
0.156,5.924015883808709,-153.32605108324776,232.1330527414979,1,KICK
0.158,5.61522030376182,-155.47059411302158,236.00454947319238,1,KICK
0.16,5.302128945396791,-157.62197987569252,239.83326767315725,1,KICK
0.162,4.984727221239447,-159.78110997980858,243.61968002751462,0.0,BALANCING
0.164,4.666369652554392,-158.5833604903321,242.8089663675177,-1,BALANCING
0.166,4.356518891929363,-151.2862733816249,233.68954521737913,-1,BALANCING
0.168,4.061149940712344,-144.10111672101266,224.67089012080152,-1,BALANCING
0.17,3.780041532902127,-137.02530120568377,215.75188765212073,-1,BALANCING
0.17200000000000001,3.512977547660263,-130.05627091942657,206.93143668859287,-1,BALANCING
0.17400000000000002,3.2597469428872627,-123.1915029774871,198.2084482744516,-1,BALANCING
0.176,3.0201436895422797,-116.42850713884143,189.58184548646793,-1,BALANCING
0.178,2.7939667067678244,-109.76482538947697,181.0505633009953,-1,BALANCING
0.18,2.5810197978741107,-103.198031500008,172.61354846248383,-1,BALANCING
0.182,2.3811115872312554,-96.72573056069866,164.2697593534474,-1,BALANCING
0.184,2.194055458111642,-90.34555849673197,156.0181658658677,-1,BALANCING
0.186,2.0196694915192994,-84.05518156634265,147.85774927401894,-1,BALANCING
0.188,1.8577764060381248,-77.85229584422741,139.78750210869802,-1,BALANCING
0.19,1.7082034987261425,-71.73462669245406,131.8064280328444,-1,BALANCING
0.192,1.5707825870787273,-65.69992822091397,123.91354171853403,-1,BALANCING
0.194,1.445349952079801,-59.74598273919574,116.10786872533302,-1,BALANCING
0.196,1.331746282356412,-53.87060020160451,108.38844537999482,-1,BALANCING
0.198,1.229816619448801,-48.07161764690878,100.75431865748715,-0.9617397821729204,BALANCING
0.2,1.1392280292532435,-42.52884043378547,93.45080705994184,-0.8391104540527982,BALANCING
0.202,1.059070250547926,-37.63939994854657,87.01729722277621,-0.7309316433550004,BALANCING
0.20400000000000001,0.9881138101095007,-33.326261799781946,81.35116554803427,-0.6354995631630829,BALANCING
0.20600000000000002,0.9252742009516767,-29.521474591304482,76.36188877317915,-0.5513113168137707,BALANCING
0.20800000000000002,0.8695947895801271,-26.165098980887404,71.96961724168433,-0.47704121176492237,BALANCING
0.21,0.8202317385935282,-23.204263004050794,68.10391639366406,-0.41151986606208835,BALANCING
0.212,0.7764407070176708,-20.592328777746033,64.70265664328127,-0.35371577819532546,BALANCING
0.214,0.7375651187718747,-18.28815745308569,61.7110341477633,-0.3027190699352259,BALANCING
0.216,0.7030258143776363,-16.255460833957144,59.080707035394205,-0.2577271459656875,BALANCING
0.218,0.6723119228174842,-14.462229443729187,56.76903347928952,-0.21803204432773415,BALANCING
0.22,0.644972809680517,-12.88022802675897,54.73839960873151,-0.1830092783278367,BALANCING
0.222,0.6206109746928511,-11.484550533964791,52.955626665618524,-0.15210799406430628,BALANCING
0.224,0.5988757866933333,-10.253227579060004,51.3914480624557,-0.12484228845596328,BALANCING
0.226,0.5794579573130574,-9.166880178893498,50.02004809995668,-0.10078355094455638,BALANCING
0.228,0.5620846662593818,-8.208414320726984,48.81865507408935,-0.07955370817412118,BALANCING
0.23,0.5465152613747002,-7.362751542682941,47.767182359593534,-0.06081926518058731,BALANCING
0.232,0.5325374656989714,-6.616591281151145,46.84791181312971,-0.044286049177537756,BALANCING
0.234,0.5199640317557218,-5.958201239585987,46.045214506199706,-0.029694573096789953,BALANCING
0.23600000000000002,0.5086297903297968,-5.377232474747267,45.34530438632235,-0.016815945809825254,BALANCING
0.23800000000000002,0.49838904722264155,-4.864556285991484,44.736020983921286,-0.0054482645719029135,BALANCING
0.24,0.4891132869553086,-4.412120336846453,44.20663774016624,0.0,BALANCING
0.242,0.4804581957288746,-4.2432104898042295,44.05952760081116,0.008131124589019977,BALANCING
0.244,0.47235272464019923,-3.8630229124420055,43.62502276610839,0.016566256517322846,BALANCING
0.246,0.4649629138365829,-3.5274545359322436,43.24961156992054,0.024014039476951302,BALANCING
0.248,0.45820479725167035,-3.231244351675055,42.926286002017775,0.03059083357620549,BALANCING
0.25,0.4520043091751244,-2.9697516766263274,42.648864437068916,0.03639927903998191,BALANCING
0.252,0.44629611690146587,-2.7388830108283613,42.411894195701564,0.04152991391841392,BALANCING
0.254,0.4410225910210766,-2.5350275191479796,42.210565594568465,0.04606260105197803,BALANCING
0.256,0.43613289712401543,-2.355000120345966,42.040636130754564,0.050067786783538154,BALANCING
0.258,0.431582194600894,-2.195991286500665,41.89836360558758,0.05360761125596964,BALANCING
0.26,0.42733092991302113,-2.0555227615704417,41.780447133809034,0.05673688779484677,BALANCING
0.262,0.42334421319296656,-1.9314085011713769,41.68397510834475,0.059503966812326954,BALANCING
0.264,0.4195912683500684,-1.821720217938337,41.606379300541505,0.06195149784829861,BALANCING
0.266,0.4160449480139319,-1.7247569894263783,41.545394372438246,0.0641171017593984,BALANCING
0.268,0.41268130567088235,-1.6390184495394033,41.49902216293977,0.06603396365033759,BALANCING
0.27,0.4094792182497603,-1.5631811409532241,41.46550018500289,0.0677313558927927,BALANCING
0.272,0.40642005320858443,-1.4960776558208708,41.443273837315346,0.06923509947521918,BALANCING
0.274,0.4034873748749928,-1.4366782359943544,41.430971892492074,0.07056797095497663,BALANCING
0.276,0.400666685412053,-1.3840745427617687,41.42738487545518,0.07175006142678529,BALANCING
0.278,0.3979451963267701,-1.337465340292556,41.43144599121649,0.0727990931652604,BALANCING
0.28,0.3953116269200061,-1.2961438671459382,41.442214301462954,0.07373069893216554,BALANCING
0.28200000000000003,0.3927560265011527,-1.2594866968032439,41.45885988478879,0.07455866835058275,BALANCING
0.28400000000000003,0.3902696175654581,-1.2269439116535552,41.48065074668291,0.07529516522913338,BALANCING
0.28600000000000003,0.38784465746230334,-1.1980304355635782,41.50694127295814,0.07595091926152527,BALANCING
0.28800000000000003,0.3854743163741634,-1.172318388423234,41.53716204463513,0.076535395122828,BALANCING
0.29,0.3831525696830608,-1.1494303421659438,41.57081085375221,0.07705694162762476,BALANCING
0.292,0.38087410302808505,-1.1290333719708494,41.607444778499804,0.07752292330094204,BALANCING
0.294,0.378634228557575,-1.1108338088871559,41.64667319277491,0.07793983643566527,BALANCING
0.296,0.37642881105600307,-1.0945726111760052,41.688151599978,0.07831341146563577,BALANCING
0.298,0.3742542027812356,-1.0800212814169654,41.73157619386616,0.07864870326794637,BALANCING
0.3,0.37210718598513065,-1.066978265028092,41.77667906073532,0.07895017081770182,BALANCING
0.302,0.3699849222115305,-1.0552657734361381,41.823223947312414,0.07922174745069416,BALANCING
0.304,0.36788490757252845,-1.044726981826467,41.87100252765485,0.07946690284141242,BALANCING
0.306,0.36580493329811054,-1.0352235573060038,41.91983111021927,0.07968869767323095,BALANCING
0.308,0.3637430509373899,-1.0266334785202682,41.969547733199256,0.07988983186244064,BALANCING
0.31,0.3616975416629652,-1.018849112359162,42.02000960235129,0.08007268709618884,BALANCING
0.312,0.3596668891946032,-1.0117755174382053,42.07109083092627,0.08023936435477434,BALANCING
0.314,0.35764975591549214,-1.0053289476161469,42.122680446085184,0.08039171700969193,BALANCING
0.316,0.3556449618046297,-0.9994355319626839,42.17468063037793,0.08053138001908883,BALANCING
0.318,0.3536514658532955,-0.9940301103710714,42.227005170569,0.0806597956807875,BALANCING
0.32,0.35166834967271027,-0.9890552064635502,42.27957808936178,0.08077823634877146,BALANCING
0.322,0.3496948030345183,-0.9844601216014086,42.332332438455786,0.08088782447117168,BALANCING
0.324,0.34773011111619484,-0.9802001357202412,42.38520923391439,0.0809895502655759,BALANCING
0.326,0.3457736432503506,-0.976235802394658,42.43815651706276,0.08108428731024311,BALANCING
0.328,0.343824843000609,-0.9725323270218541,42.491128526115276,0.08117280629695912,BALANCING
0.33,0.3418832194076402,-0.9690590183235072,42.544084965475825,0.0812557871622938,BALANCING
0.332,0.3399483392673784,-0.9657888045210403,42.596990361194784,0.08133382978846246,BALANCING
0.334,0.33801982031971833,-0.9626978065586244,42.649813492423725,0.08140746344244935,BALANCING
0.336,0.3360973252403362,-0.9597649616474212,42.70252688990695,0.08147715510216452,BALANCING
0.338,0.3341805563409384,-0.9569716911976983,42.75510639360578,0.08154331680086403,BALANCING
0.34,0.33226925089440795,-0.9543016079050431,42.807530762482926,0.08160631210558973,BALANCING
0.342,0.3303631770111663,-0.95174025737402,42.85978133029708,0.08166646183173665,BALANCING
0.34400000000000003,0.32846213000175745,-0.9492748902069638,42.911841701982404,0.08172404908381575,BALANCING
0.34600000000000003,0.3265659291683235,-0.9468942609657685,42.96369748582771,0.08177932370186061,BALANCING
0.34800000000000003,0.32467441497440114,-0.9445884508380781,43.015336057234144,0.08183250618355821,BALANCING
0.35000000000000003,0.32278744654843117,-0.9423487112128942,43.06674635032797,0.08188379114392144,BALANCING
0.352,0.32090489948163364,-0.9401673257001754,43.117918674144,0.0819333503670316,BALANCING
0.354,0.31902666388553874,-0.9380374884196963,43.16884455048269,0.08198133549794982,BALANCING
0.356,0.31715264267855886,-0.9359531966408615,43.21951657088517,0.08202788041722525,BALANCING
0.358,0.31528275007459433,-0.9339091560813524,43.26992827047217,0.08207310333542485,BALANCING
0.36,0.31341691024985197,-0.9319006973720061,43.32007401665836,0.08211710864069689,BALANCING
0.362,0.31155505616686296,-0.9299237023713165,43.3699489109882,0.08215998852848856,BALANCING
0.364,0.3096971285371647,-0.9279745391681902,43.41954870254598,0.08220182443910286,BALANCING
0.366,0.30784307490629675,-0.9260500047485234,43.46886971157556,0.08224268832575342,BALANCING
0.368,0.30599284884668904,-0.9241472744219628,43.517908762105854,0.08228264377310264,BALANCING
0.37,0.3041464092457208,-0.922263857211755,43.56666312252021,0.08232174698391277,BALANCING
0.372,0.30230371967772784,-0.9203975565045777,43.61513045313305,0.08236004764936092,BALANCING
0.374,0.3004647478500611,-0.9185464353401498,43.6633087599475,0.08239758971673476,BALANCING
0.376,0.29862946511446414,-0.9167087857935424,43.71119635386526,0.08243441206660942,BALANCING
0.378,0.2967978460360681,-0.9148831019676227,43.75879181470583,0.0824705491101778,BALANCING
0.38,0.2949698680132106,-0.9130680561699588,43.80609395946799,0.08250603131614974,BALANCING
0.382,0.29314551094208546,-0.9112624778987071,43.85310181433334,0.08254088567552419,BALANCING
0.384,0.29132475692093807,-0.9094653353062738,43.899814589970774,0.08257513611155985,BALANCING
0.386,0.2895075899891425,-0.907675718848598,43.94623165975242,0.08260880384140602,BALANCING
0.388,0.28769399589704864,-0.905892826862349,43.992352540538135,0.08264190769509316,BALANCING
0.39,0.28588396190297016,-0.9041159528427175,44.038176875725306,0.0826744643969113,BALANCING
0.392,0.28407747659411364,-0.9023444742212844,44.08370442029716,0.08270648881361053,BALANCING
0.394,0.2822745297286264,-0.9005778424670925,44.128935027633744,0.08273799417333633,BALANCING
0.396,0.2804751120962715,-0.8988155743549024,44.17386863787785,0.08276899225874965,BALANCING
0.398,0.27867921539553586,-0.8970572442630119,44.218505267672505,0.08279949357737623,BALANCING
0.4,0.2768868321252313,-0.8953024773792385,44.262845001108246,0.08282950751186956,BALANCING
0.402,0.27509795548888133,-0.8935509437079895,44.3068879817377,0.08285904245255622,BALANCING
0.404,0.273312579310386,-0.8918023527839586,44.35063440553142,0.08288810591435267,BALANCING
0.406,0.27153069795963397,-0.890056449009134,44.39408451466416,0.08291670463989578,BALANCING
0.40800000000000003,0.26975230628689034,-0.8883130075396214,44.437238592033545,0.08294484469051347,BALANCING
0.41000000000000003,0.2679773995649241,-0.8865718306574528,44.480096956424894,0.08297253152646836,BALANCING
0.41200000000000003,0.2662059734379637,-0.8848327445702009,44.522659958245924,0.08299977007773986,BALANCING
0.41400000000000003,0.26443802387667503,-0.8830955965879492,44.56492797576418,0.08302656480646002,BALANCING
0.41600000000000004,0.26267354713845203,-0.881360252633131,44.60690141178791,0.08305291976198748,BALANCING
0.418,0.2609125397323931,-0.8796265950439841,44.648580690738086,0.0830788386294871,BALANCING
0.42,0.25915499838841133,-0.8778945206370028,44.68996625606548,0.08310432477278169,BALANCING
0.422,0.25740092002999077,-0.8761639389978485,44.73105856797205,0.08312938127215061,BALANCING
0.424,0.25565030175015885,-0.8744347709737823,44.771858101400866,0.08315401095767135,BALANCING
0.426,0.2539031407902958,-0.8727069473438558,44.812365344262794,0.08317821643862965,BALANCING
0.428,0.2521594345214468,-0.8709804076459037,44.85258079587206,0.08320200012946152,BALANCING
0.43,0.2504191804278411,-0.8692550991418464,44.89250496556615,0.08322536427263633,BALANCING
0.432,0.24868237609235871,-0.8675309759049982,44.932138371488136,0.08324831095884137,BALANCING
0.434,0.2469490191837143,-0.8658079980149916,44.97148153951251,0.08327084214478632,BALANCING
0.436,0.24521910744515632,-0.8640861308476323,45.01053500229734,0.08329295966890816,BALANCING
0.438,0.2434926386845023,-0.8623653444484883,45.049299298448105,0.08331466526522405,BALANCING
0.44,0.24176961076535325,-0.8606456129803424,45.08777497177986,0.08333596057555057,BALANCING
0.442,0.2400500215993474,-0.8589269142357979,45.125962570666225,0.08335684716028197,BALANCING
0.444,0.23833386913933166,-0.8572092292073562,45.163862647464946,0.08337732650789738,BALANCING
0.446,0.23662115137334186,-0.8554925417081874,45.20147575801099,0.08339740004334674,BALANCING
0.448,0.23491186631929642,-0.85377683803762,45.238802461169236,0.08341706913544775,BALANCING
0.45,0.23320601202031999,-0.8520621066860741,45.27584331843966,0.08343633510341032,BALANCING
0.452,0.23150358654062195,-0.850348338074789,45.312598893608985,0.08345519922259172,BALANCING
0.454,0.22980458796186493,-0.8486355243262427,45.34906975244308,0.08347366272957263,BALANCING
0.456,0.2281090143799652,-0.8469236590616416,45.38525646241556,0.08349172682663467,BALANCING
0.458,0.22641686390227428,-0.8452127372222932,45.42115959246813,0.08350939268570967,BALANCING
0.46,0.22472813464509667,-0.8435027549120416,45.45677971279903,0.08352666145186308,BALANCING
0.462,0.223042824731504,-0.8417937092582853,45.49211739467621,0.08354353424636636,BALANCING
0.464,0.22136093228941078,-0.840085598289383,45.527173210272366,0.0835600121694071,BALANCING
0.466,0.2196824554498809,-0.8383784208265193,45.561947732519265,0.08357609630247906,BALANCING
0.468,0.2180073923456376,-0.8366721763883211,45.59644153497898,0.08359178771049038,BALANCING
0.47000000000000003,0.2163357411097527,-0.8349668651067251,45.63065519173021,0.08360708744362301,BALANCING
0.47200000000000003,0.21466749987449463,-0.8332624876527659,45.6645892772678,0.08362199653897258,BALANCING
0.47400000000000003,0.21300266677031565,-0.8315590451711186,45.698244366413874,0.08363651602199475,BALANCING
0.47600000000000003,0.21134123992496245,-0.8298565392223606,45.7316210342393,0.08365064690778078,BALANCING
0.47800000000000004,0.2096832174626955,-0.8281549717320459,45.76471985599429,0.08366439020218253,BALANCING
0.48,0.20802859750360395,-0.8264543449457844,45.79754140704687,0.08367774690280452,BALANCING
0.482,0.20637737816300533,-0.8247546613896215,45.83008626282856,0.08369071799987896,BALANCING
0.484,0.2047295575509197,-0.8230559238350921,45.86235499878615,0.08370330447703712,BALANCING
0.486,0.20308513377160956,-0.8213581352683964,45.894348190339144,0.08371550731198987,BALANCING
0.488,0.20144410492317763,-0.8196612988632147,45.92606641284186,0.08372732747712754,BALANCING
0.49,0.19980646909721622,-0.8179654179567284,45.957510241549954,0.08373876594004886,BALANCING
0.492,0.19817222437850107,-0.8162704960284715,45.988680251590644,0.08374982366402746,BALANCING
0.494,0.19654136884472564,-0.8145765366816787,46.019577017936314,0.08376050160842302,BALANCING
0.496,0.19491390056627003,-0.8128835436268349,46.050201115381036,0.08377080072904378,BALANCING
0.498,0.193289817606001,-0.8111915206671669,46.080553118519646,0.0837807219784662,BALANCING
0.5,0.19166911801909942,-0.8095004716858486,46.110633601729184,0.08379026630631649,BALANCING
0.502,0.19005179985291157,-0.8078104006347174,46.14044313915228,0.08379943465951903,BALANCING
0.504,0.18843786114682196,-0.8061213115243229,46.16998230468237,0.08380822798251507,BALANCING
0.506,0.1868272999321445,-0.804433208415153,46.19925167195049,0.08381664721745562,BALANCING
0.508,0.1852201142320305,-0.8027460954098955,46.22825181431337,0.08382469330437117,BALANCING
0.51,0.18361630206139107,-0.8010599766466158,46.25698330484288,0.08383236718132149,BALANCING
0.512,0.18201586142683243,-0.7993748562927411,46.28544671631647,0.08383966978452731,BALANCING
0.514,0.18041879032660244,-0.7976907385397568,46.31364262120859,0.08384660204848642,BALANCING
0.516,0.1788250867505472,-0.7960076275985304,46.34157159168289,0.08385316490607587,BALANCING
0.518,0.17723474868007644,-0.7943255276951898,46.369234199585364,0.08385935928864188,BALANCING
0.52,0.17564777408813664,-0.7926444430674898,46.396631016437844,0.08386518612607899,BALANCING
0.522,0.174064160939191,-0.7909643779616098,46.42376261343236,0.08387064634689967,BALANCING
0.524,0.1724839071892053,-0.7892853366293318,46.45062956142581,0.08387574087829551,BALANCING
0.526,0.17090701078563936,-0.7876073233255533,46.4772324309352,0.08388047064619114,BALANCING
0.528,0.16933346966744287,-0.7859303423060968,46.50357179213326,0.08388483657529129,BALANCING
0.53,0.16776328176505564,-0.7842543978257788,46.529648214844336,0.08388883958912252,BALANCING
0.532,0.16619644500041109,-0.7825794941367107,46.55546226854073,0.08389248061006951,BALANCING
0.534,0.16463295728694335,-0.7809056354868016,46.58101452233918,0.08389576055940705,BALANCING
0.536,0.16307281652959688,-0.7792328261184405,46.60630554499768,0.08389868035732802,BALANCING
0.538,0.16151602062483872,-0.7775610702673363,46.63133590491246,0.08390124092296791,BALANCING
0.54,0.15996256746067294,-0.7758903721614976,46.656106170115194,0.08390344317442626,BALANCING
0.542,0.1584124549166568,-0.7742207360203349,46.680616908270366,0.08390528802878533,BALANCING
0.544,0.15686568086391875,-0.7725521660538718,46.70486868667274,0.08390677640212646,BALANCING
0.546,0.15532224316517806,-0.7708846664620508,46.72886207224505,0.08390790920954434,BALANCING
0.548,0.15378213967476548,-0.7692182414341248,46.75259763153574,0.0839086873651593,BALANCING
0.55,0.1522453682386451,-0.7675528951481221,46.77607593071681,0.08390911178212805,BALANCING
0.552,0.15071192669443742,-0.7658886317703774,46.7992975355818,0.08390918337265303,BALANCING
0.554,0.149181812871443,-0.7642254554551207,46.82226301154383,0.08390890304799035,BALANCING
0.556,0.14765502459066712,-0.762563370344117,46.84497292363371,0.08390827171845672,BALANCING
0.558,0.14613155966484503,-0.7609023805663513,46.867427836498095,0.0839072902934353,BALANCING
0.56,0.14461141589846777,-0.7592424902377536,46.88962831439774,0.08390595968138079,BALANCING
0.562,0.14309459108780845,-0.7575837034609582,46.91157492120578,0.08390428078982365,BALANCING
0.5640000000000001,0.1415810830209492,-0.7559260243250948,46.93326822040609,0.08390225452537373,BALANCING
0.5660000000000001,0.1400708894778082,-0.7542694569056063,46.95470877509163,0.08389988179372317,BALANCING
0.5680000000000001,0.1385640082301674,-0.752614005264091,46.97589714796286,0.08389716349964899,BALANCING
0.5700000000000001,0.13706043704170018,-0.7509596734481653,46.99683390132621,0.08389410054701496,BALANCING
0.5720000000000001,0.13556017366799944,-0.7493064654913465,47.01751959709254,0.08389069383877334,BALANCING
0.5740000000000001,0.13406321585660605,-0.7476543854129508,47.037954796775615,0.083886944276966,BALANCING
0.5760000000000001,0.13256956134703723,-0.7460034372180065,47.058140061490704,0.08388285276272538,BALANCING
0.578,0.13107920787081517,-0.7443536248971802,47.078075951953075,0.08387842019627519,BALANCING
0.58,0.12959215315149591,-0.7427049524267134,47.097763028476564,0.08387364747693074,BALANCING
0.582,0.12810839490469816,-0.7410574237683708,47.117201850972194,0.08386853550309918,BALANCING
0.584,0.12662793083813245,-0.7394110428693952,47.136392978946766,0.08386308517227949,BALANCING
0.586,0.12515075865162992,-0.7377658136624723,47.15533697150147,0.0838572973810623,BALANCING
0.588,0.12367687603717177,-0.7361217400657014,47.17403438733054,0.08385117302512965,BALANCING
0.59,0.12220628067891832,-0.7344788259825716,47.19248578471989,0.08384471299925446,BALANCING
0.592,0.12073897025323824,-0.7328370753019446,47.21069172154578,0.08383791819730012,BALANCING
0.594,0.11927494242873783,-0.7311964918980413,47.228652755273465,0.08383078951221969,BALANCING
0.596,0.11781419486629034,-0.7295570796304326,47.246369442955924,0.08382332783605531,BALANCING
0.598,0.11635672521906526,-0.7279188423440348,47.263842341232525,0.08381553405993739,BALANCING
0.6,0.11490253113255762,-0.7262817838691067,47.281072006327705,0.08380740907408363,BALANCING
0.602,0.11345161024461735,-0.7246459080212508,47.29805899404971,0.08379895376779828,BALANCING
0.604,0.11200396018547852,-0.7230112186014173,47.314803859789336,0.08379016902947106,BALANCING
0.606,0.11055957857778868,-0.7213777193959081,47.331307158518584,0.08378105574657616,BALANCING
0.608,0.10911846303663816,-0.7197454141763855,47.347569444789464,0.08377161480567123,BALANCING
0.61,0.10768061116958934,-0.7181143066998812,47.363591272732705,0.08376184709239634,BALANCING
0.612,0.10624602057670586,-0.7164844007088068,47.379373196056505,0.0837517534914728,BALANCING
0.614,0.10481468885058189,-0.7148556999309661,47.39491576804528,0.0837413348867021,BALANCING
0.616,0.10338661357637134,-0.7132282080795687,47.41021954155847,0.08373059216096476,BALANCING
0.618,0.101961792331817,-0.7116019288532434,47.425285069029236,0.08371952619621911,BALANCING
0.62,0.10054022268727972,-0.7099768659360546,47.440112902463284,0.08370813787350025,BALANCING
0.622,0.09912190220576748,-0.7083530229975178,47.45470359343765,0.08369642807291877,BALANCING
0.624,0.09770682844296455,-0.7067304036926161,47.46905769309945,0.08368439767365957,BALANCING
0.626,0.09629499894726043,-0.7051090116618187,47.48317575216469,0.0836720475539807,BALANCING
0.628,0.09488641125977898,-0.7034888505310978,47.49705832091708,0.08365937859121217,BALANCING
0.63,0.09348106291440728,-0.7018699239119476,47.51070594920682,0.08364639166175471,BALANCING
0.632,0.09207895143782466,-0.7002522354014034,47.52411918644941,0.08363308764107852,BALANCING
0.634,0.09068007434953157,-0.6986357885820607,47.537298581624455,0.08361946740372221,BALANCING
0.636,0.08928442916187841,-0.6970205870220948,47.55024468327452,0.08360553182329147,BALANCING
0.638,0.0878920133800944,-0.6954066342752812,47.56295803950391,0.08359128177245788,BALANCING
0.64,0.08650282450231632,-0.6937939338810154,47.57543919797754,0.0835767181229577,BALANCING
0.642,0.08511686001961727,-0.6921824893643332,47.587688705919724,0.08356184174559074,BALANCING
0.644,0.08373411741603538,-0.6905723042359323,47.599707110113066,0.0835466535102191,BALANCING
0.646,0.08235459416860245,-0.6889633819921923,47.61149495689727,0.08353115428576592,BALANCING
0.648,0.08097828774737256,-0.6873557261151961,47.62305279216801,0.08351534494021433,BALANCING
0.65,0.07960519561545064,-0.6857493400727509,47.634381161375785,0.0834992263406061,BALANCING
0.652,0.07823531522902105,-0.6841442273184094,47.645480609524746,0.08348279935304058,BALANCING
0.654,0.07686864403737602,-0.6825403912914919,47.656351681171614,0.08346606484267345,BALANCING
0.656,0.0755051794829441,-0.6809378354171073,47.666994920424514,0.08344902367371557,BALANCING
0.658,0.07414491900131855,-0.6793365631061742,47.67741087094186,0.08343167670943177,BALANCING
0.66,0.07278786002128575,-0.6777365777554437,47.68760007593125,0.08341402481213979,BALANCING
0.662,0.07143399996485347,-0.6761378827475202,47.69756307814832,0.08339606884320895,BALANCING
0.664,0.07008333624727918,-0.6745404814508837,47.70730041989565,0.0833778096630592,BALANCING
0.666,0.06873586627709823,-0.6729443772199116,47.71681264302169,0.08335924813115979,BALANCING
0.668,0.06739158745615202,-0.6713495733949004,47.726100288919575,0.08334038510602819,BALANCING
0.67,0.06605049717961627,-0.6697560733020882,47.73516389852614,0.083321221445229,BALANCING
0.672,0.06471259283602894,-0.6681638802536757,47.74400401232074,0.08330175800537279,BALANCING
0.674,0.06337787180731841,-0.6665729975478489,47.752621170324204,0.08328199564211497,BALANCING
0.676,0.062046331468831414,-0.6649834284688017,47.76101591209776,0.08326193521015468,BALANCING
0.678,0.06071796918936108,-0.6633951762867567,47.76918877674193,0.08324157756323362,BALANCING
0.68,0.05939278233117478,-0.6618082442579882,47.77714030289548,0.0832209235541351,BALANCING
0.682,0.05807076825004204,-0.660222635624844,47.78487102873435,0.08319997403468271,BALANCING
0.684,0.05675192429526236,-0.6586383536157675,47.79238149197058,0.08317872985573947,BALANCING
0.686,0.05543624780969299,-0.6570554014453202,47.79967222985126,0.08315719186720658,BALANCING
0.6880000000000001,0.0541237361297767,-0.6554737823142034,47.80674377915749,0.08313536091802241,BALANCING
0.6900000000000001,0.05281438658556949,-0.6538934994092808,47.81359667620331,0.08311323785616137,BALANCING
0.6920000000000001,0.051508196500768176,-0.6523145559036003,47.82023145683468,0.08309082352863296,BALANCING
0.6940000000000001,0.050205163192738086,-0.6507369549564166,47.8266486564284,0.08306811878148063,BALANCING
0.6960000000000001,0.048905283972540556,-0.6491606997132132,47.83284880989112,0.08304512445978064,BALANCING
0.6980000000000001,0.047608556144960484,-0.6475857933057244,47.838832451658305,0.08302184140764124,BALANCING
0.7000000000000001,0.04631497700853382,-0.646012238851958,47.84460011569318,0.08299827046820141,BALANCING
0.7020000000000001,0.04502454385557496,-0.6444400394562172,47.85015233548575,0.08297441248362994,BALANCING
0.704,0.04373725397220415,-0.642869198209123,47.85548964405173,0.08295026829512443,BALANCING
0.706,0.04245310463837485,-0.6412997181876363,47.8606125739316,0.08292583874291015,BALANCING
0.708,0.041172093127901,-0.6397316024550802,47.86552165718954,0.08290112466623915,BALANCING
0.71,0.0398942167084843,-0.6381648540611622,47.870217425412484,0.08287612690338922,BALANCING
0.712,0.038619472641741405,-0.6365994760419966,47.87470040970906,0.08285084629166284,BALANCING
0.714,0.03734785818323109,-0.6350354714201267,47.87897114070865,0.08282528366738626,BALANCING
0.716,0.03607937058248137,-0.633472843204547,47.88303014856038,0.08279943986590843,BALANCING
0.718,0.0348140070830166,-0.6319115943907253,47.88687796293213,0.0827733157216001,BALANCING
0.72,0.033551764922384465,-0.6303517279606256,47.89051511300958,0.08274691206785284,BALANCING
0.722,0.032292641332183014,-0.6287932468827292,47.893942127495194,0.08272022973707799,BALANCING
0.724,0.031036633538087544,-0.6272361541120582,47.897159534607304,0.08269326956070581,BALANCING
0.726,0.029783738759877554,-0.6256804525901971,47.9001678620791,0.08266603236918449,BALANCING
0.728,0.02853395421146358,-0.6241261452453152,47.90296763715768,0.08263851899197915,BALANCING
0.73,0.027287277100913984,-0.6225732349921886,47.905559386603116,0.08261073025757094,BALANCING
0.732,0.026043704630481748,-0.621021724732223,47.90794363668749,0.08258266699345616,BALANCING
0.734,0.024803233996631174,-0.6194716173534756,47.91012091319392,0.08255433002614526,BALANCING
0.736,0.023565862390064564,-0.6179229157306771,47.91209174141566,0.0825257201811619,BALANCING
0.738,0.022331586995748855,-0.6163756227252549,47.91385664615512,0.08249683828304212,BALANCING
0.74,0.021100404992942204,-0.6148297411853543,47.91541615172297,0.0824676851553334,BALANCING
0.742,0.01987231355522053,-0.6132852739458613,47.91677078193722,0.08243826162059371,BALANCING
0.744,0.018647309850503998,-0.6117422238284246,47.91792106012221,0.0824085685003907,BALANCING
0.746,0.0174253910410835,-0.6102005936414783,47.9188675091078,0.08237860661530073,BALANCING
0.748,0.016206554283647038,-0.6086603861802637,47.91961065122838,0.08234837678490806,BALANCING
0.75,0.014990796729306095,-0.6071216042268519,47.920151008322016,0.0823178798278039,BALANCING
0.752,0.01377811552362196,-0.6055842505501655,47.920489101729466,0.08228711656158566,BALANCING
0.754,0.012568507806631999,-0.6040483279060018,47.92062545229334,0.08225608780285594,BALANCING
0.756,0.011361970712875877,-0.6025138390370539,47.920560580357204,0.08222479436722176,BALANCING
0.758,0.01015850137142176,-0.6009807866729339,47.92029500576463,0.0821932370692937,BALANCING
0.76,0.008958096905892443,-0.5994491735301946,47.91982924785836,0.08216141672268508,BALANCING
0.762,0.00776075443449145,-0.597919002312352,47.91916382547941,0.08212933414001107,BALANCING
0.764,0.006566471070029089,-0.5963902757099073,47.91829925696618,0.08209699013288788,BALANCING
0.766,0.0053752439199484595,-0.5948629964003695,47.91723606015357,0.08206438551193194,BALANCING
0.768,0.00418707008635141,-0.5933371670482772,47.915974752372136,0.08203152108675917,BALANCING
0.77,0.0030019466660244653,-0.5918127903052213,47.91451585044719,0.08199839766598394,BALANCING
0.772,0.0018198707504646946,-0.5902898688098668,47.91285987069797,0.08196501605721852,BALANCING
0.774,0.0006408394259055429,-0.5887684051879751,47.91100732893675,0.08193137706707214,BALANCING
0.776,-0.0005351502266573828,-0.5872484020524267,47.90895874046801,0.08189748150115021,BALANCING
0.778,-0.0017081011314405731,-0.5857298620032427,47.90671462008756,0.08186333016405359,BALANCING
0.78,-0.002878016217846919,-0.5842127876276078,47.90427548208175,0.08182892385937772,BALANCING
0.782,-0.004044898420440062,-0.5826971814998916,47.90164184022655,0.08179426338971194,BALANCING
0.784,-0.005208750678918784,-0.5811830461816715,47.89881420778678,0.08175934955663869,BALANCING
0.786,-0.0063695759380914445,-0.5796703842217548,47.89579309751521,0.0817241831607327,BALANCING
0.788,-0.007527377147850463,-0.5781591981562008,47.89257902165183,0.08168876500156033,BALANCING
0.79,-0.008682157263146846,-0.576649490508343,47.88917249192291,0.0816530958776787,BALANCING
0.792,-0.009833919243964751,-0.5751412637888115,47.88557401954029,0.08161717658663503,BALANCING
0.794,-0.01098266605529611,-0.5736345204955545,47.88178411520047,0.08158100792496595,BALANCING
0.796,-0.012128400667115279,-0.5721292631138616,47.877803289083865,0.08154459068819662,BALANCING
0.798,-0.013271126054353748,-0.5706254941163849,47.87363205085397,0.08150792567084018,BALANCING
0.8,-0.014410845196874888,-0.5691232159631622,47.86927090965656,0.08147101366639688,BALANCING
0.802,-0.015547561079448735,-0.5676224311016381,47.86472037411889,0.08143385546735345,BALANCING
0.804,-0.01668127669172684,-0.5661231419666873,47.859980952348906,0.08139645186518235,BALANCING
0.806,-0.017811995028217138,-0.5646253509806358,47.85505315193446,0.08135880365034116,BALANCING
0.808,-0.018939719088258877,-0.5631290605532836,47.84993747994251,0.08132091161227181,BALANCING
0.81,-0.02006445187599759,-0.5616342730819268,47.84463444291835,0.08128277653939985,BALANCING
0.812,-0.021186196400360107,-0.5601409909513796,47.83914454688483,0.08124439921913387,BALANCING
0.8140000000000001,-0.022304955675029606,-0.5586492165339965,47.83346829734157,0.0812057804378648,BALANCING
0.8160000000000001,-0.023420732718420736,-0.5571589521896947,47.82760619926422,0.08116692098096517,BALANCING
0.8180000000000001,-0.024533530553654728,-0.555670200265976,47.82155875710365,0.0811278216327885,BALANCING
0.8200000000000001,-0.02564335220853462,-0.5541829630979489,47.81532647478526,0.08108848317666868,BALANCING
0.8220000000000001,-0.02675020071552049,-0.5526972430083509,47.808909855708144,0.08104890639491921,BALANCING
0.8240000000000001,-0.027854079111704698,-0.5512130423075703,47.802309402744385,0.08100909206883272,BALANCING
0.8260000000000001,-0.028954990438787263,-0.5497303632936691,47.79552561823831,0.08096904097868014,BALANCING
0.8280000000000001,-0.030052937743051185,-0.5482492082524041,47.78855900400571,0.08092875390371018,BALANCING
0.8300000000000001,-0.03114792407533789,-0.5467695794572498,47.78141006133313,0.08088823162214867,BALANCING
0.8320000000000001,-0.03223995249102267,-0.5452914791694202,47.77407929097715,0.08084747491119804,BALANCING
0.834,-0.033329026049990176,-0.5438149096378908,47.76656719316359,0.08080648454703647,BALANCING
0.836,-0.034415147816609995,-0.542339873099421,47.758874267586855,0.08076526130481752,BALANCING
0.838,-0.0354983208597122,-0.5408663717785758,47.75100101340916,0.0807238059586694,BALANCING
0.84,-0.036578548252563,-0.5393944078877484,47.742947929259834,0.0806821192816944,BALANCING
0.842,-0.03765583307284045,-0.5379239836271817,47.73471551323461,0.08064020204596827,BALANCING
0.844,-0.03873017840261008,-0.5364551011849911,47.7263042628949,0.0805980550225397,BALANCING
0.846,-0.03980158732830079,-0.5349877627371857,47.71771467526708,0.08055567898142968,BALANCING
0.848,-0.04087006294068055,-0.5335219704476911,47.70894724684182,0.08051307469163095,BALANCING
0.85,-0.04193560833483231,-0.5320577264683709,47.700002473573356,0.08047024292110745,BALANCING
0.852,-0.042998226610129864,-0.5305950329390495,47.690880850878806,0.08042718443679367,BALANCING
0.854,-0.044057920870213846,-0.5291338919875334,47.68158287363747,0.08038390000459417,BALANCING
0.856,-0.04511469422296766,-0.527674305729633,47.67210903619016,0.08034039038938308,BALANCING
0.858,-0.04616854978049355,-0.5262162762691863,47.662459832338506,0.08029665635500344,BALANCING
0.86,-0.04721949065908863,-0.5247598056980788,47.652635755344285,0.08025269866426665,BALANCING
0.862,-0.04826751997922105,-0.523304896096267,47.64263729792874,0.08020851807895207,BALANCING
0.864,-0.049312640865506144,-0.5218515495317997,47.63246495227189,0.0801641153598064,BALANCING
0.866,-0.05035485644668261,-0.5203997680608403,47.62211921001192,0.08011949126654316,BALANCING
0.868,-0.05139416985558881,-0.5189495537276889,47.611600562244455,0.08007464655784215,BALANCING
0.87,-0.05243058422913901,-0.5175009085648039,47.60090949952195,0.080029581991349,BALANCING
0.872,-0.05346410270829976,-0.5160538345928245,47.59004651185299,0.07998429832367462,BALANCING
0.874,-0.05449472843806626,-0.514608333820592,47.57901208870169,0.07993879631039476,BALANCING
0.876,-0.05552246456743879,-0.5131644082451726,47.56780671898701,0.07989307670604938,BALANCING
0.878,-0.056547314249399176,-0.5117220598518787,47.55643089108212,0.07984714026414233,BALANCING
0.88,-0.057569280640887316,-0.5102812906142912,47.54488509281378,0.07980098773714071,BALANCING
0.882,-0.05858836690277771,-0.5088421024942812,47.533169811461676,0.07975461987647459,BALANCING
0.884,-0.059604576199856096,-0.5074044974420325,47.52128553375782,0.07970803743253625,BALANCING
0.886,-0.060617911700796084,-0.505968477396063,47.50923274588589,0.07966124115468,BALANCING
0.888,-0.06162837657813586,-0.5045340442832467,47.49701193348064,0.07961423179122153,BALANCING
0.89,-0.06263597400825485,-0.5031012000188355,47.48462358162727,0.07956701008943758,BALANCING
0.892,-0.06364070717135063,-0.5016699465064819,47.47206817486078,0.07951957679556539,BALANCING
0.894,-0.06464257925141562,-0.5002402856382598,47.459346197165424,0.07947193265480226,BALANCING
0.896,-0.06564159343621398,-0.4988122192946875,47.44645813197401,0.07942407841130522,BALANCING
0.898,-0.0666377529172586,-0.49738574934474844,47.43340446216741,0.0793760148081905,BALANCING
0.9,-0.06763106088978794,-0.4959608776459141,47.42018567007386,0.07932774258753307,BALANCING
0.902,-0.06862152055274313,-0.49453760604416536,47.406802237468426,0.07927926249036636,BALANCING
0.904,-0.0696091351087449,-0.49311593637401446,47.39325464557239,0.0792305752566817,BALANCING
0.906,-0.07059390776407076,-0.49169587045852703,47.379543375052634,0.07918168162542794,BALANCING
0.908,-0.07157584172863209,-0.4902774101093436,47.36566890602113,0.07913258233451112,BALANCING
0.91,-0.07255494021595128,-0.4888605571267017,47.35163171803428,0.07908327812079398,BALANCING
0.912,-0.07353120644313904,-0.48744531329945767,47.33743229009239,0.0790337697200956,BALANCING
0.914,-0.07450464363087154,-0.48603168040510863,47.323071100639076,0.07898405786719107,BALANCING
0.916,-0.0754752550033678,-0.4846196602098139,47.30854862756071,0.07893414329581093,BALANCING
0.918,-0.076443043788367,-0.4832092544684172,47.29386534818583,0.07888402673864098,BALANCING
0.92,-0.07740801321710587,-0.4818004649244683,47.2790217392846,0.07883370892732183,BALANCING
0.922,-0.07837016652429615,-0.48039329331024483,47.26401827706826,0.07878319059244851,BALANCING
0.924,-0.07932950694810204,-0.47898774134677385,47.24885543718854,0.07873247246357015,BALANCING
0.926,-0.08028603773011771,-0.47758381074385425,47.23353369473714,0.0786815552691896,BALANCING
0.928,-0.0812397621153449,-0.4761815032000778,47.21805352424517,0.07863043973676304,BALANCING
0.93,-0.08219068335217049,-0.47478082040285124,47.20241539968262,0.07857912659269974,BALANCING
0.932,-0.08313880469234423,-0.47338176402841836,47.18661979445779,0.07852761656236154,BALANCING
0.934,-0.08408412939095632,-0.471984335741881,47.1706671814168,0.07847591037006275,BALANCING
0.936,-0.08502666070641521,-0.4705885371972214,47.15455803284304,0.07842400873906961,BALANCING
0.9380000000000001,-0.0859664019004254,-0.46919437003732356,47.1382928204566,0.07837191239160006,BALANCING
0.9400000000000001,-0.08690335623796523,-0.46780183589399527,47.12187201541383,0.07831962204882342,BALANCING
0.9420000000000001,-0.08783752698726477,-0.46641093638798975,47.10529608830675,0.07826713843086003,BALANCING
0.9440000000000001,-0.08876891741978372,-0.46502167312902704,47.08856550916257,0.07821446225678098,BALANCING
0.9460000000000001,-0.08969753081018934,-0.4636340477158158,47.07168074744316,0.07816159424460781,BALANCING
0.9480000000000001,-0.09062337043633455,-0.46224806173607547,47.054642272044546,0.07810853511131213,BALANCING
0.9500000000000001,-0.09154643957923582,-0.4608637167665574,47.03745055129643,0.07805528557281549,BALANCING
0.9520000000000001,-0.09246674152305139,-0.4594810143730666,47.02010605296163,0.07800184634398888,BALANCING
0.9540000000000001,-0.0933842795550593,-0.4580999561104834,47.002609244235636,0.07794821813865262,BALANCING
0.9560000000000001,-0.09429905696563565,-0.45672054352278535,46.984960591746095,0.07789440166957594,BALANCING
0.9580000000000001,-0.09521107704823276,-0.45534277814306845,46.96716056155232,0.0778403976484769,BALANCING
0.96,-0.0961203430993574,-0.4539666614935693,46.94920961914482,0.07778620678602187,BALANCING
0.962,-0.0970268584185492,-0.45259219508568593,46.93110822944478,0.07773182979182547,BALANCING
0.964,-0.0979306263083589,-0.45121938042000026,46.91285685680363,0.0776772673744502,BALANCING
0.966,-0.09883165007432673,-0.449848218986299,46.894455965002514,0.07762252024140626,BALANCING
0.968,-0.09972993302496096,-0.44847871226359576,46.87590601725188,0.07756758909915121,BALANCING
0.97,-0.10062547847171618,-0.4471108617201521,46.85720747619096,0.07751247465308982,BALANCING
0.972,-0.10151828972897203,-0.4457446688134996,46.83836080388732,0.07745717760757377,BALANCING
0.974,-0.10240837011401165,-0.44438013499046103,46.81936646183642,0.07740169866590145,BALANCING
0.976,-0.10329572294700022,-0.44301726168717215,46.800224910961106,0.07734603853031768,BALANCING
0.978,-0.10418035155096375,-0.441656050329103,46.78093661161123,0.07729019790201358,BALANCING
0.98,-0.10506225925176768,-0.4402965023310797,46.76150202356313,0.07723417748112625,BALANCING
0.982,-0.10594144937809566,-0.4389386190973056,46.74192160601922,0.0771779779667386,BALANCING
0.984,-0.10681792526142826,-0.437582402021383,46.72219581760753,0.07712160005687918,BALANCING
0.986,-0.10769169023602188,-0.4362278524863348,46.702325116381274,0.07706504444852193,BALANCING
0.988,-0.1085627476388875,-0.4348749718646256,46.68230995981843,0.07700831183758593,BALANCING
0.99,-0.10943110080976973,-0.4335237615181834,46.66215080482127,0.07695140291893536,BALANCING
0.992,-0.11029675309112559,-0.43217422279842105,46.641848107715965,0.07689431838637911,BALANCING
0.994,-0.11115970782810365,-0.4308263570462576,46.62140232425211,0.0768370589326708,BALANCING
0.996,-0.11201996836852299,-0.4294801655921397,46.60081390960239,0.07677962524950843,BALANCING
0.998,-0.11287753806285226,-0.4281356497560632,46.58008331836206,0.07672201802753435,BALANCING
1.0,-0.11373242026418885,-0.4267928108475945,46.55921100454861,0.07666423795633494,BALANCING
1.002,-0.11458461832823802,-0.42545165016589165,46.5381974216013,0.0766062857244406,BALANCING
1.004,-0.11543413561329213,-0.42411216899972637,46.5170430223808,0.07654816201932546,BALANCING
1.006,-0.11628097548020987,-0.4227743686275047,46.495748259168714,0.0764898675274073,BALANCING
1.008,-0.11712514129239553,-0.4214382503172888,46.47431358366725,0.07643140293404738,BALANCING
1.01,-0.11796663641577834,-0.42010381532681834,46.45273944699879,0.0763727689235503,BALANCING
1.012,-0.11880546421879194,-0.4187710649035316,46.4310262997055,0.07631396617916383,BALANCING
1.014,-0.11964162807235366,-0.4174400002845869,46.40917459174894,0.07625499538307885,BALANCING
1.016,-0.12047513134984406,-0.4161106226968838,46.38718477250968,0.07619585721642912,BALANCING
1.018,-0.12130597742708638,-0.4147829333570849,46.36505729078689,0.07613655235929123,BALANCING
1.02,-0.12213416968232618,-0.41345693347163637,46.342792594798006,0.07607708149068443,BALANCING
1.022,-0.12295971149621084,-0.4121326242367898,46.32039113217832,0.07601744528857057,BALANCING
1.024,-0.12378260625176923,-0.41081000683862345,46.2978533499806,0.0759576444298539,BALANCING
1.026,-0.12460285733439137,-0.40948908245306304,46.275179694674755,0.07589767959038106,BALANCING
1.028,-0.12542046813180818,-0.4081698522459035,46.25237061214743,0.07583755144494092,BALANCING
1.03,-0.12623544203407117,-0.40685231737283006,46.229426547701664,0.07577726066726448,BALANCING
1.032,-0.12704778243353232,-0.4055364789794391,46.206347946056525,0.07571680793002482,BALANCING
1.034,-0.12785749272482388,-0.40422233820126013,46.18313525134676,0.07565619390483698,BALANCING
1.036,-0.12866457630483827,-0.4029098961637762,46.15978890712242,0.07559541926225788,BALANCING
1.038,-0.12946903657270797,-0.4015991539824457,46.136309356348534,0.0755344846717862,BALANCING
1.04,-0.1302708769297856,-0.400290112762723,46.11269704140475,0.07547339080186242,BALANCING
1.042,-0.13107010077962378,-0.39898277360008,46.088952404085,0.07541213831986861,BALANCING
1.044,-0.1318667115279553,-0.39767713758002715,46.065075885597146,0.0753507278921285,BALANCING
1.046,-0.13266071258267317,-0.3963732057781346,46.041067926562654,0.0752891601839073,BALANCING
1.048,-0.13345210735381083,-0.3950709792600532,46.016928967016256,0.07522743585941172,BALANCING
1.05,-0.13424089925352223,-0.39377045908153574,45.99265944640564,0.0751655555817899,BALANCING
1.052,-0.13502709169606206,-0.39247164628845815,45.96825980359108,0.07510352001313134,BALANCING
1.054,-0.1358106880977661,-0.39117454191684026,45.943730476845154,0.0750413298144669,BALANCING
1.056,-0.13659169187703157,-0.38987914699286724,45.9190719038524,0.07497898564576869,BALANCING
1.058,-0.13737010645429726,-0.3885854625329104,45.89428452170901,0.07491648816595017,BALANCING
1.06,-0.13814593525202412,-0.38729348954354825,45.86936876692253,0.07485383803286598,BALANCING
1.062,-0.13891918169467568,-0.3860032290215878,45.844325075411504,0.07479103590331197,BALANCING
1.064,-0.1396898492086984,-0.3847146819540852,45.81915388250522,0.0747280824330252,BALANCING
1.066,-0.14045794122250232,-0.383427849318367,45.793855622943376,0.07466497827668395,BALANCING
1.068,-0.14122346116644163,-0.382142732082051,45.76843073087578,0.07460172408790759,BALANCING
1.07,-0.14198641247279511,-0.3808593312030675,45.742879639862075,0.0745383205192567,BALANCING
1.072,-0.142746798575747,-0.3795776476296798,45.71720278287141,0.074474768222233,BALANCING
1.074,-0.14350462291136748,-0.37829768230050564,45.691400592282186,0.07441106784727944,BALANCING
1.076,-0.1442598889175936,-0.3770194361445378,45.66547349988175,0.07434722004378004,BALANCING
1.078,-0.14501260003420977,-0.37574291008116506,45.6394219368661,0.0742832254600601,BALANCING
1.08,-0.14576275970282893,-0.37446810502019345,45.613246333839626,0.07421908474338601,BALANCING
1.082,-0.1465103713668731,-0.3731950218618667,45.58694712081483,0.07415479853996551,BALANCING
1.084,-0.1472554384715545,-0.37192366149688744,45.560524727212005,0.07409036749494746,BALANCING
1.086,-0.1479979644638563,-0.37065402480643783,45.533979581859064,0.0740257922524221,BALANCING
1.088,-0.14873795279251373,-0.36938611266220067,45.50731211299116,0.07396107345542093,BALANCING
1.09,-0.14947540690799505,-0.3681199259263801,45.48052274825049,0.07389621174591673,BALANCING
1.092,-0.15021033026248262,-0.3668554654517223,45.45361191468603,0.07383120776482384,BALANCING
1.094,-0.150942726309854,-0.3655927320815367,45.42658003875322,0.07376606215199785,BALANCING
1.096,-0.15167259850566314,-0.3643317266497163,45.399427546313795,0.07370077554623596,BALANCING
1.098,-0.15239995030712153,-0.3630724499807589,45.372154862635455,0.07363534858527686,BALANCING
1.1,-0.1531247851730794,-0.36181490288978757,45.34476241239166,0.07356978190580082,BALANCING
1.102,-0.15384710656400702,-0.36055908618257154,45.31725061966137,0.07350407614342985,BALANCING
1.104,-0.15456691794197602,-0.3593050006555468,45.2896199079288,0.07343823193272765,BALANCING
1.106,-0.15528422277064086,-0.35805264709583723,45.2618707000832,0.07337224990719972,BALANCING
1.108,-0.15599902451521988,-0.3568020262812747,45.23400341841857,0.07330613069929341,BALANCING
1.11,-0.1567113266424772,-0.3555531389804205,45.206018484633475,0.0732398749403981,BALANCING
1.112,-0.1574211326207038,-0.35430598595258533,45.17791631983082,0.0731734832608452,BALANCING
1.114,-0.15812844591969935,-0.35306056794785035,45.14969734451757,0.07310695628990822,BALANCING
1.116,-0.15883327001075348,-0.3518168857070878,45.12136197860456,0.07304029465580297,BALANCING
1.118,-0.15953560836662758,-0.3505749399619818,45.09291064140629,0.07297349898568753,BALANCING
1.12,-0.16023546446153647,-0.3493347314350485,45.06434375164066,0.07290656990566242,BALANCING
1.122,-0.1609328417711299,-0.3480962608396572,45.0356617274288,0.07283950804077073,BALANCING
1.124,-0.16162774377247444,-0.3468595288800509,45.006864986294836,0.07277231401499819,BALANCING
1.1260000000000001,-0.16232017394403522,-0.3456245362513664,44.97795394516567,0.07270498845127324,BALANCING
1.1280000000000001,-0.16301013576565765,-0.34439128363965554,44.94892902037081,0.07263753197146723,BALANCING
1.1300000000000001,-0.16369763271854937,-0.3431597717219051,44.919790627642136,0.07256994519639459,BALANCING
1.1320000000000001,-0.16438266828526213,-0.34193000116605793,44.890539182113706,0.07250222874581277,BALANCING
1.1340000000000001,-0.16506524594967362,-0.3407019726310332,44.86117509832157,0.07243438323842254,BALANCING
1.1360000000000001,-0.16574536919696958,-0.3394756867667469,44.83169879020356,0.07236640929186805,BALANCING
1.1380000000000001,-0.16642304151362572,-0.3382511442141324,44.80211067109912,0.07229830752273701,BALANCING
1.1400000000000001,-0.16709826638738987,-0.3370283456051609,44.7724111537491,0.07223007854656077,BALANCING
1.1420000000000001,-0.16777104730726394,-0.3358072915628619,44.742600650295564,0.07216172297781451,BALANCING
1.1440000000000001,-0.16844138776348616,-0.3345879827013436,44.71267957228166,0.07209324142991745,BALANCING
1.1460000000000001,-0.16910929124751325,-0.33337041962581365,44.682648330651354,0.07202463451523285,BALANCING
1.1480000000000001,-0.16977476125200264,-0.3321546029325991,44.65250733574935,0.07195590284506834,BALANCING
1.1500000000000001,-0.1704378012707946,-0.33094053320916694,44.62225699732082,0.07188704702967595,BALANCING
1.1520000000000001,-0.17109841479889476,-0.32972821103414507,44.59189772451134,0.0718180676782524,BALANCING
1.154,-0.17175660533245635,-0.32851763697734154,44.56142992586661,0.07174896539893913,BALANCING
1.156,-0.17241237636876247,-0.3273088115997661,44.5308540093324,0.07167974079882257,BALANCING
1.158,-0.1730657314062087,-0.3261017354536496,44.500170382254296,0.07161039448393436,BALANCING
1.16,-0.17371667394428547,-0.32489640908246514,44.469379451377606,0.07154092705925139,BALANCING
1.162,-0.17436520748356055,-0.3236928330209476,44.43848162284718,0.07147133912869613,BALANCING
1.164,-0.1750113355256616,-0.3224910077951145,44.407477302207226,0.07140163129513671,BALANCING
1.166,-0.17565506157325886,-0.3212909339222862,44.37636689440124,0.07133180416038723,BALANCING
1.168,-0.17629638913004758,-0.3200926119111058,44.34515080377177,0.07126185832520783,BALANCING
1.17,-0.1769353217007309,-0.3188960422615598,44.31382943406035,0.071191794389305,BALANCING
1.172,-0.17757186279100234,-0.31770122546499824,44.28240318840731,0.07112161295133174,BALANCING
1.174,-0.17820601590752883,-0.3165081620041549,44.250872469351634,0.07105131460888774,BALANCING
1.176,-0.17883778455793312,-0.3153168523531672,44.21923767883088,0.07098089995851971,BALANCING
1.178,-0.17946717225077696,-0.31412729697759706,44.187499218180974,0.07091036959572142,BALANCING
1.18,-0.1800941824955438,-0.31293949633445045,44.15565748813614,0.0708397241149341,BALANCING
1.182,-0.18071881880262167,-0.31175345087219775,44.12371288882876,0.07076896410954656,BALANCING
1.184,-0.18134108468328627,-0.31056916103079407,44.09166581978923,0.07069809017189545,BALANCING
1.186,-0.1819609836496838,-0.3093866272416991,44.05951667994583,0.07062710289326547,BALANCING
1.188,-0.1825785192148141,-0.3082058499278973,44.02726586762467,0.07055600286388967,BALANCING
1.19,-0.18319369489251366,-0.30702682950391824,43.9949137805495,0.07048479067294963,BALANCING
1.192,-0.18380651419743876,-0.3058495663758563,43.962460815841645,0.0704134669085757,BALANCING
1.194,-0.18441698064504866,-0.30467406094139093,43.929907370019876,0.07034203215784729,BALANCING
1.196,-0.18502509775158865,-0.3035003135898066,43.89725383900032,0.07027048700679317,BALANCING
1.198,-0.18563086903407347,-0.3023283247020131,43.864500618096336,0.07019883204039158,BALANCING
1.2,-0.1862342980102704,-0.3011580946505651,43.83164810201842,0.0701270678425706,BALANCING
1.202,-0.18683538819868267,-0.29998962379968247,43.798696684874116,0.07005519499620841,BALANCING
1.204,-0.1874341431185329,-0.29882291250527027,43.76564676016792,0.06998321408313352,BALANCING
1.206,-0.18803056628974624,-0.29765796111493853,43.73249872080115,0.06991112568412503,BALANCING
1.208,-0.188624661232934,-0.2964947699680222,43.69925295907195,0.06983893037891299,BALANCING
1.21,-0.18921643146937714,-0.2953333393956012,43.66590986667508,0.06976662874617859,BALANCING
1.212,-0.18980588052100958,-0.2941736697205204,43.63246983470192,0.06969422136355448,BALANCING
1.214,-0.19039301191040192,-0.2930157612574092,43.598933253640375,0.06962170880762503,BALANCING
1.216,-0.19097782916074504,-0.2918596143127017,43.56530051337475,0.06954909165392667,BALANCING
1.218,-0.19156033579583365,-0.2907052291846567,43.53157200318574,0.06947637047694814,BALANCING
1.22,-0.1921405353400499,-0.2895526061633769,43.49774811175028,0.06940354585013078,BALANCING
1.222,-0.19271843131834732,-0.2884017455308294,43.46382922714158,0.0693306183458689,BALANCING
1.224,-0.1932940272562343,-0.28725264756086516,43.429815736828935,0.06925758853550998,BALANCING
1.226,-0.193867326679758,-0.28610531251923893,43.39570802767776,0.0691844569893551,BALANCING
1.228,-0.1944383331154883,-0.28495974066362895,43.36150648594946,0.06911122427665911,BALANCING
1.23,-0.19500705009050137,-0.28381593224365675,43.32721149730142,0.06903789096563107,BALANCING
1.232,-0.19557348113236392,-0.2826738875009069,43.292823446786905,0.06896445762343449,BALANCING
1.234,-0.19613762976911683,-0.28153360666894667,43.25834271885504,0.06889092481618772,BALANCING
1.236,-0.19669949952925936,-0.28039508997334583,43.22376969735075,0.06881729310896421,BALANCING
1.238,-0.19725909394173308,-0.27925833763169633,43.18910476551468,0.06874356306579286,BALANCING
1.24,-0.19781641653590595,-0.2781233498536319,43.15434830598319,0.06866973524965836,BALANCING
1.242,-0.1983714708415564,-0.2769901268408475,43.1195007007883,0.06859581022250155,BALANCING
1.244,-0.19892426038885758,-0.27585866878711973,43.084562331357645,0.06852178854521973,BALANCING
1.246,-0.1994747887083613,-0.27472897587832545,43.04953357851441,0.06844767077766697,BALANCING
1.248,-0.2000230593309826,-0.2736010482924622,43.014414822477356,0.06837345747865455,BALANCING
1.25,-0.2005690757879837,-0.2724748861996672,42.97920644286073,0.06829914920595122,BALANCING
1.252,-0.2011128416109584,-0.27135048976223736,42.94390881867425,0.06822474651628359,BALANCING
1.254,-0.20165436033181655,-0.27022785913464836,42.908522328323095,0.06815024996533652,BALANCING
1.256,-0.20219363548276822,-0.26910699446357483,42.87304734960785,0.0680756601077534,BALANCING
1.258,-0.20273067059630825,-0.26798789588790917,42.837484259724526,0.06800097749713661,BALANCING
1.26,-0.2032654692052007,-0.26687056353878175,42.80183343526449,0.06792620268604779,BALANCING
1.262,-0.20379803484246323,-0.2657549975395795,42.76609525221448,0.06785133622600834,BALANCING
1.264,-0.2043283710413518,-0.2646411980059664,42.730270085956576,0.0677763786674996,BALANCING
1.266,-0.20485648133534512,-0.2635291650459022,42.6943583112682,0.06770133055996344,BALANCING
1.268,-0.20538236925812933,-0.26241889875966207,42.658360302322116,0.06762619245180251,BALANCING
1.27,-0.2059060383435826,-0.26131039923985594,42.62227643268637,0.06755096489038068,BALANCING
1.272,-0.20642749212575986,-0.2602036665714482,42.586107075324335,0.06747564842202335,BALANCING
1.274,-0.20694673413887751,-0.2590987008317767,42.549852602594704,0.06740024359201796,BALANCING
1.276,-0.20746376791729815,-0.2579955020905722,42.51351338625147,0.06732475094461425,BALANCING
1.278,-0.20797859699551552,-0.25689407040997775,42.47708979744393,0.06724917102302483,BALANCING
1.28,-0.20849122490813912,-0.25579440584456803,42.44058220671675,0.06717350436942542,BALANCING
1.282,-0.20900165518987932,-0.2546965084413687,42.40399098400985,0.06709775152495528,BALANCING
1.284,-0.20950989137553214,-0.2536003782398756,42.36731649865855,0.06702191302971777,BALANCING
1.286,-0.2100159369999643,-0.252506015272074,42.33055911939349,0.06694598942278053,BALANCING
1.288,-0.21051979559809803,-0.251413419562458,42.29371921434068,0.06686998124217607,BALANCING
1.29,-0.21102147070489646,-0.25032259112804955,42.25679715102153,0.06679388902490212,BALANCING
1.292,-0.21152096585534833,-0.24923352997841783,42.21979329635283,0.066717713306922,BALANCING
1.294,-0.2120182845844533,-0.2481462361156982,42.182708016646814,0.06664145462316522,BALANCING
1.296,-0.21251343042720702,-0.2470607095346118,42.14554167761117,0.0665651135075277,BALANCING
1.298,-0.21300640691858647,-0.2459769502224843,42.108294644349066,0.06648869049287233,BALANCING
1.3,-0.21349721759353496,-0.24489495815926526,42.07096728135917,0.06641218611102932,BALANCING
1.302,-0.21398586598694758,-0.24381473331754724,42.033559952535704,0.06633560089279673,BALANCING
1.304,-0.2144723556336564,-0.2427362756625847,41.99607302116848,0.06625893536794086,BALANCING
1.306,-0.21495669006841597,-0.2416595851523134,41.9585068499429,0.06618219006519667,BALANCING
1.308,-0.2154388728258884,-0.24058466173736923,41.92086180094005,0.06610536551226827,BALANCING
1.31,-0.2159189074406291,-0.23951150536110744,41.883138235636714,0.06602846223582934,BALANCING
1.312,-0.21639679744707208,-0.2384401159596213,41.84533651490539,0.06595148076152359,BALANCING
1.314,-0.21687254637951545,-0.23737049346176162,41.80745699901441,0.06587442161396526,BALANCING
1.316,-0.21734615777210697,-0.2363026377891554,41.76950004762793,0.06579728531673949,BALANCING
1.318,-0.21781763515882965,-0.23523654885622483,41.731466019806,0.0657200723924029,BALANCING
1.32,-0.21828698207348737,-0.23417222657020653,41.69335527400461,0.06564278336248393,BALANCING
1.322,-0.2187542020496904,-0.23310967083117007,41.655168168075775,0.06556541874748334,BALANCING
1.324,-0.21921929862084122,-0.23204888153203698,41.61690505926757,0.06548797906687484,BALANCING
1.326,-0.21968227532012025,-0.2309898585586001,41.5785663042242,0.06541046483910531,BALANCING
1.328,-0.22014313568047147,-0.22993260178954195,41.54015225898605,0.06533287658159544,BALANCING
1.33,-0.2206018832345884,-0.2288771110964535,41.50166327898977,0.06525521481074018,BALANCING
1.332,-0.22105852151489985,-0.2278233863438536,41.463099719068346,0.06517748004190924,BALANCING
1.334,-0.22151305405355573,-0.22677142738920741,41.42446193345114,0.06509967278944748,BALANCING
1.336,-0.22196548438241306,-0.22572123408294514,41.38575027576402,0.06502179356667558,BALANCING
1.338,-0.22241581603302188,-0.224672806268481,41.34696509902937,0.06494384288589032,BALANCING
1.34,-0.22286405253661123,-0.22362614378223186,41.30810675566622,0.06486582125836529,BALANCING
1.342,-0.2233101974240752,-0.2225812464536362,41.26917559749031,0.06478772919435122,BALANCING
1.344,-0.22375425422595904,-0.22153811410517266,41.23017197571414,0.06470956720307652,BALANCING
1.346,-0.22419622647244508,-0.2204967465523787,41.191096240947125,0.06463133579274788,BALANCING
1.348,-0.22463611769333908,-0.21945714360386942,41.15194874319562,0.06455303547055066,BALANCING
1.35,-0.22507393141805623,-0.21841930506135612,41.112729831863035,0.0644746667426495,BALANCING
1.352,-0.22550967117560752,-0.21738323071966523,41.073439855749925,0.06439623011418871,BALANCING
1.354,-0.2259433404945859,-0.21634892036675651,41.034079163054095,0.06431772608929294,BALANCING
1.356,-0.2263749429031525,-0.215316373783742,40.99464810137067,0.06423915517106754,BALANCING
1.358,-0.22680448192902308,-0.21428559074490433,40.95514701769222,0.06416051786159925,BALANCING
1.36,-0.22723196109945434,-0.21325657101771567,40.91557625840885,0.0640818146619566,BALANCING
1.362,-0.22765738394123036,-0.2122293143628561,40.875936169308304,0.06400304607219046,BALANCING
1.364,-0.22808075398064895,-0.2112038205342319,40.83622709557607,0.0639242125913346,BALANCING
1.366,-0.22850207474350812,-0.21018008927899437,40.79644938179551,0.06384531471740626,BALANCING
1.368,-0.22892134975509273,-0.20915812033755837,40.75660337194791,0.06376635294740657,BALANCING
1.37,-0.22933858254016087,-0.20813791344362045,40.716689409412666,0.06368732777732122,BALANCING
1.372,-0.22975377662293053,-0.2071194683241778,40.67670783696735,0.06360823970212094,BALANCING
1.374,-0.2301669355270662,-0.20610278469954627,40.636658996787865,0.06352908921576202,BALANCING
1.3760000000000001,-0.23057806277566553,-0.20508786228337894,40.5965432304485,0.06344987681118691,BALANCING
1.3780000000000001,-0.23098716189124596,-0.20407470078268458,40.556360878922135,0.06337060298032476,BALANCING
1.3800000000000001,-0.23139423639573165,-0.2030632998978459,40.5161122825803,0.06329126821409196,BALANCING
1.3820000000000001,-0.23179928981043998,-0.20205365932263802,40.475797781193336,0.06321187300239271,BALANCING
1.3840000000000001,-0.2322023256560686,-0.2010457787442468,40.4354177139305,0.06313241783411959,BALANCING
1.3860000000000001,-0.23260334745268202,-0.20003965784328717,40.39497241936011,0.06305290319715404,BALANCING
1.3880000000000001,-0.23300235871969865,-0.19903529629382125,40.354462235449674,0.06297332957836706,BALANCING
1.3900000000000001,-0.23339936297587782,-0.19803269376337684,40.31388749956602,0.0628936974636197,BALANCING
1.3920000000000001,-0.23379436373930637,-0.19703184991296568,40.27324854847546,0.06281400733776364,BALANCING
1.3940000000000001,-0.23418736452738603,-0.19603276439710163,40.23254571834388,0.06273425968464177,BALANCING
1.3960000000000001,-0.2345783688568202,-0.19503543686381888,40.19177934473691,0.06265445498708877,BALANCING
1.3980000000000001,-0.23496738024360111,-0.19403986695469022,40.15094976262007,0.06257459372693162,BALANCING
1.4000000000000001,-0.2353544022029968,-0.193046054304845,40.11005730635891,0.06249467638499035,BALANCING
1.4020000000000001,-0.23573943824953852,-0.1920539985429877,40.06910230971916,0.062414703441078453,BALANCING
1.4040000000000001,-0.23612249189700754,-0.19106369929141565,40.02808510586688,0.06233467537400356,BALANCING
1.4060000000000001,-0.23650356665842256,-0.19007515616603748,39.9870060273686,0.06225459266156801,BALANCING
1.408,-0.23688266604602704,-0.18908836877639104,39.94586540619147,0.06217445578056943,BALANCING
1.41,-0.23725979357127627,-0.18810333672566149,39.90466357370347,0.06209426520680137,BALANCING
1.412,-0.2376349527448247,-0.18712005961069952,39.863400860673494,0.062014021415053876,BALANCING
1.414,-0.23800814707651355,-0.18613853702203922,39.82207759727153,0.06193372487911404,BALANCING
1.416,-0.23837938007535786,-0.18515876854391616,39.78069411306889,0.061853376071766726,BALANCING
1.418,-0.238748655249534,-0.18418075375428533,39.73925073703827,0.06177297546479507,BALANCING
1.42,-0.23911597610636742,-0.18320449222483934,39.69774779755397,0.0616925235289811,BALANCING
1.422,-0.23948134615231972,-0.18222998352102618,39.6561856223921,0.061612020734106425,BALANCING
1.424,-0.23984476889297648,-0.18125722720206713,39.61456453873067,0.061531467548952765,BALANCING
1.426,-0.2402062478330346,-0.18028622282097487,39.57288487314981,0.0614508644413026,BALANCING
1.428,-0.2405657864762901,-0.17931696992457133,39.53114695163195,0.0613702118779398,BALANCING
1.43,-0.24092338832562563,-0.17834946805350543,39.489351099561986,0.06128951032465021,BALANCING
1.432,-0.24127905688299828,-0.17738371674227105,39.44749764172744,0.06120876024622233,BALANCING
1.434,-0.241632795649427,-0.17641971551922497,39.40558690231867,0.0611279621064479,BALANCING
1.436,-0.24198460812498074,-0.17545746390660444,39.36361920492903,0.06104711636812253,BALANCING
1.438,-0.24233449780876587,-0.17449696142054522,39.321594872555096,0.06096622349304639,BALANCING
1.44,-0.2426824681989143,-0.1735382075710993,39.279514227596785,0.06088528394202473,BALANCING
1.442,-0.24302852279257106,-0.1725812018622526,39.23737759185761,0.06080429817486864,BALANCING
1.444,-0.24337266508588232,-0.17162594379194274,39.19518528654484,0.06072326665039563,BALANCING
1.446,-0.24371489857398337,-0.17067243285207676,39.152937632269676,0.06064218982643023,BALANCING
1.448,-0.24405522675098645,-0.1697206685285488,39.1106349490475,0.06056106815980476,BALANCING
1.45,-0.24439365310996888,-0.16877065030125799,39.068277556298014,0.06047990210635984,BALANCING
1.452,-0.2447301811429609,-0.1678223776441256,39.02586577284547,0.060398692120945126,BALANCING
1.454,-0.24506481434093388,-0.16687585002511326,38.98339991691887,0.06031743865741994,BALANCING
1.456,-0.2453975561937884,-0.16593106690624027,38.94088030615216,0.06023614216865392,BALANCING
1.458,-0.24572841019034233,-0.16498802774360122,38.89830725758444,0.060154803106527654,BALANCING
1.46,-0.24605737981831907,-0.1640467319873836,38.85568108766018,0.060073421921933406,BALANCING
1.462,-0.24638446856433568,-0.16310717908188532,38.8130021122294,0.059991999064775724,BALANCING
1.464,-0.2467096799138912,-0.16216936846553245,38.77027064654792,0.0599105349839721,BALANCING
1.466,-0.2470330173513548,-0.16123329957089638,38.72748700527754,0.059829030127453664,BALANCING
1.468,-0.24735448435995425,-0.16029897182471153,38.68465150248627,0.05974748494216585,BALANCING
1.47,-0.24767408442176414,-0.1593663846478929,38.641764451648534,0.05966589987406906,BALANCING
1.472,-0.2479918210176943,-0.15843553745555336,38.59882616564544,0.05958427536813935,BALANCING
1.474,-0.24830769762747817,-0.15750642965702114,38.555836956764914,0.059502611868369075,BALANCING
1.476,-0.2486217177296614,-0.15657906065585722,38.51279713670198,0.0594209098177676,BALANCING
1.478,-0.24893388480159018,-0.15565342984987285,38.46970701655898,0.059339169658361966,BALANCING
1.48,-0.24924420231939975,-0.15472953663114672,38.4265669068458,0.059257391831197596,BALANCING
1.482,-0.24955267375800308,-0.15380738038604244,38.38337711748008,0.05917557677633896,BALANCING
1.484,-0.24985930259107936,-0.15288696049522582,38.340137957787455,0.05909372493287025,BALANCING
1.486,-0.2501640922910626,-0.15196827633368226,38.29684973650179,0.05901183673889611,BALANCING
1.488,-0.2504670463291304,-0.15105132727073395,38.25351276176541,0.05892991263154228,BALANCING
1.49,-0.2507681681751926,-0.15013611267005714,38.210127341129336,0.05884795304695633,BALANCING
1.492,-0.2510674612978799,-0.14922263188969942,38.16669378155353,0.05876595842030839,BALANCING
1.494,-0.2513649291645327,-0.14831088428209696,38.123212389407136,0.058683929185791746,BALANCING
1.496,-0.25166057524118995,-0.14740086919409168,38.07968347046867,0.05860186577662362,BALANCING
1.498,-0.25195440299257793,-0.14649258596694842,38.036107329926374,0.05851976862504587,BALANCING
1.5,-0.2522464158820991,-0.14558603393637218,37.992484272378334,0.05843763816232566,BALANCING
1.502,-0.252536617371821,-0.1446812124325251,37.94881460183281,0.05835547481875622,BALANCING
1.504,-0.25282501092246507,-0.14377812078004382,37.90509862170847,0.05827327902365751,BALANCING
1.506,-0.253111599993396,-0.14287675829805635,37.861336634834615,0.05819105120537698,BALANCING
1.508,-0.2533963880426103,-0.14197712430019926,37.81752894345147,0.05810879179129024,BALANCING
1.51,-0.25367937852672545,-0.14107921809463483,37.77367584921039,0.058026501207801784,BALANCING
1.512,-0.2539605749009692,-0.14018303898406784,37.72977765317417,0.05794417988034575,BALANCING
1.514,-0.2542399806191682,-0.13928858626576282,37.68583465581724,0.057861828233386606,BALANCING
1.516,-0.25451759913373784,-0.13839585923156092,37.64184715702599,0.057779446690419886,BALANCING
1.518,-0.2547934338956706,-0.13750485716789687,37.597815456099,0.057697035673972906,BALANCING
1.52,-0.255067488354526,-0.13661557935581606,37.55373985174729,0.05761459560560553,BALANCING
1.522,-0.25533976595841923,-0.13572802507099133,37.5096206420946,0.05753212690591084,BALANCING
1.524,-0.2556102701540109,-0.13484219358373997,37.465458124677674,0.05744962999451593,BALANCING
1.526,-0.2558790043864961,-0.13395808415904056,37.42125259644649,0.05736710529008259,BALANCING
1.528,-0.25614597209959367,-0.13307569605654984,37.37700435376457,0.0572845532103081,BALANCING
1.53,-0.2564111767355358,-0.13219502853061962,37.33271369240921,0.05720197417192591,BALANCING
1.532,-0.2566746217350574,-0.1313160808303135,37.2883809075718,0.057119368590706425,BALANCING
1.534,-0.2569363105373852,-0.13043885219942378,37.24400629385806,0.05703673688145774,BALANCING
1.536,-0.2571962465802277,-0.12956334187648819,37.19959014528835,0.05695407945802636,BALANCING
1.538,-0.2574544332997645,-0.12868954909480662,37.15513275529792,0.056871396733297976,BALANCING
1.54,-0.2577108741306356,-0.12781747308245786,37.110634416737206,0.05678868911919822,BALANCING
1.542,-0.25796557250593144,-0.12694711306231643,37.06609542187212,0.056705957026693406,BALANCING
1.544,-0.258218531857182,-0.1260784682520692,37.0215160623843,0.05662320086579125,BALANCING
1.546,-0.258469755614347,-0.125211537864232,36.97689662937145,0.056540421045541724,BALANCING
1.548,-0.25871924720580497,-0.12434632110616647,36.93223741334759,0.056457617974037685,BALANCING
1.55,-0.25896701005834344,-0.12348281718009642,36.88753870424334,0.05637479205841574,BALANCING
1.552,-0.2592130475971484,-0.12262102528312466,36.84280079140623,0.05629194370485696,BALANCING
1.554,-0.25945736324579427,-0.12176094460724951,36.798023963601004,0.05620907331858767,BALANCING
1.556,-0.25969996042623356,-0.12090257433938142,36.75320850900987,0.05612618130388019,BALANCING
1.558,-0.2599408425587868,-0.12004591366135944,36.70835471523286,0.05604326806405359,BALANCING
1.56,-0.2601800130621323,-0.11919096174996777,36.66346286928805,0.05596033400147453,BALANCING
1.562,-0.2604174753532963,-0.11833771777695225,36.61853325761192,0.055877379517557973,BALANCING
1.564,-0.2606532328476425,-0.11748618090903702,36.573566166059656,0.055794405012767945,BALANCING
1.566,-0.2608872889588626,-0.11663635030794066,36.5285618799054,0.05571141088661841,BALANCING
1.568,-0.2611196470989657,-0.11578822513039294,36.48352068384261,0.0556283975376739,BALANCING
1.57,-0.2613503106782688,-0.11494180452815099,36.43844286198434,0.05554536536355045,BALANCING
1.572,-0.26157928310538664,-0.1140970876480159,36.39332869786354,0.05546231476091626,BALANCING
1.574,-0.2618065677872219,-0.11325407363184897,36.34817847443339,0.05537924612549256,BALANCING
1.576,-0.2620321681289552,-0.11241276161658816,36.30299247406759,0.055296159852054334,BALANCING
1.578,-0.26225608753403545,-0.11157315073426433,36.25777097856068,0.05521305633443116,BALANCING
1.58,-0.2624783294041701,-0.11073524011201755,36.21251426912836,0.05512993596550794,BALANCING
1.582,-0.262698897139315,-0.10989902887211343,36.16722262640781,0.05504679913722582,BALANCING
1.584,-0.26291779413766503,-0.1090645161319595,36.12189633045798,0.0549636462405828,BALANCING
1.586,-0.26313502379564435,-0.10823170100412122,36.07653566075993,0.05488047766563468,BALANCING
1.588,-0.26335058950789664,-0.1074005825963384,36.03114089621715,0.0547972938014958,BALANCING
1.59,-0.2635644946672755,-0.10657116001154134,35.9857123151559,0.054714095036339803,BALANCING
1.592,-0.2637767426648347,-0.10574343234786693,35.940250195325476,0.05463088175740053,BALANCING
1.594,-0.263987336889819,-0.10491739869867493,35.89475481389861,0.05454765435097275,BALANCING
1.596,-0.26419628072965423,-0.10409305815256412,35.849226447471736,0.054464413202413,BALANCING
1.598,-0.2644035775699379,-0.10327040979338825,35.80366537206535,0.05438115869614035,BALANCING
1.6,-0.2646092307944298,-0.10244945270027236,35.75807186312435,0.05429789121563728,BALANCING
1.602,-0.26481324378504245,-0.10163018594762868,35.71244619551832,0.054214611143450414,BALANCING
1.604,-0.26501561992183187,-0.10081260860517276,35.66678864354192,0.05413131886119142,BALANCING
1.606,-0.265216362582988,-0.09999671973793949,35.62109948091519,0.05404801474953772,BALANCING
1.608,-0.2654154751448254,-0.09918251840629906,35.575378980783874,0.0539646991882334,BALANCING
1.61,-0.2656129609817741,-0.09837000366597298,35.52962741571981,0.053881372556090004,BALANCING
1.612,-0.2658088234663701,-0.09755917456805013,35.4838450577212,0.053798035230987314,BALANCING
1.614,-0.26600306596924617,-0.09675003015900259,35.43803217821301,0.0537146875898742,BALANCING
1.616,-0.26619569185912273,-0.09594256948070155,35.392189048047264,0.05363133000876947,BALANCING
1.618,-0.2663867045027988,-0.0951367915704333,35.34631593750345,0.05354796286276266,BALANCING
1.62,-0.2665761072651423,-0.09433269546091506,35.30041311628878,0.05346458652601484,BALANCING
1.622,-0.2667639035090816,-0.09353028018031086,35.25448085353864,0.05338120137175951,BALANCING
1.624,-0.2669500965955958,-0.09272954475224729,35.20851941781684,0.0532978077723034,BALANCING
1.6260000000000001,-0.2671346898837065,-0.09193048819582945,35.16252907711601,0.05321440609902725,BALANCING
1.6280000000000001,-0.2673176867304677,-0.09113310952565663,35.116510098857994,0.053130996722386754,BALANCING
1.6300000000000001,-0.2674990904909577,-0.09033740775183811,35.0704627498941,0.05304758001191329,BALANCING
1.6320000000000001,-0.26767890451826976,-0.08954338188000896,35.024387296505544,0.05296415633621479,BALANCING
1.6340000000000001,-0.26785713216350315,-0.08875103091134563,34.978284004403775,0.05288072606297665,BALANCING
1.6360000000000001,-0.2680337767757543,-0.08796035384258181,34.932153138730826,0.05279728955896246,BALANCING
1.6380000000000001,-0.268208841702108,-0.08717134966602401,34.88599496405968,0.05271384719001491,BALANCING
1.6400000000000001,-0.26838233028762853,-0.08638401736956725,34.83980974439462,0.05263039932105661,BALANCING
1.6420000000000001,-0.26855424587535076,-0.08559835593671067,34.793597743171624,0.052546946316091005,BALANCING
1.6440000000000001,-0.26872459180627156,-0.08481436434657325,34.747359223258684,0.05246348853820312,BALANCING
1.6460000000000001,-0.26889337141934067,-0.08403204157390928,34.7010944469562,0.052380026349560425,BALANCING
1.6480000000000001,-0.26906058805145255,-0.08325138658912391,34.65480367599732,0.052296560111413794,BALANCING
1.6500000000000001,-0.26922624503743736,-0.0824723983582889,34.60848717154837,0.05221309018409823,BALANCING
1.6520000000000001,-0.26939034571005216,-0.08169507584315792,34.56214519420912,0.05212961692703381,BALANCING
1.6540000000000001,-0.2695528933999726,-0.08091941800118217,34.51577800401326,0.05204614069872645,BALANCING
1.6560000000000001,-0.2697138914357844,-0.08014542378552583,34.46938586042869,0.05196266185676885,BALANCING
1.6580000000000001,-0.2698733431439742,-0.07937309214508156,34.42296902235795,0.05187918075784131,BALANCING
1.6600000000000001,-0.2700312518489218,-0.07860242202448589,34.37652774813856,0.051795697757712596,BALANCING
1.6620000000000001,-0.2701876208728911,-0.07783341236413469,34.330062295543414,0.05171221321124081,BALANCING
1.6640000000000001,-0.27034245353602204,-0.07706606210019844,34.283572921781165,0.05162872747237425,BALANCING
1.666,-0.27049575315632174,-0.07630037016463787,34.237059883496556,0.05154524089415227,BALANCING
1.668,-0.2706475230496564,-0.07553633548521899,34.19052343677086,0.051461753828706165,BALANCING
1.67,-0.27079776652974286,-0.07477395698552865,34.14396383712224,0.05137826662725999,BALANCING
1.672,-0.2709464869081403,-0.07401323358498971,34.097381339506114,0.05129477964013152,BALANCING
1.674,-0.27109368749424184,-0.07325416419887644,34.05077619831556,0.05121129321673303,BALANCING
1.676,-0.2712393715952662,-0.0724967477383297,34.00414866738169,0.05112780770557222,BALANCING
1.678,-0.2713835425162496,-0.07174098311037219,33.957498999974064,0.05104432345425309,BALANCING
1.68,-0.27152620356003754,-0.07098686921792369,33.91082744880102,0.05096084080947677,BALANCING
1.682,-0.2716673580272765,-0.07023440495981627,33.86413426601013,0.05087736011704248,BALANCING
1.684,-0.27180700921640577,-0.06948358923080948,33.81741970318856,0.05079388172184832,BALANCING
1.686,-0.2719451604236496,-0.0687344209216054,33.77068401136346,0.05071040596789222,BALANCING
1.688,-0.27208181494300854,-0.06798689891886385,33.723927441002346,0.050626933198272765,BALANCING
1.69,-0.27221697606625195,-0.06724102210521754,33.67715024201353,0.050543463755190164,BALANCING
1.692,-0.2723506470829097,-0.06649678935928707,33.63035266374651,0.05045999797994702,BALANCING
1.694,-0.2724828312802642,-0.06575419955569607,33.58353495499232,0.05037653621294931,BALANCING
1.696,-0.2726135319433423,-0.06501325156508615,33.53669736398399,0.05029307879370724,BALANCING
1.698,-0.2727427523549076,-0.06427394425413196,33.48984013839692,0.05020962606083613,BALANCING
1.7,-0.27287049579545225,-0.06353627648555626,33.44296352534928,0.05012617835205732,BALANCING
1.702,-0.2729967655431892,-0.06280024711814484,33.39606777140241,0.05004273600419904,BALANCING
1.704,-0.2731215648740445,-0.06206585500676142,33.34915312256123,0.04995929935319734,BALANCING
1.706,-0.273244897061649,-0.06133309900236266,33.30221982427466,0.04987586873409694,BALANCING
1.708,-0.27336676537733123,-0.06060197795201304,33.255268121435996,0.04979244448105217,BALANCING
1.71,-0.27348717309010906,-0.05987249069889968,33.20829825838335,0.04970902692732786,BALANCING
1.712,-0.27360612346668206,-0.05914463608234741,33.16131047890003,0.04962561640530018,BALANCING
1.714,-0.2737236197714241,-0.05841841293783334,33.114305026214964,0.04954221324645766,BALANCING
1.716,-0.2738396652663754,-0.05769382009700194,33.06728214300313,0.04945881778140197,BALANCING
1.718,-0.27395426321123484,-0.05697085638767962,33.020242071385944,0.04937543033984891,BALANCING
1.72,-0.2740674168633525,-0.05624952063388962,32.973185052931676,0.049292051250629264,BALANCING
1.722,-0.2741791294777221,-0.055529811655866755,32.92611132865588,0.04920868084168975,BALANCING
1.724,-0.27428940430697324,-0.054811728270072135,32.879021139021795,0.049125319440093886,BALANCING
1.726,-0.27439824460136397,-0.05409526928920789,32.83191472394078,0.049041967372022925,BALANCING
1.728,-0.27450565360877344,-0.053380433522231825,32.78479232277272,0.04895862496277675,BALANCING
1.73,-0.27461163457469406,-0.05266721977437215,32.73765417432645,0.04887529253677481,BALANCING
1.732,-0.2747161907422245,-0.051955626847141986,32.69050051686019,0.04879197041755701,BALANCING
1.734,-0.2748193253520618,-0.05124565353835414,32.64333158808195,0.04870865892778464,BALANCING
1.736,-0.27492104164249453,-0.050537298642135624,32.596147625149946,0.0486253583892413,BALANCING
1.738,-0.275021342849395,-0.04983056094894223,32.548948864673065,0.04854206912283378,BALANCING
1.74,-0.275120232206212,-0.049125439245573166,32.501735542711245,0.048458791448593,BALANCING
1.742,-0.2752177129439637,-0.048421932315185455,32.45450789477595,0.048375525685674964,BALANCING
1.744,-0.27531378829123015,-0.04772003893730854,32.407266155830555,0.048292272152361634,BALANCING
1.746,-0.2754084614741462,-0.047019757887858706,32.360010560290796,0.048209031166061865,BALANCING
1.748,-0.27550173571639436,-0.04632108793915364,32.312741342025205,0.048125803043312335,BALANCING
1.75,-0.2755936142391972,-0.045624027859926794,32.26545873435555,0.04804258809977847,BALANCING
1.752,-0.2756841002613108,-0.04492857641534175,32.21816297005723,0.047959386650255384,BALANCING
1.754,-0.2757731969990171,-0.04423473236700684,32.17085428135976,0.047876199008668754,BALANCING
1.756,-0.2758609076661171,-0.04354249447298927,32.123532899947186,0.04779302548807585,BALANCING
1.758,-0.27594723547392375,-0.04285186148782964,32.076199056958515,0.04770986640066634,BALANCING
1.76,-0.2760321836312548,-0.04216283216255615,32.02885298298815,0.04762672205776331,BALANCING
1.762,-0.27611575534442595,-0.041475405244699046,31.981494908086354,0.04754359276982418,BALANCING
1.764,-0.27619795381724377,-0.04078957947830478,31.93412506175967,0.04746047884644161,BALANCING
1.766,-0.2762787822509986,-0.040105353603950324,31.886743672971363,0.04737738059634448,BALANCING
1.768,-0.27635824384445806,-0.0394227263587575,31.839350970141883,0.04729429832739876,BALANCING
1.77,-0.2764363417938597,-0.038741696476407024,31.791947181149283,0.04721123234660854,BALANCING
1.772,-0.2765130792929043,-0.03806226268715286,31.744532533329686,0.04712818296011687,BALANCING
1.774,-0.2765884595327492,-0.037384423717836304,31.69710725347771,0.047045150473206794,BALANCING
1.776,-0.27666248570200114,-0.036708178291900206,31.649671567846944,0.046962135190302186,BALANCING
1.778,-0.27673516098670986,-0.03603352512940298,31.602225702150363,0.04687913741496879,BALANCING
1.78,-0.27680648857036105,-0.03536046294703285,31.55476988156081,0.04679615744991512,BALANCING
1.782,-0.2768764716338697,-0.0346889904581219,31.50730433071142,0.046713195596993405,BALANCING
1.784,-0.27694511335557365,-0.03401910637266006,31.45982927369609,0.04663025215720054,BALANCING
1.786,-0.2770124169112264,-0.03335080939730929,31.412344934069935,0.04654732743067903,BALANCING
1.788,-0.277078385473991,-0.03268409823541741,31.364851534849713,0.046464421716717934,BALANCING
1.79,-0.27714302221443315,-0.032018971587032305,31.31734929851432,0.046381535313753816,BALANCING
1.792,-0.2772063303005147,-0.0313554281489157,31.269838447005213,0.04629866851937172,BALANCING
1.794,-0.2772683128975871,-0.030693466614557244,31.222319201726886,0.046215821630306075,BALANCING
1.796,-0.2773289731683846,-0.030033085674188383,31.17479178354733,0.046132994942441705,BALANCING
1.798,-0.27738831427301835,-0.029374284014796383,31.127256412798477,0.04605018875081471,BALANCING
1.8,-0.2774463393689694,-0.028717060320137995,31.079713309276674,0.04596740334961349,BALANCING
1.802,-0.2775030516110823,-0.0280614132707535,31.032162692243148,0.04588463903217968,BALANCING
1.804,-0.27755845415155894,-0.027407341543980557,30.984604780424444,0.04580189609100906,BALANCING
1.806,-0.27761255013995206,-0.02675484381396784,30.93703979201292,0.0457191748177526,BALANCING
1.808,-0.27766534272315874,-0.026103918751689045,30.889467944667196,0.04563647550321732,BALANCING
1.81,-0.2777168350454143,-0.025454565024956494,30.841889455512618,0.04555379843736734,BALANCING
1.812,-0.27776703024828564,-0.024806781298434995,30.79430454114173,0.04547114390932481,BALANCING
1.814,-0.27781593147066536,-0.024160566233655572,30.746713417614746,0.04538851220737083,BALANCING
1.816,-0.2778635418487653,-0.023515918489029144,30.69911630046,0.045305903618946444,BALANCING
1.818,-0.27790986451611044,-0.02287283671986013,30.651513404674443,0.045223318430653664,BALANCING
1.82,-0.27795490260353234,-0.022231319578360255,30.60390494472409,0.045140756928256316,BALANCING
1.822,-0.2779986592391635,-0.0215913657136621,30.556291134544516,0.04505821939668111,BALANCING
1.824,-0.2780411375484308,-0.02095297377183272,30.5086721875413,0.04497570612001855,BALANCING
1.826,-0.27808234065404963,-0.020316142395887284,30.461048316590524,0.04489321738152392,BALANCING
1.828,-0.27812227167601755,-0.019680870225802626,30.413419734039238,0.04481075346361828,BALANCING
1.83,-0.2781609337316086,-0.01904715589853082,30.365786651705925,0.044728314647889345,BALANCING
1.832,-0.27819832993536686,-0.018414998048012558,30.318149280881006,0.04464590121509259,BALANCING
1.834,-0.27823446339910074,-0.017784395305190902,30.27050783232729,0.04456351344515214,BALANCING
1.836,-0.2782693372318768,-0.01715534629802465,30.22286251628047,0.044481151617161714,BALANCING
1.838,-0.27830295454001397,-0.016527849651501714,30.175213542449583,0.04439881600938568,BALANCING
1.84,-0.2783353184270775,-0.01590190398765269,30.127561120017525,0.04431650689925998,BALANCING
1.842,-0.2783664319938731,-0.015277507925564215,30.0799054576415,0.044234224563393106,BALANCING
1.844,-0.278396298338441,-0.014654660081392337,30.032246763453518,0.044151969277567114,BALANCING
1.846,-0.2784249205560503,-0.014033359068375939,29.984585245060874,0.044069741316738575,BALANCING
1.848,-0.2784523017391929,-0.013413603496850118,29.936921109546642,0.043987540955039525,BALANCING
1.85,-0.27847844497757773,-0.012795391974259383,29.88925456347014,0.043905368465778506,BALANCING
1.852,-0.2785033533581254,-0.0121787231051711,29.84158581286744,0.04382322412144149,BALANCING
1.854,-0.2785270299649618,-0.01156359549128865,29.793915063251845,0.04374110819369294,BALANCING
1.856,-0.2785494778794129,-0.010950007731464819,29.746242519614377,0.04365902095337668,BALANCING
1.858,-0.27857070017999885,-0.010337958421714971,29.698568386424263,0.043576962670516965,BALANCING
1.86,-0.2785906999424283,-0.009727446155230189,29.650892867629437,0.04349493361431946,BALANCING
1.862,-0.2786094802395928,-0.009118469522390654,29.603216166657013,0.04341293405317217,BALANCING
1.864,-0.27862704414156136,-0.008511027110778628,29.5555384864138,0.04333096425464646,BALANCING
1.866,-0.2786433947155746,-0.007905117505191706,29.507860029286768,0.04324902448549808,BALANCING
1.868,-0.27865853502603927,-0.007300739287655926,29.46018099714357,0.043167115011668075,BALANCING
1.87,-0.27867246813452284,-0.006697891037438812,29.41250159133302,0.043085236098283845,BALANCING
1.872,-0.27868519709974787,-0.006096571331062642,29.364822012685586,0.04300338800966009,BALANCING
1.874,-0.27869672497758674,-0.005496778742317222,29.317142461513903,0.042921571009299817,BALANCING
1.8760000000000001,-0.27870705482105584,-0.0048985118422731995,29.269463137613247,0.04283978535989532,BALANCING
1.8780000000000001,-0.27871618968031037,-0.0043017691992948675,29.221784240262064,0.04275803132332921,BALANCING
1.8800000000000001,-0.27872413260263906,-0.0037065493790533247,29.17410596822244,0.04267630916067535,BALANCING
1.8820000000000001,-0.2787308866324585,-0.0031128509445392974,29.126428519740614,0.04259461913219989,BALANCING
1.8840000000000001,-0.27873645481130804,-0.002520672456076207,29.07875209254748,0.04251296149736226,BALANCING
1.8860000000000001,-0.27874084017784434,-0.0019300124713330345,29.03107688385909,0.04243133651481614,BALANCING
1.8880000000000001,-0.2787440457678361,-0.0013408695453372547,28.983403090377145,0.04234974444241048,BALANCING
1.8900000000000001,-0.2787460746141589,-0.0007532422304876972,28.93573090828952,0.04226818553719049,BALANCING
1.8920000000000001,-0.2787469297467898,-0.00016712907656742457,28.88806053327075,0.04218666005539863,BALANCING
1.8940000000000001,-0.27874661419280206,0.0004174713692435155,28.840392160482537,0.042105168252475636,BALANCING
1.8960000000000001,-0.2787451309763603,0.001000560562355062,28.79272598457426,0.04202371038306146,BALANCING
1.8980000000000001,-0.27874248311871486,0.0015821399607546347,28.7450621996835,0.04194228670099637,BALANCING
1.9000000000000001,-0.2787386736381971,0.0021622110249941338,28.6974009994365,0.04186089745932182,BALANCING
1.9020000000000001,-0.278733705550214,0.0027407752181772497,28.64974257694873,0.041779542910281575,BALANCING
1.9040000000000001,-0.2787275818672431,0.0033178340059468684,28.60208712482536,0.04169822330532264,BALANCING
1.9060000000000001,-0.27872030559882766,0.0038933888564721864,28.55443483516178,0.0416169388950963,BALANCING
1.9080000000000001,-0.2787118797515713,0.004467441240436111,28.50678589954411,0.041535689929459094,BALANCING
1.9100000000000001,-0.2787023073291332,0.005039992631022552,28.459140509049718,0.04145447665747382,BALANCING
1.9120000000000001,-0.27869159133222304,0.0056110445039039185,28.411498854247732,0.04137329932741059,BALANCING
1.9140000000000001,-0.27867973475859603,0.006180598337228348,28.36386112519954,0.04129215818674777,BALANCING
1.9160000000000001,-0.27866674060304797,0.006748655611607229,28.316227511459328,0.04121105348217306,BALANCING
1.9180000000000001,-0.27865261185741047,0.007315217810102476,28.268598202074564,0.0411299854595844,BALANCING
1.92,-0.27863735151054575,0.007880286418214198,28.220973385586543,0.04104895436409108,BALANCING
1.922,-0.2786209625483422,0.008443862923868012,28.17335325003089,0.040967960440014696,BALANCING
1.924,-0.27860344795370906,0.009005948817402572,28.125737982938084,0.04088700393089019,BALANCING
1.926,-0.27858481070657215,0.009566545591557073,28.07812777133396,0.040806085079466786,BALANCING
1.928,-0.2785650537838686,0.010125654741458878,28.030522801740258,0.04072520412770912,BALANCING
1.93,-0.2785441801595423,0.010683277764610992,27.982923260175106,0.040644361316798154,BALANCING
1.932,-0.2785221928045392,0.011239416160879699,27.935329332153575,0.04056355688713223,BALANCING
1.934,-0.27849909468680256,0.011794071432482105,27.887741202688176,0.04048279107832808,BALANCING
1.936,-0.27847488877126814,0.012347245083973824,27.84015905628939,0.04040206412922182,BALANCING
1.938,-0.2784495780198597,0.012898938622236606,27.7925830769662,0.04032137627787001,BALANCING
1.94,-0.2784231653914844,0.013449153556466021,27.745013448226604,0.04024072776155061,BALANCING
1.942,-0.27839565384202786,0.013997891398159197,27.697450353078143,0.04016011881676406,BALANCING
1.944,-0.27836704632434994,0.014545153661102385,27.649893974028423,0.04007954967923422,BALANCING
1.946,-0.2783373457882801,0.015090941861358878,27.60234449308564,0.03999902058390945,BALANCING
1.948,-0.27830655518061265,0.01563525751725668,27.55480209175911,0.039918531764963607,BALANCING
1.95,-0.27827467744510237,0.016178102149376337,27.50726695105981,0.03983808345579706,BALANCING
1.952,-0.2782417155224602,0.016719477280538644,27.45973925150087,0.03975767588903771,BALANCING
1.954,-0.2782076723503483,0.017259384435792616,27.412219173098144,0.039677309296542014,BALANCING
1.956,-0.2781725508633762,0.01779782514240323,27.364706895370713,0.039596983909396,BALANCING
1.958,-0.2781363539930959,0.01833480092983938,27.317202597341417,0.0395166999579163,BALANCING
1.96,-0.2780990846679977,0.018870313329761627,27.269706457537396,0.03943645767165115,BALANCING
1.962,-0.27806074581350576,0.019404363876010276,27.222218653990616,0.03935625727938141,BALANCING
1.964,-0.2780213403519739,0.019936954104593306,27.174739364238402,0.03927609900912164,BALANCING
1.966,-0.27798087120268095,0.020468085553674173,27.127268765323965,0.039195983088121056,BALANCING
1.968,-0.2779393412818268,0.020997759763559925,27.079807033796946,0.03911590974286456,BALANCING
1.97,-0.277896753502528,0.021525978276689214,27.03235434571395,0.039035879199073815,BALANCING
1.972,-0.2778531107748134,0.022052742637620273,26.984910876639077,0.03895589168170824,BALANCING
1.974,-0.27780841600562006,0.022578054393018944,26.937476801644447,0.038875947414966014,BALANCING
1.976,-0.2777626720987891,0.023101915091646816,26.890052295310763,0.03879604662228514,BALANCING
1.978,-0.2777158819550612,0.0236243262843493,26.842637531727817,0.038716189526344424,BALANCING
1.98,-0.2776680484720729,0.024145289524043715,26.79523268449506,0.03863637634906458,BALANCING
1.982,-0.2776191745443521,0.024664806365707424,26.747837926722106,0.038556607311609176,BALANCING
1.984,-0.27756926306331414,0.025182878366365992,26.70045343102931,0.0384768826343857,BALANCING
1.986,-0.2775183169172577,0.025699507085081407,26.65307936954827,0.03839720253704657,BALANCING
1.988,-0.27746633899136064,0.026214694082940294,26.60571591392239,0.0383175672384902,BALANCING
1.99,-0.277413332167676,0.026728440923042066,26.55836323530741,0.03823797695686198,BALANCING
1.992,-0.2773592993251282,0.027240749170487206,26.511021504371968,0.038158431909555354,BALANCING
1.994,-0.2773042433395087,0.027751620392365558,26.463690891298118,0.03807893231321281,BALANCING
1.996,-0.2772481670834723,0.028261056157744605,26.416371565781883,0.03799947838372696,BALANCING
1.998,-0.27719107342653293,0.028769058037657776,26.369063697033802,0.03792007033624151,BALANCING
2.0,-0.2771329652350601,0.02927562760509272,26.32176745377947,0.03784070838515231,BALANCING
2.0020000000000002,-0.27707384537227475,0.029780766434979854,26.274483004260073,0.03776139274410844,BALANCING
2.004,-0.2770137166982454,0.03028447610418045,26.22721051623296,0.03768212362601315,BALANCING
2.0060000000000002,-0.2769525820698843,0.030786758191475343,26.17995015697217,0.03760290124302498,BALANCING
2.008,-0.2768904443409438,0.031287614277553166,26.13270209326898,0.037523725806558786,BALANCING
2.0100000000000002,-0.2768273063620121,0.03178704594499874,26.08546649143245,0.037444597527286676,BALANCING
2.012,-0.27676317098050995,0.03228505477828176,26.038243517289985,0.03736551661513914,BALANCING
2.0140000000000002,-0.27669804104068674,0.03278164236374514,25.991033336187872,0.0372864832793061,BALANCING
2.016,-0.2766319193836166,0.0332768102895935,25.943836112991825,0.03720749772823785,BALANCING
2.0180000000000002,-0.27656480884719475,0.033770560145881756,25.89665201208755,0.03712856016964618,BALANCING
2.02,-0.2764967122661341,0.03426289352450367,25.84948119738128,0.037049670810505364,BALANCING
2.0220000000000002,-0.27642763247196117,0.03475381201918042,25.802323832300342,0.036970829857053224,BALANCING
2.024,-0.2763575722930127,0.03524331722544918,25.75518007979369,0.036892037514792135,BALANCING
2.0260000000000002,-0.276286534554432,0.0357314107406518,25.70805010233247,0.03681329398849012,BALANCING
2.028,-0.2762145220781651,0.03621809416392332,25.660934061910577,0.036734599482181815,BALANCING
2.0300000000000002,-0.27614153768295774,0.03670336909618075,25.613832120045192,0.03665595419916955,BALANCING
2.032,-0.27606758418435123,0.03718723714011173,25.56674443777734,0.03657735834202439,BALANCING
2.0340000000000003,-0.2759926643946791,0.03766969990016323,25.519671175672464,0.036498812112587174,BALANCING
2.036,-0.275916781123064,0.038150758982530245,25.472612493820957,0.03642031571196953,BALANCING
2.0380000000000003,-0.2758399371754135,0.03863041599514458,25.425568551838722,0.036341869340554916,BALANCING
2.04,-0.27576213535441724,0.03910867254766363,25.37853950886774,0.0362634731979997,BALANCING
2.0420000000000003,-0.275683378459543,0.03958553025145915,25.331525523576612,0.03618512748323418,BALANCING
2.044,-0.27560366928703384,0.04006099071960607,25.28452675416113,0.03610683239446359,BALANCING
2.0460000000000003,-0.27552301062990414,0.040535055566871384,25.23754335834482,0.03602858812916919,BALANCING
2.048,-0.2754414052779367,0.04100772640970294,25.190575493379512,0.0359503948841093,BALANCING
2.05,-0.27535885601767895,0.04147900486621832,25.14362331604589,0.03587225285532031,BALANCING
2.052,-0.2752753656324401,0.04194889255619383,25.096686982654067,0.035794162238117745,BALANCING
2.054,-0.2751909369022873,0.04241739110105331,25.049766649044116,0.035716123227097316,BALANCING
2.056,-0.27510557260404295,0.04288450212385718,25.002862470586674,0.035638136016135954,BALANCING
2.058,-0.27501927551128086,0.04335022724929134,24.955974602183453,0.035560200798392845,BALANCING
2.06,-0.27493204839432345,0.04381456810365621,24.90910319826784,0.03548231776631049,BALANCING
2.062,-0.27484389402023823,0.044277526314855646,24.86224841280544,0.035404487111615715,BALANCING
2.064,-0.27475481515283495,0.04473910351238611,24.815410399294635,0.035326709025320764,BALANCING
2.066,-0.27466481455266195,0.045199301327325664,24.76858931076718,0.03524898369772432,BALANCING
2.068,-0.2745738949770035,0.04565812139232297,24.72178529978871,0.035171311318412536,BALANCING
2.07,-0.2744820591798763,0.046115565341586506,24.67499851845937,0.0350936920762601,BALANCING
2.072,-0.27438930991202654,0.04657163481087364,24.628229118414307,0.03501612615943126,BALANCING
2.074,-0.27429564992092687,0.047026331437479744,24.581477250824303,0.03493861375538093,BALANCING
2.076,-0.27420108195077314,0.047479656860227315,24.53474306639631,0.03486115505085563,BALANCING
2.078,-0.2741056087424815,0.04793161271945536,24.48802671537399,0.03478375023189461,BALANCING
2.08,-0.2740092330336855,0.04838220065700836,24.44132834753834,0.034706399483830905,BALANCING
2.082,-0.2739119575587328,0.04883142231622568,24.39464811220821,0.03462910299129232,BALANCING
2.084,-0.2738137850486823,0.049279279341930646,24.347986158240886,0.034551860938202526,BALANCING
2.086,-0.2737147182313013,0.049725773380420044,24.301342634032668,0.03447467350778211,BALANCING
2.088,-0.27361475983106237,0.05017090607945309,24.254717687519427,0.03439754088254958,BALANCING
2.09,-0.2735139125691408,0.05061467908824107,24.208111466177172,0.03432046324432243,BALANCING
2.092,-0.27341217916341115,0.05105709405743651,24.161524117022626,0.03424344077421823,BALANCING
2.094,-0.2733095623284449,0.05149815263912255,24.1149557866138,0.03416647365265563,BALANCING
2.096,-0.27320606477550724,0.05193785648680232,24.06840662105054,0.03408956205935538,BALANCING
2.098,-0.27310168921255457,0.05237620725538834,24.02187676597513,0.03401270617334147,BALANCING
2.1,-0.2729964383442313,0.05281320660119201,23.97536636657284,0.0339359061729421,BALANCING
2.102,-0.2728903148718675,0.053248856181912906,23.928875567572508,0.03385916223579076,BALANCING
2.104,-0.2727833214934756,0.0536831576566284,23.882404513247106,0.033782474538827274,BALANCING
2.106,-0.2726754609037483,0.05411611268578305,23.835953347414318,0.03370584325829883,BALANCING
2.108,-0.27256673579405516,0.05454772293117814,23.7895222134371,0.0336292685697611,BALANCING
2.11,-0.2724571488524406,0.054977990055961184,23.743111254224274,0.03355275064807918,BALANCING
2.112,-0.27234670276362055,0.05540691572461554,23.696720612231086,0.03347628966742873,BALANCING
2.114,-0.27223540020898024,0.0558345016029499,23.650350429459788,0.03339988580129699,BALANCING
2.116,-0.27212324386657144,0.05626074935808795,23.604000847460206,0.03332353922248386,BALANCING
2.118,-0.2720102364111097,0.05668566065845787,23.55767200733031,0.03324725010310284,BALANCING
2.12,-0.271896380513972,0.057109237173782156,23.51136404971681,0.03317101861458227,BALANCING
2.122,-0.271781678843194,0.05753148057506707,23.465077114815717,0.033094844927666206,BALANCING
2.124,-0.27166613406346746,0.0579523925345925,23.418811342372912,0.03301872921241556,BALANCING
2.126,-0.2715497488361378,0.05837197472590153,23.37256687168474,0.03294267163820914,BALANCING
2.128,-0.2714325258192017,0.058790228823790265,23.32634384159857,0.03286667237374467,BALANCING
2.13,-0.27131446766730427,0.05920715650429747,23.280142390513397,0.03279073158703989,BALANCING
2.132,-0.27119557703173686,0.059622759444694376,23.233962656380385,0.03271484944543358,BALANCING
2.134,-0.2710758565604345,0.06003703932347448,23.18780477670347,0.0326390261155866,BALANCING
2.136,-0.2709553088979734,0.060449997820343326,23.141668888539932,0.03256326176348295,BALANCING
2.138,-0.2708339366855688,0.06086163661620838,23.09555512850098,0.03248755655443083,BALANCING
2.14,-0.2707117425610723,0.061271957393168874,23.049463632752307,0.03241191065306371,BALANCING
2.142,-0.2705887291589694,0.061680961834505554,23.00339453701471,0.03233632422334136,BALANCING
2.144,-0.27046489911037763,0.062088651624670706,22.957347976564634,0.032260797428550876,BALANCING
2.146,-0.27034025504304376,0.062495028449278,22.911324086234767,0.03218533043130779,BALANCING
2.148,-0.27021479958134165,0.06290009399509247,22.865323000414623,0.03210992339355706,BALANCING
2.15,-0.2700885353462699,0.0633038499500205,22.81934485305111,0.03203457647657419,BALANCING
2.152,-0.26996146495544976,0.06370629800309963,22.773389777649133,0.03195928984096622,BALANCING
2.154,-0.26983359102312277,0.06410743984448874,22.727457907272154,0.031884063646672824,BALANCING
2.156,-0.2697049161601483,0.06450727716545804,22.68154937454279,0.03180889805296735,BALANCING
2.158,-0.2695754429740017,0.06490581165837894,22.635664311643385,0.031733793218457845,BALANCING
2.16,-0.26944517406877205,0.0653030450167143,22.5898028503166,0.03165874930108815,BALANCING
2.162,-0.26931411204515954,0.06569897893500849,22.543965121865988,0.03158376645813893,BALANCING
2.164,-0.2691822595004741,0.06609361510887736,22.498151257156582,0.03150884484622872,BALANCING
2.166,-0.2690496190286325,0.0664869552349985,22.452361386615486,0.03143398462131501,BALANCING
2.168,-0.2689161932201568,0.06687900101110134,22.406595640232442,0.031359185938695265,BALANCING
2.17,-0.26878198466217196,0.06726975413595725,22.360854147560435,0.03128444895300799,BALANCING
2.172,-0.26864699593840374,0.06765921630936989,22.31513703771626,0.031209773818233796,BALANCING
2.174,-0.26851122962917684,0.06804738923216522,22.26944443938111,0.03113516068769642,BALANCING
2.176,-0.2683746883114128,0.06843427460618187,22.22377648080118,0.031060609714063818,BALANCING
2.178,-0.2682373745586279,0.06881987413426136,22.178133289788228,0.03098612104934919,BALANCING
2.18,-0.2680992909409312,0.0692041895202383,22.132514993720175,0.030911694844912064,BALANCING
2.182,-0.2679604400250227,0.06958722246893075,22.086921719541678,0.030837331251459293,BALANCING
2.184,-0.26782082437419114,0.06996897468613053,22.04135359376474,0.030763030419046173,BALANCING
2.186,-0.2676804465483122,0.07034944787859355,21.995810742469278,0.03068879249707747,BALANCING
2.188,-0.26753930910384666,0.07072864375403012,21.95029329130371,0.03061461763430844,BALANCING
2.19,-0.26739741459383837,0.07110656402109541,21.90480136548555,0.03054050597884594,BALANCING
2.192,-0.26725476556791233,0.07148321038937976,21.859335089802002,0.030466457678149463,BALANCING
2.194,-0.2671113645722732,0.07185858456939913,21.813894588610527,0.030392472879032156,BALANCING
2.196,-0.26696721414970276,0.07223268827258555,21.768479985839452,0.03031855172766193,BALANCING
2.198,-0.2668223168395588,0.07260552321127756,21.72309140498855,0.03024469436956246,BALANCING
2.2,-0.26667667517777305,0.0729770910987107,21.677728969129625,0.030170900949614277,BALANCING
2.202,-0.26653029169684916,0.07334739364900801,21.63239280090711,0.030097171612055797,BALANCING
2.204,-0.2663831689258612,0.07371643257717057,21.587083022538643,0.03002350650048439,BALANCING
2.206,-0.26623530939045204,0.07408420959906804,21.54179975581568,0.02994990575785744,BALANCING
2.208,-0.2660867156128312,0.07445072643142917,21.49654312210406,0.029876369526493363,BALANCING
2.21,-0.2659373901117735,0.07481598479183238,21.451313242344614,0.029802897948072695,BALANCING
2.212,-0.26578733540261723,0.07517998639869651,21.406110237053742,0.029729491163639158,BALANCING
2.214,-0.26563655399726255,0.07554273297127123,21.36093422632401,0.02965614931360064,BALANCING
2.216,-0.26548504840416975,0.07590422622962786,21.315785329824735,0.029582872537730336,BALANCING
2.218,-0.26533282112835765,0.07626446789464997,21.27066366680259,0.029509660975167735,BALANCING
2.22,-0.2651798746714019,0.07662345968802405,21.225569356082186,0.029436514764419726,BALANCING
2.222,-0.2650262115314338,0.07698120333223021,21.180502516066657,0.0293634340433616,BALANCING
2.224,-0.264871834203138,0.07733770055053303,21.13546326473827,0.029290418949238152,BALANCING
2.226,-0.26471674517775157,0.0776929530669721,21.090451719658994,0.029217469618664685,BALANCING
2.228,-0.2645609469430622,0.07804696260635298,21.04546799797112,0.0291445861876281,BALANCING
2.23,-0.26440444198340673,0.0783997308942379,21.000512216397826,0.02907176879148794,BALANCING
2.232,-0.2642472327796696,0.07875125965693658,20.955584491243794,0.02899901756497742,BALANCING
2.234,-0.2640893218092813,0.0791015506214971,20.91068493839578,0.02892633264220453,BALANCING
2.236,-0.2639307115462171,0.07945060551569663,20.865813673323224,0.028853714156653016,BALANCING
2.238,-0.26377140446099556,0.07979842606803252,20.820970811078848,0.0287811622411835,BALANCING
2.24,-0.26361140302067687,0.080145014007713,20.776156466299227,0.02870867702803449,BALANCING
2.242,-0.26345070968886175,0.08049037106464814,20.731370753205404,0.028636258648823444,BALANCING
2.244,-0.2632893269256898,0.08083449896944085,20.686613785603473,0.02856390723454783,BALANCING
2.246,-0.2631272571878383,0.08117739945337779,20.64188567688518,0.02849162291558617,BALANCING
2.248,-0.26296450292852086,0.08151907424842034,20.597186540028513,0.028419405821699082,BALANCING
2.25,-0.2628010665974858,0.0818595250871956,20.5525164875983,0.028347256082030356,BALANCING
2.2520000000000002,-0.26263695064101517,0.08219875370298742,20.5078756317468,0.02827517382510798,BALANCING
2.254,-0.2624721575019234,0.08253676182972744,20.463264084214302,0.028203159178845208,BALANCING
2.2560000000000002,-0.2623066896195557,0.08287355120198608,20.418681956329717,0.0281312122705416,BALANCING
2.258,-0.26214054942978726,0.0832091235549638,20.374129359011178,0.028059333226884097,BALANCING
2.2600000000000002,-0.26197373936502155,0.08354348062448191,20.329606402766636,0.027987522173948034,BALANCING
2.262,-0.2618062618541895,0.08387662414697394,20.28511319769445,0.02791577923719821,BALANCING
2.2640000000000002,-0.2616381193227479,0.08420855585947673,20.24064985348398,0.027844104541489948,BALANCING
2.266,-0.26146931419267844,0.08453927749962148,20.1962164794162,0.027772498211070133,BALANCING
2.2680000000000002,-0.26129984888248653,0.08486879080562501,20.151813184364283,0.027700960369578267,BALANCING
2.27,-0.26112972580720006,0.08519709751628098,20.107440076794187,0.027629491140047504,BALANCING
2.2720000000000002,-0.2609589473783682,0.08552419937095108,20.063097264765275,0.02755809064490573,BALANCING
2.274,-0.2607875160040606,0.08585009810955625,20.0187848559309,0.02748675900597659,BALANCING
2.2760000000000002,-0.26061543408886567,0.08617479547256798,19.974502957538995,0.027415496344480542,BALANCING
2.278,-0.26044270403389014,0.08649829320099958,19.930251676432686,0.02734430278103591,BALANCING
2.2800000000000002,-0.2602693282367575,0.08682059303639744,19.88603111905087,0.02727317843565992,BALANCING
2.282,-0.26009530909160744,0.08714169672083244,19.84184139142884,0.027202123427769783,BALANCING
2.2840000000000003,-0.2599206489890941,0.0874616059968912,19.797682599198854,0.027131137876183698,BALANCING
2.286,-0.2597453503163858,0.08778032260766748,19.753554847590745,0.027060221899121925,BALANCING
2.2880000000000003,-0.25956941545716355,0.08809784829675363,19.709458241432525,0.026989375614207844,BALANCING
2.29,-0.2593928467916202,0.08841418480823185,19.665392885150975,0.026918599138468988,BALANCING
2.2920000000000003,-0.25921564669645963,0.08872933388666575,19.62135888277225,0.026847892588338078,BALANCING
2.294,-0.2590378175448954,0.08904329727709169,19.577356337922463,0.026777256079654102,BALANCING
2.2960000000000003,-0.2588593617066503,0.08935607672501035,19.533385353828297,0.026706689727663338,BALANCING
2.298,-0.25868028154795497,0.08966767397637807,19.489446033317613,0.026636193647020422,BALANCING
2.3000000000000003,-0.25850057943154736,0.0899780907775985,19.445538478820012,0.026565767951789363,BALANCING
2.302,-0.25832025771667166,0.09028732887551402,19.401662792367485,0.02649541275544463,BALANCING
2.3040000000000003,-0.25813931875907753,0.09059539001739736,19.357819075594964,0.026425128170872173,BALANCING
2.306,-0.25795776491101907,0.09090227595094308,19.31400742974095,0.026354914310370455,BALANCING
2.308,-0.25777559852125426,0.09120798842425924,19.27022795564811,0.02628477128565156,BALANCING
2.31,-0.2575928219350438,0.0915125291858589,19.226480753763866,0.02621469920784216,BALANCING
2.312,-0.2574094374941507,0.09181589998465191,19.18276592414099,0.026144698187484605,BALANCING
2.314,-0.2572254475368392,0.09211810256993633,19.139083566438234,0.026074768334537972,BALANCING
2.316,-0.257040854397874,0.09241913869139033,19.095433779920885,0.02600490975837909,BALANCING
2.318,-0.25685566040851987,0.09271901009906365,19.05181666346141,0.025935122567803597,BALANCING
2.32,-0.2566698678965404,0.09301771854336947,19.00823231554002,0.025865406871026987,BALANCING
2.322,-0.2564834791861976,0.09331526577507605,18.96468083424529,0.025795762775685637,BALANCING
2.324,-0.25629649659825127,0.09361165354529853,18.92116231727475,0.025726190388837868,BALANCING
2.326,-0.256108922449958,0.09390688360549063,18.877676861935495,0.02565668981696498,BALANCING
2.328,-0.2559207590550708,0.0942009577074365,18.834224565144773,0.025587261165972316,BALANCING
2.33,-0.25573200872383817,0.09449387760324242,18.790805523430592,0.02551790454119027,BALANCING
2.332,-0.2555426737630039,0.09478564504532874,18.747419832932323,0.025448620047375366,BALANCING
2.334,-0.25535275647580585,0.09507626178642166,18.704067589401298,0.025379407788711263,BALANCING
2.336,-0.255162259161976,0.09536572957954507,18.660748888201404,0.025310267868809824,BALANCING
2.338,-0.2549711841177392,0.09565405017801254,18.617463824309695,0.025241200390712162,BALANCING
2.34,-0.2547795336358133,0.09594122533541907,18.57421249231698,0.025172205456889668,BALANCING
2.342,-0.2545873100054079,0.09622725680563315,18.530994986428443,0.02510328316924505,BALANCING
2.344,-0.25439451551222436,0.09651214634278857,18.487811400464224,0.025034433629113378,BALANCING
2.346,-0.2542011524384549,0.09679589570127653,18.44466182786002,0.02496565693726314,BALANCING
2.348,-0.25400722306278245,0.09707850663573747,18.401546361667716,0.024896953193897262,BALANCING
2.35,-0.2538127296603797,0.09735998090105318,18.35846509455594,0.024828322498654156,BALANCING
2.352,-0.2536176745029091,0.09764032025233878,18.3154181188107,0.02475976495060876,BALANCING
2.354,-0.2534220598585223,0.09791952644493475,18.272405526335977,0.024691280648273577,BALANCING
2.356,-0.25322588799185924,0.098197601234399,18.22942740865431,0.024622869689599713,BALANCING
2.358,-0.2530291611640484,0.09847454637649897,18.18648385690742,0.024554532171977922,BALANCING
2.36,-0.252831881632706,0.0987503636272037,18.143574961856793,0.02448626819223964,BALANCING
2.362,-0.25263405165193553,0.09902505474267592,18.1007008138843,0.024418077846658025,BALANCING
2.364,-0.2524356734723277,0.0992986214792643,18.057861502992772,0.024349961230948982,BALANCING
2.366,-0.2522367493409599,0.09957106559349545,18.015057118806627,0.024281918440272228,BALANCING
2.368,-0.2520372815013957,0.0998423888420662,17.97228775057247,0.024213949569232313,BALANCING
2.37,-0.2518372721936848,0.10011259298183578,17.929553487159662,0.02414605471187964,BALANCING
2.372,-0.2516367236543626,0.10038167976981806,17.88685441706097,0.024078233961711534,BALANCING
2.374,-0.25143563811644976,0.1006496509631737,17.844190628393125,0.02401048741167326,BALANCING
2.376,-0.2512340178094521,0.10091650831920251,17.801562208897455,0.023942815154159056,BALANCING
2.378,-0.25103186495936036,0.10118225359533564,17.758969245940467,0.02387521728101319,BALANCING
2.38,-0.2508291817886497,0.10144688854912788,17.716411826514456,0.023807693883530958,BALANCING
2.382,-0.25062597051627983,0.10171041493825009,17.67389003723811,0.023740245052459755,BALANCING
2.384,-0.25042223335769426,0.10197283452048132,17.631403964357105,0.02367287087800009,BALANCING
2.386,-0.25021797252482064,0.10223414905370137,17.588953693744706,0.02360557144980663,BALANCING
2.388,-0.25001319022607027,0.10249436029588303,17.546539310902382,0.023538346856989214,BALANCING
2.39,-0.249807888666338,0.10275347000508457,17.50416090096039,0.023471197188113923,BALANCING
2.392,-0.24960207004700202,0.103011479939442,17.46181854867838,0.023404122531204063,BALANCING
2.394,-0.2493957365659238,0.10326839185716165,17.419512338446008,0.02333712297374124,BALANCING
2.396,-0.2491888904174478,0.10352420751651256,17.37724235428353,0.023270198602666374,BALANCING
2.398,-0.24898153379240154,0.10377892867581893,17.335008679842407,0.023203349504380733,BALANCING
2.4,-0.2487736688780954,0.10403255709345266,17.29281139840589,0.023136575764746974,BALANCING
2.402,-0.24856529785832254,0.10428509452782575,17.250650592889656,0.02306987746909015,BALANCING
2.404,-0.24835642291335883,0.1045365427373829,17.20852634584237,0.02300325470219875,BALANCING
2.406,-0.24814704621996275,0.10478690348059413,17.166438739446313,0.022936707548325753,BALANCING
2.408,-0.2479371699513755,0.10503617851594721,17.12438785551798,0.02287023609118963,BALANCING
2.41,-0.24772679627732075,0.10528436960194025,17.08237377550867,0.02280384041397537,BALANCING
2.412,-0.24751592736400485,0.1055314784970744,17.040396580505103,0.022737520599335533,BALANCING
2.414,-0.24730456537411666,0.10577750695984639,16.998456351230004,0.022671276729391274,BALANCING
2.416,-0.24709271246682765,0.10602245674874121,16.956553168042724,0.022605108885733322,BALANCING
2.418,-0.246880370797792,0.10626632962222476,16.914687110939827,0.0225390171494231,BALANCING
2.42,-0.24666754251914638,0.10650912733873649,16.8728582595557,0.022473001600993667,BALANCING
2.422,-0.24645422977951034,0.10675085165668217,16.831066693163137,0.022407062320450793,BALANCING
2.424,-0.24624043472398618,0.1069915043344265,16.789312490673968,0.022341199387273955,BALANCING
2.426,-0.24602615949415907,0.10723108713028595,16.747595730639638,0.022275412880417386,BALANCING
2.428,-0.2458114062280973,0.10746960180252145,16.705916491251823,0.02220970287831109,BALANCING
2.43,-0.24559617706035217,0.10770705010933124,16.66427485034302,0.02214406945886186,BALANCING
2.432,-0.24538047412195824,0.10794343380884357,16.622670885387148,0.022078512699454336,BALANCING
2.434,-0.24516429954043356,0.1081787546591095,16.581104673500164,0.02201303267695197,BALANCING
2.436,-0.24494765543977967,0.10841301441809587,16.539576291440643,0.02194762946769811,BALANCING
2.438,-0.24473054394048188,0.10864621484367797,16.4980858156104,0.02188230314751698,BALANCING
2.44,-0.24451296715950943,0.10887835769363251,16.45663332205507,0.021817053791714718,BALANCING
2.442,-0.2442949272103157,0.10910944472563054,16.415218886464725,0.02175188147508041,BALANCING
2.444,-0.2440764262028384,0.10933947769723026,16.373842584174476,0.021686786271887103,BALANCING
2.446,-0.24385746624349988,0.10956845836586997,16.332504490165057,0.021621768255892796,BALANCING
2.448,-0.24363804943520734,0.10979638848886107,16.291204679063437,0.021556827500341515,BALANCING
2.45,-0.24341817787735295,0.11002326982338097,16.24994322514342,0.021491964077964297,BALANCING
2.452,-0.24319785366581442,0.110249104126466,16.20872020232625,0.021427178060980216,BALANCING
2.454,-0.24297707889295508,0.11047389315500465,16.167535684181203,0.02136246952109741,BALANCING
2.456,-0.24275585564762414,0.11069763866573026,16.126389743926193,0.02129783852951408,BALANCING
2.458,-0.24253418601515722,0.11092034241521435,16.08528245442836,0.021233285156919548,BALANCING
2.46,-0.24231207207737654,0.11114200615985946,16.044213888204695,0.02116880947349522,BALANCING
2.462,-0.24208951591259117,0.11136263165589237,16.003184117422617,0.021104411548915666,BALANCING
2.464,-0.2418665195955976,0.11158222065935705,15.962193213900584,0.02104009145234956,BALANCING
2.466,-0.24164308519768005,0.11180077492610796,15.92124124910869,0.020975849252460783,BALANCING
2.468,-0.24141921478661074,0.112018296211803,15.880328294169267,0.02091168501740937,BALANCING
2.47,-0.24119491042665045,0.11223478627189673,15.839454419857484,0.020847598814852555,BALANCING
2.472,-0.24097017417854882,0.11245024686163356,15.798619696601943,0.020783590711945778,BALANCING
2.474,-0.24074500809954477,0.11266467973604091,15.757824194485284,0.020719660775343707,BALANCING
2.476,-0.24051941424336706,0.11287808664992241,15.71706798324478,0.020655809071201243,BALANCING
2.478,-0.24029339466023472,0.11309046935785114,15.676351132272941,0.020592035665174546,BALANCING
2.48,-0.24006695139685733,0.11330182961416281,15.635673710618114,0.020528340622422023,BALANCING
2.482,-0.23984008649643573,0.1135121691729491,15.595035786985072,0.020464724007605368,BALANCING
2.484,-0.23961280199866244,0.11372148978805088,15.554437429735627,0.02040118588489055,BALANCING
2.486,-0.23938509993972215,0.11392979321305159,15.51387870688922,0.020337726317948838,BALANCING
2.488,-0.23915698235229227,0.11413708120127043,15.473359686123517,0.020274345369957814,BALANCING
2.49,-0.2389284512655434,0.11434335550575575,15.432880434775026,0.020211043103602375,BALANCING
2.492,-0.23869950870513995,0.11454861787927845,15.392441019839668,0.02014781958107574,BALANCING
2.494,-0.2384701566932407,0.11475287007432525,15.3520415079734,0.02008467486408046,BALANCING
2.496,-0.2382403972484993,0.11495611384309222,15.311681965492802,0.020021609013829444,BALANCING
2.498,-0.23801023238606497,0.11515835093747799,15.271362458375673,0.019958622091046936,BALANCING
2.5,-0.23777966411758303,0.11535958310907737,15.23108305226164,0.019895714155969548,BALANCING
2.5020000000000002,-0.2375486944511955,0.11555981210917467,15.190843812452743,0.01983288526834726,BALANCING
2.504,-0.23731732539154182,0.11575903968873717,15.15064480391404,0.0197701354874444,BALANCING
2.5060000000000002,-0.2370855589397594,0.11595726759840867,15.110486091274206,0.019707464872040708,BALANCING
2.508,-0.23685339709348435,0.1161544975885029,15.07036773882613,0.019644873480432277,BALANCING
2.5100000000000002,-0.23662084184685198,0.1163507314089971,15.03028981052751,0.019582361370432597,BALANCING
2.512,-0.23638789519049772,0.11654597080952551,14.990252370001446,0.019519928599373543,BALANCING
2.5140000000000002,-0.23615455911155764,0.11674021753937297,14.950255480537052,0.01945757522410639,BALANCING
2.516,-0.23592083559366925,0.11693347334746847,14.910299205090038,0.019395301301002806,BALANCING
2.5180000000000002,-0.23568672661697218,0.11712573998237863,14.870383606283314,0.019333106885955846,BALANCING
2.52,-0.2354522341581089,0.11731701919230153,14.830508746407585,0.01927099203438097,BALANCING
2.5220000000000002,-0.2352173601902254,0.11750731272506018,14.79067468742195,0.019208956801217054,BALANCING
2.524,-0.23498210668297217,0.1176966223280961,14.750881490954495,0.019147001240927344,BALANCING
2.5260000000000002,-0.23474647560250472,0.11788494974846317,14.711129218302892,0.019085125407500507,BALANCING
2.528,-0.2345104689114845,0.11807229673282117,14.671417930434995,0.019023329354451602,BALANCING
2.5300000000000002,-0.2342740885690797,0.1182586650274295,14.631747687989435,0.018961613134823085,BALANCING
2.532,-0.23403733653096595,0.1184440563781409,14.592118551276213,0.018899976801185808,BALANCING
2.5340000000000003,-0.23380021474932727,0.11862847253039527,14.552530580277304,0.018838420405640016,BALANCING
2.536,-0.23356272517285678,0.11881191522921321,14.512983834647248,0.01877694399981635,BALANCING
2.5380000000000003,-0.2333248697467577,0.11899438621919,14.473478373713736,0.01871554763487681,BALANCING
2.54,-0.233086650412744,0.1191758872444893,14.434014256478227,0.01865423136151581,BALANCING
2.5420000000000003,-0.2328480691090415,0.11935642004883694,14.394591541616519,0.01859299522996112,BALANCING
2.544,-0.23260912777038859,0.1195359863755148,14.355210287479364,0.018531839289974896,BALANCING
2.5460000000000003,-0.23236982832803713,0.11971458796735451,14.315870552093047,0.018470763590854637,BALANCING
2.548,-0.23213017270975347,0.11989222656673144,14.27657239315999,0.01840976818143421,BALANCING
2.5500000000000003,-0.23189016283981936,0.1200689039155586,14.237315868059346,0.018348853110084835,BALANCING
2.552,-0.23164980063903265,0.12024462175528039,14.198101033847587,0.018288018424716064,BALANCING
2.5540000000000003,-0.2314090880247085,0.1204193818268666,14.158927947259105,0.018227264172776782,BALANCING
2.556,-0.23116802691068028,0.1205931858708064,14.1197966647068,0.018166590401256212,BALANCING
2.5580000000000003,-0.23092661920730045,0.12076603562710213,14.08070724228268,0.018105997156684872,BALANCING
2.56,-0.23068486682144163,0.12093793283526337,14.041659735758445,0.018045484485135585,BALANCING
2.562,-0.2304427716564975,0.12110887923430089,14.002654200586095,0.017985052432224462,BALANCING
2.564,-0.23020033561238393,0.12127887656272072,13.963690691898503,0.017924701043111904,BALANCING
2.566,-0.22995756058553984,0.12144792655851802,13.92476926451003,0.017864430362503576,BALANCING
2.568,-0.2297144484689284,0.12161603095917124,13.885889972917095,0.017804240434651383,BALANCING
2.57,-0.2294710011520379,0.12178319150163609,13.847052871298791,0.01774413130335448,BALANCING
2.572,-0.22922722052088298,0.1219494099223397,13.808258013517456,0.01768410301196024,BALANCING
2.574,-0.2289831084580055,0.1221146879571746,13.769505453119281,0.017624155603365256,BALANCING
2.576,-0.22873866684247582,0.12227902734149292,13.730795243334894,0.017564289120016306,BALANCING
2.578,-0.22849389754989366,0.12244242981010038,13.69212743707995,0.01750450360391134,BALANCING
2.58,-0.22824880245238943,0.12260489709725064,13.653502086955726,0.01744479909660047,BALANCING
2.582,-0.22800338341862517,0.12276643093663926,13.614919245249713,0.01738517563918696,BALANCING
2.584,-0.22775764231379578,0.12292703306139796,13.576378963936207,0.017325633272328184,BALANCING
2.586,-0.22751158099963006,0.12308670520408878,13.537881294676895,0.01726617203623662,BALANCING
2.588,-0.22726520133439193,0.12324544909669834,13.499426288821455,0.017206791970680847,BALANCING
2.59,-0.22701850517288164,0.12340326647063202,13.461013997408132,0.01714749311498649,BALANCING
2.592,-0.2267714943664367,0.12356015905670821,13.422644471164345,0.017088275508037213,BALANCING
2.594,-0.22652417076293335,0.12371612858515253,13.384317760507264,0.017029139188275724,BALANCING
2.596,-0.22627653620678762,0.12387117678559227,13.346033915544405,0.016970084193704698,BALANCING
2.598,-0.22602859253895644,0.12402530538705049,13.30779298607422,0.01691111056188782,BALANCING
2.6,-0.22578034159693908,0.12417851611794037,13.269595021586685,0.016852218329950694,BALANCING
2.602,-0.22553178521477818,0.12433081070605967,13.231440071263888,0.01679340753458186,BALANCING
2.604,-0.225282925223061,0.12448219087858496,13.19332818398062,0.016734678212033772,BALANCING
2.606,-0.22503376344892087,0.12463265836206598,13.15525940830496,0.01667603039812375,BALANCING
2.608,-0.22478430171603825,0.12478221488242008,13.117233792498874,0.016617464128234952,BALANCING
2.61,-0.22453454184464197,0.12493086216492663,13.079251384518786,0.016558979437317368,BALANCING
2.612,-0.2242844856515107,0.12507860193422132,13.041312232016177,0.016500576359888785,BALANCING
2.614,-0.2240341349499741,0.12522543591429075,13.003416382338173,0.016442254930035746,BALANCING
2.616,-0.22378349154991417,0.12537136582846675,12.965563882528132,0.016384015181414534,BALANCING
2.618,-0.22353255725776652,0.1255163933994209,12.92775477932622,0.016325857147252133,BALANCING
2.62,-0.22328133387652185,0.125660520349159,12.889989119170016,0.016267780860347202,BALANCING
2.622,-0.2230298232057271,0.12580374839901565,12.852266948195089,0.016209786353071045,BALANCING
2.624,-0.22277802704148686,0.12594607926964865,12.814588312235578,0.016151873657368573,BALANCING
2.626,-0.22252594717646482,0.1260875146810336,12.776953256824793,0.016094042804759272,BALANCING
2.628,-0.22227358539988504,0.1262280563524584,12.73936182719579,0.01603629382633818,BALANCING
2.63,-0.22202094349753326,0.1263677060025179,12.70181406828196,0.015978626752776833,BALANCING
2.632,-0.22176802325175857,0.12650646534910845,12.664310024717611,0.01592104161432424,BALANCING
2.634,-0.2215148264414745,0.1266443361094225,12.626849740838562,0.015863538440807876,BALANCING
2.636,-0.22126135484216058,0.12678131999994313,12.589433260682718,0.015806117261634573,BALANCING
2.638,-0.2210076102258638,0.1269174187364389,12.552060627990661,0.015748778105791564,BALANCING
2.64,-0.22075359436119996,0.1270526340339583,12.514731886206235,0.01569152100184739,BALANCING
2.642,-0.2204993090133552,0.12718696760682452,12.477447078477118,0.015634345977952883,BALANCING
2.644,-0.22024475594408738,0.12732042116863013,12.440206247655425,0.01557725306184213,BALANCING
2.646,-0.21998993691172752,0.12745299643223168,12.403009436298275,0.015520242280833412,BALANCING
2.648,-0.21973485367118148,0.12758469510974463,12.365856686668383,0.015463313661830189,BALANCING
2.65,-0.21947950797393118,0.1277155189125379,12.328748040734645,0.015406467231322041,BALANCING
2.652,-0.21922390156803626,0.1278454695512287,12.29168354017271,0.015349703015385633,BALANCING
2.654,-0.21896803619813557,0.12797454873567723,12.25466322636557,0.015293021039685667,BALANCING
2.656,-0.21871191360544864,0.12810275817498168,12.217687140404148,0.015236421329475842,BALANCING
2.658,-0.21845553552777727,0.12823009957747272,12.180755323087867,0.015179903909599814,BALANCING
2.66,-0.21819890369950704,0.12835657465070857,12.143867814925237,0.015123468804492127,BALANCING
2.662,-0.21794201985160888,0.12848218510146978,12.107024656134442,0.015067116038179207,BALANCING
2.664,-0.21768488571164057,0.12860693263575393,12.070225886643913,0.01501084563428028,BALANCING
2.666,-0.2174275030037484,0.12873081895877075,12.033471546092912,0.014954657616008336,BALANCING
2.668,-0.2171698734486687,0.12885384577493686,11.996761673832115,0.01489855200617109,BALANCING
2.67,-0.2169119987637294,0.12897601478787063,11.960096308924184,0.014842528827171917,BALANCING
2.672,-0.21665388066285174,0.12909732770038718,11.923475490144359,0.014786588101010807,BALANCING
2.674,-0.21639552085655175,0.1292177862144934,11.88689925598103,0.014730729849285328,BALANCING
2.676,-0.21613692105194207,0.12933739203138267,11.850367644636313,0.014674954093191554,BALANCING
2.678,-0.21587808295273325,0.12945614685143012,11.813880694026638,0.014619260853525023,BALANCING
2.68,-0.21561900825923574,0.1295740523741873,11.777438441783323,0.014563650150681692,BALANCING
2.682,-0.21535969866836138,0.12969111029837743,11.741040925253149,0.014508122004658864,BALANCING
2.684,-0.21510015587362502,0.12980732232189035,11.704688181498945,0.014452676435056147,BALANCING
2.686,-0.2148403815651463,0.1299226901417775,11.668380247300162,0.014397313461076392,BALANCING
2.688,-0.21458037742965125,0.13003721545424704,11.63211715915345,0.014342033101526661,BALANCING
2.69,-0.21432014515047404,0.1301508999546588,11.59589895327324,0.014286835374819118,BALANCING
2.692,-0.21405968640755868,0.13026374533751958,11.559725665592312,0.014231720298972022,BALANCING
2.694,-0.21379900287746065,0.13037575329647805,11.52359733176238,0.014176687891610645,BALANCING
2.696,-0.21353809623334874,0.13048692552431992,11.487513987154665,0.014121738169968225,BALANCING
2.698,-0.21327696814500668,0.13059726371296312,11.45147566686047,0.014066871150886886,BALANCING
2.7,-0.21301562027883497,0.13070676955345295,11.415482405691755,0.014012086850818598,BALANCING
2.702,-0.21275405429785255,0.13081544473595716,11.37953423818172,0.013957385285826103,BALANCING
2.704,-0.21249227186169858,0.13092329094976118,11.343631198585369,0.013902766471583861,BALANCING
2.706,-0.2122302746266343,0.1310303098832634,11.30777332088009,0.013848230423378976,BALANCING
2.708,-0.21196806424554465,0.13113650322397022,11.271960638766233,0.013793777156112144,BALANCING
2.71,-0.21170564236794018,0.1312418726584915,11.236193185667675,0.013739406684298587,BALANCING
2.712,-0.21144301063995885,0.13134641987253545,11.200470994732404,0.01368511902206897,BALANCING
2.714,-0.21118017070436773,0.13145014655090437,11.164794098833083,0.013630914183170363,BALANCING
2.716,-0.210917124200565,0.13155305437748951,11.12916253056763,0.013576792180967145,BALANCING
2.718,-0.2106538727645815,0.13165514503526657,11.09357632225979,0.01352275302844196,BALANCING
2.72,-0.2103904180290829,0.13175642020629091,11.0580355059597,0.013468796738196632,BALANCING
2.722,-0.2101267616233713,0.13185688157169312,11.022540113444471,0.013414923322453108,BALANCING
2.724,-0.20986290517338715,0.1319565308116739,10.987090176218755,0.013361132793054372,BALANCING
2.726,-0.20959885030171121,0.13205536960549996,10.95168572551532,0.013307425161465394,BALANCING
2.728,-0.20933459862756626,0.1321533996314989,10.91632679229561,0.01325380043877404,BALANCING
2.73,-0.2090701517668191,0.13225062256705505,10.88101340725033,0.013200258635692004,BALANCING
2.732,-0.2088055113319824,0.13234704008860443,10.845745600800011,0.013146799762555743,BALANCING
2.734,-0.20854067893221664,0.13244265387163057,10.810523403095578,0.013093423829327393,BALANCING
2.736,-0.208275656173332,0.13253746559065963,10.775346844018916,0.013040130845595702,BALANCING
2.738,-0.20801044465779017,0.13263147691925609,10.740215953183451,0.012986920820576937,BALANCING
2.74,-0.2077450459847065,0.13272468953001806,10.705130759934713,0.012933793763115825,BALANCING
2.742,-0.2074794617498518,0.13281710509457292,10.6700912933509,0.012880749681686477,BALANCING
2.744,-0.2072136935456542,0.13290872528357262,10.635097582243452,0.01282778858439329,BALANCING
2.746,-0.2069477429612013,0.13299955176668934,10.600149655157617,0.012774910478971885,BALANCING
2.748,-0.2066816115822421,0.133089586212611,10.565247540373019,0.012722115372790017,BALANCING
2.75,-0.2064153009911888,0.1331788302890368,10.53039126590423,0.0126694032728485,BALANCING
2.7520000000000002,-0.20614881276711894,0.1332672856626727,10.495580859501327,0.012616774185782132,BALANCING
2.754,-0.2058821484857774,0.13335495399922717,10.460816348650466,0.012564228117860581,BALANCING
2.7560000000000002,-0.2056153097195783,0.1334418369634066,10.426097760574448,0.012511765074989342,BALANCING
2.758,-0.20534829803760715,0.1335279362189111,10.391425122233281,0.012459385062710633,BALANCING
2.7600000000000002,-0.2050811150056226,0.1336132534284299,10.356798460324748,0.0124070880862043,BALANCING
2.762,-0.20481376218605887,0.13369779025363718,10.322217801284973,0.012354874150288755,BALANCING
2.7640000000000002,-0.20454624113802736,0.13378154835518766,10.287683171288984,0.012302743259421873,BALANCING
2.766,-0.20427855341731907,0.13386452939271223,10.253194596251278,0.012250695417701893,BALANCING
2.7680000000000002,-0.20401070057640636,0.13394673502481372,10.218752101826386,0.012198730628868362,BALANCING
2.77,-0.2037426841644452,0.13402816690906255,10.184355713409435,0.012146848896303018,BALANCING
2.7720000000000002,-0.2034745057272771,0.13410882670199245,10.150005456136709,0.012095050223030703,BALANCING
2.774,-0.20320616680743134,0.13418871605909619,10.115701354886223,0.012043334611720294,BALANCING
2.7760000000000002,-0.20293766894412693,0.13426783663482136,10.081443434278272,0.01199170206468558,BALANCING
2.778,-0.20266901367327472,0.1343461900825661,10.047231718676,0.011940152583886185,BALANCING
2.7800000000000002,-0.20240020252747962,0.13442377805467493,10.013066232185961,0.011888686170928486,BALANCING
2.782,-0.20213123703604255,0.13450060220243443,9.978946998658683,0.01183730282706649,BALANCING
2.7840000000000003,-0.20186211872496268,0.13457666417606923,9.944874041689223,0.011786002553202758,BALANCING
2.786,-0.2015928491169395,0.13465196562473764,9.91084738461773,0.011734785349889304,BALANCING
2.7880000000000003,-0.201323429731375,0.13472650819652765,9.876867050530011,0.011683651217328504,BALANCING
2.79,-0.2010538620843757,0.1348002935384527,9.842933062258082,0.01163260015537398,BALANCING
2.7920000000000003,-0.20078414768875502,0.13487332329644758,9.809045442380734,0.011581632163531527,BALANCING
2.794,-0.20051428805403523,0.13494559911536427,9.775204213224091,0.011530747240959994,BALANCING
2.7960000000000003,-0.20024428468644973,0.13501712263896792,9.741409396862167,0.01147994538647218,BALANCING
2.798,-0.19997413908894524,0.13508789550993275,9.707661015117424,0.011429226598535751,BALANCING
2.8000000000000003,-0.19970385276118388,0.1351579193698379,9.673959089561334,0.011378590875274128,BALANCING
2.802,-0.1994334271995455,0.13522719585916346,9.640303641514935,0.01132803821446738,BALANCING
2.8040000000000003,-0.19916286389712975,0.1352957266172864,9.606694692049382,0.011277568613553121,BALANCING
2.806,-0.19889216434375845,0.1353635132824766,9.573132261986514,0.011227182069627412,BALANCING
2.8080000000000003,-0.19862133002597765,0.1354305574918927,9.5396163718994,0.011176878579445645,BALANCING
2.81,-0.19835036242705997,0.1354968608815783,9.506147042112909,0.011126658139423443,BALANCING
2.8120000000000003,-0.19807926302700676,0.13556242508645788,9.472724292704253,0.011076520745637556,BALANCING
2.814,-0.19780803330255037,0.13562725174033277,9.439348143503548,0.011026466393826746,BALANCING
2.816,-0.19753667472715639,0.13569134247587727,9.406018614094362,0.010976495079392672,BALANCING
2.818,-0.19726518877102603,0.13575469892463488,9.372735723814285,0.010926606797400788,BALANCING
2.82,-0.19699357690109812,0.135817322717014,9.339499491755465,0.010876801542581239,BALANCING
2.822,-0.19672184058105166,0.1358792154822844,9.306309936765171,0.010827079309329727,BALANCING
2.824,-0.19644998127130794,0.13594037884857313,9.273167077446347,0.01077744009170842,BALANCING
2.826,-0.19617800042903288,0.1360008144428607,9.240070932158165,0.010727883883446827,BALANCING
2.828,-0.1959058995081394,0.13606052389097725,9.207021519016573,0.010678410677942687,BALANCING
2.83,-0.19563367995928946,0.13611950881759863,9.174018855894845,0.010629020468262845,BALANCING
2.832,-0.19536134322989676,0.1361777708462426,9.141062960424147,0.010579713247144152,BALANCING
2.834,-0.1950888907641288,0.13623531159926508,9.108153849994071,0.01053048900699432,BALANCING
2.836,-0.19481632400290924,0.1362921326978563,9.075291541753197,0.01048134773989285,BALANCING
2.838,-0.19454364438392024,0.136348235762037,9.042476052609635,0.010432289437591854,BALANCING
2.84,-0.19427085334160493,0.13640362241065465,9.009707399231583,0.010383314091516983,BALANCING
2.842,-0.1939979523071696,0.13645829426137973,8.976985598047875,0.010334421692768284,BALANCING
2.844,-0.19372494270858606,0.136512252930702,8.944310665248526,0.010285612232121077,BALANCING
2.846,-0.19345182597059424,0.1365655000339267,8.911682616785285,0.010236885700026838,BALANCING
2.848,-0.19317860351470417,0.13661803718517093,8.879101468372177,0.010188242086614075,BALANCING
2.85,-0.1929052767591988,0.13666986599735997,8.84656723548606,0.010139681381689209,BALANCING
2.852,-0.19263184711913597,0.1367209880822234,8.814079933367168,0.010091203574737431,BALANCING
2.854,-0.19235831600635114,0.13677140505029167,8.781639577019655,0.010042808654923588,BALANCING
2.856,-0.1920846848294596,0.13682111851089232,8.749246181212147,0.009994496611093058,BALANCING
2.858,-0.19181095499385895,0.13687013007214635,8.716899760478286,0.009946267431772618,BALANCING
2.86,-0.1915371279017315,0.13691844134096465,8.684600329117277,0.0098981211051713,BALANCING
2.862,-0.19126320495204668,0.1369660539230443,8.652347901194425,0.009850057619181299,BALANCING
2.864,-0.19098918754056354,0.13701296942286506,8.620142490541697,0.009802076961378794,BALANCING
2.866,-0.1907150770598331,0.13705918944368572,8.587984110758251,0.009754179119024852,BALANCING
2.868,-0.19044087489920083,0.13710471558754064,8.555872775210986,0.009706364079066287,BALANCING
2.87,-0.19016658244480913,0.13714954945523603,8.523808497035088,0.009658631828136505,BALANCING
2.872,-0.18989220107959975,0.13719369264634654,8.491791289134566,0.009610982352556406,BALANCING
2.874,-0.18961773218331632,0.13723714675921173,8.459821164182806,0.009563415638335206,BALANCING
2.876,-0.18934317713250673,0.13727991339093248,8.4278981346231,0.009515931671171344,BALANCING
2.878,-0.18906853730052567,0.13732199413736762,8.396022212669196,0.009468530436453316,BALANCING
2.88,-0.18879381405753715,0.13736339059313027,8.364193410305846,0.009421211919260536,BALANCING
2.882,-0.1885190087705169,0.1374041043515845,8.332411739289329,0.009373976104364207,BALANCING
2.884,-0.18824412280325498,0.13744413700484193,8.300677211148006,0.009326822976228189,BALANCING
2.886,-0.1879691575163582,0.1374834901437581,8.268989837182858,0.009279752519009827,BALANCING
2.888,-0.1876941142672527,0.13752216535792924,8.23734962846802,0.009232764716560853,BALANCING
2.89,-0.18741899441018642,0.13756016423568876,8.205756595851328,0.009185859552428193,BALANCING
2.892,-0.18714379929623168,0.13759748836410385,8.17421074995485,0.009139037009854861,BALANCING
2.894,-0.1868685302732877,0.1376341393289721,8.142712101175432,0.0090922970717808,BALANCING
2.896,-0.1865931886860831,0.1376701187148182,8.111260659685229,0.009045639720843737,BALANCING
2.898,-0.18631777587617854,0.1377054281048905,8.079856435432248,0.008999064939380035,BALANCING
2.9,-0.1860422931819691,0.1377400690811577,8.04849943814088,0.008952572709425543,BALANCING
2.902,-0.18576674193868714,0.13777404322430553,8.017189677312444,0.008906163012716463,BALANCING
2.904,-0.1854911234784046,0.13780735211373346,7.985927162225714,0.00885983583069017,BALANCING
2.906,-0.18521543913003566,0.13783999732755134,7.954711901937463,0.008813591144486087,BALANCING
2.908,-0.18493969021933937,0.13787198044257618,7.923543905282991,0.008767428934946534,BALANCING
2.91,-0.18466387806892218,0.1379033030343288,7.892423180876668,0.008721349182617555,BALANCING
2.912,-0.1843880039982406,0.13793396667703067,7.861349737112459,0.008675351867749781,BALANCING
2.914,-0.18411206932360372,0.13796397294360063,7.830323582164463,0.008629436970299272,BALANCING
2.916,-0.18383607535817587,0.1379933234056516,7.799344723987451,0.008583604469928363,BALANCING
2.918,-0.18356002341197925,0.13802201963348748,7.7684131703173875,0.00853785434600649,BALANCING
2.92,-0.18328391479189654,0.13805006319609978,7.737528928671974,0.008492186577611072,BALANCING
2.922,-0.18300775080167347,0.1380774556611647,7.706692006351174,0.00844660114352831,BALANCING
2.924,-0.18273153274192158,0.1381041985950396,7.675902410437749,0.008401098022254054,BALANCING
2.926,-0.1824552619101207,0.13813029356276016,7.645160147797788,0.008355677191994636,BALANCING
2.928,-0.18217893960062176,0.1381557421280371,7.614465225081235,0.008310338630667703,BALANCING
2.93,-0.18190256710464933,0.13818054585325298,7.583817648722424,0.00826508231590307,BALANCING
2.932,-0.18162614571030425,0.1382047062994592,7.553217424940609,0.008219908225043539,BALANCING
2.934,-0.1813496767025665,0.13822822502637283,7.5226645597404875,0.008174816335145735,BALANCING
2.936,-0.18107316136329762,0.13825110359237355,7.492159058912735,0.008129806622980974,BALANCING
2.938,-0.18079660097124356,0.13827334355450055,7.461700928034531,0.008084879065036053,BALANCING
2.94,-0.1805199968020373,0.1382949464684495,7.431290172470087,0.0080400336375141,BALANCING
2.942,-0.18024335012820156,0.13831591388856937,7.4009267973711745,0.007995270316335425,BALANCING
2.944,-0.17996666221915145,0.1383362473678596,7.370610807677652,0.007950589077138324,BALANCING
2.946,-0.17968993434119723,0.13835594845796692,7.340342208117988,0.007905989895279922,BALANCING
2.948,-0.179413167757547,0.13837501870918237,7.310121003209796,0.007861472745836998,BALANCING
2.95,-0.17913636372830943,0.13839345967043837,7.279947197260346,0.00781703760360682,BALANCING
2.952,-0.17885952351049642,0.13841127288930563,7.249820794367103,0.007772684443107968,BALANCING
2.954,-0.17858264835802592,0.13842845991199024,7.219741798418246,0.007728413238581152,BALANCING
2.956,-0.17830573952172454,0.13844502228333078,7.18971021309319,0.007684223963990064,BALANCING
2.958,-0.1780287982493305,0.1384609615467952,7.159726041863112,0.007640116593022164,BALANCING
2.96,-0.17775182578549606,0.1384762792444781,7.129789287991476,0.00759609109908954,BALANCING
2.962,-0.17747482337179057,0.13849097691709755,7.09989995453455,0.007552147455329702,BALANCING
2.964,-0.17719779224670307,0.13850505610399247,7.070058044341934,0.007508285634606424,BALANCING
2.966,-0.1769207336456451,0.13851851834311962,7.040263560057079,0.007464505609510552,BALANCING
2.968,-0.1766436488009534,0.13853136517105064,7.01051650411781,0.007420807352360831,BALANCING
2.97,-0.17636653894189283,0.13854359812296924,6.98081687875684,0.0073771908352047175,BALANCING
2.972,-0.17608940529465897,0.1385552187326685,6.951164686002302,0.007333656029819205,BALANCING
2.974,-0.17581224908238105,0.13856622853254771,6.921559927678259,0.007290202907711633,BALANCING
2.976,-0.17553507152512463,0.13857662905360996,6.892002605405226,0.007246831440120502,BALANCING
2.978,-0.17525787383989452,0.1385864218254589,6.862492720600691,0.007203541598016301,BALANCING
2.98,-0.1749806572406374,0.13859560837629625,6.833030274479629,0.0071603333521023,BALANCING
2.982,-0.17470342293824492,0.13860419023291892,6.803615268055026,0.0071172066728153885,BALANCING
2.984,-0.1744261721405561,0.13861216892071618,6.774247702138388,0.007074161530326859,BALANCING
2.986,-0.1741489060523606,0.13861954596366696,6.744927577340267,0.007031197894543244,BALANCING
2.988,-0.17387162587540114,0.13862632288433713,6.715654894070769,0.006988315735107108,BALANCING
2.99,-0.17359433280837666,0.1386325012038767,6.686429652540077,0.006945515021397864,BALANCING
2.992,-0.1733170280469449,0.13863808244201714,6.657251852758958,0.006902795722532581,BALANCING
2.994,-0.1730397127837254,0.1386430681170686,6.628121494539289,0.006860157807366786,BALANCING
2.996,-0.17276238820830234,0.13864745974591744,6.599038577494561,0.006817601244495276,BALANCING
2.998,-0.1724850555072272,0.1386512588440232,6.570003101040396,0.006775126002252922,BALANCING
3.0,-0.17220771586402195,0.13865446692541628,6.541015064395065,0.006732732048715466,BALANCING
3.0020000000000002,-0.1719303704591816,0.13865708550269495,6.512074466579995,0.0066904193517003325,BALANCING
3.004,-0.17165302047017722,0.13865911608702308,6.483181306420283,0.006648187878767425,BALANCING
3.0060000000000002,-0.1713756670714588,0.1386605601881272,6.454335582545208,0.0066060375972199345,BALANCING
3.008,-0.17109831143445806,0.13866141931429396,6.425537293388746,0.006563968474105121,BALANCING
3.0100000000000002,-0.17082095472759148,0.1386616949723677,6.396786437190072,0.00652198047621514,BALANCING
3.012,-0.17054359811626302,0.13866138866774755,6.368083011994081,0.006480073570087817,BALANCING
3.0140000000000002,-0.17026624276286711,0.13866050190438514,6.339427015651888,0.0064382477220074515,BALANCING
3.016,-0.1699888898267915,0.1386590361847819,6.310818445821348,0.00639650289800562,BALANCING
3.0180000000000002,-0.16971154046442022,0.13865699300998646,6.2822572999675526,0.006354839063861961,BALANCING
3.02,-0.16943419582913646,0.13865437387959226,6.253743575363348,0.006313256185104978,BALANCING
3.0220000000000002,-0.16915685707132547,0.13865118029173487,6.2252772690898395,0.00627175422701282,BALANCING
3.024,-0.16887952533837744,0.1386474137430896,6.196858378036898,0.006230333154614091,BALANCING
3.0260000000000002,-0.16860220177469057,0.1386430757288688,6.168486898903668,0.006188992932688621,BALANCING
3.028,-0.16832488752167382,0.1386381677428197,6.14016282819907,0.006147733525768272,BALANCING
3.0300000000000002,-0.16804758371775,0.1386326912772216,6.111886162242316,0.006106554898137723,BALANCING
3.032,-0.16777029149835854,0.1386266478228836,6.083656897163403,0.006065457013835247,BALANCING
3.0340000000000003,-0.16749301199595862,0.13862003886914204,6.055475028903626,0.006024439836653517,BALANCING
3.036,-0.16721574634003195,0.13861286590385818,6.027340553216077,0.005983503330140373,BALANCING
3.0380000000000003,-0.16693849565708588,0.1386051304134157,5.999253465666155,0.005942647457599621,BALANCING
3.04,-0.1666612610706562,0.1385968338827183,5.971213761632063,0.005901872182091814,BALANCING
3.0420000000000003,-0.16638404370131024,0.13858797779518714,5.943221436305313,0.005861177466435027,BALANCING
3.044,-0.16610684466664974,0.13857856363275878,5.91527648469123,0.0058205632732056456,BALANCING
3.0460000000000003,-0.16582966508131386,0.13856859287588255,5.887378901609449,0.005780029564739151,BALANCING
3.048,-0.1655525060569822,0.13855806700351822,5.859528681694424,0.005739576303130886,BALANCING
3.0500000000000003,-0.1652753687023777,0.1385469874931338,5.831725819395917,0.005699203450236852,BALANCING
3.052,-0.1649982541232697,0.1385353558207029,5.803970308979511,0.00565891096767447,BALANCING
3.0540000000000003,-0.16472116342247686,0.13852317346070273,5.7762621445271005,0.005618698816823368,BALANCING
3.056,-0.16444409769987026,0.13851044188611158,5.748601319937396,0.005578566958826151,BALANCING
3.0580000000000003,-0.16416705805237625,0.13849716256840663,5.720987828926418,0.0055385153545891895,BALANCING
3.06,-0.16389004557397957,0.1384833369775615,5.693421665027998,0.00549854396478337,BALANCING
3.0620000000000003,-0.1636130613557264,0.1384689665820441,5.665902821594275,0.005458652749844888,BALANCING
3.064,-0.1633361064857272,0.13845405284881443,5.638431291796192,0.005418841669976006,BALANCING
3.0660000000000003,-0.1630591820491599,0.1384385972433221,5.611007068623996,0.005379110685145837,BALANCING
3.068,-0.16278228912827283,0.13842260122950434,5.583630144887728,0.005339459755091107,BALANCING
3.0700000000000003,-0.1625054288023878,0.13840606626978355,5.556300513217724,0.005299888839316916,BALANCING
3.072,-0.1622286021479031,0.13838899382506523,5.529018166065104,0.005260397897097531,BALANCING
3.074,-0.16195181023829655,0.13837138535473567,5.501783095702275,0.005220986887477118,BALANCING
3.076,-0.16167505414412847,0.1383532423166599,5.474595294223415,0.005181655769270544,BALANCING
3.078,-0.1613983349330449,0.13833456616717932,5.447454753544976,0.005142404501064112,BALANCING
3.08,-0.1611216536697804,0.1383153583611097,5.420361465406167,0.00510323304121634,BALANCING
3.082,-0.16084501141616145,0.13829562035173887,5.393315421369452,0.005064141347858717,BALANCING
3.084,-0.16056840923110907,0.13827535359082477,5.366316612821043,0.005025129378896475,BALANCING
3.086,-0.1602918481706423,0.13825455952859303,5.339365030971389,0.00498619709200934,BALANCING
3.088,-0.16001532928788095,0.13823323961373513,5.312460666855664,0.004947344444652287,BALANCING
3.09,-0.1597388536330489,0.13821139529340618,5.28560351133426,0.0,BALANCING
3.092,-0.1594692639167006,0.1313766841102157,5.268014164827106,0.0,BALANCING
3.094,-0.1592133539623966,0.12453137400071129,5.250483351864868,0.0,BALANCING
3.096,-0.15897114652451794,0.11767390788535785,5.233010877660557,0.0,BALANCING
3.098,-0.15874266747504,0.11080272518501826,5.215596548075391,0.0,BALANCING
3.1,-0.15852794581091786,0.10391626143476264,5.19824016961664,0.0,BALANCING
3.102,-0.15832701366224466,0.0970129478967067,5.180941549435476,0.0,BALANCING
3.104,-0.15813990630118582,0.09009121117178312,5.1637004953248296,0.0,BALANCING
3.106,-0.15796666215169045,0.08314947281034923,5.146516815717255,0.0,BALANCING
3.108,-0.15780732279998286,0.07618614892153457,5.129390319682804,0.0,BALANCING
3.11,-0.15766193300583697,0.06919964978123097,5.112320816926897,0.0,BALANCING
3.112,-0.1575305407146359,0.062188379438628066,5.095308117788219,0.0,BALANCING
3.114,-0.1574131970702201,0.055150735321196284,5.0783520332366034,0.0,BALANCING
3.116,-0.1573099564285273,0.04808510783801916,5.061452374870937,0.0,BALANCING
3.118,-0.1572208763720272,0.0409898799813767,5.044608954917065,0.0,BALANCING
3.12,-0.15714601772495518,0.0338634269264804,5.0278215862257,0.0,BALANCING
3.122,-0.15708544456934828,0.02670411562926088,5.011090082270354,0.0,BALANCING
3.124,-0.1570392242618877,0.019510304422107924,4.994414257145255,0.0,BALANCING
3.126,-0.15700742745155186,0.01228034260746269,4.977793925563285,0.0,BALANCING
3.128,-0.15699012809808452,0.005012570049160959,4.961228902853921,0.0,BALANCING
3.13,-0.15698740349128285,-0.0022946832385739606,4.944719004961186,0.0,BALANCING
3.132,-0.15699933427110932,-0.009643097504590867,4.9282640484416,0.0,BALANCING
3.134,-0.15702600444863377,-0.017034363676825526,4.911863850462143,0.0,BALANCING
3.136,-0.15706750142780965,-0.024470183780974104,4.895518228798225,0.0,BALANCING
3.138,-0.15712391602809048,-0.03195227136192921,4.8792270018316595,0.0,BALANCING
3.14,-0.1571953425078921,-0.03948235190808323,4.8629899885486445,0.0,BALANCING
3.142,-0.1572818785889065,-0.047062163278604345,4.8468070085377555,0.0,BALANCING
3.144,-0.1573836254812731,-0.0546934561337914,4.830677881987937,0.0,BALANCING
3.146,-0.15750068790961405,-0.06237799436861462,4.814602429686504,0.0,BALANCING
3.148,-0.15763317413993988,-0.07011755554954967,4.798580473017156,0.0,BALANCING
3.15,-0.15778119600743215,-0.07791393135481386,4.782611833957989,0.0,BALANCING
3.152,-0.1579448689451101,-0.08576892801811357,4.766696335079513,0.0,BALANCING
3.154,-0.15812431201338834,-0.09368436677601343,4.750833799542689,0.0,BALANCING
3.156,-0.15831964793053308,-0.10166208431903813,4.735024051096959,0.0,BALANCING
3.158,-0.15853100310402432,-0.10970393324661916,4.719266914078289,0.0,BALANCING
3.16,-0.15875850766283192,-0.11781178252599932,4.703562213407216,0.0,BALANCING
3.162,-0.15900229549061354,-0.12598751795520907,4.687909774586904,0.0,BALANCING
