t,theta_deg,rate_dps,wheel_rpm,duty,phase
0.0,16.0,0.0,0.0,-1,SPINUP
0.002,16.0,0.0,-6.436476596174447,-1,SPINUP
0.004,16.0,0.0,-12.801832631651454,-1,SPINUP
0.006,16.0,0.0,-19.096853960939825,-1,SPINUP
0.008,16.0,0.0,-25.32231775516197,-1,SPINUP
0.01,16.0,0.0,-31.47899259800195,-1,SPINUP
0.012,16.0,0.0,-37.56763858059332,-1,SPINUP
0.014,16.0,0.0,-43.5890073953585,-1,SPINUP
0.016,16.0,0.0,-49.543842428811296,-1,SPINUP
0.018000000000000002,16.0,0.0,-55.43287885333392,-1,SPINUP
0.02,16.0,0.0,-61.256843717939944,-1,SPINUP
0.022,16.0,0.0,-67.0164560380344,-1,SPINUP
0.024,16.0,0.0,-72.71242688418201,-1,SPINUP
0.026000000000000002,16.0,0.0,-78.34545946989454,-1,SPINUP
0.028,16.0,0.0,-83.91624923844823,-1,SPINUP
0.03,16.0,0.0,-89.42548394874186,-1,SPINUP
0.032,16.0,0.0,-94.87384376020609,-1,SPINUP
0.034,16.0,0.0,-100.26200131677466,0.0,KICK
0.036000000000000004,16.0,0.0,-99.92835103845167,0.0,KICK
0.038,16.0,0.0,-99.5958110761683,0.0,KICK
0.04,16.0,0.0,-99.26437773503264,0.0,KICK
0.042,16.0,0.0,-98.9340473324486,0.0,KICK
0.044,16.0,0.0,-98.60481619807497,0.0,KICK
0.046,16.0,0.0,-98.27668067378468,0.0,KICK
0.048,16.0,0.0,-97.94963711362406,0.0,KICK
0.05,16.0,0.0,-97.62368188377242,0.0,KICK
0.052000000000000005,16.0,0.0,-97.29881136250161,0.0,KICK
0.054,16.0,0.0,-96.97502194013585,0.0,KICK
0.056,16.0,0.0,-96.65231001901155,0.0,KICK
0.058,16.0,0.0,-96.33067201343736,0.0,KICK
0.06,16.0,0.0,-96.0101043496544,0.0,KICK
0.062,16.0,0.0,-95.69060346579641,0.0,KICK
0.064,16.0,0.0,-95.37216581185028,0.0,KICK
0.066,16.0,0.0,-95.0547878496166,0.0,KICK
0.068,16.0,0.0,-94.73846605267028,0.0,KICK
0.07,16.0,0.0,-94.42319690632145,0.0,KICK
0.07200000000000001,16.0,0.0,-94.10897690757632,0.0,KICK
0.074,16.0,0.0,-93.79580256509837,0.0,KICK
0.076,16.0,0.0,-93.48367039916947,0.0,KICK
0.078,16.0,0.0,-93.1725769416512,0.0,KICK
0.08,16.0,0.0,-92.86251873594641,0.0,KICK
0.082,16.0,0.0,-92.55349233696072,0.0,KICK
0.084,16.0,0.0,-92.24549431106429,0.0,KICK
0.08600000000000001,16.0,0.0,-91.93852123605369,1,KICK
0.088,15.999199077853328,-0.7983820142820849,-88.20199002789658,1,KICK
0.09,15.996816540498932,-1.5816608518418458,-84.48615977056696,1,KICK
0.092,15.992882321783638,-2.3501083461009658,-80.79091577765077,1,KICK
0.094,15.98742581590269,-3.1039923270790624,-77.11614399811417,1,KICK
0.096,15.980475885335819,-3.8435766919256475,-73.46173101278336,1,KICK
0.098,15.972060868643469,-4.569121474235025,-69.827564030844,1,KICK
0.1,15.962208588125574,-5.280882912171349,-66.21353088636,1,KICK
0.10200000000000001,15.950946357345273,-5.979113515430556,-62.61952003481163,1,KICK
0.10400000000000001,15.938300988519845,-6.66406213106533,-59.04542054965273,1,KICK
0.106,15.924298799781074,-7.335974008198776,-55.49112211888708,1,KICK
0.108,15.908965622307326,-7.995090861651954,-51.95651504166366,1,KICK
0.11,15.892326807329395,-8.64165093450987,-48.44149022489088,1,KICK
0.112,15.874407233012287,-9.275889059650117,-44.94593917986942,1,KICK
0.114,15.855231311214947,-9.898036720257716,-41.469754018943874,1,KICK
0.116,15.834822994129956,-10.508322109349388,-38.012827452172814,1,KICK
0.11800000000000001,15.813205780805154,-11.106970188329841,-34.57505278401743,1,KICK
0.12,15.7904027235491,-11.694202744602295,-31.15632391004839,1,KICK
0.122,15.766436434222232,-12.270238448254918,-27.756535313671034,1,KICK
0.124,15.741329090415563,-12.83529290784446,-24.375582062868677,1,KICK
0.126,15.715102441518708,-13.389578725297836,-21.013359806963955,1,KICK
0.128,15.68777781467895,-13.933305549952042,-17.669764773398118,1,KICK
0.13,15.659376120653086,-14.466680131752259,-14.34469376452816,1,KICK
0.132,15.629917859553704,-14.989906373627694,-11.038044154441707,1,KICK
0.134,15.599423126491502,-15.503185383064137,-7.749713885789535,1,KICK
0.136,15.567911617115266,-16.006715522891934,-4.47960146663565,1,KICK
0.138,15.53540263305103,-16.500692461307583,-1.2276059673248088,1,KICK
0.14,15.500326700890607,-18.966441446588366,4.6879124289049425,1,KICK
0.14200000000000002,15.45956899871606,-21.783338811692076,11.07258941772241,1,KICK
0.14400000000000002,15.413224613956485,-24.55333223736431,17.386718211338383,1,KICK
0.146,15.361386111002668,-27.277662370956545,23.631078339845764,1,KICK
0.148,15.304143589859015,-29.957553018964255,29.80644071983338,1,KICK
0.15,15.241584719423118,-32.59421154785897,35.91356774956188,1,KICK
0.152,15.173794769971533,-35.18882927704905,41.95321340308791,1,KICK
0.154,15.100856644867353,-37.7425818641903,47.92612332334833,1,KICK
0.156,15.022850911504605,-40.25662968306502,53.83303491421582,1,KICK
0.158,14.93985583150415,-42.732118194245,59.674677431537326,1,KICK
0.16,14.851947390175303,-45.17017830875059,65.4517720731666,1,KICK
0.162,14.759199325256935,-47.57192674491434,71.16503206800182,1,KICK
0.164,14.661683154951527,-49.9384663786535,76.81516276403956,1,KICK
0.166,14.559468205265041,-52.270886587352,82.40286171545559,1,KICK
0.168,14.452621636665297,-54.5702635875475,87.92881876872359,1,KICK
0.17,14.341208470070995,-56.83766076661518,93.39371614778224,1,KICK
0.17200000000000001,14.225291612183222,-59.07412900863469,98.79822853826133,1,KICK
0.17400000000000002,14.104931880170874,-61.28070701462231,104.14302317077707,1,KICK
0.176,13.98018802572113,-63.45842161730518,109.4287599033071,1,KICK
0.178,13.851116758465665,-65.60828809060963,114.65609130265531,1,KICK
0.18,13.717772768793044,-67.73131045403045,119.82566272501643,1,KICK
0.182,13.580208750057357,-69.8284817720429,124.93811239565046,1,KICK
0.184,13.438475420192873,-71.90078444871422,129.9940714876768,1,KICK
0.186,13.292621542744111,-73.94919051766611,134.9941641999975,1,KICK
0.188,13.14269394732055,-75.9746619275344,139.9390078343598,1,KICK
0.19,12.988737549484778,-77.97815082306725,144.82921287156697,1,KICK
0.192,12.830795370082699,-79.96059982199772,149.66538304684693,1,KICK
0.194,12.66890855402412,-81.9229422878215,154.44811542438856,1,KICK
0.196,12.503116388521773,-83.86610259860558,159.17800047105374,1,KICK
0.198,12.333456320796559,-85.79099641194823,163.85562212927542,1,KICK
0.2,12.159963975256666,-87.69853092620575,168.48155788915003,1,KICK
0.202,11.982673170157842,-89.58960513809615,173.05637885973323,1,KICK
0.20400000000000001,11.801615933752016,-91.46511009678522,177.58064983954793,1,KICK
0.20600000000000002,11.616822519931166,-93.32592915455479,182.0549293863132,1,KICK
0.20800000000000002,11.4283214233732,-95.17293821414856,186.4797698859029,1,KICK
0.21,11.236139394196385,-97.00700597288557,190.85571762054187,1,KICK
0.212,11.04030145212871,-98.82899416362622,195.1833128362491,1,KICK
0.214,10.840830900198409,-100.63975779267122,199.46308980953538,1,KICK
0.216,10.637749337951664,-102.44014537466845,203.69557691336402,1,KICK
0.218,10.431076674203466,-104.2309991645981,207.88129668238284,1,KICK
0.22,10.220831139327329,-106.01315538690113,212.02076587743514,1,KICK
0.222,10.007029297089588,-107.78744446181162,216.11449554935817,1,KICK
0.224,9.78968605603377,-109.55469122894819,220.1629911020763,0.0,BALANCING
0.226,9.572319729848639,-107.81637269407643,219.43033623489944,0.0,BALANCING
0.228,9.358401752608023,-106.10627366658707,218.70011948482713,0.0,BALANCING
0.23,9.147876095080447,-104.42398531952604,217.97233273833243,0.0,BALANCING
0.232,8.940687539962509,-102.7691045456517,217.24696790888845,0.0,BALANCING
0.234,8.736781670476798,-101.14123391980146,216.52401693687852,0.0,BALANCING
0.23600000000000002,8.53610485904678,-99.53998165957157,215.8034717895066,0.0,BALANCING
0.23800000000000002,8.338604256051905,-97.96496158444776,215.0853244607081,0.0,BALANCING
0.24,8.144227778665893,-96.41579307351746,214.36956697106086,0.0,BALANCING
0.242,7.952924099780904,-94.89210102188723,213.6561913676965,0.0,BALANCING
0.244,7.764642637020074,-93.39351579592272,212.94518972421213,0.0,BALANCING
0.246,7.579333541840655,-91.91967318742262,212.23655414058214,0.0,BALANCING
0.248,7.3969476887297825,-90.47021436683141,211.53027674307057,0.0,BALANCING
0.25,7.217436664494697,-89.04478583559103,210.82634968414345,0.0,BALANCING
0.252,7.040752757649046,-87.64303937772527,210.12476514238185,0.0,BALANCING
0.254,6.866848947896706,-86.26463201074654,209.4255153223947,0.0,BALANCING
0.256,6.695678895714402,-84.9092259359689,208.72859245473236,0.0,BALANCING
0.258,6.527196932034226,-83.57648848830728,208.03398879580027,0.0,BALANCING
0.26,6.361358048027002,-82.26609208563778,207.34169662777285,0.0,BALANCING
0.262,6.198117884987322,-80.9777141777906,206.6517082585078,0.0,BALANCING
0.264,6.037432724320901,-79.71103719524189,205.9640160214605,0.0,BALANCING
0.266,5.879259477634789,-78.46574849756824,205.2786122755991,0.0,BALANCING
0.268,5.723555676930877,-77.24154032172306,204.5954894053193,0.0,BALANCING
0.27,5.57027946490297,-76.03810973019097,203.91463982036007,0.0,BALANCING
0.272,5.419389585337629,-74.85515855907292,203.2360559557189,0.0,BALANCING
0.274,5.270845373618879,-73.69239336615173,202.55973027156818,0.0,BALANCING
0.276,5.124606747336759,-72.54952537898471,201.88565525317108,-1,BALANCING
0.278,4.983351120282417,-68.71198812791357,197.540000211138,-1,BALANCING
0.28,4.849735597477292,-64.90924764428789,193.21842075855588,-0.995966963581625,BALANCING
0.28200000000000003,4.7236819988233085,-61.14988318253344,188.93379883870188,-0.9152238725448709,BALANCING
0.28400000000000003,4.604921588547861,-57.61571471128666,184.93348668854662,-0.8392765968226532,BALANCING
0.28600000000000003,4.493017466401763,-54.293271096033614,181.20043223991019,-0.7678383799355251,BALANCING
0.28800000000000003,4.387558867704789,-51.16988667843419,177.71860330981417,-0.7006396100556322,BALANCING
0.29,4.2881596005814355,-48.233653160202444,174.47292662132324,-0.6374267960504229,BALANCING
0.292,4.194456576557193,-45.47337435459234,171.44923046670957,-0.5779616045221645,BALANCING
0.294,4.106108428950232,-42.878523635594505,168.63419079591654,-0.522019954234001,BALANCING
0.296,4.022794213823279,-40.43920392485896,166.01528052614884,-0.4693911645230554,BALANCING
0.298,3.9442121885710595,-38.146110065714105,163.58072188051773,-0.4198771544993323,BALANCING
0.3,3.8700786635111006,-35.99049344248248,161.31944157506445,-0.37329169001629936,BALANCING
0.302,3.8001269221209615,-33.96412871162325,159.22102868421473,-0.3294596755756928,BALANCING
0.304,3.7341062058240175,-32.05928251908665,157.2756950248139,-0.2882164884957224,BALANCING
0.306,3.6717807594697645,-30.268684085670824,155.47423790839798,-0.24940735282900947,BALANCING
0.308,3.6129289338840036,-28.585497549150794,153.80800512030143,-0.21288675066475343,BALANCING
0.31,3.557342342080191,-27.003295958524816,152.26886199261799,-0.17851786858925142,BALANCING
0.312,3.5048250659262994,-25.516036821917957,150.84916044595312,-0.1461720772104671,BALANCING
0.314,3.4551929102526504,-24.11803911551669,149.5417098823564,-0.11572844177628706,BALANCING
0.316,3.408272701565908,-22.803961666401744,148.33974981883344,-0.0870732620328348,BALANCING
0.318,3.3639016287035197,-21.56878282731851,147.23692415743133,-0.06009963957912804,BALANCING
0.32,3.3219266229219366,-20.40778136629314,146.22725699409528,-0.03470707107786531,BALANCING
0.322,3.2822037750615363,-19.316518498585104,145.3051298743288,-0.010801065779543676,BALANCING
0.324,3.2445977875718706,-18.290820992779892,144.46526040917897,0.0,BALANCING
0.326,3.208772919207911,-17.53498536250483,143.98451123491068,0.0,BALANCING
0.328,3.174454157931008,-16.784682135081486,143.50536189002634,0.0,BALANCING
0.33,3.1416306291042204,-16.039721365407022,143.02780705063938,0.0,BALANCING
0.332,3.1102918366541243,-15.299914427457553,142.55184141058004,0.0,BALANCING
0.334,3.0804276604782195,-14.565073968768932,142.07745968133625,0.0,BALANCING
0.336,3.05202835394312,-13.83501386516416,141.60465659199508,0.0,BALANCING
0.338,3.025084541473055,-13.109549175720542,141.133426889184,0.0,BALANCING
0.34,2.999587216228196,-12.388496097969396,140.66376533701253,0.0,BALANCING
0.342,2.9755277378723624,-11.671671923321178,140.1956667170142,0.0,BALANCING
0.34400000000000003,2.9528978304296545,-10.958894992708636,139.7291258280884,0.0,BALANCING
0.34600000000000003,2.9316895802295915,-10.249984652440629,139.2641374864427,0.0,BALANCING
0.34800000000000003,2.9118954339403333,-9.544761210259015,138.80069652553513,0.0,BALANCING
0.35000000000000003,2.893508196689596,-8.843045891591059,138.33879779601693,0.0,BALANCING
0.352,2.8765210302728694,-8.144660795989632,137.87843616567528,0.0,BALANCING
0.354,2.8609274514485774,-7.4494288537534485,137.4196065193762,0.0,BALANCING
0.356,2.8467213303198204,-6.757173782719504,136.96230375900777,0.0,BALANCING
0.358,2.833896888802369,-6.067720045219808,136.5065228034235,0.0,BALANCING
0.36,2.822448699178586,-5.380892805194477,136.05225858838588,0.0,BALANCING
0.362,2.8123716827369734,-4.696517885453168,135.5995060665101,0.0,BALANCING
0.364,2.8036611084970535,-4.014421725076813,135.14826020720784,0.0,BALANCING
0.366,2.7963125920193153,-3.3344313369515595,134.69851599663167,0.0,BALANCING
0.368,2.7903220942999636,-2.6563742654267877,134.25026843761898,0.0,BALANCING
0.37,2.7856859207502396,-1.980078544089065,133.8035125496368,0.0,BALANCING
0.372,2.782400720260082,-1.3053726536438333,133.3582433687262,0.0,BALANCING
0.374,2.7804634843459204,-0.6320854798966357,132.91445594744724,0.0,BALANCING
0.376,2.7798715463824224,0.039953728174345095,132.472145354824,0.43222146408397405,BALANCING
0.378,2.7793210027575266,-0.5887051994335992,133.79036305738163,0.41867112910379456,BALANCING
0.38,2.7775883570592943,-1.1423120498139419,135.00679855353172,0.40677801422893467,BALANCING
0.382,2.7748148453801336,-1.6297158314217088,136.13324315545438,0.39634641004307,BALANCING
0.384,2.771125051402744,-2.0587221916796508,137.18009820684253,0.3872036833114808,BALANCING
0.386,2.766628869836887,-2.4362164374207014,138.15653897081555,0.3791975561171073,BALANCING
0.388,2.7614232383516457,-2.7682720501818334,139.0706591941579,0.3721937058096946,BALANCING
0.39,2.7555936652995037,-3.0602464066466255,139.92959862630832,0.3660736479409962,BALANCING
0.392,2.7492155773100517,-3.3168652128691685,140.73965550287545,0.3607328688192865,BALANCING
0.394,2.7423555079921536,-3.5422969830268904,141.50638576648564,0.3560791782507574,BALANCING
0.396,2.7350721464791468,-3.740218736540153,142.2346905887373,0.3520312565057987,BALANCING
0.398,2.7274172623426836,-3.9138739489887353,142.92889357265415,0.3485173726093514,BALANCING
0.4,2.7194365214523093,-4.066123670167692,143.59280885238755,0.34547425375477114,BALANCING
0.402,2.711170205639116,-4.199491614933166,144.22980116345215,0.3428460880224783,BALANCING
0.404,2.702653847505702,-4.3162039374950085,144.84283883023082,0.3405836446856739,BALANCING
0.406,2.693918790387334,-4.418224316020175,145.4345405058568,0.3386434982386626,BALANCING
0.40800000000000003,2.6849926822895425,-4.507284900498108,146.00721640111445,0.3369873439180649,BALANCING
0.41000000000000003,2.67589991158683,-4.584913611621613,146.5629046521454,0.33558139392919634,BALANCING
0.41200000000000003,2.666661991349284,-4.652458220926508,147.10340340013053,0.33439584486184926,BALANCING
0.41400000000000003,2.657297898354256,-4.711107591704157,147.6302990885385,0.3334044079017046,BALANCING
0.41600000000000004,2.6478243721260597,-4.761910415453155,148.144991423917,0.3325838944332928,BALANCING
0.418,2.6382561787166954,-4.805791739164919,148.64871539362065,0.3319138505034247,BALANCING
0.42,2.628606343384882,-4.843567543920317,149.14256068748344,0.33137623438407693,BALANCING
0.422,2.6188863558405227,-4.875957604562235,149.6274888295308,0.3309551321529871,BALANCING
0.424,2.6091063512893395,-4.9035968331179465,150.1043482897338,0.33063650680938866,BALANCING
0.426,2.5992752701310153,-4.927045284748353,150.5738878139737,0.3304079769708455,BALANCING
0.428,2.589400998827751,-4.946796983922024,151.03676818230298,0.3302586216633572,BALANCING
0.43,2.5794904941633887,-4.963287709918191,151.4935725808182,0.33017880812814693,BALANCING
0.432,2.56954989285147,-4.9769018643614436,151.94481575061025,0.3301600399312956,BALANCING
0.434,2.5595846082197036,-4.9879785290233185,152.39095205798316,0.33019482298236974,BALANCING
0.436,2.5495994154946278,-4.996816809364261,152.83238261313255,0.33027654735044004,BALANCING
0.438,2.539598527030583,-5.003680548032368,153.26946154947683,0.3303993830148634,BALANCING
0.44,2.529585658668649,-5.008802482605669,153.70250156260653,0.33055818790781827,BALANCING
0.442,2.519564088271371,-5.012387913105674,154.13177879614847,0.33074842679930516,BALANCING
0.444,2.509536707355826,-5.014617937083764,154.55753715154813,0.3309660997462055,BALANCING
0.446,2.4995060666387725,-5.015652303266776,154.9799920896947,0.3312076789777285,BALANCING
0.448,2.4894744162117006,-5.015631928736442,155.39933398430432,0.3314700532225314,BALANCING
0.45,2.479443740978959,-5.014681119314526,155.8157310799124,0.3317504786000865,BALANCING
0.452,2.4694157919174726,-5.012909528147898,156.2293321010951,0.33204653530232214,BALANCING
0.454,2.4593921136507197,-5.010413883361715,156.64026855404177,0.3323560893828208,BALANCING
0.456,2.449374068771546,-5.00727951200926,157.0486567567534,0.332677259051356,BALANCING
0.458,2.439362859297147,-5.003581684336623,157.4545996298636,0.33300838494255564,BALANCING
0.46,2.429359545594368,-4.999386799548383,157.8581882763067,0.3333480038901125,BALANCING
0.462,2.4193650630735775,-4.994753431762553,158.25950337472935,0.33369482579321097,BALANCING
0.464,2.409380236914226,-4.989733252639478,158.65861640860686,0.33404771321057686,BALANCING
0.466,2.3994057950541667,-4.98437184522578,159.0555907504358,0.3344056633605409,BALANCING
0.468,2.3894423796474493,-4.978709421839888,159.45048261809063,0.3347677922434301,BALANCING
0.47000000000000003,2.3794905571711746,-4.972781457313376,159.84334191841697,0.3351333206360493,BALANCING
0.47200000000000003,2.369550827340687,-4.966619247568318,160.2342129913573,0.3355015617375174,BALANCING
0.47400000000000003,2.3596236309736165,-4.960250402334067,160.6231352663373,0.3358719102717531,BALANCING
0.47600000000000003,2.349709356926706,-4.953699279768949,161.01014384125742,0.3362438328748593,BALANCING
0.47800000000000004,2.339808348214752,-4.946987369836712,161.39526999321578,0.336616859615907,BALANCING
0.48,2.329920907408092,-4.940133632479938,161.77854162901133,0.33699057651748227,BALANCING
0.482,2.320047301393708,-4.93315479592018,162.15998368252775,0.33736461895811726,BALANCING
0.484,2.3101877655749665,-4.9260656197862245,162.53961846526158,0.33773866585262313,BALANCING
0.486,2.3003425075762087,-4.9188791272174734,162.9174659755186,0.3381124345186058,BALANCING
0.488,2.2905117105105464,-4.911606809600541,163.29354417115252,0.33848567614825714,BALANCING
0.49,2.2806955358623857,-4.904258807165814,163.66786921014418,0.3388581718140562,BALANCING
0.492,2.2708941260300923,-4.896844068290263,164.040455662813,0.33922972894542675,BALANCING
0.494,2.2611076065688755,-4.889370490017214,164.41131669900625,0.33960017822082383,BALANCING
0.496,2.251336088169239,-4.881845042007739,164.78046425321517,0.33996937082626494,BALANCING
0.498,2.241579668402171,-4.874273875877208,165.1479091702219,0.3403371760371006,BALANCING
0.5,2.2318384332585857,-4.8666624216402,165.51366133357183,0.340703479084912,BALANCING
0.502,2.2221124585072665,-4.859015472783809,165.8777297788967,0.34106817927591543,BALANCING
0.504,2.212401810892718,-4.8513372613101335,166.24012279387486,0.34143118833122105,BALANCING
0.506,2.202706549191799,-4.843631523930672,166.6008480064041,0.34179242892278583,BALANCING
0.508,2.193026725145789,-4.835901560455873,166.95991246237676,0.34215183338198807,BALANCING
0.51,2.1833623842825705,-4.828150285300101,167.31732269428323,0.3425093425604693,BALANCING
0.512,2.1737135666418985,-4.8203802729137655,167.67308478172546,0.3428649048252899,BALANCING
0.514,2.1640803074151607,-4.812593797858635,168.027204404794,0.34321847517256365,BALANCING
0.516,2.154462637509731,-4.804792870157966,168.37968689115004,0.343570014445598,BALANCING
0.518,2.1448605840467962,-4.796979266478571,168.7305372575552,0.34391948864522226,BALANCING
0.52,2.1352741708005065,-4.789154557636274,169.07976024650281,0.3442668683214304,BALANCING
0.522,2.1257034185853607,-4.781320132858256,169.42736035852934,0.34461212803675356,BALANCING
0.524,2.1161483455979364,-4.77347722118469,169.77334188071436,0.3449552458929027,BALANCING
0.526,2.106608967718345,-4.7656269103469455,170.11770891181905,0.3452962031132228,BALANCING
0.528,2.0970852987761623,-4.75777016341991,170.4604653844594,0.34563498367437717,BALANCING
0.53,2.0875773507850197,-4.749907833510877,170.8016150846637,0.3459715739814576,BALANCING
0.532,2.078085134149555,-4.742040676716493,171.1411616691227,0.34630596258140045,BALANCING
0.534,2.0686086578479794,-4.734169363551991,171.47910868040495,0.3466381399101903,BALANCING
0.536,2.059147929593138,-4.7262944890328225,171.81545956037624,0.3469680980698706,BALANCING
0.538,2.0497029559745963,-4.718416581567592,172.15021766203617,0.34729583063184344,BALANCING
0.54,2.0402737425839934,-4.710536110802452,172.48338625995746,0.34762133246336113,BALANCING
0.542,2.030860294125633,-4.702653494540581,172.81496855949325,0.34794459957447377,BALANCING
0.544,2.0214626145140495,-4.694769104845805,173.14496770489762,0.34826562898302144,BALANCING
0.546,2.0120807069600963,-4.686883273426564,173.4733867864872,0.3485844185955437,BALANCING
0.548,2.0027145740468915,-4.6789962963850655,173.80022884695734,0.34890096710222845,BALANCING
0.55,1.9933642177968371,-4.67110843840648,174.1254968869522,0.34921527388424656,BALANCING
0.552,1.984029639730747,-4.663219936454211,174.4491938699769,0.3495273389320098,BALANCING
0.554,1.9747108409200251,-4.655331003029456,174.77132272672932,0.34983716277306653,BALANCING
0.556,1.9654078220327074,-4.647441829046456,175.09188635891982,0.3501447464084962,BALANCING
0.558,1.9561205833740951,-4.6395525863687315,175.41088764263932,0.35045009125680293,BALANCING
0.56,1.9468491249226134,-4.631663430046279,175.7283294313293,0.3507531991044223,BALANCING
0.562,1.937593446361462,-4.623774500288997,176.04421455840023,0.35105407206206285,BALANCING
0.5640000000000001,1.928353547106549,-4.615885924207432,176.35854583953991,0.3513527125261927,BALANCING
0.5660000000000001,1.919129426331152,-4.60799781734828,176.67132607474872,0.3516491231450667,BALANCING
0.5680000000000001,1.909921082987689,-4.600110285048855,176.9825580501336,0.35194330678875707,BALANCING
0.5700000000000001,1.9007285158269378,-4.592223423631852,177.29224453948922,0.3522352665227168,BALANCING
0.5720000000000001,1.8915517234150117,-4.584337321459248,177.60038830569164,0.3525250055844576,BALANCING
0.5740000000000001,1.8823907041483467,-4.57645205986195,177.9069921019263,0.3528125273629771,BALANCING
0.5760000000000001,1.8732454562669443,-4.568567713959831,178.21205867277035,0.35309783538060957,BALANCING
0.578,1.8641159778660665,-4.560684353385084,178.51559075514575,0.3533809332770161,BALANCING
0.58,1.855002266906573,-4.552802042920305,178.81759107915917,0.353661824795059,BALANCING
0.582,1.8459043212240567,-4.5449208430613295,179.11806236884152,0.35394051376834257,BALANCING
0.584,1.8368221385369177,-4.537040810513723,179.4170073427991,0.3542170041102196,BALANCING
0.586,1.8277557164535072,-4.529161998630742,179.7144287147869,0.3544912998040937,BALANCING
0.588,1.8187050524784436,-4.521284457799657,180.010329194213,0.3547634048948628,BALANCING
0.59,1.809670144018204,-4.513408235782533,180.3047114865826,0.35503332348137046,BALANCING
0.592,1.8006509883860717,-4.505533378016833,180.59757829388803,0.3553010597097456,BALANCING
0.594,1.7916475828065215,-4.497659927880595,180.88893231495234,0.3555666177675264,BALANCING
0.596,1.7826599244191037,-4.489787926926339,181.1787762457305,0.3558300018784749,BALANCING
0.598,1.773688010281887,-4.481917415087408,181.46711277957436,0.35609121629800217,BALANCING
0.6,1.7647318373745162,-4.474048430859985,181.7539446074652,0.35635026530913083,BALANCING
0.602,1.7557914026009251,-4.466181011463653,182.0392744182175,0.3566071532189328,BALANCING
0.604,1.7468667027917468,-4.458315192983039,182.32310489865787,0.35686188435538535,BALANCING
0.606,1.73795773470646,-4.450451010492758,182.6054387337813,0.35711446306459566,BALANCING
0.608,1.7290644950352974,-4.442588498167629,182.88627860688842,0.3573648937083529,BALANCING
0.61,1.7201869804009482,-4.434727689379915,183.16562719970483,0.35761318066196557,BALANCING
0.612,1.7113251873600774,-4.426868616785093,183.4434871924858,0.3578593283123536,BALANCING
0.614,1.7024791124046834,-4.419011312397527,183.71986126410707,0.3581033410563638,BALANCING
0.616,1.6936487519633132,-4.4111558076572175,183.99475209214404,0.3583452232992823,BALANCING
0.618,1.684834102402153,-4.403302133488698,184.26816235294052,0.35858497945352064,BALANCING
0.62,1.6760351600260053,-4.395450320352988,184.54009472166803,0.35882261393745635,BALANCING
0.622,1.6672519210791719,-4.387600398293426,184.81055187237743,0.35905813117440766,BALANCING
0.624,1.6584843817462476,-4.379752396976116,185.07953647804283,0.3592915355917289,BALANCING
0.626,1.6497325381528394,-4.3719063457256,185.3470512105996,0.3595228316200097,BALANCING
0.628,1.640996386366218,-4.364062273556345,185.61309874097668,0.35975202369236875,BALANCING
0.63,1.6322759223959096,-4.356220209200511,185.87768173912394,0.3599791162438282,BALANCING
0.632,1.623571142194237,-4.348380181132463,186.14080287403522,0.36020411371076133,BALANCING
0.634,1.6148820416568126,-4.340542217590398,186.4024648137677,0.36042702053040326,BALANCING
0.636,1.6062086166229916,-4.332706346595429,186.66267022545762,0.3606478411404186,BALANCING
0.638,1.597550862876291,-4.324872595968422,186.92142177533344,0.36086657997851807,BALANCING
0.64,1.5889087761447722,-4.31704099334487,187.178722128726,0.3610832414821196,BALANCING
0.642,1.5802823521014013,-4.309211566187999,187.43457395007664,0.36129783008804756,BALANCING
0.644,1.571671586364381,-4.301384341800357,187.68897990294315,0.36151035023226613,BALANCING
0.646,1.5630764744974617,-4.293559347334032,187.941942650004,0.3617208063496432,BALANCING
0.648,1.5544970120102326,-4.285736609799679,188.19346485306104,0.3619292028737401,BALANCING
0.65,1.545933194358399,-4.277916156074486,188.44354917304082,0.3621355442366252,BALANCING
0.652,1.537385016944039,-4.270098012909213,188.6921982699945,0.3623398348687084,BALANCING
0.654,1.5288524751158528,-4.2622822069344055,188.939414803097,0.36254207919859294,BALANCING
0.656,1.520335564169396,-4.254468764665885,189.185201430645,0.36274228165294414,BALANCING
0.658,1.5118342793473054,-4.2466577125096,189.42956081005406,0.36294044665637215,BALANCING
0.66,1.5033486158395135,-4.238849076765912,189.67249559785537,0.3631365786313269,BALANCING
0.662,1.4948785687834556,-4.231042883633385,189.91400844969144,0.3633306819980045,BALANCING
0.664,1.4864241332642718,-4.2232391592121346,190.1541020203114,0.3635227611742629,BALANCING
0.666,1.4779853043149993,-4.215437929506794,190.39277896356592,0.3637128205755468,BALANCING
0.668,1.4695620769167612,-4.207639220429133,190.63004193240153,0.3639008646148196,BALANCING
0.67,1.4611544459989498,-4.199843057800383,190.8658935788547,0.36408689770250224,BALANCING
0.672,1.4527624064394062,-4.192049467353285,191.10033655404547,0.3642709242464183,BALANCING
0.674,1.4443859530645948,-4.184258474733915,191.33337350817095,0.3644529486517437,BALANCING
0.676,1.4360250806497754,-4.176470105503303,191.56500709049834,0.36463297532096123,BALANCING
0.678,1.4276797839191717,-4.168684385138854,191.795239949358,0.36481100865381966,BALANCING
0.68,1.4193500575461375,-4.160901339035629,192.0240747321361,0.3649870530472958,BALANCING
0.682,1.4110358961533196,-4.153120992507469,192.25151408526733,0.36516111289555975,BALANCING
0.684,1.4027372943128202,-4.145343370788002,192.47756065422723,0.36533319258994396,BALANCING
0.686,1.394454246546356,-4.137568499031536,192.70221708352457,0.36550329651891306,BALANCING
0.6880000000000001,1.3861867473254157,-4.129796402313858,192.9254860166936,0.36567142906803746,BALANCING
0.6900000000000001,1.3779347910714168,-4.122027105632939,193.14737009628615,0.36583759461996823,BALANCING
0.6920000000000001,1.3696983721558607,-4.114260633909582,193.36787196386376,0.36600179755441337,BALANCING
0.6940000000000001,1.3614774849004858,-4.106497011987977,193.58699425998952,0.3661640422481164,BALANCING
0.6960000000000001,1.3532721235774212,-4.098736264636219,193.80473962422028,0.36632433307483536,BALANCING
0.6980000000000001,1.3450822824093376,-4.090978416546765,194.0211106950983,0.3664826744053243,BALANCING
0.7000000000000001,1.3369079555695984,-4.083223492336844,194.23611011014324,0.36663907060731404,BALANCING
0.7020000000000001,1.32874913718241,-4.0754715165488316,194.44974050584406,0.36679352604549575,BALANCING
0.704,1.320605821322971,-4.067722513650587,194.66200451765073,0.3669460450815039,BALANCING
0.706,1.312478002017621,-4.059976508035757,194.87290477996603,0.36709663207390053,BALANCING
0.708,1.304365673243989,-4.052233524024053,195.08244392613753,0.3672452913781607,BALANCING
0.71,1.2962688289311401,-4.044493585861505,195.29062458844908,0.3673920273466571,BALANCING
0.712,1.288187462959724,-4.036756717720692,195.49744939811288,0.3675368443286471,BALANCING
0.714,1.2801215691621208,-4.029022943700959,195.70292098526116,0.3676797466702584,BALANCING
0.716,1.2720711413225874,-4.021292287828608,195.90704197893788,0.36782073871447607,BALANCING
0.718,1.2640361731774032,-4.013564774057083,196.1098150070907,0.36795982480113043,BALANCING
0.72,1.2560166584150165,-4.005840426267138,196.3112426965626,0.36809700926688366,BALANCING
0.722,1.248012590676189,-3.998119268266992,196.5113276730839,0.3682322964452184,BALANCING
0.724,1.2400239635541406,-3.9904013237924794,196.7100725612639,0.3683656906664256,BALANCING
0.726,1.2320507705946948,-3.9826866165071864,196.90747998458284,0.3684971962575931,BALANCING
0.728,1.224093005296422,-3.9749751700025806,197.1035525653837,0.368626817542594,BALANCING
0.73,1.2161506611107855,-3.967267007798138,197.29829292486414,0.36875455884207553,BALANCING
0.732,1.2082237314422826,-3.9595621533414564,197.49170368306827,0.36888042447344827,BALANCING
0.734,1.2003122096485908,-3.951860630008373,197.68378745887875,0.36900441875087486,BALANCING
0.736,1.1924160890407092,-3.944162461103065,197.87454687000857,0.3691265459852596,BALANCING
0.738,1.1845353628831041,-3.936467669858161,198.06398453299303,0.36924681048423785,BALANCING
0.74,1.1766700243938495,-3.928776279434836,198.25210306318172,0.3693652165521653,BALANCING
0.742,1.1688200667447717,-3.92108831292291,198.4389050747306,0.369481768490108,BALANCING
0.744,1.1609854830615907,-3.9134037933409407,198.62439318059378,0.3695964705958317,BALANCING
0.746,1.1531662664240634,-3.9057227436363178,198.80856999251586,0.36970932716379223,BALANCING
0.748,1.1453624098661261,-3.898045186685352,198.99143812102375,0.36982034248512485,BALANCING
0.75,1.1375739063760357,-3.890371145293359,199.17300017541893,0.3699295208476347,BALANCING
0.752,1.1298007488965118,-3.882700642194752,199.35325876376942,0.3700368665357867,BALANCING
0.754,1.1220429303248796,-3.875033700053121,199.53221649290194,0.3701423838306958,BALANCING
0.756,1.1143004435132093,-3.8673703414613185,199.70987596839416,0.37024607701011736,BALANCING
0.758,1.1065732812684597,-3.859710588941543,199.88623979456668,0.370347950348437,BALANCING
0.76,1.0988614363526181,-3.8520544649454167,200.06131057447547,0.3704480081166617,BALANCING
0.762,1.091164901482842,-3.844401991854071,200.235090909904,0.37054625458240964,BALANCING
0.764,1.0834836693315992,-3.836753191978225,200.4075834013553,0.3706426940099007,BALANCING
0.766,1.0758177325268097,-3.8291080875582617,200.57879064804462,0.3707373306599476,BALANCING
0.768,1.0681670836519859,-3.821466700764312,200.74871524789137,0.3708301687899458,BALANCING
0.77,1.0605317152463718,-3.8138290536963293,200.9173597975116,0.37092121265386446,BALANCING
0.772,1.0529116198050856,-3.8061951683841686,201.08472689221045,0.3710104665022375,BALANCING
0.774,1.0453067897792576,-3.798565066787666,201.25081912597426,0.37109793458215357,BALANCING
0.776,1.037717217576172,-3.790938770796715,201.4156390914632,0.37118362113724734,BALANCING
0.778,1.030142895559405,-3.783316302231341,201.57918938000358,0.3712675304076906,BALANCING
0.78,1.0225838160489658,-3.775697682841785,201.74147258158038,0.37134966663018265,BALANCING
0.782,1.0150399713214353,-3.7680829343085755,201.9024912848296,0.3714300340379412,BALANCING
0.784,1.0075113536101064,-3.760472078242606,202.06224807703092,0.37150863686069413,BALANCING
0.786,0.9999979551051218,-3.752865136185215,202.2207455441,0.3715854793246694,BALANCING
0.788,0.9924997679536143,-3.7452621296082573,202.37798627058126,0.3716605656525871,BALANCING
0.79,0.9850167842598448,-3.7376630799141877,202.5339728396403,0.3717339000636498,BALANCING
0.792,0.9775489960853421,-3.730068008436131,202.6887078330566,0.3718054867735345,BALANCING
0.794,0.9700963954490398,-3.7224769364379644,202.84219383121604,0.37187532999438294,BALANCING
0.796,0.9626589743274171,-3.71488988511439,202.9944334131036,0.3719434339347936,BALANCING
0.798,0.9552367246546345,-3.7073068755910152,203.145429156296,0.3720098027998125,BALANCING
0.8,0.9478296383226739,-3.699727928924426,203.29518363695448,0.37207444079092467,BALANCING
0.802,0.9404377071814752,-3.6921530661022666,203.44369942981743,0.37213735210604537,BALANCING
0.804,0.9330609230390755,-3.6845823080433164,203.59097910819312,0.3721985409395119,BALANCING
0.806,0.9256992776617455,-3.677015675597566,203.73702524395262,0.3722580114820745,BALANCING
0.808,0.9183527627741275,-3.669453189546293,203.88184040752245,0.3723157679208882,BALANCING
0.81,0.9110213700593731,-3.661894870602142,204.02542716787738,0.37237181443950435,BALANCING
0.812,0.9037050911592798,-3.6543407394092013,204.16778809253344,0.37242615521786154,BALANCING
0.8140000000000001,0.8964039176744282,-3.6467908165430782,204.30892574754057,0.3724787944322782,BALANCING
0.8160000000000001,0.8891178411643191,-3.6392451225109785,204.44884269747578,0.37252973625544344,BALANCING
0.8180000000000001,0.8818468531475102,-3.6317036777517844,204.58754150543575,0.37257898485640895,BALANCING
0.8200000000000001,0.8745909451017527,-3.6241665026361294,204.72502473303007,0.3726265444005809,BALANCING
0.8220000000000001,0.8673501084641272,-3.61663361746648,204.86129494037405,0.3726724190497115,BALANCING
0.8240000000000001,0.8601243346311808,-3.60910504247721,204.99635468608173,0.37271661296189057,BALANCING
0.8260000000000001,0.8529136149590626,-3.601580797834681,205.1302065272589,0.37275913029153784,BALANCING
0.8280000000000001,0.84571794076366,-3.594060903637319,205.26285301949616,0.3727999751893945,BALANCING
0.8300000000000001,0.8385373033207341,-3.5865453799156928,205.394296716862,0.3728391518025151,BALANCING
0.8320000000000001,0.8313716938660559,-3.5790342466325935,205.52454017189578,0.3728766642742595,BALANCING
0.834,0.8242211035955412,-3.5715275236831117,205.6535859356011,0.37291251674428494,BALANCING
0.836,0.8170855236653864,-3.5640252308947162,205.7814365574386,0.372946713348538,BALANCING
0.838,0.8099649451922034,-3.5565273880273334,205.90809458531942,0.37297925821924666,BALANCING
0.84,0.8028593592531548,-3.5490340147734245,206.03356256559815,0.37301015548491206,BALANCING
0.842,0.7957687568860884,-3.5415451307580668,206.15784304306626,0.37303940927030127,BALANCING
0.844,0.7886931290896725,-3.5340607555390293,206.28093856094515,0.3730670236964388,BALANCING
0.846,0.7816324668235297,-3.526580908606855,206.40285166087952,0.3730930028805992,BALANCING
0.848,0.774586761008372,-3.519105609384939,206.52358488293066,0.37311735093629916,BALANCING
0.85,0.7675560025261344,-3.511634877229608,206.64314076556974,0.3731400719732898,BALANCING
0.852,0.7605401822201096,-3.5041687314301972,206.761521845671,0.3731611700975488,BALANCING
0.854,0.7535392908950811,-3.496707191209134,206.8787306585054,0.37318064941127305,BALANCING
0.856,0.7465533193174578,-3.489250275722015,206.99476973773366,0.3731985140128707,BALANCING
0.858,0.7395822582154071,-3.4817980040576875,207.10964161540002,0.37321476799695374,BALANCING
0.86,0.7326260982789884,-3.474350395238326,207.2233488219254,0.3732294154543307,BALANCING
0.862,0.7256848301602862,-3.466907468219516,207.33589388610096,0.3732424604719986,BALANCING
0.864,0.7187584444735439,-3.4594692418903334,207.44727933508156,0.3732539071331359,BALANCING
0.866,0.7118469317952955,-3.4520357350734217,207.55750769437927,0.37326375951709473,BALANCING
0.868,0.7049502826644997,-3.4446069665250763,207.66658148785692,0.37327202169939394,BALANCING
0.87,0.6980684875826718,-3.4371829549353223,207.77450323772152,0.3732786977517112,BALANCING
0.872,0.6912015370140163,-3.429763718927996,207.88127546451807,0.373283791741876,BALANCING
0.874,0.6843494213855592,-3.4223492770608264,207.98690068712293,0.37328730773386226,BALANCING
0.876,0.6775121310872801,-3.414939647825513,208.09138142273753,0.3732892497877811,BALANCING
0.878,0.6706896564722444,-3.4075348496478104,208.19472018688208,0.37328962195987364,BALANCING
0.88,0.6638819878567349,-3.4001349008876067,208.29691949338905,0.3732884283025036,BALANCING
0.882,0.6570891155203834,-3.392739819839005,208.39798185439713,0.37328567286415043,BALANCING
0.884,0.6503110297063024,-3.3853496247304053,208.4979097803447,0.373281359689402,BALANCING
0.886,0.6435477206212165,-3.3779643337245857,208.5967057799637,0.3732754928189478,BALANCING
0.888,0.636799178435593,-3.3705839649187834,208.69437236027338,0.3732680762895713,BALANCING
0.89,0.6300653932837735,-3.363208536344777,208.790912026574,0.3732591141341436,BALANCING
0.892,0.623346355264105,-3.355838065968965,208.88632728244082,0.3732486103816161,BALANCING
0.894,0.6166420544390694,-3.3484725716924526,208.98062062971763,0.3732365690570136,BALANCING
0.896,0.6099524808354152,-3.3411120713511298,209.0737945685111,0.3732229941814274,BALANCING
0.898,0.6032776244442875,-3.3337565827157536,209.16585159718397,0.37320788977200836,BALANCING
0.9,0.5966174752213576,-3.3264061234920317,209.25679421234972,0.3731912598419605,BALANCING
0.902,0.589972023086954,-3.3190607113207036,209.34662490886586,0.37317310840053347,BALANCING
0.904,0.5833412579261914,-3.3117203637776225,209.43534617982823,0.3731534394530163,BALANCING
0.906,0.5767251695891012,-3.3043850983738383,209.5229605165649,0.3731322570007307,BALANCING
0.908,0.5701237478907603,-3.2970549325556795,209.60947040863007,0.37310956504102394,BALANCING
0.91,0.5635369826114206,-3.289729883704836,209.69487834379825,0.37308536756726246,BALANCING
0.912,0.5569648634966389,-3.282409969138441,209.77918680805817,0.37305966856882555,BALANCING
0.914,0.5504073802574049,-3.2750952061091554,209.86239828560693,0.3730324720310981,BALANCING
0.916,0.5438645225702708,-3.267785611805249,209.94451525884404,0.3730037819354644,BALANCING
0.918,0.5373362800774797,-3.260481203350684,210.02554020836556,0.37297360225930204,BALANCING
0.92,0.5308226423870943,-3.2531819978051963,210.10547561295814,0.3729419369759744,BALANCING
0.922,0.5243235990731251,-3.245888012164384,210.18432394959348,0.37290879005482513,BALANCING
0.924,0.5178391396756586,-3.2385992633597835,210.26208769342205,0.3728741654611713,BALANCING
0.926,0.5113692537009858,-3.2313157682589577,210.33876931776766,0.3728380671562971,BALANCING
0.928,0.5049139306217293,-3.224037543665577,210.41437129412157,0.37280049909744745,BALANCING
0.93,0.49847315987697144,-3.2167646063195043,210.48889609213668,0.37276146523782183,BALANCING
0.932,0.49204693087238194,-3.209496972896877,210.56234617962198,0.37272096952656775,BALANCING
0.934,0.48563523298034506,-3.202234660010192,210.63472402253663,0.37267901590877484,BALANCING
0.936,0.479238055540087,-3.1949776842083892,210.70603208498434,0.37263560832546827,BALANCING
0.9380000000000001,0.4728553878578027,-3.1877260619769348,210.77627282920787,0.3725907507136027,BALANCING
0.9400000000000001,0.4664872192067827,-3.1804798097379057,210.8454487155832,0.3725444470060565,BALANCING
0.9420000000000001,0.46013353882754027,-3.173238943850073,210.91356220261397,0.37249670113162486,BALANCING
0.9440000000000001,0.4537943359279372,-3.166003480608987,210.980615746926,0.37244751701501455,BALANCING
0.9460000000000001,0.44746959968331107,-3.1587734362470603,211.04661180326153,0.37239689857683717,BALANCING
0.9480000000000001,0.44115931923660057,-3.1515488269336527,211.11155282447385,0.3723448497336038,BALANCING
0.9500000000000001,0.4348634836984722,-3.1443296687751565,211.17544126152168,0.37229137439771853,BALANCING
0.9520000000000001,0.42858208214744564,-3.137115977815079,211.23827956346372,0.3722364764774725,BALANCING
0.9540000000000001,0.42231510363001984,-3.1299077700341282,211.30007017745308,0.3721801598770384,BALANCING
0.9560000000000001,0.41606253716079816,-3.122705061350298,211.360815548732,0.37212242849646426,BALANCING
0.9580000000000001,0.4098243717226141,-3.1155078676189523,211.42051812062627,0.37206328623166773,BALANCING
0.96,0.4036005962666561,-3.1083162046329083,211.4791803345398,0.3720027369744303,BALANCING
0.962,0.39739119971259285,-3.1011300881225243,211.53680462994942,0.37194078461239133,BALANCING
0.964,0.3911961709486979,-3.0939495337557825,211.59339344439925,0.3718774330290425,BALANCING
0.966,0.3850154988319747,-3.086774557138376,211.64894921349565,0.37181268610372203,BALANCING
0.968,0.37884917218828057,-3.0796051738137913,211.7034743709016,0.37174654771160903,BALANCING
0.97,0.3726971798124515,-3.072441399263395,211.7569713483317,0.37167902172371786,BALANCING
0.972,0.3665595104684259,-3.065283248906521,211.8094425755466,0.3716101120068924,BALANCING
0.974,0.36043615288936903,-3.0581307381005516,211.860890480348,0.37153982242380085,BALANCING
0.976,0.35432709577779653,-3.050983882141007,211.91131748857325,0.3714681568329295,BALANCING
0.978,0.348232327805698,-3.0438426962616285,211.96072602409018,0.3713951190885778,BALANCING
0.98,0.34215183761466084,-3.036707195634465,212.00911850879203,0.3713207130408529,BALANCING
0.982,0.33608561381599306,-3.0295773953699587,212.0564973625921,0.37124494253566365,BALANCING
0.984,0.33003364499084686,-3.0224533105170304,212.10286500341874,0.3711678114147158,BALANCING
0.986,0.32399591969034125,-3.015334956063166,212.14822384721012,0.37108932351550616,BALANCING
0.988,0.31797242643568513,-3.0082223469345024,212.19257630790923,0.37100948267131756,BALANCING
0.99,0.3119631537182997,-3.0011154979959134,212.2359247974588,0.3709282927112133,BALANCING
0.992,0.3059680899999409,-2.9940144240510946,212.27827172579615,0.3708457574600322,BALANCING
0.994,0.2999872237128219,-2.986919139842652,212.3196195008482,0.37076188073838284,BALANCING
0.996,0.294020543259735,-2.979829660052186,212.35997052852662,0.3706766663626389,BALANCING
0.998,0.2880680370141734,-2.972745999300379,212.39932721272254,0.37059011814493353,BALANCING
1.0,0.2821296933204535,-2.965668172147082,212.43769195530172,0.37050223989315423,BALANCING
1.002,0.276205500493836,-2.958596193091399,212.47506715609975,0.37041303541093823,BALANCING
1.004,0.2702954468206474,-2.951530076571777,212.51145521291687,0.37032250849766646,BALANCING
1.006,0.26439952055840127,-2.944469836966089,212.5468585215133,0.3702306629484595,BALANCING
1.008,0.2585177099359195,-2.9374154885917227,212.5812794756041,0.3701375025541721,BALANCING
1.01,0.2526500031534529,-2.930367045705668,212.61472046685464,0.37004303110138786,BALANCING
1.012,0.2467963883828019,-2.9233245225046023,212.6471838848754,0.3699472523724147,BALANCING
1.014,0.24095685376743753,-2.916287933124976,212.67867211721745,0.3698501701452799,BALANCING
1.016,0.23513138742262124,-2.9092572916431036,212.70918754936747,0.36975178819372495,BALANCING
1.018,0.22931997743552543,-2.9022326120752475,212.73873256474312,0.3696521102872011,BALANCING
1.02,0.22352261186535335,-2.8952139083777055,212.76730954468806,0.3695511401908638,BALANCING
1.022,0.21773927874345902,-2.888201194446901,212.79492086846753,0.36944888166556883,BALANCING
1.024,0.21196996607346683,-2.8811944841194634,212.82156891326338,0.3693453384678665,BALANCING
1.026,0.20621466183139095,-2.8741937911723237,212.8472560541695,0.36924051434999794,BALANCING
1.028,0.2004733539657549,-2.8671991293227954,212.8719846641871,0.3691344130598895,BALANCING
1.03,0.1947460303977105,-2.860210512228666,212.89575711422015,0.3690270383411486,BALANCING
1.032,0.18903267902115692,-2.8532279534882825,212.91857577307061,0.368918393933059,BALANCING
1.034,0.18333328770285937,-2.8462514666406387,212.94044300743403,0.3688084835705757,BALANCING
1.036,0.17764784428256786,-2.8392810651654643,212.96136118189472,0.3686973109843213,BALANCING
1.038,0.17197633657313563,-2.8323167624833117,212.9813326589214,0.3685848799005804,BALANCING
1.04,0.1663187523606373,-2.8253585719556438,213.00035979886255,0.36847119404129586,BALANCING
1.042,0.1606750794044871,-2.8184065068849216,213.01844495994197,0.3683562571240638,BALANCING
1.044,0.1550453054375567,-2.811460580514692,213.0355904982541,0.36824007286212934,BALANCING
1.046,0.149429418166293,-2.8045208060296773,213.05179876775978,0.3681226449643823,BALANCING
1.048,0.14382740527083565,-2.797587196555861,213.06707212028167,0.3680039771353523,BALANCING
1.05,0.1382392544051345,-2.7906597651605773,213.08141290549972,0.3678840730752051,BALANCING
1.052,0.13266495319706678,-2.783738524852598,213.09482347094698,0.3677629364797376,BALANCING
1.054,0.12710448924855422,-2.776823488582222,213.1073061620051,0.36764057104037395,BALANCING
1.056,0.12155785013567971,-2.7699146692413636,213.11886332189982,0.3675169804441609,BALANCING
1.058,0.11602502340880419,-2.7630120796636386,213.1294972916968,0.367392168373764,BALANCING
1.06,0.11050599659268308,-2.7561157326244548,213.13921041029724,0.36726613850746287,BALANCING
1.062,0.10500075718658261,-2.7492256408410998,213.14800501443358,0.36713889451914744,BALANCING
1.064,0.09950929266439597,-2.74234181697283,213.15588343866511,0.3670104400783135,BALANCING
1.066,0.09403159047475933,-2.7354642736209573,213.16284801537378,0.36688077885005865,BALANCING
1.068,0.08856763804116756,-2.7285930233289397,213.16890107476004,0.3667499144950783,BALANCING
1.07,0.08311742276208994,-2.7217280785824696,213.17404494483839,0.3666178506696614,BALANCING
1.072,0.0776809320110856,-2.7148694518095597,213.17828195143335,0.36648459102568653,BALANCING
1.074,0.07225815313691872,-2.708017155380637,213.18161441817523,0.36635013921061793,BALANCING
1.076,0.06684907346367365,-2.7011712016086262,213.18404466649594,0.3662144988675012,BALANCING
1.078,0.06145368029086987,-2.6943316027490423,213.1855750156248,0.36607767363495974,BALANCING
1.08,0.056071960893576696,-2.6874983710000766,213.18620778258455,0.3659396671471906,BALANCING
1.082,0.05070390252252783,-2.680671518502688,213.18594528218708,0.36580048303396073,BALANCING
1.084,0.04534949240423573,-2.6738510573406917,213.18478982702945,0.36566012492060285,BALANCING
1.086,0.04000871774110585,-2.6670369995408465,213.18274372748976,0.3655185964280118,BALANCING
1.088,0.03468156571155065,-2.6602293570729447,213.17980929172325,0.36537590117264085,BALANCING
1.09,0.029368023470103418,-2.653428141849903,213.17598882565798,0.3652320427664975,BALANCING
1.092,0.024068078147531972,-2.6466333657278476,213.17128463299113,0.3650870248171403,BALANCING
1.094,0.018781716850952132,-2.639845040506209,213.16569901518488,0.3649408509276746,BALANCING
1.096,0.01350892666394103,-2.6330631779278053,213.15923427146242,0.3647935246967491,BALANCING
1.098,0.008249694646650258,-2.6262877896789365,213.15189269880403,0.3646450497185523,BALANCING
1.1,0.003004007835918804,-2.619518887389471,213.14367659194323,0.3644954295828086,BALANCING
1.102,-0.002228146754614163,-2.6127564826329355,213.13458824336266,0.3643446678747749,BALANCING
1.104,-0.007446782134396702,-2.6060005869266054,213.1246299432905,0.36419276817523666,BALANCING
1.106,-0.012651911335851675,-2.599251211731592,213.1138039796964,0.36403973406050516,BALANCING
1.108,-0.017843547414264516,-2.5925083684529358,213.10211263828762,0.36388556910241293,BALANCING
1.11,-0.02302170344767117,-2.5857720684396917,213.08955820250532,0.3637302768683112,BALANCING
1.112,-0.0281863925367462,-2.5790423229850226,213.07614295352067,0.3635738609210657,BALANCING
1.114,-0.03333762780469113,-2.5723191433262866,213.0618691702311,0.36341632481905345,BALANCING
1.116,-0.03847542239712286,-2.565602540645127,213.04673912925648,0.36325767211615984,BALANCING
1.118,-0.04359978948196236,-2.558892526067563,213.0307551049355,0.3630979063617744,BALANCING
1.12,-0.04871074224932351,-2.5521891106640773,213.0139193693218,0.3629370311007883,BALANCING
1.122,-0.05380829391140212,-2.5454923054497094,212.99623419218028,0.36277504987359027,BALANCING
1.124,-0.058892457702365106,-2.5388021213841423,212.97770184098357,0.3626119662160639,BALANCING
1.1260000000000001,-0.06396324687823987,-2.532118569371794,212.95832458090814,0.362447783659584,BALANCING
1.1280000000000001,-0.06902067471680391,-2.525441660261907,212.93810467483075,0.3622825057310135,BALANCING
1.1300000000000001,-0.07406475451747445,-2.5187714048486383,212.9170443833249,0.3621161359527003,BALANCING
1.1320000000000001,-0.07909549960119842,-2.512107813871149,212.89514596465713,0.36194867784247403,BALANCING
1.1340000000000001,-0.08411292331034263,-2.5054508980136956,212.87241167478334,0.36178013491364275,BALANCING
1.1360000000000001,-0.08911703900858389,-2.498800667905718,212.84884376734541,0.36161051067498995,BALANCING
1.1380000000000001,-0.09410786008079955,-2.492157134121931,212.8244444936676,0.3614398086307717,BALANCING
1.1400000000000001,-0.09908539993295816,-2.4855203071824152,212.79921610275287,0.3612680322807131,BALANCING
1.1420000000000001,-0.10404967199201022,-2.478890197552706,212.77316084127952,0.36109518512000544,BALANCING
1.1440000000000001,-0.10900068970577928,-2.4722668156438834,212.74628095359765,0.3609212706393034,BALANCING
1.1460000000000001,-0.11393846654285297,-2.465650171812662,212.71857868172566,0.3607462923247218,BALANCING
1.1480000000000001,-0.11886301599247454,-2.459040276361484,212.69005626534684,0.3605702536578326,BALANCING
1.1500000000000001,-0.1237743515644342,-2.452437139538606,212.66071594180596,0.36039315811566225,BALANCING
1.1520000000000001,-0.128672486788961,-2.445840771538193,212.63055994610568,0.3602150091706886,BALANCING
1.154,-0.13355743521661467,-2.4392511825004037,212.5995905109033,0.3600358102908378,BALANCING
1.156,-0.1384292104181777,-2.432668382511487,212.56780986650747,0.35985556493948195,BALANCING
1.158,-0.1432878259845476,-2.426092381603867,212.53522024087457,0.3596742765754358,BALANCING
1.16,-0.14813329552662932,-2.4195231897562373,212.50182385960557,0.3594919486529543,BALANCING
1.162,-0.15296563267522797,-2.4129608168936483,212.46762294594268,0.3593085846217296,BALANCING
1.164,-0.15778485108094153,-2.406405272887601,212.43261972076596,0.3591241879268885,BALANCING
1.166,-0.16259096441405388,-2.3998565675561347,212.39681640259005,0.3589387620089894,BALANCING
1.168,-0.1673839863644279,-2.3933147106639203,212.36021520756105,0.35875231030401994,BALANCING
1.17,-0.1721639306413989,-2.386779711922348,212.32281834945312,0.35856483624339447,BALANCING
1.172,-0.17693081097366814,-2.3802515809896185,212.28462803966525,0.35837634325395074,BALANCING
1.174,-0.18168464110919652,-2.3737303274708363,212.24564648721812,0.35818683475794794,BALANCING
1.176,-0.18642543481509846,-2.367215960918097,212.2058758987509,0.35799631417306393,BALANCING
1.178,-0.19115320587753595,-2.3607084908305804,212.16531847851803,0.35780478491239254,BALANCING
1.18,-0.19586796810161297,-2.35420792665464,212.12397642838613,0.3576122503844412,BALANCING
1.182,-0.20056973531126965,-2.3477142777838926,212.0818519478308,0.35741871399312836,BALANCING
1.184,-0.20525852134917713,-2.3412275535593126,212.03894723393356,0.35722417913778104,BALANCING
1.186,-0.20993434007663223,-2.334747763269319,211.99526448137868,0.3570286492131324,BALANCING
1.188,-0.21459720537345245,-2.3282749161498684,211.95080588245023,0.35683212760931926,BALANCING
1.19,-0.21924713113787123,-2.321809021384545,211.9055736270288,0.35663461771187954,BALANCING
1.192,-0.22388413128643314,-2.315350088104651,211.85956990258865,0.3564361229017504,BALANCING
1.194,-0.2285082197538895,-2.3088981253893004,211.81279689419472,0.3562366465552654,BALANCING
1.196,-0.23311941049309406,-2.302453142265504,211.7652567844994,0.35603619204415216,BALANCING
1.198,-0.23771771747489898,-2.296015147708267,211.71695175373966,0.3558347627355306,BALANCING
1.2,-0.24230315468805075,-2.289584150640675,211.6678839797342,0.3556323619919099,BALANCING
1.202,-0.24687573613908648,-2.2831601599339875,211.61805563788025,0.3554289931711871,BALANCING
1.204,-0.2514354758522304,-2.2767431844077266,211.56746890115087,0.3552246596266441,BALANCING
1.206,-0.2559823878692906,-2.2703332328297714,211.51612594009194,0.3550193647069461,BALANCING
1.208,-0.2605164862495554,-2.2639303139164464,211.46402892281915,0.3548131117561388,BALANCING
1.21,-0.2650377850696908,-2.257534436332612,211.41118001501536,0.3546059041136469,BALANCING
1.212,-0.26954629842363736,-2.2511456086917576,211.35758137992752,0.3543977451142715,BALANCING
1.214,-0.27404204042250774,-2.244763839556091,211.30323517836393,0.3541886380881884,BALANCING
1.216,-0.2785250251944839,-2.2383891374366307,211.2481435686914,0.3539785863609457,BALANCING
1.218,-0.2829952668847154,-2.232021510793295,211.19230870683248,0.3537675932534619,BALANCING
1.22,-0.2874527796552166,-2.2256609680349957,211.1357327462626,0.35355566208202394,BALANCING
1.222,-0.29189757768476526,-2.219307517519727,211.07841783800725,0.35334279615828496,BALANCING
1.224,-0.29632967516880043,-2.2129611675546585,211.02036613063947,0.35312899878926274,BALANCING
1.226,-0.3007490863193211,-2.2066219263962235,210.96157977027678,0.3529142732773375,BALANCING
1.228,-0.3051558253647849,-2.200289802250213,210.90206090057876,0.35269862292024995,BALANCING
1.23,-0.30954990655000664,-2.193964803271865,210.84181166274408,0.3524820510110995,BALANCING
1.232,-0.3139313441360575,-2.1876469375659564,210.78083419550813,0.3522645608383424,BALANCING
1.234,-0.318300152400164,-2.1813362131868943,210.71913063514003,0.3520461556857899,BALANCING
1.236,-0.3226563456356077,-2.175032638138806,210.65670311544025,0.35182683883260646,BALANCING
1.238,-0.32699993815162426,-2.168736220375633,210.5935537677377,0.35160661355330763,BALANCING
1.24,-0.3313309442733036,-2.1624469678012175,210.52968472088742,0.3513854831177588,BALANCING
1.242,-0.33564937834148956,-2.1561648882693976,210.4650981012678,0.3511634507911733,BALANCING
1.244,-0.33995525471267996,-2.149889989584097,210.39979603277806,0.3509405198341104,BALANCING
1.246,-0.34424858775892686,-2.1436222794994158,210.33378063683566,0.3507166935024739,BALANCING
1.248,-0.34852939186773724,-2.1373617657197226,210.26705403237372,0.3504919750475105,BALANCING
1.25,-0.3527976814419733,-2.131108455899746,210.19961833583864,0.35026636771580777,BALANCING
1.252,-0.35705347089975353,-2.1248623576446635,210.13147566118747,0.35003987474929305,BALANCING
1.254,-0.3612967746743535,-2.118623478510195,210.06262811988535,0.3498124993852314,BALANCING
1.256,-0.3655276072141071,-2.112391826002693,209.9930778209033,0.3495842448562245,BALANCING
1.258,-0.36974598298230804,-2.1061674075792336,209.92282687071545,0.3493551143902087,BALANCING
1.26,-0.3739519164571111,-2.09995023064771,209.85187737329684,0.34912511121045353,BALANCING
1.262,-0.37814542213143426,-2.0937403025669203,209.78023143012086,0.3488942385355605,BALANCING
1.264,-0.3823265145128601,-2.08753763064666,209.7078911401569,0.3486624995794612,BALANCING
1.266,-0.38649520812353827,-2.0813422221478146,209.63485859986795,0.34842989755141646,BALANCING
1.268,-0.39065151750008753,-2.075154084282449,209.56113590320822,0.34819643565601405,BALANCING
1.27,-0.3947954571934985,-2.0689732242139005,209.48672514162084,0.3479621170931681,BALANCING
1.272,-0.398927041769036,-2.062799649056867,209.4116284040354,0.3477269450581174,BALANCING
1.274,-0.4030462858061418,-2.056633365877502,209.33584777686582,0.347490922741424,BALANCING
1.276,-0.40715320389833803,-2.0504743816935025,209.25938534400782,0.3472540533289718,BALANCING
1.278,-0.41124781065312993,-2.044322703474203,209.18224318683684,0.34701634000196546,BALANCING
1.28,-0.4153301206919095,-2.038178338140665,209.10442338420566,0.346777785936929,BALANCING
1.282,-0.4194001486498588,-2.032041292565768,209.02592801244214,0.3465383943057045,BALANCING
1.284,-0.423457909175854,-2.0259115735743025,208.946759145347,0.34629816827545096,BALANCING
1.286,-0.42750341693236904,-2.0197891879430587,208.86691885419168,0.34605711100864306,BALANCING
1.288,-0.43153668659537964,-2.01367414240092,208.78640920771608,0.34581522566307,BALANCING
1.29,-0.43555773285426785,-2.007566443628953,208.7052322721262,0.345572515391834,BALANCING
1.292,-0.4395665704117264,-2.001466098260498,208.62339011109236,0.3453289833433497,BALANCING
1.294,-0.4435632139836632,-1.995373112881262,208.5408847857467,0.34508463266134276,BALANCING
1.296,-0.44754767829910647,-1.989287494029409,208.45771835468113,0.3448394664848486,BALANCING
1.298,-0.4515199781001093,-1.9832092481956505,208.37389287394535,0.34459348794821165,BALANCING
1.3,-0.45548012814165534,-1.9771383818233377,208.28941039704466,0.34434670018108415,BALANCING
1.302,-0.4594281431915638,-1.9710749013085522,208.20427297493774,0.3440991063084249,BALANCING
1.304,-0.46336403803039494,-1.9650188130001973,208.11848265603476,0.34385070945049867,BALANCING
1.306,-0.46728782745135633,-1.9589701232000882,208.03204148619528,0.3436015127228749,BALANCING
1.308,-0.47119952626020806,-1.952928838163045,207.9449515087262,0.34335151923642704,BALANCING
1.31,-0.47509914927516966,-1.9468949640969822,207.8572147643797,0.34310073209733105,BALANCING
1.312,-0.47898671132682547,-1.9408685071630003,207.76883329135134,0.3428491544070651,BALANCING
1.314,-0.48286222725803163,-1.9348494734754773,207.6798091252779,0.34259678926240855,BALANCING
1.316,-0.4867257119238229,-1.9288378691021595,207.59014429923565,0.3423436397554406,BALANCING
1.318,-0.490577180191319,-1.922833700064252,207.4998408437381,0.3420897089735399,BALANCING
1.32,-0.49441664693963194,-1.916836972336511,207.4089007867343,0.34183499999938377,BALANCING
1.322,-0.49824412705977295,-1.9108476918473332,207.31732615360693,0.3415795159109472,BALANCING
1.324,-0.5020596354545603,-1.9048658644788483,207.2251189671701,0.341323259781502,BALANCING
1.326,-0.5058631870385265,-1.89889149606701,207.13228124766775,0.3410662346796162,BALANCING
1.328,-0.5096547967378259,-1.892924592401686,207.0388150127717,0.3408084436691532,BALANCING
1.33,-0.5134344794901431,-1.8869651592267493,206.94472227757973,0.34054988980927126,BALANCING
1.332,-0.5172022502446005,-1.8810132022401702,206.85000505461377,0.3402905761544223,BALANCING
1.334,-0.5209581239616673,-1.8750687270941058,206.75466535381815,0.3400305057543522,BALANCING
1.336,-0.5247021156130671,-1.8691317393949916,206.65870518255758,0.33976968165409877,BALANCING
1.338,-0.5284342401816872,-1.863202244703633,206.56212654561563,0.33950810689399247,BALANCING
1.34,-0.532154512661487,-1.8572802485352948,206.4649314451927,0.33924578450965504,BALANCING
1.342,-0.5358629480574074,-1.8513657563597943,206.36712188090436,0.338982717531999,BALANCING
1.344,-0.5395595613852798,-1.8454587736015902,206.26869984977975,0.3387189089872271,BALANCING
1.346,-0.5432443676717355,-1.8395593056398736,206.1696673462595,0.3384543618968321,BALANCING
1.348,-0.5469173819541149,-1.8336673578086604,206.0700263621943,0.33818907927759584,BALANCING
1.35,-0.5505786192803781,-1.8277829353968809,205.96977888684324,0.33792306414158896,BALANCING
1.352,-0.5542280947090138,-1.8219060436484702,205.86892690687176,0.3376563194961703,BALANCING
1.354,-0.5578658233089504,-1.8160366877624607,205.76747240635038,0.3373888483439866,BALANCING
1.356,-0.5614918201594655,-1.8101748728930709,205.6654173667528,0.3371206536829718,BALANCING
1.358,-0.5651061003500966,-1.804320604149798,205.5627637669544,0.3368517385063469,BALANCING
1.36,-0.5687086789805517,-1.7984738865975063,205.4595135832305,0.3365821058026197,BALANCING
1.362,-0.5722995711606206,-1.7926347252565213,205.3556687892548,0.3363117585555837,BALANCING
1.364,-0.5758787920100851,-1.7868031251027168,205.2512313560979,0.33604069974431866,BALANCING
1.366,-0.579446356658631,-1.7809790910676082,205.14620325222543,0.33576893234318966,BALANCING
1.368,-0.5830022802457587,-1.7751626280384418,205.0405864434969,0.335496459321847,BALANCING
1.37,-0.5865465779206956,-1.7693537408582853,204.93438289316367,0.33522328364522597,BALANCING
1.372,-0.5900792648423069,-1.7635524343261202,204.82759456186787,0.3349494082735463,BALANCING
1.374,-0.5936003561790084,-1.7577587131969294,204.72022340764062,0.33467483616231236,BALANCING
1.3760000000000001,-0.5971098671086779,-1.7519725821817906,204.61227138590056,0.33439957026231276,BALANCING
1.3780000000000001,-0.6006078128185679,-1.7461940459479655,204.50374044945247,0.33412361351961983,BALANCING
1.3800000000000001,-0.6040942085052178,-1.74042310911899,204.3946325484856,0.3338469688755897,BALANCING
1.3820000000000001,-0.6075690693743668,-1.734659776274765,204.28494963057247,0.33356963926686234,BALANCING
1.3840000000000001,-0.6110324106408667,-1.7289040519516479,204.17469364066721,0.333291627625361,BALANCING
1.3860000000000001,-0.6144842475285943,-1.7231559406425414,204.0638665211043,0.3330129368782926,BALANCING
1.3880000000000001,-0.6179245952703657,-1.7174154467969844,203.952470211597,0.33273356994814685,BALANCING
1.3900000000000001,-0.6213534691078486,-1.7116825748212432,203.84050664923606,0.33245352975269704,BALANCING
1.3920000000000001,-0.6247708842914764,-1.7059573290784014,203.72797776848833,0.3321728192049994,BALANCING
1.3940000000000001,-0.6281768560803618,-1.700239713888449,203.61488550119535,0.33189144121339337,BALANCING
1.3960000000000001,-0.6315713997422107,-1.6945297335283747,203.50123177657198,0.3316093986815012,BALANCING
1.3980000000000001,-0.6349545305532363,-1.6888273922322545,203.38701852120522,0.3313266945082283,BALANCING
1.4000000000000001,-0.6383262637980732,-1.6831326941913431,203.27224765905265,0.3310433315877634,BALANCING
1.4020000000000001,-0.6416866147696925,-1.6774456435541638,203.1569211114413,0.33075931280957804,BALANCING
1.4040000000000001,-0.6450355987693152,-1.671766244426598,203.0410407970663,0.33047464105842694,BALANCING
1.4060000000000001,-0.6483732311063283,-1.6660945008719756,202.92460863198963,0.33018931921434835,BALANCING
1.408,-0.6516995270981991,-1.660430416911166,202.80762652963875,0.32990335015266364,BALANCING
1.41,-0.6550145020703904,-1.6547739965226678,202.69009640080552,0.3296167367439778,BALANCING
1.412,-0.6583181713562759,-1.6491252436426973,202.57202015364476,0.3293294818541791,BALANCING
1.414,-0.6616105502970561,-1.643484162165281,202.45339969367333,0.3290415883444402,BALANCING
1.416,-0.6648916542416731,-1.6378507559423439,202.33423692376854,0.328753059071217,BALANCING
1.418,-0.6681614985467276,-1.6322250287837996,202.21453374416728,0.32846389688625016,BALANCING
1.42,-0.6714200985763942,-1.6266069844576412,202.09429205246468,0.3281741046365643,BALANCING
1.422,-0.6746674697023377,-1.6209966266900298,201.973513743613,0.32788368516446886,BALANCING
1.424,-0.6779036273036303,-1.6153939591653854,201.8522007099205,0.32759264130755805,BALANCING
1.426,-0.681128586766667,-1.609798985526477,201.73035484105023,0.3273009758987112,BALANCING
1.428,-0.6843423634850831,-1.6042117093745103,201.60797802401902,0.3270086917660933,BALANCING
1.43,-0.6875449728596715,-1.5986321342692202,201.4850721431962,0.32671579173315474,BALANCING
1.432,-0.6907364302982989,-1.593060263728959,201.3616390803028,0.32642227861863216,BALANCING
1.434,-0.693916751215824,-1.5874961012307856,201.23768071441015,0.3261281552365487,BALANCING
1.436,-0.6970859510340144,-1.5819396502105565,201.11319892193904,0.3258334243962142,BALANCING
1.438,-0.7002440451814645,-1.576390914063014,200.98819557665857,0.3255380889022258,BALANCING
1.44,-0.703391049093514,-1.5708498961418769,200.86267254968516,0.32524215155446823,BALANCING
1.442,-0.7065269782121644,-1.5653165997599303,200.7366317094815,0.3249456151481141,BALANCING
1.444,-0.7096518479859987,-1.5597910281891132,200.61007492185553,0.32464848247362466,BALANCING
1.446,-0.7127656738700994,-1.5542731846606093,200.48300404995956,0.32435075631675014,BALANCING
1.448,-0.7158684713259663,-1.548763072364937,200.3554209542892,0.3240524394585302,BALANCING
1.45,-0.7189602558214365,-1.543260694452037,200.22732749268226,0.32375353467529433,BALANCING
1.452,-0.7220410428306026,-1.5377660540313638,200.09872552031817,0.3234540447386627,BALANCING
1.454,-0.7251108478337317,-1.5322791541719727,199.96961688971658,0.3231539724155462,BALANCING
1.456,-0.7281696863171851,-1.526799997902611,199.84000345073687,0.3228533204681475,BALANCING
1.458,-0.7312175737733377,-1.5213285882118057,199.70988705057698,0.32255209165396154,BALANCING
1.46,-0.7342545257004973,-1.5158649280479537,199.5792695337725,0.32225028872577566,BALANCING
1.462,-0.737280557602825,-1.5104090203194107,199.44815274219602,0.32194791443167076,BALANCING
1.464,-0.7402956849902546,-1.5049608678945796,199.316538515056,0.3216449715150219,BALANCING
1.466,-0.7432999233784132,-1.499520473602001,199.1844286888961,0.3213414627144986,BALANCING
1.468,-0.7462932882885416,-1.4940878402304405,199.05182509759425,0.3210373907640656,BALANCING
1.47,-0.7492757952474145,-1.4886629705289787,198.9187295723618,0.320732758392984,BALANCING
1.472,-0.7522474597872613,-1.4832458672070998,198.78514394174277,0.32042756832581126,BALANCING
1.474,-0.7552082974456874,-1.4778365329347807,198.65107003161307,0.32012182328240246,BALANCING
1.476,-0.7581583237655947,-1.4724349703425794,198.5165096651797,0.319815525977911,BALANCING
1.478,-0.7610975542951033,-1.4670411820217246,198.38146466297985,0.3195086791227891,BALANCING
1.48,-0.7640260045874725,-1.4616551705242031,198.24593684288033,0.3192012854227885,BALANCING
1.482,-0.766943690201023,-1.4562769383628498,198.1099280200767,0.3188933475789619,BALANCING
1.484,-0.7698506266990583,-1.4509064880114355,197.97344000709253,0.3185848682876631,BALANCING
1.486,-0.7727468296497865,-1.4455438219047558,197.8364746137789,0.31827585024054816,BALANCING
1.488,-0.7756323146262427,-1.44018894243872,197.6990336473133,0.3179662961245761,BALANCING
1.49,-0.7785070972062113,-1.4348418519704391,197.56111891219936,0.3176562086220099,BALANCING
1.492,-0.7813711929721485,-1.4295025528183145,197.4227322102658,0.31734559041041727,BALANCING
1.494,-0.7842246175111048,-1.4241710472621265,197.28387534066607,0.31703444416267174,BALANCING
1.496,-0.7870673864146484,-1.4188473375431219,197.14455009987748,0.31672277254695336,BALANCING
1.498,-0.789899515278787,-1.4135314258641034,197.00475828170067,0.31641057822674973,BALANCING
1.5,-0.7927210197038924,-1.408223314389517,196.86450167725894,0.31609786386085703,BALANCING
1.502,-0.7955319152946233,-1.402923005245541,196.7237820749977,0.3157846321033808,BALANCING
1.504,-0.7983322176598485,-1.397630500520174,196.5826012606838,0.31547088560373726,BALANCING
1.506,-0.8011219424125711,-1.3923458022633217,196.44096101740496,0.3151566270066541,BALANCING
1.508,-0.8039011051698522,-1.387068912486888,196.29886312556917,0.31484185895217115,BALANCING
1.51,-0.8066697215527352,-1.3817998331648593,196.15630936290424,0.3145265840756424,BALANCING
1.512,-0.8094278071861699,-1.3765385662333949,196.01330150445708,0.3142108050077359,BALANCING
1.514,-0.8121753776989367,-1.3712851135909148,195.86984132259335,0.3138945243744357,BALANCING
1.516,-0.8149124487235714,-1.3660394770981856,195.72593058699675,0.31357774479704276,BALANCING
1.518,-0.8176390358962905,-1.360801658578412,195.5815710646687,0.31326046889217557,BALANCING
1.52,-0.8203551548569151,-1.3555716598173202,195.4367645199277,0.3129426992717719,BALANCING
1.522,-0.8230608212487971,-1.3503494825632492,195.29151271440884,0.3126244385430897,BALANCING
1.524,-0.8257560507187438,-1.3451351285272364,195.14581740706345,0.3123056893087081,BALANCING
1.526,-0.8284408589169435,-1.3399285993831056,194.99968035415864,0.31198645416652904,BALANCING
1.528,-0.8311152614968916,-1.3347298967675554,194.8531033092766,0.3116667357097779,BALANCING
1.53,-0.8337792741153159,-1.3295390222802461,194.7060880233145,0.31134653652700495,BALANCING
1.532,-0.8364329124321027,-1.3243559774838864,194.5586362444839,0.311025859202087,BALANCING
1.534,-0.8390761921102236,-1.3191807639043223,194.4107497183103,0.3107047063142278,BALANCING
1.536,-0.8417091288156607,-1.3140133830306229,194.2624301876329,0.31038308043796026,BALANCING
1.538,-0.8443317382173345,-1.3088538363151696,194.1136793926041,0.31006098414314676,BALANCING
1.54,-0.8469440359870295,-1.303702125173741,193.96449907068904,0.30973841999498114,BALANCING
1.542,-0.8495460377993215,-1.2985582509856024,193.81489095666555,0.3094153905539899,BALANCING
1.544,-0.8521377593315048,-1.2934222150935908,193.66485678262347,0.30909189837603324,BALANCING
1.546,-0.8547192162635195,-1.2882940188042036,193.51439827796446,0.30876794601230656,BALANCING
1.548,-0.8572904242778784,-1.2831736633876845,193.36351716940177,0.3084435360093421,BALANCING
1.55,-0.8598513990595947,-1.2780611500781112,193.2122151809597,0.3081186709090098,BALANCING
1.552,-0.8624021562961106,-1.2729564800734823,193.06049403397355,0.3077933532485191,BALANCING
1.554,-0.8649427116772241,-1.267859654535803,192.90835544708924,0.3074675855604202,BALANCING
1.556,-0.8674730808950176,-1.2627706745911733,192.7558011362629,0.30714137037260536,BALANCING
1.558,-0.8699932796437863,-1.2576895413298743,192.60283281476083,0.3068147102083108,BALANCING
1.56,-0.8725033236199664,-1.2526162558064546,192.44945219315912,0.30648760758611737,BALANCING
1.562,-0.8750032285220639,-1.2475508190398168,192.29566097934344,0.30616006501995285,BALANCING
1.564,-0.8774930100505834,-1.2424932320133042,192.14146087850887,0.30583208501909304,BALANCING
1.566,-0.8799726839079567,-1.237443495674788,191.9868535931596,0.305503670088163,BALANCING
1.568,-0.8824422657984726,-1.232401610936752,191.83184082310873,0.30517482272713914,BALANCING
1.57,-0.8849017714282055,-1.2273675786763807,191.67642426547826,0.30484554543135056,BALANCING
1.572,-0.8873512165049455,-1.2223413997356452,191.5206056146987,0.3045158406914803,BALANCING
1.574,-0.8897906167381276,-1.2173230749213886,191.36438656250894,0.3041857109935672,BALANCING
1.576,-0.8922199878387622,-1.2123126050054134,191.2077687979562,0.3038551588190075,BALANCING
1.578,-0.8946393455193639,-1.2073099907245664,191.05075400739582,0.3035241866445564,BALANCING
1.58,-0.8970487054938827,-1.202315232780826,190.8933438744912,0.30319279694232937,BALANCING
1.582,-0.8994480834776346,-1.197328331841387,190.73554008021353,0.30286099217980433,BALANCING
1.584,-0.9018374951872308,-1.1923492885387474,190.57734430284185,0.3025287748198229,BALANCING
1.586,-0.9042169563405096,-1.1873781034707942,190.41875821796287,0.302196147320592,BALANCING
1.588,-0.9065864826564669,-1.1824147772008882,190.25978349847097,0.3018631121356861,BALANCING
1.59,-0.9089460898551868,-1.1774593102579518,190.10042181456797,0.30152967171404804,BALANCING
1.592,-0.9112957936577735,-1.1725117031365526,189.94067483376327,0.3011958284999916,BALANCING
1.594,-0.9136356097862822,-1.16757195629699,189.78054422087362,0.30086158493320253,BALANCING
1.596,-0.915965553963651,-1.162640070165381,189.62003163802325,0.3005269434487407,BALANCING
1.598,-0.9182856419136322,-1.157716045133745,189.4591387446437,0.3001919064770417,BALANCING
1.6,-0.9205958893607246,-1.1527998815600895,189.29786719747398,0.2998564764439187,BALANCING
1.602,-0.9228963120301052,-1.147891579768496,189.1362186505604,0.2995206557705642,BALANCING
1.604,-0.9251869256475621,-1.142991140049205,188.9741947552566,0.29918444687355145,BALANCING
1.606,-0.927467745939426,-1.1380985626587,188.81179716022373,0.2988478521648371,BALANCING
1.608,-0.9297387886325034,-1.1332138478197948,188.64902751143032,0.29851087405176224,BALANCING
1.61,-0.9320000694540087,-1.1283369957217178,188.48588745215235,0.2981735149370545,BALANCING
1.612,-0.9342516041314982,-1.1234680065201958,188.32237862297345,0.29783577721883014,BALANCING
1.614,-0.9364934083928023,-1.1186068803375413,188.15850266178475,0.2974976632905955,BALANCING
1.616,-0.9387254979659587,-1.113753617262735,187.9942612037851,0.2971591755412492,BALANCING
1.618,-0.9409478885791468,-1.1089082173515123,187.8296558814812,0.2968203163550839,BALANCING
1.62,-0.9431605959606199,-1.1040706806264478,187.66468832468746,0.29648108811178836,BALANCING
1.622,-0.9453636358386401,-1.0992410070770389,187.49936016052646,0.29614149318644906,BALANCING
1.624,-0.947557023941412,-1.094419196659792,187.3336730134289,0.2958015339495526,BALANCING
1.6260000000000001,-0.9497407759970159,-1.0896052492983068,187.16762850513354,0.2954612127669872,BALANCING
1.6280000000000001,-0.9519149077333436,-1.0847991648833595,187.0012282546877,0.2951205320000449,BALANCING
1.6300000000000001,-0.9540794348780319,-1.0800009432729887,186.8344738784473,0.29477949400542364,BALANCING
1.6320000000000001,-0.9562343731583968,-1.0752105842925792,186.66736699007689,0.294438101135229,BALANCING
1.6340000000000001,-0.9583797383013694,-1.0704280877349464,186.4999092005499,0.2940963557369763,BALANCING
1.6360000000000001,-0.9605155460334296,-1.0656534533604196,186.33210211814895,0.2937542601535929,BALANCING
1.6380000000000001,-0.962641812080543,-1.0608866808969282,186.16394734846594,0.29341181672341987,BALANCING
1.6400000000000001,-0.964758552168094,-1.0561277700400842,185.99544649440222,0.29306902778021404,BALANCING
1.6420000000000001,-0.966865782020823,-1.0513767204532662,185.8266011561689,0.29272589565315055,BALANCING
1.6440000000000001,-0.9689635173627608,-1.0466335317677045,185.65741293128715,0.29238242266682446,BALANCING
1.6460000000000001,-0.9710517739171655,-1.041898203582564,185.48788341458825,0.292038611141253,BALANCING
1.6480000000000001,-0.9731305674064572,-1.0371707354650277,185.31801419821397,0.2916944633918776,BALANCING
1.6500000000000001,-0.9751999135521559,-1.0324511269503824,185.1478068716169,0.29134998172956617,BALANCING
1.6520000000000001,-0.9772598280748154,-1.0277393775420995,184.9772630215605,0.29100516846061525,BALANCING
1.6540000000000001,-0.9793103266939619,-1.0230354867119216,184.80638423211965,0.2906600258867519,BALANCING
1.6560000000000001,-0.9813514251280296,-1.0183394538999433,184.6351720846808,0.29031455630513614,BALANCING
1.6580000000000001,-0.9833831390942976,-1.0136512785146965,184.46362815794228,0.289968762008363,BALANCING
1.6600000000000001,-0.985405484308827,-1.0089709599332333,184.29175402791472,0.28962264528446496,BALANCING
1.6620000000000001,-0.9874184764863977,-1.004298497501209,184.11955126792125,0.28927620841691354,BALANCING
1.6640000000000001,-0.9894221313404464,-0.9996338905329658,183.9470214485979,0.28892945368462214,BALANCING
1.666,-0.9914164645830035,-0.9949771383116152,183.774166137894,0.28858238336194814,BALANCING
1.668,-0.9934014919246303,-0.9903282400891217,183.60098690107256,0.28823499971869504,BALANCING
1.67,-0.995377229074358,-0.9856871950863864,183.4274853007104,0.28788730502011467,BALANCING
1.672,-0.9973436917396247,-0.9810540024933287,183.25366289669887,0.28753930152690954,BALANCING
1.674,-0.9993008956262137,-0.97642866146897,183.07952124624398,0.2871909914952352,BALANCING
1.676,-1.0012488564381923,-0.971811171141516,182.90506190386702,0.2868423771767025,BALANCING
1.678,-1.0031875898778493,-0.96720153060844,182.7302864214048,0.2864934608183797,BALANCING
1.68,-1.0051171116456343,-0.9625997389365651,182.5551963480101,0.2861442446627952,BALANCING
1.682,-1.0070374374400968,-0.9580057951621471,182.37979323015227,0.28579473094793945,BALANCING
1.684,-1.0089485829578242,-0.9534196982909564,182.20407861161743,0.28544492190726783,BALANCING
1.686,-1.0108505638933816,-0.9488414472983612,182.02805403350914,0.2850948197697023,BALANCING
1.688,-1.0127433959392507,-0.9442710411294096,181.85172103424867,0.2847444267596344,BALANCING
1.69,-1.0146270947857698,-0.9397084786989114,181.67508114957565,0.28439374509692733,BALANCING
1.692,-1.0165016761210728,-0.9351537588915209,181.49813591254846,0.28404277699691854,BALANCING
1.694,-1.0183671556310292,-0.9306068805618185,181.32088685354478,0.283691524670422,BALANCING
1.696,-1.0202235489991842,-0.9260678425343936,181.143335500262,0.2833399903237307,BALANCING
1.698,-1.0220708719066984,-0.9215366436039258,180.96548337771785,0.28298817615861893,BALANCING
1.7,-1.0239091400322888,-0.9170132825352668,180.78733200825081,0.2826360843723451,BALANCING
1.702,-1.025738369052168,-0.9124977580635226,180.6088829115209,0.2822837171576539,BALANCING
1.704,-1.027558574639986,-0.9079900688941352,180.43013760450984,0.28193107670277884,BALANCING
1.706,-1.0293697724667707,-0.9034902137029638,180.25109760152185,0.28157816519144485,BALANCING
1.708,-1.0311719782008686,-0.8989981911363674,180.07176441418423,0.2812249848028705,BALANCING
1.71,-1.032965207507885,-0.8945139998112845,179.8921395514478,0.280871537711771,BALANCING
1.712,-1.0347494760506273,-0.8900376383153165,179.71222451958764,0.28051782608836034,BALANCING
1.714,-1.0365247994890445,-0.8855691052068081,179.53202082220358,0.28016385209835404,BALANCING
1.716,-1.03829119348017,-0.8811083990149285,179.35152996022083,0.27980961790297143,BALANCING
1.718,-1.040048673678062,-0.8766555182397531,179.1707534318906,0.27945512565893865,BALANCING
1.72,-1.0417972557337478,-0.8722104613523437,178.98969273279073,0.27910037751849076,BALANCING
1.722,-1.0435369552951625,-0.8677732267948306,178.8083493558263,0.27874537562937485,BALANCING
1.724,-1.0452677880070944,-0.8633438129804932,178.6267247912303,0.278390122134852,BALANCING
1.726,-1.0469897695111254,-0.8589222182938404,178.44482052656426,0.2780346191737004,BALANCING
1.728,-1.048702915445574,-0.8545084410906918,178.262638046719,0.27767886888021814,BALANCING
1.73,-1.0504072414454384,-0.8501024796982586,178.08017883391514,0.2773228733842251,BALANCING
1.732,-1.0521027631423392,-0.8457043324152239,177.89744436770394,0.27696663481106626,BALANCING
1.734,-1.053789496164462,-0.8413139975118233,177.71443612496793,0.27661015528161415,BALANCING
1.736,-1.0554674561365018,-0.8369314732299257,177.53115557992157,0.2762534369122714,BALANCING
1.738,-1.0571366586796043,-0.8325567577831129,177.347604204112,0.2758964818149738,BALANCING
1.74,-1.058797119411311,-0.828189849356761,177.16378346641977,0.2755392920971925,BALANCING
1.742,-1.0604488539455028,-0.8238307461081199,176.97969483305963,0.2751818698619372,BALANCING
1.744,-1.0620918778923432,-0.8194794461663932,176.79533976758108,0.27482421720775857,BALANCING
1.746,-1.0637262068582225,-0.8151359476328197,176.61071973086933,0.2744663362287511,BALANCING
1.748,-1.0653518564457023,-0.8108002485807515,176.42583618114594,0.2741082290145558,BALANCING
1.75,-1.0669688422534593,-0.8064723470557353,176.24069057396957,0.2737498976503628,BALANCING
1.752,-1.0685771798762302,-0.8021522410755914,176.0552843622369,0.27339134421691463,BALANCING
1.754,-1.0701768849047562,-0.7978399286304939,175.86961899618322,0.27303257079050847,BALANCING
1.756,-1.0717679729257272,-0.7935354076830506,175.68369592338337,0.2726735794429991,BALANCING
1.758,-1.0733504595217278,-0.7892386761683813,175.49751658875252,0.27231437224180205,BALANCING
1.76,-1.0749243602711818,-0.7849497319941994,175.31108243454693,0.2719549512498958,BALANCING
1.762,-1.0764896907482973,-0.7806685730408892,175.12439490036473,0.27159531852582497,BALANCING
1.764,-1.0780464665230125,-0.7763951971615863,174.93745542314701,0.27123547612370336,BALANCING
1.766,-1.0795947031609414,-0.7721296021822573,174.7502654371783,0.2708754260932162,BALANCING
1.768,-1.0811344162233192,-0.7678717859017775,174.56282637408768,0.27051517047962365,BALANCING
1.77,-1.0826656212669479,-0.7636217460920113,174.37513966284953,0.2701547113237632,BALANCING
1.772,-1.0841883338441434,-0.7593794804978904,174.18720672978444,0.26979405066205286,BALANCING
1.774,-1.0857025695026803,-0.7551449868374935,173.99902899856002,0.26943319052649384,BALANCING
1.776,-1.0872083437857398,-0.750918262802124,173.8106078901919,0.26907213294467375,BALANCING
1.778,-1.088705672231855,-0.7466993060563901,173.62194482304454,0.2687108799397691,BALANCING
1.78,-1.0901945703748586,-0.7424881142382828,173.43304121283214,0.2683494335305486,BALANCING
1.782,-1.0916750537438284,-0.7382846849592533,173.24389847261958,0.2679877957313757,BALANCING
1.784,-1.093147137863036,-0.7340890158042934,173.0545180128233,0.2676259685522122,BALANCING
1.786,-1.0946108382518924,-0.7299011043320135,172.86490124121232,0.2672639539986205,BALANCING
1.788,-1.0960661704248964,-0.7257209480747197,172.675049562909,0.26690175407176686,BALANCING
1.79,-1.0975131498915813,-0.7215485445384934,172.4849643803903,0.2665393707684246,BALANCING
1.792,-1.0989517921564635,-0.7173838912032683,172.2946470934883,0.26617680608097666,BALANCING
1.794,-1.100382112718989,-0.7132269855229099,172.1040990993916,0.26581406199741897,BALANCING
1.796,-1.1018041270734824,-0.7090778249252919,171.91332179264595,0.26545114050136326,BALANCING
1.798,-1.1032178507090946,-0.7049364068123752,171.72231656515558,0.26508804357204013,BALANCING
1.8,-1.1046232991097513,-0.7008027285602849,171.53108480618377,0.2647247731843022,BALANCING
1.802,-1.106020487754101,-0.6966767875193887,171.33962790235424,0.26436133130862705,BALANCING
1.804,-1.1074094321154633,-0.6925585810143742,171.14794723765186,0.2639977199111201,BALANCING
1.806,-1.1087901476617787,-0.6884481063443266,170.95604419342393,0.2636339409535181,BALANCING
1.808,-1.1101626498555568,-0.6843453607828058,170.76392014838098,0.26326999639319176,BALANCING
1.81,-1.111526954153825,-0.6802503415779241,170.57157647859788,0.2629058881831493,BALANCING
1.812,-1.1128830760080786,-0.6761630459524234,170.37901455751498,0.2625416182720389,BALANCING
1.814,-1.114231030864229,-0.6720834711037521,170.18623575593907,0.26217718860415273,BALANCING
1.816,-1.1155708341625539,-0.6680116142041427,169.99324144204434,0.2618126011194291,BALANCING
1.818,-1.1169025013376475,-0.6639474724006889,169.80003298137373,0.26144785775345625,BALANCING
1.82,-1.118226047818369,-0.6598910428154214,169.60661173683965,0.26108296043747514,BALANCING
1.822,-1.1195414890277933,-0.6558423225453863,169.41297906872535,0.2607179110983828,BALANCING
1.824,-1.1208488403831613,-0.6518013086627207,169.21913633468594,0.2603527116587354,BALANCING
1.826,-1.1221481172958296,-0.6477679982147293,169.02508488974934,0.25998736403675154,BALANCING
1.828,-1.123439335171221,-0.6437423882239625,168.83082608631761,0.25962187014631516,BALANCING
1.83,-1.1247225094087758,-0.6397244756882909,168.6363612741679,0.259256231896979,BALANCING
1.832,-1.1259976554019018,-0.6357142575809832,168.44169180045373,0.2588904511939676,BALANCING
1.834,-1.1272647885379246,-0.6317117308507817,168.2468190097059,0.25852452993818065,BALANCING
1.836,-1.1285239241980407,-0.6277168924219785,168.05174424383384,0.2581584700261962,BALANCING
1.838,-1.1297750777572664,-0.6237297391944917,167.8564688421267,0.2577922733502738,BALANCING
1.84,-1.1310182645843903,-0.6197502680439427,167.66099414125443,0.2574259417983577,BALANCING
1.842,-1.1322535000419245,-0.6157784758217294,167.46532147526906,0.2570594772540804,BALANCING
1.844,-1.1334807994860567,-0.6118143593551052,167.2694521756058,0.2566928815967654,BALANCING
1.846,-1.1347001782666013,-0.6078579154472519,167.07338757108428,0.2563261567014311,BALANCING
1.848,-1.1359116517269516,-0.6039091408773577,166.87712898790963,0.25595930443879344,BALANCING
1.85,-1.1371152352040317,-0.5999680324006916,166.68067774967375,0.25559232667526965,BALANCING
1.852,-1.1383109440282495,-0.5960345867486792,166.48403517735662,0.25522522527298125,BALANCING
1.854,-1.1394987935234484,-0.5921088006289775,166.2872025893273,0.25485800208975756,BALANCING
1.856,-1.1406787990068594,-0.5881906707255514,166.09018130134532,0.254490658979139,BALANCING
1.858,-1.1418509757890551,-0.5842801936987482,165.89297262656177,0.25412319779038006,BALANCING
1.86,-1.1430153391739015,-0.5803773661853723,165.69557787552074,0.25375562036845334,BALANCING
1.862,-1.1441719044585115,-0.5764821847987612,165.49799835616034,0.2533879285540522,BALANCING
1.864,-1.1453206869331976,-0.57259464612886,165.3002353738141,0.25302012418359443,BALANCING
1.866,-1.1464617018814256,-0.5687147467422962,165.10229023121218,0.25265220908922553,BALANCING
1.868,-1.147594964579768,-0.564842483182454,164.90416422848259,0.25228418509882233,BALANCING
1.87,-1.1487204902978572,-0.5609778519695507,164.70585866315255,0.2519160540359958,BALANCING
1.872,-1.1498382942983398,-0.557120849600709,164.5073748301498,0.25154781772009516,BALANCING
1.874,-1.1509483918368304,-0.553271472550033,164.30871402180372,0.2511794779662107,BALANCING
1.8760000000000001,-1.1520507981618648,-0.5494297172686828,164.1098775278468,0.25081103658517734,BALANCING
1.8780000000000001,-1.1531455285148553,-0.5455955801849469,163.91086663541594,0.25044249538357843,BALANCING
1.8800000000000001,-1.1542325981300448,-0.5417690577043192,163.7116826290536,0.25007385616374844,BALANCING
1.8820000000000001,-1.1553120222344602,-0.5379501462095705,163.5123267907093,0.24970512072377712,BALANCING
1.8840000000000001,-1.156383816047869,-0.5341388420608244,163.3128003997408,0.24933629085751247,BALANCING
1.8860000000000001,-1.1574479947827323,-0.5303351415956303,163.1131047329157,0.24896736835456443,BALANCING
1.8880000000000001,-1.1585045736441606,-0.5265390411290375,162.9132410644124,0.2485983550003082,BALANCING
1.8900000000000001,-1.1595535678298685,-0.5227505369536691,162.7132106658217,0.2482292525758877,BALANCING
1.8920000000000001,-1.1605949925301307,-0.5189696253397952,162.51301480614816,0.24786006285821935,BALANCING
1.8940000000000001,-1.1616288629277358,-0.515196302535407,162.31265475181138,0.24749078761999505,BALANCING
1.8960000000000001,-1.1626551941979437,-0.51143056476629,162.1121317666474,0.24712142862968617,BALANCING
1.8980000000000001,-1.16367400150844,-0.5076724082360976,161.91144711191012,0.2467519876515466,BALANCING
1.9000000000000001,-1.1646853000192918,-0.5039218291264239,161.7106020462726,0.24638246644561676,BALANCING
1.9020000000000001,-1.165689104882905,-0.5001788235968776,161.5095978258286,0.24601286676772666,BALANCING
1.9040000000000001,-1.1666854312439787,-0.4964433877851548,161.3084357040938,0.24564319036949975,BALANCING
1.9060000000000001,-1.1676742942394622,-0.4927155178071115,161.10711693200736,0.24527343899835619,BALANCING
1.9080000000000001,-1.1686557089985117,-0.48899520975683725,160.90564275793324,0.2449036143975167,BALANCING
1.9100000000000001,-1.1696296906424462,-0.485282459706728,160.7040144276617,0.24453371830600573,BALANCING
1.9120000000000001,-1.1705962542847048,-0.4815772637075579,160.50223318441064,0.24416375245865557,BALANCING
1.9140000000000001,-1.171555415030803,-0.47787961778855287,160.3003002688272,0.2437937185861093,BALANCING
1.9160000000000001,-1.1725071879782902,-0.47418951795746295,160.09821691898892,0.24342361841482482,BALANCING
1.9180000000000001,-1.1734515882167063,-0.4705069602006346,159.89598437040556,0.24305345366707826,BALANCING
1.92,-1.1743886308275393,-0.4668319404830831,159.69360385602027,0.2426832260609676,BALANCING
1.922,-1.1753183308841828,-0.4631644547485644,159.49107660621118,0.2423129373104163,BALANCING
1.924,-1.1762407034518931,-0.4595044989196484,159.2884038487928,0.24194258912517685,BALANCING
1.926,-1.1771557635877476,-0.4558520688977897,159.0855868090176,0.2415721832108344,BALANCING
1.928,-1.1780635263406016,-0.45220716056340016,158.88262670957744,0.24120172126881043,BALANCING
1.93,-1.1789640067510474,-0.44856976977592117,158.67952477060504,0.2408312049963665,BALANCING
1.932,-1.1798572198513722,-0.4449398923738947,158.47628220967556,0.24046063608660767,BALANCING
1.934,-1.1807431806655153,-0.4413175241750358,158.27290024180803,0.2400900162284862,BALANCING
1.936,-1.181621904209028,-0.4377026609763031,158.06938007946692,0.23971934710680542,BALANCING
1.938,-1.1824934054890313,-0.43409529855397155,157.86572293256364,0.23934863040222318,BALANCING
1.94,-1.183357699504175,-0.43049543266370305,157.661930008458,0.23897786779125546,BALANCING
1.942,-1.1842148012445963,-0.42690305904061765,157.45800251195982,0.23860706094628034,BALANCING
1.944,-1.1850647256918785,-0.4233181733993652,157.25394164533057,0.23823621153554153,BALANCING
1.946,-1.1859074878190112,-0.4197407714341966,157.04974860828472,0.23786532122315193,BALANCING
1.948,-1.1867431025903483,-0.4161708488190338,156.84542459799135,0.23749439166909775,BALANCING
1.95,-1.187571584961568,-0.41260840120754233,156.64097080907587,0.23712342452924168,BALANCING
1.952,-1.188392949879633,-0.4090534242332008,156.43638843362137,0.23675242145532707,BALANCING
1.954,-1.1892072122827484,-0.405505913509372,156.23167866117032,0.23638138409498138,BALANCING
1.956,-1.190014387100324,-0.4019658646293737,156.02684267872613,0.23601031409172013,BALANCING
1.958,-1.1908144892529318,-0.3984332731665494,155.82188167075472,0.23563921308495042,BALANCING
1.96,-1.191607533652268,-0.39490813467433816,155.61679681918613,0.23526808270997485,BALANCING
1.962,-1.1923935352011124,-0.3913904446863453,155.41158930341615,0.23489692459799527,BALANCING
1.964,-1.193172508793289,-0.3878801987164127,155.20626030030783,0.23452574037611645,BALANCING
1.966,-1.1939444693136263,-0.38437739225868883,155.0008109841933,0.23415453166734998,BALANCING
1.968,-1.1947094316379188,-0.380882020787699,154.79524252687506,0.23378330009061793,BALANCING
1.97,-1.1954674106328862,-0.377394079758415,154.58955609762796,0.23341204726075668,BALANCING
1.972,-1.1962184211561364,-0.3739135646063253,154.38375286320058,0.2330407747885208,BALANCING
1.974,-1.1969624780561252,-0.3704404707475046,154.17783398781705,0.23266948428058676,BALANCING
1.976,-1.1976995961721177,-0.3669747935786837,153.97180063317856,0.23229817733955674,BALANCING
1.978,-1.1984297903341503,-0.3635165284773186,153.76565395846507,0.23192685556396261,BALANCING
1.98,-1.1991530753629918,-0.3600656708016606,153.55939512033694,0.23155552054826944,BALANCING
1.982,-1.1998694660701046,-0.35662221589082527,153.3530252729367,0.23118417388287962,BALANCING
1.984,-1.200578977257608,-0.353186159064862,153.14654556789054,0.2308128171541366,BALANCING
1.986,-1.2012816237182382,-0.34975749562482283,152.9399571543102,0.2304414519443288,BALANCING
1.988,-1.2019774202353122,-0.34633622085283233,152.73326117879444,0.23007007983169325,BALANCING
1.99,-1.2026663815826883,-0.3429223300121554,152.52645878543092,0.22969870239041965,BALANCING
1.992,-1.2033485225247298,-0.33951581834726663,152.31955111579774,0.2293273211906543,BALANCING
1.994,-1.204023857816267,-0.33611668108392,152.11253930896527,0.2289559377985038,BALANCING
1.996,-1.2046924022025596,-0.3327249134292163,151.90542450149778,0.2285845537760389,BALANCING
1.998,-1.2053541704192599,-0.32934051057167224,151.69820782745518,0.22821317068129873,BALANCING
2.0,-1.206009177192375,-0.3259634676812895,151.49089041839477,0.22784179006829422,BALANCING
2.0020000000000002,-1.2066574372382315,-0.32259377990962174,151.2834734033729,0.22747041348701236,BALANCING
2.004,-1.2072989652634363,-0.31923144238984463,151.07595790894678,0.22709904248341986,BALANCING
2.0060000000000002,-1.2079337759648416,-0.3158764502368225,150.86834505917608,0.2267276785994674,BALANCING
2.008,-1.2085618840295078,-0.31252879854717763,150.66063597562496,0.22635632337309322,BALANCING
2.0100000000000002,-1.2091833041346673,-0.30918848239935753,150.45283177736346,0.2259849783382271,BALANCING
2.012,-1.2097980509476882,-0.3058554968537032,150.24493358096953,0.2256136450247945,BALANCING
2.0140000000000002,-1.2104061391260375,-0.30252983695251673,150.03694250053067,0.2252423249587204,BALANCING
2.016,-1.2110075833172462,-0.29921149772012934,149.82885964764571,0.22487101966193312,BALANCING
2.0180000000000002,-1.2116023981588726,-0.2959004741629688,149.62068613142668,0.22449973065236833,BALANCING
2.02,-1.2121905982784669,-0.2925967612696267,149.41242305850037,0.22412845944397317,BALANCING
2.0220000000000002,-1.2127721982935353,-0.2893003540109263,149.2040715330104,0.2237572075467101,BALANCING
2.024,-1.213347212811505,-0.28601124733998967,148.9956326566188,0.2233859764665609,BALANCING
2.0260000000000002,-1.2139156564296891,-0.28272943619230484,148.78710752850787,0.22301476770553053,BALANCING
2.028,-1.2144775437352497,-0.27945491548579326,148.57849724538207,0.2226435827616513,BALANCING
2.0300000000000002,-1.2150328893051652,-0.27618768012087613,148.36980290146968,0.22227242312898682,BALANCING
2.032,-1.2155817077061937,-0.2729277249805423,148.16102558852467,0.2219012902976358,BALANCING
2.0340000000000003,-1.2161240134948388,-0.2696750449304141,147.9521663958286,0.22153018575373645,BALANCING
2.036,-1.2166598212173152,-0.2664296348188147,147.7432264101924,0.2211591109794701,BALANCING
2.0380000000000003,-1.2171891454095134,-0.26319148947683485,147.5342067159581,0.22078806745306545,BALANCING
2.04,-1.2177120005969657,-0.2599606037183987,147.32510839500085,0.2204170566488025,BALANCING
2.0420000000000003,-1.2182284012948128,-0.2567369723403311,147.1159325267306,0.22004608003701664,BALANCING
2.044,-1.2187383620077679,-0.2535205901224232,146.90668018809407,0.21967513908410263,BALANCING
2.0460000000000003,-1.2192418972300842,-0.25031145182749925,146.6973524535765,0.21930423525251871,BALANCING
2.048,-1.2197390214455204,-0.24710955220148248,146.48795039520365,0.2189333700007905,BALANCING
2.05,-1.2202297491273069,-0.24391488597346095,146.27847508254348,0.21856254478351525,BALANCING
2.052,-1.2207140947381128,-0.24072744785575376,146.0689275827082,0.21819176105136584,BALANCING
2.054,-1.2211920727300112,-0.23754723254397708,145.85930896035597,0.21782102025109473,BALANCING
2.056,-1.2216636975444477,-0.23437423471710933,145.649620277693,0.21745032382553817,BALANCING
2.058,-1.2221289836122056,-0.231208449037557,145.43986259447527,0.21707967321362026,BALANCING
2.06,-1.2225879453533728,-0.2280498701512207,145.2300369680104,0.21670906985035696,BALANCING
2.062,-1.2230405971773106,-0.22489849268755976,145.02014445315976,0.21633851516686028,BALANCING
2.064,-1.2234869534826187,-0.22175431125965875,144.8101861023401,0.21596801059034226,BALANCING
2.066,-1.2239270286571045,-0.2186173204642912,144.60016296552567,0.21559755754411916,BALANCING
2.068,-1.224360837077749,-0.21548751488198598,144.39007609025003,0.2152271574476155,BALANCING
2.07,-1.2247883931106747,-0.2123648890770917,144.17992652160797,0.21485681171636828,BALANCING
2.072,-1.2252097111111144,-0.20924943759784198,143.96971530225747,0.21448652176203103,BALANCING
2.074,-1.2256248054233774,-0.20614115497642013,143.75944347242165,0.21411628899237783,BALANCING
2.076,-1.2260336903808184,-0.2030400357290238,143.5491120698907,0.21374611481130773,BALANCING
2.078,-1.2264363803058063,-0.19994607435593015,143.3387221300237,0.2133760006188485,BALANCING
2.08,-1.2268328895096907,-0.19685926534155945,143.12827468575074,0.21300594781116114,BALANCING
2.082,-1.2272232322927712,-0.19377960315454038,142.91777076757478,0.2126359577805437,BALANCING
2.084,-1.2276074229442666,-0.19070708224777405,142.70721140357355,0.21226603191543575,BALANCING
2.086,-1.2279854757422821,-0.18764169705849829,142.49659761940168,0.21189617160042218,BALANCING
2.088,-1.2283574049537787,-0.18458344200835156,142.28593043829252,0.21152637821623776,BALANCING
2.09,-1.2287232248345423,-0.1815323115034372,142.07521088106012,0.21115665313977103,BALANCING
2.092,-1.2290829496291527,-0.17848829993438778,141.86443996610132,0.21078699774406848,BALANCING
2.094,-1.2294365935709515,-0.17545140167642806,141.65361870939756,0.21041741339833883,BALANCING
2.096,-1.2297841708820136,-0.17242161108943937,141.44274812451707,0.21004790146795727,BALANCING
2.098,-1.2301256957731141,-0.16939892251802308,141.23182922261668,0.2096784633144695,BALANCING
2.1,-1.2304611824437002,-0.16638333029156416,141.02086301244387,0.20930910029559585,BALANCING
2.102,-1.2307906450818589,-0.16337482872429454,140.80985050033885,0.20893981376523585,BALANCING
2.104,-1.2311140978642878,-0.1603734121153568,140.59879269023645,0.20857060507347205,BALANCING
2.106,-1.2314315549562647,-0.15737907474886675,140.38769058366822,0.20820147556657434,BALANCING
2.108,-1.2317430305116173,-0.1543918108939772,140.1765451797644,0.20783242658700432,BALANCING
2.11,-1.232048538672694,-0.1514116148049407,139.96535747525596,0.2074634594734193,BALANCING
2.112,-1.232348093570334,-0.1484384807211724,139.7541284644766,0.20709457556067662,BALANCING
2.114,-1.232641709323837,-0.14547240286731328,139.5428591393648,0.20672577617983798,BALANCING
2.116,-1.2329294000409345,-0.14251337545329254,139.33155048946588,0.20635706265817347,BALANCING
2.118,-1.2332111798177605,-0.1395613926743902,139.12020350193396,0.2059884363191659,BALANCING
2.12,-1.233487062738821,-0.13661644871129985,138.90881916153415,0.20561989848251525,BALANCING
2.122,-1.2337570628769672,-0.13367853773019117,138.6973984506444,0.20525145046414242,BALANCING
2.124,-1.2340211942933639,-0.130747653882772,138.48594234925773,0.20488309357619403,BALANCING
2.126,-1.2342794710374625,-0.12782379130635055,138.27445183498418,0.20451482912704635,BALANCING
2.128,-1.2345319071469718,-0.12490694412389788,138.06292788305294,0.2041466584213097,BALANCING
2.13,-1.234778516647829,-0.12199710644410984,137.8513714663144,0.20377858275983252,BALANCING
2.132,-1.2350193135541712,-0.11909427236146838,137.6397835552422,0.203410603439706,BALANCING
2.134,-1.235254311868308,-0.11619843595630451,137.42816511793524,0.203042721754268,BALANCING
2.136,-1.2354835255806917,-0.11330959129485924,137.21651712012,0.20267493899310743,BALANCING
2.138,-1.2357069686698914,-0.11042773242934506,137.00484052515233,0.2023072564420688,BALANCING
2.14,-1.2359246551025622,-0.10755285339800826,136.79313629401977,0.20193967538325608,BALANCING
2.142,-1.2361365988334194,-0.10468494822518967,136.58140538534354,0.20157219709503732,BALANCING
2.144,-1.2363428138052104,-0.10182401092138638,136.36964875538058,0.20120482285204885,BALANCING
2.146,-1.2365433139486866,-0.0989700354833127,136.1578673580258,0.20083755392519953,BALANCING
2.148,-1.2367381131825759,-0.09612301589396163,135.94606214481414,0.20047039158167507,BALANCING
2.15,-1.236927225413556,-0.09328294612266544,135.7342340649226,0.20010333708494246,BALANCING
2.152,-1.2371106645362264,-0.09044982012515689,135.5223840651724,0.19973639169475416,BALANCING
2.154,-1.2372884444330816,-0.08762363184363009,135.31051309003124,0.19936955666715248,BALANCING
2.156,-1.2374605789744841,-0.08480437520680117,135.09862208161516,0.19900283325447388,BALANCING
2.158,-1.2376270820186375,-0.08199204412996883,134.88671197969094,0.19863622270535325,BALANCING
2.16,-1.2377879674115595,-0.0791866325150748,134.67478372167804,0.1982697262647284,BALANCING
2.162,-1.2379432489870554,-0.07638813425076452,134.46283824265086,0.1979033451738444,BALANCING
2.164,-1.238092940566692,-0.07359654321244734,134.25087647534076,0.1975370806702575,BALANCING
2.166,-1.2382370559597704,-0.07081185326235653,134.0388993501384,0.19717093398784016,BALANCING
2.168,-1.2383756089633002,-0.06803405824960992,133.82690779509565,0.19680490635678483,BALANCING
2.17,-1.2385086133619736,-0.06526315201026937,133.61490273592793,0.19643899900360862,BALANCING
2.172,-1.2386360829281384,-0.06249912836740099,133.40288509601638,0.1960732131511575,BALANCING
2.174,-1.238758031421773,-0.059741981131134776,133.19085579640986,0.19570755001861084,BALANCING
2.176,-1.2388744725904601,-0.056991704098724644,132.97881575582727,0.19534201082148553,BALANCING
2.178,-1.2389854201693613,-0.054248291054607704,132.76676589065963,0.19497659677164056,BALANCING
2.18,-1.2390908878811915,-0.051511735770464036,132.5547071149723,0.19461130907728127,BALANCING
2.182,-1.239190889436193,-0.0487820320052758,132.34264034050724,0.1942461489429639,BALANCING
2.184,-1.2392854385321108,-0.04605917350538697,132.130566476685,0.19388111756959972,BALANCING
2.186,-1.239374548854167,-0.04334315400456215,131.91848643060715,0.19351621615445966,BALANCING
2.188,-1.2394582340750357,-0.040633967224046,131.70640110705818,0.19315144589117847,BALANCING
2.19,-1.2395365078548182,-0.037931606872621856,131.49431140850803,0.19278680796975936,BALANCING
2.192,-1.2396093838410183,-0.035236066646671234,131.28221823511404,0.19242230357657825,BALANCING
2.194,-1.2396768756685168,-0.03254734023023198,131.07012248472324,0.19205793389438816,BALANCING
2.196,-1.2397389969595478,-0.029865421295057513,130.8580250528746,0.19169370010232367,BALANCING
2.198,-1.2397957613236739,-0.02719030350067508,130.6459268328012,0.1913296033759054,BALANCING
2.2,-1.2398471823577613,-0.02452198049444459,130.43382871543244,0.1909656448870443,BALANCING
2.202,-1.239893273645956,-0.021860445911616733,130.22173158939626,0.190601825804046,BALANCING
2.204,-1.23993404875966,-0.019205693375391263,130.0096363410214,0.19023814729161548,BALANCING
2.206,-1.2399695212575061,-0.01655771649697536,129.79754385433958,0.18987461051086127,BALANCING
2.208,-1.2399997046853355,-0.013916508875641696,129.58545501108782,0.18951121661930015,BALANCING
2.21,-1.2400246125761727,-0.011282064098786891,129.37337069071057,0.18914796677086107,BALANCING
2.212,-1.2400442584502023,-0.008654375741988381,129.16129177036203,0.18878486211589027,BALANCING
2.214,-1.2400586558147455,-0.0060334373690630275,128.9492191249083,0.1884219038011551,BALANCING
2.216,-1.2400678181642368,-0.003419242532124529,128.73715362692977,0.1880590929698488,BALANCING
2.218,-1.2400717589802004,-0.0008117847716411964,128.52509614672326,0.18769643076159495,BALANCING
2.22,-1.2400704917312264,0.001788942383506631,128.3130475523043,0.18733391831245183,BALANCING
2.222,-1.2400640298729488,0.004382945415969112,128.1010087094094,0.18697155675491672,BALANCING
2.224,-1.2400523868480224,0.006970230819870065,127.88898048149834,0.1866093472179307,BALANCING
2.226,-1.2400355760860984,0.009550805100749188,127.67696372975637,0.1862472908268829,BALANCING
2.228,-1.2400136110038038,0.012124674775505068,127.46495931309654,0.18588538870361487,BALANCING
2.23,-1.2399865050047167,0.01469184637233867,127.25296808816195,0.1855236419664254,BALANCING
2.232,-1.2399542714793457,0.017252326430695564,127.04099090932803,0.18516205173007452,BALANCING
2.234,-1.2399169238051055,0.019806121501210004,126.82902862870483,0.18480061910578838,BALANCING
2.236,-1.2398744753462967,0.022353238145647703,126.61708209613927,0.1844393452012634,BALANCING
2.238,-1.2398269394540813,0.02489368293684961,126.4051521592175,0.18407823112067107,BALANCING
2.24,-1.2397743294664623,0.027427462458674917,126.19323966326708,0.18371727796466214,BALANCING
2.242,-1.2397166587082618,0.029954583305945266,125.98134545135939,0.18335648683037137,BALANCING
2.244,-1.2396539404910976,0.03247505208438792,125.7694703643119,0.18299585881142175,BALANCING
2.246,-1.2395861881133627,0.03498887541057994,125.55761524069041,0.18263539499792916,BALANCING
2.248,-1.2395134148602036,0.037496059911891866,125.3457809168114,0.18227509647650686,BALANCING
2.25,-1.2394356340034982,0.039996612226432145,125.1339682267444,0.18191496433026996,BALANCING
2.2520000000000002,-1.2393528588018352,0.04249053900299052,124.92217800231414,0.1815549996388399,BALANCING
2.254,-1.2392651025004915,0.044977846900982804,124.71041107310305,0.18119520347834886,BALANCING
2.2560000000000002,-1.2391723783314126,0.047458542590395184,124.49866826645348,0.1808355769214446,BALANCING
2.258,-1.2390746995131898,0.049932632751728344,124.28695040747002,0.1804761210372946,BALANCING
2.2600000000000002,-1.2389720792510415,0.05240012407594218,124.07525831902187,0.18011683689159072,BALANCING
2.262,-1.23886453073679,0.05486102326440036,123.86359282174513,0.17975772554655375,BALANCING
2.2640000000000002,-1.2387520671488417,0.057315337028815076,123.65195473404516,0.1793987880609379,BALANCING
2.266,-1.2386347016521673,0.05976307209119171,123.4403448720989,0.17904002549003523,BALANCING
2.2680000000000002,-1.2385124473982796,0.06220423518377419,123.2287640498572,0.17868143888568033,BALANCING
2.27,-1.2383853175252144,0.06463883304898928,123.01721307904724,0.1783230292962548,BALANCING
2.2720000000000002,-1.2382533251575099,0.06706687243939237,122.80569276917473,0.17796479776669163,BALANCING
2.274,-1.238116483406186,0.06948836011761234,122.59420392752638,0.17760674533847998,BALANCING
2.2760000000000002,-1.237974805368725,0.071903302856297,122.38274735917226,0.17724887304966955,BALANCING
2.278,-1.2378283041290505,0.07431170743805846,122.17132386696805,0.17689118193487507,BALANCING
2.2800000000000002,-1.2376769927575093,0.07671358065541861,121.95993425155748,0.176533673025281,BALANCING
2.282,-1.2375208843108494,0.07910892931075506,121.74857931137468,0.17617634734864598,BALANCING
2.2840000000000003,-1.2373599918322022,0.08149776021624641,121.53725984264652,0.17581920592930744,BALANCING
2.286,-1.237194328351062,0.08388008019381808,121.32597663939504,0.175462249788186,BALANCING
2.2880000000000003,-1.2370239068832671,0.08625589607508875,121.11473049343974,0.17510547994279016,BALANCING
2.29,-1.2368487404309798,0.08862521470131585,120.90352219439998,0.17474889740722083,BALANCING
2.2920000000000003,-1.2366688419826677,0.09098804292334192,120.69235252969742,0.17439250319217584,BALANCING
2.294,-1.2364842245130852,0.09334438760154073,120.4812222845583,0.1740362983049545,BALANCING
2.2960000000000003,-1.2362949009832525,0.09569425560576371,120.2701322420159,0.17368028374946223,BALANCING
2.298,-1.2361008843404384,0.0980376538152865,120.05908318291291,0.17332446052621506,BALANCING
2.3000000000000003,-1.235902187518142,0.10037458911875494,119.84807588590381,0.1729688296323442,BALANCING
2.302,-1.2356988234360717,0.10270506841413224,119.6371111274572,0.17261339206160053,BALANCING
2.3040000000000003,-1.235490805000129,0.10502909860864566,119.42618968185835,0.17225814880435944,BALANCING
2.306,-1.2352781451023884,0.10734668661873278,119.21531232121146,0.17190310084762503,BALANCING
2.308,-1.2350608566210801,0.10965783936998917,119.00447981544208,0.171548249175035,BALANCING
2.31,-1.2348389524205714,0.11196256379711467,118.79369293229963,0.17119359476686496,BALANCING
2.312,-1.2346124453513478,0.11426086684386141,118.58295243735962,0.17083913860003325,BALANCING
2.314,-1.2343813482499961,0.11655275546298027,118.37225909402625,0.17048488164810538,BALANCING
2.316,-1.2341456739391863,0.11883823661616852,118.16161366353464,0.17013082488129866,BALANCING
2.318,-1.2339054352276526,0.12111731727401703,117.95101690495342,0.16977696926648678,BALANCING
2.32,-1.2336606449101772,0.12339000441595796,117.74046957518702,0.1694233157672043,BALANCING
2.322,-1.2334113157675717,0.12565630503021244,117.52997242897817,0.16906986534365137,BALANCING
2.324,-1.2331574605666598,0.12791622611373815,117.31952621891026,0.1687166189526983,BALANCING
2.326,-1.23289909206026,0.13016977467217752,117.10913169540983,0.16836357754789016,BALANCING
2.328,-1.2326362229871686,0.13241695771980486,116.89878960674892,0.16801074207945121,BALANCING
2.33,-1.2323688660721412,0.134657782279475,116.68850069904764,0.16765811349428986,BALANCING
2.332,-1.2320970340258777,0.13689225538257135,116.47826571627641,0.16730569273600268,BALANCING
2.334,-1.2318207395450032,0.13912038406895422,116.2680854002586,0.16695348074487976,BALANCING
2.336,-1.2315399953120523,0.14134217538690869,116.05796049067281,0.16660147845790868,BALANCING
2.338,-1.231254813995452,0.14355763639309307,115.8478917250554,0.16624968680877936,BALANCING
2.34,-1.230965208249505,0.1457667741524881,115.63787983880293,0.16589810672788868,BALANCING
2.342,-1.2306711907143737,0.1479695957383449,115.42792556517458,0.16554673914234516,BALANCING
2.344,-1.230372774016062,0.15016610823213383,115.2180296352946,0.16519558497597334,BALANCING
2.346,-1.230069970766401,0.15235631872349334,115.00819277815476,0.1648446451493185,BALANCING
2.348,-1.2297627935630313,0.15454023431017905,114.7984157206169,0.16449392057965143,BALANCING
2.35,-1.229451254989388,0.15671786209801267,114.58869918741523,0.16414341218097286,BALANCING
2.352,-1.2291353676146826,0.15888920920083077,114.37904390115892,0.1637931208640181,BALANCING
2.354,-1.22881514399389,0.16105428274043462,114.1694505823345,0.16344304753626168,BALANCING
2.356,-1.2284905966677295,0.1632130898465389,113.95991994930833,0.16309319310192205,BALANCING
2.358,-1.2281617381626517,0.16536563765672174,113.75045271832911,0.16274355846196611,BALANCING
2.36,-1.2278285809908207,0.16751193331637337,113.54104960353031,0.16239414451411385,BALANCING
2.362,-1.2274911376501003,0.16965198397864653,113.33171131693265,0.1620449521528429,BALANCING
2.364,-1.2271494206240368,0.17178579680440592,113.12243856844661,0.16169598226939338,BALANCING
2.366,-1.2268034423818455,0.1739133789621779,112.91323206587482,0.16134723575177232,BALANCING
2.368,-1.2264532153783934,0.1760347376281003,112.70409251491469,0.1609987134847583,BALANCING
2.37,-1.226098752054186,0.178149879985873,112.49502061916071,0.16065041634990626,BALANCING
2.372,-1.2257400648353507,0.18025881322670725,112.28601708010713,0.16030234522555198,BALANCING
2.374,-1.2253771661336226,0.18236154454927636,112.07708259715027,0.15995450098681668,BALANCING
2.376,-1.2250100683463299,0.1844580811596658,111.86821786759113,0.15960688450561183,BALANCING
2.378,-1.224638783856378,0.18654843027132387,111.65942358663784,0.15925949665064357,BALANCING
2.38,-1.224263325032236,0.18863259910501182,111.45070044740815,0.1589123382874176,BALANCING
2.382,-1.2238837042279214,0.19071059488875466,111.24204914093193,0.1585654102782435,BALANCING
2.384,-1.2234999337829864,0.19278242485779193,111.03347035615369,0.15821871348223968,BALANCING
2.386,-1.2231120260225021,0.19484809625452856,110.82496477993504,0.15787224875533795,BALANCING
2.388,-1.222719993257046,0.19690761632848514,110.61653309705727,0.15752601695028798,BALANCING
2.39,-1.2223238477826865,0.19896099233624964,110.40817599022375,0.15718001891666217,BALANCING
2.392,-1.2219236018809694,0.20100823154142836,110.19989414006257,0.15683425550086014,BALANCING
2.394,-1.2215192678189035,0.20304934121459667,109.99168822512887,0.15648872754611348,BALANCING
2.396,-1.2211108578489478,0.20508432863325088,109.78355892190754,0.15614343589249036,BALANCING
2.398,-1.2206983842089958,0.2071132010817593,109.57550690481564,0.15579838137690016,BALANCING
2.4,-1.2202818591223636,0.20913596585131378,109.36753284620494,0.1554535648330983,BALANCING
2.402,-1.2198612947977758,0.21115263023988107,109.1596374163644,0.15510898709169046,BALANCING
2.404,-1.2194367034293512,0.21316320155215498,108.95182128352275,0.1547646489801377,BALANCING
2.406,-1.2190080971965904,0.21516768709950795,108.74408511385096,0.15442055132276092,BALANCING
2.408,-1.2185754882643622,0.21716609419994246,108.53642957146482,0.15407669494074547,BALANCING
2.41,-1.21813888878289,0.21915843017804387,108.32885531842743,0.15373308065214591,BALANCING
2.412,-1.217698310887739,0.22114470236493178,108.12136301475172,0.15338970927189058,BALANCING
2.414,-1.2172537666998036,0.22312491809821258,107.91395331840305,0.15304658161178636,BALANCING
2.416,-1.216805268325294,0.2250990847219314,107.70662688530165,0.15270369848052323,BALANCING
2.418,-1.2163528278557227,0.2270672095865249,107.49938436932518,0.1523610606836789,BALANCING
2.42,-1.2158964573678932,0.22902930004877325,107.29222642231139,0.15201866902372374,BALANCING
2.422,-1.2154361689238864,0.23098536347175305,107.08515369406042,0.15167652430002504,BALANCING
2.424,-1.2149719745710486,0.23293540722478995,106.8781668323376,0.15133462730885203,BALANCING
2.426,-1.2145038863419784,0.23487943868341096,106.67126648287582,0.15099297884338028,BALANCING
2.428,-1.2140319162545148,0.23681746522929817,106.46445328937811,0.15065157969369664,BALANCING
2.43,-1.213556076311725,0.23874949425024083,106.25772789352025,0.15031043064680355,BALANCING
2.432,-1.213076378501892,0.24067553314008885,106.05109093495327,0.14996953248662417,BALANCING
2.434,-1.212592834798503,0.2425955892987057,105.84454305130595,0.14962888599400648,BALANCING
2.436,-1.2121054571602365,0.24450967013192215,105.63808487818753,0.1492884919467285,BALANCING
2.438,-1.211614257530951,0.24641778305148898,105.43171704919006,0.14894835111950266,BALANCING
2.44,-1.2111192478396735,0.24831993547503065,105.22544019589115,0.14860846428398042,BALANCING
2.442,-1.2106204400005873,0.2502161348259991,105.0192549478564,0.14826883220875725,BALANCING
2.444,-1.2101178459130209,0.25210638853362694,104.81316193264198,0.14792945565937687,BALANCING
2.446,-1.2096114774614353,0.25399070403288154,104.60716177579725,0.14759033539833635,BALANCING
2.448,-1.2091013465154143,0.2558690887644185,104.40125510086729,0.14725147218509047,BALANCING
2.45,-1.2085874649296522,0.25774155017453604,104.19544252939544,0.14691286677605658,BALANCING
2.452,-1.2080698445439424,0.2596080957151285,103.98972468092587,0.1465745199246192,BALANCING
2.454,-1.2075484971831665,0.2614687328436408,103.78410217300626,0.14623643238113468,BALANCING
2.456,-1.2070234346572837,0.2633234690230226,103.57857562119017,0.1458986048929359,BALANCING
2.458,-1.2064946687613187,0.26517231172168226,103.37314563903978,0.14556103820433697,BALANCING
2.46,-1.2059622112753525,0.2670152684134421,103.1678128381284,0.1452237330566379,BALANCING
2.462,-1.2054260739645097,0.2688523465774917,102.96257782804307,0.14488669018812922,BALANCING
2.464,-1.20488626857895,0.2706835536983433,102.75744121638706,0.1445499103340967,BALANCING
2.466,-1.204342806853855,0.27250889726578675,102.55240360878261,0.14421339422682605,BALANCING
2.468,-1.2037957005094202,0.2743283847748435,102.3474656088733,0.1438771425956076,BALANCING
2.47,-1.203244961250843,0.2761420237257218,102.14262781832684,0.14354115616674093,BALANCING
2.472,-1.2026906007683127,0.27794982162377185,101.93789083683748,0.14320543566353958,BALANCING
2.474,-1.2021326307370006,0.2797517859794409,101.73325526212872,0.14286998180633573,BALANCING
2.476,-1.20157106281705,0.28154792430822795,101.52872168995583,0.14253479531248486,BALANCING
2.478,-1.2010059086535654,0.2833382441306397,101.32429071410846,0.1421998768963705,BALANCING
2.48,-1.2004371798766031,0.2851227529721452,101.11996292641324,0.14186522726940884,BALANCING
2.482,-1.199864888101161,0.286901458363132,100.91573891673633,0.14153084714005337,BALANCING
2.484,-1.1992890449271691,0.28867436783886136,100.71161927298607,0.1411967372137997,BALANCING
2.486,-1.1987096619394801,0.2904414889394238,100.50760458111556,0.1408628981931902,BALANCING
2.488,-1.1981267507078583,0.29220282920969476,100.30369542512518,0.1405293307778185,BALANCING
2.49,-1.1975403227869725,0.29395839619929137,100.09989238706535,0.14019603566433453,BALANCING
2.492,-1.1969503897163842,0.29570819746252686,99.89619604703896,0.13986301354644884,BALANCING
2.494,-1.19635696302054,0.2974522405583679,99.69260698320403,0.13953026511493746,BALANCING
2.496,-1.1957600542087605,0.29919053305039023,99.48912577177637,0.13919779105764665,BALANCING
2.498,-1.1951596747752338,0.30092308250673455,99.2857529870321,0.13886559205949733,BALANCING
2.5,-1.1945558361990034,0.3026498965000637,99.08248920131032,0.13853366880249013,BALANCING
2.5020000000000002,-1.1939485499439617,0.30437098260751816,98.87933498501569,0.13820202196570974,BALANCING
2.504,-1.1933378274588395,0.3060863484106731,98.67629090662099,0.13787065222532985,BALANCING
2.5060000000000002,-1.192723680177198,0.30779600149549474,98.47335753266981,0.13753956025461747,BALANCING
2.508,-1.1921061195174196,0.3094999494522974,98.2705354277791,0.1372087467239381,BALANCING
2.5100000000000002,-1.1914851568826996,0.3111981998757001,98.06782515464181,0.13687821230076008,BALANCING
2.512,-1.1908608036610375,0.31289076036458285,97.86522727402951,0.1365479576496593,BALANCING
2.5140000000000002,-1.1902330712252283,0.31457763852204496,97.66274234479498,0.13621798343232408,BALANCING
2.516,-1.1896019709328542,0.31625884195536075,97.46037092387483,0.13588829030755958,BALANCING
2.5180000000000002,-1.1889675141262772,0.3179343782759378,97.25811356629215,0.1355588789312928,BALANCING
2.52,-1.1883297121326295,0.31960425509927337,97.05597082515905,0.13522974995657683,BALANCING
2.5220000000000002,-1.1876885762638056,0.3212684800449124,96.85394325167935,0.13490090403359603,BALANCING
2.524,-1.1870441178164555,0.3229270607364045,96.65203139515121,0.13457234180967037,BALANCING
2.5260000000000002,-1.186396348071975,0.3245800048012619,96.45023580296967,0.13424406392926022,BALANCING
2.528,-1.1857452782964992,0.3262273198709172,96.24855702062936,0.13391607103397107,BALANCING
2.5300000000000002,-1.1850909197408943,0.3278690135806802,96.04699559172705,0.13358836376255817,BALANCING
2.532,-1.1844332836407494,0.3295050935696966,95.84555205796434,0.13326094275093112,BALANCING
2.5340000000000003,-1.183772381216369,0.331135567480906,95.64422695915027,0.13293380863215884,BALANCING
2.536,-1.1831082236727666,0.3327604429609991,95.44302083320387,0.13260696203647387,BALANCING
2.5380000000000003,-1.1824408221996552,0.33437972766037694,95.24193421615692,0.13228040359127738,BALANCING
2.54,-1.1817701879714424,0.33599342923310815,95.04096764215646,0.13195413392114358,BALANCING
2.5420000000000003,-1.1810963321472203,0.33760155533688774,94.8401216434675,0.13162815364782474,BALANCING
2.544,-1.180419265870761,0.3392041136329953,94.63939675047561,0.1313024633902555,BALANCING
2.5460000000000003,-1.1797390002705077,0.34080111178625355,94.43879349168957,0.13097706376455776,BALANCING
2.548,-1.1790555464595682,0.34239255746498704,94.23831239374398,0.13065195538404537,BALANCING
2.5500000000000003,-1.1783689155357078,0.3439784583409808,94.03795398140197,0.13032713885922878,BALANCING
2.552,-1.177679118581343,0.3455588220894387,93.83771877755771,0.13000261479781955,BALANCING
2.5540000000000003,-1.1769861666635344,0.34713365638894345,93.63760730323914,0.1296783838047354,BALANCING
2.556,-1.1762900708339787,0.34870296892141406,93.43762007761057,0.12935444648210453,BALANCING
2.5580000000000003,-1.1755908421290049,0.3502667673720658,93.23775761797538,0.12903080342927045,BALANCING
2.56,-1.1748884915695645,0.3518250594293695,93.03802043977855,0.12870745524279673,BALANCING
2.562,-1.1741830301612282,0.35337785278501005,92.8384090566094,0.1283844025164715,BALANCING
2.564,-1.1734744688941765,0.35492515513384637,92.63892398020414,0.1280616458413123,BALANCING
2.566,-1.1727628187431958,0.35646697417387063,92.43956572044866,0.12773918580557064,BALANCING
2.568,-1.1720480906676707,0.3580033176061676,92.24033478538097,0.12741702299473673,BALANCING
2.57,-1.1713302956115785,0.3595341931348748,92.041231681194,0.12709515799154417,BALANCING
2.572,-1.170609444503483,0.3610596084671412,91.84225691223824,0.12677359137597458,BALANCING
2.574,-1.169885548256529,0.3625795713130882,91.64341098102425,0.12645232372526227,BALANCING
2.576,-1.169158617768435,0.3640940893857686,91.44469438822546,0.12613135561389893,BALANCING
2.578,-1.1684286639214891,0.3656031704011274,91.24610763268075,0.12581068761363842,BALANCING
2.58,-1.1676956975825423,0.3671068220779611,91.0476512113971,0.1254903202935012,BALANCING
2.582,-1.166959729603003,0.36860505213787825,90.84932561955223,0.1251702542197793,BALANCING
2.584,-1.1662207708188308,0.3700978683052597,90.65113135049728,0.12485048995604062,BALANCING
2.586,-1.1654788320505325,0.37158527830721877,90.45306889575944,0.12453102806313399,BALANCING
2.588,-1.1647339241031556,0.37306728987356214,90.25513874504459,0.12421186909919354,BALANCING
2.59,-1.1639860577662828,0.37454391073674986,90.05734138624001,0.12389301361964361,BALANCING
2.592,-1.1632352438140277,0.37601514863185614,89.85967730541694,0.12357446217720319,BALANCING
2.594,-1.1624814930050285,0.37748101129653044,89.66214698683332,0.1232562153218908,BALANCING
2.596,-1.1617248160824432,0.3789415064709577,89.4647509129364,0.12293827360102891,BALANCING
2.598,-1.1609652237739456,0.38039664189781963,89.26748956436538,0.12262063755924887,BALANCING
2.6,-1.1602027267917192,0.38184642532225577,89.07036341995412,0.12230330773849546,BALANCING
2.602,-1.1594373358324523,0.3832908644918242,88.87337295673379,0.12198628467803155,BALANCING
2.604,-1.1586690615773336,0.384729967156463,88.67651864993545,0.1216695689144427,BALANCING
2.606,-1.157897914692048,0.3861637410684514,88.47980097299278,0.12135316098164192,BALANCING
2.608,-1.1571239058267708,0.3875921939823714,88.28322039754474,0.12103706141087432,BALANCING
2.61,-1.156347045616164,0.3890153336550687,88.0867773934382,0.1207212707307218,BALANCING
2.612,-1.1555673446793717,0.390433167845615,87.89047242873059,0.12040578946710755,BALANCING
2.614,-1.1547848136200154,0.39184570431526883,87.69430596969264,0.12009061814330094,BALANCING
2.616,-1.1539994630261898,0.39325295082743794,87.49827848081088,0.119775757279922,BALANCING
2.618,-1.1532113034704585,0.39465491514764056,87.30239042479049,0.11946120739494615,BALANCING
2.62,-1.15242034550985,0.39605160504346787,87.10664226255784,0.11914696900370882,BALANCING
2.622,-1.1516265996858532,0.3974430282845454,86.9110344532632,0.1188330426189102,BALANCING
2.624,-1.1508300765244142,0.39882919264249594,86.71556745428339,0.11851942875061983,BALANCING
2.626,-1.1500307865359312,0.4002101058909007,86.52024172122442,0.11820612790628118,BALANCING
2.628,-1.1492287402152517,0.4015857758052625,86.32505770792422,0.11789314059071643,BALANCING
2.63,-1.1484239480416678,0.40295621016296745,86.13001586645521,0.11758046730613105,BALANCING
2.632,-1.1476164204789132,0.40432141674324784,85.93511664712709,0.11726810855211847,BALANCING
2.634,-1.146806167975159,0.40568140332714453,85.74036049848937,0.11695606482566476,BALANCING
2.636,-1.145993200963011,0.40703617769746964,85.54574786733413,0.11664433662115319,BALANCING
2.638,-1.1451775298595042,0.4083857476387692,85.35127919869866,0.11633292443036895,BALANCING
2.64,-1.144359165066102,0.40973012093728595,85.15695493586814,0.11602182874250387,BALANCING
2.642,-1.1435381169686916,0.4110693053809223,84.96277552037823,0.11571105004416082,BALANCING
2.644,-1.1427143959375798,0.41240330875920334,84.76874139201789,0.1154005888193586,BALANCING
2.646,-1.1418880123274913,0.41373213886324,84.57485298883189,0.11509044554953654,BALANCING
2.648,-1.1410589764775647,0.41505580348569193,84.38111074712357,0.11478062071355896,BALANCING
2.65,-1.1402272987113502,0.4163743104207312,84.18751510145748,0.11447111478772004,BALANCING
2.652,-1.1393929893368056,0.4176876674640052,83.9940664846621,0.11416192824574836,BALANCING
2.654,-1.138556058646294,0.41899588241260044,83.80076532783241,0.1138530615588115,BALANCING
2.656,-1.1377165169165808,0.420298963065006,83.60761206033263,0.11354451519552078,BALANCING
2.658,-1.1368743744088319,0.42159691722107684,83.41460710979891,0.11323628962193574,BALANCING
2.66,-1.1360296413686088,0.4228897526819981,83.22175090214192,0.11292838530156894,BALANCING
2.662,-1.1351823280258684,0.42417747725024824,83.02904386154964,0.11262080269539053,BALANCING
2.664,-1.1343324445949585,0.4254600987295636,82.8364864104899,0.11231354226183284,BALANCING
2.666,-1.1334800012746165,0.42673762492490175,82.6440789697131,0.11200660445679497,BALANCING
2.668,-1.1326250082479672,0.4280100636424061,82.45182195825498,0.11169998973364766,BALANCING
2.67,-1.1317674756825193,0.42927742268936986,82.25971579343913,0.11139369854323758,BALANCING
2.672,-1.1309074137301638,0.4305397098741997,82.06776089087978,0.11108773133389221,BALANCING
2.674,-1.130044832527172,0.4317969330063813,81.8759576644844,0.11078208855142438,BALANCING
2.676,-1.1291797421941931,0.4330490998964425,81.68430652645647,0.11047677063913683,BALANCING
2.678,-1.1283121528362525,0.43429621835591903,81.492807887298,0.110171778037827,BALANCING
2.68,-1.1274420745427491,0.435538296197318,81.30146215581239,0.10986711118579141,BALANCING
2.682,-1.1265695173874544,0.43677534123408324,81.11026973910691,0.10956277051883047,BALANCING
2.684,-1.1256944914285094,0.4380073612805601,80.91923104259558,0.10925875647025311,BALANCING
2.686,-1.1248170067084242,0.43923436415195977,80.72834647000164,0.10895506947088118,BALANCING
2.688,-1.1239370732540752,0.4404563576643249,80.53761642336036,0.10865170994905435,BALANCING
2.69,-1.1230547010767042,0.4416733496344941,80.3470413030217,0.10834867833063447,BALANCING
2.692,-1.1221699001719168,0.4428853478800676,80.15662150765291,0.10804597503901038,BALANCING
2.694,-1.1212826805196803,0.44409236021937193,79.96635743424129,0.10774360049510234,BALANCING
2.696,-1.1203930520843226,0.4452943944714256,79.7762494780968,0.10744155511736682,BALANCING
2.698,-1.1195010248145314,0.4464914584559043,79.5862980328548,0.10713983932180096,BALANCING
2.7,-1.1186066086433522,0.4476835599931065,79.39650349047865,0.10683845352194726,BALANCING
2.702,-1.117709813488187,0.4488707069039188,79.20686624126246,0.10653739812889813,BALANCING
2.704,-1.1168106492507945,0.450052907009782,79.0173866738337,0.1062366735513005,BALANCING
2.706,-1.1159091258172869,0.45123016813265654,78.8280651751559,0.10593628019536051,BALANCING
2.708,-1.115005253058131,0.4524024980949883,78.63890213053138,0.10563621846484794,BALANCING
2.71,-1.1140990408281455,0.45356990471967457,78.4498979236038,0.10533648876110097,BALANCING
2.712,-1.1131904989665014,0.4547323958300302,78.26105293636097,0.10503709148303066,BALANCING
2.714,-1.1122796372967207,0.4558899792497536,78.07236754913745,0.10473802702712563,BALANCING
2.716,-1.111366465626676,0.4570426628028928,77.88384214061725,0.1044392957874566,BALANCING
2.718,-1.1104509937485891,0.45819045431381183,77.69547708783642,0.10414089815568091,BALANCING
2.72,-1.1095332314390307,0.459333361607157,77.50727276618593,0.10384283452104731,BALANCING
2.722,-1.1086131884589208,0.46047139250782365,77.31922954941413,0.10354510527040034,BALANCING
2.724,-1.1076908745535268,0.4616045548409222,77.13134780962952,0.10324771078818504,BALANCING
2.726,-1.106766299452464,0.462732856431745,76.94362791730342,0.10295065145645144,BALANCING
2.728,-1.1058394728696954,0.46385630510573317,76.75607024127268,0.10265392765485928,BALANCING
2.73,-1.1049104045035303,0.464974908688443,76.56867514874229,0.10235753976068239,BALANCING
2.732,-1.1039791040366254,0.46608867500551326,76.38144300528803,0.10206148814881347,BALANCING
2.734,-1.1030455811359843,0.46719761188263176,76.19437417485932,0.10176577319176854,BALANCING
2.736,-1.102109845452957,0.46830172714550267,76.00746901978165,0.10147039525969148,BALANCING
2.738,-1.1011719066232404,0.46940102861981353,75.82072790075945,0.10117535472035877,BALANCING
2.74,-1.1002317742668783,0.4704955241312027,75.63415117687866,0.10088065193918391,BALANCING
2.742,-1.0992894579882613,0.47158522150522614,75.44773920560944,0.100586287279222,BALANCING
2.744,-1.0983449673761267,0.4726701285673253,75.26149234280886,0.10029226110117444,BALANCING
2.746,-1.09739831200356,0.47375025314279445,75.07541094272352,0.09999857376339327,BALANCING
2.748,-1.0964495014279936,0.47482560305674815,74.88949535799229,0.09970522562188595,BALANCING
2.75,-1.0954985451912085,0.4758961861340888,74.70374593964891,0.09941221703031979,BALANCING
2.7520000000000002,-1.0945454528193344,0.47696201019947454,74.51816303712476,0.09911954834002651,BALANCING
2.754,-1.0935902338228496,0.47802308307728725,74.33274699825144,0.0988272199000069,BALANCING
2.7560000000000002,-1.0926328976965822,0.47907941259160003,74.14749816926349,0.09853523205693526,BALANCING
2.758,-1.091673453919711,0.4801310065661453,73.96241689480105,0.098243585155164,BALANCING
2.7600000000000002,-1.0907119119557658,0.48117787282428315,73.77750351791255,0.09795227953672817,BALANCING
2.762,-1.0897482812526276,0.48222001918896934,73.59275838005735,0.09766131554135005,BALANCING
2.7640000000000002,-1.0887825712425308,0.4832574534827232,73.40818182110846,0.09737069350644369,BALANCING
2.766,-1.0878147913420633,0.4842901835275965,73.22377417935515,0.09708041376711934,BALANCING
2.7680000000000002,-1.086844950952167,0.48531821714514156,73.03953579150568,0.0967904766561882,BALANCING
2.77,-1.08587305945814,0.48634156215637964,72.85546699268993,0.09650088250416676,BALANCING
2.7720000000000002,-1.084899126229637,0.4873602263817699,72.6715681164621,0.09621163163928145,BALANCING
2.774,-1.08392316062067,0.4883742176411775,72.48783949480335,0.09592272438747312,BALANCING
2.7760000000000002,-1.082945171969611,0.48938354375384313,72.3042814581245,0.09563416107240169,BALANCING
2.778,-1.0819651695991914,0.4903882125383508,72.1208943352687,0.09534594201545042,BALANCING
2.7800000000000002,-1.080983162816505,0.491388231812598,71.93767845351407,0.09505806753573078,BALANCING
2.782,-1.0799991609130082,0.4923836093937635,71.75463413857638,0.09477053795008675,BALANCING
2.7840000000000003,-1.0790131731645223,0.49337435309827715,71.57176171461175,0.09448335357309932,BALANCING
2.786,-1.0780252088312345,0.4943604707417889,71.38906150421928,0.09419651471709121,BALANCING
2.7880000000000003,-1.0770352771577003,0.4953419701391379,71.20653382844375,0.09391002169213118,BALANCING
2.79,-1.0760433873728439,0.49631885910432205,71.02417900677824,0.09362387480603875,BALANCING
2.7920000000000003,-1.0750495486899605,0.49729114545046715,70.84199735716685,0.0933380743643884,BALANCING
2.794,-1.0740537703067186,0.4982588369897968,70.65998919600734,0.09305262067051452,BALANCING
2.7960000000000003,-1.0730560614051614,0.49922194153360155,70.4781548381538,0.09276751402551559,BALANCING
2.798,-1.0720564311517085,0.5001804668922087,70.29649459691935,0.09248275472825875,BALANCING
2.8000000000000003,-1.0710548886971578,0.5011344208749523,70.1150087840787,0.09219834307538438,BALANCING
2.802,-1.0700514431766883,0.5020838112901427,69.93369770987096,0.09191427936131057,BALANCING
2.8040000000000003,-1.0690461037098618,0.5030286459450365,69.75256168300218,0.09163056387823763,BALANCING
2.806,-1.0680388794006237,0.5039689326458063,69.57160101064815,0.09134719691615252,BALANCING
2.8080000000000003,-1.067029779337308,0.504904679197512,69.39081599845687,0.09106417876283347,BALANCING
2.81,-1.0660188125926369,0.5058358934040692,69.21020695055144,0.09078150970385443,BALANCING
2.8120000000000003,-1.0650059882237244,0.5067625830682204,69.02977416953252,0.09049919002258948,BALANCING
2.814,-1.0639913152720786,0.5076847559915053,68.84951795648111,0.09021722000021737,BALANCING
2.816,-1.062974802763604,0.5086024199742315,68.66943861096118,0.08993559991572607,BALANCING
2.818,-1.0619564597086035,0.5095155828154441,68.48953643102237,0.08965433004591722,BALANCING
2.82,-1.0609362951017827,0.5104242523128969,68.30981171320258,0.08937341066541055,BALANCING
2.822,-1.0599143179222499,0.5113284362630232,68.13026475253065,0.08909284204664839,BALANCING
2.824,-1.0588905371335209,0.512228142460906,67.95089584252908,0.08881262445990026,BALANCING
2.826,-1.0578649616835207,0.5131233787002493,67.77170527521659,0.08853275817326714,BALANCING
2.828,-1.0568376005045865,0.5140141527733487,67.59269334111089,0.08825324345268612,BALANCING
2.83,-1.0558084625134712,0.5149004724710625,67.41386032923124,0.08797408056193477,BALANCING
2.832,-1.0547775566113449,0.5157823455827831,67.23520652710117,0.0876952697626357,BALANCING
2.834,-1.0537448916837993,0.5166597798964073,67.05673222075109,0.08741681131426088,BALANCING
2.836,-1.0527104766008497,0.5175327831983084,66.878437694721,0.08713870547413627,BALANCING
2.838,-1.051674320216939,0.518401363273307,66.70032323206308,0.0868609524974461,BALANCING
2.84,-1.0506364313709398,0.5192655279046425,66.52238911434443,0.0865835526372376,BALANCING
2.842,-1.0495968188861586,0.5201252848739448,66.34463562164963,0.08630650614442507,BALANCING
2.844,-1.0485554915703377,0.5209806419612057,66.16706303258347,0.08602981326779471,BALANCING
2.846,-1.0475124582156607,0.5218316069447502,65.98967162427354,0.08575347425400881,BALANCING
2.848,-1.0464677275987535,0.5226781876012088,65.81246167237295,0.08547748934761036,BALANCING
2.85,-1.0454213084806894,0.5235203917054888,65.63543345106292,0.08520185879102735,BALANCING
2.852,-1.0443732096069913,0.5243582270307466,65.45858723305547,0.08492658282457734,BALANCING
2.854,-1.0433234397076367,0.5251917013483597,65.28192328959605,0.08465166168647187,BALANCING
2.856,-1.0422720074970595,0.5260208224278979,65.1054418904662,0.08437709561282082,BALANCING
2.858,-1.0412189216741554,0.5268455980370963,64.9291433039862,0.08410288483763696,BALANCING
2.86,-1.040164190922285,0.5276660359418274,64.75302779701768,0.08382902959284023,BALANCING
2.862,-1.039107823909276,0.5284821439060728,64.57709563496635,0.0835555301082624,BALANCING
2.864,-1.03804982928743,0.5292939296918964,64.40134708178458,0.0832823866116512,BALANCING
2.866,-1.0369902156935242,0.5301014010594159,64.22578239997404,0.083009599328675,BALANCING
2.868,-1.0359289917488153,0.5309045657667766,64.05040185058839,0.08273716848292709,BALANCING
2.87,-1.0348661660590446,0.5317034315701222,63.87520569323588,0.08246509429593019,BALANCING
2.872,-1.0338017472144418,0.5324980062235694,63.70019418608203,0.08219337698714071,BALANCING
2.874,-1.0327357437897278,0.533288297479179,63.52536758585227,0.08192201677395339,BALANCING
2.876,-1.0316681643441208,0.53407431308693,63.350726147834564,0.08165101387170551,BALANCING
2.878,-1.0305990174213389,0.5348560607946918,63.17627012588205,0.08138036849368138,BALANCING
2.88,-1.0295283115496052,0.5356335483481977,63.00199977241567,0.08111008085111676,BALANCING
2.882,-1.028456055241652,0.536406783491017,62.82791533842687,0.08084015115320323,BALANCING
2.884,-1.0273822569947244,0.5371757739645296,62.65401707348015,0.08057057960709262,BALANCING
2.886,-1.026306925290586,0.5379405275078981,62.48030522571577,0.08030136641790128,BALANCING
2.888,-1.0252300685955227,0.5387010518580414,62.30678004185236,0.08003251178871473,BALANCING
2.89,-1.024151695360347,0.5394573547496085,62.13344176718957,0.07976401592059179,BALANCING
2.892,-1.0230718140204018,0.5402094439149514,61.96029064561068,0.0794958790125691,BALANCING
2.894,-1.021990432995568,0.540957327084099,61.78732691958525,0.07922810126166552,BALANCING
2.896,-1.020907560690266,0.5417010119847306,61.614550830171765,0.07896068286288636,BALANCING
2.898,-1.0198232054934613,0.5424405063421496,61.44196261702025,0.07869362400922804,BALANCING
2.9,-1.0187373757786704,0.5431758178792573,61.2695625183749,0.07842692489168211,BALANCING
2.902,-1.0176500799039643,0.5439069543165268,61.09735077107672,0.07816058569923992,BALANCING
2.904,-1.016561326211974,0.544633923371977,60.925327610566164,0.0778946066188969,BALANCING
2.906,-1.0154711230298956,0.5453567327611466,60.753493270885734,0.07762898783565678,BALANCING
2.908,-1.0143794786694946,0.546075390197068,60.58184798468263,0.07736372953253616,BALANCING
2.91,-1.0132864014271121,0.5467899033902416,60.41039198321139,0.07709883189056885,BALANCING
2.912,-1.0121918995836683,0.5475002800486101,60.23912549633648,0.07683429508881003,BALANCING
2.914,-1.011095981404669,0.5482065278775329,60.06804875253494,0.07657011930434085,BALANCING
2.916,-1.0099986551402105,0.5489086545797603,59.89716197889903,0.07630630471227264,BALANCING
2.918,-1.0088999290249843,0.5496066678554082,59.726465401138796,0.07604285148575127,BALANCING
2.92,-1.0077998112782827,0.5503005754019327,59.55595924358474,0.07577975979596158,BALANCING
2.922,-1.0066983101040043,0.5509903849141041,59.38564372919042,0.0755170298121316,BALANCING
2.924,-1.0055954336906598,0.5516761040839825,59.215519079535085,0.07525466170153701,BALANCING
2.926,-1.0044911902113762,0.5523577406008923,59.04558551482629,0.07499265562950537,BALANCING
2.928,-1.0033855878239037,0.5530353021513966,58.875843253902495,0.07473101175942057,BALANCING
2.93,-1.0022786346706203,0.5537087964192731,58.70629251423571,0.07446973025272705,BALANCING
2.932,-1.0011703388785373,0.5543782310854879,58.53693351193409,0.07420881126893418,BALANCING
2.934,-1.0000607085593058,0.555043613828172,58.36776646174454,0.07394825496562057,BALANCING
2.936,-0.9989497518092225,0.5557049523225951,58.19879157705538,0.07368806149843847,BALANCING
2.938,-0.9978374767092338,0.5563622542411418,58.03000906989892,0.07342823102111797,BALANCING
2.94,-0.9967238913249435,0.5570155272532865,57.861419150954035,0.07316876368547132,BALANCING
2.942,-0.9956090037066176,0.5576647790255693,57.693022029548864,0.0729096596413974,BALANCING
2.944,-0.9944928218891905,0.5583100172215706,57.524817913663355,0.07265091903688581,BALANCING
2.946,-0.9933753538922706,0.5589512495018876,57.35680700993189,0.07239254201802142,BALANCING
2.948,-0.9922566077201471,0.5595884835241092,57.18898952364588,0.07213452872898836,BALANCING
2.95,-0.991136591361795,0.5602217269427924,57.0213656587564,0.07187687931207465,BALANCING
2.952,-0.9900153127908824,0.5608509874094375,56.85393561787679,0.0716195939076763,BALANCING
2.954,-0.9888927799657752,0.5614762725724642,56.68669960228521,0.07136267265430164,BALANCING
2.956,-0.9877690008295447,0.5620975900771875,56.51965781192732,0.07110611568857562,BALANCING
2.958,-0.9866439833099728,0.5627149475657941,56.352810445418804,0.07084992314524412,BALANCING
2.96,-0.9855177353195589,0.5633283526773175,56.18615770004805,0.07059409515717821,BALANCING
2.962,-0.9843902647555259,0.5639378130476154,56.01969977177867,0.07033863185537839,BALANCING
2.964,-0.9832615794998267,0.5645433363093448,55.85343685525215,0.07008353336897898,BALANCING
2.966,-0.9821316874191508,0.5651449300919397,55.68736914379045,0.06982879982525227,BALANCING
2.968,-0.9810005963649302,0.5657426020215855,55.52149682939855,0.06957443134961287,BALANCING
2.97,-0.9798683141733466,0.5663363597211978,55.35582010276711,0.069320428065622,BALANCING
2.972,-0.9787348486653378,0.566926210810397,55.19033915327501,0.06906679009499161,BALANCING
2.974,-0.9776002076466038,0.5675121629054858,55.02505416899198,0.06881351755758888,BALANCING
2.976,-0.9764643989076142,0.5680942236194259,54.85996533668115,0.06856061057144021,BALANCING
2.978,-0.9753274302236145,0.5686724005618146,54.69507284180169,0.06830806925273568,BALANCING
2.98,-0.9741893093546329,0.5692467013388616,54.53037686851136,0.06805589371583319,BALANCING
2.982,-0.973050044045487,0.5698171335533663,54.36587759966912,0.06780408407326281,BALANCING
2.984,-0.9719096420257912,0.5703837048046939,54.20157521683769,0.0675526404357309,BALANCING
2.986,-0.9707681110099625,0.5709464226887537,54.03746990028617,0.06730156291212444,BALANCING
2.988,-0.9696254586972287,0.5715052947979751,53.87356182899259,0.0670508516095152,BALANCING
2.99,-0.9684816927716345,0.5720603287212855,53.70985118064652,0.0668005066331641,BALANCING
2.992,-0.9673368209020491,0.5726115320440873,53.546338131651616,0.06655052808652527,BALANCING
2.994,-0.9661908507421726,0.5731589123482357,53.38302285712826,0.06630091607125047,BALANCING
2.996,-0.9650437899305437,0.573702477212015,53.21990553091608,0.06605167068719311,BALANCING
2.998,-0.9638956460905469,0.5742422342101173,53.05698632557654,0.06580279203241265,BALANCING
3.0,-0.9627464268304191,0.5747781909136199,52.89426541239553,0.06555428020317869,BALANCING
3.0020000000000002,-0.9615961397432576,0.5753103548899624,52.73174296138594,0.0653061352939753,BALANCING
3.004,-0.960444792407027,0.5758387337029247,52.56941914129023,0.0650583573975051,BALANCING
3.0060000000000002,-0.9592923923845662,0.5763633349126048,52.40729411958299,0.06481094660469357,BALANCING
3.008,-0.958138947223597,0.576884166075397,52.24536806247353,0.06456390300469325,BALANCING
3.0100000000000002,-0.9569844644567298,0.5774012347439693,52.08364113490843,0.06431722668488789,BALANCING
3.012,-0.9558289516014727,0.5779145484672417,51.92211350057414,0.06407091773089664,BALANCING
3.0140000000000002,-0.9546724161602378,0.5784241147903642,51.76078532189949,0.06382497622657837,BALANCING
3.016,-0.9535148656203497,0.5789299412546951,51.599656760058316,0.06357940225403566,BALANCING
3.0180000000000002,-0.9523563074540525,0.5794320353977792,51.438727974972,0.0633341958936192,BALANCING
3.02,-0.9511967491185178,0.5799304047533256,51.27799912531199,0.06308935722393172,BALANCING
3.0220000000000002,-0.9500361980558519,0.5804250568511874,51.11747036850247,0.06284488632183252,BALANCING
3.024,-0.9488746616931044,0.5809159992173384,50.957141860722786,0.06260078326244127,BALANCING
3.0260000000000002,-0.947712147442275,0.5814032393738532,50.79701375691009,0.06235704811914245,BALANCING
3.028,-0.946548662700322,0.5818867848388846,50.6370862107619,0.062113680963589435,BALANCING
3.0300000000000002,-0.9453842148491699,0.5823666431266431,50.47735937473861,0.06187068186570863,BALANCING
3.032,-0.9442188112557175,0.5828428217473753,50.317833400066064,0.06162805089370366,BALANCING
3.0340000000000003,-0.9430524592718453,0.5833153282073428,50.15850843673811,0.06138578811405957,BALANCING
3.036,-0.9418851662344245,0.5837841700088003,49.99938463351917,0.0611438935915469,BALANCING
3.0380000000000003,-0.9407169394653241,0.5842493546499765,49.840462137946744,0.06090236738922589,BALANCING
3.04,-0.9395477862714191,0.5847108896250509,49.68174109633401,0.06066120956845062,BALANCING
3.0420000000000003,-0.9383777139445996,0.5851687824241344,49.52322165377233,0.06042042018887316,BALANCING
3.044,-0.9372067297617774,0.5856230405332475,49.36490395413383,0.060179999308447724,BALANCING
3.0460000000000003,-0.9360348409848956,0.5860736714343007,49.20678814007389,0.05993994698343472,BALANCING
3.048,-0.9348620548609358,0.5865206826050724,49.04887435303376,0.05970026326840504,BALANCING
3.0500000000000003,-0.9336883786219272,0.5869640815191896,48.891162733243064,0.05946094821624406,BALANCING
3.052,-0.9325138194849545,0.5874038756461064,48.733653419722295,0.05922200187815581,BALANCING
3.0540000000000003,-0.9313383846521661,0.587840072451084,48.57634655028546,0.05898342430366713,BALANCING
3.056,-0.930162081310783,0.5882726793951703,48.419242261542486,0.05874521554063175,BALANCING
3.0580000000000003,-0.928984916633107,0.588701703935179,48.26234068890189,0.058507375635234414,BALANCING
3.06,-0.9278068977765291,0.5891271535236701,48.10564196657319,0.05826990463199498,BALANCING
3.0620000000000003,-0.9266280318835379,0.5895490356089296,47.94914622756952,0.05803280257377261,BALANCING
3.064,-0.9254483260817292,0.5899673576349486,47.792853603710135,0.05779606950176969,BALANCING
3.0660000000000003,-0.9242677874838128,0.5903821270414042,47.63676422562291,0.057559705455536174,BALANCING
3.068,-0.9230864231876228,0.5907933512636393,47.48087822274693,0.05732371047297353,BALANCING
3.0700000000000003,-0.9219042402761254,0.5912010377326421,47.32519572333495,0.05708808459033885,BALANCING
3.072,-0.9207212458174281,0.5916051938750269,47.16971685445598,0.05685282784224897,BALANCING
3.074,-0.9195374468647881,0.5920058271130137,47.01444174199775,0.05661794026168454,BALANCING
3.076,-0.9183528504566211,0.5924029448644096,46.85937051066927,0.05638342187999411,BALANCING
3.078,-0.9171674636165107,0.5927965545425877,46.704503284003344,0.05614927272689823,BALANCING
3.08,-0.9159812933532167,0.593186663556469,46.54984018435907,0.055915492830493504,BALANCING
3.082,-0.914794346660684,0.5935732793105015,46.39538133292438,0.055682082217256665,BALANCING
3.084,-0.9136066305180522,0.593956409204642,46.24112684971853,0.055449040912048615,BALANCING
3.086,-0.9124181518896644,0.5943360606343361,46.087076853594645,0.0552163689381186,BALANCING
3.088,-0.9112289177250752,0.5947122409904988,45.9332314622422,0.05498406631710814,BALANCING
3.09,-0.9100389349590614,0.5950849576594958,45.77959079218954,0.054752133069055166,BALANCING
3.092,-0.9088482105116301,0.5954542180231235,45.626154958806396,0.05452056921239799,BALANCING
3.094,-0.907656751288028,0.5958200294585914,45.47292407630639,0.05428937476397951,BALANCING
3.096,-0.9064645641787511,0.5961823993385011,45.319898257749536,0.054058549739051075,BALANCING
3.098,-0.905271656059553,0.5965413350308293,45.167077615044725,0.05382809415127664,BALANCING
3.1,-0.9040780337914552,0.5968968438989075,45.01446225895228,0.05359800801273682,BALANCING
3.102,-0.9028837042207557,0.597248933301404,44.862052299086386,0.053368291333932824,BALANCING
3.104,-0.9016886741790386,0.5975976105923048,44.70984784391766,0.05313894412379056,BALANCING
3.106,-0.9004929504831837,0.5979428831208948,44.55784900077558,0.052909966389664685,BALANCING
3.108,-0.8992965399353752,0.5982847582317398,44.406055875851045,0.05268135813734253,BALANCING
3.11,-0.8980994493231121,0.5986232432646672,44.254468574198796,0.05245311937104822,BALANCING
3.112,-0.8969016854192171,0.5989583455547486,44.10308719973999,0.052225250093446675,BALANCING
3.114,-0.8957032549818463,0.5992900724322796,43.95191185526461,0.051997750305647523,BALANCING
3.116,-0.8945041647544989,0.5996184312227635,43.80094264243403,0.05177062000720924,BALANCING
3.118,-0.8933044214660264,0.5999434292468918,43.65017966178345,0.05154385919614309,BALANCING
3.12,-0.8921040318306428,0.6002650738205262,43.49962301272436,0.051317467868917124,BALANCING
3.122,-0.8909030025479336,0.6005833722546808,43.349272793547115,0.051091446020460174,BALANCING
3.124,-0.8897013403028663,0.6008983318555039,43.19912910142332,0.050865793644165914,BALANCING
3.126,-0.8884990517657996,0.6012099599242594,43.049192032408364,0.05064051073189671,BALANCING
3.128,-0.8872961435924932,0.6015182637573101,42.89946168144389,0.05041559727398774,BALANCING
3.13,-0.8860926224241182,0.6018232506460985,42.74993814236024,0.050191053259250946,BALANCING
3.132,-0.8848884948872662,0.6021249278771301,42.600621507879,0.049966878674978926,BALANCING
3.134,-0.8836837675939594,0.6024233027319551,42.45151186961537,0.04974307350694899,BALANCING
3.136,-0.8824784471416611,0.6027183824871507,42.30260931808075,0.04951963773942714,BALANCING
3.138,-0.881272540113285,0.6030101744143038,42.153913942685115,0.049296571355172014,BALANCING
3.14,-0.8800660530772053,0.6032986857799933,42.00542583173953,0.049073874335438764,BALANCING
3.142,-0.8788589925872671,0.6035839238457725,41.85714507245862,0.04885154665998317,BALANCING
3.144,-0.8776513651827961,0.6038658958681523,41.709071750963,0.04862958830706545,BALANCING
3.146,-0.8764431773886088,0.604144609098583,41.56120595228178,0.04840799925345435,BALANCING
3.148,-0.8752344357150229,0.6044200707834376,41.41354776035498,0.048186779474430924,BALANCING
3.15,-0.874025146657867,0.6046922881639947,41.266097258036034,0.04796592894379263,BALANCING
3.152,-0.8728153166984914,0.6049612684764207,41.118854527094214,0.04774544763385718,BALANCING
3.154,-0.8716049523037778,0.6052270189517538,40.9718196482171,0.04752533551546651,BALANCING
3.156,-0.8703940599261495,0.6054895468158856,40.82499270101303,0.04730559255799066,BALANCING
3.158,-0.8691826460035826,0.6057488592895458,40.67837376401356,0.04708621872933178,BALANCING
3.16,-0.8679707169596156,0.6060049635882836,40.53196291467588,0.046867213995928005,BALANCING
3.162,-0.8667582792033595,0.6062578669224526,40.38576022938532,0.04664857832275736,BALANCING
3.164,-0.865545339129509,0.6065075764971927,40.23976578345774,0.046430311673341676,BALANCING
3.166,-0.8643319031183526,0.606754099512414,40.09397965114203,0.0462124140097506,BALANCING
3.168,-0.863117977535783,0.6069974431627803,39.94840190562247,0.045994885292605314,BALANCING
3.17,-0.8619035687333076,0.6072376146376924,39.803032619021266,0.0457777254810826,BALANCING
3.172,-0.8606886830480593,0.6074746211212716,39.657871862400924,0.04556093453291867,BALANCING
3.174,-0.8594733268028067,0.607708469792343,39.51291970576671,0.04534451240441309,BALANCING
3.176,-0.8582575063059651,0.6079391678244201,39.368176218069095,0.04512845905043259,BALANCING
3.178,-0.8570412278516067,0.6081667223856873,39.22364146720615,0.04491277442441509,BALANCING
3.18,-0.855824497719472,0.6083911406389843,39.07931552002602,0.044697458478373434,BALANCING
3.182,-0.8546073221749796,0.6086124297417902,38.93519844232933,0.04448251116289936,BALANCING
3.184,-0.8533897074692375,0.608830596846207,38.79129029887163,0.044267932427167374,BALANCING
3.186,-0.8521716598390539,0.6090456490989435,38.64759115336579,0.04405372221893858,BALANCING
3.188,-0.8509531855069475,0.6092575936412995,38.504101068484445,0.043839880484564525,BALANCING
3.19,-0.8497342906811595,0.6094664376091501,38.36082010586245,0.04362640716899115,BALANCING
3.192,-0.8485149815556626,0.6096721881329297,38.21774832609922,0.04341330221576262,BALANCING
3.194,-0.8472952643101739,0.6098748523376161,38.074885788761215,0.04320056556702507,BALANCING
3.196,-0.8460751451101642,0.6100744373427146,37.93223255238432,0.042988197163530605,BALANCING
3.198,-0.8448546301068702,0.610270950262243,37.789788674476306,0.04277619694464102,BALANCING
3.2,-0.8436337254373046,0.6104643982047155,37.647554211519164,0.04256456484833178,BALANCING
3.202,-0.8424124372242677,0.6106547882731276,37.50552921897159,0.042353300811195704,BALANCING
3.204,-0.8411907715763581,0.6108421275649398,37.36371375127136,0.04214240476844692,BALANCING
3.206,-0.839968734587984,0.6110264231720635,37.22210786183775,0.04193187665392461,BALANCING
3.208,-0.8387463323393742,0.6112076821808444,37.0807116030739,0.0417217164000969,BALANCING
3.21,-0.8375235708965894,0.6113859116720483,36.93952502636928,0.041511923938064646,BALANCING
3.212,-0.836300456311533,0.6115611187208445,36.79854818210205,0.04130249919756525,BALANCING
3.214,-0.8350769946219629,0.6117333103967926,36.65778111964146,0.04109344210697646,BALANCING
3.216,-0.8338531918515025,0.6119024937638256,36.51722388735026,0.04088475259332024,BALANCING
3.218,-0.8326290540096515,0.612068675880236,36.37687653258709,0.0406764305822665,BALANCING
3.22,-0.8314045870917978,0.6122318637986603,36.236739101708864,0.040468475998136966,BALANCING
3.222,-0.8301797970792286,0.6123920645660645,36.09681164007318,0.04026088876390886,BALANCING
3.224,-0.8289546899391419,0.6125492852237291,35.95709419204069,0.040053668801218856,BALANCING
