t,theta_deg,rate_dps,wheel_rpm,duty,phase
0.0,16.0,0.0,0.0,-1,SPINUP
0.002,16.0,0.0,-6.436476596174447,-1,SPINUP
0.004,16.0,0.0,-12.801832631651454,-1,SPINUP
0.006,16.0,0.0,-19.096853960939825,-1,SPINUP
0.008,16.0,0.0,-25.32231775516197,-1,SPINUP
0.01,16.0,0.0,-31.47899259800195,-1,SPINUP
0.012,16.0,0.0,-37.56763858059332,-1,SPINUP
0.014,16.0,0.0,-43.5890073953585,-1,SPINUP
0.016,16.0,0.0,-49.543842428811296,-1,SPINUP
0.018000000000000002,16.0,0.0,-55.43287885333392,-1,SPINUP
0.02,16.0,0.0,-61.256843717939944,-1,SPINUP
0.022,16.0,0.0,-67.0164560380344,-1,SPINUP
0.024,16.0,0.0,-72.71242688418201,-1,SPINUP
0.026000000000000002,16.0,0.0,-78.34545946989454,-1,SPINUP
0.028,16.0,0.0,-83.91624923844823,-1,SPINUP
0.03,16.0,0.0,-89.42548394874186,-1,SPINUP
0.032,16.0,0.0,-94.87384376020609,-1,SPINUP
0.034,16.0,0.0,-100.26200131677466,0.0,KICK
0.036000000000000004,16.0,0.0,-99.92835103845167,0.0,KICK
0.038,16.0,0.0,-99.5958110761683,0.0,KICK
0.04,16.0,0.0,-99.26437773503264,0.0,KICK
0.042,16.0,0.0,-98.9340473324486,0.0,KICK
0.044,16.0,0.0,-98.60481619807497,0.0,KICK
0.046,16.0,0.0,-98.27668067378468,0.0,KICK
0.048,16.0,0.0,-97.94963711362406,0.0,KICK
0.05,16.0,0.0,-97.62368188377242,0.0,KICK
0.052000000000000005,16.0,0.0,-97.29881136250161,0.0,KICK
0.054,16.0,0.0,-96.97502194013585,0.0,KICK
0.056,16.0,0.0,-96.65231001901155,0.0,KICK
0.058,16.0,0.0,-96.33067201343736,0.0,KICK
0.06,16.0,0.0,-96.0101043496544,0.0,KICK
0.062,16.0,0.0,-95.69060346579641,0.0,KICK
0.064,16.0,0.0,-95.37216581185028,0.0,KICK
0.066,16.0,0.0,-95.0547878496166,0.0,KICK
0.068,16.0,0.0,-94.73846605267028,0.0,KICK
0.07,16.0,0.0,-94.42319690632145,0.0,KICK
0.07200000000000001,16.0,0.0,-94.10897690757632,0.0,KICK
0.074,16.0,0.0,-93.79580256509837,0.0,KICK
0.076,16.0,0.0,-93.48367039916947,0.0,KICK
0.078,16.0,0.0,-93.1725769416512,0.0,KICK
0.08,16.0,0.0,-92.86251873594641,0.0,KICK
0.082,16.0,0.0,-92.55349233696072,0.0,KICK
0.084,16.0,0.0,-92.24549431106429,0.0,KICK
0.08600000000000001,16.0,0.0,-91.93852123605369,1,KICK
0.088,15.999199077853328,-0.7983820142820849,-88.20199002789658,1,KICK
0.09,15.996816540498932,-1.5816608518418458,-84.48615977056696,1,KICK
0.092,15.992882321783638,-2.3501083461009658,-80.79091577765077,1,KICK
0.094,15.98742581590269,-3.1039923270790624,-77.11614399811417,1,KICK
0.096,15.980475885335819,-3.8435766919256475,-73.46173101278336,1,KICK
0.098,15.972060868643469,-4.569121474235025,-69.827564030844,1,KICK
0.1,15.962208588125574,-5.280882912171349,-66.21353088636,1,KICK
0.10200000000000001,15.950946357345273,-5.979113515430556,-62.61952003481163,1,KICK
0.10400000000000001,15.938300988519845,-6.66406213106533,-59.04542054965273,1,KICK
0.106,15.924298799781074,-7.335974008198776,-55.49112211888708,1,KICK
0.108,15.908965622307326,-7.995090861651954,-51.95651504166366,1,KICK
0.11,15.892326807329395,-8.64165093450987,-48.44149022489088,1,KICK
0.112,15.874407233012287,-9.275889059650117,-44.94593917986942,1,KICK
0.114,15.855231311214947,-9.898036720257716,-41.469754018943874,1,KICK
0.116,15.834822994129956,-10.508322109349388,-38.012827452172814,1,KICK
0.11800000000000001,15.813205780805154,-11.106970188329841,-34.57505278401743,1,KICK
0.12,15.7904027235491,-11.694202744602295,-31.15632391004839,1,KICK
0.122,15.766436434222232,-12.270238448254918,-27.756535313671034,1,KICK
0.124,15.741329090415563,-12.83529290784446,-24.375582062868677,1,KICK
0.126,15.715102441518708,-13.389578725297836,-21.013359806963955,1,KICK
0.128,15.68777781467895,-13.933305549952042,-17.669764773398118,1,KICK
0.13,15.659376120653086,-14.466680131752259,-14.34469376452816,1,KICK
0.132,15.629917859553704,-14.989906373627694,-11.038044154441707,1,KICK
0.134,15.599423126491502,-15.503185383064137,-7.749713885789535,1,KICK
0.136,15.567911617115266,-16.006715522891934,-4.47960146663565,1,KICK
0.138,15.53540263305103,-16.500692461307583,-1.2276059673248088,1,KICK
0.14,15.500326700890607,-18.966441446588366,4.6879124289049425,1,KICK
0.14200000000000002,15.45956899871606,-21.783338811692076,11.07258941772241,1,KICK
0.14400000000000002,15.413224613956485,-24.55333223736431,17.386718211338383,1,KICK
0.146,15.361386111002668,-27.277662370956545,23.631078339845764,1,KICK
0.148,15.304143589859015,-29.957553018964255,29.80644071983338,1,KICK
0.15,15.241584719423118,-32.59421154785897,35.91356774956188,1,KICK
0.152,15.173794769971533,-35.18882927704905,41.95321340308791,1,KICK
0.154,15.100856644867353,-37.7425818641903,47.92612332334833,1,KICK
0.156,15.022850911504605,-40.25662968306502,53.83303491421582,1,KICK
0.158,14.93985583150415,-42.732118194245,59.674677431537326,1,KICK
0.16,14.851947390175303,-45.17017830875059,65.4517720731666,1,KICK
0.162,14.759199325256935,-47.57192674491434,71.16503206800182,1,KICK
0.164,14.661683154951527,-49.9384663786535,76.81516276403956,1,KICK
0.166,14.559468205265041,-52.270886587352,82.40286171545559,1,KICK
0.168,14.452621636665297,-54.5702635875475,87.92881876872359,1,KICK
0.17,14.341208470070995,-56.83766076661518,93.39371614778224,1,KICK
0.17200000000000001,14.225291612183222,-59.07412900863469,98.79822853826133,1,KICK
0.17400000000000002,14.104931880170874,-61.28070701462231,104.14302317077707,1,KICK
0.176,13.98018802572113,-63.45842161730518,109.4287599033071,1,KICK
0.178,13.851116758465665,-65.60828809060963,114.65609130265531,1,KICK
0.18,13.717772768793044,-67.73131045403045,119.82566272501643,1,KICK
0.182,13.580208750057357,-69.8284817720429,124.93811239565046,1,KICK
0.184,13.438475420192873,-71.90078444871422,129.9940714876768,1,KICK
0.186,13.292621542744111,-73.94919051766611,134.9941641999975,1,KICK
0.188,13.14269394732055,-75.9746619275344,139.9390078343598,1,KICK
0.19,12.988737549484778,-77.97815082306725,144.82921287156697,1,KICK
0.192,12.830795370082699,-79.96059982199772,149.66538304684693,1,KICK
0.194,12.66890855402412,-81.9229422878215,154.44811542438856,1,KICK
0.196,12.503116388521773,-83.86610259860558,159.17800047105374,1,KICK
0.198,12.333456320796559,-85.79099641194823,163.85562212927542,1,KICK
0.2,12.159963975256666,-87.69853092620575,168.48155788915003,1,KICK
0.202,11.982673170157842,-89.58960513809615,173.05637885973323,1,KICK
0.20400000000000001,11.801615933752016,-91.46511009678522,177.58064983954793,1,KICK
0.20600000000000002,11.616822519931166,-93.32592915455479,182.0549293863132,1,KICK
0.20800000000000002,11.4283214233732,-95.17293821414856,186.4797698859029,1,KICK
0.21,11.236139394196385,-97.00700597288557,190.85571762054187,1,KICK
0.212,11.04030145212871,-98.82899416362622,195.1833128362491,1,KICK
0.214,10.840830900198409,-100.63975779267122,199.46308980953538,1,KICK
0.216,10.637749337951664,-102.44014537466845,203.69557691336402,1,KICK
0.218,10.431076674203466,-104.2309991645981,207.88129668238284,1,KICK
0.22,10.220831139327329,-106.01315538690113,212.02076587743514,1,KICK
0.222,10.007029297089588,-107.78744446181162,216.11449554935817,1,KICK
0.224,9.78968605603377,-109.55469122894819,220.1629911020763,0.0,BALANCING
0.226,9.572319729848639,-107.81637269407643,219.43033623489944,0.0,BALANCING
0.228,9.358401752608023,-106.10627366658707,218.70011948482713,0.0,BALANCING
0.23,9.147876095080447,-104.42398531952604,217.97233273833243,0.0,BALANCING
0.232,8.940687539962509,-102.7691045456517,217.24696790888845,0.0,BALANCING
0.234,8.736781670476798,-101.14123391980146,216.52401693687852,0.0,BALANCING
0.23600000000000002,8.53610485904678,-99.53998165957157,215.8034717895066,0.0,BALANCING
0.23800000000000002,8.338604256051905,-97.96496158444776,215.0853244607081,0.0,BALANCING
0.24,8.144227778665893,-96.41579307351746,214.36956697106086,0.0,BALANCING
0.242,7.952924099780904,-94.89210102188723,213.6561913676965,0.0,BALANCING
0.244,7.764642637020074,-93.39351579592272,212.94518972421213,0.0,BALANCING
0.246,7.579333541840655,-91.91967318742262,212.23655414058214,0.0,BALANCING
0.248,7.3969476887297825,-90.47021436683141,211.53027674307057,0.0,BALANCING
0.25,7.217436664494697,-89.04478583559103,210.82634968414345,0.0,BALANCING
0.252,7.040752757649046,-87.64303937772527,210.12476514238185,0.0,BALANCING
0.254,6.866848947896706,-86.26463201074654,209.4255153223947,0.0,BALANCING
0.256,6.695678895714402,-84.9092259359689,208.72859245473236,0.0,BALANCING
0.258,6.527196932034226,-83.57648848830728,208.03398879580027,0.0,BALANCING
0.26,6.361358048027002,-82.26609208563778,207.34169662777285,0.0,BALANCING
0.262,6.198117884987322,-80.9777141777906,206.6517082585078,0.0,BALANCING
0.264,6.037432724320901,-79.71103719524189,205.9640160214605,0.0,BALANCING
0.266,5.879259477634789,-78.46574849756824,205.2786122755991,0.0,BALANCING
0.268,5.723555676930877,-77.24154032172306,204.5954894053193,0.0,BALANCING
0.27,5.57027946490297,-76.03810973019097,203.91463982036007,0.0,BALANCING
0.272,5.419389585337629,-74.85515855907292,203.2360559557189,0.0,BALANCING
0.274,5.270845373618879,-73.69239336615173,202.55973027156818,0.0,BALANCING
0.276,5.124606747336759,-72.54952537898471,201.88565525317108,-1,BALANCING
0.278,4.983351120282417,-68.71198812791357,197.540000211138,-1,BALANCING
0.28,4.849735597477292,-64.90924764428789,193.21842075855588,-1,BALANCING
0.28200000000000003,4.723691623469635,-61.14026724107872,188.92078351299978,-1,BALANCING
0.28400000000000003,4.605152707868872,-57.404018512166424,184.64695583100368,-1,BALANCING
0.28600000000000003,4.494054408976808,-53.69948113874023,180.39680580396654,-1,BALANCING
0.28800000000000003,4.390334317809421,-50.02564269235216,176.17020225408103,-1,BALANCING
0.29,4.293932042515589,-46.381498435005746,171.9670147302847,-0.916452076529215,BALANCING
0.292,4.204589810117263,-42.96525387145213,168.05673751029298,-0.8345139339608746,BALANCING
0.294,4.121857717503716,-39.77102662583751,164.43255277726828,-0.7578586814485264,BALANCING
0.296,4.045306309125609,-36.78425918278123,161.07582670970064,-0.6861406385090512,BALANCING
0.298,3.974534291415457,-33.99134566831464,157.96914429267358,-0.6190365326994948,BALANCING
0.3,3.9091666913402903,-31.379570105227256,155.09623025076007,-0.556244078024413,BALANCING
0.302,3.8488531345113617,-28.937048594967116,152.44187500669443,-0.4974806378971789,BALANCING
0.304,3.7932662352334785,-26.652675190754994,149.991865365106,-0.44248196875617435,BALANCING
0.306,3.742100091335927,-24.516071237821837,147.73291963484968,-0.3910010403565698,BALANCING
0.308,3.695068877063778,-22.51753796803835,145.6526269178965,-0.3428069287576482,BALANCING
0.31,3.651905527722532,-20.648012147482504,143.73939030710014,-0.29768377808141555,BALANCING
0.312,3.6123605101608884,-18.89902458654791,141.98237374924562,-0.2554298272137236,BALANCING
0.314,3.57620067354648,-17.262661332939278,140.3714523434936,-0.21585649774180232,BALANCING
0.316,3.5432081752383233,-15.731527378266666,138.8971658585665,-0.17878753956275542,BALANCING
0.318,3.5131794768883613,-14.298712718897018,137.55067526472996,-0.14405823074933247,BALANCING
0.32,3.4859244062136363,-12.957760621225273,136.32372208876885,-0.11151462841708634,BALANCING
0.322,3.4612652801712542,-11.702637950577166,135.20859041172824,-0.08101286749712187,BALANCING
0.324,3.439036085541252,-10.52770743154873,134.1980713401772,-0.05241850447827442,BALANCING
0.326,3.4190817131787417,-9.42770171572824,133.2854297921683,-0.02560590333974883,BALANCING
0.328,3.4012572424370866,-8.397699140444013,132.46437344891226,0.0,BALANCING
0.33,3.3852093460502855,-7.65070990677442,132.0235606336018,0.0,BALANCING
0.332,3.3706524151316786,-6.906702254789399,131.58421474810106,0.0,BALANCING
0.334,3.3575806747749857,-6.165488047377588,131.14633091078463,0.0,BALANCING
0.336,3.3459887256435406,-5.426879844421767,130.709904256272,0.0,BALANCING
0.338,3.3358715426219328,-4.690690857194935,130.27492993537365,0.0,BALANCING
0.34,3.3272244735587186,-3.956734902889763,129.84140311503705,0.0,BALANCING
0.342,3.320043238099947,-3.2248263592732798,129.4093189782931,0.0,BALANCING
0.34400000000000003,3.3143239266132567,-2.4947801194586123,128.9786727242025,0.0,BALANCING
0.34600000000000003,3.3100629992023234,-1.7664115467855497,128.54945956780247,0.0,BALANCING
0.34800000000000003,3.307257284811439,-1.039536429801672,128.12167474005346,0.0,BALANCING
0.35000000000000003,3.305903980420039,-0.3139709373357446,127.6953134877864,0.0,BALANCING
0.352,3.306000650326996,0.410468426344937,127.27037107364956,0.0,BALANCING
0.354,3.307545225524519,1.1339648663015927,126.84684277605625,0.0,BALANCING
0.356,3.3105360031615247,1.8567013416237481,126.42472388913211,0.0,BALANCING
0.358,3.3149716460963417,2.5788606100701323,126.00400972266296,0.0,BALANCING
0.36,3.3208511825386475,3.3006252726590506,125.58469560204263,0.0,BALANCING
0.362,3.328174005780542,4.022177818216599,125.166776868221,0.0,BALANCING
0.364,3.3369398740166822,4.743700667891075,124.75024887765231,0.0,BALANCING
0.366,3.347148910253421,5.4653762196419535,124.33510700224348,0.0,BALANCING
0.368,3.3588016023069,6.1873868927117295,123.92134662930272,0.0,BALANCING
0.37,3.3718988028900836,6.909915172088976,123.5089631614883,0.0,BALANCING
0.372,3.38644172978871,7.633143652970879,123.09795201675745,0.0,BALANCING
0.374,3.4024319661261777,8.357255085233515,122.68830862831544,0.0,BALANCING
0.376,3.4198714607173852,9.082432417918097,122.28002844456486,0.0,BALANCING
0.378,3.43876252851157,9.808858843741353,121.87310692905503,0.0,BALANCING
0.38,3.4591078511241924,10.536717843638186,121.46753956043158,0.5077191207508837,BALANCING
0.382,3.4791862905418176,9.544771337502256,123.39329277317816,0.48205336753933153,BALANCING
0.384,3.497421268782728,8.692963425698773,125.13257014274129,0.45998449202114244,BALANCING
0.386,3.5140741850166464,7.962455988026555,126.71058337368657,0.44103240459019416,BALANCING
0.388,3.5293712864280042,7.3369298234206015,128.14917550554514,0.4247812420976374,BALANCING
0.39,3.5435083683689936,6.802247678521725,129.46727152733993,0.41087072898919097,BALANCING
0.392,3.5566548459671523,6.346162577727952,130.68126840915923,0.3989887140261085,BALANCING
0.394,3.568957281620004,5.95806529731484,131.80537278681243,0.38886471894686386,BALANCING
0.396,3.5805424413514366,5.628765681377209,132.85189339131384,0.3802643592082875,BALANCING
0.398,3.591519943132947,5.350303228753861,133.83149433636504,0.37298451698899027,BALANCING
0.4,3.6019845517594904,5.115783007059491,134.75341453825916,0.3668491636122122,BALANCING
0.402,3.6120181675214846,4.919233488360913,135.6256578224027,0.36170574297552005,BALANCING
0.404,3.62169154956762,4.755483364097945,136.45515765126433,0.3574220398810816,BALANCING
0.406,3.6310658093679375,4.620054795602181,137.24791987522514,0.3538834676824461,BALANCING
0.40800000000000003,3.6401937049437842,4.509070900295612,138.0091464480894,0.3509907186797598,BALANCING
0.41000000000000003,3.6491207624286153,4.419175570205058,138.7433426524111,0.3486577284344921,BALANCING
0.41200000000000003,3.657886247973466,4.347463975468669,139.4544100373814,0.34680991182771304,BALANCING
0.41400000000000003,3.666524009937915,4.291422326708806,140.14572697621946,0.3453826344122937,BALANCING
0.41600000000000004,3.6750632086467423,4.248875661343607,140.8202184943292,0.34431988754335524,BALANCING
0.418,3.6835289486883003,4.217942584250494,141.48041679839065,0.3435731400262527,BALANCING
0.42,3.691942826734786,4.196996036231305,142.12851374528728,0.3431003426936066,BALANCING
0.422,3.7003234061355474,4.184629287510835,142.76640632425548,0.34286506549420986,BALANCING
0.424,3.7086866280364084,4.179626460651196,143.39573608236716,0.34283574941691924,BALANCING
0.426,3.7170461674797144,4.180936980041736,144.01792329940147,0.34298505794159595,BALANCING
0.428,3.7254137418146556,4.187653425473828,144.63419661072683,0.3432893147579609,BALANCING
0.43,3.7337993777721925,4.198992336909915,145.24561868375213,0.3437280162657909,BALANCING
0.432,3.742211642713539,4.214277577854876,145.8531084728821,0.3442834089039285,BALANCING
0.434,3.7506578448283503,4.232925916985938,146.45746050805218,0.3449401226835652,BALANCING
0.436,3.759144206423437,4.254434532975637,147.05936161137808,0.34568485345116484,BALANCING
0.438,3.7676760138920278,4.2783701866849615,147.65940538398561,0.34650608740228095,BALANCING
0.44,3.776257747476048,4.304359838918757,148.25810475960643,0.3473938622302175,BALANCING
0.442,3.784893193519795,4.332082521421727,148.85590288210017,0.3483395600408933,BALANCING
0.444,3.7935855415543993,4.361262294355778,149.45318252988588,0.34933572781291744,BALANCING
0.446,3.802337468241114,4.391662145661721,150.0502742806322,0.3503759217431516,BALANCING
0.448,3.8111512099315585,4.423078706923747,150.64746358386526,0.3514545723044932,BALANCING
0.45,3.820028625368978,4.4553376770163995,151.2449968868741,0.3525668672642917,BALANCING
0.452,3.8289712498516013,4.48828985926098,151.8430869399784,0.3537086502773524,BALANCING
0.454,3.837980342003203,4.52180773034618,152.44191739047108,0.35487633298439963,BALANCING
0.456,3.847056924143366,4.555782470131471,153.04164676002335,0.3560668188216449,BALANCING
0.458,3.856201817117617,4.590121390872768,153.64241188774344,0.35727743698535425,BALANCING
0.46,3.8654156703328817,4.624745712579748,154.24433091015487,0.3585058852019051,BALANCING
0.462,3.874698987644209,4.6595886382993195,154.84750583988838,0.35975018013297355,BALANCING
0.464,3.884052149652484,4.694593689264014,155.4520247966641,0.3610086144008593,BALANCING
0.466,3.8934754328980397,4.729713265172651,156.0579639370169,0.36227971935368314,BALANCING
0.468,3.9029690263702697,4.764907399491607,156.6653891230382,0.36356223280705285,BALANCING
0.47000000000000003,3.912533045697113,4.800142683672484,157.27435736504867,0.3648550711001313,BALANCING
0.47200000000000003,3.9221675453295703,4.835391337657243,157.88491806846946,0.36615730489194065,BALANCING
0.47400000000000003,3.931872528994175,4.870630407055623,158.49711411112963,0.3674681381999666,BALANCING
0.47600000000000003,3.941647958649715,4.905841069993143,159.110982773752,0.3687868902492509,BALANCING
0.47800000000000004,3.9514937621527935,4.941008038894285,159.72655654333002,0.37011297975750773,BALANCING
0.48,3.9614098398092885,4.976119044430622,160.3438638064785,0.37144591133153765,BALANCING
0.482,3.9713960699649626,5.011164390567705,160.9629294475646,0.37278526369335957,BALANCING
0.484,3.9814523137677997,5.046136571122029,161.58377536444695,0.3741306794918964,BALANCING
0.486,3.991578419216779,5.0810299395204845,162.20642091293956,0.3754818564885065,BALANCING
0.488,4.001774224596264,5.115840424565372,162.8308832896303,0.3768385399328019,BALANCING
0.49,4.012039561381778,5.1505652859710045,163.45717786139653,0.3782005159696056,BALANCING
0.492,4.022374256691303,5.185202904272677,164.0853184488437,0.37956760593907973,BALANCING
0.494,4.032778135346144,5.219752600432374,164.7153175699252,0.3809396614504124,BALANCING
0.496,4.043251021596722,5.254214481092885,165.3471866491618,0.3823165601253839,BALANCING
0.498,4.0537927405610565,5.288589305975567,165.98093619715328,0.38369820192194076,BALANCING
0.5,4.064403119417189,5.322878374388225,166.61657596444303,0.38508450595988664,BALANCING
0.502,4.075081988385158,5.357083428217817,167.25411507325123,0.3864754077811806,BALANCING
0.504,4.085829181529185,5.391206569136563,167.89356213011843,0.3878708569863477,BALANCING
0.506,4.096644537406558,5.425250188056504,168.53492532209123,0.3892708151963076,BALANCING
0.508,4.107527899585992,5.45921690513321,169.17821249872642,0.3906752542957075,BALANCING
0.51,4.118479117055093,5.493109518849305,169.8234312418826,0.39208415491971027,BALANCING
0.512,4.129498044533824,5.526930962907785,170.47058892500021,0.3934975051512801,BALANCING
0.514,4.140584542708468,5.560684269837614,171.11969276334253,0.39491529940042275,BALANCING
0.516,4.151738478398599,5.594372540363546,171.77074985646706,0.39633753744066214,BALANCING
0.518,4.16295972466773,5.627998917721407,172.42376722402625,0.3977642235813463,BALANCING
0.52,4.174248160886848,5.661566566212119,173.07875183584514,0.3991953659572577,BALANCING
0.522,4.185603672758696,5.695078653384571,173.73571063709423,0.4006309759194855,BALANCING
0.524,4.1970261523095225,5.72853833532138,174.3946505692636,0.40207106751367955,BALANCING
0.526,4.208515497854062,5.7619487445740445,175.05557858754713,0.40351565703367764,BALANCING
0.528,4.220071613938647,5.795312980356795,175.71850167516135,0.4049647626401134,BALANCING
0.53,4.231694411266638,5.828634100662661,176.3834268550515,0.4064184040350187,BALANCING
0.532,4.2433838066097165,5.861915116012209,177.0503611993737,0.40787660218465377,BALANCING
0.534,4.255139722708064,5.895158984585888,177.71931183708827,0.4093393790838423,BALANCING
0.536,4.2669620881619785,5.928368608526006,178.3902859599525,0.41080675755600926,BALANCING
0.538,4.278850837317084,5.961546831224565,179.06329082716002,0.4122787610839092,BALANCING
0.54,4.290805910144941,5.994696435439275,179.73833376883937,0.41375541366670493,BALANCING
0.542,4.302827252120585,6.027820142102693,180.41542218859405,0.41523673969966546,BALANCING
0.544,4.314914814098263,6.0609206097087736,181.09456356524024,0.41672276387325113,BALANCING
0.546,4.3270685521864305,6.094000434177948,181.77576545387572,0.4182135110888001,BALANCING
0.548,4.339288427622853,6.1270621491163055,182.45903548639416,0.4197090063884194,BALANCING
0.55,4.351574406650571,6.160108226396833,183.1443813715428,0.4212092748970054,BALANCING
0.552,4.363926460395274,6.193141077001488,183.831810894606,0.42271434177461714,BALANCING
0.554,4.3763445647445725,6.226163052071999,184.52133191678587,0.424224232177662,BALANCING
0.556,4.3888287002295385,6.259176444125291,185.21295237433995,0.4257389712275754,BALANCING
0.558,4.401378851908803,6.292183488396204,185.9066802775268,0.42725858398586053,BALANCING
0.56,4.413995009255433,6.325186364276043,186.6025237094024,0.4287830954345086,BALANCING
0.562,4.426677166046755,6.35818719682049,187.30049082450418,0.4303125304609654,BALANCING
0.5640000000000001,4.439425320257244,6.391188058304736,188.00058984745257,0.43184691384692353,BALANCING
0.5660000000000001,4.452239473954554,6.424190969807334,188.70282907149596,0.4333862702603263,BALANCING
0.5680000000000001,4.4651196331987215,6.457197902807449,189.40721685702016,0.43493062425005385,BALANCING
0.5700000000000001,4.478065807944571,6.490210780782836,190.11376163004027,0.4364800002428441,BALANCING
0.5720000000000001,4.491078011947303,6.52323148079819,190.82247188068936,0.4380344225420597,BALANCING
0.5740000000000001,4.504156262671243,6.556261835075444,191.53335616171586,0.4395939153279782,BALANCING
0.5760000000000001,4.517300581201709,6.589303632539235,192.24642308699939,0.4411585026593204,BALANCING
0.578,4.530510992159928,6.6223586203321965,192.96168133009303,0.442728208475784,BALANCING
0.58,4.543787523620964,6.655428505295852,193.67913962279772,0.4443030566013793,BALANCING
0.582,4.557130207034558,6.688514955413976,194.39880675377412,0.44588307074839706,BALANCING
0.584,4.5705390771488235,6.721619601216035,195.12069156719522,0.44746827452186494,BALANCING
0.586,4.584014171936696,6.754744037139084,195.84480296144247,0.44905869142437277,BALANCING
0.588,4.59755553252508,6.787889822847069,196.57114988784764,0.45065434486116174,BALANCING
0.59,4.6111632031265755,6.8210584845069455,197.29974134948097,0.45225525814539824,BALANCING
0.592,4.6248372309737205,6.854251516021473,198.03058639998702,0.4538614545035574,BALANCING
0.594,4.638577666255658,6.8874703802188195,198.76369414246767,0.45547295708085955,BALANCING
0.596,4.652384562057135,6.920716509999427,199.49907372841284,0.4570897889467139,BALANCING
0.598,4.666257974299751,6.953991309440773,200.23673435667766,0.4587119731001269,BALANCING
0.6,4.680197961685384,6.987296154860836,200.9766852725061,0.4603395324750455,BALANCING
0.602,4.694204585641694,7.020632395841238,201.71893576659966,0.461972489945611,BALANCING
0.604,4.7082779102696355,7.054001356211092,202.46349517422993,0.46361086833130316,BALANCING
0.606,4.722418002292899,7.087404334992685,203.2103728743946,0.46525469040195644,BALANCING
0.608,4.736624931009216,7.1208426073101965,203.9595782890145,0.4669039788826425,BALANCING
0.61,4.750898768243429,7.154317425262639,204.71112088217131,0.4685587564584058,BALANCING
0.612,4.765239588302285,7.1878300187622814,205.46501015938398,0.4702190457788477,BALANCING
0.614,4.779647467930871,7.221381596339781,206.22125566692296,0.4718848694625587,BALANCING
0.616,4.794122486270619,7.2549733459172625,206.97986699116007,0.4735562501013923,BALANCING
0.618,4.808664724818843,7.288606435550592,207.74085375795332,0.47523321026458465,BALANCING
0.62,4.823274267389711,7.322282014142018,208.50422563206521,0.4769157725027179,BALANCING
0.622,4.83795120007663,7.356001212124407,209.26999231661264,0.4786039593515315,BALANCING
0.624,4.852695611215964,7.389765142118192,210.03816355254756,0.48029779333558376,BALANCING
0.626,4.8675075913520365,7.423574899562181,210.80874911816704,0.4819972969717656,BALANCING
0.628,4.882387233203383,7.4574315633193144,211.5817588286512,0.4837024927726725,BALANCING
0.63,4.897334631630177,7.491336196258428,212.35720253562798,0.8790665073576565,BALANCING
0.632,4.910474486662987,5.653320789618915,215.66882911836512,0.8395950313356138,BALANCING
0.634,4.9201549156842574,4.031441150595788,218.68980628493142,0.8048902872470687,BALANCING
0.636,4.926782693588768,2.6002554046315023,221.45402655675733,0.774390077991991,BALANCING
0.638,4.9307167153395435,1.337319042269938,223.99138938762889,0.7475984471405388,BALANCING
0.64,4.932273636777847,0.22283175937861593,226.3282716420541,0.724077874149547,BALANCING
0.642,4.931732850815228,-0.7606740906694692,228.4879426397201,0.7034423892026428,BALANCING
0.644,4.929340877317652,-1.628608336154635,230.4909302977003,0.685351499310176,BALANCING
0.646,4.925315235764265,-2.3945654429792897,232.35534413241672,0.6695048300755265,BALANCING
0.648,4.919847861623175,-3.070538403191177,234.09716020441098,0.6556373987994933,BALANCING
0.65,4.913108120205817,-3.667107422157207,235.73047249003332,0.6435154445318709,BALANCING
0.652,4.90524546542674,-4.193606373829758,237.26771463579695,0.6329327494454939,BALANCING
0.654,4.896391785307468,-4.658269643639951,238.71985558504315,0.6237073936410751,BALANCING
0.656,4.886663471133328,-5.068361669881493,240.09657215538536,0.6156788923128415,BALANCING
0.658,4.876163242823313,-5.430291222153531,241.4064012826731,0.6087056702227396,BALANCING
0.66,4.8649817592366205,-5.749712215223983,242.6568743272318,0.6026628337395722,BALANCING
0.662,4.853199038755162,-6.031612644774092,243.85463555585304,0.5974402053824517,BALANCING
0.664,4.840885712495713,-6.28039304455425,245.00554666398972,0.5929405899391226,BALANCING
0.666,4.828104129871626,-6.499935699577744,246.11477898293307,0.5890782448740715,BALANCING
0.668,4.814909333900501,-6.693665704506887,247.1868948229535,0.585777530956272,BALANCING
0.67,4.801349921604568,-6.864604828055323,248.2259192324288,0.5829717218725101,BALANCING
0.672,4.7874688030422785,-7.015419031020897,249.23540330216576,0.5806019540941537,BALANCING
0.674,4.773303870914518,-7.148460385693581,250.21848001107585,0.5786163004723486,BALANCING
0.676,4.758888591281606,-7.265804056280599,251.17791349199476,0.5769689529836646,BALANCING
0.678,4.744252524685891,-7.369280922269393,252.11614249289585,0.575619501765862,BALANCING
0.68,4.7294217858795955,-7.460506358085336,253.03531871740407,0.5745322990986867,BALANCING
0.682,4.714419449391475,-7.54090562191583,253.9373406479399,0.5736758983213225,BALANCING
0.684,4.699265907313592,-7.611736253213971,254.82388338373576,0.5730225588573415,BALANCING
0.686,4.683979184937633,-7.674107831323366,255.69642496325878,0.5725478095582645,BALANCING
0.6880000000000001,4.668575219206958,-7.728999406140266,256.55626958525187,0.5722300634945499,BALANCING
0.6900000000000001,4.653068104365415,-7.777274875096481,257.4045680938028,0.5720502781324063,BALANCING
0.6920000000000001,4.637470308667807,-7.819696548429951,258.24233604979713,0.5719916555490088,BALANCING
0.6940000000000001,4.62179286556151,-7.856937116200975,259.07046967313084,0.5720393779687478,BALANCING
0.6960000000000001,4.606045542347036,-7.889590205362119,259.889759906553,0.5721803744589389,BALANCING
0.6980000000000001,4.590236988970961,-7.918179693003138,260.70090482245104,0.5724031151137524,BALANCING
0.7000000000000001,4.574374869292005,-7.943167922319608,261.504520567815,0.5726974294876657,BALANCING
0.7020000000000001,4.558465976885243,-7.964962950587467,262.30115101961616,0.5730543464213319,BALANCING
0.704,4.542516337206152,-7.983924943193383,263.09127630253977,0.573465952739385,BALANCING
0.706,4.526531297721556,-8.000371814333484,263.8753203031121,0.5739252685966683,BALANCING
0.708,4.510515607425171,-8.014584203138657,264.6536572984685,0.5744261375113467,BALANCING
0.71,4.494473486988432,-8.026809863527026,265.4266178040762,0.5749631293544806,BALANCING
0.712,4.4784086906499345,-8.037267536858778,266.19449373243754,0.5755314547695108,BALANCING
0.714,4.4623245608168025,-8.046150368330025,266.9575429439538,0.5761268896749706,BALANCING
0.716,4.4462240762366365,-8.053628920862677,267.7159932615679,0.5767457086624063,BALANCING
0.718,4.430109894497538,-8.059853833913715,268.4700460123634,0.5773846262414593,BALANCING
0.72,4.413984389524419,-8.06495816903969,269.2198791518563,0.5780407450075487,BALANCING
0.722,4.3978496846611295,-8.069059479123148,269.9656500201466,0.578711509916523,BALANCING
0.724,4.381707681858428,-8.072261633819359,270.70749777330553,0.5793946679467492,BALANCING
0.726,4.365560087426578,-8.074656429945557,271.445545528263,0.5800882325138847,BALANCING
0.728,4.3494084347573025,-8.076325012150908,272.17990225495095,0.5807904520783623,BALANCING
0.73,4.333254104372115,-8.077339126220005,272.9106644454829,0.5814997824515967,BALANCING
0.732,4.317098341612011,-8.077762224729035,273.63791758663797,0.5822148623651258,BALANCING
0.734,4.300942272246391,-8.0776504424505,274.36173745882735,0.5829344919182389,BALANCING
0.736,4.284786916246303,-8.077053456852685,275.08219128198533,0.5836576135649455,BALANCING
0.738,4.268633199938295,-8.076015247232025,275.79933872642187,0.584383295341097,BALANCING
0.74,4.252481966729604,-8.074574764421396,276.51323280454807,0.5851107160677187,BALANCING
0.742,4.236333986572993,-8.072766521610271,277.22392065750904,0.5858391522977151,BALANCING
0.744,4.220189964319693,-8.070621115571223,277.93144424910844,0.586567966800539,BALANCING
0.746,4.204050547091405,-8.068165686492295,278.63584097794666,0.58729659840362,BALANCING
0.748,4.187916330786936,-8.065424323648578,279.33714421741007,0.5880245530306946,BALANCING
0.75,4.1717878658253555,-8.062418423294142,280.03538379201166,0.5887513957960187,BALANCING
0.752,4.155665662215619,-8.05916700440363,280.73058639758347,0.5894767440300543,BALANCING
0.754,4.139550194031971,-8.05568698722954,281.42277597193527,0.5902002611268856,BALANCING
0.756,4.1234419033651015,-8.051993439056185,282.1119740218174,0.5909216511165404,BALANCING
0.758,4.107341203810807,-8.048099791015039,282.798199911335,0.5916406538768146,BALANCING
0.76,4.091248483550596,-8.044018029370966,283.48147111635706,0.592357040909246,BALANCING
0.762,4.075164108072292,-8.039758864286979,284.1618034489259,0.5930706116127711,BALANCING
0.764,4.059088422573021,-8.035331878720932,284.8392112552031,0.5937811899964264,BALANCING
0.766,4.043021754081973,-8.03074565979483,285.51370759006875,0.594488621779364,BALANCING
0.768,4.026964413335914,-8.026007914701728,286.1853043711267,0.5951927718325485,BALANCING
0.77,4.010916696436558,-8.02112557297183,286.8540125145409,0.5958935219218764,BALANCING
0.772,3.994878886315468,-8.016104876704848,287.51984205484507,0.596590768717204,BALANCING
0.774,3.9788512540291285,-8.01095146018625,288.1828022506131,0.5972844220359541,BALANCING
0.776,3.9628340599041705,-8.005670420138069,288.8429016776572,0.5979744032936636,BALANCING
0.778,3.9468275545503797,-8.000266377707574,289.5001483112232,0.5986606441370864,BALANCING
0.78,3.930831979757025,-7.994743533167075,290.1545495984793,0.5993430852383477,BALANCING
0.782,3.914847569286238,-7.989105714183521,290.80611252244313,0.6000216752311686,BALANCING
0.784,3.8988745495755333,-7.983356418415333,291.4548436583548,0.6006963697724267,BALANCING
0.786,3.882913140360153,-7.977498851104695,292.10074922338697,0.6013671307142819,BALANCING
0.788,3.8669635552246504,-7.971535958254802,292.74383512047746,0.6020339253738426,BALANCING
0.79,3.851026002092023,-7.965470455912096,293.3841069769761,0.6026967258888766,BALANCING
0.792,3.8351006836577257,-7.959304856012246,294.0215701787183,0.6033555086494347,BALANCING
0.794,3.819187797775026,-7.953041489194606,294.65622990006295,0.6040102537964355,BALANCING
0.796,3.8032875377974147,-7.946682524942166,295.2880911303719,0.6046609447793259,BALANCING
0.798,3.7874000928831024,-7.940229989361972,295.91715869734935,0.6053075679658582,BALANCING
0.8,3.7715256482660338,-7.933685780883871,296.5434372876114,0.6059501122978385,BALANCING
0.802,3.755664385497356,-7.927051684122706,297.16693146481316,0.6065885689874352,BALANCING
0.804,3.739816482660776,-7.920329382120192,297.78764568562053,0.6072229312492637,BALANCING
0.806,3.723982114564872,-7.913520467157258,298.4055843137808,0.6078531940640372,BALANCING
0.808,3.7081614529150455,-7.9066264503051285,299.0207516325174,0.6084793539700594,BALANCING
0.81,3.692354666467484,-7.899648769863624,299.63315185544417,0.6091014088792823,BALANCING
0.812,3.6765619211672274,-7.892588798817631,300.2427891361769,0.6097193579150333,BALANCING
0.8140000000000001,3.660783380272199,-7.885447851427316,300.84966757679274,0.6103332012688581,BALANCING
0.8160000000000001,3.645019204464813,-7.878227189053986,301.45379123527533,0.6109429400742283,BALANCING
0.8180000000000001,3.6292695519526124,-7.870928025311529,302.05516413206476,0.6115485762951257,BALANCING
0.8200000000000001,3.613534578559193,-7.863551530622774,302.65379025581797,0.6121501126277505,BALANCING
0.8220000000000001,3.5978144378065515,-7.856098836250733,303.24967356847264,0.6127475524138085,BALANCING
0.8240000000000001,3.5821092809898265,-7.848571037866475,303.84281800969774,0.6133408995640105,BALANCING
0.8260000000000001,3.5664192572453155,-7.840969198708117,304.4332275008013,0.6139301584905823,BALANCING
0.8280000000000001,3.5507445136125404,-7.833294352378939,305.02090594816184,0.6145153340477256,BALANCING
0.8300000000000001,3.535085195091029,-7.825547505327062,305.6058572462377,0.6150964314790874,BALANCING
0.8320000000000001,3.519441444692424,-7.81772963904405,306.1880852802057,0.6156734563714185,BALANCING
0.834,3.5038134034884387,-7.809841712015446,306.76759392827194,0.6162464146136869,BALANCING
0.836,3.488201210655138,-7.801884661452349,307.3443870636939,0.616815312361008,BALANCING
0.838,3.4726050035139413,-7.793859404829701,307.91846855654865,0.6173801560028181,BALANCING
0.84,3.457024917569728,-7.785766841253943,308.4898422752756,0.6179409521347979,BALANCING
0.842,3.4414610865463535,-7.777607852680031,309.0585120880224,0.6184977075340997,BALANCING
0.844,3.4259136424198635,-7.769383304995441,309.6244818638163,0.6190504291374895,BALANCING
0.846,3.410382715449665,-7.761094048986708,310.1877554735815,0.6195991240220632,BALANCING
0.848,3.39486843420786,-7.752740921202259,310.7483367910216,0.62014379938823,BALANCING
0.85,3.37937092560695,-7.744324744723594,311.3062296933825,0.6206844625446996,BALANCING
0.852,3.3638903149260773,-7.735846329855557,311.8614380621104,0.6212211208952328,BALANCING
0.854,3.3484267258359615,-7.727306474745078,312.41396578341727,0.6217537819269531,BALANCING
0.856,3.3329802804226545,-7.718705965936734,312.9638167487645,0.6222824532000295,BALANCING
0.858,3.3175510992102466,-7.710045578872439,313.51099485527527,0.6228071423385744,BALANCING
0.86,3.3021393011826206,-7.701326078341762,314.05550400608354,0.6233278570226092,BALANCING
0.862,3.2867450038043478,-7.692548218888578,314.59734811062725,0.6238446049809743,BALANCING
0.864,3.2713683230408126,-7.683712745179077,315.1365310848933,0.6243573939850714,BALANCING
0.866,3.256009373377631,-7.6748203923356115,315.6730568516188,0.62486623184334,BALANCING
0.868,3.2406682678394376,-7.665871886240274,316.20692934045496,0.6253711263963824,BALANCING
0.87,3.225345118008084,-7.6568679438116884,316.7381524880977,0.6258720855126583,BALANCING
0.872,3.2100400340403157,-7.647809273258071,317.26673023838924,0.6263691170846868,BALANCING
0.874,3.194753124684959,-7.638696574309256,317.7926665423938,0.6268622290256893,BALANCING
0.876,3.1794844972996654,-7.629530538430049,318.3159653584513,0.6273514292666282,BALANCING
0.878,3.164234257867243,-7.620311849017055,318.8366306522108,0.6278367257535904,BALANCING
0.88,3.1490025110116107,-7.611041181580783,319.3546663966473,0.6283181264454748,BALANCING
0.882,3.1337893600134006,-7.601719203914701,319.87007657206334,0.6287956393119519,BALANCING
0.884,3.1185949068252365,-7.592346576252679,320.3828651660773,0.6292692723316593,BALANCING
0.886,3.103419252086703,-7.58292395141608,320.89303617360014,0.6297390334906072,BALANCING
0.888,3.088262495139034,-7.573451974951646,321.40059359680237,0.6302049307807692,BALANCING
0.89,3.0731247340395313,-7.563931285261173,321.9055414450723,0.6306669721988366,BALANCING
0.892,3.0580060655757335,-7.554362513723838,322.40788373496656,0.6311251657451155,BALANCING
0.894,3.0429065852793418,-7.544746284811968,322.9076244901542,0.6315795194225517,BALANCING
0.896,3.027826387439928,-7.535083216200936,323.4047677413549,0.6320300412358686,BALANCING
0.898,3.0127655651184195,-7.525373918873783,323.89931752627285,0.632476739190802,BALANCING
0.9,2.997724210160387,-7.515618997221108,324.3912778895259,0.632919621293424,BALANCING
0.902,2.982702413209133,-7.505819049136697,324.88065288257127,0.6333586955495423,BALANCING
0.904,2.967700263718591,-7.495974666109312,325.36744656362833,0.6337939699641689,BALANCING
0.906,2.9527178499660507,-7.4860864333110015,325.8516629975989,0.6342254525410478,BALANCING
0.908,2.9377552590647036,-7.4761549296822745,326.333306255985,0.6346531512822352,BALANCING
0.91,2.922812576976024,-7.466180728014417,326.8123804168053,0.6350770741877283,BALANCING
0.912,2.907889888521989,-7.456164395029205,327.28888956450965,0.6354972292551322,BALANCING
0.914,2.892987277397138,-7.446106491456258,327.7628377898928,0.6359136244793665,BALANCING
0.916,2.8781048261804836,-7.436007572108216,328.2342291900068,0.6363262678524011,BALANCING
0.918,2.863242616347271,-7.425868185953921,328.70306786807316,0.636735167363022,BALANCING
0.92,2.8484007282805948,-7.415688876189777,329.1693579333938,0.6371403309966219,BALANCING
0.922,2.8335792412828735,-7.405470180309408,329.63310350126255,0.6375417667350115,BALANCING
0.924,2.8187782335871874,-7.395212630171753,330.09430869287536,0.6379394825562528,BALANCING
0.926,2.8039977823684805,-7.384916752067711,330.5529776352412,0.638333486434506,BALANCING
0.928,2.7892379637546325,-7.374583066785409,331.0091144610928,0.6387237863398957,BALANCING
0.93,2.7744988528373993,-7.364212089674225,331.46272330879714,0.6391103902383872,BALANCING
0.932,2.7597805236832267,-7.353804330707597,331.9138083222668,0.639493306091676,BALANCING
0.934,2.745083049343943,-7.343360294544727,332.3623736508709,0.6398725418570875,BALANCING
0.936,2.730406501867324,-7.332880480591217,332.80842344934683,0.6402481054874861,BALANCING
0.9380000000000001,2.715750952307543,-7.322365383058702,333.2519618777121,0.640620004931192,BALANCING
0.9400000000000001,2.701116470735497,-7.311815491023527,333.692993101177,0.6409882481319061,BALANCING
0.9420000000000001,2.6865031262490224,-7.30123128848453,334.1315212900571,0.6413528430286399,BALANCING
0.9440000000000001,2.6719109869829913,-7.290613254419938,334.5675506196869,0.6417137975556524,BALANCING
0.9460000000000001,2.657340120119297,-7.27996186284344,335.00108527033393,0.6420711196423907,BALANCING
0.9480000000000001,2.642790591896728,-7.269277582859463,335.4321294271129,0.6424248172134365,BALANCING
0.9500000000000001,2.6282624676207305,-7.258560878717676,335.860687279901,0.6427748981884542,BALANCING
0.9520000000000001,2.6137558116730664,-7.247812209866746,336.28676302325397,0.6431213704821458,BALANCING
0.9540000000000001,2.5992706875213605,-7.2370320310073915,336.7103608563217,0.6434642420042045,BALANCING
0.9560000000000001,2.584807157728544,-7.226220792144718,337.13148498276587,0.6438035206592758,BALANCING
0.9580000000000001,2.570365283962196,-7.215378938639901,337.5501396106775,0.6441392143469167,BALANCING
0.96,2.5559451270037767,-7.204506911261192,337.96632895249496,0.6444713309615598,BALANCING
0.962,2.541546746757766,-7.193605146234301,338.38005722492323,0.6447998783924783,BALANCING
0.964,2.5271702022606974,-7.1826740752921445,338.79132864885355,0.6451248645237527,BALANCING
0.966,2.5128155516900943,-7.171714125723989,339.20014744928346,0.6454462972342381,BALANCING
0.968,2.4984828523733085,-7.160725720423993,339.6065178552382,0.6457641843975356,BALANCING
0.97,2.484172160796264,-7.1497092779391735,340.01044409969205,0.6460785338819611,BALANCING
0.972,2.4698835326121014,-7.138665212516799,340.4119304194908,0.6463893535505181,BALANCING
0.974,2.4556170226497316,-7.127593934151212,340.81098105527474,0.6466966512608702,BALANCING
0.976,2.441372684922296,-7.116495848630116,341.2076002514026,0.6470004348653143,BALANCING
0.978,2.427150572635534,-7.10537135758031,341.6017922558755,0.6473007122107554,BALANCING
0.98,2.412950738196057,-7.094220858512901,341.9935613202625,0.6475974911386808,BALANCING
0.982,2.3987732332195395,-7.083044744867983,342.38291169962565,0.647890779485136,BALANCING
0.984,2.3846181085388114,-7.071843406058811,342.769847652447,0.6481805850807011,BALANCING
0.986,2.370485414211873,-7.060617227515464,343.1543734405554,0.6484669157504664,BALANCING
0.988,2.356375199529816,-7.0493665907280105,343.53649332905394,0.6487497793140105,BALANCING
0.99,2.3422875130246594,-7.038091873289182,343.9162115862487,0.6490291835853765,BALANCING
0.992,2.328222402477104,-7.026793448936557,344.2935324835776,0.6493051363730508,BALANCING
0.994,2.3141799149241997,-7.015471687594277,344.66846029553983,0.64957764547994,BALANCING
0.996,2.300160096666933,-7.004126955414279,345.04099929962615,0.649846718703351,BALANCING
0.998,2.286162993277728,-6.992759614817077,345.41115377625016,0.6501123638349673,BALANCING
1.0,2.2721886496078705,-6.981370024532065,345.77892800867943,0.65037458866083,BALANCING
1.002,2.2582371097948495,-6.969958539637391,346.14432628296777,0.6506334009613154,BALANCING
1.004,2.2443084172696213,-6.958525511599353,346.50735288788786,0.6508888085111152,BALANCING
1.006,2.2304026147637925,-6.947071288311387,346.868012114865,0.6511408190792161,BALANCING
1.008,2.216519744316729,-6.935596214132592,347.22630825791055,0.6513894404288783,BALANCING
1.01,2.2026598472825856,-6.924100629925833,347.58224561355695,0.6516346803176167,BALANCING
1.012,2.18882296433726,-6.912584873095426,347.9358284807924,0.6518765464971806,BALANCING
1.014,2.1750091354852734,-6.901049277624384,348.2870611609973,0.6521150467135334,BALANCING
1.016,2.1612184000665775,-6.889494174111268,348.63594795787986,0.6523501887068335,BALANCING
1.018,2.1474507967632834,-6.877919889806608,348.9824931774136,0.6525819802114143,BALANCING
1.02,2.133706363606325,-6.866326748648937,349.3267011277743,0.6528104289557656,BALANCING
1.022,2.1199851379820474,-6.854715071300403,349.6685761192785,0.6530355426625131,BALANCING
1.024,2.1062871566387207,-6.843085175182002,350.0081224643219,0.6532573290484004,BALANCING
1.026,2.092612455692991,-6.8314373745084085,350.3453444773185,0.6534757958242694,BALANCING
1.028,2.078961070636257,-6.819771980322429,350.6802464746404,0.6536909506950414,BALANCING
1.03,2.06533303634098,-6.808089300529052,351.01283277455786,0.6539028013596982,BALANCING
1.032,2.0517283870669263,-6.796389639929146,351.3431076971805,0.6541113555112641,BALANCING
1.034,2.038147156467341,-6.784673300252763,351.67107556439834,0.6543166208367863,BALANCING
1.036,2.024589377595057,-6.77294058019208,351.9967406998234,0.6545186050173172,BALANCING
1.038,2.0110550829085394,-6.761191775433977,352.32010742873274,0.6547173157278952,BALANCING
1.04,1.9975443042778616,-6.749427178692244,352.64118007801085,0.654912760637527,BALANCING
1.042,1.9840570729906208,-6.73764707973944,352.95996297609315,0.6551049474091694,BALANCING
1.044,1.9705934197577901,-6.725851765438392,353.27646045291016,0.6552938836997109,BALANCING
1.046,1.9571533747195042,-6.714041519773352,353.59067683983153,0.6554795771599536,BALANCING
1.048,1.9437369674507876,-6.702216623880797,353.90261646961136,0.6556620354345957,BALANCING
1.05,1.9303442269672189,-6.690377356079896,354.21228367633324,0.6558412661622129,BALANCING
1.052,1.9169751817305356,-6.678523991902641,354.51968279535646,0.6560172769752417,BALANCING
1.054,1.903629859654178,-6.666656804123632,354.82481816326225,0.6561900754999604,BALANCING
1.056,1.890308288108776,-6.654776062789543,355.1276941178007,0.656359669356473,BALANCING
1.058,1.8770104939275731,-6.6428820352482605,355.4283149978379,0.65652606615869,BALANCING
1.06,1.8637365034117985,-6.630974986177688,355.7266851433042,0.6566892735143125,BALANCING
1.062,1.8504863423359752,-6.619055177614248,356.022808895142,0.656849299024814,BALANCING
1.064,1.8372600359531772,-6.607122868981053,356.3166905952548,0.6570061502854234,BALANCING
1.066,1.8240576090002272,-6.59517831711577,356.608334586456,0.6571598348851075,BALANCING
1.068,1.8108790857028396,-6.583221776298182,356.8977452124192,0.657310360406555,BALANCING
1.07,1.7977244897807099,-6.5712534982774375,357.18492681762757,0.6574577344261575,BALANCING
1.072,1.7845938444525482,-6.559273732298991,357.4698837473249,0.6576019645139947,BALANCING
1.074,1.7714871724410604,-6.547282725131267,357.75262034746635,0.6577430582338161,BALANCING
1.076,1.7584044959778753,-6.535280721092002,358.03314096466977,0.6578810231430248,BALANCING
1.078,1.7453458368084207,-6.523267962074318,358.31144994616767,0.6580158667926606,BALANCING
1.08,1.7323112161967458,-6.511244687572487,358.58755163975945,0.6581475967273839,BALANCING
1.082,1.7193006549302945,-6.499211134707432,358.86145039376396,0.6582762204854583,BALANCING
1.084,1.7063141733246256,-6.487167538251922,359.13315055697285,0.6584017455987349,BALANCING
1.086,1.6933517912280858,-6.475114130655504,359.40265647860366,0.6585241795926355,BALANCING
1.088,1.6804135280264294,-6.463051142069159,359.66997250825415,0.6586435299861366,BALANCING
1.09,1.6674994026473928,-6.450978800369674,359.9351029958565,0.6587598042917531,BALANCING
1.092,1.6546094335652182,-6.438897331183753,360.19805229163165,0.6588730100155217,BALANCING
1.094,1.6417436388051292,-6.426806957911862,360.458824746045,0.6589831546569853,BALANCING
1.096,1.6289020359477604,-6.414707901751802,360.71742470976164,0.6590902457091774,BALANCING
1.098,1.6160846421335395,-6.402600381722028,360.973856533602,0.6591942906586051,BALANCING
1.1,1.603291474067022,-6.390484614684707,361.2281245684986,0.6592952969852347,BALANCING
1.102,1.5905225480211824,-6.378360815368527,361.4802331654524,0.6593932721624745,BALANCING
1.104,1.577777879841657,-6.366229196391241,361.7301866754898,0.6594882236571596,BALANCING
1.106,1.5650574849509447,-6.354089968281973,361.97798944962034,0.6595801589295373,BALANCING
1.108,1.552361378352561,-6.341943339503272,362.2236458387943,0.6596690854332501,BALANCING
1.11,1.5396895746351504,-6.329789516472925,362.4671601938606,0.6597550106153212,BALANCING
1.112,1.5270420879765538,-6.317628703585525,362.7085368655259,0.6598379419161385,BALANCING
1.114,1.5144189321478339,-6.3054611032337995,362.94778020431295,0.6599178867694402,BALANCING
1.116,1.5018201205172568,-6.2932869158297144,363.1848945605199,0.6599948526022986,BALANCING
1.118,1.4892456660542337,-6.281106339825327,363.41988428418017,0.6600688468351055,BALANCING
1.12,1.4766955813332203,-6.268919571733425,363.65275372502214,0.6601398768815571,BALANCING
1.122,1.4641698785375734,-6.256726806147923,363.8835072324294,0.6602079501486389,BALANCING
1.124,1.4516685694633698,-6.244528235764046,364.1121491554015,0.6602730740366106,BALANCING
1.1260000000000001,1.4391916655231831,-6.23232405139828,364.33868384251474,0.6603352559389917,BALANCING
1.1280000000000001,1.426739177749822,-6.220114442008107,364.5631156418836,0.6603945032425463,BALANCING
1.1300000000000001,1.4143111168000277,-6.207899594711525,364.7854489011225,0.6604508233272691,BALANCING
1.1320000000000001,1.4019074929581345,-6.195679694806341,365.0056879673072,0.6605042235663697,BALANCING
1.1340000000000001,1.3895283161396914,-6.183454925789265,365.2238371869379,0.6605547113262589,BALANCING
1.1360000000000001,1.3771735958950435,-6.171225469374782,365.439900905901,0.6606022939665338,BALANCING
1.1380000000000001,1.3648433414128798,-6.158991505513822,365.65388346943274,0.6606469788399637,BALANCING
1.1400000000000001,1.352537561523741,-6.146753212412216,365.8657892220819,0.6606887732924757,BALANCING
1.1420000000000001,1.3402562647034912,-6.13451076654896,366.0756225076736,0.6607276846631406,BALANCING
1.1440000000000001,1.3279994590767543,-6.122264342694271,366.2833876692733,0.6607637202841579,BALANCING
1.1460000000000001,1.3157671524203123,-6.110014113927434,366.4890890491506,0.6607968874808426,BALANCING
1.1480000000000001,1.303559352166471,-6.097760251654473,366.69273098874413,0.6608271935716113,BALANCING
1.1500000000000001,1.2913760654063882,-6.085502925625608,366.8943178286259,0.6608546458679675,BALANCING
1.1520000000000001,1.2792172988933679,-6.073242303952527,367.09385390846677,0.6608792516744879,BALANCING
1.154,1.2670830590461206,-6.0609785531254685,367.2913435670017,0.6609010182888088,BALANCING
1.156,1.2549733519519897,-6.048711838030112,367.48679114199535,0.6609199530016124,BALANCING
1.158,1.2428881833701426,-6.0364423219642855,367.68020097020786,0.660936063096613,BALANCING
1.16,1.2308275587347315,-6.024170166654484,367.87157738736164,0.6609493558505434,BALANCING
1.162,1.2187914831580184,-6.011895532272213,368.06092472810735,0.6609598385331411,BALANCING
1.164,1.2067799614334693,-5.999618577450138,368.24824732599103,0.6609675184071359,BALANCING
1.166,1.1947929980388163,-5.987339459298079,368.4335495134212,0.6609724027282348,BALANCING
1.168,1.1828305971390873,-5.975058333418801,368.61683562163597,0.6609744987451104,BALANCING
1.17,1.1708927625896033,-5.962775353923651,368.798109980671,0.6609738136993866,BALANCING
1.172,1.1589794979389478,-5.950490673448015,368.9773769193271,0.6609703548256259,BALANCING
1.174,1.147090806431902,-5.938204443166603,369.1546407651389,0.6609641293513159,BALANCING
1.176,1.1352266910123512,-5.925916812808568,369.32990584434276,0.6609551444968564,BALANCING
1.178,1.1233871543261615,-5.913627930672459,369.5031764818458,0.6609434074755473,BALANCING
1.18,1.1115721987240255,-5.901337943641006,369.6744570011949,0.660928925493574,BALANCING
1.182,1.0997818262642798,-5.889046997195744,369.843751724546,0.6609117057499961,BALANCING
1.184,1.0880160387156925,-5.876755235431478,370.0110649726331,0.6608917554367344,BALANCING
1.186,1.0762748375602231,-5.864462801070585,370.1764010647387,0.6608690817385574,BALANCING
1.188,1.0645582239957525,-5.8521698354771585,370.3397643186634,0.6608436918330692,BALANCING
1.19,1.0528661989387853,-5.839876478671002,370.5011590506964,0.6608155928906972,BALANCING
1.192,1.0411987630271253,-5.82758286934146,370.6605895755856,0.6607847920746797,BALANCING
1.194,1.0295559166225223,-5.815289144861105,370.81806020650896,0.6607512965410527,BALANCING
1.196,1.0179376598132925,-5.802995441299271,370.973575255045,0.6607151134386384,BALANCING
1.198,1.0063439924169109,-5.790701893435432,371.12713903114405,0.6606762499090326,BALANCING
1.2,0.9947749139825783,-5.778408634772443,371.27875584310016,0.6606347130865924,BALANCING
1.202,0.9832304237937611,-5.766115797549633,371.42842999752236,0.6605905100984244,BALANCING
1.204,0.9717105208707055,-5.753823512755744,371.5761657993068,0.6605436480643723,BALANCING
1.206,0.9602152039729264,-5.741531910141743,371.7219675516089,0.6604941340970053,BALANCING
1.208,0.9487444716016692,-5.729241118233478,371.8658395558159,0.6604419753016058,BALANCING
1.21,0.9372983220023485,-5.71695126434421,372.00778611151924,0.6603871787761575,BALANCING
1.212,0.9258767531669604,-5.704662474586993,372.1478115164876,0.6603297516113342,BALANCING
1.214,0.9144797628364703,-5.692374873886925,372.2859200666399,0.6602697008904878,BALANCING
1.216,0.9031073485031775,-5.680088585993265,372.42211605601875,0.6602070336896361,BALANCING
1.218,0.8917595074130544,-5.667803733491416,372.5564037767638,0.6601417570774519,BALANCING
1.22,0.8804362365680625,-5.655520437814773,372.68878751908557,0.6600738781152513,BALANCING
1.222,0.8691375327284442,-5.643238819256441,372.8192715712395,0.6600034038569824,BALANCING
1.224,0.8578633924149925,-5.630958996980834,372.94786021949994,0.6599303413492134,BALANCING
1.226,0.8466138119112969,-5.618681089035129,373.0745577481348,0.6598546976311216,BALANCING
1.228,0.8353887872659657,-5.606405212360612,373.19936843937984,0.6597764797344828,BALANCING
1.23,0.8241883142948272,-5.59413148280389,373.3222965734137,0.659695694683659,BALANCING
1.232,0.8130123885831079,-5.581860015127977,373.443346428333,0.6596123494955877,BALANCING
1.234,0.8018610054875887,-5.5695909230232665,373.56252228012704,0.6595264511797714,BALANCING
1.236,0.7907341601387389,-5.557324319118377,373.679828402654,0.6594380067382656,BALANCING
1.238,0.7796318474428299,-5.545060314990887,373.7952690676159,0.6593470231656693,BALANCING
1.24,0.7685540620840255,-5.532799021177937,373.90884854453486,0.6592535074491123,BALANCING
1.242,0.7575007985264531,-5.520540547186731,374.02057110072883,0.6591574665682459,BALANCING
1.244,0.746472051016253,-5.508285001504915,374.130441001288,0.659058907495232,BALANCING
1.246,0.7354678135836071,-5.4960324916108405,374.238462509051,0.6589578371947317,BALANCING
1.248,0.7244880800447474,-5.48378312398372,374.34463988458174,0.6588542626238955,BALANCING
1.25,0.7135328440039441,-5.47153700411367,374.44897738614605,0.658748190732352,BALANCING
1.252,0.7026020988554742,-5.4592942365116395,374.55147926968874,0.6586396284621985,BALANCING
1.254,0.6916958377855698,-5.447054924719234,374.6521497888108,0.6585285827479891,BALANCING
1.256,0.6808140537743468,-5.434819171318432,374.75099319474646,0.6584150605167264,BALANCING
1.258,0.6699567395977148,-5.422587077941194,374.84801373634116,0.6582990686878492,BALANCING
1.26,0.6591238878292679,-5.410358745278965,374.94321566002895,0.6581806141732235,BALANCING
1.262,0.6483154908421558,-5.398134273092074,375.0366032098106,0.6580597038771322,BALANCING
1.264,0.6375315408109369,-5.385913760219032,375.1281806272314,0.6579363446962647,BALANCING
1.266,0.6267720297134128,-5.373697304585724,375.21795215135984,0.6578105435197069,BALANCING
1.268,0.6160369493324447,-5.361485003214505,375.30592201876556,0.6576823072289318,BALANCING
1.27,0.6053262912577508,-5.349276952233195,375.3920944634984,0.6575516426977893,BALANCING
1.272,0.5946400468876871,-5.337073246883976,375.4764737170668,0.6574185567924958,BALANCING
1.274,0.5839782074310097,-5.324873981532187,375.55906400841695,0.6572830563716258,BALANCING
1.276,0.5733407639086192,-5.312679249675032,375.63986956391204,0.6571451482861004,BALANCING
1.278,0.5627277071552895,-5.300489143950183,375.71889460731126,0.6570048393791792,BALANCING
1.28,0.5521390278213772,-5.288303756144295,375.7961433597493,0.6568621364864503,BALANCING
1.282,0.5415747163745162,-5.276123177201425,375.8716200397162,0.6567170464358205,BALANCING
1.284,0.5310347631012935,-5.263947497231363,375.9453288630371,0.6565695760475062,BALANCING
1.286,0.5205191581089104,-5.25177680551787,376.01727404285174,0.6564197321340234,BALANCING
1.288,0.5100278913268258,-5.239611190526819,376.08745978959513,0.6562675215001793,BALANCING
1.29,0.49956095250838456,-5.227450739914261,376.1558903109775,0.6561129509430629,BALANCING
1.292,0.4891183312324284,-5.215295540534392,376.222569811965,0.6559560272520343,BALANCING
1.294,0.47870001690489233,-5.203145678447434,376.2875024947599,0.655796757208718,BALANCING
1.296,0.4683059987603843,-5.191001238927438,376.35069255878165,0.655635147586992,BALANCING
1.298,0.4579362658637503,-5.17886230646999,376.41214420064756,0.6554712051529796,BALANCING
1.3,0.44759080711162336,-5.166728964799846,376.4718616141541,0.65530493666504,BALANCING
1.302,0.43726961123395763,-5.154601296878471,376.52984899025773,0.6551363488737599,BALANCING
1.304,0.4269726667955477,-5.142479384911503,376.5861105170567,0.6549654485219444,BALANCING
1.306,0.4166999621975328,-5.13036331035614,376.6406503797721,0.6547922423446078,BALANCING
1.308,0.4064514856788862,-5.118253153928433,376.69347276073,0.654616737068966,BALANCING
1.31,0.3962272253178906,-5.10614899561051,376.7445818393425,0.654438939414427,BALANCING
1.312,0.38602716903359835,-5.094050914657723,376.79398179209073,0.6542588560925823,BALANCING
1.314,0.37585130458727845,-5.081958989605707,376.8416767925057,0.6540764938071989,BALANCING
1.316,0.3656996195838486,-5.069873298277374,376.8876710111517,0.6538918592542105,BALANCING
1.318,0.35557210147329404,-5.0577939177898195,376.9319686156079,0.6537049591217087,BALANCING
1.32,0.345468737552072,-5.045720924561162,376.974573770451,0.6535158000899358,BALANCING
1.322,0.33538951496450325,-5.033654394317306,377.0154906372381,0.6533243888312753,BALANCING
1.324,0.32533442070414953,-5.021594402098632,377.0547233744893,0.6531307320102446,BALANCING
1.326,0.3153034416151781,-5.009541022266609,377.0922761376707,0.6529348362834859,BALANCING
1.328,0.30529656439371305,-4.997494328510342,377.12815307917754,0.652736708299759,BALANCING
1.33,0.2953137755891736,-4.985454393853043,377.1623583483172,0.652536354699933,BALANCING
1.332,0.28535506160559915,-4.973421290658439,377.1948960912925,0.6523337821169776,BALANCING
1.334,0.27542040870296236,-4.961395090637096,377.2257704511855,0.6521289971759563,BALANCING
1.336,0.26550980299846894,-4.949375864852694,377.2549855679408,0.6519220064940178,BALANCING
1.338,0.2556232304678452,-4.9373636837282175,377.28254557834936,0.6517128166803885,BALANCING
1.34,0.24576067694661344,-4.925358617052087,377.3084546160323,0.6515014343363642,BALANCING
1.342,0.235922128131355,-4.913360733984222,377.33271681142503,0.6512878660553035,BALANCING
1.344,0.22610756958096112,-4.901370103062037,377.35533629176103,0.651072118422619,BALANCING
1.346,0.2163169867178721,-4.889386792206375,377.37631718105655,0.6508541980157706,BALANCING
1.348,0.20655036482930464,-4.877410868727377,377.39566360009457,0.650634111404257,BALANCING
1.35,0.1968076890684673,-4.865442399330285,377.4133796664095,0.6504118651496092,BALANCING
1.352,0.18708894445576468,-4.85348145012118,377.42946949427187,0.6501874658053831,BALANCING
1.354,0.17739411587998993,-4.841528086612667,377.44393719467274,0.6499609199171511,BALANCING
1.356,0.1677231880995062,-4.829582373729492,377.45678687530886,0.6497322340224958,BALANCING
1.358,0.15807614574341672,-4.817644375814096,377.46802264056737,0.6495014146510024,BALANCING
1.36,0.1484529733127239,-4.805714156632114,377.47764859151124,0.6492684683242519,BALANCING
1.362,0.1388536551814776,-4.793791779377817,377.4856688258643,0.6490334015558132,BALANCING
1.364,0.12927817559791235,-4.781877306679482,377.49208743799636,0.6487962208512366,BALANCING
1.366,0.11972651868557414,-4.769970800604722,377.49690851890904,0.6485569327080469,BALANCING
1.368,0.11019866844443632,-4.7580723226657415,377.50013615622106,0.6483155436157361,BALANCING
1.37,0.10069460875200534,-4.746181933824548,377.5017744341541,0.6480720600557567,BALANCING
1.372,0.09121432336441597,-4.734299694498103,377.5018274335183,0.6478264885015148,BALANCING
1.374,0.08175779591751621,-4.7224256645634135,377.50029923169865,0.6475788354183631,BALANCING
1.3760000000000001,0.07232500992794227,-4.710559903362572,377.4971939026405,0.647329107263595,BALANCING
1.3780000000000001,0.06291594879418336,-4.698702469707747,377.49251551683597,0.6470773104864368,BALANCING
1.3800000000000001,0.05353059579763652,-4.68685342188611,377.4862681413102,0.6468234515280418,BALANCING
1.3820000000000001,0.04416893410365189,-4.675012817664714,377.4784558396074,0.6465675368214834,BALANCING
1.3840000000000001,0.034830946762568024,-4.663180714295323,377.4690826717778,0.646309572791749,BALANCING
1.3860000000000001,0.02551661671073766,-4.651357168519185,377.4581526943638,0.6460495658557335,BALANCING
1.3880000000000001,0.01622592677154411,-4.639542236571753,377.4456699603866,0.645787522422232,BALANCING
1.3900000000000001,0.006958859656408122,-4.627735974187359,377.43163851933355,0.645523448891935,BALANCING
1.3920000000000001,-0.002284602034214504,-4.6159384366038365,377.4160624171443,0.6452573516574207,BALANCING
1.3940000000000001,-0.011504475809844471,-4.604149678567092,377.3989456961983,0.6449892371031498,BALANCING
1.3960000000000001,-0.02070077928899967,-4.592369754335627,377.38029239530164,0.6447191116054586,BALANCING
1.3980000000000001,-0.029873530198224852,-4.580598717685014,377.36010654967424,0.6444469815325533,BALANCING
1.4000000000000001,-0.03902274637113018,-4.56883662191232,377.3383921909375,0.6441728532445037,BALANCING
1.4020000000000001,-0.04814844574743864,-4.557083519840491,377.3151533471011,0.6438967330932377,BALANCING
1.4040000000000001,-0.05725064637204207,-4.54533946382268,377.290394042551,0.6436186274225343,BALANCING
1.4060000000000001,-0.06632936639406595,-4.533604505746534,377.2641182980367,0.643338542568019,BALANCING
1.408,-0.07538462406594254,-4.5218786970384315,377.2363301306592,0.6430564848571568,BALANCING
1.41,-0.0844164377424926,-4.510162088667681,377.2070335538587,0.6427724606092472,BALANCING
1.412,-0.09342482588001542,-4.4984547311506695,377.17623257740246,0.6424864761354181,BALANCING
1.414,-0.10240980703538698,-4.486756674554962,377.14393120737265,0.6421985377386202,BALANCING
1.416,-0.11137139986516649,-4.47506796850337,377.11013344615475,0.6419086517136211,BALANCING
1.418,-0.12030962312471084,-4.463388662177965,377.0748432924256,0.6416168243470002,BALANCING
1.42,-0.12922449566729716,-4.451718804324055,377.0380647411414,0.641323061917143,BALANCING
1.422,-0.13811603644325307,-4.440058443254115,376.9998017835266,0.641027370694235,BALANCING
1.424,-0.14698426449909513,-4.42840762685168,376.960058407062,0.6407297569402575,BALANCING
1.426,-0.15582919897667463,-4.416766402575191,376.9188385954732,0.6404302269089812,BALANCING
1.428,-0.1646508591123313,-4.4051348174618035,376.8761463287196,0.6401287868459613,BALANCING
1.43,-0.17344926423605447,-4.393512918131158,376.8319855829829,0.6398254429885322,BALANCING
1.432,-0.18222443377065187,-4.381900750789101,376.7863603306562,0.639520201565802,BALANCING
1.434,-0.19097638723092555,-4.370298361231379,376.7392745403323,0.6392130687986481,BALANCING
1.436,-0.19970514422285546,-4.358705794847283,376.6907321767936,0.6389040508997111,BALANCING
1.438,-0.20841072444279016,-4.347123096623254,376.6407372010003,0.6385931540733906,BALANCING
1.44,-0.2170931476766446,-4.335550311146465,376.5892935700803,0.6382803845158392,BALANCING
1.442,-0.22575243379910523,-4.323987482608341,376.53640523731804,0.6379657484149588,BALANCING
1.444,-0.23438860277284188,-4.312434654808063,376.48207615214403,0.6376492519503948,BALANCING
1.446,-0.24300167464772687,-4.300891871156026,376.4263102601241,0.6373309012935313,BALANCING
1.448,-0.25159166956006074,-4.289359174677254,376.36911150294935,0.6370107026074868,BALANCING
1.45,-0.260158607731805,-4.277836608014793,376.3104838184253,0.6366886620471094,BALANCING
1.452,-0.2687025094698214,-4.266324213433058,376.25043114046196,0.6363647857589709,BALANCING
1.454,-0.27722339516511807,-4.254822032821144,376.18895739906316,0.6360390798813639,BALANCING
1.456,-0.2857212852921022,-4.243330107696109,376.1260665203169,0.6357115505442962,BALANCING
1.458,-0.29419620040783917,-4.231848479206216,376.06176242638514,0.6353822038694862,BALANCING
1.46,-0.302648161151318,-4.220377188134144,375.99604903549357,0.6350510459703591,BALANCING
1.462,-0.3110771882427238,-4.2089162749001625,375.92893026192206,0.6347180829520416,BALANCING
1.464,-0.31948330248271545,-4.197465779565275,375.86041001599466,0.634383320911358,BALANCING
1.466,-0.32786652475171096,-4.186025741834328,375.79049220407,0.6340467659368256,BALANCING
1.468,-0.3362268760091775,-4.174596201059089,375.71918072853157,0.633708424108651,BALANCING
1.47,-0.3445643772929287,-4.1631771962412865,375.646479487778,0.633368301498725,BALANCING
1.472,-0.3528790497184276,-4.1517687660356275,375.57239237621394,0.633026404170619,BALANCING
1.474,-0.36117091447809535,-4.140370948752771,375.4969232842402,0.6326827381795803,BALANCING
1.476,-0.3694399928406263,-4.128983782362282,375.4200760982448,0.632337309572529,BALANCING
1.478,-0.37768630615030846,-4.11760730449555,375.3418547005935,0.6319901243880527,BALANCING
1.48,-0.3859098758263505,-4.106241552448671,375.26226296962056,0.6316411886564031,BALANCING
1.482,-0.39411072336221337,-4.094886563185307,375.18130477961984,0.6312905083994925,BALANCING
1.484,-0.402288870324949,-4.083542373339516,375.0989840008357,0.6309380896308892,BALANCING
1.486,-0.4104443383545431,-4.072209019218542,375.01530449945386,0.6305839383558139,BALANCING
1.488,-0.41857714916326505,-4.060886536805593,374.93027013759263,0.6302280605711356,BALANCING
1.49,-0.4266873245350221,-4.049574961762567,374.8438847732944,0.6298704622653685,BALANCING
1.492,-0.43477488632471967,-4.038274329432774,374.75615226051633,0.6295111494186676,BALANCING
1.494,-0.4428398564576266,-4.02698467484361,374.6670764491221,0.6291501280028254,BALANCING
1.496,-0.45088225692874634,-4.015706032709216,374.57666118487316,0.6287874039812686,BALANCING
1.498,-0.4589021098021927,-4.004438437433096,374.48491030942034,0.6284229833090538,BALANCING
1.5,-0.4668994372105717,-3.993181923110729,374.3918276602952,0.6280568719328641,BALANCING
1.502,-0.47487426135436744,-3.9819365235321267,374.2974170709018,0.6276890757910061,BALANCING
1.504,-0.4828266045013341,-3.970702272184385,374.2016823705084,0.6273196008134064,BALANCING
1.506,-0.4907564889858925,-3.9594792022542022,374.1046273842391,0.6269484529216082,BALANCING
1.508,-0.4986639372085321,-3.9482673466303693,374.00625593306575,0.6265756380287669,BALANCING
1.51,-0.5065489716352172,-3.9370667379062363,373.9065718337998,0.626201162039649,BALANCING
1.512,-0.5144116147967986,-3.9258774083821533,373.80557889908437,0.6258250308506266,BALANCING
1.514,-0.5222518892884305,-3.914699390067883,373.70328093738624,0.6254472503496755,BALANCING
1.516,-0.5300698177689909,-3.9035327146849945,373.5996817529879,0.6250678264163723,BALANCING
1.518,-0.5378654229605083,-3.892377413669224,373.49478514597985,0.6246867649218899,BALANCING
1.52,-0.5456387276475922,-3.8812335181728197,373.3885949122525,0.6243040717289962,BALANCING
1.522,-0.5533897546768679,-3.870101059066856,373.2811148434888,0.6239197526920495,BALANCING
1.524,-0.5611185269564173,-3.8589800669435244,373.17234872715676,0.623533813656997,BALANCING
1.526,-0.5688250674552229,-3.847870572118407,373.06230034650133,0.6231462604613701,BALANCING
1.528,-0.5765093992026167,-3.8367726046327153,372.9509734805374,0.6227570989342837,BALANCING
1.53,-0.5841715452877341,-3.8256861942555163,372.83837190404216,0.6223663348964313,BALANCING
1.532,-0.5918115288589717,-3.8146113704859292,372.72449938754767,0.6219739741600844,BALANCING
1.534,-0.5994293731234491,-3.803548162555307,372.6093596973336,0.6215800225290874,BALANCING
1.536,-0.6070251013464765,-3.7924965994293833,372.49295659542014,0.6211844857988565,BALANCING
1.538,-0.6145987368510244,-3.7814567098104086,372.3752938395606,0.6207873697563768,BALANCING
1.54,-0.6221503030171999,-3.7704285221392597,372.25637518323435,0.6203886801801997,BALANCING
1.542,-0.629679823281725,-3.7594120645975275,372.1362043756398,0.6199884228404399,BALANCING
1.544,-0.637187321137421,-3.7484073651095833,372.0147851616875,0.6195866034987728,BALANCING
1.546,-0.6446728201326957,-3.7374144513446237,371.89212128199284,0.6191832279084335,BALANCING
1.548,-0.6521363438710345,-3.726433350718698,371.7682164728697,0.6187783018142125,BALANCING
1.55,-0.6595779160104973,-3.7154640903967096,371.6430744663231,0.6183718309524545,BALANCING
1.552,-0.6669975602632175,-3.704506697294401,371.516698990043,0.6179638210510556,BALANCING
1.554,-0.6743953003949057,-3.6935611980803147,371.3890937673969,0.6175542778294616,BALANCING
1.556,-0.6817711602243569,-3.682627619177739,371.2602625174241,0.6171432069986647,BALANCING
1.558,-0.6891251636229628,-3.67170598676663,371.1302089548283,0.6167306142612022,BALANCING
1.56,-0.6964573345142263,-3.6607963267855133,370.9989367899715,0.6163165053111545,BALANCING
1.562,-0.7037676968732807,-3.6498986649333727,370.86644972886745,0.6159008858341418,BALANCING
1.564,-0.7110562747264125,-3.6390130266715097,370.7327514731753,0.6154837615073238,BALANCING
1.566,-0.7183230921505883,-3.6281394372253954,370.5978457201933,0.6150651379993959,BALANCING
1.568,-0.7255681732729841,-3.6172779215864934,370.4617361628521,0.6146450209705884,BALANCING
1.57,-0.7327915422705199,-3.6064285045140716,370.32442648970914,0.6142234160726641,BALANCING
1.572,-0.7399932233693965,-3.5955912105369903,370.18592038494205,0.6138003289489167,BALANCING
1.574,-0.7471732408446372,-3.584766063955476,370.04622152834276,0.6133757652341688,BALANCING
1.576,-0.7543316190196314,-3.5739530888428765,369.9053335953111,0.6129497305547699,BALANCING
1.578,-0.761468382265683,-3.563152309047396,369.76326025684943,0.612522230528595,BALANCING
1.58,-0.7685835550015623,-3.552363748193815,369.6200051795559,0.6120932707650426,BALANCING
1.582,-0.77567716169306,-3.5415874296851917,369.47557202561916,0.6116628568650336,BALANCING
1.584,-0.7827492268525458,-3.530823376704549,369.3299644528122,0.6112309944210085,BALANCING
1.586,-0.7897997750385304,-3.5200716122165385,369.1831861144866,0.610797689016927,BALANCING
1.588,-0.7968288308552297,-3.509332158969095,369.0352406595671,0.6103629462282658,BALANCING
1.59,-0.8038364189521335,-3.4986050394950676,368.8861317325454,0.6099267716220175,BALANCING
1.592,-0.8108225640235769,-3.48789027611384,368.7358629734748,0.609489170756689,BALANCING
1.594,-0.8177872908083147,-3.4771878909329335,368.58443801796494,0.6090501491822997,BALANCING
1.596,-0.8247306240890995,-3.466497905849589,368.43186049717565,0.6086097124403805,BALANCING
1.598,-0.8316525886922627,-3.45582034255234,368.2781340378119,0.6081678660639728,BALANCING
1.6,-0.8385532094872985,-3.4451552225225655,368.12326226211826,0.6077246155776264,BALANCING
1.602,-0.8454325113864514,-3.43450256703603,367.9672487878736,0.6072799664973988,BALANCING
1.604,-0.8522905193443059,-3.4238623971644033,367.8100972283856,0.606833924330854,BALANCING
1.606,-0.8591272583573808,-3.4132347337767754,367.6518111924857,0.606386494577061,BALANCING
1.608,-0.8659427534637244,-3.402619597541143,367.49239428452375,0.6059376827265929,BALANCING
1.61,-0.8727370297425149,-3.3920170089258908,367.3318501043629,0.6054874942615259,BALANCING
1.612,-0.8795101123136618,-3.3814269882012575,367.17018224737456,0.605035934655438,BALANCING
1.614,-0.8862620263374115,-3.370849555440779,367.0073943044329,0.6045830093734081,BALANCING
1.616,-0.8929927970139548,-3.3602847305227295,366.84348986191065,0.6041287238720154,BALANCING
1.618,-0.8997024495830389,-3.349732533131539,366.6784725016733,0.6036730835993377,BALANCING
1.62,-0.9063910093235797,-3.3391929827592013,366.51234580107473,0.6032160939949512,BALANCING
1.622,-0.9130585015532796,-3.328666098706665,366.3451133329521,0.6027577604899296,BALANCING
1.624,-0.919704951628246,-3.3181519000852173,366.1767786656211,0.6022980885068424,BALANCING
1.6260000000000001,-0.9263303849426133,-3.307650405817841,366.00734536287115,0.601837083459756,BALANCING
1.6280000000000001,-0.9329348269281682,-3.2971616346405765,365.8368169839607,0.6013747507542305,BALANCING
1.6300000000000001,-0.9395183030539771,-3.2866856051038527,365.66519708361255,0.6009110957873216,BALANCING
1.6320000000000001,-0.9460808388260158,-3.276222335573818,365.4924892120092,0.6004461239475778,BALANCING
1.6340000000000001,-0.952622459786802,-3.265771844233651,365.3186969147883,0.5999798406150413,BALANCING
1.6360000000000001,-0.9591431915150318,-3.255334149084861,365.1438237330381,0.5995122511612464,BALANCING
1.6380000000000001,-0.9656430596252163,-3.2449092679485734,364.967873203293,0.5990433609492196,BALANCING
1.6400000000000001,-0.9721220897673231,-3.234497218466807,364.79084885752894,0.5985731753334791,BALANCING
1.6420000000000001,-0.978580307626419,-3.2240980181037355,364.6127542231593,0.5981016996600339,BALANCING
1.6440000000000001,-0.9850177389223157,-3.2137116841469373,364.43359282303015,0.5976289392663838,BALANCING
1.6460000000000001,-0.9914344094092171,-3.203338233708633,364.2533681754165,0.597154899481519,BALANCING
1.6480000000000001,-0.9978303448753713,-3.192977683726912,364.0720837940174,0.5966795856259196,BALANCING
1.6500000000000001,-1.0042055711427218,-3.1826300509669476,363.88974318795215,0.5962030030115553,BALANCING
1.6520000000000001,-1.0105601140665645,-3.172295352022196,363.7063498617561,0.5957251569418854,BALANCING
1.6540000000000001,-1.0168939995352044,-3.161973603315591,363.5219073153763,0.5952460527118584,BALANCING
1.6560000000000001,-1.0232072534696157,-3.151664821100721,363.3364190441677,0.5947656956079117,BALANCING
1.6580000000000001,-1.0294999018231052,-3.1413690214629972,363.14988853888894,0.5942840909079717,BALANCING
1.6600000000000001,-1.0357719705809763,-3.1310862203208094,362.9623192856983,0.5938012438814539,BALANCING
1.6620000000000001,-1.0420234857601958,-3.1208164334266737,362.7737147661498,0.5933171597892621,BALANCING
1.6640000000000001,-1.048254473409065,-3.1105596763683665,362.5840784571895,0.592831843883789,BALANCING
1.666,-1.0544649596068891,-3.100315964570046,362.39341383115135,0.5923453014089162,BALANCING
1.668,-1.060654970463653,-3.0900853132933697,362.20172435575347,0.5918575376000138,BALANCING
1.67,-1.0668245321196952,-3.0798677376385895,362.0090134940945,0.5913685576839411,BALANCING
1.672,-1.0729736707453892,-3.0696632525456526,361.8152847046496,0.5908783668790465,BALANCING
1.674,-1.0791024125408208,-3.0594718727952763,361.620541441267,0.590386970395167,BALANCING
1.676,-1.0852107837354732,-3.0492936130100214,361.4247871531642,0.5898943734336295,BALANCING
1.678,-1.0912988105879093,-3.039128487655354,361.22802528492446,0.5894005811872504,BALANCING
1.68,-1.0973665193854616,-3.0289765110406948,361.03025927649304,0.5889055988403359,BALANCING
1.682,-1.103413936443918,-3.018837697320462,360.83149256317404,0.5884094315686826,BALANCING
1.684,-1.109441088107215,-3.008712060495102,360.6317285756264,0.5879120845395777,BALANCING
1.686,-1.1154480007471301,-2.998599614412111,360.430970739861,0.5874135629117989,BALANCING
1.688,-1.1214347007629772,-2.988500372767046,360.2292224772368,0.5869138718356159,BALANCING
1.69,-1.1274012145813024,-2.978414349104529,360.0264872044578,0.5864130164527896,BALANCING
1.692,-1.1333475686555854,-2.9683415568192375,359.82276833356946,0.5859110018965739,BALANCING
1.694,-1.1392737894659384,-2.958282009156891,359.6180692719556,0.585407833291715,BALANCING
1.696,-1.1451799035188106,-2.9482357192152238,359.4123934223352,0.5849035157544525,BALANCING
1.698,-1.1510659373466925,-2.9382026999449504,359.2057441827587,0.5843980543925208,BALANCING
1.7,-1.1569319175078234,-2.928182964150724,358.9981249466056,0.5838914543051481,BALANCING
1.702,-1.1627778705858993,-2.918176524492083,358.7895391025809,0.5833837205830583,BALANCING
1.704,-1.1686038231897846,-2.9081833934843875,358.5799900347118,0.5828748583084716,BALANCING
1.706,-1.1744098019532239,-2.898203583499753,358.3694811223451,0.5823648725551044,BALANCING
1.708,-1.180195833534557,-2.8882371067679693,358.15801574014404,0.5818537683881715,BALANCING
1.71,-1.1859619446164351,-2.8782839753774168,357.9455972580851,0.5813415508643851,BALANCING
1.712,-1.1917081619055383,-2.868344201275966,357.73222904145535,0.5808282250319577,BALANCING
1.714,-1.1974345121322965,-2.8584177962718784,357.5179144508495,0.5803137959306013,BALANCING
1.716,-1.2031410220506096,-2.8485047720346923,357.302656842167,0.5797982685915289,BALANCING
1.718,-1.2088277184375729,-2.838605140096103,357.08645956660894,0.5792816480374561,BALANCING
1.72,-1.2144946280932,-2.8287189118508334,356.86932597067585,0.5787639392826012,BALANCING
1.722,-1.220141777840152,-2.818846098557503,356.6512593961644,0.5782451473326863,BALANCING
1.724,-1.2257691945234646,-2.8089867113394766,356.43226318016514,0.5777252771849389,BALANCING
1.726,-1.2313769050102787,-2.799140761185719,356.21234065505945,0.5772043338280929,BALANCING
1.728,-1.2369649361895734,-2.7893082589516305,355.9914951485171,0.576682322242389,BALANCING
1.73,-1.2425333149718978,-2.7794892153598822,355.7697299834936,0.576159247399577,BALANCING
1.732,-1.2480820682891087,-2.769683641001242,355.5470484782277,0.5756351142629159,BALANCING
1.734,-1.2536112230941059,-2.7598915463353926,355.32345394623866,0.5751099277871761,BALANCING
1.736,-1.2591208063605714,-2.75011294169174,355.0989496963241,0.5745836929186396,BALANCING
1.738,-1.2646108450827098,-2.7403478372702184,354.8735390325572,0.5740564145951026,BALANCING
1.74,-1.2700813662749895,-2.730596243142086,354.6472252542844,0.5735280977458757,BALANCING
1.742,-1.2755323969718875,-2.7208581692507137,354.42001165612334,0.5729987472917856,BALANCING
1.744,-1.2809639642276327,-2.7111336254123666,354.19190152795977,0.572468368145177,BALANCING
1.746,-1.2863760951159537,-2.70142262131698,353.96289815494595,0.5719369652099137,BALANCING
1.748,-1.291768816729827,-2.691725166528928,353.73300481749806,0.5714045433813794,BALANCING
1.75,-1.297142156181225,-2.682041270487782,353.5022247912939,0.5708711075464805,BALANCING
1.752,-1.3024961406008695,-2.672370942509068,353.27056134727076,0.5703366625836466,BALANCING
1.754,-1.3078307971379823,-2.662714191785012,353.03801775162344,0.5698012133628322,BALANCING
1.756,-1.3131461529600408,-2.6530710273852827,352.80459726580165,0.5692647647455191,BALANCING
1.758,-1.3184422352525327,-2.6434414582577257,352.5703031465083,0.5687273215847172,BALANCING
1.76,-1.3237190712187135,-2.6338254932290925,352.33513864569727,0.5681888887249663,BALANCING
1.762,-1.3289766880793652,-2.6242231410057624,352.09910701057134,0.567649471002338,BALANCING
1.764,-1.3342151130725557,-2.614634410174456,351.8622114835803,0.5671090732444375,BALANCING
1.766,-1.3394343734534007,-2.6050593092029453,351.6244553024189,0.5665677002704047,BALANCING
1.768,-1.3446344964938264,-2.595497846440758,351.38584170002474,0.5660253568909174,BALANCING
1.77,-1.3498155094823332,-2.5859500301198746,351.1463739045767,0.5654820479081912,BALANCING
1.772,-1.3549774397237626,-2.5764158683554172,350.9060551394929,0.5649377781159832,BALANCING
1.774,-1.3601203145390623,-2.5668953691463354,350.6648886234287,0.564392552299593,BALANCING
1.776,-1.3652441612650563,-2.5573885403760874,350.4228775702752,0.5638463752358642,BALANCING
1.778,-1.3703490072542137,-2.5478953898133088,350.1800251891572,0.5632992516931875,BALANCING
1.78,-1.3754348798744196,-2.538415925112485,349.93633468443164,0.5627511864315017,BALANCING
1.782,-1.3805018065087482,-2.52895015381461,349.6918092556857,0.5622021842022962,BALANCING
1.784,-1.3855498145552354,-2.519498083347842,349.44645209773523,0.5616522497486125,BALANCING
1.786,-1.390578931426655,-2.510059721028155,349.20026640062315,0.5611013878050476,BALANCING
1.788,-1.395589184550294,-2.500635074059984,348.95325534961773,0.5605496030977545,BALANCING
1.79,-1.4005806013677304,-2.491224149536863,348.7054221252111,0.5599969003444452,BALANCING
1.792,-1.4055532093346128,-2.481826954442061,348.4567699031175,0.5594432842543929,BALANCING
1.794,-1.4105070359204392,-2.4724434956492076,348.207301854272,0.5588887595284342,BALANCING
1.796,-1.4154421086083395,-2.4630737799229205,347.95702114482884,0.5583333308589707,BALANCING
1.798,-1.4203584548948571,-2.453717813919419,347.7059309361601,0.5577770029299721,BALANCING
1.8,-1.4252561022897337,-2.444375604187141,347.4540343848541,0.5572197804169783,BALANCING
1.802,-1.4301350783156936,-2.4350471571673484,347.20133464271413,0.5566616679871008,BALANCING
1.804,-1.4349954105082308,-2.425732479194729,346.94783485675697,0.5561026702990269,BALANCING
1.806,-1.4398371264153949,-2.4164315764979976,346.6935381692119,0.5555427920030204,BALANCING
1.808,-1.4446602535975814,-2.4071444552004846,346.43844771751856,0.5549820377409248,BALANCING
1.81,-1.449464819627321,-2.397871121320728,346.1825666343268,0.5544204121461653,BALANCING
1.812,-1.45425085208907,-2.388611580773052,345.9258980474945,0.5538579198437524,BALANCING
1.814,-1.4590183785790034,-2.37936583936815,345.6684450800869,0.5532945654502825,BALANCING
1.816,-1.4637674267048069,-2.3701339028136523,345.41021085037494,0.5527303535739425,BALANCING
1.818,-1.4684980240854733,-2.3609157767147,345.15119847183456,0.5521652888145109,BALANCING
1.82,-1.473210198351096,-2.3517114665745056,344.89141105314536,0.5515993757633606,BALANCING
1.822,-1.477903977142667,-2.3425209777949147,344.6308516981894,0.5510326190034626,BALANCING
1.824,-1.4825793881118745,-2.3333443156769587,344.36952350605037,0.5504650231093873,BALANCING
1.826,-1.487236458920902,-2.324181485421407,344.10742957101235,0.549896592647308,BALANCING
1.828,-1.4918752172422274,-2.3150324921293124,343.8445729825588,0.5493273321750034,BALANCING
1.83,-1.4964956907584248,-2.3058973408025523,343.58095682537174,0.5487572462418602,BALANCING
1.832,-1.5010979071619674,-2.2967760363443652,343.3165841793306,0.548186339388876,BALANCING
1.834,-1.5056818941550292,-2.287668583559886,343.05145811951127,0.5476146161486624,BALANCING
1.836,-1.5102476794492903,-2.278574987156672,342.7855817161855,0.5470420810454472,BALANCING
1.838,-1.5147952907657425,-2.2694952517452274,342.5189580348198,0.5464687385950777,BALANCING
1.84,-1.5193247558344947,-2.260429381839526,342.2515901360743,0.5458945933050237,BALANCING
1.842,-1.5238361023945812,-2.2513773818575245,341.9834810758027,0.5453196496743798,BALANCING
1.844,-1.5283293581937702,-2.2423392561216766,341.71463390505073,0.5447439121938692,BALANCING
1.846,-1.5328045509883732,-2.233315008859438,341.4450516700558,0.5441673853458463,BALANCING
1.848,-1.5372617085430549,-2.224304644203775,341.1747374122461,0.543590073604299,BALANCING
1.85,-1.5417008586306449,-2.2153081661936596,340.90369416823995,0.5430119814348529,BALANCING
1.852,-1.5461220290319515,-2.2063255787745684,340.63192496984504,0.5424331132947736,BALANCING
1.854,-1.550525247535573,-2.197356885798975,340.35943284405806,0.5418534736329701,BALANCING
1.856,-1.554910541937715,-2.188402091026836,340.08622081306373,0.541273066889998,BALANCING
1.858,-1.5592779400420023,-2.179461198126077,339.8122918942343,0.5406918974980623,BALANCING
1.86,-1.5636274696592989,-2.1705342106730763,339.5376491001291,0.5401099698810208,BALANCING
1.862,-1.567959158607523,-2.1616211321531353,339.2622954384938,0.5395272884543871,BALANCING
1.864,-1.5722730347114662,-2.1527219659609598,338.98623391226016,0.5389438576253341,BALANCING
1.866,-1.5765691258026122,-2.143836715401122,338.7094675195453,0.5383596817926971,BALANCING
1.868,-1.5808474597189586,-2.1349653836885345,338.4319992536512,0.5377747653469772,BALANCING
1.87,-1.5851080643048356,-2.126107973948906,338.15383210306453,0.5371891126703445,BALANCING
1.872,-1.5893509674107305,-2.117264489219207,337.87496905145605,0.5366027281366412,BALANCING
1.874,-1.5935761968931084,-2.108434932448119,337.59541307768023,0.5360156161113856,BALANCING
1.8760000000000001,-1.5977837806142385,-2.0996193064964923,337.3151671557749,0.5354277809517749,BALANCING
1.8780000000000001,-1.6019737464420165,-2.0908176141377917,337.03423425496095,0.5348392270066886,BALANCING
1.8800000000000001,-1.6061461222497924,-2.082029858058543,336.752617339642,0.5342499586166928,BALANCING
1.8820000000000001,-1.6103009359161946,-2.0732560408587744,336.4703193694041,0.5336599801140421,BALANCING
1.8840000000000001,-1.6144382153249606,-2.0644961650524567,336.1873432990155,0.533069295822685,BALANCING
1.8860000000000001,-1.6185579883647618,-2.0557502330679385,335.9036920784264,0.532477910058266,BALANCING
1.8880000000000001,-1.622660282929036,-2.0470182472483773,335.6193686527686,0.5318858271281292,BALANCING
1.8900000000000001,-1.6267451269158146,-2.038300209852171,335.33437596235586,0.531293051331323,BALANCING
1.8920000000000001,-1.6308125482275555,-2.029596123053382,335.04871694268286,0.5306995869586026,BALANCING
1.8940000000000001,-1.634862574770974,-2.0209059889421606,334.7623945244259,0.530105438292434,BALANCING
1.8960000000000001,-1.6388952344568755,-2.012229809525164,334.4754116334422,0.5295106096069977,BALANCING
1.8980000000000001,-1.6429105551999885,-2.0035675867259766,334.18777119077026,0.5289151051681925,BALANCING
1.9000000000000001,-1.6469085649188002,-1.9949193223855184,333.8994761126295,0.5283189292336388,BALANCING
1.9020000000000001,-1.6508892915353903,-1.9862850182624605,333.6105293104203,0.5277220860526826,BALANCING
1.9040000000000001,-1.654852762975267,-1.9776646760336307,333.320933690724,0.5271245798663992,BALANCING
1.9060000000000001,-1.6587990071672047,-1.969058297294417,333.0306921553031,0.5265264149075971,BALANCING
1.9080000000000001,-1.6627280520430807,-1.9604658835591722,332.7398076011009,0.5259275954008218,BALANCING
1.9100000000000001,-1.6666399255377131,-1.951887436261612,332.4482829202419,0.5253281255623595,BALANCING
1.9120000000000001,-1.6705346555887015,-1.9433229567552102,332.15612100003193,0.5247280096002409,BALANCING
1.9140000000000001,-1.6744122701362651,-1.9347724463135938,331.8633247229578,0.5241272517142452,BALANCING
1.9160000000000001,-1.678272797123085,-1.9262359061309313,331.5698969666879,0.5235258560959043,BALANCING
1.9180000000000001,-1.6821162644941448,-1.9177133373223252,331.27584060407224,0.5229238269285059,BALANCING
1.92,-1.6859427001965723,-1.909204740924191,330.98115850314264,0.5223211683870986,BALANCING
1.922,-1.6897521321794837,-1.9007101178946448,330.6858535271126,0.5217178846384946,BALANCING
1.924,-1.6935445883938272,-1.8922294691138795,330.38992853437816,0.521113979841275,BALANCING
1.926,-1.6973200967922264,-1.8837627953845453,330.09338637851755,0.5205094581457927,BALANCING
1.928,-1.7010786853288276,-1.8753100974321197,329.7962299082919,0.5199043236941775,BALANCING
1.93,-1.7048203819591434,-1.8668713759052844,329.4984619676452,0.5192985806203392,BALANCING
1.932,-1.7085452146399014,-1.8584466313762922,329.20008539570495,0.5186922330499724,BALANCING
1.934,-1.7122532113288909,-1.8500358643413337,328.9011030267822,0.5180852851005603,BALANCING
1.936,-1.7159443999848112,-1.841639075220902,328.60151769037213,0.5174777408813791,BALANCING
1.938,-1.719618808567121,-1.833256264360156,328.3013322111544,0.5168696044935017,BALANCING
1.94,-1.7232764650358874,-1.824887432029277,328.00054940899327,0.5162608800298026,BALANCING
1.942,-1.7269173973516363,-1.8165325784238282,327.6991720989386,0.5156515715749616,BALANCING
1.944,-1.7305416334752048,-1.808191703665108,327.39720309122583,0.515041683205468,BALANCING
1.946,-1.7341492013675914,-1.799864807800503,327.09464519127664,0.5144312189896253,BALANCING
1.948,-1.7377401289898096,-1.7915518908038375,326.7915011996994,0.5138201829875554,BALANCING
1.95,-1.7413144443027404,-1.7832529525757215,326.4877739122898,0.5132085792512024,BALANCING
1.952,-1.744872175266987,-1.7749679929438944,326.1834661200313,0.5125964118243379,BALANCING
1.954,-1.7484133498427283,-1.7666970116635705,325.87858060909576,0.5119836847425642,BALANCING
1.956,-1.751937995989576,-1.7584400084177778,325.5731201608438,0.5113704020333195,BALANCING
1.958,-1.7554461416664282,-1.750196982817696,325.26708755182585,0.5107565677158824,BALANCING
1.96,-1.7589378148313284,-1.7419679344029941,324.96048555378235,0.5101421858013758,BALANCING
1.962,-1.7624130434413205,-1.7337528626421657,324.6533169336447,0.5095272602927716,BALANCING
1.964,-1.7658718554523094,-1.725551766932857,324.3455844535357,0.5089117951848952,BALANCING
1.966,-1.769314278818917,-1.7173646466021997,324.0372908707705,0.5082957944644302,BALANCING
1.968,-1.7727403414943432,-1.7091915009071383,323.72843893785705,0.5076792621099225,BALANCING
1.97,-1.7761500714302259,-1.7010323290347555,323.4190314024971,0.5070622020917853,BALANCING
1.972,-1.7795434965765005,-1.692887130102594,323.10907100758686,0.5064446183723034,BALANCING
1.974,-1.7829206448812613,-1.6847559031589807,322.79856049121764,0.5058265149056375,BALANCING
1.976,-1.786281544290625,-1.6766386471833428,322.4875025866768,0.5052078956378298,BALANCING
1.978,-1.7896262227485913,-1.6685353610865286,322.1759000224485,0.5045887645068075,BALANCING
1.98,-1.7929547081969068,-1.6604460437111195,321.8637555222147,0.5039691254423881,BALANCING
1.982,-1.796267028574929,-1.6523706938317462,321.55107180485595,0.5033489823662846,BALANCING
1.984,-1.7995632118194909,-1.6443093101553994,321.237851584452,0.5027283391921085,BALANCING
1.986,-1.8028432858647645,-1.636261891321738,320.92409757028327,0.5021071998253764,BALANCING
1.988,-1.8061072786421288,-1.6282284359033972,320.60981246683116,0.5014855681635139,BALANCING
1.99,-1.809355218080034,-1.6202089424062958,320.29499897377946,0.5008634480958599,BALANCING
1.992,-1.8125871321038698,-1.6122034092699373,319.9796597860151,0.5002408435036726,BALANCING
1.994,-1.815803048635832,-1.6042118348677141,319.6637975936291,0.4996177582601333,BALANCING
1.996,-1.8190029955947913,-1.5962342175072064,319.3474150819179,0.4989941962303517,BALANCING
1.998,-1.822187000896161,-1.588270555430481,319.0305149313839,0.4983701612713707,BALANCING
2.0,-1.8253550924517672,-1.5803208468143877,318.71309981773686,0.49774565723217107,BALANCING
2.0020000000000002,-1.828507298169718,-1.5723850897708533,318.39517241189486,0.4971206879536766,BALANCING
2.004,-1.8316436459542744,-1.5644632823471751,318.07673537998545,0.49649525726875915,BALANCING
2.0060000000000002,-1.8347641637057217,-1.5565554225263123,317.75779138334656,0.49586936900224315,BALANCING
2.008,-1.8378688793202398,-1.5486615082271755,317.43834307852785,0.49524302697091094,BALANCING
2.0100000000000002,-1.8409578206897763,-1.5407815373049132,317.1183931172918,0.4946162349835078,BALANCING
2.012,-1.8440310157019197,-1.5329155075512004,316.79794414661484,0.49398899684074626,BALANCING
2.0140000000000002,-1.8470884922397723,-1.525063416694519,316.47699880868845,0.49336131633531216,BALANCING
2.016,-1.8501302781818232,-1.5172252624004432,316.1555597409205,0.4927331972518691,BALANCING
2.0180000000000002,-1.8531564014018242,-1.5094010422719215,315.8336295759365,0.4921046433670636,BALANCING
2.02,-1.8561668897686638,-1.5015907538495534,315.51121094158066,0.4914756584495303,BALANCING
2.0220000000000002,-1.8591617711462438,-1.493794394611869,315.1883064609173,0.4908462462598967,BALANCING
2.024,-1.8621410733933548,-1.486011961975605,314.8649187522322,0.4902164105507888,BALANCING
2.0260000000000002,-1.865104824363552,-1.4782434532959767,314.5410504290336,0.4895861550668361,BALANCING
2.028,-1.868053051905034,-1.4704888658669557,314.2167041000538,0.4889554835446766,BALANCING
2.0300000000000002,-1.8709857838605204,-1.4627481969215372,313.8918823692505,0.48832439971296226,BALANCING
2.032,-1.8739030480671286,-1.4550214436320132,313.5665878358079,0.4876929072923639,BALANCING
2.0340000000000003,-1.8768048723562554,-1.447308603110238,313.2408230941384,0.4870610099955766,BALANCING
2.036,-1.8796912845534526,-1.439609672407897,312.9145907338837,0.48642871152732503,BALANCING
2.0380000000000003,-1.882562312478311,-1.4319246485167714,312.5878933399164,0.4857960155843686,BALANCING
2.04,-1.885417983944338,-1.4242535283690023,312.26073349234133,0.48516292585550674,BALANCING
2.0420000000000003,-1.888258326758839,-1.4165963088373523,311.93311376649706,0.48452944602158454,BALANCING
2.044,-1.8910833687228008,-1.4089529867354684,311.60503673295733,0.4838955797554976,BALANCING
2.0460000000000003,-1.893893137630771,-1.4013235588181405,311.2765049575326,0.4832613307221976,BALANCING
2.048,-1.8966876612707428,-1.3937080217815592,310.94752100127147,0.48262670257869794,BALANCING
2.05,-1.8994669674240365,-1.3861063722635731,310.61808742046213,0.4819916989740785,BALANCING
2.052,-1.9022310838651835,-1.3785186068439443,310.2882067666342,0.4813563235494916,BALANCING
2.054,-1.9049800383618105,-1.3709447220446016,309.9578815865599,0.48072057993816747,BALANCING
2.056,-1.907713858674525,-1.3633847143298932,309.627114422256,0.4800844717654191,BALANCING
2.058,-1.910432572556799,-1.3558385801068389,309.29590781098494,0.4794480026486483,BALANCING
2.06,-1.9131362077548548,-1.348306315725379,308.964264285257,0.47881117619735114,BALANCING
2.062,-1.9158247920075515,-1.3407879174786241,308.6321863728314,0.478173996013123,BALANCING
2.064,-1.9184983530462723,-1.3332833816031011,308.29967659671854,0.4775364656896646,BALANCING
2.066,-1.9211569185948094,-1.325792704278999,307.96673747518076,0.47689858881278735,BALANCING
2.068,-1.9238005163692542,-1.3183158816304152,307.63337152173517,0.47626036896041896,BALANCING
2.07,-1.9264291740778834,-1.310852909725598,307.29958124515434,0.4756218097026086,BALANCING
2.072,-1.9290429194210483,-1.3034037845771866,306.9653691494686,0.47498291460153347,BALANCING
2.074,-1.9316417800910644,-1.2959685021424558,306.63073773396746,0.4743436872115035,BALANCING
2.076,-1.9342257837720997,-1.2885470583235539,306.29568949320156,0.4737041310789671,BALANCING
2.078,-1.9367949581400656,-1.2811394489677392,305.9602269169844,0.47306424974251765,BALANCING
2.08,-1.9393493308625072,-1.2737456698676213,305.62435249039413,0.472424046732898,BALANCING
2.082,-1.9418889295984934,-1.2663657167613929,305.2880686937751,0.47178352557300696,BALANCING
2.084,-1.94441378199851,-1.2589995853330662,304.95137800273994,0.47114268977790474,BALANCING
2.086,-1.9469239157043499,-1.251647271212708,304.61428288817143,0.47050154285481866,BALANCING
2.088,-1.9494193583490065,-1.2443087699766697,304.2767858162242,0.4698600883031491,BALANCING
2.09,-1.9519001375565657,-1.2369840771478193,303.9388892483267,0.4692183296144751,BALANCING
2.092,-1.9543662809421003,-1.2296731881957728,303.6005956411828,0.4685762702725601,BALANCING
2.094,-1.9568178161115624,-1.2223760985371215,303.26190744677416,0.46793391375335763,BALANCING
2.096,-1.9592547706616785,-1.2150928035356603,302.92282711236174,0.4672912635250177,BALANCING
2.098,-1.961677172179844,-1.2078232985026145,302.58335708048793,0.46664832304789183,BALANCING
2.1,-1.964085048244018,-1.2005675786968648,302.2434997889785,0.46600509577453963,BALANCING
2.102,-1.9664784264226187,-1.193325639325173,301.90325767094447,0.46536158514973414,BALANCING
2.104,-1.9688573342744202,-1.1860974755424047,301.56263315478407,0.46471779461046814,BALANCING
2.106,-1.9712217993484482,-1.1788830824517518,301.2216286641849,0.4640737275859596,BALANCING
2.108,-1.9735718491838772,-1.171682455104952,300.88024661812574,0.4634293874976581,BALANCING
2.11,-1.9759075113099274,-1.1644955885025123,300.53848943087877,0.46278477775925025,BALANCING
2.112,-1.9782288132457633,-1.1573224775939253,300.1963595120115,0.46213990177666625,BALANCING
2.114,-1.9805357825003909,-1.150163117277888,299.8538592663888,0.4614947629480853,BALANCING
2.116,-1.982828446572557,-1.1430175024025198,299.510991094175,0.46084936466394194,BALANCING
2.118,-1.985106832950648,-1.135885627765578,299.1677573908361,0.4602037103069317,BALANCING
2.12,-1.9873709691125898,-1.1287674881146712,298.82416054714173,0.4595578032520178,BALANCING
2.122,-1.989620882525747,-1.121663078147476,298.4802029491673,0.45891164686643643,BALANCING
2.124,-1.9918566006468237,-1.114572392511948,298.135886978296,0.45826524450970324,BALANCING
2.126,-1.9940781509217644,-1.1074954258065357,297.79121501122154,0.45761859953361933,BALANCING
2.128,-1.9962855607856544,-1.1004321725803887,297.44618941994946,0.45697171528227726,BALANCING
2.13,-1.998478857662623,-1.0933826273335703,297.10081257179985,0.45632459509206735,BALANCING
2.132,-2.000658068965744,-1.0863467845172656,296.7550868294095,0.4556772422916835,BALANCING
2.134,-2.002823222096939,-1.0793246385339894,296.409014550734,0.45502966020212965,BALANCING
2.136,-2.0049743444468793,-1.0723161837377941,296.06259808905,0.45438185213672583,BALANCING
2.138,-2.0071114633948914,-1.0653214144344758,295.7158397929576,0.45373382140111423,BALANCING
2.14,-2.009234606308857,-1.0583403248817793,295.3687420063822,0.4530855712932653,BALANCING
2.142,-2.0113438005451214,-1.0513729092896025,295.0213070685773,0.45243710510348445,BALANCING
2.144,-2.0134390734483953,-1.0444191618201997,294.6735373141264,0.45178842611441755,BALANCING
2.146,-2.015520452351659,-1.0374790765883852,294.3254350729455,0.45113953760105796,BALANCING
2.148,-2.0175879645760713,-1.0305526476617346,293.9770026702853,0.45049044283075196,BALANCING
2.15,-2.0196416374308708,-1.0236398690607846,293.6282424267336,0.44984114506320577,BALANCING
2.152,-2.021681498213286,-1.0167407347592348,293.2791566582177,0.4491916475504913,BALANCING
2.154,-2.0237075742084385,-1.009855238684145,292.9297476760065,0.4485419535370527,BALANCING
2.156,-2.0257198926892532,-1.002983374716134,292.58001778671337,0.4478920662597126,BALANCING
2.158,-2.027718480916362,-0.9961251366895778,292.2299692922979,0.4472419889476785,BALANCING
2.16,-2.029703366138015,-0.9892805183928047,291.87960449006886,0.44659172482254905,BALANCING
2.162,-2.031674575589986,-0.9824495135682924,291.52892567268634,0.4459412770983204,BALANCING
2.164,-2.0336321364954824,-0.9756321159128609,291.1779351281643,0.4452906489813926,BALANCING
2.166,-2.035576076065054,-0.9688283190778685,290.82663513987274,0.44463984367057613,BALANCING
2.168,-2.0375064214965013,-0.9620381166694036,290.4750279865407,0.443988864357098,BALANCING
2.17,-2.0394231999747863,-0.9552615022484777,290.1231159422581,0.44333771422460855,BALANCING
2.172,-2.0413264386719416,-0.9484984693312171,289.77090127647875,0.44268639644918756,BALANCING
2.174,-2.043216164746982,-0.9417490113890532,289.4183862540226,0.44203491419935065,BALANCING
2.176,-2.0450924053458146,-0.9350131218489118,289.06557313507824,0.44138327063605637,BALANCING
2.178,-2.0469551876011485,-0.9282907940934044,288.7124641752055,0.4407314689127118,BALANCING
2.18,-2.0488045386324094,-0.9215820214610141,288.35906162533803,0.4400795121751798,BALANCING
2.182,-2.0506404855456504,-0.9148867972462846,288.0053677317858,0.43942740356178484,BALANCING
2.184,-2.052463055433462,-0.9082051147000065,287.6513847362377,0.43877514620332025,BALANCING
2.186,-2.0542722753748883,-0.901536967029404,287.29711487576395,0.4381227432230542,BALANCING
2.188,-2.0560681724353373,-0.8948823473983196,286.9425603828191,0.43747019773673645,BALANCING
2.19,-2.0578507736664964,-0.8882412489273988,286.58772348524434,0.436817512852605,BALANCING
2.192,-2.059620106106245,-0.8816136646942742,286.23260640627,0.43616469167139243,BALANCING
2.194,-2.0613761967785686,-0.8749995877337481,285.87721136451853,0.43551173728633275,BALANCING
2.196,-2.0631190726934743,-0.868399011037975,285.52154057400696,0.4348586527831679,BALANCING
2.198,-2.0648487608469037,-0.8618119275566437,285.16559624414964,0.4342054412401544,BALANCING
2.2,-2.066565288220651,-0.8552383301971576,284.8093805797608,0.43355210572806996,BALANCING
2.202,-2.0682686817822766,-0.848678211824815,284.4528957810574,0.43289864931022015,BALANCING
2.204,-2.069958968485024,-0.842131565262989,284.0961440436617,0.43224507504244497,BALANCING
2.206,-2.071636175267734,-0.8355983832933058,283.739127558604,0.4315913859731258,BALANCING
2.208,-2.0733003290547654,-0.8290786586558232,283.3818485123255,0.43093758514319175,BALANCING
2.21,-2.074951456755908,-0.8225723840492075,283.02430908668094,0.4302836755861265,BALANCING
2.212,-2.076589585266303,-0.8160795521309104,282.6665114589412,0.42962966032797534,BALANCING
2.214,-2.078214741466359,-0.8096001555173455,282.30845780179646,0.4289755423873512,BALANCING
2.216,-2.07982695222167,-0.8031341867840628,281.95015028335854,0.4283213247754421,BALANCING
2.218,-2.0814262443829357,-0.7966816384659238,281.5915910671641,0.4276670104960175,BALANCING
2.22,-2.083012644785878,-0.790242503057276,281.2327823121771,0.4270126025454353,BALANCING
2.222,-2.0845861802511623,-0.7838167730121252,280.87372617279186,0.4263581039126484,BALANCING
2.224,-2.0861468775843144,-0.7774044407443088,280.51442479883576,0.4257035175792117,BALANCING
2.226,-2.087694763575643,-0.7710054986276684,280.1548803355722,0.42504884651928876,BALANCING
2.228,-2.089229865000159,-0.7646199389962197,279.79509492370335,0.4243940936996588,BALANCING
2.23,-2.0907522086174946,-0.7582477541443249,279.43507069937306,0.42373926207972346,BALANCING
2.232,-2.0922618211718262,-0.7518889363268617,279.07480979416965,0.42308435461151356,BALANCING
2.234,-2.0937587293917943,-0.7455434777593936,278.71431433512913,0.42242937423969606,BALANCING
2.236,-2.095242959990426,-0.7392113706183381,278.35358644473763,0.42177432390158087,BALANCING
2.238,-2.096714539665056,-0.7328926070411353,277.99262824093466,0.4211192065271279,BALANCING
2.24,-2.0981734950972495,-0.7265871791264152,277.631441837116,0.42046402503895386,BALANCING
2.242,-2.099619852952724,-0.7202950789341657,277.2700293421364,0.419808782352339,BALANCING
2.244,-2.1010536398812723,-0.7140162984858978,276.908392860313,0.41915348137523434,BALANCING
2.246,-2.1024748825166872,-0.7077508297648113,276.5465344914277,0.4184981250082686,BALANCING
2.248,-2.103883607476683,-0.7014986647159617,276.1844563307307,0.41784271614475477,BALANCING
2.25,-2.1052798413628206,-0.6952597952464233,275.8221604689432,0.41718725767069753,BALANCING
2.2520000000000002,-2.1066636107604313,-0.6890342132254536,275.4596489922602,0.4165317524648,BALANCING
2.254,-2.1080349422385414,-0.6828219104846572,275.0969239823542,0.41587620339847076,BALANCING
2.2560000000000002,-2.109393862349797,-0.6766228788181483,274.7339875163774,0.4152206133358308,BALANCING
2.258,-2.1107403976303902,-0.6704371099827126,274.3708416669653,0.4145649851337207,BALANCING
2.2600000000000002,-2.1120745745999816,-0.6642645956979695,274.00748850223954,0.4139093216417076,BALANCING
2.262,-2.11339641976163,-0.6581053276465335,273.643930085811,0.41325362570209206,BALANCING
2.2640000000000002,-2.1147059596017166,-0.6519592974741747,273.28016847678293,0.41259790014991526,BALANCING
2.266,-2.1160032205898713,-0.6458264967899782,272.91620572975376,0.41194214781296623,BALANCING
2.2680000000000002,-2.117288229178899,-0.6397069171665042,272.5520438948206,0.4112863715117885,BALANCING
2.27,-2.1185610118047093,-0.6336005501399468,272.1876850175821,0.4106305740596874,BALANCING
2.2720000000000002,-2.1198215948862407,-0.6275073872102919,271.8231311391416,0.4099747582627376,BALANCING
2.274,-2.1210700048253908,-0.6214274198414759,271.4583842961103,0.40931892691978927,BALANCING
2.2760000000000002,-2.122306268006943,-0.6153606394615418,271.0934465206103,0.4086630828224762,BALANCING
2.278,-2.123530410798495,-0.6093070374627976,270.72831984027795,0.4080072287552223,BALANCING
2.2800000000000002,-2.124742459550388,-0.6032666052019718,270.3630062782667,0.4073513674952487,BALANCING
2.282,-2.125942440595636,-0.5972393340003679,269.99750785325074,0.4066955018125814,BALANCING
2.2840000000000003,-2.1271303802498536,-0.591225215144021,269.63182657942764,0.40603963447005803,BALANCING
2.286,-2.1283063048111877,-0.5852242398838524,269.26596446652184,0.4053837682233352,BALANCING
2.2880000000000003,-2.1294702405602455,-0.5792363994358233,268.89992351978805,0.4047279058208956,BALANCING
2.29,-2.1306222137600255,-0.5732616849810875,268.53370574001406,0.4040720500040552,BALANCING
2.2920000000000003,-2.1317622506558487,-0.5673000876661466,268.1673131235241,0.40341620350697077,BALANCING
2.294,-2.1328903774752885,-0.5613515986030008,267.80074766218223,0.4027603690566465,BALANCING
2.2960000000000003,-2.1340066204281025,-0.5554162088693022,267.4340113433955,0.40210454937294177,BALANCING
2.298,-2.1351110057061633,-0.5494939095085059,267.0671061501172,0.4014487471685781,BALANCING
2.3000000000000003,-2.1362035594833917,-0.5435846915300204,266.70003406085,0.40079296514914636,BALANCING
2.302,-2.1372843079156856,-0.5376885459093593,266.33279704964946,0.40013720601311464,BALANCING
2.3040000000000003,-2.138353277140857,-0.531805463588291,265.96539708612727,0.3994814724518346,BALANCING
2.306,-2.13941049327856,-0.5259354354749879,265.5978361354544,0.3988257671495494,BALANCING
2.308,-2.1404559824302276,-0.5200784524441767,265.2301161583646,0.3981700927834007,BALANCING
2.31,-2.1414897706790024,-0.514234505337285,264.86223911115746,0.3975144520234364,BALANCING
2.312,-2.14251188408967,-0.5084035849625919,264.49420694570216,0.3968588475326172,BALANCING
2.314,-2.1435223487085966,-0.5025856820953741,264.12602160944044,0.3962032819668246,BALANCING
2.316,-2.1445211905636583,-0.49678078747805393,263.7576850453901,0.3955477579748681,BALANCING
2.318,-2.145508435664178,-0.4909888918203453,263.38919919214834,0.3948922781984921,BALANCING
2.32,-2.14648411000086,-0.48520998579940017,263.0205659838952,0.39423684527238423,BALANCING
2.322,-2.1474482395457257,-0.4794440600599555,262.65178735039683,0.3935814618241814,BALANCING
2.324,-2.1484008502520466,-0.4736911052144773,262.2828652170089,0.3929261304744784,BALANCING
2.326,-2.1493419680542822,-0.46795111184330596,261.9138015046802,0.3922708538368344,BALANCING
2.328,-2.150271618868015,-0.4622240704948005,261.54459812995566,0.39161563451778125,BALANCING
2.33,-2.1511898285898865,-0.45650997168548413,261.1752570049802,0.39096047511682974,BALANCING
2.332,-2.1520966230975342,-0.45080880590018535,260.805780037502,0.390305378226478,BALANCING
2.334,-2.1529920282495283,-0.4451205635921822,260.43616913087584,0.3896503464322186,BALANCING
2.336,-2.1538760698853077,-0.43944523518334555,260.0664261840666,0.38899538231254577,BALANCING
2.338,-2.1547487738251188,-0.43378281106428024,259.69655309165273,0.38834048843896324,BALANCING
2.34,-2.155610165869953,-0.428133281594468,259.32655174382995,0.3876856673759913,BALANCING
2.342,-2.156460271801483,-0.42249663710240754,258.95642402641425,0.38703092168117453,BALANCING
2.344,-2.1572991173820033,-0.4168728678857561,258.5861718208459,0.38637625390508945,BALANCING
2.346,-2.1581267283543655,-0.4112619642114703,258.21579700419255,0.38572166659135143,BALANCING
2.348,-2.1589431304419215,-0.40566391631594606,257.845301449153,0.38506716227662274,BALANCING
2.35,-2.1597483493484577,-0.4000787144051576,257.47468702406064,0.38441274349061977,BALANCING
2.352,-2.160542410758138,-0.39450634865479683,257.10395559288685,0.38375841275612055,BALANCING
2.354,-2.161325340335442,-0.38894680921041247,256.7331090152448,0.3831041725889726,BALANCING
2.356,-2.1620971637251047,-0.3834000861875495,256.36214914639265,0.3824500254980998,BALANCING
2.358,-2.162857906552056,-0.37786616967188447,255.99107783723758,0.38179597398551085,BALANCING
2.36,-2.1636075944213617,-0.37234504971936533,255.61989693433887,0.38114202054630575,BALANCING
2.362,-2.1643462529181665,-0.36683671635634746,255.24860827991174,0.38048816766868443,BALANCING
2.364,-2.165073907607631,-0.3613411595797311,254.87721371183096,0.3798344178339535,BALANCING
2.366,-2.1657905840348755,-0.35585836935709697,254.50571506363428,0.37918077351653423,BALANCING
2.368,-2.1664963077249197,-0.3503883356268429,254.1341141645262,0.37852723718397,BALANCING
2.37,-2.1671911041826273,-0.34493104829831855,253.76241283938145,0.37787381129693415,BALANCING
2.372,-2.1678749988926445,-0.33948649725196167,253.39061290874875,0.37722049830923704,BALANCING
2.374,-2.1685480173193454,-0.33405467233943115,253.01871618885428,0.3765673006678342,BALANCING
2.376,-2.169210184906773,-0.32863556338374256,252.6467244916054,0.3759142208128338,BALANCING
2.378,-2.169861527078582,-0.32322916017940223,252.27463962459433,0.37526126117750425,BALANCING
2.38,-2.170502069237983,-0.3178354524925405,251.9024633911018,0.3746084241882816,BALANCING
2.382,-2.1711318367676835,-0.3124544300610443,251.53019759010067,0.37395571226477764,BALANCING
2.384,-2.171750855029835,-0.30708608259469045,251.15784401625956,0.3733031278197873,BALANCING
2.386,-2.1723591493659744,-0.3017303997752786,250.7854044599467,0.3726506732592962,BALANCING
2.388,-2.172956745096969,-0.29638737125676223,250.41288070723346,0.3719983509824885,BALANCING
2.39,-2.173543667522961,-0.29105698666538027,250.04027453989806,0.37134616338175475,BALANCING
2.392,-2.1741199419233115,-0.2857392355997892,249.6675877354295,0.3706941128426992,BALANCING
2.394,-2.174685593556547,-0.280434107631194,249.29482206703088,0.3700422017441476,BALANCING
2.396,-2.175240647660302,-0.2751415923034772,248.92197930362354,0.3693904324581553,BALANCING
2.398,-2.175785129451268,-0.26986167913333076,248.5490612098505,0.36873880735001424,BALANCING
2.4,-2.176319064125136,-0.26459435761038486,248.17606954608033,0.3680873287782613,BALANCING
2.402,-2.176842476856546,-0.25933961719733695,247.80300606841092,0.3674359990946858,BALANCING
2.404,-2.1773553927990283,-0.25409744733008177,247.42987252867317,0.3667848206443372,BALANCING
2.406,-2.1778578370849555,-0.24886783741783963,247.05667067443477,0.3661337957655329,BALANCING
2.408,-2.1783498348254846,-0.24365077684328437,246.68340224900402,0.365482926789866,BALANCING
2.41,-2.1788314111105076,-0.23844625496267124,246.31006899143355,0.3648322160422129,BALANCING
2.412,-2.1793025910085966,-0.2332542611059651,245.9366726365242,0.3641816658407414,BALANCING
2.414,-2.179763399566953,-0.22807478457696728,245.56321491482873,0.36353127849691824,BALANCING
2.416,-2.1802138618113536,-0.2229078146534427,245.1896975526557,0.36288105631551687,BALANCING
2.418,-2.1806540027461,-0.2177533405872459,244.8161222720732,0.36223100159462523,BALANCING
2.42,-2.181083847353965,-0.21261135160444736,244.44249079091279,0.36158111662565384,BALANCING
2.422,-2.1815034205961443,-0.20748183690545943,244.0688048227732,0.36093140369334314,BALANCING
2.424,-2.181912747412203,-0.20236478566516233,243.6950660770243,0.3602818650757717,BALANCING
2.426,-2.1823118527200247,-0.19726018703302775,243.32127625881088,0.35963250304436384,BALANCING
2.428,-2.1827007614157616,-0.19216803013324565,242.94743706905646,0.35898331986389737,BALANCING
2.43,-2.1830794983737847,-0.18708830406484667,242.5735502044673,0.35833431779251196,BALANCING
2.432,-2.1834480884466316,-0.1820209979018283,242.1996173575361,0.35768549908171604,BALANCING
2.434,-2.183806556464958,-0.17696610069327623,241.825640216546,0.3570368659763955,BALANCING
2.436,-2.184154927237487,-0.1719236014634894,241.45162046557434,0.35638842071482124,BALANCING
2.438,-2.1844932255509626,-0.16689348921210334,241.07755978449677,0.355740165528657,BALANCING
2.44,-2.1848214761700957,-0.16187575291421183,240.70345984899095,0.35509210264296714,BALANCING
2.442,-2.1851397038375184,-0.15687038152048982,240.3293223305405,0.35444423427622485,BALANCING
2.444,-2.185447933273736,-0.15187736395731538,239.955148896439,0.3537965626403195,BALANCING
2.446,-2.185746189177075,-0.14689668912689127,239.58094120979388,0.35314908994056515,BALANCING
2.448,-2.1860344962236384,-0.14192834590736678,239.2067009295302,0.3525018183757081,BALANCING
2.45,-2.1863128790672555,-0.136972323152959,238.8324297103949,0.35185475013793455,BALANCING
2.452,-2.186581362339436,-0.13202860969407246,238.4581292029604,0.3512078874128793,BALANCING
2.454,-2.186839970649321,-0.12709719433742098,238.08380105362892,0.35056123237963266,BALANCING
2.456,-2.1870887285836353,-0.12217806586614662,237.70944690463602,0.34991478721074915,BALANCING
2.458,-2.187327660706643,-0.11727121303994002,237.33506839405496,0.3492685540722552,BALANCING
2.46,-2.1875567915600977,-0.11237662459515972,236.96066715580042,0.34862253512365676,BALANCING
2.462,-2.1877761456631974,-0.1074942892449515,236.58624481963258,0.347976732517948,BALANCING
2.464,-2.187985747512539,-0.10262419567936704,236.21180301116115,0.3473311484016182,BALANCING
2.466,-2.1881856215820705,-0.09776633256548246,235.83734335184926,0.34668578491466084,BALANCING
2.468,-2.1883757923230456,-0.09292068854751653,235.46286745901753,0.34604064419058067,BALANCING
2.47,-2.1885562841639805,-0.08808725224694851,235.08837694584813,0.34539572835640214,BALANCING
2.472,-2.188727121510604,-0.08326601226263565,234.71387342138863,0.3447510395326772,BALANCING
2.474,-2.1888883287458167,-0.0784569571709308,234.3393584905562,0.3441065798334935,BALANCING
2.476,-2.1890399302296437,-0.07366007552579912,233.9648337541416,0.34346235136648207,BALANCING
2.478,-2.1891819502991905,-0.06887535585893496,233.59030080881314,0.34281835623282536,BALANCING
2.48,-2.1893144132685993,-0.06410278667987758,233.21576124712078,0.34217459652726556,BALANCING
2.482,-2.1894373434290038,-0.05934235647612803,232.84121665750024,0.3415310743381121,BALANCING
2.484,-2.189550765048485,-0.054594053713263764,232.46666862427693,0.3408877917472503,BALANCING
2.486,-2.1896547023720294,-0.049857866835055616,232.09211872767014,0.3402447508301487,BALANCING
2.488,-2.1897491796214834,-0.04513378426358164,231.71756854379703,0.3396019536558676,BALANCING
2.49,-2.18983422099551,-0.040421794399342306,231.3430196446767,0.33895940228706667,BALANCING
2.492,-2.189909850669549,-0.0357218856213749,230.96847359823443,0.33831709878001337,BALANCING
2.494,-2.1899760927957694,-0.031034046287367823,230.5939319683055,0.33767504518459085,BALANCING
2.496,-2.190032971503031,-0.026358264733775276,230.21939631463957,0.3370332435443059,BALANCING
2.498,-2.190080510896839,-0.02169452927592996,229.84486819290456,0.33639169589629697,BALANCING
2.5,-2.190118735059304,-0.017042828208156013,229.47034915469095,0.33575040427134245,BALANCING
2.5020000000000002,-2.1901476680490988,-0.012403149803883608,229.09584074751575,0.33510937069386865,BALANCING
2.504,-2.1901673339014174,-0.007775482315760578,228.72134451482668,0.33446859718195754,BALANCING
2.5060000000000002,-2.1901777566279335,-0.003159813975764723,228.34686199600634,0.3338280857473553,BALANCING
2.508,-2.190178960216759,0.0014438670046834242,227.97239472637628,0.3331878383954802,BALANCING
2.5100000000000002,-2.1901709686324033,0.0060355724346087755,227.59794423720115,0.3325478571254305,BALANCING
2.512,-2.1901538058157315,0.010615314143370531,227.22351205569288,0.331908143929993,BALANCING
2.5140000000000002,-2.190127495683926,0.015183103980550259,226.8490997050149,0.3312687007956505,BALANCING
2.516,-2.190092062130444,0.01973895381584136,226.47470870428617,0.33062952970259046,BALANCING
2.5180000000000002,-2.1900475290249783,0.02428287553893831,226.10034056858538,0.3299906326247129,BALANCING
2.52,-2.189993920213418,0.02881488105942551,225.72599680895522,0.32935201152963817,BALANCING
2.5220000000000002,-2.189931259517808,0.03333498230666878,225.35167893240637,0.32871366837871563,BALANCING
2.524,-2.1898595707363095,0.037843191229703824,224.977388441922,0.3280756051270316,BALANCING
2.5260000000000002,-2.1897788776431613,0.042339519797126725,224.60312683646157,0.32743782372341707,BALANCING
2.528,-2.1896892039886398,0.046823979996985905,224.22889561096534,0.32680032611045645,BALANCING
2.5300000000000002,-2.189590573499023,0.051296583836671815,223.85469625635844,0.3261631142244952,BALANCING
2.532,-2.189483009876547,0.05575734334280841,223.48053025955508,0.32552618999564825,BALANCING
2.5340000000000003,-2.1893665367993735,0.06020627056114525,223.10639910346282,0.32488955534780806,BALANCING
2.536,-2.1892411779215464,0.0646433775564486,222.73230426698672,0.3242532121986526,BALANCING
2.5380000000000003,-2.1891069568729575,0.06906867641239436,222.35824722503364,0.32361716245965394,BALANCING
2.54,-2.188963897259307,0.07348217923145926,221.9842294485164,0.322981408036086,BALANCING
2.5420000000000003,-2.1888120226620664,0.07788389813481385,221.6102524043581,0.32234595082703255,BALANCING
2.544,-2.1886513566384416,0.0822738452622159,221.2363175554963,0.3217107927253959,BALANCING
2.5460000000000003,-2.1884819227213357,0.08665203277190371,220.86242636088727,0.32107593561790504,BALANCING
2.548,-2.188303744419312,0.0910184728404881,220.4885802755103,0.3204413813851231,BALANCING
2.5500000000000003,-2.188116845216556,0.0953731776628476,220.11478075037192,0.3198071319014564,BALANCING
2.552,-2.1879212485728425,0.09971615945202184,219.74102923251013,0.319173189035162,BALANCING
2.5540000000000003,-2.1877169779234964,0.1040474304391054,219.36732716499878,0.31853955464835626,BALANCING
2.556,-2.187504056679357,0.10836700287314291,218.99367598695179,0.3179062305970229,BALANCING
2.5580000000000003,-2.187282508226743,0.11267488902102345,218.6200771335273,0.31727321873102104,BALANCING
2.56,-2.1870523559274173,0.11697110116737588,218.2465320359323,0.31664052089409367,BALANCING
2.562,-2.1868136231185504,0.12125565161446389,217.87304212142647,0.3160081389238758,BALANCING
2.564,-2.1865663331126863,0.1255285526820811,217.49960881332692,0.3153760746519024,BALANCING
2.566,-2.1863105091977064,0.1297898167074477,217.12623353101222,0.3147443299036169,BALANCING
2.568,-2.1860461746367963,0.13403945604510667,216.75291768992673,0.3141129064983792,BALANCING
2.57,-2.18577335266841,0.13827748306681908,216.37966270158503,0.31348180624947414,BALANCING
2.572,-2.185492066506236,0.14250391016146127,216.00646997357615,0.31285103096411954,BALANCING
2.574,-2.1852023393391637,0.14671874973492155,215.63334090956795,0.3122205824434742,BALANCING
2.576,-2.184904194331248,0.15092201420999782,215.26027690931144,0.3115904624826469,BALANCING
2.578,-2.184597654621677,0.155113716026294,214.88727936864504,0.3109606728707034,BALANCING
2.58,-2.1842827433247387,0.15929386764011844,214.514349679499,0.3103312153906759,BALANCING
2.582,-2.183959483529786,0.16346248152438203,214.14148922989975,0.3097020918195707,BALANCING
2.584,-2.183627898301206,0.16761957016849496,213.7686994039742,0.3090733039283764,BALANCING
2.586,-2.1832880106783836,0.17176514607826637,213.39598158195417,0.30844485348207207,BALANCING
2.588,-2.1829398436756735,0.17589922177580294,213.0233371401807,0.30781674223963607,BALANCING
2.59,-2.1825834202823637,0.18002180979940727,212.65076745110832,0.30718897195405365,BALANCING
2.592,-2.1822187634626444,0.18413292270347684,212.27827388330965,0.3065615443723254,BALANCING
2.594,-2.181845896155578,0.18823257305840427,211.90585780147956,0.30593446123547585,BALANCING
2.596,-2.1814648412750635,0.19232077345047596,211.53352056643962,0.3053077242785611,BALANCING
2.598,-2.181075621709808,0.1963975364817731,211.16126353514264,0.3046813352306778,BALANCING
2.6,-2.180678260323293,0.2004628747700709,210.7890880606767,0.3040552958149708,BALANCING
2.602,-2.180272779953745,0.20451680094873897,210.41699549227,0.3034296077486418,BALANCING
2.604,-2.179859203414103,0.20855932766664254,210.04498717529484,0.30280427274295746,BALANCING
2.606,-2.1794375534919888,0.2125904675880431,209.67306445127232,0.30217929250325765,BALANCING
2.608,-2.179007852949675,0.21661023339249974,209.30122865787655,0.3015546687289639,BALANCING
2.61,-2.1785701245240543,0.22061863777476998,208.9294811289392,0.30093040311358765,BALANCING
2.612,-2.1781243909266124,0.2246156934447118,208.55782319445387,0.30030649734473835,BALANCING
2.614,-2.1776706748433936,0.22860141312718565,208.18625618058053,0.29968295310413184,BALANCING
2.616,-2.177208998934973,0.2325758095619561,207.8147814096498,0.2990597720675988,BALANCING
2.618,-2.1767393858364286,0.23653889550359464,207.44340020016767,0.29843695590509284,BALANCING
2.62,-2.1762618581573068,0.24049068372138213,207.07211386681965,0.297814506280699,BALANCING
2.622,-2.1757764384815985,0.2444311869992112,206.70092372047534,0.29719242485264175,BALANCING
2.624,-2.175283149367707,0.24836041813548965,206.329831068193,0.2965707132732936,BALANCING
2.626,-2.174782013348419,0.2522783899430441,205.95883721322366,0.29594937318918324,BALANCING
2.628,-2.1742730529308774,0.2561851152490233,205.5879434550159,0.29532840624100387,BALANCING
2.63,-2.1737562905965513,0.26008060689480167,205.2171510892202,0.2947078140636216,BALANCING
2.632,-2.173231748801209,0.2639648777358836,204.8464614076933,0.29408759828608366,BALANCING
2.634,-2.1726994499748886,0.26783794064180755,204.47587569850282,0.29346776053162676,BALANCING
2.636,-2.1721594165218705,0.27169980849605074,204.1053952459316,0.29284830241768534,BALANCING
2.638,-2.1716116708206497,0.27555049419593386,203.7350213304823,0.29222922555590003,BALANCING
2.64,-2.1710562352239084,0.2793900106525261,203.3647552288818,0.29161053155212585,BALANCING
2.642,-2.170493132058488,0.28321837079055034,202.99459821408558,0.29099222200644065,BALANCING
2.644,-2.169922383625363,0.287035587548288,202.6245515552825,0.29037429851315333,BALANCING
2.646,-2.169344012199612,0.2908416738774855,202.254616517899,0.2897567626608122,BALANCING
2.648,-2.168758040030394,0.2946366427432601,201.88479436360367,0.2891396160322133,BALANCING
2.65,-2.1681644893409184,0.2984205071240055,201.51508635031192,0.28852286020440876,BALANCING
2.652,-2.16756338232842,0.30219328001129897,201.14549373219018,0.2879064967487154,BALANCING
2.654,-2.1669547411641332,0.30595497440980707,200.7760177596607,0.2872905272307224,BALANCING
2.656,-2.166338587993266,0.3097056033371931,200.40665967940592,0.2866749532103003,BALANCING
2.658,-2.165714944934973,0.31344517982402414,200.03742073437292,0.286059776241609,BALANCING
2.66,-2.1650838340823304,0.31717371691367835,199.668302163778,0.2854449978731063,BALANCING
2.662,-2.16444527750231,0.3208912276622523,199.29930520311137,0.284830619647556,BALANCING
2.664,-2.1637992972357556,0.32459772513846874,198.93043108414133,0.2842166431020366,BALANCING
2.666,-2.1631459152973544,0.3282932224235843,198.5616810349191,0.28360306976794913,BALANCING
2.668,-2.1624851536756156,0.33197773261129876,198.1930562797832,0.2829899011710262,BALANCING
2.67,-2.161817034332844,0.3356512688076624,197.8245580393641,0.2823771388313398,BALANCING
2.672,-2.1611415792051147,0.3393138441309843,197.45618753058852,0.2817647842633097,BALANCING
2.674,-2.16045881020225,0.34296547171174335,197.08794596668437,0.2811528389757122,BALANCING
2.676,-2.1597687492077955,0.34660616469249506,196.71983455718484,0.280541304471688,BALANCING
2.678,-2.1590714180789936,0.35023593622778176,196.3518545079333,0.279930182248751,BALANCING
2.68,-2.1583668386467623,0.3538547994840426,195.98400702108776,0.27931947379879624,BALANCING
2.682,-2.15765503271567,0.35746276763952256,195.61629329512533,0.2787091806081086,BALANCING
2.684,-2.156936022063912,0.36105985388418305,195.24871452484692,0.27809930415737105,BALANCING
2.686,-2.1562098284432896,0.3646460714196123,194.8812719013816,0.2774898459216731,BALANCING
2.688,-2.1554764735791823,0.36822143345893454,194.5139666121915,0.27688080737051884,BALANCING
2.69,-2.1547359791705287,0.3717859532267223,194.14679984107605,0.2762721899678358,BALANCING
2.692,-2.1539883668898026,0.3753396439589064,193.7797727681767,0.275663995171983,BALANCING
2.694,-2.1532336583829896,0.3788825189026868,193.41288656998157,0.2750562244357592,BALANCING
2.696,-2.1524718752695655,0.38241459131644506,193.0461424193298,0.2744488792064119,BALANCING
2.698,-2.151703039142475,0.38593587446965394,192.6795414854165,0.27384196092564494,BALANCING
2.7,-2.150927171568106,0.38944638164279183,192.31308493379697,0.27323547102962725,BALANCING
2.702,-2.1501442940862723,0.3929461261272525,191.94677392639147,0.27262941094900145,BALANCING
2.704,-2.1493544282101884,0.3964351212252582,191.5806096214898,0.2720237821088918,BALANCING
2.706,-2.1485575954264498,0.39991338024977224,191.21459317375593,0.27141858592891266,BALANCING
2.708,-2.1477538171950106,0.4033809165244115,190.84872573423246,0.27081382382317726,BALANCING
2.71,-2.146943114949163,0.4068377433833586,190.48300845034547,0.2702094972003057,BALANCING
2.712,-2.1461255100955157,0.4102838741712755,190.1174424659088,0.26960560746343326,BALANCING
2.714,-2.1453010240139743,0.4137193222432172,189.75202892112898,0.26900215601021915,BALANCING
2.716,-2.144469678057718,0.4171441009645453,189.38676895260963,0.26839914423285466,BALANCING
2.718,-2.143631493553182,0.4205582237108402,189.0216636933562,0.26779657351807157,BALANCING
2.72,-2.142786491800035,0.42396170386781695,188.65671427278056,0.2671944452471506,BALANCING
2.722,-2.1419346940711605,0.4273545548312383,188.29192181670547,0.26659276079592964,BALANCING
2.724,-2.141076121612636,0.4307367900068295,187.92728744736942,0.2659915215348125,BALANCING
2.726,-2.140210795643713,0.43410842281019213,187.56281228343119,0.2653907288287767,BALANCING
2.728,-2.139338737356798,0.43746946666672004,187.19849743997446,0.2647903840373826,BALANCING
2.73,-2.1384599679174316,0.4408199350115132,186.83434402851242,0.2641904885147811,BALANCING
2.732,-2.1375745084642723,0.44415984128929364,186.47035315699242,0.2635910436097225,BALANCING
2.734,-2.136682380109074,0.44748919895432093,186.1065259298007,0.2629920506655647,BALANCING
2.736,-2.1357836039366687,0.45080802147030774,185.74286344776684,0.26239351102028174,BALANCING
2.738,-2.1348782010049465,0.4541163223103341,185.37936680816858,0.2617954260064718,BALANCING
2.74,-2.133966192344839,0.4574141149567661,185.01603710473648,0.2611977969513661,BALANCING
2.742,-2.133047598960299,0.4607014129011705,184.65287542765833,0.26060062517683696,BALANCING
2.744,-2.1321224418282823,0.46397822964423124,184.2898828635841,0.2600039119994064,BALANCING
2.746,-2.1311907418987306,0.46724457869566627,183.92706049563043,0.2594076587302543,BALANCING
2.748,-2.1302525200945532,0.4705004735741457,183.56440940338527,0.25881186667522704,BALANCING
2.75,-2.129307797311608,0.4737459278072062,183.2019306629127,0.25821653713484577,BALANCING
2.7520000000000002,-2.128356594418686,0.47698095493117076,182.8396253467574,0.25762167140431486,BALANCING
2.754,-2.127398932257491,0.4802055684910644,182.47749452394942,0.2570272707735301,BALANCING
2.7560000000000002,-2.126434831642626,0.48341978204053365,182.11553926000883,0.25643333652708744,BALANCING
2.758,-2.125464313361572,0.4866236091417631,181.75376061695042,0.25583986994429114,BALANCING
2.7600000000000002,-2.124487398174673,0.4898170633653937,181.39215965328825,0.25524687229916215,BALANCING
2.762,-2.1235041068151217,0.4930001582904416,181.03073742404055,0.2546543448604467,BALANCING
2.7640000000000002,-2.1225144599889365,0.4961729075042161,180.66949498073413,0.2540622888916244,BALANCING
2.766,-2.121518478374952,0.4993353246022391,180.30843337140934,0.25347070565091717,BALANCING
2.7680000000000002,-2.120516182624798,0.5024874231881632,179.94755364062445,0.2528795963912969,BALANCING
2.77,-2.1195075933628837,0.5056292168736912,179.5868568294606,0.2522889623604946,BALANCING
2.7720000000000002,-2.1184927311863846,0.5087607192784955,179.2263439755264,0.25169880480100815,BALANCING
2.774,-2.117471616665224,0.5118819440301373,178.86601611296248,0.25110912495011095,BALANCING
2.7760000000000002,-2.116444270342058,0.5149929047639874,178.50587427244645,0.2505199240398607,BALANCING
2.778,-2.1154107127322606,0.5180936151231447,178.1459194811973,0.24993120329710702,BALANCING
2.7800000000000002,-2.1143709643239066,0.5211840887583572,177.7861527629803,0.24934296394350056,BALANCING
2.782,-2.1133250455777595,0.5242643393279416,177.42657513811167,0.24875520719550104,BALANCING
2.7840000000000003,-2.112272976927253,0.5273343804977045,177.06718762346318,0.24816793426438552,BALANCING
2.786,-2.111214778778477,0.530394225940864,176.707991232467,0.24758114635625728,BALANCING
2.7880000000000003,-2.1101504715101664,0.5334438893379687,176.34898697512025,0.2469948446720538,BALANCING
2.79,-2.1090800754736807,0.5364833843768195,175.99017585798987,0.24640903040755524,BALANCING
2.7920000000000003,-2.1080036109929936,0.5395127247523919,175.6315588842171,0.24582370475339285,BALANCING
2.794,-2.1069210983646776,0.5425319241667564,175.27313705352245,0.24523886889505747,BALANCING
2.7960000000000003,-2.1058325578578896,0.545540996329001,174.91491136221026,0.24465452401290774,BALANCING
2.798,-2.1047380097143584,0.5485399549551528,174.55688280317344,0.24407067128217877,BALANCING
2.8000000000000003,-2.103637474148369,0.5515288137680999,174.19905236589815,0.24348731187299016,BALANCING
2.802,-2.1025309713467486,0.5545075864975139,173.84142103646863,0.24290444695035474,BALANCING
2.8040000000000003,-2.101418521468857,0.5574762868797722,173.48398979757184,0.2423220776741866,BALANCING
2.806,-2.1003001446465683,0.5604349286578822,173.12675962850219,0.24174020519930994,BALANCING
2.8080000000000003,-2.0991758609842606,0.5633835255814019,172.76973150516622,0.24115883067546706,BALANCING
2.81,-2.098045690558802,0.5663220914063646,172.41290640008737,0.24057795524732697,BALANCING
2.8120000000000003,-2.0969096534195395,0.5692506398952013,172.0562852824108,0.23999758005449362,BALANCING
2.814,-2.0957677695882833,0.5721691848166648,171.69986911790795,0.2394177062315145,BALANCING
2.816,-2.0946200590592965,0.575077739945753,171.34365886898135,0.2388383349078888,BALANCING
2.818,-2.0934665417992817,0.577976319063633,170.9876554946694,0.23825946720807586,BALANCING
2.82,-2.0923072377473693,0.580864935957566,170.631859950651,0.2376811042515038,BALANCING
2.822,-2.091142166815105,0.5837436044208296,170.27627318925042,0.23710324715257747,BALANCING
2.824,-2.089971348886438,0.586612338252644,169.92089615944187,0.2365258970206872,BALANCING
2.826,-2.0887948038177098,0.5894711512580959,169.5657298068544,0.23594905496021693,BALANCING
2.828,-2.087612551437641,0.5923200572480638,169.21077507377646,0.23537272207055296,BALANCING
2.83,-2.0864246115473204,0.5951590700391421,168.85603289916094,0.23479689944609172,BALANCING
2.832,-2.085231003920196,0.5979882034535675,168.50150421862952,0.23422158817624883,BALANCING
2.834,-2.08403174830206,0.6008074713191437,168.14718996447775,0.23364678934546693,BALANCING
2.836,-2.0828268644110395,0.6036168874691672,167.79309106567962,0.23307250403322444,BALANCING
2.838,-2.0816163719375864,0.6064164657423531,167.4392084478924,0.23249873331404367,BALANCING
2.84,-2.0804002905444654,0.6092062199827615,167.08554303346133,0.23192547825749937,BALANCING
2.842,-2.079178639866745,0.6119861640397226,166.7320957414243,0.2313527399282271,BALANCING
2.844,-2.077951439511784,0.614756311767764,166.37886748751686,0.2307805193859314,BALANCING
2.846,-2.076718709059224,0.6175166770265377,166.0258591841766,0.23020881768539436,BALANCING
2.848,-2.0754804680609786,0.6202672736807452,165.67307174054827,0.22963763587648406,BALANCING
2.85,-2.0742367360412235,0.6230081156000656,165.32050606248833,0.22906697500416257,BALANCING
2.852,-2.0729875324963847,0.6257392166590835,164.96816305256974,0.2284968361084948,BALANCING
2.854,-2.071732876895131,0.6284605907372143,164.6160436100867,0.22792722022465658,BALANCING
2.856,-2.070472788678365,0.6311722517186327,164.26414863105953,0.22735812838294286,BALANCING
2.858,-2.0692072872592098,0.6338742134922011,163.91247900823927,0.22678956160877664,BALANCING
2.86,-2.0679363920230043,0.6365664899513968,163.56103563111256,0.22622152092271666,BALANCING
2.862,-2.0666601223272916,0.6392490949942393,163.20981938590631,0.22565400734046626,BALANCING
2.864,-2.06537849750181,0.6419220425232205,162.8588311555926,0.2250870218728815,BALANCING
2.866,-2.0640915368484847,0.6445853464452307,162.50807181989327,0.2245205655259796,BALANCING
2.868,-2.062799259641419,0.6472390206714894,162.15754225528488,0.22395463930094725,BALANCING
2.87,-2.0615016851268857,0.6498830791174729,161.8072433350033,0.22338924419414904,BALANCING
2.872,-2.060198832523319,0.6525175357028433,161.45717592904862,0.22282438119713568,BALANCING
2.874,-2.0588907210213043,0.6551424043513784,161.1073409041898,0.22226005129665244,BALANCING
2.876,-2.0575773697835733,0.6577576989909004,160.75773912396957,0.22169625547464752,BALANCING
2.878,-2.0562587979449938,0.6603634335532058,160.40837144870903,0.22113299470828038,BALANCING
2.88,-2.0549350246125613,0.6629596219739946,160.05923873551268,0.22057026996993004,BALANCING
2.882,-2.0536060688653937,0.6655462781928009,159.71034183827288,0.22000808222720342,BALANCING
2.884,-2.0522719497547213,0.6681234161529226,159.361681607675,0.21944643244294385,BALANCING
2.886,-2.05093268630388,0.6706910498013517,159.01325889120176,0.21888532157523913,BALANCING
2.888,-2.049588297508306,0.6732491930887049,158.66507453313835,0.21832475057743012,BALANCING
2.89,-2.0482388023355247,0.675797859969154,158.31712937457715,0.21776472039811887,BALANCING
2.892,-2.0468842197251473,0.6783370644003567,157.96942425342232,0.2172052319811772,BALANCING
2.894,-2.0455245685888626,0.680866820343388,157.6219600043948,0.2166462862657546,BALANCING
2.896,-2.044159867810429,0.6833871417626715,157.27473745903694,0.21608788418628733,BALANCING
2.898,-2.04279013624567,0.6858980426259096,156.92775744571748,0.21553002667250581,BALANCING
2.9,-2.0414153927224663,0.6883995369040163,156.581020789636,0.21497271464944362,BALANCING
2.902,-2.0400356560407498,0.6908916385710483,156.23452831282808,0.2144159490374456,BALANCING
2.904,-2.038650944972498,0.6933743616041371,155.88828083416976,0.21385973075217612,BALANCING
2.906,-2.037261278261727,0.6958477199834212,155.54227916938265,0.2133040607046275,BALANCING
2.908,-2.0358666746244856,0.6983117276919779,155.19652413103833,0.2127489398011283,BALANCING
2.91,-2.034467152748851,0.7007663987157562,154.8510165285635,0.21219436894335159,BALANCING
2.912,-2.0330627312949208,0.703211747043509,154.50575716824446,0.2116403490283233,BALANCING
2.914,-2.031653428894809,0.7056477866667265,154.1607468532322,0.21108688094843053,BALANCING
2.916,-2.0302392641526406,0.7080745315795685,153.815986383547,0.2105339655914299,BALANCING
2.918,-2.028820255644545,0.7104919957787983,153.47147655608316,0.20998160384045572,BALANCING
2.92,-2.0273964219186533,0.7129001932637152,153.127218164614,0.2094297965740285,BALANCING
2.922,-2.025967781495091,0.7152991380360887,152.78321199979638,0.20887854466606304,BALANCING
2.924,-2.0245343528659734,0.7176888441000917,152.43945884917582,0.2083278489858769,BALANCING
2.926,-2.0230961544954025,0.7200693254622349,152.095959497191,0.2077777103981986,BALANCING
2.928,-2.0216532048194615,0.7224405961312997,151.75271472517863,0.207228129763176,BALANCING
2.93,-2.0202055222462088,0.7248026701182736,151.4097253113784,0.20667910793638436,BALANCING
2.932,-2.0187531251556763,0.7271555614362845,151.06699203093754,0.20613064576883494,BALANCING
2.934,-2.017296031899863,0.7294992841005347,150.72451565591578,0.20558274410698318,BALANCING
2.936,-2.015834260802733,0.7318338521282358,150.38229695529003,0.20503540379273688,BALANCING
2.938,-2.0143678301602095,0.7341592795385435,150.04033669495928,0.2044886256634645,BALANCING
2.94,-2.0128967582401724,0.7364755803524937,149.69863563774928,0.20394241055200368,BALANCING
2.942,-2.011421063282453,0.7387827685929359,149.35719454341745,0.20339675928666914,BALANCING
2.944,-2.009940763498833,0.7410808582844702,149.01601416865753,0.20285167269126125,BALANCING
2.946,-2.0084558770730383,0.7433698634533822,148.67509526710455,0.20230715158507415,BALANCING
2.948,-2.0069664221607386,0.7456497981275791,148.33443858933953,0.2017631967829041,BALANCING
2.95,-2.0054724168895413,0.7479206763365256,147.9940448828942,0.2012198090950577,BALANCING
2.952,-2.00397387935899,0.7501825121111796,147.65391489225593,0.20067698932736017,BALANCING
2.954,-2.0024708276405616,0.752435319483929,147.31404935887247,0.20013473828116352,BALANCING
2.956,-2.0009632797776633,0.7546791124885281,146.97444902115674,0.19959305675335506,BALANCING
2.958,-1.99945125378563,0.7569139051600342,146.6351146144916,0.19905194553636532,BALANCING
2.96,-1.9979347676517216,0.7591397115347441,146.29604687123478,0.1985114054181766,BALANCING
2.962,-1.9964138393351203,0.7613565456501316,145.95724652072343,0.197971437182331,BALANCING
2.964,-1.9948884867669292,0.763564421544784,145.6187142892791,0.1974320416079388,BALANCING
2.966,-1.9933587278501699,0.7657633532583403,145.2804509002126,0.19689321946968663,BALANCING
2.968,-1.9918245804597792,0.7679533548314279,144.94245707382854,0.19635497153784573,BALANCING
2.97,-1.9902860624426086,0.7701344403056007,144.60473352743037,0.19581729857828015,BALANCING
2.972,-1.9887431916174232,0.7723066237232772,144.26728097532506,0.19528020135245516,BALANCING
2.974,-1.9871959857748975,0.7744699191276774,143.93010012882795,0.19474368061744526,BALANCING
2.976,-1.9856444626776153,0.776624340562762,143.5931916962674,0.19420773712594241,BALANCING
2.978,-1.9840886400600697,0.778769902073171,143.25655638298986,0.1936723716262645,BALANCING
2.98,-1.982528535628659,0.7809066177041613,142.92019489136442,0.19313758486236335,BALANCING
2.982,-1.9809641670616878,0.7830345015015456,142.58410792078766,0.19260337757383297,BALANCING
2.984,-1.9793955520093645,0.7851535675116313,142.24829616768858,0.1920697504959178,BALANCING
2.986,-1.9778227080938013,0.7872638297811603,141.91276032553318,0.1915367043595209,BALANCING
2.988,-1.976245652909013,0.7893653023572469,141.5775010848295,0.19100423989121215,BALANCING
2.99,-1.9746644040209171,0.7914579992873181,141.24251913313213,0.19047235781323663,BALANCING
2.992,-1.9730789789673313,0.7935419346190528,140.90781515504733,0.1899410588435225,BALANCING
2.994,-1.9714893952579746,0.7956171224003213,140.57338983223752,0.18941034369568946,BALANCING
2.996,-1.9698956703744677,0.7976835766791256,140.23924384342627,0.18888021307905684,BALANCING
2.998,-1.9682978217703304,0.799741311503539,139.90537786440308,0.18835066769865177,BALANCING
3.0,-1.966695866870984,0.8017903409216465,139.571792568028,0.18782170825521746,BALANCING
3.0020000000000002,-1.9650898230737495,0.8038306789814853,139.23848862423668,0.1872933354452214,BALANCING
3.004,-1.9634797077478494,0.8058623397309845,138.905466700045,0.18676554996086323,BALANCING
3.0060000000000002,-1.9618655382344057,0.8078853372179075,138.5727274595539,0.18623835249008341,BALANCING
3.008,-1.9602473318464435,0.8098996854897906,138.24027156395414,0.18571174371657112,BALANCING
3.0100000000000002,-1.958625105868888,0.8119053985938859,137.90809967153118,0.1851857243197723,BALANCING
3.012,-1.9569988775585676,0.8139024905771017,137.57621243766988,0.18466029497489814,BALANCING
3.0140000000000002,-1.9553686641442147,0.8158909754859438,137.2446105148594,0.184135456352933,BALANCING
3.016,-1.9537344828264647,0.8178708673664571,136.91329455269783,0.18361120912064266,BALANCING
3.0180000000000002,-1.9520963507778577,0.8198421802641674,136.58226519789716,0.1830875539405825,BALANCING
3.02,-1.9504542851428415,0.8218049282240232,136.2515230942879,0.18256449147110557,BALANCING
3.0220000000000002,-1.9488083030377699,0.8237591252903375,135.92106888282407,0.1820420223663709,BALANCING
3.024,-1.9471584215509063,0.82570478550673,135.59090320158776,0.18152014727635143,BALANCING
3.0260000000000002,-1.9455046577424235,0.8276419229160696,135.26102668579415,0.18099886684684233,BALANCING
3.028,-1.9438470286444065,0.829570551560417,134.93143996779605,0.180478181719469,BALANCING
3.0300000000000002,-1.9421855512608535,0.831490685480967,134.60214367708897,0.1799580925316954,BALANCING
3.032,-1.9405202425676784,0.8334023387179915,134.27313844031568,0.17943859991683192,BALANCING
3.0340000000000003,-1.938851119512712,0.8353055253107823,133.94442488127106,0.17891970450404368,BALANCING
3.036,-1.9371781990157035,0.8372002592975947,133.61600362090698,0.1784014069183587,BALANCING
3.0380000000000003,-1.9355014979683247,0.8390865547155902,133.28787527733692,0.17788370778067583,BALANCING
3.04,-1.9338210332341699,0.8409644256007804,132.96004046584093,0.17736660770777307,BALANCING
3.0420000000000003,-1.932136821648759,0.8428338859879703,132.63249979887027,0.17685010731231554,BALANCING
3.044,-1.9304488800195418,0.844694949910702,132.30525388605233,0.1763342072028636,BALANCING
3.0460000000000003,-1.9287572251258982,0.8465476314011998,131.97830333419526,0.17581890798388106,BALANCING
3.048,-1.927061873719141,0.8483919444903123,131.65164874729288,0.1753042102557432,BALANCING
3.0500000000000003,-1.9253628425225204,0.8502279032074582,131.3252907265294,0.17479011461474478,BALANCING
3.052,-1.9236601482312259,0.8520555215805703,130.99922987028424,0.17427662165310837,BALANCING
3.0540000000000003,-1.9219538075123894,0.8538748136360397,130.67346677413673,0.17376373195899217,BALANCING
3.056,-1.9202438370050878,0.8556857933986612,130.348002030871,0.17325144611649831,BALANCING
3.0580000000000003,-1.9185302533203477,0.8574884748915779,130.0228362304807,0.1727397647056808,BALANCING
3.06,-1.9168130730411475,0.8592828721362259,129.69796996017374,0.17222868830255364,BALANCING
3.0620000000000003,-1.9150923127224206,0.8610689991522802,129.37340380437718,0.17171821747909896,BALANCING
3.064,-1.9133679888910609,0.862846869957599,129.0491383447419,0.17120835280327498,BALANCING
3.0660000000000003,-1.9116401180459246,0.8646164985681704,128.72517416014736,0.170699094839024,BALANCING
3.068,-1.9099087166578343,0.8663778989980577,128.40151182670655,0.17019044414628087,BALANCING
3.0700000000000003,-1.908173801169584,0.868131085259345,128.07815191777055,0.16968240128098047,BALANCING
3.072,-1.9064353879959417,0.8698760713620832,127.75509500393346,0.16917496679506625,BALANCING
3.074,-1.9046934935236546,0.8716128713142366,127.43234165303703,0.1686681412364979,BALANCING
3.076,-1.9029481341114527,0.8733414991216285,127.10989243017555,0.16816192514925973,BALANCING
3.078,-1.9011993260900535,0.8750619687878883,126.78774789770061,0.1676563190733684,BALANCING
3.08,-1.8994470857621664,0.8767742943143981,126.4659086152258,0.16715132354488124,BALANCING
3.082,-1.897691429402497,0.8784784897002388,126.14437513963152,0.166646939095904,BALANCING
3.084,-1.8959323732577522,0.8801745689421379,125.82314802506977,0.16614316625459907,BALANCING
3.086,-1.8941699335466444,0.8818625460344159,125.50222782296886,0.16564000554519354,BALANCING
3.088,-1.892404126459897,0.883542434968934,125.18161508203822,0.16513745748798692,BALANCING
3.09,-1.8906349681602481,0.8852142497350414,124.86131034827315,0.16463552259935954,BALANCING
3.092,-1.8888624747824583,0.8868780043195225,124.5413141649596,0.1641342013917803,BALANCING
3.094,-1.8870866624333122,0.8885337127065451,124.22162707267888,0.16363349437381475,BALANCING
3.096,-1.8853075471916272,0.8901813888776081,123.9022496093125,0.1631334020501329,BALANCING
3.098,-1.8835251451082566,0.8918210468114898,123.58318231004688,0.1626339249215178,BALANCING
3.1,-1.8817394722060956,0.893452700484195,123.26442570737807,0.16213506348487272,BALANCING
3.102,-1.8799505444800872,0.8950763638689051,122.94598033111659,0.16163681823322978,BALANCING
3.104,-1.8781583778972284,0.8966920509359245,122.62784670839213,0.16113918965575763,BALANCING
3.106,-1.876362988396575,0.898299775652631,122.31002536365837,0.1606421782377695,BALANCING
3.108,-1.8745643918892476,0.8998995519834235,121.99251681869764,0.16014578446073113,BALANCING
3.11,-1.8727626042584389,0.9014913938896715,121.67532159262574,0.15965000880226882,BALANCING
3.112,-1.8709576413594178,0.9030753153296636,121.35844020189666,0.15915485173617722,BALANCING
3.114,-1.8691495190195373,0.9046513302585575,121.04187316030736,0.15866031373242748,BALANCING
3.116,-1.8673382530382403,0.9062194526283291,120.72562097900251,0.15816639525717527,BALANCING
3.118,-1.8655238591870658,0.9077796963877216,120.4096841664792,0.15767309677276828,BALANCING
3.12,-1.8637063532096554,0.9093320754821957,120.09406322859172,0.15718041873775473,BALANCING
3.122,-1.86188575082176,0.9108766038538795,119.77875866855634,0.15668836160689095,BALANCING
3.124,-1.8600620677112472,0.912413295441518,119.46377098695595,0.15619692583114944,BALANCING
3.126,-1.858235319538107,0.9139421641804233,119.14910068174495,0.15570611185772665,BALANCING
3.128,-1.8564055219344588,0.915463224002426,118.83474824825383,0.15521592013005123,BALANCING
3.13,-1.8545726905045603,0.9169764888358238,118.52071417919403,0.15472635108779167,BALANCING
3.132,-1.8527368408248115,0.9184819726053334,118.20699896466263,0.15423740516686418,BALANCING
3.134,-1.8508979884437649,0.9199796892320409,117.89360309214709,0.15374908279944077,BALANCING
3.136,-1.8490561488821309,0.9214696526333527,117.58052704652998,0.1532613844139572,BALANCING
3.138,-1.8472113376327859,0.9229518767229465,117.26777131009375,0.15277431043512066,BALANCING
3.14,-1.8453635701607802,0.9244263754107226,116.95533636252541,0.15228786128391772,BALANCING
3.142,-1.843512861903344,0.9258931626027554,116.64322268092128,0.15180203737762252,BALANCING
3.144,-1.8416592282698978,0.927352252201244,116.33143073979174,0.15131683912980412,BALANCING
3.146,-1.8398026846420572,0.9288036581044646,116.01996101106596,0.15083226695033486,BALANCING
3.148,-1.8379432463736436,0.9302473942067232,115.70881396409656,0.15034832124539804,BALANCING
3.15,-1.8360809287906896,0.9316834743983048,115.39799006566446,0.1498650024174957,BALANCING
3.152,-1.8342157471914493,0.9331119125654286,115.08748977998344,0.14938231086545664,BALANCING
3.154,-1.8323477168464053,0.9345327225901983,114.77731356870503,0.1489002469844443,BALANCING
3.156,-1.830476852998277,0.9359459183505545,114.46746189092308,0.1484188111659644,BALANCING
3.158,-1.8286031708620294,0.9373515137202282,114.1579352031786,0.14793800379787297,BALANCING
3.16,-1.8267266856248814,0.938749522568693,113.84873395946443,0.14745782526438425,BALANCING
3.162,-1.824847412446314,0.9401399587611178,113.5398586112299,0.1469782759460783,BALANCING
3.164,-1.8229653664580803,0.9415228361583197,113.23130960738565,0.146499356219909,BALANCING
3.166,-1.8210805627642117,0.9428981686167169,112.92308739430827,0.14602106645921195,BALANCING
3.168,-1.81919301644103,0.9442659699882827,112.615192415845,0.14554340703371205,BALANCING
3.17,-1.8173027425371533,0.9456262541204984,112.30762511331851,0.1450663783095315,BALANCING
3.172,-1.815409756073507,0.9469790348563067,112.00038592553152,0.14458998064919762,BALANCING
3.174,-1.8135140720433325,0.9483243260340658,111.6934752887716,0.14411421441165048,BALANCING
3.176,-1.811615705412196,0.949662141487503,111.38689363681576,0.1436390799522511,BALANCING
3.178,-1.8097146711179979,0.9509924950456685,111.08064140093526,0.1431645776227886,BALANCING
3.18,-1.8078109840709826,0.9523154005328898,110.77471900990027,0.14269070777148873,BALANCING
3.182,-1.8059046591537482,0.9536308717687259,110.46912688998454,0.14221747074302107,BALANCING
3.184,-1.8039957112212543,0.9549389225679215,110.1638654649701,0.14174486687850718,BALANCING
3.186,-1.8020841551008346,0.9562395667403616,109.85893515615203,0.14127289651552813,BALANCING
3.188,-1.8001700055922047,0.9575328180910267,109.55433638234305,0.14080155998813237,BALANCING
3.19,-1.7982532774674715,0.958818690419947,109.25006955987827,0.1403308576268436,BALANCING
3.192,-1.7963339854711449,0.9600971975221577,108.94613510261986,0.13986078975866845,BALANCING
3.194,-1.7944121443201468,0.9613683531876536,108.64253342196177,0.13939135670710404,BALANCING
3.196,-1.792487768703821,0.9626321712013451,108.33926492683439,0.1389225587921461,BALANCING
3.198,-1.7905608732839444,0.9638886653430137,108.03633002370918,0.1384543963302964,BALANCING
3.2,-1.7886314726947365,0.9651378493872665,107.73372911660347,0.1379868696345707,BALANCING
3.202,-1.7866995815428697,0.9663797371034927,107.43146260708502,0.13751997901450624,BALANCING
3.204,-1.7847652144074804,0.9676143422558194,107.1295308942768,0.13705372477616984,BALANCING
3.206,-1.7828283858401792,0.9688416786030675,106.82793437486158,0.13658810722216524,BALANCING
3.208,-1.780889110365062,0.9700617598987071,106.52667344308666,0.136123126651641,BALANCING
3.21,-1.7789474024787197,0.9712745998908149,106.22574849076854,0.13565878336029824,BALANCING
3.212,-1.7770032766502502,0.9724802123220299,105.92515990729753,0.1351950776403983,BALANCING
3.214,-1.7750567473212686,0.97367861092951,105.62490807964248,0.13473200978077024,BALANCING
3.216,-1.773107828905919,0.9748698094448892,105.32499339235545,0.13426958006681902,BALANCING
3.218,-1.7711565357908847,0.9760538215942334,105.02541622757634,0.13380778878053265,BALANCING
3.22,-1.7692028823353996,0.9772306610979984,104.72617696503755,0.1333466362004903,BALANCING
3.222,-1.7672468828712597,0.978400341670986,104.42727598206866,0.13288612260186972,BALANCING
3.224,-1.7652885517028347,0.9795628770223022,104.12871365360108,0.13242624825645485,BALANCING
