t,theta_deg,rate_dps,wheel_rpm,duty,phase
0.0,16.0,0.0,0.0,-1,SPINUP
0.002,16.0,0.0,-6.436476596174447,-1,SPINUP
0.004,16.0,0.0,-12.801832631651454,-1,SPINUP
0.006,16.0,0.0,-19.096853960939825,-1,SPINUP
0.008,16.0,0.0,-25.32231775516197,-1,SPINUP
0.01,16.0,0.0,-31.47899259800195,-1,SPINUP
0.012,16.0,0.0,-37.56763858059332,-1,SPINUP
0.014,16.0,0.0,-43.5890073953585,-1,SPINUP
0.016,16.0,0.0,-49.543842428811296,-1,SPINUP
0.018000000000000002,16.0,0.0,-55.43287885333392,-1,SPINUP
0.02,16.0,0.0,-61.256843717939944,-1,SPINUP
0.022,16.0,0.0,-67.0164560380344,-1,SPINUP
0.024,16.0,0.0,-72.71242688418201,-1,SPINUP
0.026000000000000002,16.0,0.0,-78.34545946989454,-1,SPINUP
0.028,16.0,0.0,-83.91624923844823,-1,SPINUP
0.03,16.0,0.0,-89.42548394874186,-1,SPINUP
0.032,16.0,0.0,-94.87384376020609,-1,SPINUP
0.034,16.0,0.0,-100.26200131677466,0.0,KICK
0.036000000000000004,16.0,0.0,-99.92835103845167,0.0,KICK
0.038,16.0,0.0,-99.5958110761683,0.0,KICK
0.04,16.0,0.0,-99.26437773503264,0.0,KICK
0.042,16.0,0.0,-98.9340473324486,0.0,KICK
0.044,16.0,0.0,-98.60481619807497,0.0,KICK
0.046,16.0,0.0,-98.27668067378468,0.0,KICK
0.048,16.0,0.0,-97.94963711362406,0.0,KICK
0.05,16.0,0.0,-97.62368188377242,0.0,KICK
0.052000000000000005,16.0,0.0,-97.29881136250161,0.0,KICK
0.054,16.0,0.0,-96.97502194013585,0.0,KICK
0.056,16.0,0.0,-96.65231001901155,0.0,KICK
0.058,16.0,0.0,-96.33067201343736,1,KICK
0.06,15.999181083827406,-0.8163597526028755,-92.56980762238835,1,KICK
0.062,15.996744693079599,-1.6175210253611252,-88.82977899169855,1,KICK
0.064,15.992720947381978,-2.403760475214357,-85.11047068808863,1,KICK
0.066,15.987139417085816,-3.1753507314340945,-81.41176791779719,1,KICK
0.068,15.980029131251497,-3.932560467509121,-77.73355652303772,1,KICK
0.07,15.97141858548924,-4.675654471800315,-74.07572297847518,1,KICK
0.07200000000000001,15.961335749659689,-5.404893716992775,-70.43815438772214,1,KICK
0.074,15.9498080754368,-6.120535428372502,-66.82073847985431,1,KICK
0.076,15.936862503735329,-6.822833150954367,-63.22336360594543,1,KICK
0.078,15.922525472005166,-7.51203681548759,-59.645918735621215,1,KICK
0.08,15.906822921394793,-8.188392803364403,-56.08829345363253,1,KICK
0.082,15.889780303785981,-8.85214401045711,-52.55037795644754,1,KICK
0.084,15.871422588701869,-9.50352990990818,-49.03206304886262,1,KICK
0.08600000000000001,15.851774270090475,-10.142786613897568,-45.5332401406322,1,KICK
0.088,15.830859372985703,-10.770146934410922,-42.05380124311718,1,KICK
0.09,15.808701460047772,-11.385840443031864,-38.59363896595191,1,KICK
0.092,15.78532363798503,-11.990093529781028,-35.15264651372971,1,KICK
0.094,15.760748563859005,-12.58312946102412,-31.730717682706672,1,KICK
0.096,15.734998451274583,-13.165168436470704,-28.327746857523774,1,KICK
0.098,15.70809507645705,-13.73642764528504,-24.94362900794714,1,KICK
0.1,15.680059784217805,-14.297121321329824,-21.578259685626357,1,KICK
0.10200000000000001,15.650913493810423,-14.847460797563201,-18.231535020870737,1,KICK
0.10400000000000001,15.620676704678756,-15.38765455960905,-14.90335171944348,1,KICK
0.106,15.589369502098705,-15.917908298520064,-11.593607059373547,1,KICK
0.108,15.557011562715266,-16.438424962752737,-8.302198887785234,1,KICK
0.11,15.52362215997638,-16.949404809372986,-5.029025617745304,1,KICK
0.112,15.489220169465142,-17.45104545451071,-1.7739862251275584,1,KICK
0.114,15.453824074131823,-18.341011721295704,2.0010235170883828,1,KICK
0.116,15.41428973783584,-21.18533779966077,8.415389582388116,1,KICK
0.11800000000000001,15.369114247558832,-23.982375458250022,14.758879399749048,1,KICK
0.12,15.31839092739542,-26.733374579417603,21.032276124119107,1,KICK
0.122,15.262210618713684,-29.43956807544888,27.236354256888934,1,KICK
0.124,15.200661713689408,-32.102172293106534,33.371879741510305,1,KICK
0.126,15.133830188039244,-34.722387410220065,39.43961005805804,1,KICK
0.128,15.06179963296843,-37.30139782454083,45.440294316746986,1,KICK
0.13,14.984651286348392,-39.8403725350821,51.3746733504158,1,KICK
0.132,14.902464063138968,-42.340465516160855,57.24347980598861,1,KICK
0.134,14.815314585069686,-44.802816084354504,63.04743823492631,1,KICK
0.136,14.723277209594027,-47.22854925858249,68.78726518267815,1,KICK
0.138,14.626424058130242,-49.61877611351852,74.46366927714517,1,KICK
0.14,14.524825043601828,-51.9745941265353,80.07735131616595,1,KICK
0.14200000000000002,14.418547897290436,-54.297087518379165,85.62900435403574,1,KICK
0.14400000000000002,14.307658195013529,-56.58732758776754,91.11931378706969,1,KICK
0.146,14.192219382638752,-58.846373040097596,96.54895743822043,1,KICK
0.148,14.07229280094665,-61.07527031044942,101.91860564076089,1,KICK
0.15,13.947937709852907,-63.27505388106241,107.22892132104224,1,KICK
0.152,13.819211312001034,-65.44674659345851,112.4805600803376,1,KICK
0.154,13.686168775736009,-67.59135995538055,117.67417027578118,1,KICK
0.156,13.548863257469101,-69.70989444270955,122.81039310041331,1,KICK
0.158,13.407345923443735,-71.80333979651866,127.88986266234082,1,KICK
0.16,13.261665970911995,-73.87267531541738,132.9132060630228,1,KICK
0.162,13.111870648731022,-75.91887014333349,137.8810434746914,1,KICK
0.164,12.958005277388288,-77.94288355287549,142.79398821691694,1,KICK
0.166,12.80011326846445,-79.94566522441288,147.65264683232738,1,KICK
0.168,12.638236143542223,-81.92815552100662,152.4576191614906,1,KICK
0.17,12.47241355256942,-83.89128575931657,157.20949841696992,1,KICK
0.17200000000000001,12.302683291684119,-85.8359784766078,161.90887125656056,1,KICK
0.17400000000000002,12.129081320509593,-87.76314769397237,166.55631785571765,1,KICK
0.176,11.951641778926524,-89.67369917587787,171.15241197918334,1,KICK
0.178,11.77039700332967,-91.56853068614933,175.69772105182267,1,KICK
0.18,11.585377542376069,-93.44853224048536,180.19280622867697,1,KICK
0.182,11.396612172231592,-95.31458635560472,184.6382224642427,1,KICK
0.184,11.204127911322498,-97.16756829511434,189.03451858098515,1,KICK
0.186,11.007950034598448,-99.00834631218464,193.3822373370952,1,KICK
0.188,10.808102087313312,-100.83778188911302,197.68191549349683,1,KICK
0.19,10.604605898329885,-102.65672997385134,201.93408388011485,1,KICK
0.192,10.39748159295452,-104.46603921356825,206.13926746141007,1,KICK
0.194,10.186747605307568,-106.26655218531192,210.2979854011903,1,KICK
0.196,9.972420690235314,-108.0591056238341,214.41075112670543,0.0,BALANCING
0.198,9.758053879195575,-106.31237164604623,213.69723847136913,0.0,BALANCING
0.2,9.547152677640002,-104.59342720936237,212.98610023199214,0.0,BALANCING
0.202,9.3396619181785,-102.90186156091099,212.27732850703117,0.0,BALANCING
0.20400000000000001,9.135527249303797,-101.2372695644462,211.57091542123752,0.0,BALANCING
0.20600000000000002,8.934695124196553,-99.59925166169597,210.86685312556963,0.0,BALANCING
0.20800000000000002,8.737112789609476,-97.9874138320316,210.1651337971059,0.0,BALANCING
0.21,8.54272827483366,-96.40136755059422,209.46574963895767,0.0,BALANCING
0.212,8.35149038075011,-94.84072974500683,208.76869288018264,0.0,BALANCING
0.214,8.163348668969153,-93.3051227507937,208.07395577569855,0.0,BALANCING
0.216,7.978253451060205,-91.7941742656227,207.38153060619706,0.0,BALANCING
0.218,7.796155777874141,-90.30751730247984,206.6914096780581,-1,BALANCING
0.22,7.619732218611634,-86.12265322972291,202.3191300260602,-1,BALANCING
0.222,7.451639093731237,-81.97689679387129,197.9710734678993,-1,BALANCING
0.224,7.291799301789468,-77.86913561114291,193.6471058039537,-1,BALANCING
0.226,7.140137957482202,-73.79826590020302,189.34709357808808,-1,BALANCING
0.228,6.996582374596686,-69.76319232410378,185.0709040735344,-1,BALANCING
0.23,6.861062049286342,-65.76282782567108,180.8184053087956,-1,BALANCING
0.232,6.733508643680853,-61.79609345691736,176.58946603357225,-1,BALANCING
0.234,6.613855969842952,-57.86191820302579,172.3839557247115,-1,BALANCING
0.23600000000000002,6.502039974082222,-53.95923880141897,168.20174458217866,-0.9641915415003802,BALANCING
0.23800000000000002,6.397913266486247,-50.172377411760614,164.15826378831514,-0.8749976668266304,BALANCING
0.24,6.3011183147101075,-46.62712027924049,160.42502898722836,-0.7913842652964457,BALANCING
0.242,6.211187381918204,-43.30801875865086,156.9823121897733,-0.7130097681830017,BALANCING
0.244,6.127682676618754,-40.20057472081876,153.81159700588466,-0.6395503123309368,BALANCING
0.246,6.050194502385843,-37.29118987798195,150.89551479310626,-0.5706995887995451,BALANCING
0.248,5.978339508096456,-34.56711594114979,148.21778164732254,-0.506168456201927,BALANCING
0.25,5.9117590364707615,-32.01640615664461,145.7631369903943,-0.4456844004942977,BALANCING
0.252,5.850117567807799,-29.627868571046793,143.51728424138412,-0.38899089791414726,BALANCING
0.254,5.793101255247326,-27.391021236763695,141.46683387238443,-0.3358467206926482,BALANCING
0.256,5.740416547559765,-25.29604947499979,139.5992490204139,-0.2860252133639352,BALANCING
0.258,5.691788895299367,-23.33376524619594,137.90279373611148,-0.2393135592308114,BALANCING
0.26,5.646961536102237,-21.495568631409522,136.3664838863855,-0.19551205069773428,BALANCING
0.262,5.605694354936329,-19.77341139574076,134.98004068383534,-0.15443337300339813,BALANCING
0.264,5.567762815190511,-18.159762582701006,133.73384678514904,-0.11590190787692507,BALANCING
0.266,5.532956956606968,-16.64757607351131,132.6189048799481,-0.07975306146292542,BALANCING
0.268,5.501080456202849,-15.230260035689263,131.62679867796155,-0.04583261927616198,BALANCING
0.27,5.471949748484154,-13.901648179478826,130.7496561940129,-0.013996129791728795,BALANCING
0.272,5.445393201420799,-12.6559727376519,129.98011522567836,0.0,BALANCING
0.274,5.421075501856283,-11.662405661854299,129.54756948499957,0.0,BALANCING
0.276,5.398740946510069,-10.67278706477526,129.1164631630923,0.0,BALANCING
0.278,5.378381886832028,-9.686868694160669,128.68679146988188,0.0,BALANCING
0.28,5.35999116986579,-8.704403198735092,128.25854963123393,0.0,BALANCING
0.28200000000000003,5.34356213650536,-7.725144069650024,127.83173288890143,0.0,BALANCING
0.28400000000000003,5.329088619868712,-6.748845582059859,127.40633650047171,0.0,BALANCING
0.28600000000000003,5.3165649437881015,-5.775262736819172,126.98235573931389,0.0,BALANCING
0.28800000000000003,5.305985921416874,-4.804151202294659,126.55978589452621,0.0,BALANCING
0.29,5.297346853952538,-3.835267256284977,126.13862227088389,0.0,BALANCING
0.292,5.290643529475897,-2.868367728041531,125.71886018878672,0.0,BALANCING
0.294,5.285872221906044,-1.9032099403832055,125.30049498420728,0.0,BALANCING
0.296,5.283029690071039,-0.9395516518978625,124.88352200863899,0.3620076036578272,BALANCING
0.298,5.281102706949628,-0.9861712555003816,125.83366117559636,0.3542999176090538,BALANCING
0.3,5.279126733242867,-0.9886254866541324,126.72369133378002,0.3487103980443872,BALANCING
0.302,5.277179514544167,-0.9574783321135589,127.56791019333849,0.3447607660847077,BALANCING
0.304,5.275320072717099,-0.9008943489808837,128.37737904947733,0.3420896471556227,BALANCING
0.306,5.273592919224848,-0.8252230292728673,129.1607109954056,0.34042020309991966,BALANCING
0.308,5.272031260853421,-0.7354223593409845,129.9246420906857,0.33953804619086536,BALANCING
0.31,5.270659468568518,-0.6353723450967158,130.67445406245847,0.33927573237697506,BALANCING
0.312,5.269494996934127,-0.5281110793473388,131.4142925271175,0.33950160995067635,BALANCING
0.314,5.268549887342911,-0.41601497424727185,132.14740992047442,0.34011163708430747,BALANCING
0.316,5.267831951921588,-0.300937936180205,132.8763530774026,0.34102327489504347,BALANCING
0.318,5.267345709849616,-0.18431983928035545,133.60310943165388,0.34217086361557125,BALANCING
0.32,5.267093130061753,-0.0672717149604159,134.3292218390552,0.343502078847477,BALANCING
0.322,5.267074221478223,0.04935692913421292,135.0558793227116,0.3449751874533456,BALANCING
0.324,5.267287502479774,0.16492464494564674,135.78398915312323,0.34655690398659633,BALANCING
0.326,5.267730374309705,0.27895541321496964,136.51423433480662,0.3482207037680286,BALANCING
0.328,5.268399417763826,0.391104544876281,137.24711959986735,0.3499454869614449,BALANCING
0.33,5.269290628457697,0.5011313432403492,137.9830082947159,0.35171451498362366,BALANCING
0.332,5.270399602813824,0.6088771508075856,138.7221520134271,0.3535145599414432,BALANCING
0.334,5.271721684458182,0.7142477030413602,139.4647144290348,0.3553352218866419,BALANCING
0.336,5.273252078788516,0.8171989393341341,140.210790467026,0.35716837908641236,BALANCING
0.338,5.274985941953345,0.9177255970911282,140.9604217286547,0.35900774428657756,BALANCING
0.34,5.276918449269339,1.0158520514599303,141.71360888773302,0.3608485058224933,BALANCING
0.342,5.279044847137049,1.1116249702493908,142.47032164046084,0.36268703691986776,BALANCING
0.34400000000000003,5.2813604917385675,1.205107437975704,143.23050667423536,0.3645206599836715,BALANCING
0.34600000000000003,5.283860877175718,1.2963742699204406,143.99409403125952,0.3663474553568151,BALANCING
0.34800000000000003,5.286541655202584,1.3855082904663396,144.7610021709148,0.36816610612916967,BALANCING
0.35000000000000003,5.2893986482976025,1.4725973927342333,145.53114197731352,0.3699757722299274,BALANCING
0.352,5.292427857488904,1.5577322309290649,146.3044199121678,0.37177598834486825,BALANCING
0.354,5.29562546607725,1.6410044245502569,147.08074047576727,0.37356658124180203,BALANCING
0.356,5.2989878401817,1.7225051760805266,147.86000810863135,0.37534760292064806,BALANCING
0.358,5.302511526854635,1.8023242219928386,148.6421286418707,0.3771192766738028,BALANCING
0.36,5.3061932503673175,1.8805490517384456,149.42701038434186,0.3788819536819434,BALANCING
0.362,5.310029907148574,1.957264341457672,150.21456491841903,0.3806360782067931,BALANCING
0.364,5.314018559762563,2.032551559012755,151.00470766293694,0.3823821597963897,BALANCING
0.366,5.3181564302328415,2.1064887049971532,151.79735825101324,0.3841207512063305,BALANCING
0.368,5.322440892955893,2.179150160964332,152.59244076158686,0.3858524309752054,BALANCING
0.37,5.326869467395118,2.2506066215118166,153.38988383624496,0.3875777897841621,BALANCING
0.372,5.33143981070403,2.3209250912722457,154.18962070696284,0.3892974198874309,BALANCING
0.374,5.336149710393094,2.3901689314798173,154.99158915550686,0.39101190702919597,BALANCING
0.376,5.340997077126986,2.4583979437422325,155.7957314212595,0.39272182436766856,BALANCING
0.378,5.345979937716682,2.525668481072784,156.60199407095485,0.3944277280138346,BALANCING
0.38,5.351096428352965,2.592033578220716,157.4103278411392,0.39613015386354294,BALANCING
0.382,5.356344788113554,2.657543094959103,158.22068746198195,0.39782961546013723,BALANCING
0.384,5.361723352764766,2.722243867312813,159.0330314692762,0.3995266026730008,BALANCING
0.386,5.367230548869641,2.7861798627875856,159.8473220100112,0.4012215810170072,BALANCING
0.388,5.372864888207445,2.8493923365383873,160.6635246457128,0.40291499147047066,BALANCING
0.39,5.378624962504114,2.9119199861269136,161.48160815678517,0.40460725067600645,BALANCING
0.392,5.384509438469,2.973799103093808,162.3015443503074,0.40629875143076194,BALANCING
0.394,5.390517053130255,3.035063720035231,163.12330787310893,0.40798986339058685,BALANCING
0.396,5.396646609458926,3.095745752245916,163.9468760314431,0.4096809339275846,BALANCING
0.398,5.4028969722702405,3.155875133288212,164.77222861817282,0.4113722890926697,BALANCING
0.4,5.409267064389538,3.2154799440826496,165.59934774806098,0.4130642346447427,BALANCING
0.402,5.415755863069665,3.274586535301342,166.4282177015054,0.4147570571162377,BALANCING
0.404,5.422362396646374,3.333219642990466,167.2588247768587,0.4164510248914546,BALANCING
0.406,5.4290857414182145,3.391402497459725,168.09115715132066,0.41814638927948844,BALANCING
0.40800000000000003,5.435925018737578,3.4491569255614083,168.9252047502735,0.41984338556796,BALANCING
0.41000000000000003,5.44287939229986,3.506503446544568,169.7609591248433,0.42154223404728236,BALANCING
0.41200000000000003,5.449948065618125,3.5634613617153086,170.598413337407,0.4232431409980606,BALANCING
0.41400000000000003,5.457130279671143,3.62004883816554,171.43756185471983,0.4249462996364886,BALANCING
0.41600000000000004,5.464425310713221,3.6762829868528697,172.27840044830876,0.4266518910144311,BALANCING
0.418,5.471832468234828,3.732179935325753,173.12092610175984,0.4283600848723023,BALANCING
0.42,5.479351093063607,3.7877548953926414,173.9651369245195,0.4300710404439769,BALANCING
0.422,5.486980555595949,3.8430222260331632,174.81103207182915,0.4317849072138324,BALANCING
0.424,5.494720254149918,3.8979954918445925,175.65861167041723,0.43350182562667966,BALANCING
0.426,5.502569613430878,3.952687517309108,176.5078767495815,0.4352219277518322,BALANCING
0.428,5.510528083101746,4.007110437157366,177.3588291773075,0.4369453379029239,BALANCING
0.43,5.518595136450322,4.061275743092382,178.21147160108208,0.43867217321532637,BALANCING
0.432,5.526770269146664,4.115194327125247,179.0658073930774,0.44040254418319313,BALANCING
0.434,5.535052998083992,4.16887652176107,179.92184059939746,0.4421365551582424,BALANCING
0.436,5.5434428602970165,4.222332137260198,180.77957589309582,0.44387430481243934,BALANCING
0.438,5.551939411952082,4.275570496186384,181.6390185306904,0.4456158865667387,BALANCING
0.44,5.56054222740388,4.328600465440411,182.50017431191844,0.447361388988017,BALANCING
0.442,5.569250898313896,4.38143048596481,183.363049542491,0.44911089615627053,BALANCING
0.444,5.57806503282611,4.43406860029289,184.2276509996223,0.450864488004088,BALANCING
0.446,5.586984254795789,4.48652247810343,185.09398590012535,0.45262224063031553,BALANCING
0.448,5.596008203067543,4.53879943993099,185.96206187087853,0.4543842265897512,BALANCING
0.45,5.605136530799094,4.59090647917108,186.83188692148352,0.4561505151606002,BALANCING
0.452,5.614368904827479,4.64285028250926,187.70346941894653,0.4579211725913312,BALANCING
0.454,5.623705005074641,4.694637248893706,188.5768180642283,0.45969626232847277,BALANCING
0.456,5.633144523989623,4.746273507161824,189.45194187051945,0.4614758452267917,BALANCING
0.458,5.642687166024771,4.797764932423141,190.3288501431087,0.46325997974319866,BALANCING
0.46,5.6523326471435436,4.849117161292911,191.20755246072142,0.4650487221156417,BALANCING
0.462,5.662080694357732,4.9003356060635905,192.08805865821603,0.466842126528148,BALANCING
0.464,5.671931045292033,4.951425467894659,192.97037881053387,0.4686402452631052,BALANCING
0.466,5.6818834477740925,5.00239174909494,193.8545232178064,0.4704431288417801,BALANCING
0.468,5.69193765944828,5.053239264565864,194.7405023915316,0.4722508261540069,BALANCING
0.47000000000000003,5.702093447411559,5.103972652468719,195.62832704173783,0.4740633845779056,BALANCING
0.47200000000000003,5.712350587869985,5.154596384174013,196.5180080650599,0.4758808500904187,BALANCING
0.47400000000000003,5.722708865814428,5.205114773546504,197.40955653365856,0.47770326736940233,BALANCING
0.47600000000000003,5.733168074714252,5.255531985615257,198.30298368491952,0.47953067988794185,BALANCING
0.47800000000000004,5.743728016227763,5.30585204467419,199.19830091187316,0.48136313000151565,BALANCING
0.48,5.754388499928333,5.3560788418550365,200.09551975428147,0.48320065902857495,BALANCING
0.482,5.76514934304517,5.406216142211318,200.99465189034174,0.48504330732506806,BALANCING
0.484,5.776010370217813,5.456267591348936,201.89570912896184,0.48689111435339005,BALANCING
0.486,5.786971413263458,5.5062367216361885,202.79870340256463,0.488744118746202,BALANCING
0.488,5.798032310956319,5.556126958023466,203.7036467603825,0.4906023583655282,BALANCING
0.49,5.809192908818263,5.60594162350051,204.61055136220656,0.49246587035750566,BALANCING
0.492,5.820453058920015,5.655683944216996,205.51942947255728,0.4943346912031295,BALANCING
0.494,5.831812619692304,5.7053570542901575,206.43029345524593,0.49620885676531046,BALANCING
0.496,5.843271455746325,5.754964000321391,207.34315576829928,0.49808840233253543,BALANCING
0.498,5.854829437702955,5.804507745642068,208.25802895922132,0.4999733626593953,BALANCING
0.5,5.866486442030229,5.853991174307252,209.17492566056808,0.5018637720042267,BALANCING
0.502,5.878242350888542,5.903417094854582,210.09385858581376,0.5037596641640911,BALANCING
0.504,5.890097051983173,5.952788243844315,211.0148405254876,0.5056610725072985,BALANCING
0.506,5.902050438423667,6.002107289195252,211.93788434356287,0.5075680300036625,BALANCING
0.508,5.9141024085897085,6.051376833330254,212.86300297408027,0.509480569252664,BALANCING
0.51,5.926252866003105,6.100599416143958,213.7902094179903,0.5113987225096825,BALANCING
0.512,5.938501719205533,6.149777517804423,214.71951674019894,0.5133225217104391,BALANCING
0.514,5.950848881641747,6.198913561399539,215.65093806680358,0.5152519984937904,BALANCING
0.516,5.963294271547918,6.24800991543828,216.58448658250612,0.5171871842229938,BALANCING
0.518,5.975837811844849,6.297068896216094,217.52017552819146,0.5191281100055612,BALANCING
0.52,5.988479430035794,6.346092770053109,218.45801819866074,0.5210748067118033,BALANCING
0.522,6.001219058108629,6.395083755413193,219.3980279405087,0.5230273049921645,BALANCING
0.524,6.01405663244215,6.444044024911295,220.34021815013628,0.524985635293433,BALANCING
0.526,6.026992093716285,6.492975707216051,221.28460227188936,0.5269498278739129,BALANCING
0.528,6.040025386826009,6.5418808888540605,222.23119379631606,0.5289199128176287,BALANCING
0.53,6.053156460798777,6.590761615921861,223.18000625853423,0.5308959200476379,BALANCING
0.532,6.0663852687152895,6.639619895711168,224.13105323670294,0.5328778793385063,BALANCING
0.534,6.079711767633431,6.6884576982526,225.0843483505913,0.5348658203280185,BALANCING
0.536,6.093135918515224,6.737276957782711,226.0399052602381,0.5368597725281641,BALANCING
0.538,6.1066576861566295,6.786079574138873,226.99773766469727,0.5388597653354598,BALANCING
0.54,6.120277039120086,6.834867414086208,227.95785930086353,0.5408658280406509,BALANCING
0.542,6.133993949669627,6.8836423125805135,228.92028394237343,0.5428779898378326,BALANCING
0.544,6.147808393708469,6.932406073970853,229.88502539857734,0.5448962798330356,BALANCING
0.546,6.161720350718947,6.9811604731452475,230.85209751357797,0.5469207270523078,BALANCING
0.548,6.1757298037046855,7.029907256622678,231.8215141653315,0.5489513604493311,BALANCING
0.55,6.189836739134904,7.0786481435944,232.79328926480795,0.5509882089126001,BALANCING
0.552,6.204041146890757,7.127384826917383,233.76743675520646,0.5530313012721947,BALANCING
0.554,6.218343020213618,7.176118974062508,234.74397061122346,0.5550806663061729,BALANCING
0.556,6.232742355655213,7.2248522280199925,235.72290483836977,0.5571363327466088,BALANCING
0.558,6.247239153029525,7.273586208164345,236.70425347233405,0.5591983292852982,BALANCING
0.56,6.261833415366392,7.322322511081027,237.68803057839017,0.5612666845791547,BALANCING
0.562,6.276525148866724,7.371062711356857,238.67425025084566,0.5633414272553161,BALANCING
0.5640000000000001,6.291314362859258,7.4198083623360604,239.66292661252942,0.5654225859159783,BALANCING
0.5660000000000001,6.3062010697588,7.46856099684377,240.65407381431595,0.5675101891429747,BALANCING
0.5680000000000001,6.3211852850258845,7.517322127878657,241.64770603468438,0.5696042655021193,BALANCING
0.5700000000000001,6.336267027127779,7.566093249276281,242.64383747931032,0.5717048435473236,BALANCING
0.5720000000000001,6.3514463175008,7.614875836344651,243.6424823806889,0.5738119518245073,BALANCING
0.5740000000000001,6.366723180513869,7.663671346473403,244.6436549977867,1,BALANCING
0.5760000000000001,6.380077317042691,5.695847722946876,248.37691444486828,1,BALANCING
0.578,6.389527826050358,3.7599070477138077,252.06892282840002,0.9634748417330593,BALANCING
0.58,6.395311665614328,2.0287253592843753,255.4850426302187,0.9263959290151418,BALANCING
0.582,6.397838299571565,0.5022562441112772,258.6247580841862,0.8938320025405584,BALANCING
0.584,6.397492997367588,-0.8436041311663034,261.5201839540308,0.8652504207717105,BALANCING
0.586,6.394615666573532,-2.0301199181620717,264.1996518130526,0.840181297831054,BALANCING
0.588,6.389506196962384,-3.076050153827281,266.6881557722423,0.8182101096641499,BALANCING
0.59,6.382429174955659,-3.9979439078323615,269.0077456930195,0.7989711713721033,BALANCING
0.592,6.3736180426250435,-4.810400655103659,271.1778740721257,0.782141883061618,BALANCING
0.594,6.363278766692396,-5.526299970997413,273.2157020571229,0.7674376536581934,BALANCING
0.596,6.351593075260388,-6.157004163737445,275.1363694077828,0.754607422799318,BALANCING
0.598,6.338721313203733,-6.7125370327996485,276.95323265127814,0.7434297103379971,BALANCING
0.6,6.324804961150078,-7.2017415661848805,278.6780751785731,0.7337091312909335,BALANCING
0.602,6.309968857685985,-7.632419058063414,280.321292587877,0.7252733213909688,BALANCING
0.604,6.2943231597534215,-8.01145183587839,281.89205619151403,0.7179702248653633,BALANCING
0.606,6.277965072082569,-8.344911528057628,283.39845725895515,0.7116657017619314,BALANCING
0.608,6.260980372872435,-8.638154575941336,284.84763426563063,0.7062414171737214,BALANCING
0.61,6.2434447597247225,-8.895906492804658,286.2458851497372,0.7015929791490102,BALANCING
0.612,6.225425037008129,-9.122336195778662,287.59876634335217,0.6976282959867353,BALANCING
0.614,6.206980163335147,-9.321121580263247,288.91118013606274,0.6942661270696948,BALANCING
0.616,6.188162175632378,-9.495507368621986,290.1874517457335,0.6914348044332873,BALANCING
0.618,6.169017004343616,-9.64835614338244,291.43139730907853,0.6890711049541473,BALANCING
0.62,6.149585192591988,-9.782193367923062,292.64638386183293,0.6871192554130684,BALANCING
0.622,6.129902530616251,-9.899247103021175,293.83538225227755,0.6855300547773838,BALANCING
0.624,6.110000615463306,-10.001483044176728,295.0010138206811,0.6842600998924122,BALANCING
0.626,6.089907344742867,-10.09063543100045,296.1455915791334,0.6832711023986917,BALANCING
0.628,6.06964735221279,-10.168234315003403,297.27115653971157,0.682529286127133,BALANCING
0.63,6.049242392048294,-10.235629614826168,298.37950976258196,0.6820048554905059,BALANCING
0.632,6.028711677840894,-10.29401233739798,299.47224062829747,0.6816715265067672,BALANCING
0.634,6.008072181660559,-10.344433298923695,300.5507517791391,0.681506113075215,BALANCING
0.636,5.9873388978862625,-10.387819640257874,301.61628112194245,0.6814881619958164,BALANCING
0.638,5.966525075955721,-10.424989396521507,302.669921238611,0.6815996309890094,BALANCING
0.64,5.945642425696109,-10.456664350201741,303.7126365097334,0.6818246046498474,BALANCING
0.642,5.9247012984661245,-10.48348136996688,304.74527822073685,0.6821490438672374,BALANCING
0.644,5.903710846959167,-10.50600241360282,305.7685978882659,0.68256056476556,BALANCING
0.646,5.882679166181676,-10.524723352458052,306.7832590164732,0.6830482436904804,BALANCING
0.648,5.861613417824457,-10.540081756241733,307.7898474682034,0.6836024451705371,BALANCING
0.65,5.840519939983554,-10.552463760661315,308.7888806142581,0.6842146701476078,BALANCING
0.652,5.81940434395668,-10.562210125955417,309.78081540470436,0.684877422088259,BALANCING
0.654,5.798271599637907,-10.569621581647027,310.7660554892268,0.6855840888693364,BALANCING
0.656,5.777126110853889,-10.57496354161135,311.74495749856237,0.686328838579341,BALANCING
0.658,5.755971781826631,-10.578470263645016,312.7178365858552,0.6871065275960929,BALANCING
0.66,5.734812075808241,-10.580348518983044,313.6849713151261,0.6879126194943436,BALANCING
0.662,5.71365006680989,-10.580780829499355,314.64660797377707,0.6887431135073991,BALANCING
0.664,5.6924884852385675,-10.579928323524449,315.60296437698895,0.6895944814171359,BALANCING
0.666,5.671329758159383,-10.577933255213138,316.55423322387617,0.6904636118794134,BALANCING
0.668,5.650176044816582,-10.574921227101369,317.50058505820925,0.6913477613088758,BALANCING
0.67,5.629029267971842,-10.571003150821143,318.44217088029353,0.6922445105503383,BALANCING
0.672,5.607891141552649,-10.566276976822621,319.37912445110413,0.6931517266550066,BALANCING
0.674,5.586763195045425,-10.56082922031796,320.31156432493424,0.6940675291600982,BALANCING
0.676,5.565646795016936,-10.55473630745519,321.23959564254375,0.69499026034129,BALANCING
0.678,5.5445431641022855,-10.548065762901864,322.16331171302426,0.6959184589699293,BALANCING
0.68,5.523453397757939,-10.540877257522844,323.0827954092742,0.696850837162089,BALANCING
0.682,5.502378479043089,-10.533223532635384,323.9981203990438,0.6977862599551973,BALANCING
0.684,5.481319291661621,-10.525151215382609,324.9093522309236,0.6987237272908877,BALANCING
0.686,5.460276631469593,-10.5167015380533,325.81654929236527,0.6996623581205763,BALANCING
0.6880000000000001,5.439251216629002,-10.507910972664693,326.71976365481333,0.7006013763836754,BALANCING
0.6900000000000001,5.418243696567286,-10.498811790791484,327.61904181924734,0.701540098637812,BALANCING
0.6920000000000001,5.397254659883269,-10.489432557448318,328.5144253738681,0.7024779231464212,BALANCING
0.6940000000000001,5.376284641323636,-10.479798566795163,329.40595157428004,0.7034143202520082,BALANCING
0.6960000000000001,5.355334127939436,-10.469932226519756,330.29365385529917,0.7043488238836046,BALANCING
0.6980000000000001,5.334403564519186,-10.459853396943709,331.1775622824452,0.7052810240647952,BALANCING
0.7000000000000001,5.313493358383801,-10.449579690186509,332.0577039502219,0.7062105603044264,BALANCING
0.7020000000000001,5.2926038836185,-10.439126734093133,332.93410333345645,0.7071371157660045,BALANCING
0.704,5.2717354848080085,-10.428508405076668,333.8067825972278,0.7080604121240389,BALANCING
0.706,5.250888480333568,-10.417737033538142,334.6757618702644,0.7089802050263966,BALANCING
0.708,5.230063165283336,-10.406823585094356,335.54105948611283,0.7098962800912683,BALANCING
0.71,5.209259814021725,-10.39577782046384,336.4026921958779,0.7108084493757626,BALANCING
0.712,5.188478682457842,-10.384608436525282,337.26067535588095,0.711716548260558,BALANCING
0.714,5.167720010048447,-10.373323190766541,338.1150230931939,0.7126204327015956,BALANCING
0.716,5.146984021566703,-10.361929011081003,338.96574845165344,0.7135199768055703,BALANCING
0.718,5.126270928664287,-10.350432092637536,339.8128635206579,0.714415070691068,BALANCING
0.72,5.10558093125119,-10.338837983346895,340.65637954877315,0.715305618601697,BALANCING
0.722,5.084914218714661,-10.327151659268019,341.49630704393917,0.7161915372415215,BALANCING
0.724,5.064270970996242,-10.315377591139367,342.3326558618548,0.7170727543066117,BALANCING
0.726,5.043651359543576,-10.303519803080848,343.16543528393476,0.7179492071895954,BALANCING
0.728,5.0230555481517385,-10.29158192438865,343.9946540860668,0.7188208418368377,BALANCING
0.73,5.002483693707086,-10.279567235236703,344.8203205992537,0.719687611740259,BALANCING
0.732,4.981935946845091,-10.267478707002532,345.64244276309563,0.7205494770479338,BALANCING
0.734,4.961412452532268,-10.255319037850793,346.46102817295736,0.721406403779473,BALANCING
0.736,4.940913350581138,-10.243090684133097,347.27608412156377,0.7222583631338426,BALANCING
0.738,4.920438776106082,-10.230795888096972,348.0876176356809,0.7231053308787349,BALANCING
0.74,4.899988859927049,-10.218436702338682,348.8956355084609,0.7239472868118731,BALANCING
0.742,4.8795637289272245,-10.206015011383482,349.70014432796296,0.724784214285786,BALANCING
0.744,4.859163506370091,-10.193532550731636,350.50115050229954,0.7256160997885651,BALANCING
0.746,4.838788312180631,-10.180990923668698,351.298660281807,0.7264429325740142,BALANCING
0.748,4.818438263194884,-10.16839161610336,352.0926797785902,0.7272647043353699,BALANCING
0.75,4.798113473381577,-10.155736009665183,352.88321498375143,0.7280814089174593,BALANCING
0.752,4.777814054039095,-10.143025393267136,353.67027178257587,0.728893042062768,BALANCING
0.754,4.757540113970683,-10.130260973313726,354.4538559679153,0.72969960118742,BALANCING
0.756,4.737291759640432,-10.117443882714204,355.23397325198164,0.7305010851835504,BALANCING
0.758,4.71706909531229,-10.104575188841565,356.0106292767384,0.7312974942449546,BALANCING
0.76,4.696872223174096,-10.09165590056143,356.7838296230549,0.7320888297132776,BALANCING
0.762,4.676701243448368,-10.078686974440341,357.55357981876944,0.7328750939423213,BALANCING
0.764,4.656556254491408,-10.065669320230048,358.3198853457901,0.7336562901783326,BALANCING
0.766,4.636437352882077,-10.05260380571302,359.0827516463465,0.7344324224543933,BALANCING
0.768,4.616344633501437,-10.039491260984333,359.8421841284924,0.7352034954972494,BALANCING
0.77,4.596278189604338,-10.02633248223631,360.59818817094845,0.7359695146451113,BALANCING
0.772,4.57623811288387,-10.013128235104354,361.3507691273616,0.7367304857751372,BALANCING
0.774,4.55622449352951,-9.999879257625652,362.09993233005144,0.7374864152394544,BALANCING
0.776,4.536237420279696,-9.986586262856243,362.8456830933027,0.7382373098087147,BALANCING
0.778,4.516276980469471,-9.973249941186644,363.5880267162586,0.7389831766222972,BALANCING
0.78,4.496343260073758,-9.959870962391474,364.3269684854612,0.7397240231443719,BALANCING
0.782,4.476436343746771,-9.946449977444328,365.06251367708137,0.7404598571251384,BALANCING
0.784,4.4565563148580125,-9.932987620125491,365.7946675588744,0.7411906865666248,BALANCING
0.786,4.4367032555252255,-9.919484508446835,366.52343539189354,0.7419165196925135,BALANCING
0.788,4.416877246644666,-9.90594124591534,367.2488224319913,0.7426373649215182,BALANCING
0.79,4.3970783679189935,-9.89235842265421,367.97083393113166,0.7433532308438928,BALANCING
0.792,4.377306697883035,-9.878736616398266,368.6894751385376,0.7440641262007047,BALANCING
0.794,4.357562313927677,-9.865076393378368,369.4047513016918,0.7447700598655449,BALANCING
0.796,4.337845292322091,-9.85137830910788,370.11666766720913,0.7454710408283907,BALANCING
0.798,4.318155708234457,-9.837642909082625,370.8252294815949,0.7461670781813641,BALANCING
0.8,4.298493635751384,-9.823870729404486,371.5304419919039,0.746858181106165,BALANCING
0.802,4.2788591478961315,-9.81006229733754,372.2323104463109,0.7475443588629812,BALANCING
0.804,4.259252316645795,-9.79621813180465,372.9308400946035,0.7482256207807004,BALANCING
0.806,4.2396732129475385,-9.782338743831446,373.62603618860607,0.7489019762482719,BALANCING
0.808,4.2201219067339935,-9.76842463694381,374.31790398254424,0.7495734347070816,BALANCING
0.81,4.2005984669379,-9.754476307524305,375.0064487333557,0.7502400056442223,BALANCING
0.812,4.181102961506072,-9.740494245132318,375.6916757009545,0.7509016985865525,BALANCING
0.8140000000000001,4.161635457412756,-9.726478932792102,376.3735901484542,0.7515585230954512,BALANCING
0.8160000000000001,4.142196020672443,-9.712430847252474,377.0521973423544,0.7522104887621869,BALANCING
0.8180000000000001,4.12278471635218,-9.698350459221423,377.72750255269614,0.7528576052038282,BALANCING
0.8200000000000001,4.10340160858344,-9.68423823357852,378.39951105318835,0.7534998820596328,BALANCING
0.8220000000000001,4.084046760573591,-9.670094629567707,379.06822812131054,0.7541373289878579,BALANCING
0.8240000000000001,4.064720234616982,-9.655920100972684,379.7336590383933,0.7547699556629422,BALANCING
0.8260000000000001,4.045422092105714,-9.641715096276926,380.3958090896797,0.7553977717730167,BALANCING
0.8280000000000001,4.026152393540084,-9.62748005881004,381.05468356437046,0.7560207870177039,BALANCING
0.8300000000000001,4.006911198538764,-9.61321542688204,381.7102877556542,0.7566390111061745,BALANCING
0.8320000000000001,3.987698565848714,-9.598921633906903,382.36262696072447,0.7572524537554273,BALANCING
0.834,3.9685145533548627,-9.584599108516601,383.0117064807864,0.7578611246887684,BALANCING
0.836,3.9493592180895623,-9.57024827466669,383.65753162105244,0.7584650336344673,BALANCING
0.838,3.9302326162418444,-9.555869551734382,384.3001076907305,0.7590641903245653,BALANCING
0.84,3.911134803166486,-9.541463354609927,384.9394400030037,0.7596586044938228,BALANCING
0.842,3.892065833392896,-9.527030093782074,385.5755338750042,0.7602482858787851,BALANCING
0.844,3.8730257606338414,-9.512570175418197,386.2083946277811,0.7608332442169561,BALANCING
0.846,3.854014637794009,-9.498084001439727,386.8380275862628,0.7614134892460643,BALANCING
0.848,3.835032516978431,-9.483571969593326,387.4644380792164,0.7619890307034127,BALANCING
0.85,3.8160794495007657,-9.4690344735183,388.0876314392019,0.7625598783253011,BALANCING
0.852,3.797155485891446,-9.454471902810635,388.7076130025241,0.7631260418465131,BALANCING
0.854,3.778260675905707,-9.439884643083968,389.32438810918137,0.7636875309998592,BALANCING
0.856,3.759395068531492,-9.425273076027855,389.93796210281226,0.7642443555157717,BALANCING
0.858,3.7405587119972457,-9.410637579463575,390.5483403306399,0.7647965251219422,BALANCING
0.86,3.7217516537795934,-9.395978527397713,391.1555281434147,0.7653440495429983,BALANCING
0.862,3.7029739406109243,-9.381296290073728,391.7595308953556,0.7658869385002162,BALANCING
0.864,3.684225618486863,-9.36659123402174,392.36035394409055,0.7664252017112623,BALANCING
0.866,3.665506732673651,-9.35186372210663,392.958002650595,0.7669588488899624,BALANCING
0.868,3.6468173277154277,-9.337114113574652,393.55248237913077,0.7674878897460933,BALANCING
0.87,3.628157447441426,-9.322342764098678,394.14379849718335,0.7680123339851982,BALANCING
0.872,3.609527134973073,-9.307550025822191,394.731956375399,0.7685321913084173,BALANCING
0.874,3.590926432731005,-9.292736247402098,395.3169613875217,0.7690474714123365,BALANCING
0.876,3.5723553824420002,-9.277901774050525,395.89881891032957,0.7695581839888505,BALANCING
0.878,3.5538140251458286,-9.26304694757558,396.4775343235709,0.7700643387250373,BALANCING
0.88,3.5353024012020158,-9.248172106421253,397.0531130099007,0.7705659453030468,BALANCING
0.882,3.5168205502965364,-9.233277585706443,397.6255603548164,0.771063013399995,BALANCING
0.884,3.4983685114484255,-9.218363717263191,398.1948817465946,0.7715555526878715,BALANCING
0.886,3.4799463230163115,-9.20343082967421,398.76108257622695,0.7720435728334514,BALANCING
0.888,3.461554022704881,-9.188479248309665,399.32416823735673,0.7725270834982159,BALANCING
0.89,3.4431916475712687,-9.17350929536337,399.88414412621535,0.773006094338278,BALANCING
0.892,3.4248592340313695,-9.158521289888295,400.4410156415595,0.7734806150043144,BALANCING
0.894,3.4065568178660914,-9.143515547831548,400.99478818460784,0.773950655141501,BALANCING
0.896,3.388284434227527,-9.128492382068762,401.5454671589789,0.774416224389454,BALANCING
0.898,3.3700421176450677,-9.113452102437975,402.0930579706282,0.7748773323821732,BALANCING
0.9,3.3518299020314415,-9.098395015772985,402.6375660277868,0.77533398874799,BALANCING
0.902,3.3336478206886913,-9.083321425936234,403.1789967408994,0.7757862031095172,BALANCING
0.904,3.3154959063140823,-9.068231633851214,403.71735552256285,0.7762339850836026,BALANCING
0.906,3.2973741910059515,-9.053125937534436,404.25264778746595,0.7766773442812831,BALANCING
0.908,3.279282706269487,-9.038004632126944,404.78487895232814,0.7771162903077428,BALANCING
0.91,3.2612214830224495,-9.022868009925432,405.3140544358401,0.7775508327622714,BALANCING
0.912,3.2431905516008297,-9.007716360412932,405.8401796586033,0.7779809812382255,BALANCING
0.914,3.2251899417644454,-8.99254997028913,406.3632600430715,0.7784067453229896,BALANCING
0.916,3.2072196827024775,-8.977369123500267,406.8833010134911,0.778828134597941,BALANCING
0.918,3.1892798030389495,-8.962174101268703,407.4003079958432,0.7792451586384123,BALANCING
0.92,3.171370330838143,-8.946965182122074,407.91428641778526,0.7796578270136588,BALANCING
0.922,3.1534912936099606,-8.931742641922128,408.4252417085935,0.7800661492868238,BALANCING
0.924,3.1356427183152284,-8.91650675389318,408.93317929910575,0.7804701350149059,BALANCING
0.926,3.117824631370943,-8.901257788650259,409.4381046216646,0.7808697937487276,BALANCING
0.928,3.1000370586554604,-8.885996014226883,409.9400231100609,0.7812651350329028,BALANCING
0.93,3.082280025513636,-8.870721696102533,410.43894019947805,0.7816561684058076,BALANCING
0.932,3.0645535567618998,-8.855435097229797,410.9348613264363,0.7820429033995488,BALANCING
0.934,3.0468576766932878,-8.840136478061181,411.4277919287376,0.7824253495399345,BALANCING
0.936,3.0291924090824134,-8.824826096575633,411.91773744541086,0.7828035163464447,BALANCING
0.9380000000000001,3.0115577771903896,-8.809504208304746,412.40470331665796,0.7831774133322029,BALANCING
0.9400000000000001,2.9939538037696956,-8.79417106635866,412.88869498379955,0.783547050003947,BALANCING
0.9420000000000001,2.9763805110689967,-8.778826921451657,413.36971788922165,0.7839124358620018,BALANCING
0.9440000000000001,2.9588379208379085,-8.763472021927496,413.8477774763228,0.7842735804002497,BALANCING
0.9460000000000001,2.9413260543317152,-8.748106613784419,414.3228791894611,0.7846304931061054,BALANCING
0.9480000000000001,2.923844932316034,-8.732730940699895,414.7950284739022,0.7849831834604866,BALANCING
0.9500000000000001,2.906394575071432,-8.717345244055085,415.2642307757675,0.7853316609377876,BALANCING
0.9520000000000001,2.888975002397996,-8.70194976295902,415.7304915419823,0.7856759350058528,BALANCING
0.9540000000000001,2.8715862336198517,-8.686544734272504,416.19381622022536,0.7860160151259494,BALANCING
0.9560000000000001,2.8542282875896374,-8.671130392631765,416.6542102588778,0.786351910752742,BALANCING
0.9580000000000001,2.8369011826929302,-8.65570697047182,417.111679106973,0.7866836313342652,BALANCING
0.96,2.819604936852622,-8.640274698049586,417.56622821414663,0.7870111863118985,BALANCING
0.962,2.8023395675332576,-8.624833803466737,418.01786303058736,0.7873345851203399,BALANCING
0.964,2.785105091745318,-8.609384512692287,418.46658900698753,0.7876538371875809,BALANCING
0.966,2.7679015260494686,-8.593927049584948,418.9124115944945,0.7879689519348796,BALANCING
0.968,2.7507288865607507,-8.57846163591521,419.35533624466217,0.7882799387767372,BALANCING
0.97,2.733587188952743,-8.562988491387182,419.7953684094034,0.7885868071208711,BALANCING
0.972,2.7164764484616692,-8.547507833660209,420.23251354094185,0.788889566368191,BALANCING
0.974,2.6993966798904654,-8.532019878370216,420.66677709176497,0.7891882259127729,BALANCING
0.976,2.6823478976128086,-8.516524839150831,421.0981645145772,0.7894827951418355,BALANCING
0.978,2.6653301155770976,-8.501022927654287,421.52668126225325,0.7897732834357143,BALANCING
0.98,2.6483433473103974,-8.485514353572048,421.9523327877921,0.7900597001678378,BALANCING
0.982,2.63138760592234,-8.469999324655253,422.375124544271,0.7903420547047033,BALANCING
0.984,2.614462904108982,-8.454478046734902,422.79506198479993,0.7906203564058518,BALANCING
0.986,2.5975692541566286,-8.438950723741831,423.21215056247684,0.7908946146238444,BALANCING
0.988,2.580706667945612,-8.423417557726458,423.6263957303425,0.7911648387042378,BALANCING
0.99,2.5638751569540332,-8.40787874887831,424.03780294133605,0.7914310379855611,BALANCING
0.992,2.547074732261465,-8.392334495545338,424.4463776482513,0.7916932217992912,BALANCING
0.994,2.530305404552616,-8.376784994253011,424.8521253036923,0.7919513994698295,BALANCING
0.996,2.5135671841209546,-8.361230439723203,425.2550513600304,0.7922055803144777,BALANCING
0.998,2.4968600808723007,-8.34567102489287,425.65516126936103,0.7924557736434159,BALANCING
1.0,2.4801841043283743,-8.330106940932508,426.0524604834606,0.7927019887596772,BALANCING
1.002,2.4635392636303126,-8.314538377264428,426.4469544537446,0.7929442349591257,BALANCING
1.004,2.446925567542146,-8.29896552158081,426.8386486312249,0.793182521530433,BALANCING
1.006,2.4303430244542423,-8.283388559861558,427.2275484664681,0.793416857755055,BALANCING
1.008,2.413791642386711,-8.267807676391968,427.6136594095542,0.7936472529072094,BALANCING
1.01,2.3972714289927803,-8.252223053780186,427.99698691003516,0.7938737162538527,BALANCING
1.012,2.3807823915621267,-8.23663487297449,428.3775364168939,0.7940962570546568,BALANCING
1.014,2.364324537024185,-8.221043313280353,428.7553133785041,0.7943148845619875,BALANCING
1.016,2.3478978719514108,-8.205448552377353,429.13032324258955,0.7945296080208812,BALANCING
1.018,2.3315024025625197,-8.189850766335864,429.5025714561842,0.794740436669023,BALANCING
1.02,2.3151381347256885,-8.17425012963357,429.8720634655927,0.7949473797367237,BALANCING
1.022,2.298805073961722,-8.158646815171812,430.2388047163507,0.7951504464468983,BALANCING
1.024,2.282503225447192,-8.14304099429173,430.602800653186,0.7953496460150434,BALANCING
1.026,2.2662325940175414,-8.127432836790248,430.96405671997957,0.795544987649216,BALANCING
1.028,2.249993184170154,-8.111822510935864,431.32257835972695,0.7957364805500102,BALANCING
1.03,2.233785000067401,-8.096210183484274,431.67837101450027,0.7959241339105371,BALANCING
1.032,2.217608045539646,-8.08059601969382,432.03144012541,0.7961079569164018,BALANCING
1.034,2.201462324088227,-8.064980183340774,432.38179113256734,0.7962879587456824,BALANCING
1.036,2.185347838888405,-8.049362836734447,432.72942947504714,0.7964641485689085,BALANCING
1.038,2.169264592792283,-8.033744140732123,433.0743605908501,0.7966365355490391,BALANCING
1.04,2.153212588331695,-8.018124254753841,433.41658991686666,0.7968051288414433,BALANCING
1.042,2.1371918277210664,-8.002503336797009,433.75612288883985,0.7969699375938762,BALANCING
1.044,2.1212023128602433,-7.98688154345085,434.0929649413292,0.7971309709464607,BALANCING
1.046,2.1052440453372974,-7.9712590299107005,434.4271215076747,0.7972882380316643,BALANCING
1.048,2.0893170264312975,-7.955635949992136,434.7585980199609,0.7974417479742797,BALANCING
1.05,2.073421257115054,-7.940012456144951,435.0873999089816,0.7975915098914029,BALANCING
1.052,2.0575567380578397,-7.924388699466985,435.4135326042041,0.797737532892414,BALANCING
1.054,2.0417234696280775,-7.908764829717784,435.7370015337349,0.7978798260789547,BALANCING
1.056,2.0259214518960054,-7.893140995332126,436.0578121242843,0.7980183985449093,BALANCING
1.058,2.0101506846363106,-7.877517343433381,436.3759698011322,0.7981532593763841,BALANCING
1.06,1.9944111673307405,-7.8618940198467415,436.69147998809376,0.7982844176516862,BALANCING
1.062,1.978702899170686,-7.846271169112289,437.00434810748544,0.7984118824413045,BALANCING
1.064,1.963025879059738,-7.830648934497929,437.31457958009105,0.7985356628078888,BALANCING
1.066,1.9473801056162197,-7.8150274580121755,437.6221798251287,0.7986557678062303,BALANCING
1.068,1.9317655771756916,-7.799406880416799,437.92715426021687,0.7987722064832412,BALANCING
1.07,1.9161822917934344,-7.783787341239332,438.229508301342,0.7988849878779358,BALANCING
1.072,1.900630247246903,-7.768168978785434,438.5292473628251,0.7989941210214093,BALANCING
1.074,1.8851094410381593,-7.752551930151126,438.8263768572897,0.7990996149368204,BALANCING
1.076,1.869619870396279,-7.736936331234891,439.1209021956291,0.7992014786393687,BALANCING
1.078,1.8541615322797351,-7.721322316749626,439.4128287869747,0.7992997211362791,BALANCING
1.08,1.8387344233787564,-7.705710020234483,439.7021620386637,0.7993943514267792,BALANCING
1.082,1.823338540117664,-7.690099574066565,439.9889073562076,0.7994853785020815,BALANCING
1.084,1.8079738786571835,-7.674491109472495,440.2730701432612,0.7995728113453646,BALANCING
1.086,1.7926404348967344,-7.658884756539862,440.55465580159057,0.7996566589317537,BALANCING
1.088,1.7773382044766977,-7.64328064422854,440.83366973104285,0.7997369302283014,BALANCING
1.09,1.7620671827806587,-7.627678900381875,441.1101173295151,0.7998136341939692,BALANCING
1.092,1.7468273649376302,-7.612079651737759,441.3840039929238,0.7998867797796092,BALANCING
1.094,1.731618745824252,-7.596483023939576,441.6553351151747,0.7999563759279443,BALANCING
1.096,1.716441320066969,-7.580889141547025,441.9241160881326,0.8000224315735511,BALANCING
1.098,1.701295082044188,-7.565298128046832,442.19035230159153,0.80008495564284,BALANCING
1.1,1.6861800258884125,-7.549710105863331,442.4540491432449,0.800143957054038,BALANCING
1.102,1.6710961454883584,-7.534125196368942,442.71521199865634,0.80019944471717,BALANCING
1.104,1.6560434344910462,-7.518543519894531,442.97384625123004,0.8002514275340401,BALANCING
1.106,1.641021886303874,-7.502965195739644,443.22995728218206,0.8002999143982147,BALANCING
1.108,1.6260314940966705,-7.4873903421826435,443.4835504705114,0.8003449141950035,BALANCING
1.11,1.611072250803727,-7.471819076490725,443.73463119297116,0.8003864358014421,BALANCING
1.112,1.59614414912581,-7.456251514929826,443.98320482404046,0.8004244880862735,BALANCING
1.114,1.5812471815321538,-7.440687772774422,444.22927673589567,0.8004590799099319,BALANCING
1.116,1.5663813402624334,-7.425127964317223,444.472852298383,0.8004902201245234,BALANCING
1.118,1.5515466173287196,-7.409572202878752,444.71393687899007,0.8005179175738096,BALANCING
1.12,1.536743004517412,-7.39402060081683,444.95253584281863,0.8005421810931896,BALANCING
1.122,1.5219704933911573,-7.378473269535949,445.18865455255695,0.8005630195096829,BALANCING
1.124,1.5072290752907445,-7.3629303194965425,445.4222983684527,0.800580441641912,BALANCING
1.1260000000000001,1.4925187413369854,-7.347391860224157,445.6534726482855,0.8005944563000855,BALANCING
1.1280000000000001,1.4778394824325747,-7.3318580003185225,445.8821827473406,0.8006050722859811,BALANCING
1.1300000000000001,1.4631912892639325,-7.31632884746252,446.10843401838173,0.800612298392928,BALANCING
1.1320000000000001,1.448574152303029,-7.300804508431054,446.3322318116246,0.8006161434057908,BALANCING
1.1340000000000001,1.433988061809193,-7.285285089099823,446.5535814747108,0.800616616100952,BALANCING
1.1360000000000001,1.4194330078308999,-7.269770694454004,446.7724883526817,0.800613725246296,BALANCING
1.1380000000000001,1.4049089802075447,-7.254261428596829,446.98895778795213,0.800607479601192,BALANCING
1.1400000000000001,1.3904159685711983,-7.238757394758072,447.20299512028487,0.8005978879164775,BALANCING
1.1420000000000001,1.375953962348345,-7.223258695302449,447.4146056867648,0.8005849589344421,BALANCING
1.1440000000000001,1.3615229507616042,-7.207765431737916,447.6237948217739,0.8005687013888114,BALANCING
1.1460000000000001,1.3471229228314368,-7.192277704723885,447.8305678569655,0.80054912400473,BALANCING
1.1480000000000001,1.3327538673778327,-7.176795614079342,448.0349301212396,0.8005262354987458,BALANCING
1.1500000000000001,1.3184157730219856,-7.161319258790883,448.2368869407176,0.8005000445787939,BALANCING
1.1520000000000001,1.3041086281879473,-7.145848737020653,448.43644363871795,0.8004705599441807,BALANCING
1.154,1.289832421104271,-7.130384146114214,448.63360553573125,0.800437790285568,BALANCING
1.156,1.2755871398056355,-7.114925582608304,448.82837794939604,0.8004017442849568,BALANCING
1.158,1.2613727721344554,-7.0994731422385335,449.02076619447445,0.800362430615672,BALANCING
1.16,1.2471893057424759,-7.084026919946983,449.2107755828284,0.8003198579423472,BALANCING
1.162,1.2330367280923518,-7.068587009889723,449.39841142339526,0.8002740349209075,BALANCING
1.164,1.2189150264592132,-7.053153505444253,449.5836790221646,0.8002249701985561,BALANCING
1.166,1.2048241879322141,-7.037726499216853,449.7665836821542,0.8001726724137579,BALANCING
1.168,1.1907641994160683,-7.022306083049863,449.9471307033869,0.8001171501962239,BALANCING
1.17,1.1767350476325698,-7.006892348028879,450.12532538286746,0.8000584121668964,BALANCING
1.172,1.1627367191220987,-6.991485384489861,450.3011730145591,0.7999964669379348,BALANCING
1.174,1.148769200245115,-6.976085282026186,450.47467888936063,0.7999313231126988,BALANCING
1.176,1.1348324771836351,-6.960692129495599,450.64584829508414,0.7998629892857347,BALANCING
1.178,1.1209265359426965,-6.945306015027108,450.81468651643195,0.7997914740427604,BALANCING
1.18,1.1070513623518095,-6.929927026027789,450.98119883497407,0.79971678596065,BALANCING
1.182,1.0932069420663928,-6.914555249189525,451.14539052912625,0.7996389336074201,BALANCING
1.184,1.0793932605691992,-6.899190770495669,451.30726687412755,0.7995579255422145,BALANCING
1.186,1.0656103031717237,-6.883833675227638,451.4668331420186,0.79947377031529,BALANCING
1.188,1.0518580550156025,-6.868484047971427,451.6240946016192,0.7993864764680018,BALANCING
1.19,1.0381365010739971,-6.853141972624059,451.77905651850733,0.7992960525327893,BALANCING
1.192,1.0244456261529657,-6.837807532399965,451.93172415499714,0.7992025070331621,BALANCING
1.194,1.0107854148928224,-6.8224808098372876,452.08210277011744,0.799105848483685,BALANCING
1.196,0.9971558517694821,-6.807161886804124,452.2301976195908,0.7990060853899651,BALANCING
1.198,0.9835569210957966,-6.791850844504699,452.37601395581225,0.7989032262486367,BALANCING
1.2,0.9699886070228753,-6.776547763485464,452.5195570278283,0.7987972795473485,BALANCING
1.202,0.9564508935413937,-6.761252723641139,452.66083208131585,0.7986882537647484,BALANCING
1.204,0.9429437644828922,-6.7459658042206865,452.799844358562,0.7985761573704709,BALANCING
1.206,0.9294672035210618,-6.730687083833215,452.9365990984431,0.7984609988251233,BALANCING
1.208,0.9160211941730166,-6.7154166404538245,453.0711015364045,0.7983427865802716,BALANCING
1.21,0.9026057198005576,-6.700154551429387,453.2033569044403,0.7982215290784275,BALANCING
1.212,0.8892207636114223,-6.684900893484263,453.333370431073,0.7980972347530345,BALANCING
1.214,0.8758663086605247,-6.669655742725957,453.4611473413335,0.797969912028455,BALANCING
1.216,0.8625423378511832,-6.654419174650709,453.58669285674176,0.7978395693199575,BALANCING
1.218,0.8492488339363377,-6.639191264149031,453.7100121952863,0.797706215033702,BALANCING
1.22,0.8359857795197553,-6.623972085511181,453.83111057140513,0.7975698575667282,BALANCING
1.222,0.8227531570572256,-6.608761712432571,453.94999319596593,0.7974305053069423,BALANCING
1.224,0.8095509488577453,-6.593560218019129,454.066665276247,0.7972881666331035,BALANCING
1.226,0.7963791370846914,-6.578367674792591,454.181132015918,0.7971428499148119,BALANCING
1.228,0.7832377037569845,-6.563184154695746,454.2933986150208,0.796994563512495,BALANCING
1.23,0.770126630750242,-6.548009729097612,454.4034702699502,0.7968433157773961,BALANCING
1.232,0.7570458997979195,-6.532844468798573,454.51135217343585,0.7966891150515605,BALANCING
1.234,0.7439954924924437,-6.517688444035443,454.61704951452293,0.7965319696678236,BALANCING
1.236,0.7309753902863346,-6.502541724486485,454.7205674785539,0.7963718879497989,BALANCING
1.238,0.7179855744933175,-6.487404379276376,454.8219112471498,0.7962088782118646,BALANCING
1.24,0.7050260262894248,-6.472276476981116,454.92108599819227,0.7960429487591522,BALANCING
1.242,0.6920967267140893,-6.457158085632878,455.01809690580495,0.7958741078875342,BALANCING
1.244,0.6791976566712266,-6.442049272724823,455.11294914033573,0.7957023638836113,BALANCING
1.246,0.6663287969303081,-6.426950105215843,455.20564786833876,0.7955277250247014,BALANCING
1.248,0.6534901281274257,-6.411860649535265,455.2961982525564,0.795350199578827,BALANCING
1.25,0.6406816307663451,-6.396780971587502,455.3846054519016,0.7951697958047035,BALANCING
1.252,0.6279032852195522,-6.381711136756654,455.47087462144054,0.7949865219517273,BALANCING
1.254,0.6151550717292886,-6.366651209911057,455.555010912375,0.7948003862599642,BALANCING
1.256,0.6024369704085782,-6.3516012554077825,455.6370194720247,0.7946113969601379,BALANCING
1.258,0.5897489612422465,-6.336561337097098,455.71690544381056,0.7944195622736185,BALANCING
1.26,0.5770910240879283,-6.321531518326868,455.7946739672373,0.7942248904124105,BALANCING
1.262,0.5644631386770695,-6.306511861946909,455.8703301778765,0.794027389579142,BALANCING
1.264,0.5518652846159179,-6.291502430313309,455.94387920734965,0.7938270679670526,BALANCING
1.266,0.5392974413865069,-6.276503285292686,456.0153261833115,0.7936239337599835,BALANCING
1.268,0.5267595883476303,-6.261514488266412,456.08467622943334,0.7934179951323651,BALANCING
1.27,0.5142517047358082,-6.246536100134784,456.1519344653862,0.7932092602492062,BALANCING
1.272,0.5017737696662451,-6.231568181321154,456.2171060068249,0.7929977372660838,BALANCING
1.274,0.4893257621337804,-6.216610791776017,456.2801959653712,0.7927834343291307,BALANCING
1.276,0.476907661013829,-6.201663990981054,456.341209448598,0.792566359575026,BALANCING
1.278,0.4645194450633157,-6.18672783795312,456.400151560013,0.7923465211309836,BALANCING
1.28,0.4521610929216006,-6.171802391248213,456.4570273990427,0.792123927114742,BALANCING
1.282,0.439832583111397,-6.156887708965381,456.5118420610167,0.791898585634553,BALANCING
1.284,0.4275338940396814,-6.141983848750593,456.56460063715156,0.7916705047891717,BALANCING
1.286,0.4152650039985956,-6.127090867800573,456.6153082145355,0.791439692667846,BALANCING
1.288,0.40302589116634197,-6.112208822866585,456.6639698761125,0.7912061573503057,BALANCING
1.29,0.39081653360807,-6.097337770258187,456.7105907006671,0.7909699069067531,BALANCING
1.292,0.37863690927675636,-6.082477765846934,456.75517576280896,0.7907309493978516,BALANCING
1.294,0.3664869960140772,-6.0676288650700565,456.7977301329573,0.7904892928747167,BALANCING
1.296,0.35436677155127305,-6.0527911229340825,456.8382588773263,0.790244945378905,BALANCING
1.298,0.3422762135100067,-6.037964594018436,456.87676705790955,0.7899979149424047,BALANCING
1.3,0.330215299403214,-6.023149332478985,456.91325973246535,0.7897482095876255,BALANCING
1.302,0.3181840066359472,-6.008345392051564,456.9477419545017,0.7894958373273886,BALANCING
1.304,0.3061823125062117,-5.99355282605545,456.98021877326175,0.7892408061649171,BALANCING
1.306,0.2942101942057956,-5.978771687396803,457.01069523370904,0.7889831240938261,BALANCING
1.308,0.28226762882109274,-5.964002028572072,457.03917637651296,0.7887227990981136,BALANCING
1.31,0.2703545933339186,-5.949243901671367,457.0656672380341,0.7884598391521505,BALANCING
1.312,0.25847106462231956,-5.934497358381793,457.0901728503103,0.7881942522206699,BALANCING
1.314,0.24661701946137596,-5.919762449990741,457.1126982410421,0.7879260462587605,BALANCING
1.316,0.23479243452399778,-5.905039227389165,457.1332484335785,0.7876552292118548,BALANCING
1.318,0.22299728638171476,-5.890327741074797,457.15182844690327,0.7873818090157206,BALANCING
1.32,0.21123155150545925,-5.875628041155352,457.16844329562053,0.7871057935964522,BALANCING
1.322,0.1994952062663434,-5.860940177351685,457.18309798994125,0.7868271908704605,BALANCING
1.324,0.18778822693642952,-5.84626419900092,457.19579753566927,0.7865460087444649,BALANCING
1.326,0.17611058968949464,-5.831600155059547,457.20654693418766,0.7862622551154831,BALANCING
1.328,0.16446227060178853,-5.816948094106482,457.21535118244503,0.7859759378708233,BALANCING
1.33,0.152843245652786,-5.802308064346096,457.22221527294226,0.785687064888075,BALANCING
1.332,0.14125349072593293,-5.787680113611218,457.227144193719,0.7853956440350999,BALANCING
1.334,0.12969298160938622,-5.773064289366101,457.2301429283401,0.7851016831700232,BALANCING
1.336,0.1181616939967483,-5.758460638709352,457.2312164558829,0.7848051901412255,BALANCING
1.338,0.1066596034877953,-5.7438692083768474,457.23036975092333,0.7845061727873343,BALANCING
1.34,0.09518668558919974,-5.729290044744596,457.2276077835238,0.7842046389372144,BALANCING
1.342,0.0837429157152474,-5.714723193831594,457.2229355192196,0.7839005964099608,BALANCING
1.344,0.07232826918854851,-5.700168701302633,457.21635791900616,0.7835940530148896,BALANCING
1.346,0.060942721240743396,-5.685626612471088,457.20787993932635,0.7832850165515299,BALANCING
1.348,0.04958624701320255,-5.671096972301674,457.1975065320578,0.7829734948096156,BALANCING
1.35,0.038258821557721236,-5.6565798254131705,457.1852426445002,0.7826594955690779,BALANCING
1.352,0.026960419837208663,-5.6420752160811265,457.17109321936283,0.7823430266000354,BALANCING
1.354,0.015691016726371763,-5.627583188240524,457.1550631947524,0.7820240956627883,BALANCING
1.356,0.004450587012393688,-5.613103785488426,457.13715750416003,0.7817027105078093,BALANCING
1.358,-0.006760894604392952,-5.59863705108659,457.1173810764497,0.7813788788757356,BALANCING
1.36,-0.017943453509838087,-5.58418302796406,457.0957388358458,0.7810526084973622,BALANCING
1.362,-0.029097115175311297,-5.569741758719723,457.07223570192093,0.7807239070936328,BALANCING
1.364,-0.04022190515704406,-5.555313285624847,457.04687658958403,0.7803927823756329,BALANCING
1.366,-0.05131784909547698,-5.540897650625592,457.0196664090684,0.7800592420445823,BALANCING
1.368,-0.062384972714612096,-5.526494895345484,456.99061006592007,0.7797232937918275,BALANCING
1.37,-0.07342330182137004,-5.512105061087884,456.9597124609856,0.7793849452988337,BALANCING
1.372,-0.08443286230495213,-5.497728188838409,456.92697849040087,0.7790442042371785,BALANCING
1.374,-0.09541368013620734,-5.483364319267347,456.8924130455792,0.7787010782685434,BALANCING
1.3760000000000001,-0.10636578136700396,-5.46901349273203,456.8560210132,0.7783555750447079,BALANCING
1.3780000000000001,-0.11728919212960605,-5.4546757492792,456.8178072751972,0.7780077022075406,BALANCING
1.3800000000000001,-0.12818393863605462,-5.440351128647336,456.77777670874804,0.777657467388994,BALANCING
1.3820000000000001,-0.13905004717755343,-5.426039670268966,456.7359341862617,0.7773048782110961,BALANCING
1.3840000000000001,-0.1498875441238593,-5.411741413272949,456.69228457536815,0.7769499422859438,BALANCING
1.3860000000000001,-0.16069645592267703,-5.397456396486741,456.646832738907,0.7765926672156964,BALANCING
1.3880000000000001,-0.171476809099059,-5.383184658438627,456.5995835349165,0.776233060592568,BALANCING
1.3900000000000001,-0.18222863025480876,-5.368926237359944,456.55054181662257,0.7758711299988218,BALANCING
1.3920000000000001,-0.19295194606788957,-5.354681171187269,456.49971243242805,0.7755068830067621,BALANCING
1.3940000000000001,-0.2036467832918369,-5.340449497564589,456.4471002259016,0.7751403271787286,BALANCING
1.3960000000000001,-0.2143131687551756,-5.326231253845455,456.3927100357672,0.7747714700670898,BALANCING
1.3980000000000001,-0.22495112936084077,-5.312026477095101,456.3365466958936,0.7744003192142359,BALANCING
1.4000000000000001,-0.23556069208560368,-5.297835204092552,456.2786150352834,0.7740268821525731,BALANCING
1.4020000000000001,-0.24614188397950104,-5.283657471332708,456.2189198780629,0.7736511664045165,BALANCING
1.4040000000000001,-0.25669473216526917,-5.269493315028404,456.1574660434714,0.7732731794824842,BALANCING
1.4060000000000001,-0.2672192638377816,-5.255342771112455,456.0942583458512,0.7728929288888912,BALANCING
1.408,-0.27771550626349123,-5.24120587523967,456.0293015946369,0.7725104221161427,BALANCING
1.41,-0.2881834867798762,-5.227082662788857,455.9626005943455,0.7721256666466288,BALANCING
1.412,-0.29862323279489006,-5.2129731688647984,455.8941601445661,0.7717386699527179,BALANCING
1.414,-0.30903477178641536,-5.198877428300218,455.82398503995006,0.7713494394967498,BALANCING
1.416,-0.31941813130172186,-5.184795475657709,455.75208007020086,0.7709579827310322,BALANCING
1.418,-0.3297733389569278,-5.170727345231668,455.67845002006413,0.7705643070978327,BALANCING
1.42,-0.34010042243646577,-5.156673071050184,455.60309966931806,0.7701684200293737,BALANCING
1.422,-0.35039940949255166,-5.142632686876926,455.5260337927633,0.7697703289478266,BALANCING
1.424,-0.36067032794465786,-5.128606226213004,455.44725716021355,0.7693700412653068,BALANCING
1.426,-0.37091320567899,-5.114593722298817,455.3667745364858,0.7689675643838668,BALANCING
1.428,-0.38112807064796717,-5.1005952081158705,455.2845906813909,0.7685629056954919,BALANCING
1.43,-0.39131495086970625,-5.086610716388588,455.2007103497238,0.7681560725820943,BALANCING
1.432,-0.4014738744275091,-5.072640279586107,455.11513829125454,0.767747072415507,BALANCING
1.434,-0.41160486946935426,-5.058683929924036,455.02787925071846,0.7673359125574795,BALANCING
1.436,-0.42170796420739115,-5.04474169936622,454.93893796780725,0.7669226003596724,BALANCING
1.438,-0.4317831869174387,-5.030813619626472,454.8483191771597,0.7665071431636512,BALANCING
1.44,-0.44183056593848685,-5.016899722170292,454.7560276083524,0.7660895483008823,BALANCING
1.442,-0.4518501296722014,-5.003000038216566,454.66206798589087,0.765669823092727,BALANCING
1.444,-0.4618419065824327,-4.989114598739259,454.5664450292004,0.7652479748504373,BALANCING
1.446,-0.47180592519472764,-4.975243434469073,454.4691634526171,0.7648240108751502,BALANCING
1.448,-0.48174221409584445,-4.961386575895106,454.3702279653793,0.7643979384578833,BALANCING
1.45,-0.49165080193327104,-4.947544053266483,454.2696432716183,0.7639697648795294,BALANCING
1.452,-0.5015317174147472,-4.933715896593979,454.16741407035005,0.7635394974108525,BALANCING
1.454,-0.5113849893077891,-4.919902135651616,454.0635450554662,0.763107143312482,BALANCING
1.456,-0.5212106464392173,-4.906102799978257,453.9580409157257,0.7626727098349093,BALANCING
1.458,-0.5310087176946884,-4.892317918879174,453.85090633474607,0.7622362042184821,BALANCING
1.46,-0.5407792320182288,-4.8785475214276035,453.7421459909951,0.7617976336934005,BALANCING
1.462,-0.550522218411773,-4.864791636466291,453.6317645577821,0.7613570054797122,BALANCING
1.464,-0.5602377059347031,-4.851050292609012,453.5197667032502,0.7609143267873083,BALANCING
1.466,-0.5699257237033934,-4.837323518242091,453.4061570903673,0.7604696048159187,BALANCING
1.468,-0.5795863008907567,-4.8236113415258846,453.2909403769184,0.7600228467551079,BALANCING
1.47,-0.5892194667257931,-4.809913790396277,453.1741212154972,0.7595740597842707,BALANCING
1.472,-0.5988252504931435,-4.796230892566141,453.05570425349816,0.7591232510726283,BALANCING
1.474,-0.6084036815326446,-4.782562675526788,452.9356941331082,0.7586704277792239,BALANCING
1.476,-0.6179547892388871,-4.7689091665494105,452.814095491299,0.7582155970529183,BALANCING
1.478,-0.6274786030607773,-4.7552703926865085,452.69091295981883,0.7577587660323868,BALANCING
1.48,-0.6369751525011006,-4.741646380773294,452.5661511651851,0.7572999418461147,BALANCING
1.482,-0.6464444671160885,-4.7280371574291005,452.4398147286762,0.756839131612393,BALANCING
1.484,-0.6558865765149887,-4.714442749058751,452.31190826632394,0.7563763424393152,BALANCING
1.486,-0.665301510359637,-4.7008631818539435,452.1824363889058,0.7559115814247732,BALANCING
1.488,-0.674689298364032,-4.6872984817945955,452.05140370193743,0.755444855656454,BALANCING
1.49,-0.6840499702939139,-4.6737486746502,451.91881480566497,0.7549761722118357,BALANCING
1.492,-0.693383555966344,-4.66021378598115,451.78467429505787,0.7545055381581836,BALANCING
1.494,-0.7026900852492887,-4.646693841140059,451.6489867598009,0.7540329605525473,BALANCING
1.496,-0.7119695880612041,-4.633188865273066,451.5117567842875,0.7535584464417568,BALANCING
1.498,-0.721222094370626,-4.619698883321134,451.3729889476118,0.7530820028624198,BALANCING
1.5,-0.7304476341957591,-4.606223920021326,451.232687823562,0.7526036368409162,BALANCING
1.502,-0.7396462376040714,-4.592763999908074,451.09085798061255,0.752123355393398,BALANCING
1.504,-0.7488179347118902,-4.5793191473144415,450.94750398191746,0.7516411655257833,BALANCING
1.506,-0.7579627556840003,-4.565889386373364,450.8026303853031,0.7511570742337548,BALANCING
1.508,-0.7670807307332451,-4.5524747410188855,450.65624174326115,0.7506710885027552,BALANCING
1.51,-0.7761718901201302,-4.539075234987378,450.5083426029417,0.7501832153079857,BALANCING
1.512,-0.7852362641524291,-4.525690891818754,450.3589375061463,0.7496934616144019,BALANCING
1.514,-0.7942738831847913,-4.512321734857663,450.20803098932106,0.749201834376711,BALANCING
1.516,-0.8032847776183534,-4.498967787254681,450.05562758355023,0.7487083405393689,BALANCING
1.518,-0.8122689779003516,-4.4856290719674865,449.9017318145487,0.748212987036578,BALANCING
1.52,-0.8212265145237376,-4.472305611762027,449.74634820265624,0.7477157807922832,BALANCING
1.522,-0.8301574180267962,-4.458997429213675,449.58948126283025,0.7472167287201701,BALANCING
1.524,-0.8390617189927646,-4.445704546708365,449.43113550463926,0.746715837723662,BALANCING
1.526,-0.8479394480494558,-4.432426986443738,449.27131543225676,0.7462131146959169,BALANCING
1.528,-0.856790635868882,-4.4191647704302515,449.1100255444545,0.7457085665198258,BALANCING
1.53,-0.8656153131668824,-4.405917920492304,448.94727033459594,0.7452022000680092,BALANCING
1.532,-0.8744135107027514,-4.392686458269332,448.78305429063033,0.744694022202815,BALANCING
1.534,-0.8831852592788699,-4.379470405216897,448.61738189508594,0.7441840397763165,BALANCING
1.536,-0.891930589740339,-4.366269782607776,448.45025762506424,0.7436722596303091,BALANCING
1.538,-0.9006495329746153,-4.353084611533028,448.28168595223343,0.7431586885963093,BALANCING
1.54,-0.9093421199111482,-4.339914912903057,448.1116713428224,0.7426433334955508,BALANCING
1.542,-0.91800838152102,-4.326760707448669,447.9402182576147,0.742126201138984,BALANCING
1.544,-0.9266483488165881,-4.313622015722107,447.7673311519425,0.7416072983272722,BALANCING
1.546,-0.935262052851128,-4.300498858098089,447.5930144756806,0.741086631850791,BALANCING
1.548,-0.9438495247184799,-4.287391254774833,447.41727267324046,0.7405642084896253,BALANCING
1.55,-0.952410795552697,-4.274299225775068,447.24011018356435,0.7400400350135675,BALANCING
1.552,-0.9609458965276945,-4.261222790947043,447.0615314401196,0.739514118182116,BALANCING
1.554,-0.9694548588569022,-4.24816196996552,446.88154087089293,0.7389864647444722,BALANCING
1.556,-0.9779377137929192,-4.235116782332765,446.7001428983844,0.7384570814395403,BALANCING
1.558,-0.9863944926271688,-4.222087247379522,446.51734193960215,0.737925974995924,BALANCING
1.56,-0.9948252266895569,-4.209073384265989,446.3331424060564,0.7373931521319259,BALANCING
1.562,-1.0032299473481319,-4.19607521198277,446.14754870375435,0.7368586195555448,BALANCING
1.564,-1.0116086860087463,-4.183092749351838,445.9605652331942,0.7363223839644749,BALANCING
1.566,-1.0199614741147205,-4.170126015027469,445.7721963893599,0.7357844520461043,BALANCING
1.568,-1.0282883431465086,-4.157175027497187,445.58244656171604,0.7352448304775123,BALANCING
1.57,-1.0365893246213653,-4.144239805082683,445.39132013420186,0.7347035259254695,BALANCING
1.572,-1.0448644500930155,-4.131320365940739,445.1988214852264,0.734160545046435,BALANCING
1.574,-1.053113751151325,-4.118416728064136,445.0049549876633,0.7336158944865563,BALANCING
1.576,-1.0613372594219745,-4.10552890928256,444.8097250088452,0.7330695808816666,BALANCING
1.578,-1.0695350065661322,-4.092656927263494,444.6131359105588,0.7325216108572854,BALANCING
1.58,-1.0777070242801328,-4.07980079951311,444.41519204904,0.7319719910286148,BALANCING
1.582,-1.085853344295154,-4.066960543377139,444.2158977749683,0.7314207280005406,BALANCING
1.584,-1.0939739983768968,-4.054136176041752,444.0152574334622,0.7308678283676302,BALANCING
1.586,-1.1020690183252682,-4.041327714534421,443.8132753640741,0.7303132987141313,BALANCING
1.588,-1.1101384359740631,-4.028535175724773,443.6099559007855,0.7297571456139714,BALANCING
1.59,-1.118182283190651,-4.015758576325444,443.4053033720018,0.7291993756307568,BALANCING
1.592,-1.1262005918756615,-4.0029979328929155,443.19932210054793,0.7286399953177713,BALANCING
1.594,-1.1341933939626743,-3.9902532618283524,442.9920164036632,0.7280790112179758,BALANCING
1.596,-1.1421607214179077,-3.97752457937843,442.7833905929967,0.7275164298640072,BALANCING
1.598,-1.150102606239912,-3.9648119016361547,442.57344897460274,0.7269522577781776,BALANCING
1.6,-1.1580190804592618,-3.952115244541677,442.36219584893604,0.7263865014724737,BALANCING
1.602,-1.165910176138252,-3.9394346238830953,442.14963551084736,0.7258191674485565,BALANCING
1.604,-1.173775925370594,-3.9267700552972586,441.93577224957863,0.7252502621977597,BALANCING
1.606,-1.1816163602811134,-3.9141215542705585,441.7206103487588,0.7246797922010901,BALANCING
1.608,-1.1894315130254516,-3.9014891361397144,441.50415408639907,0.7241077639292268,BALANCING
1.61,-1.1972214157897656,-3.8888728160925528,441.2864077348889,0.7235341838425206,BALANCING
1.612,-1.2049861007904317,-3.8762726091687814,441.0673755609911,0.7229590583909935,BALANCING
1.614,-1.2127256002737496,-3.8636885302607546,440.847061825838,0.7223823940143386,BALANCING
1.616,-1.2204399465156495,-3.8511205941142315,440.62547078492713,0.7218041971419197,BALANCING
1.618,-1.228129171821398,-3.8385688153291357,440.4026066881167,0.7212244741927708,BALANCING
1.62,-1.235793308525309,-3.8260332083602933,440.17847377962147,0.7206432315755961,BALANCING
1.622,-1.2434323889904526,-3.8135137875181813,439.9530762980092,0.7200604756887701,BALANCING
1.624,-1.2510464456083683,-3.801010566969662,439.72641847619565,0.7194762129203363,BALANCING
1.6260000000000001,-1.258635510798778,-3.788523560738706,439.4985045414413,0.7188904496480085,BALANCING
1.6280000000000001,-1.2661996170093006,-3.7760527827071217,439.2693387153469,0.7183031922391707,BALANCING
1.6300000000000001,-1.2737387967151699,-3.7635982466152695,439.0389252138498,0.7177144470508755,BALANCING
1.6320000000000001,-1.2812530824189503,-3.7511599660627715,438.8072682472197,0.7171242204298459,BALANCING
1.6340000000000001,-1.2887425066502574,-3.7387379545092196,438.57437202005525,0.7165325187124748,BALANCING
1.6360000000000001,-1.2962071019654782,-3.726332225274873,438.3402407312797,0.7159393482248251,BALANCING
1.6380000000000001,-1.3036469009474931,-3.713942791541355,438.1048785741377,0.7153447152826297,BALANCING
1.6400000000000001,-1.3110619362054003,-3.701569666352336,437.8682897361909,0.7147486261912916,BALANCING
1.6420000000000001,-1.318452240374239,-3.6892128626142204,437.6304783993149,0.7141510872458855,BALANCING
1.6440000000000001,-1.3258178461147159,-3.676872393096822,437.3914487396951,0.7135521047311567,BALANCING
1.6460000000000001,-1.3331587861129341,-3.6645482704340373,437.15120492782336,0.7129516849215215,BALANCING
1.6480000000000001,-1.3404750930801201,-3.6522405071245116,436.90975112849446,0.7123498340810689,BALANCING
1.6500000000000001,-1.347766799752355,-3.6399491155322985,436.66709150080237,0.7117465584635594,BALANCING
1.6520000000000001,-1.3550339388903057,-3.627674107887516,436.4232301981368,0.711141864312427,BALANCING
1.6540000000000001,-1.3622765432789579,-3.615415496287,436.1781713681801,0.710535757860779,BALANCING
1.6560000000000001,-1.3694946457273498,-3.603173292694947,435.9319191529033,0.7099282453313965,BALANCING
1.6580000000000001,-1.376688279068308,-3.5909475089435547,435.68447768856316,0.7093193329367353,BALANCING
1.6600000000000001,-1.3838574761581828,-3.5787381567336594,435.4358511056989,0.7087090268789269,BALANCING
1.6620000000000001,-1.3910022698765885,-3.5665452476353643,435.1860435291285,0.7080973333497784,BALANCING
1.6640000000000001,-1.3981226931261403,-3.5543687930886647,434.9350590779458,0.7074842585307743,BALANCING
1.666,-1.4052187788321957,-3.542208804404072,434.68290186551747,0.7068698085930767,BALANCING
1.668,-1.4122905599425963,-3.530065292763226,434.42957599947925,0.7062539896975261,BALANCING
1.67,-1.4193380694274098,-3.5179382692195094,434.1750855817336,0.7056368079946425,BALANCING
1.672,-1.4263613402786754,-3.5058277446986494,433.9194347084458,0.705018269624627,BALANCING
1.674,-1.4333604055101479,-3.493733729999326,433.66262747004174,0.7043983807173615,BALANCING
1.676,-1.4403352981570448,-3.4816562357937637,433.4046679512044,0.7037771473924107,BALANCING
1.678,-1.447286051275794,-3.4695952726283266,433.14556023087096,0.7031545757590228,BALANCING
1.68,-1.4542126979437826,-3.4575508509241053,432.88530838222994,0.7025306719161313,BALANCING
1.682,-1.4611152712591062,-3.4455229809775028,432.62391647271863,0.7019054419523548,BALANCING
1.684,-1.467993804340322,-3.433511672960812,432.36138856401965,0.7012788919459997,BALANCING
1.686,-1.4748483303261986,-3.421516936922791,432.0977287120587,0.7006510279650608,BALANCING
1.688,-1.4816788823754719,-3.409538782789233,431.8329409670015,0.7000218560672224,BALANCING
1.69,-1.4884854936665979,-3.397577220363535,431.56702937325105,0.6993913822998603,BALANCING
1.692,-1.4952681973975097,-3.3856322593272585,431.2999979694453,0.6987596127000422,BALANCING
1.694,-1.5020270267853744,-3.3737039092406875,431.03185078845416,0.6981265532945302,BALANCING
1.696,-1.5087620150663492,-3.361792179543382,430.7625918573769,0.6974922100997818,BALANCING
1.698,-1.5154731954953435,-3.3498970795547276,430.4922251975399,0.6968565891219514,BALANCING
1.7,-1.5221606013457765,-3.338018618474485,430.2207548244937,0.6962196963568915,BALANCING
1.702,-1.52882426590934,-3.326156805383326,429.948184748011,0.6955815377901553,BALANCING
1.704,-1.5354642224957604,-3.3143116492433755,429.6745189720838,0.6949421193969978,BALANCING
1.706,-1.5420805044325616,-3.3024831588987444,429.39976149492094,0.6943014471423767,BALANCING
1.708,-1.54867314506483,-3.29067134307606,429.12391630894626,0.6936595269809557,BALANCING
1.71,-1.5552421777549805,-3.278876210384992,428.8469874007958,0.6930163648571048,BALANCING
1.712,-1.5617876358825222,-3.267097769318775,428.5689787513155,0.6923719667049033,BALANCING
1.714,-1.568309552843827,-3.2553360282547277,428.2898943355593,0.6917263384481408,BALANCING
1.716,-1.5748079620518967,-3.2435909954547677,428.0097381227865,0.6910794860003193,BALANCING
1.718,-1.5812828969361346,-3.2318626790659217,427.7285140764597,0.6904314152646557,BALANCING
1.72,-1.587734390942115,-3.220151087120838,427.4462261542429,0.6897821321340829,BALANCING
1.722,-1.5941624775313559,-3.208456227538285,427.1628783079989,0.6891316424912526,BALANCING
1.724,-1.6005671901810907,-3.196778108123656,426.8784744837878,0.6884799522085364,BALANCING
1.726,-1.6069485623840425,-3.185116736569464,426.59301862186453,0.6878270671480291,BALANCING
1.728,-1.6133066276481987,-3.1734721204558367,426.3065146566769,0.6871729931615501,BALANCING
1.73,-1.6196414194965867,-3.161844267251008,426.01896651686377,0.6865177360906455,BALANCING
1.732,-1.6259529714670513,-3.1502331843118028,425.73037812525314,0.6858613017665907,BALANCING
1.734,-1.632241317112031,-3.138638878884122,425.44075339885995,0.6852036960103925,BALANCING
1.736,-1.638506489998338,-3.127061358103424,425.15009624888455,0.6845449246327914,BALANCING
1.738,-1.644748523706937,-3.1155006289951985,424.85841058071077,0.6838849934342636,BALANCING
1.74,-1.6509674518327255,-3.103956698475443,424.56570029390406,0.683223908205024,BALANCING
1.742,-1.6571633079843164,-3.0924295733511324,424.27196928220974,0.6825616747250284,BALANCING
1.744,-1.6633361257838195,-3.080919260320688,423.97722143355134,0.6818982987639755,BALANCING
1.746,-1.6694859388666248,-3.0694257659744393,423.6814606300288,0.68123378608131,BALANCING
1.748,-1.6756127808811874,-3.0579490967950886,423.3846907479171,0.6805681424262251,BALANCING
1.75,-1.6817166854888121,-3.0464892591581654,423.08691565766424,0.6799013735376644,BALANCING
1.752,-1.6877976863634403,-3.0350462593324843,422.78813922388997,0.6792334851443251,BALANCING
1.754,-1.693855817191436,-3.0236201034805954,422.48836530538404,0.6785644829646608,BALANCING
1.756,-1.6998911116713744,-3.0122107976592356,422.18759775510483,0.6778943727068835,BALANCING
1.758,-1.7059036035138309,-3.0008183478197727,421.8858404201778,0.677223160068967,BALANCING
1.76,-1.71189332644117,-2.98944275980865,421.58309714189386,0.6765508507386493,BALANCING
1.762,-1.7178603141873368,-2.978084039367827,421.2793717557085,0.6758774503934354,BALANCING
1.764,-1.7238046004976477,-2.9667421921352157,420.9746680912398,0.6752029647006002,BALANCING
1.766,-1.7297262191285832,-2.9554172236451155,420.66898997226735,0.6745273993171916,BALANCING
1.768,-1.735625203847581,-2.9441091393286456,420.36234121673107,0.6738507598900332,BALANCING
1.77,-1.7415015884328302,-2.9328179445141767,420.05472563672953,0.6731730520557269,BALANCING
1.772,-1.747355406673066,-2.9215436444277527,419.7461470385191,0.6724942814406567,BALANCING
1.774,-1.7531866923673656,-2.9102862441935193,419.43660922251263,0.6718144536609909,BALANCING
1.776,-1.7589954793249445,-2.899045748834142,419.12611598327817,0.6711335743226858,BALANCING
1.778,-1.7647818013649545,-2.8878221632712244,418.81467110953787,0.6704516490214881,BALANCING
1.78,-1.7705456923162821,-2.8766154923257266,418.50227838416686,0.6697686833429393,BALANCING
1.782,-1.776287186017347,-2.865425740718378,418.18894158419226,0.6690846828623767,BALANCING
1.784,-1.7820063163159021,-2.854252913070084,417.87466448079186,0.6683996531449394,BALANCING
1.786,-1.787703117068835,-2.8430970139023417,417.55945083929345,0.6677135997455689,BALANCING
1.788,-1.7933776221419682,-2.831958047637638,417.24330441917357,0.6670265282090143,BALANCING
1.79,-1.7990298654098635,-2.8208360185998584,416.92622897405687,0.6663384440698346,BALANCING
1.792,-1.8046598807556236,-2.809730931014684,416.60822825171465,0.6656493528524022,BALANCING
1.794,-1.8102677020706963,-2.7986427890099925,416.2893059940645,0.6649592600709067,BALANCING
1.796,-1.81585336325468,-2.787571596616254,415.9694659371691,0.6642681712293579,BALANCING
1.798,-1.8214168982151284,-2.7765173577669215,415.6487118112357,0.6635760918215892,BALANCING
1.8,-1.826958340867358,-2.7654800762988265,415.32704734061497,0.6628830273312615,BALANCING
1.802,-1.8324777251342537,-2.7544597559525648,415.00447624380047,0.6621889832318666,BALANCING
1.804,-1.8379750849460785,-2.7434564003728847,414.6810022334279,0.6614939649867304,BALANCING
1.806,-1.8434504542402803,-2.73247001310907,414.35662901627427,0.660797978049017,BALANCING
1.808,-1.8489038669613032,-2.7215005976153233,414.0313602932574,0.660101027861732,BALANCING
1.81,-1.854335357060396,-2.7105481572511443,413.7051997594351,0.6594031198577264,BALANCING
1.812,-1.8597449584954249,-2.6996126952817106,413.3781511040047,0.6587042594596998,BALANCING
1.814,-1.8651327052306834,-2.6886942148782493,413.0502180103024,0.6580044520802054,BALANCING
1.816,-1.870498631236707,-2.6777927191184134,412.7214041558027,0.6573037031216519,BALANCING
1.818,-1.875842770490084,-2.6669082109866507,412.39171321211796,0.6566020179763089,BALANCING
1.82,-1.8811651569732708,-2.6560406933745737,412.061148844998,0.6558994020263096,BALANCING
1.822,-1.8864658246744073,-2.6451901690813258,411.72971471432925,0.6551958606436561,BALANCING
1.824,-1.89174480758713,-2.634356640813948,411.3974144741348,0.6544913991902216,BALANCING
1.826,-1.897002139710391,-2.6235401111877406,411.0642517725736,0.6537860230177559,BALANCING
1.828,-1.9022378550482728,-2.612740582726624,410.7302302519403,0.6530797374678878,BALANCING
1.83,-1.9074519876098066,-2.6019580578634973,410.3953535486652,0.6523725478721306,BALANCING
1.832,-1.9126445714087907,-2.5911925389405956,410.05962529331305,0.6516644595518852,BALANCING
1.834,-1.9178156404636095,-2.5804440282098433,409.7230491105839,0.6509554778184448,BALANCING
1.836,-1.9229652287970533,-2.56971252783321,409.385628619312,0.6502456079729981,BALANCING
1.838,-1.928093370436138,-2.5589980398830563,409.0473674324658,0.6495348553066349,BALANCING
1.84,-1.9332000994119278,-2.5483005663424896,408.70826915714804,0.6488232251003485,BALANCING
1.842,-1.9382854497593556,-2.537620109105706,408.3683373945953,0.6481107226250413,BALANCING
1.844,-1.9433494555170456,-2.526956669978336,408.02757574017784,0.6473973531415286,BALANCING
1.846,-1.9483921507271378,-2.5163102506777917,407.6859877833998,0.6466831219005428,BALANCING
1.848,-1.9534135694351105,-2.505680852833603,407.3435771078986,0.6459680341427376,BALANCING
1.85,-1.9584137456896058,-2.495068477987763,407.00034729144556,0.6452520950986925,BALANCING
1.852,-1.9633927135422542,-2.484473127595061,406.6563019059452,0.6445353099889171,BALANCING
1.854,-1.9683505070475007,-2.4738948030234207,406.3114445174359,0.6438176840238556,BALANCING
1.856,-1.9732871602624322,-2.4633335055542336,405.9657786860893,0.6430992224038914,BALANCING
1.858,-1.9782027072466033,-2.452789236382695,405.61930796621084,0.6423799303193513,BALANCING
1.86,-1.9830971820618657,-2.442261996618131,405.27203590623964,0.6416598129505098,BALANCING
1.862,-1.9879706187721955,-2.4317517872843295,404.9239660487487,0.6409388754675941,BALANCING
1.864,-1.9928230514435237,-2.4212586093198687,404.575101930445,0.6402171230307881,BALANCING
1.866,-1.9976545141435653,-2.4107824635784394,404.2254470821696,0.639494560790238,BALANCING
1.868,-2.00246504094165,-2.4003233508291735,403.87500502889804,0.6387711938860557,BALANCING
1.87,-2.007254665908554,-2.3898812717569635,403.52377928974045,0.6380470274483244,BALANCING
1.872,-2.0120234231163305,-2.3794562269627857,403.1717733779418,0.6373220665971026,BALANCING
1.874,-2.016771346638143,-2.3690482169640186,402.81899080088226,0.6365963164424291,BALANCING
1.8760000000000001,-2.0214984705480994,-2.3586572421947576,402.4654350600775,0.6358697820843283,BALANCING
1.8780000000000001,-2.026204828921084,-2.3482833030061374,402.1111096511787,0.6351424686128138,BALANCING
1.8800000000000001,-2.030890455832593,-2.3379263996666393,401.75601806397356,0.6344143811078944,BALANCING
1.8820000000000001,-2.0355553853585686,-2.3275865323624116,401.4001637823862,0.6336855246395781,BALANCING
1.8840000000000001,-2.0401996515752368,-2.3172637011975765,401.0435502844776,0.6329559042678771,BALANCING
1.8860000000000001,-2.0448232885589404,-2.3069579061945396,400.6861810424464,0.6322255250428135,BALANCING
1.8880000000000001,-2.049426330385978,-2.2966691472943026,400.328059522629,0.631494392004423,BALANCING
1.8900000000000001,-2.0540088111324426,-2.286397424356764,399.9691891855003,0.630762510182761,BALANCING
1.8920000000000001,-2.058570764874055,-2.2761427371610314,399.609573485674,0.6300298845979068,BALANCING
1.8940000000000001,-2.0631122256860093,-2.265905085405722,399.24921587190335,0.6292965202599684,BALANCING
1.8960000000000001,-2.067633227642806,-2.2556844687092643,398.88811978708173,0.6285624221690891,BALANCING
1.8980000000000001,-2.072133804818097,-2.2454808866102014,398.52628866824324,0.6278275953154506,BALANCING
1.9000000000000001,-2.076613991284521,-2.23529433856749,398.163725946563,0.6270920446792796,BALANCING
1.9020000000000001,-2.0810738211135495,-2.2251248239607975,397.80043504735823,0.6263557752308518,BALANCING
1.9040000000000001,-2.0855133283753253,-2.2149723420908023,397.4364193900891,0.6256187919304985,BALANCING
1.9060000000000001,-2.0899325471385057,-2.204836892179485,397.0716823883586,0.62488109972861,BALANCING
1.9080000000000001,-2.0943315114701067,-2.194718473370427,396.70622744991425,0.6241427035656424,BALANCING
1.9100000000000001,-2.098710255435344,-2.1846170847291,396.3400579766481,0.6234036083721218,BALANCING
1.9120000000000001,-2.10306881309748,-2.17453272524316,395.9731773645981,0.6226638190686505,BALANCING
1.9140000000000001,-2.1074072185176655,-2.1644653938227347,395.6055890039484,0.6219233405659111,BALANCING
1.9160000000000001,-2.1117255057547872,-2.154415089300716,395.2372962790306,0.6211821777646734,BALANCING
1.9180000000000001,-2.116023708865313,-2.1443818104330443,394.86830256832434,0.6204403355557984,BALANCING
1.92,-2.1203018619031364,-2.134365555898997,394.4986112444584,0.6196978188202442,BALANCING
1.922,-2.124559998919427,-2.124366324301473,394.1282256742114,0.6189546324290716,BALANCING
1.924,-2.1287981539624754,-2.114384114167275,393.7571492185129,0.6182107812434496,BALANCING
1.926,-2.133016361077542,-2.104418923947395,393.38538523244426,0.6174662701146599,BALANCING
1.928,-2.137214654306706,-2.0944707520172905,393.01293706523967,0.6167211038841047,BALANCING
1.93,-2.141393067688714,-2.084539596677173,392.63980806028707,0.6159752873833091,BALANCING
1.932,-2.14555163525883,-2.0746254561522774,392.2660015551294,0.6152288254339292,BALANCING
1.934,-2.1496903910486873,-2.064728328593146,391.8915208814655,0.6144817228477568,BALANCING
1.936,-2.153809369086136,-2.0548482120759033,391.5163693651512,0.6137339844267249,BALANCING
1.938,-2.1579086033950974,-2.04498510460253,391.1405503262004,0.6129856149629132,BALANCING
1.94,-2.1619881279954147,-2.0351390041011372,390.7640670787863,0.6122366192385541,BALANCING
1.942,-2.1660479769027066,-2.025309908426242,390.38692293124245,0.611487002026039,BALANCING
1.944,-2.1700881841282182,-2.015497815359036,390.009121186064,0.6107367680879228,BALANCING
1.946,-2.1741087836786774,-2.0057027226076594,389.6306651399091,0.6099859221769302,BALANCING
1.948,-2.178109809556147,-1.9959246278074658,389.25155808359955,0.6092344690359616,BALANCING
1.95,-2.18209129575788,-1.9861635285212949,388.87180330212266,0.6084824133980992,BALANCING
1.952,-2.186053276276176,-1.976419422239737,388.49140407463216,0.6077297599866117,BALANCING
1.954,-2.1899957850982346,-1.9666923063814017,388.11036367444973,0.6069765135149617,BALANCING
1.956,-2.193918856206014,-1.9569821782931796,387.72868536906617,0.6062226786868105,BALANCING
1.958,-2.1978225235760864,-1.9472890352505088,387.3463724201427,0.6054682601960243,BALANCING
1.96,-2.2017068211794957,-1.937612874457638,386.96342808351255,0.6047132627266802,BALANCING
1.962,-2.2055717829816164,-1.927953693047887,386.5798556091821,0.6039576909530722,BALANCING
1.964,-2.20941744294201,-1.9183114880839078,386.1956582413325,0.6032015495397173,BALANCING
1.966,-2.2132438350142856,-1.908686256557946,385.8108392183209,0.602444843141361,BALANCING
1.968,-2.2170509931459588,-1.899077995392097,385.4254017726822,0.601687576402984,BALANCING
1.97,-2.220838951278312,-1.8894867014385646,385.03934913113017,0.6009297539598081,BALANCING
1.972,-2.224607743346254,-1.8799123714799197,384.6526845145592,0.6001713804373016,BALANCING
1.974,-2.228357403278182,-1.8703550022293522,384.2654111380459,0.5994124604511866,BALANCING
1.976,-2.232087964995842,-1.8608145903309297,383.87753221085035,0.5986529986074444,BALANCING
1.978,-2.235799462414192,-1.8512911323598487,383.48905093641787,0.5978929995023216,BALANCING
1.98,-2.239491929441264,-1.8417846248226868,383.09997051238076,0.5971324677223369,BALANCING
1.982,-2.243165399978027,-1.8322950641576574,382.7102941305595,0.5963714078442865,BALANCING
1.984,-2.2468199079182503,-1.8228224467348577,382.32002497696476,0.5956098244352512,BALANCING
1.986,-2.2504554871483675,-1.8133667688565194,381.92916623179906,0.5948477220526022,BALANCING
1.988,-2.2540721715473424,-1.803928026757258,381.5377210694581,0.5940851052440073,BALANCING
1.99,-2.2576699949865313,-1.79450621660432,381.1456926585329,0.5933219785474374,BALANCING
1.992,-2.261248991329551,-1.7851013344978315,380.7530841618112,0.5925583464911731,BALANCING
1.994,-2.2648091944321447,-1.7757133764710413,380.3598987362794,0.5917942135938103,BALANCING
1.996,-2.2683506381420453,-1.7663423384905688,379.9661395331242,0.591029584364268,BALANCING
1.998,-2.2718733562988476,-1.7569882164566473,379.5718096977345,0.5902644633017927,BALANCING
2.0,-2.275377382733871,-1.7476510062033677,379.1769123697033,0.589498854895967,BALANCING
2.0020000000000002,-2.2788627512700304,-1.7383307034989206,378.7814506828292,0.5887327636267143,BALANCING
2.004,-2.2823294957217035,-1.7290273040458373,378.3854277651186,0.5879661939643067,BALANCING
2.0060000000000002,-2.2857776498946,-1.7197408034812323,377.9888467387874,0.5871991503693702,BALANCING
2.008,-2.2892072475856304,-1.7104711973770406,377.591710720263,0.5864316372928923,BALANCING
2.0100000000000002,-2.292618322582777,-1.7012184812402593,377.1940228201861,0.5856636591762281,BALANCING
2.012,-2.296010908664963,-1.691982650513184,376.79578614341267,0.5848952204511069,BALANCING
2.0140000000000002,-2.2993850396019253,-1.6827637005736478,376.3970037890161,0.5841263255396386,BALANCING
2.016,-2.302740749154083,-1.6735616267352549,375.99767885028893,0.5833569788543213,BALANCING
2.0180000000000002,-2.3060780710724122,-1.6643764242476182,375.59781441474496,0.5825871847980465,BALANCING
2.02,-2.3093970390983154,-1.6552080882965947,375.1974135641213,0.581816947764107,BALANCING
2.0220000000000002,-2.3126976869634968,-1.646056614004518,374.79647937438034,0.581046272136203,BALANCING
2.024,-2.3159800483898327,-1.6369219964304318,374.395014915712,0.5802751622884484,BALANCING
2.0260000000000002,-2.319244157089249,-1.6278042305703209,373.9930232525356,0.5795036225853794,BALANCING
2.028,-2.322490046763591,-1.618703311357346,373.59050744350196,0.5787316573819586,BALANCING
2.0300000000000002,-2.3257177511045013,-1.6096192336620716,373.18747054149577,0.5779592710235842,BALANCING
2.032,-2.328927303793293,-1.6005519922926965,372.78391559363746,0.5771864678460952,BALANCING
2.0340000000000003,-2.3321187385008257,-1.5915015819952834,372.37984564128556,0.5764132521757792,BALANCING
2.036,-2.335292088887383,-1.5824679974539895,371.97526372003887,0.5756396283293788,BALANCING
2.0380000000000003,-2.3384473886025456,-1.5734512332912884,371.5701728597384,0.5748656006140982,BALANCING
2.04,-2.3415846712850708,-1.5644512840682026,371.1645760844701,0.5740911733276108,BALANCING
2.0420000000000003,-2.344703970562769,-1.5554681442845255,370.7584764125668,0.5733163507580661,BALANCING
2.044,-2.347805320052382,-1.5465018083790496,370.3518768566101,0.5725411371840959,BALANCING
2.0460000000000003,-2.350888753359461,-1.5375522707297897,369.9447804234336,0.571765536874822,BALANCING
2.048,-2.353954304078244,-1.5286195256542068,369.5371901141243,0.570989554089863,BALANCING
2.05,-2.3570020057915357,-1.5197035674094312,369.1291089240255,0.5702131930793409,BALANCING
2.052,-2.3600318920705896,-1.5108043901924864,368.72053984273873,0.5694364580838891,BALANCING
2.054,-2.363043996474983,-1.501921988140508,368.3114858541265,0.5686593533346578,BALANCING
2.056,-2.366038352552503,-1.493056355330965,367.9019499363144,0.5678818830533234,BALANCING
2.058,-2.369014993839022,-1.4842074857818837,367.4919350616937,0.5671040514520934,BALANCING
2.06,-2.3719739538583835,-1.475375373452062,367.08144419692354,0.566325862733715,BALANCING
2.062,-2.3749152661222808,-1.4665600122412923,366.67048030293375,0.5655473210914814,BALANCING
2.064,-2.3778389641301416,-1.4577613959905764,366.25904633492684,0.5647684307092393,BALANCING
2.066,-2.3807450813690076,-1.4489795184823457,365.8471452423808,0.5639891957613963,BALANCING
2.068,-2.383633651313422,-1.4402143734406758,365.4347799690515,0.5632096204129273,BALANCING
2.07,-2.3865047074253085,-1.4314659545315034,365.02195345297514,0.5624297088193831,BALANCING
2.072,-2.3893582831538582,-1.4227342553628428,364.6086686264711,0.5616494651268962,BALANCING
2.074,-2.3921944119354124,-1.4140192694849976,364.1949284161441,0.560868893472189,BALANCING
2.076,-2.395013127193348,-1.4053209903907782,363.78073574288686,0.5600879979825805,BALANCING
2.078,-2.397814462337963,-1.3966394115157112,363.366093521883,0.5593067827759943,BALANCING
2.08,-2.400598450766362,-1.3879745262382568,362.9510046626092,0.5585252519609655,BALANCING
2.082,-2.4033651258623414,-1.3793263278800165,362.53547206883803,0.5577434096366476,BALANCING
2.084,-2.4061145209962778,-1.3706948097059466,362.11949863864083,0.556961259892821,BALANCING
2.086,-2.408846669525013,-1.3620799649245692,361.7030872643899,0.5561788068098992,BALANCING
2.088,-2.411561604791742,-1.35348178668818,361.2862408327616,0.5553960544589372,BALANCING
2.09,-2.414259360125901,-1.3449002680930622,360.8689622247389,0.5546130069016383,BALANCING
2.092,-2.4169399688430566,-1.3363354021796898,360.45125431561394,0.5538296681903618,BALANCING
2.094,-2.4196034642447914,-1.3277871819329405,360.03311997499105,0.5530460423681302,BALANCING
2.096,-2.422249879618596,-1.3192556002822997,359.61456206678935,0.5522621334686373,BALANCING
2.098,-2.4248792482377572,-1.3107406501020704,359.19558344924553,0.5514779455162547,BALANCING
2.1,-2.427491603361248,-1.3022423242115766,358.7761869749167,0.550693482526041,BALANCING
2.102,-2.4300869782336174,-1.2937606153753718,358.35637549068304,0.5499087485037472,BALANCING
2.104,-2.4326654060848822,-1.285295516303443,357.9361518377507,0.5491237474458258,BALANCING
2.106,-2.4352269201304164,-1.2768470196514143,357.5155188516549,0.5483384833394379,BALANCING
2.108,-2.4377715535708444,-1.268415118020752,357.0944793622624,0.547552960162461,BALANCING
2.11,-2.4402993395919323,-1.2599998039589668,356.67303619377475,0.5467671818834964,BALANCING
2.112,-2.44281031136448,-1.2516010699598183,356.2511921647306,0.5459811524618768,BALANCING
2.114,-2.4453045020442126,-1.2432189084635155,355.8289500880093,0.5451948758476742,BALANCING
2.116,-2.4477819447716773,-1.2348533118569194,355.4063127708335,0.5444083559817072,BALANCING
2.118,-2.4502426726721316,-1.2265042724737427,354.983283014772,0.5436215967955494,BALANCING
2.12,-2.4526867188554426,-1.2181717825947518,354.5598636157429,0.5428346022115367,BALANCING
2.122,-2.4551141164159773,-1.2098558344479653,354.13605736401666,0.5420473761427741,BALANCING
2.124,-2.4575248984324998,-1.2015564202088536,353.7118670442187,0.5412599224931456,BALANCING
2.126,-2.459919097968064,-1.1932735320005379,353.28729543533274,0.54047224515732,BALANCING
2.128,-2.4622967480699125,-1.1850071618939884,352.8623453107039,0.5396843480207594,BALANCING
2.13,-2.4646578817693685,-1.176757301908221,352.43701943804143,0.5388962349597275,BALANCING
2.132,-2.4670025320817355,-1.168523944010495,352.01132057942203,0.5381079098412969,BALANCING
2.134,-2.469330732006192,-1.160307080116511,351.5852514912928,0.5373193765233567,BALANCING
2.136,-2.471642514525689,-1.1521067020906046,351.1588149244745,0.5365306388546207,BALANCING
2.138,-2.4739379126068486,-1.143922801745942,350.73201362416444,0.5357417006746353,BALANCING
2.14,-2.47621695919986,-1.1357553708447148,350.30485032993977,0.5349525658137878,BALANCING
2.142,-2.478479687238379,-1.1276044010983364,349.8773277757605,0.5341632380933133,BALANCING
2.144,-2.480726129639427,-1.119469884167634,349.4494486899728,0.5333737213253035,BALANCING
2.146,-2.4829563193032875,-1.1113518116630396,349.02121579531223,0.5325840193127143,BALANCING
2.148,-2.485170289113409,-1.1032501751447887,348.5926318089066,0.5317941358493736,BALANCING
2.15,-2.4873680719363023,-1.0951649661231064,348.16369944227944,0.53100407471999,BALANCING
2.152,-2.4895497006214424,-1.0870961760584026,347.73442140135336,0.53021383970016,BALANCING
2.154,-2.491715208001168,-1.0790437963614625,347.304800386453,0.5294234345563761,BALANCING
2.156,-2.4938646268905815,-1.0710078183936345,346.87483909230826,0.5286328630460356,BALANCING
2.158,-2.495997990087453,-1.062988233467025,346.4445402080581,0.5278421289174481,BALANCING
2.16,-2.4981153303721193,-1.0549850328446857,346.013906417253,0.5270512359098429,BALANCING
2.162,-2.500216680507388,-1.046998207740801,345.5829403978591,0.5262601877533787,BALANCING
2.164,-2.502302073238439,-1.0390277493208788,345.1516448222609,0.5254689881691499,BALANCING
2.166,-2.5043715412927274,-1.0310736487019383,344.72002235726495,0.5246776408691963,BALANCING
2.168,-2.506425117379886,-1.0231358969526962,344.288075664103,0.5238861495565106,BALANCING
2.17,-2.50846283419163,-1.0152144850937568,343.8558073984355,0.5230945179250458,BALANCING
2.172,-2.5104847244016626,-1.0073094040977948,343.4232202103549,0.5223027496597246,BALANCING
2.174,-2.512490820665575,-0.9994206448897438,342.990316744389,0.521510848436447,BALANCING
2.176,-2.514481155620754,-0.9915481983469826,342.55709963950466,0.5207188179220982,BALANCING
2.178,-2.516455761886287,-0.983692055299516,342.12357152911085,0.5199266617745578,BALANCING
2.18,-2.518414672062868,-0.9758522065301655,341.6897350410623,0.519134383642707,BALANCING
2.182,-2.5203579187326994,-0.9680286427747495,341.25559279766276,0.5183419871664373,BALANCING
2.184,-2.522285534459405,-0.9602213547222677,340.82114741566886,0.5175494759766587,BALANCING
2.186,-2.524197551787929,-0.9524303330150842,340.3864015062932,0.5167568536953081,BALANCING
2.188,-2.5260940032444505,-0.9446555682491112,339.9513576752081,0.5159641239353576,BALANCING
2.19,-2.527974921336284,-0.9368970509739918,339.51601852254896,0.5151712903008226,BALANCING
2.192,-2.5298403385517916,-0.929154771693279,339.08038664291786,0.5143783563867703,BALANCING
2.194,-2.531690287360289,-0.9214287208646197,338.64446462538706,0.5135853257793275,BALANCING
2.196,-2.5335248002119544,-0.913718888899933,338.2082550535028,0.5127922020556903,BALANCING
2.198,-2.5353439095377364,-0.9060252661655941,337.7717605052884,0.5119989887841313,BALANCING
2.2,-2.537147647749265,-0.8983478429826122,337.33498355324826,0.511205689524008,BALANCING
2.202,-2.538936047238759,-0.8906866096268098,336.89792676437145,0.5104123078257718,BALANCING
2.204,-2.540709140378938,-0.8830415563290019,336.460592700135,0.5096188472309763,BALANCING
2.206,-2.54246695952293,-0.8754126732751752,336.02298391650794,0.5088253112722851,BALANCING
2.208,-2.5442095370041833,-0.8677999506066654,335.5851029639545,0.5080317034734814,BALANCING
2.21,-2.5459369051363776,-0.8602033784203367,335.14695238743826,0.507238027349475,BALANCING
2.212,-2.5476490962133354,-0.8526229467687559,334.70853472642546,0.5064442864063121,BALANCING
2.214,-2.5493461425089325,-0.8450586456603727,334.2698525148887,0.5056504841411834,BALANCING
2.216,-2.5510280762770106,-0.8375104650596935,333.8309082813111,0.5048566240424318,BALANCING
2.218,-2.5526949297512895,-0.8299783948874585,333.3917045486893,0.5040627095895625,BALANCING
2.22,-2.5543467351452804,-0.8224624250208177,332.9522438345377,0.50326874425325,BALANCING
2.222,-2.5559835246521976,-0.8149625452935055,332.5125286508922,0.5024747314953473,BALANCING
2.224,-2.557605330444874,-0.8074787454960134,332.07256150431357,0.5016806747688948,BALANCING
2.226,-2.5592121846756704,-0.800011015375767,331.63234489589166,0.5008865775181282,BALANCING
2.228,-2.560804119476396,-0.792559344637298,331.19188132124884,0.5000924431784877,BALANCING
2.23,-2.562381166958217,-0.7851237229424195,330.7511732705442,0.49929827517662617,BALANCING
2.232,-2.5639433592115743,-0.7777041399103964,330.31022322847673,0.49850407693041815,BALANCING
2.234,-2.5654907283060986,-0.7703005851181202,329.86903367428994,0.497709851848968,BALANCING
2.236,-2.567023306290524,-0.7629130481002792,329.4276070817751,0.4969156033326189,BALANCING
2.238,-2.568541125192606,-0.7555415183495309,328.9859459192751,0.4961213347729618,BALANCING
2.24,-2.5700442170190354,-0.7481859853166742,328.54405264968887,0.4953270495528432,BALANCING
2.242,-2.571532613755357,-0.7408464384108192,328.1019297304745,0.49453275104637484,BALANCING
2.244,-2.573006347365885,-0.7335228669995576,327.6595796136539,0.49373844261894173,BALANCING
2.246,-2.5744654497936197,-0.7262152604091335,327.2170047458159,0.49294412762721096,BALANCING
2.248,-2.5759099529601674,-0.7189236079246114,326.774207568121,0.4921498094191407,BALANCING
2.25,-2.5773398887656547,-0.7116478987900463,326.3311905163046,0.49135549133398915,BALANCING
2.2520000000000002,-2.5787552890886496,-0.7043881222086535,325.88795602068126,0.49056117670232247,BALANCING
2.254,-2.5801561857860786,-0.6971442673429764,325.44450650614874,0.4897668688460242,BALANCING
2.2560000000000002,-2.5815426106931465,-0.6899163233150537,325.0008443921917,0.488972571078304,BALANCING
2.258,-2.5829145956232535,-0.6827042792065872,324.5569720928861,0.4881782867037061,BALANCING
2.2600000000000002,-2.5842721723679167,-0.675508124059109,324.11289201690255,0.48738401901811856,BALANCING
2.262,-2.58561537269669,-0.668327846874149,323.6686065675109,0.48658977130878167,BALANCING
2.2640000000000002,-2.586944228357084,-0.6611634366134006,323.22411814258413,0.48579554685429727,BALANCING
2.266,-2.588258771074484,-0.6540148821988866,322.7794291346021,0.4850013489246372,BALANCING
2.2680000000000002,-2.5895590325520743,-0.6468821725131266,322.3345419306559,0.484207180781152,BALANCING
2.27,-2.5908450444707585,-0.6397652963992986,321.8894589124518,0.4834130456765806,BALANCING
2.2720000000000002,-2.5921168384890794,-0.6326642426614079,321.4441824563154,0.48261894685505813,BALANCING
2.274,-2.5933744462431423,-0.6255790000644471,320.99871493319546,0.4818248875521258,BALANCING
2.2760000000000002,-2.5946178993465376,-0.6185095573345647,320.5530587086683,0.48103087099473907,BALANCING
2.278,-2.595847229390261,-0.6114559031592245,320.1072161429417,0.4802369004012772,BALANCING
2.2800000000000002,-2.597062467942639,-0.6044180261873734,319.661189590859,0.4794429789815516,BALANCING
2.282,-2.59826364654925,-0.5973959150296012,319.2149814019036,0.4786491099368151,BALANCING
2.2840000000000003,-2.5994507967328486,-0.5903895582583029,318.76859392020236,0.47785529645977076,BALANCING
2.286,-2.60062394999329,-0.5833989444078422,318.32202948453073,0.4770615417345812,BALANCING
2.2880000000000003,-2.6017831378074527,-0.5764240619747131,317.875290428316,0.476267848936877,BALANCING
2.29,-2.602928391629164,-0.5694648994177,317.4283790796421,0.4754742212337665,BALANCING
2.2920000000000003,-2.604059742889124,-0.5625214451580406,316.98129776125336,0.4746806617838439,BALANCING
2.294,-2.6051772229948313,-0.5555936875795858,316.53404879055904,0.4738871737371987,BALANCING
2.2960000000000003,-2.606280863330509,-0.5486816150289587,316.08663447963744,0.473093760235425,BALANCING
2.298,-2.607370695257028,-0.5417852158157163,315.6390571352399,0.47230042441162995,BALANCING
2.3000000000000003,-2.608446750111836,-0.5349044782125078,315.1913190587955,0.4715071693904436,BALANCING
2.302,-2.609509059208882,-0.5280393904552346,314.7434225464147,0.47071399828802696,BALANCING
2.3040000000000003,-2.610557653838543,-0.5211899407432081,314.29536988889424,0.46992091421208204,BALANCING
2.306,-2.6115925652675522,-0.5143561172393092,313.84716337172097,0.4691279202618603,BALANCING
2.308,-2.612613824738925,-0.5075379080701458,313.39880527507626,0.468335019528172,BALANCING
2.31,-2.613621463471887,-0.5007353013262098,312.95029787384027,0.46754221509339533,BALANCING
2.312,-2.614615512661803,-0.49394828506203564,312.5016434375963,0.4667495100314853,BALANCING
2.314,-2.615596003480103,-0.48717684729635646,312.0528442306351,0.4659569074079834,BALANCING
2.316,-2.616562967074213,-0.480420976012261,311.6039025119592,0.46516441028002614,BALANCING
2.318,-2.617516434567483,-0.47368065915735047,311.1548205352871,0.4643720216963545,BALANCING
2.32,-2.618456437059116,-0.46695588464389276,310.7056005490578,0.46357974469732305,BALANCING
2.322,-2.6193830056240976,-0.4602466403489796,310.25624479643517,0.462787582314909,BALANCING
2.324,-2.620296171313125,-0.4535529141146806,309.80675551531215,0.4619955375727218,BALANCING
2.326,-2.6211959651525403,-0.4468746937481989,309.3571349383152,0.4612036134860119,BALANCING
2.328,-2.622082418144256,-0.44021196702202525,308.90738529280884,0.46041181306168016,BALANCING
2.33,-2.6229555612656896,-0.4335647216740929,308.45750880089986,0.45962013929828704,BALANCING
2.332,-2.6238154254696937,-0.42693294540793,308.00750767944174,0.4588285951860616,BALANCING
2.334,-2.624662041684487,-0.42031662589281343,307.55738414003923,0.4580371837069114,BALANCING
2.336,-2.6254954408135838,-0.41371575076392264,307.1071403890527,0.4572459078344307,BALANCING
2.338,-2.6263156537357317,-0.40713030762249136,306.65677862760236,0.45645477053391087,BALANCING
2.34,-2.627122711304838,-0.4005602840359607,306.20630105157323,0.4556637747623488,BALANCING
2.342,-2.627916644349906,-0.39400566753813143,305.75570985161903,0.45487292346845654,BALANCING
2.344,-2.6286974836749644,-0.3874664456293142,305.3050072131671,0.4540822195926706,BALANCING
2.346,-2.6294652600590047,-0.3809426057764823,304.8541953164226,0.45329166606716115,BALANCING
2.348,-2.630220004255912,-0.3744341354134222,304.40327633637315,0.4525012658158415,BALANCING
2.35,-2.6309617469943984,-0.3679410219408846,303.95225244279345,0.45171102175437705,BALANCING
2.352,-2.6316905189779387,-0.36146325272673374,303.5011258002494,0.45092093679019507,BALANCING
2.354,-2.632406350884705,-0.35500081510609854,303.049898568103,0.4501310138224937,BALANCING
2.356,-2.6331092733674986,-0.34855369638152117,302.5985729005168,0.4493412557422515,BALANCING
2.358,-2.633799317053688,-0.3421218838231071,302.1471509464583,0.4485516654322367,BALANCING
2.36,-2.6344765125451435,-0.3357053646686736,301.69563484970473,0.44776224576701673,BALANCING
2.362,-2.6351408904181715,-0.3293041261238996,301.24402674884743,0.4469729996129673,BALANCING
2.364,-2.635792481223451,-0.3229181553624723,300.7923287772965,0.4461839298282821,BALANCING
2.366,-2.636431315485971,-0.31654743952623604,300.34054306328545,0.4453950392629819,BALANCING
2.368,-2.6370574237049653,-0.31019196572533975,299.8886717298757,0.44460633075892414,BALANCING
2.37,-2.63767083635385,-0.30385172103838387,299.4367168949611,0.44381780714981245,BALANCING
2.372,-2.6382715838801607,-0.2975266925125679,298.98468067127277,0.44302947126120584,BALANCING
2.374,-2.6388596967054894,-0.29121686716383716,298.53256516638373,0.4422413259105284,BALANCING
2.376,-2.639435205225422,-0.2849222319770288,298.08037248271324,0.44145337390707823,BALANCING
2.378,-2.639998139809478,-0.27864277390601777,297.6281047175317,0.4406656180520375,BALANCING
2.38,-2.6405485308010457,-0.2723784798738625,297.17576396296516,0.43987806113848177,BALANCING
2.382,-2.641086408517323,-0.2661293367729507,296.7233523060002,0.4390907059513888,BALANCING
2.384,-2.641611803249256,-0.25989533146514293,296.2708718284884,0.43830355526764914,BALANCING
2.386,-2.6421247452614773,-0.2536764507819188,295.818324607151,0.43751661185607466,BALANCING
2.388,-2.6426252647922457,-0.24747268152452112,295.3657127135837,0.4367298784774086,BALANCING
2.39,-2.6431133920533862,-0.24128401046409914,294.9130382142615,0.43594335788433475,BALANCING
2.392,-2.6435891572302292,-0.2351104243418529,294.46030317054294,0.43515705282148737,BALANCING
2.394,-2.644052590481552,-0.22895190986917693,294.0075096386754,0.43437096602546016,BALANCING
2.396,-2.6445037219395173,-0.22280845372780286,293.5546596697994,0.4335851002248161,BALANCING
2.398,-2.6449425817096173,-0.21668004256994164,293.1017553099535,0.43279945814009707,BALANCING
2.4,-2.645369199870611,-0.21056666301842675,292.64879860007903,0.43201404248383335,BALANCING
2.402,-2.645783606474468,-0.20446830166685695,292.195791576025,0.4312288559605529,BALANCING
2.404,-2.646185831546311,-0.19838494507973672,291.7427362685525,0.4304439012667911,BALANCING
2.406,-2.646575905084354,-0.19231657979261776,291.2896347033398,0.42965918109110063,BALANCING
2.408,-2.6469538570598488,-0.18626319231224192,290.836488900987,0.4288746981140604,BALANCING
2.41,-2.6473197174170244,-0.18022476911667976,290.3833008770208,0.4280904550082859,BALANCING
2.412,-2.647673516073031,-0.17420129665547304,289.93007264189947,0.427306454438438,BALANCING
2.414,-2.648015282917885,-0.16819276134977396,289.4768062010174,0.42652269906123313,BALANCING
2.416,-2.6483450478144084,-0.1621991495924854,289.02350355471,0.4257391915254526,BALANCING
2.418,-2.648662840598175,-0.15622044774839963,288.57016669825873,0.42495593447195246,BALANCING
2.42,-2.6489686910774553,-0.15025664215433943,288.11679762189567,0.4241729305336728,BALANCING
2.422,-2.649262629033157,-0.14430771911929552,287.66339831080853,0.4233901823356476,BALANCING
2.424,-2.6495446842187733,-0.13837366492456593,287.20997074514537,0.42260769249501445,BALANCING
2.426,-2.649814886360326,-0.1324544658238938,286.7565169000196,0.4218254636210239,BALANCING
2.428,-2.6500732651563106,-0.1265501080436063,286.3030387455147,0.42104349831504945,BALANCING
2.43,-2.6503198502776413,-0.12066057778275195,285.8495382466893,0.4202617991705968,BALANCING
2.432,-2.650554671367597,-0.11478586121323792,285.3960173635817,0.41948036877331396,BALANCING
2.434,-2.650777758041768,-0.10892594447996706,284.94247805121523,0.4186992097010007,BALANCING
2.436,-2.650989139888001,-0.10308081370097595,284.4889222596028,0.4179183245236182,BALANCING
2.438,-2.651188846466343,-0.09725045496757027,284.03535193375205,0.4171377158032989,BALANCING
2.44,-2.6513769073089954,-0.09143485434446108,283.58176901367005,0.41635738609435585,BALANCING
2.442,-2.651553351920253,-0.0856339978699007,283.12817543436836,0.4155773379432929,BALANCING
2.444,-2.6517182097764564,-0.07984787155581902,282.6745731258678,0.4147975738888141,BALANCING
2.446,-2.6518715103259365,-0.07407646138795833,282.2209640132038,0.4140180964618334,BALANCING
2.448,-2.652013282988963,-0.06831975332600869,281.7673500164308,0.4132389081854846,BALANCING
2.45,-2.652143557157695,-0.06257773330374197,281.31373305062755,0.4124600115751307,BALANCING
2.452,-2.652262362196124,-0.0568503872291471,280.8601150259021,0.4116814091383742,BALANCING
2.454,-2.6523697274400284,-0.051137700984563585,280.40649784739657,0.4109031033750662,BALANCING
2.456,-2.6524656821969184,-0.04543966042681565,279.9528834152923,0.41012509677731673,BALANCING
2.458,-2.6525502557459864,-0.03975625138734596,279.49927362481475,0.4093473918295041,BALANCING
2.46,-2.6526234773380564,-0.03408745967234825,279.0456703662384,0.40856999100828484,BALANCING
2.462,-2.6526853761955325,-0.028433271062901392,278.5920755248921,0.4077928967826034,BALANCING
2.464,-2.6527359815123517,-0.022793671315100683,278.13849098116367,0.407016111613702,BALANCING
2.466,-2.6527753224539303,-0.017168646160190964,277.6849186105053,0.4062396379551304,BALANCING
2.468,-2.652803428157118,-0.011558181304698548,277.23136028343805,0.4054634782527557,BALANCING
2.47,-2.6528203277301445,-0.0059622624305633014,276.7778178655576,0.4046876349447718,BALANCING
2.472,-2.6528260502525756,-0.00038087519526857765,276.32429321753864,0.40391211046171,BALANCING
2.474,-2.6528206247752593,0.005185994768024968,275.8707881951402,0.40313690722644796,BALANCING
2.476,-2.6528040803202813,0.010738361850350452,275.4173046492109,0.4023620276542199,BALANCING
2.478,-2.6527764458809133,0.01627624046680391,274.9638444256936,0.40158747415262647,BALANCING
2.48,-2.6527377504215686,0.02179964505641308,274.51040936563066,0.4008132491216444,BALANCING
2.482,-2.6526880228777516,0.0273085900820088,274.05700130516925,0.4000393549536365,BALANCING
2.484,-2.652627292156011,0.032803090030093546,273.60362207556597,0.3992657940333613,BALANCING
2.486,-2.6525555871338926,0.038283159410714196,273.1502735031923,0.3984925687379831,BALANCING
2.488,-2.6524729366598945,0.04374881275733108,272.69695740953966,0.3977196814370818,BALANCING
2.49,-2.6523793695534166,0.04920006462668871,272.24367561122426,0.39694713449266233,BALANCING
2.492,-2.652274914604717,0.05463692959868993,271.79042991999256,0.39617493025916534,BALANCING
2.494,-2.6521596005748656,0.06005942227626413,271.3372221427262,0.39540307108347605,BALANCING
2.496,-2.652033456195695,0.06546755728524259,270.8840540814471,0.3946315593049351,BALANCING
2.498,-2.6518965101697596,0.07086134927422809,270.43092753332263,0.3938603972553477,BALANCING
2.5,-2.6517487911702875,0.07624081291446912,269.9778442906709,0.393089587258994,BALANCING
2.5020000000000002,-2.6515903278411352,0.08160596289973157,269.5248061409656,0.39231913163263843,BALANCING
2.504,-2.6514211487967443,0.08695681394617358,269.0718148668415,0.3915490326855402,BALANCING
2.5060000000000002,-2.651241282622095,0.09229338079221719,268.6188722460994,0.3907792927194629,BALANCING
2.508,-2.651050757872661,0.09761567819842241,268.1659800517112,0.3900099140286841,BALANCING
2.5100000000000002,-2.6508496030743713,0.10292372094736264,267.71314005182535,0.38924089890000624,BALANCING
2.512,-2.650637846723557,0.10821752384349671,267.26035400977196,0.3884722496127651,BALANCING
2.5140000000000002,-2.650415517286916,0.11349710171304545,266.8076236840677,0.38770396843884103,BALANCING
2.516,-2.650182643201464,0.11876246940386453,266.3549508284215,0.386936057642668,BALANCING
2.5180000000000002,-2.649939252874495,0.12401364178532216,265.90233719173926,0.38616851948124414,BALANCING
2.52,-2.649685374683536,0.12925063374817194,265.44978451812926,0.38540135620414123,BALANCING
2.5220000000000002,-2.649421036976306,0.13447346020442985,264.9972945469075,0.3846345700535147,BALANCING
2.524,-2.649146268070672,0.13968213608725064,264.54486901260276,0.38386816326411394,BALANCING
2.5260000000000002,-2.6488610962546084,0.1448766763508024,264.09250964496175,0.38310213806329174,BALANCING
2.528,-2.648565549786154,0.15005709597014472,263.6402181689547,0.3823364966710145,BALANCING
2.5300000000000002,-2.648259656893372,0.15522340994110517,263.18799630478003,0.38157124129987235,BALANCING
2.532,-2.6479434457743065,0.16037563328015475,262.7358457678702,0.3808063741550886,BALANCING
2.5340000000000003,-2.6476169445969417,0.1655137810242878,262.28376826889655,0.3800418974345302,BALANCING
2.536,-2.647280181499162,0.17063786823089783,261.8317655137747,0.3792778133287175,BALANCING
2.5380000000000003,-2.646933184588712,0.17574790997765602,261.3798392036698,0.3785141240208343,BALANCING
2.54,-2.646575981943153,0.18084392136238955,260.92799103500187,0.3777508316867377,BALANCING
2.5420000000000003,-2.646208601609826,0.18592591750295934,260.47622269945083,0.37698793849496814,BALANCING
2.544,-2.6458310716058104,0.1909939135371392,260.02453588396213,0.37622544660675944,BALANCING
2.5460000000000003,-2.645443419917884,0.19604792462249523,259.5729322707518,0.3754633581760487,BALANCING
2.548,-2.645045674502484,0.20108796593626446,259.1214135373118,0.3747016753494863,BALANCING
2.5500000000000003,-2.6446378632856686,0.206114052675235,258.66998135641524,0.3739404002664461,BALANCING
2.552,-2.6442200141630763,0.2111262000556251,258.21863739612195,0.373179535059035,BALANCING
2.5540000000000003,-2.643792154999888,0.21612442331296403,257.7673833197835,0.3724190818521036,BALANCING
2.556,-2.643354313630789,0.22110873770197143,257.3162207860485,0.37165904276325545,BALANCING
2.5580000000000003,-2.64290651785993,0.22607915849643917,256.86515144886835,0.37089941990285763,BALANCING
2.56,-2.6424487954608895,0.23103570098911133,256.4141769575019,0.3701402153740506,BALANCING
2.562,-2.6419811741766357,0.23597838049156528,255.96329895652144,0.3693814312727581,BALANCING
2.564,-2.64150368171949,0.24090721233409407,255.5125190858176,0.36862306968769726,BALANCING
2.566,-2.641016345771088,0.24582221186558706,255.06183898060485,0.3678651327003887,BALANCING
2.568,-2.640519193982343,0.25072339445341324,254.61126027142686,0.36710762238516637,BALANCING
2.57,-2.6400122539734108,0.2556107754833021,254.1607845841618,0.36635054080918794,BALANCING
2.572,-2.6394955533336506,0.2604843703592262,253.71041354002776,0.3655938900324444,BALANCING
2.574,-2.63896911962159,0.2653441945032854,253.2601487555881,0.3648376721077705,BALANCING
2.576,-2.6384329803648887,0.27019026335558816,252.80999184275672,0.36408188908085437,BALANCING
2.578,-2.637887163060303,0.2750225923741357,252.3599444088036,0.36332654299024797,BALANCING
2.58,-2.6373316951736494,0.2798411970347057,251.9100080563601,0.3625716358673768,BALANCING
2.582,-2.636766604139769,0.28464609283073594,251.46018438342435,0.36181716973655026,BALANCING
2.584,-2.636191917362494,0.28943729527320883,251.01047498336663,0.36106314661497174,BALANCING
2.586,-2.6356076622146105,0.2942148198905338,250.56088144493472,0.3603095685127481,BALANCING
2.588,-2.6350138660378253,0.2989786822284351,250.11140535225948,0.35955643743290044,BALANCING
2.59,-2.6344105561427305,0.30372889784983415,249.66204828486008,0.3588037553713737,BALANCING
2.592,-2.6337977598087696,0.3084654823347368,249.21281181764945,0.3580515243170472,BALANCING
2.594,-2.633175504284204,0.313188451280116,248.76369752093976,0.35729974625174393,BALANCING
2.596,-2.6325438167860793,0.31789782029980085,248.31470696044778,0.3565484231502416,BALANCING
2.598,-2.6319027245001885,0.3225936050243594,247.86584169730028,0.3557975569802819,BALANCING
2.6,-2.6312522545810433,0.32727582110098674,247.41710328803964,0.3550471497025812,BALANCING
2.602,-2.630592434151839,0.3319444841933907,246.96849328462903,0.35429720327083997,BALANCING
2.604,-2.6299232903044207,0.33659960998167926,246.52001323445805,0.35354771963175335,BALANCING
2.606,-2.6292448500992514,0.34124121416224745,246.07166468034805,0.3527987007250214,BALANCING
2.608,-2.62855714056538,0.34586931244766356,245.6234491605577,0.35205014848335864,BALANCING
2.61,-2.6278601887004083,0.35048392056655786,245.17536820878837,0.3513020648325044,BALANCING
2.612,-2.627154021470459,0.3550850542635106,244.72742335418954,0.3505544516912332,BALANCING
2.614,-2.626438665810145,0.359672729298938,244.27961612136443,0.34980731097136436,BALANCING
2.616,-2.6257141486225373,0.3642469614489831,243.83194803037526,0.34906064457777236,BALANCING
2.618,-2.624980496779132,0.3688077665054025,243.3844205967489,0.348314454408397,BALANCING
2.62,-2.6242377371198216,0.3733551602754558,242.93703533148232,0.3475687423542533,BALANCING
2.622,-2.623485896452863,0.3778891585817952,242.48979374104798,0.3468235102994418,BALANCING
2.624,-2.622725001554848,0.38240977726235426,242.04269732739934,0.3460787601211587,BALANCING
2.626,-2.6219550791706694,0.386917032170237,241.59574758797646,0.34533449368970554,BALANCING
2.628,-2.621176156013496,0.3914109391736083,241.14894601571137,0.3445907128685,BALANCING
2.63,-2.6203882587647382,0.39589151415558443,240.70229409903368,0.34384741951408554,BALANCING
2.632,-2.6195914140740197,0.4003587730141226,240.25579332187598,0.3431046154761415,BALANCING
2.634,-2.618785648559149,0.4048127316619125,239.80944516367947,0.3423623025974937,BALANCING
2.636,-2.6179709888060887,0.4092534060262654,239.36325109939932,0.3416204827141237,BALANCING
2.638,-2.6171474613689263,0.41368081204900775,238.91721259951026,0.34087915765518007,BALANCING
2.64,-2.6163150927698466,0.41809496568637006,238.47133113001226,0.3401383292429873,BALANCING
2.642,-2.615473909499102,0.4224958829088804,238.02560815243578,0.339397999293057,BALANCING
2.644,-2.614623938014984,0.4268835797012553,237.58004512384744,0.3386581696140972,BALANCING
2.646,-2.6137652047437947,0.43125807206229205,237.13464349685566,0.33791884200802325,BALANCING
2.648,-2.61289773607982,0.4356193760047613,236.68940471961596,0.337180018269967,BALANCING
2.65,-2.612021558385301,0.4399675075552998,236.24433023583666,0.336441700188288,BALANCING
2.652,-2.611136697990405,0.44430248275430195,235.79942148478443,0.3357038895445827,BALANCING
2.654,-2.6102431811932023,0.4486243176558148,235.35467990128987,0.33496658811369523,BALANCING
2.656,-2.6093410342596326,0.4529330283274311,234.91010691575283,0.33422979766372735,BALANCING
2.658,-2.6084302834234836,0.4572286308501813,234.4657039541483,0.33349351995604826,BALANCING
2.66,-2.607510954886363,0.4615111413184294,234.0214724380317,0.3327577567453052,BALANCING
2.662,-2.606583074817669,0.46578057583976695,233.57741378454472,0.3320225097794337,BALANCING
2.664,-2.6056466693545683,0.47003695053490535,233.13352940642054,0.3312877807996671,BALANCING
2.666,-2.604701764601966,0.47428028153757246,232.6898207119897,0.3305535715405471,BALANCING
2.668,-2.6037483866324824,0.4785105849944068,232.2462891051856,0.3298198837299339,BALANCING
2.67,-2.6027865614864267,0.482727877064853,231.80293598555,0.32908671908901643,BALANCING
2.672,-2.6018163151717704,0.486932173921057,231.35976274823864,0.3283540793323222,BALANCING
2.674,-2.6008376736641226,0.49112349174776165,230.9167707840269,0.3276219661677276,BALANCING
2.676,-2.599850662906706,0.49530184674220284,230.47396147931536,0.32689038129646836,BALANCING
2.678,-2.598855308810331,0.49946725511400486,230.03133621613532,0.32615932641314904,BALANCING
2.68,-2.597851637253371,0.5036197330850777,229.58889637215447,0.325428803205754,BALANCING
2.682,-2.5968396740817377,0.5077592968895122,229.14664332068247,0.32469881335565665,BALANCING
2.684,-2.5958194451088574,0.5118859627734792,228.70457843067658,0.3239693585376305,BALANCING
2.686,-2.5947909761156476,0.515999746995125,228.2627030667473,0.32324044041985855,BALANCING
2.688,-2.5937542928504915,0.520100665824469,227.8210185891638,0.3225120606639441,BALANCING
2.69,-2.592709421029215,0.5241887355433006,227.37952635385986,0.3217842209249203,BALANCING
2.692,-2.5916563863350652,0.5282639724450794,226.93822771243913,0.3210569228512609,BALANCING
2.694,-2.5905952144186832,0.5323263928348302,226.4971240121811,0.32033016808488995,BALANCING
2.696,-2.5895259308980845,0.5363760130290438,226.0562165960464,0.31960395826119214,BALANCING
2.698,-2.588448561358635,0.5404128493555742,225.61550680268263,0.318878295009023,BALANCING
2.7,-2.587363131353029,0.5444369181535375,225.17499596642998,0.31815317995071896,BALANCING
2.702,-2.5862696664012654,0.5484482357732117,224.73468541732677,0.31742861470210765,BALANCING
2.704,-2.585168191990626,0.5524468185759351,224.29457648111526,0.3167046008725178,BALANCING
2.706,-2.584058733575654,0.5564326829340073,223.85467047924706,0.31598114006478983,BALANCING
2.708,-2.5829413165781334,0.5604058452305866,223.41496872888897,0.3152582338752856,BALANCING
2.71,-2.581815966387064,0.5643663218595917,222.97547254292851,0.31453588389389886,BALANCING
2.712,-2.580682708358642,0.5683141292256016,222.53618322997966,0.31381409170406516,BALANCING
2.714,-2.5795415678162397,0.5722492837437565,222.09710209438845,0.3130928588827721,BALANCING
2.716,-2.5783925700503842,0.5761718018396579,221.65823043623865,0.31237218700056973,BALANCING
2.718,-2.5772357403187343,0.58008169994927,221.21956955135738,0.3116520776215804,BALANCING
2.72,-2.5760711038460617,0.5839789945188202,220.78112073132087,0.310932532303509,BALANCING
2.722,-2.574898685824231,0.5878637020047022,220.34288526346003,0.31021355259765343,BALANCING
2.724,-2.573718511412178,0.5917358388733754,219.9048644308662,0.3094951400489142,BALANCING
2.726,-2.572530605735892,0.5955954216012687,219.46705951239667,0.308777296195805,BALANCING
2.728,-2.5713349938883927,0.5994424666746818,219.0294717826806,0.30806002257046294,BALANCING
2.73,-2.5701317009297138,0.6032769905896875,218.59210251212443,0.30734332069865833,BALANCING
2.732,-2.568920751886881,0.607099009852035,218.1549529669178,0.306627192099805,BALANCING
2.734,-2.567702171753895,0.6109085409770526,217.71802440903906,0.30591163828697077,BALANCING
2.736,-2.566475985491709,0.6147056004895508,217.28131809626103,0.30519666076688734,BALANCING
2.738,-2.565242218028215,0.6184902049237245,216.84483528215665,0.3044822610399602,BALANCING
2.74,-2.564000894258221,0.622262370823059,216.40857721610473,0.30376844060027935,BALANCING
2.742,-2.5627520390434326,0.6260221147402314,215.9725451432956,0.30305520093562904,BALANCING
2.744,-2.5614956772124384,0.6297694532370158,215.53674030473672,0.3023425435274982,BALANCING
2.746,-2.5602318335606875,0.633504402884188,215.10116393725866,0.3016304698510903,BALANCING
2.748,-2.5589605328504743,0.6372269802614291,214.66581727352042,0.30091898137533396,BALANCING
2.75,-2.5576817998109194,0.6409372019572306,214.23070154201537,0.30020807956289264,BALANCING
2.7520000000000002,-2.5563956591379533,0.6446350845687995,213.79581796707703,0.299497765870175,BALANCING
2.754,-2.555102135494299,0.6483206447019639,213.36116776888446,0.29878804174734513,BALANCING
2.7560000000000002,-2.5538012535094525,0.6519938989710778,212.92675216346828,0.29807890863833264,BALANCING
2.758,-2.5524930377796697,0.6556548639989274,212.4925723627163,0.2973703679808429,BALANCING
2.7600000000000002,-2.551177512867946,0.6593035564166362,212.05862957437904,0.29666242120636693,BALANCING
2.762,-2.549854703304003,0.662939992863572,211.62492500207577,0.2959550697401919,BALANCING
2.7640000000000002,-2.5485246335842686,0.6665641899872529,211.1914598453,0.2952483150014112,BALANCING
2.766,-2.5471873281718636,0.670176164443254,210.75823529942522,0.29454215840293435,BALANCING
2.7680000000000002,-2.5458428114965854,0.6737759328951144,210.32525255571076,0.2938366013514975,BALANCING
2.77,-2.5444911079548906,0.6773635120142442,209.8925128013073,0.29313164524767327,BALANCING
2.7720000000000002,-2.5431322419098805,0.680938918479831,209.46001721926288,0.29242729148588126,BALANCING
2.774,-2.541766237691285,0.6845021689787493,209.02776698852833,0.29172354145439783,BALANCING
2.7760000000000002,-2.540393119595449,0.6880532802054665,208.59576328396318,0.2910203965353665,BALANCING
2.778,-2.539012911885315,0.6915922688619516,208.1640072763414,0.29031785810480804,BALANCING
2.7800000000000002,-2.537625638790409,0.6951191516575836,207.73250013235702,0.28961592753263055,BALANCING
2.782,-2.536231324506827,0.6986339453090603,207.30124301463,0.28891460618263964,BALANCING
2.7840000000000003,-2.5348299931972194,0.7021366665403059,206.87023708171188,0.2882138954125487,BALANCING
2.786,-2.533421668990776,0.7056273320823808,206.43948348809153,0.287513796573989,BALANCING
2.7880000000000003,-2.5320063759832125,0.70910595867339,206.00898338420092,0.2868143110125195,BALANCING
2.79,-2.5305841382367578,0.7125725630583934,205.57873791642086,0.2861154400676375,BALANCING
2.7920000000000003,-2.5291549797801385,0.7160271619893156,205.1487482270867,0.2854171850727885,BALANCING
2.794,-2.527718924608565,0.7194697722248539,204.71901545449424,0.2847195473553766,BALANCING
2.7960000000000003,-2.526275996683719,0.7229004105303901,204.28954073290524,0.28402252823677404,BALANCING
2.798,-2.524826219933741,0.7263190936779006,203.8603251925533,0.283326129032332,BALANCING
2.8000000000000003,-2.5233696182532155,0.7297258384458659,203.43136995964963,0.28263035105139045,BALANCING
2.802,-2.521906215503158,0.7331206616191825,203.00267615638884,0.28193519559728836,BALANCING
2.8040000000000003,-2.520436035511005,0.736503579989073,202.57424490095457,0.28124066396737357,BALANCING
2.806,-2.518959102070598,0.7398746103529981,202.14607730752527,0.28054675745301333,BALANCING
2.8080000000000003,-2.517475438942173,0.7432337695145673,201.71817448628016,0.2798534773396043,BALANCING
2.81,-2.515985069852349,0.7465810742834506,201.29053754340467,0.2791608249065823,BALANCING
2.8120000000000003,-2.5144880184941125,0.7499165414752911,200.86316758109643,0.2784688014274331,BALANCING
2.814,-2.5129843085268107,0.7532401879116163,200.43606569757105,0.27777740816970203,BALANCING
2.816,-2.511473963576136,0.7565520304197505,200.00923298706772,0.2770866463950043,BALANCING
2.818,-2.5099570072341155,0.7598520858327279,199.58267053985506,0.27639651735903514,BALANCING
2.82,-2.5084334630591005,0.7631403709892044,199.156379442237,0.27570702231157973,BALANCING
2.822,-2.506903354575754,0.7664169027333717,198.73036077655837,0.2750181624965238,BALANCING
2.824,-2.505366705275041,0.7696816979148692,198.30461562121076,0.27432993915186293,BALANCING
2.826,-2.5038235386142174,0.7729347733886993,197.87914505063827,0.2736423535097136,BALANCING
2.828,-2.5022738780168186,0.7761761460151387,197.45395013534335,0.2729554067963227,BALANCING
2.83,-2.50071774687265,0.7794058326596542,197.0290319418925,0.27226910023207757,BALANCING
2.832,-2.499155168537775,0.7826238501928158,196.60439153292202,0.2715834350315167,BALANCING
2.834,-2.497586166334508,0.7858302154902108,196.18002996714392,0.2708984124033393,BALANCING
2.836,-2.4960107635514017,0.7890249454323595,195.75594829935162,0.2702140335504155,BALANCING
2.838,-2.494428983443238,0.7922080569046287,195.3321475804256,0.26953029966979664,BALANCING
2.84,-2.4928408492310195,0.7953795667971474,194.9086288573395,0.2688472119527252,BALANCING
2.842,-2.4912463841019585,0.798539492004722,194.48539317316553,0.268164771584645,BALANCING
2.844,-2.489645611209469,0.8016878494267508,194.06244156708058,0.26748297974521135,BALANCING
2.846,-2.4880385536731566,0.8048246559671406,193.63977507437184,0.26680183760830073,BALANCING
2.848,-2.48642523457881,0.8079499285342224,193.2173947264425,0.2661213463420215,BALANCING
2.85,-2.484805676978392,0.8110636840406675,192.7953015508178,0.2654415071087237,BALANCING
2.852,-2.483179903890033,0.8141659394034022,192.37349657115055,0.26476232106500885,BALANCING
2.854,-2.481547938298019,0.8172567115435275,191.9519808072271,0.26408378936174065,BALANCING
2.856,-2.479909803152785,0.8203360173862325,191.53075527497307,0.2634059131440544,BALANCING
2.858,-2.478265521370908,0.823403873860714,191.10982098645903,0.2627286935513678,BALANCING
2.86,-2.4766151158350986,0.8264602979000911,190.68917894990656,0.26205213171739017,BALANCING
2.862,-2.474958609394191,0.8295053064413254,190.26883016969373,0.2613762287701334,BALANCING
2.864,-2.473296024863139,0.8325389164251353,189.84877564636113,0.2607009858319212,BALANCING
2.866,-2.4716273850230044,0.8355611447959173,189.42901637661757,0.2600264040194001,BALANCING
2.868,-2.4699527126209553,0.8385720085016609,189.00955335334584,0.25935248444354847,BALANCING
2.87,-2.468272030370253,0.8415715244938686,188.5903875656086,0.25867922820968753,BALANCING
2.872,-2.4665853609502486,0.8445597097274742,188.17151999865408,0.25800663641749066,BALANCING
2.874,-2.4648927270063763,0.8475365811607607,187.75295163392198,0.2573347101609941,BALANCING
2.876,-2.4631941511501454,0.8505021557552795,187.33468344904915,0.2566634505286064,BALANCING
2.878,-2.461489655959134,0.8534564504757703,186.9167164178755,0.25599285860311904,BALANCING
2.88,-2.459779263976984,0.8563994822900785,186.49905151044976,0.25532293546171586,BALANCING
2.882,-2.458062997713393,0.8593312681690778,186.08168969303517,0.25465368217598394,BALANCING
2.884,-2.4563408796441113,0.8622518250865859,185.66463192811548,0.2539850998119228,BALANCING
2.886,-2.454612932210932,0.8651611700192879,185.2478791744006,0.2533171894299549,BALANCING
2.888,-2.4528791778216887,0.8680593199466541,184.83143238683252,0.2526499520849357,BALANCING
2.89,-2.451139638850249,0.8709462918508621,184.41529251659097,0.2519833888261634,BALANCING
2.892,-2.4493943376365093,0.873822102716716,183.9994605110993,0.2513175006973892,BALANCING
2.894,-2.447643296486388,0.8766867695315682,183.58393731403032,0.25065228873682743,BALANCING
2.896,-2.4458865376718237,0.8795403092852397,183.16872386531207,0.24998775397716536,BALANCING
2.898,-2.444124083430768,0.8823827389699412,182.7538211011336,0.24932389744557318,BALANCING
2.9,-2.44235595596718,0.8852140755801953,182.3392299539508,0.24866072016371432,BALANCING
2.902,-2.4405821774510255,0.8880343361127571,181.92495135249212,0.24799822314775505,BALANCING
2.904,-2.4388027700182686,0.8908435375665371,181.5109862217646,0.24733640740837504,BALANCING
2.906,-2.437017755770869,0.8936416969425222,181.09733548305942,0.24667527395077676,BALANCING
2.908,-2.435227156776779,0.8964288312436988,180.68400005395787,0.24601482377469597,BALANCING
2.91,-2.433430995069938,0.8992049574749749,180.27098084833708,0.24535505787441148,BALANCING
2.912,-2.43162929265027,0.9019700926431028,179.85827877637578,0.24469597723875522,BALANCING
2.914,-2.4298220714836787,0.9047242537566014,179.44589474456026,0.2440375828511223,BALANCING
2.916,-2.428009353502045,0.9074674578256801,179.03382965569008,0.24337987568948077,BALANCING
2.918,-2.4261911606032234,0.9101997218621614,178.6220844088839,0.24272285672638197,BALANCING
2.92,-2.424367514651039,0.9129210628794056,178.21065989958515,0.24206652692897018,BALANCING
2.922,-2.422538437475284,0.9156314978922322,177.7995570195681,0.24141088725899273,BALANCING
2.924,-2.4207039508717165,0.9183310439168474,177.38877665694352,0.24075593867281012,BALANCING
2.926,-2.4188640766020546,0.9210197179707641,176.97831969616436,0.2401016821214059,BALANCING
2.928,-2.4170188363939773,0.923697537072729,176.56818701803184,0.23944811855039647,BALANCING
2.93,-2.415168251941121,0.9263645182426458,176.15837949970103,0.23879524890004122,BALANCING
2.932,-2.4133123449030753,0.929020678501501,175.74889801468674,0.23814307410525262,BALANCING
2.934,-2.411451136905384,0.9316660348712876,175.33974343286937,0.23749159509560577,BALANCING
2.936,-2.4095846495395405,0.9343006043749319,174.93091662050062,0.23684081279534897,BALANCING
2.938,-2.4077129043629886,0.9369244040362166,174.52241844020938,0.236190728123413,BALANCING
2.94,-2.4058359228991186,0.9395374508797085,174.11424975100746,0.23554134199342167,BALANCING
2.942,-2.4039537266372673,0.9421397619306827,173.7064114082955,0.2348926553137013,BALANCING
2.944,-2.4020663370327147,0.9447313542150497,173.29890426386868,0.23424466898729093,BALANCING
2.946,-2.400173775506686,0.9473122447592806,172.89172916592256,0.23359738391195226,BALANCING
2.948,-2.3982760634463482,0.9498824505903334,172.48488695905888,0.2329508009801794,BALANCING
2.95,-2.3963732222048093,0.9524419887355808,172.07837848429148,0.2323049210792089,BALANCING
2.952,-2.394465273101118,0.9549908762227365,171.67220457905185,0.23165974509102985,BALANCING
2.954,-2.3925522374202632,0.9575291300797811,171.2663660771952,0.2310152738923936,BALANCING
2.956,-2.3906341364131745,0.9600567673348898,170.86086380900608,0.23037150835482365,BALANCING
2.958,-2.3887109912967195,0.9625738050163606,170.45569860120432,0.2297284493446257,BALANCING
2.96,-2.3867828232537054,0.9650802601525409,170.05087127695074,0.2290860977228975,BALANCING
2.962,-2.384849653432879,0.9675761497717553,169.64638265585302,0.2284444543455387,BALANCING
2.964,-2.382911502948925,0.9700614909022349,169.24223355397143,0.22780352006326096,BALANCING
2.966,-2.3809683928824703,0.9725363005720434,168.8384247838247,0.22716329572159755,BALANCING
2.968,-2.379020344280079,0.9750005958090076,168.43495715439582,0.22652378216091348,BALANCING
2.97,-2.377067378154257,0.9774543936406439,168.0318314711378,0.2258849802164154,BALANCING
2.972,-2.375109515483452,0.9798977110940884,167.62904853597945,0.22524689071816123,BALANCING
2.974,-2.3731467772120527,0.9823305651960255,167.22660914733135,0.22460951449107033,BALANCING
2.976,-2.371179184250391,0.9847529729726171,166.82451410009136,0.22397285235493322,BALANCING
2.978,-2.3692067574747435,0.9871649514494318,166.42276418565072,0.2233369051244215,BALANCING
2.98,-2.367229517727332,0.9895665176513747,166.02136019189973,0.22270167360909773,BALANCING
2.982,-2.3652474858163255,0.9919576886026167,165.62030290323344,0.22206715861342527,BALANCING
2.984,-2.36326068251584,0.9943384813265255,165.2195931005576,0.22143336093677812,BALANCING
2.986,-2.3612691285659437,0.9967089128455943,164.81923156129446,0.2208002813734508,BALANCING
2.988,-2.3592728446726547,0.9990690001813735,164.4192190593884,0.22016792071266822,BALANCING
2.99,-2.3572718515079463,1.0014187603544007,164.01955636531196,0.21953627973859563,BALANCING
2.992,-2.355266169709747,1.0037582103841312,163.62024424607142,0.2189053592303481,BALANCING
2.994,-2.353255819881944,1.006087367288869,163.22128346521276,0.21827515996200084,BALANCING
2.996,-2.3512408225943853,1.0084062480856986,162.8226747828274,0.2176456827025988,BALANCING
2.998,-2.349221198382881,1.010714869790415,162.4244189555579,0.21701692821616622,BALANCING
3.0,-2.3471969677492073,1.0130132494174564,162.02651673660395,0.216388897261717,BALANCING
3.0020000000000002,-2.3451681511611104,1.015301403979836,161.628968875728,0.21576159059326425,BALANCING
3.004,-2.343134769052306,1.0175793504890729,161.23177611926107,0.21513500895982995,BALANCING
3.0060000000000002,-2.341096841822485,1.0198471059551246,160.83493921010862,0.214509153105455,BALANCING
3.008,-2.3390543898373166,1.02210468738632,160.43845888775624,0.21388402376920895,BALANCING
3.0100000000000002,-2.3370074334284503,1.024352111789291,160.0423358882756,0.2132596216851998,BALANCING
3.012,-2.334955992893521,1.026589396168906,159.64657094433008,0.2126359475825837,BALANCING
3.0140000000000002,-2.3329000884961504,1.028816557528202,159.25116478518058,0.212013002185575,BALANCING
3.016,-2.3308397404659535,1.031033612868318,158.85611813669138,0.21139078621345567,BALANCING
3.0180000000000002,-2.32877496899854,1.0332405791884285,158.46143172133586,0.2107693003805855,BALANCING
3.02,-2.32670579425552,1.0354374734856764,158.06710625820233,0.2101485453964115,BALANCING
3.0220000000000002,-2.3246322363645073,1.037624312755107,157.67314246299975,0.20952852196547778,BALANCING
3.024,-2.322554315419124,1.0398011139896026,157.2795410480636,0.20890923078743548,BALANCING
3.0260000000000002,-2.3204720514790047,1.041967894179815,156.88630272236162,0.20829067255705236,BALANCING
3.028,-2.3183854645698005,1.0441246703141,156.4934281914996,0.2076728479642226,BALANCING
3.0300000000000002,-2.316294574683185,1.046271459378454,156.10091815772708,0.2070557576939767,BALANCING
3.032,-2.3141994017768583,1.0484082783564452,155.70877331994322,0.2064394024264908,BALANCING
3.0340000000000003,-2.3120999657745513,1.050535144229151,155.31699437370264,0.20582378283709707,BALANCING
3.036,-2.309996286566032,1.052652073975092,154.92558201122105,0.20520889959629277,BALANCING
3.0380000000000003,-2.3078883840071107,1.0547590845701669,154.534536921381,0.20459475336975047,BALANCING
3.04,-2.3057762779196436,1.0568561929875884,154.14385978973795,0.20398134481832758,BALANCING
3.0420000000000003,-2.30365998809154,1.0589434161978186,153.75355129852562,0.20336867459807603,BALANCING
3.044,-2.301539534276767,1.0610207711685053,153.3636121266621,0.20275674336025207,BALANCING
3.0460000000000003,-2.299414936195355,1.0630882748644166,152.97404294975544,0.2021455517513261,BALANCING
3.048,-2.2972862135334053,1.0651459442473779,152.58484444010952,0.201535100412992,BALANCING
3.0500000000000003,-2.295153385943094,1.0671937962762081,152.1960172667297,0.20092538998217724,BALANCING
3.052,-2.2930164730426785,1.0692318479066563,151.8075620953288,0.20031642109105235,BALANCING
3.0540000000000003,-2.2908754944165044,1.071260116091338,151.4194795883325,0.19970819436704054,BALANCING
3.056,-2.288730469615012,1.0732786177796723,151.03177040488558,0.19910071043282776,BALANCING
3.0580000000000003,-2.28658141815474,1.075287369917819,150.64443520085723,0.19849396990637183,BALANCING
3.06,-2.2844283595183383,1.0772863894486153,150.25747462884715,0.19788797340091266,BALANCING
3.0620000000000003,-2.2822713131545664,1.0792756933115142,149.8708893381911,0.19728272152498144,BALANCING
3.064,-2.280110298478308,1.0812552984425214,149.4846799749667,0.19667821488241066,BALANCING
3.0660000000000003,-2.2779453348705725,1.0832252217741332,149.09884718199928,0.1960744540723436,BALANCING
3.068,-2.2757764416785053,1.0851854802352736,148.7133915988676,0.19547143968924394,BALANCING
3.0700000000000003,-2.273603638215393,1.0871360907512355,148.32831386190944,0.19486917232290563,BALANCING
3.072,-2.271426943760672,1.0890770702436148,147.94361460422763,0.19426765255846215,BALANCING
3.074,-2.269246377559935,1.0910084356302523,147.55929445569564,0.19366688097639656,BALANCING
3.076,-2.2670619588249408,1.0929302038251707,147.17535404296322,0.1930668581525509,BALANCING
3.078,-2.2648737067336175,1.0948423917385144,146.7917939894625,0.1924675846581357,BALANCING
3.08,-2.2626816404300762,1.0967450162764882,146.40861491541327,0.19186906105974003,BALANCING
3.082,-2.260485779024614,1.0986380943412957,146.02581743782912,0.19127128791934048,BALANCING
3.084,-2.2582861415937243,1.1005216428310807,145.64340217052302,0.19067426579431138,BALANCING
3.086,-2.256082747180105,1.1023956786398654,145.26136972411305,0.19007799523743407,BALANCING
3.088,-2.253875614792666,1.1042602186574904,144.87972070602808,0.18948247679690652,BALANCING
3.09,-2.2516647634065388,1.1061152797695546,144.49845572051376,0.1888877110163529,BALANCING
3.092,-2.2494502119630835,1.107960878857356,144.11757536863794,0.1882936984348334,BALANCING
3.094,-2.247231979369899,1.1097970327978322,143.73708024829665,0.1877004395868534,BALANCING
3.096,-2.2450100845008314,1.1116237584634994,143.35697095421963,0.1871079350023734,BALANCING
3.098,-2.2427845461959808,1.1134410727223953,142.97724807797627,0.18651618520681854,BALANCING
3.1,-2.2405553832617144,1.115248992438018,142.59791220798115,0.18592519072108785,BALANCING
3.102,-2.2383226144706723,1.117047534469268,142.21896392949995,0.18533495206156414,BALANCING
3.104,-2.236086258561778,1.1188367156703902,141.84040382465497,0.18474546974012349,BALANCING
3.106,-2.2338463342402473,1.120616552890914,141.46223247243105,0.18415674426414458,BALANCING
3.108,-2.231602860177598,1.1223870629755957,141.08445044868117,0.1835687761365186,BALANCING
3.11,-2.229355855011662,1.1241482627643593,140.70705832613214,0.18298156585565828,BALANCING
3.112,-2.2271053373465888,1.1259001690922408,140.33005667439053,0.18239511391550783,BALANCING
3.114,-2.2248513257528613,1.1276427987893276,139.9534460599481,0.18180942080555243,BALANCING
3.116,-2.2225938387673043,1.1293761686807031,139.57722704618777,0.18122448701082755,BALANCING
3.118,-2.2203328948930925,1.131100295586387,139.2014001933891,0.18064031301192832,BALANCING
3.12,-2.2180685125997632,1.13281519632128,138.82596605873422,0.18005689928501953,BALANCING
3.122,-2.2158007103232253,1.134520887695106,138.4509251963134,0.17947424630184472,BALANCING
3.124,-2.213529506465769,1.1362173865123546,138.07627815713073,0.17889235452973581,BALANCING
3.126,-2.2112549193960787,1.1379047095722243,137.70202548911004,0.17831122443162248,BALANCING
3.128,-2.2089769674492414,1.139582873668568,137.32816773710033,0.17773085646604175,BALANCING
3.13,-2.2066956689267587,1.1412518955898332,136.9547054428816,0.17715125108714747,BALANCING
3.132,-2.204411042096557,1.1429117921190086,136.58163914517058,0.1765724087447197,BALANCING
3.134,-2.202123105192998,1.1445625800335661,136.2089693796264,0.17599432988417413,BALANCING
3.136,-2.1998318764168925,1.1462042761054065,135.83669667885624,0.17541701494657158,BALANCING
3.138,-2.197537373935508,1.1478368971008022,135.46482157242107,0.17484046436862757,BALANCING
3.14,-2.195239615882582,1.149460459780343,135.0933445868413,0.17426467858272152,BALANCING
3.142,-2.1929386203583334,1.1510749808988805,134.72226624560255,0.17368965801690642,BALANCING
3.144,-2.190634405429474,1.1526804772054715,134.35158706916124,0.17311540309491794,BALANCING
3.146,-2.1883269891292194,1.1542769654433251,133.9813075749503,0.17254191423618417,BALANCING
3.148,-2.186016389457301,1.155864462349747,133.61142827738493,0.1719691918558349,BALANCING
3.15,-2.183702624379978,1.1574429846560834,133.24194968786813,0.17139723636471102,BALANCING
3.152,-2.1813857118300515,1.1590125490876688,132.87287231479652,0.17082604816937377,BALANCING
3.154,-2.1790656697068718,1.1605731723637707,132.50419666356598,0.1702556276721146,BALANCING
3.156,-2.176742515876355,1.1621248711975345,132.13592323657724,0.16968597527096388,BALANCING
3.158,-2.174416268170993,1.1636676622959312,131.76805253324162,0.16911709135970082,BALANCING
3.16,-2.172086944389867,1.1652015623597027,131.40058504998674,0.16854897632786267,BALANCING
3.162,-2.1697545622986594,1.1667265880833075,131.03352128026208,0.1679816305607539,BALANCING
3.164,-2.1674191396296676,1.1682427561548692,130.66686171454475,0.16741505443945598,BALANCING
3.166,-2.165080694081814,1.169750083256121,130.30060684034504,0.1668492483408363,BALANCING
3.168,-2.162739243320662,1.1712485860623538,129.9347571422122,0.16628421263755766,BALANCING
3.17,-2.1603948049784267,1.172738281242364,129.56931310173997,0.16571994769808782,BALANCING
3.172,-2.158047396653989,1.1742191854583974,129.20427519757237,0.1651564538867085,BALANCING
3.174,-2.15569703591291,1.1756913153661013,128.83964390540925,0.1645937315635248,BALANCING
3.176,-2.1533437402874402,1.1771546876144683,128.47541969801193,0.1640317810844748,BALANCING
3.178,-2.1509875272765373,1.1786093188457862,128.11160304520897,0.16347060280133852,BALANCING
3.18,-2.148628414345878,1.1800552256955843,127.74819441390166,0.16291019706174728,BALANCING
3.182,-2.14626641892787,1.181492424792583,127.38519426806978,0.16235056420919322,BALANCING
3.184,-2.143901558421669,1.182920932758641,127.02260306877717,0.16179170458303824,BALANCING
3.186,-2.1415338501931886,1.1843407662087035,126.6604212741774,0.16123361851852366,BALANCING
3.188,-2.139163311575118,1.1857519417507525,126.29864933951936,0.16067630634677926,BALANCING
3.19,-2.136789959866933,1.1871544759857529,125.93728771715297,0.16011976839483258,BALANCING
3.192,-2.1344138123349117,1.1885483855076038,125.57633685653475,0.1595640049856182,BALANCING
3.194,-2.132034886212148,1.189933686903086,125.21579720423345,0.15900901643798712,BALANCING
3.196,-2.1296531986985663,1.1913103967518124,124.85566920393572,0.15845480306671583,BALANCING
