t,theta_deg,rate_dps,wheel_rpm,duty,phase
0.0,16.0,0.0,0.0,-1,SPINUP
0.002,16.0,0.0,-6.436476596174447,-1,SPINUP
0.004,16.0,0.0,-12.801832631651454,-1,SPINUP
0.006,16.0,0.0,-19.096853960939825,-1,SPINUP
0.008,16.0,0.0,-25.32231775516197,-1,SPINUP
0.01,16.0,0.0,-31.47899259800195,-1,SPINUP
0.012,16.0,0.0,-37.56763858059332,-1,SPINUP
0.014,16.0,0.0,-43.5890073953585,-1,SPINUP
0.016,16.0,0.0,-49.543842428811296,-1,SPINUP
0.018000000000000002,16.0,0.0,-55.43287885333392,-1,SPINUP
0.02,16.0,0.0,-61.256843717939944,-1,SPINUP
0.022,16.0,0.0,-67.0164560380344,-1,SPINUP
0.024,16.0,0.0,-72.71242688418201,-1,SPINUP
0.026000000000000002,16.0,0.0,-78.34545946989454,-1,SPINUP
0.028,16.0,0.0,-83.91624923844823,-1,SPINUP
0.03,16.0,0.0,-89.42548394874186,-1,SPINUP
0.032,16.0,0.0,-94.87384376020609,-1,SPINUP
0.034,16.0,0.0,-100.26200131677466,0.0,KICK
0.036000000000000004,16.0,0.0,-99.92835103845167,1,KICK
0.038,15.996380833038861,-3.608922155542848,-92.38770506494282,1,KICK
0.04,15.985604773953636,-7.157148590776488,-84.93038029390299,1,KICK
0.042,15.967791682713013,-10.646207154776642,-77.55545605848143,1,KICK
0.044,15.943058385146378,-14.077604226159663,-70.26202186483769,1,KICK
0.046,15.91151871535819,-17.452825237753448,-63.04917727973384,1,KICK
0.048,15.873283557104104,-20.77333519024061,-55.91603181936867,1,KICK
0.05,15.828460884150614,-24.04057915502676,-48.861704839440314,1,KICK
0.052000000000000005,15.777155799639532,-27.25598276659059,-41.88532542642361,1,KICK
0.054,15.719470574478054,-30.420952704575004,-34.986032290048804,1,KICK
0.056,15.655504684774705,-33.536877165879844,-28.16297365696834,1,KICK
0.058,15.58535484834086,-36.60512632701748,-21.415307165598545,1,KICK
0.06,15.509115060277079,-39.62705279699177,-14.742199762123327,1,KICK
0.062,15.426876627662962,-42.603992060959825,-8.142827597646955,1,KICK
0.064,15.33872820336865,-45.53726291493383,-1.6163759264832758,1,KICK
0.066,15.244755819005709,-48.42816789177763,4.83796099443121,1,KICK
0.068,15.145042917034475,-51.277993678749525,11.220980005012818,1,KICK
0.07,15.039670382044594,-54.08801152683865,17.533469140407,1,KICK
0.07200000000000001,14.928716571224879,-56.85947765213864,23.776207728277623,1,KICK
0.074,14.812257344038176,-59.593633629496864,29.949966485021257,1,KICK
0.076,14.690366091116482,-62.291706778673216,36.05550761091833,1,KICK
0.078,14.563113762391012,-64.9549105432364,42.093584884232904,1,KICK
0.08,14.430568894471595,-67.58444486242068,48.06494375427264,1,KICK
0.082,14.292797637289164,-70.18149653615963,53.970321433420565,1,KICK
0.084,14.149863780014869,-72.74723958350746,59.810446988149856,1,KICK
0.08600000000000001,14.001828776268765,-75.28283559465261,65.586041429033,1,KICK
0.088,13.848751768630718,-77.78943407672101,71.29781779975634,1,KICK
0.09,13.690689612465764,-80.26817279356077,76.94648126515108,1,KICK
0.092,13.527696899075755,-82.7201780996926,82.53272919825149,1,KICK
0.094,13.359825978188784,-85.14656526860385,88.05725126639139,1,KICK
0.096,13.187126979797554,-87.54843881555695,93.520729516349,1,KICK
0.098,13.009647835357464,-89.92689281507634,98.92383845855112,1,KICK
0.1,12.827434298354907,-92.28301121327051,104.26724515034701,1,KICK
0.10200000000000001,12.640529964255983,-94.61786813513916,109.55160927836184,1,KICK
0.10400000000000001,12.44897628984547,-96.93252818700793,114.7775832399404,1,KICK
0.106,12.252812611965705,-99.2280467542264,119.94581222369075,1,KICK
0.108,12.052076165664683,-101.50547029425735,125.05693428913808,1,KICK
0.11,11.846802101762492,-103.76583662527857,130.1115804454982,1,KICK
0.112,11.637023503844938,-106.01017521041086,135.11037472958066,1,KICK
0.114,11.422771404692988,-108.23950743767868,140.05393428283128,1,KICK
0.116,11.204074802156489,-110.45484689580258,144.94286942752316,1,KICK
0.11800000000000001,10.980960674480395,-112.65719964591524,149.77778374210578,1,KICK
0.12,10.75345399509154,-114.84756448928553,154.55927413572186,1,KICK
0.122,10.521577746853932,-117.02693323112724,159.28793092190037,1,KICK
0.124,10.28535293580025,-119.19629094056246,163.96433789143563,1,KICK
0.126,10.044798604347225,-121.35661620680092,168.58907238446093,1,KICK
0.128,9.7999318440024,-123.50888139159022,173.1627053617258,0.0,BALANCING
0.13,9.554541635111796,-121.88657313720911,172.58645729086834,-1,BALANCING
0.132,9.318115741300781,-114.5555655015416,164.2429675287318,-1,BALANCING
0.134,9.096255240237234,-107.32075970002361,155.9916700803853,-1,BALANCING
0.136,8.88877024301074,-100.17964562433856,147.83154625665142,-1,BALANCING
0.138,8.69547585312411,-93.12974092152947,139.7615886244717,-1,BALANCING
0.14,8.516192111281095,-86.16859069063501,131.78080088253074,-1,BALANCING
0.14200000000000002,8.350743940809268,-79.29376715144679,123.88819773825483,-1,BALANCING
0.14400000000000002,8.198961093770633,-72.50286928850836,116.08280478616962,-1,BALANCING
0.146,8.060678097806564,-65.79352247325988,108.36365838760192,-1,BALANCING
0.148,7.935734203758046,-59.1633780670291,100.72980555171073,-0.9648598716593014,BALANCING
0.15,7.823805923550612,-52.77721753825423,93.40648243148433,-0.8163462353645055,BALANCING
0.152,7.723869286003484,-47.1700714071312,87.11998372502516,-0.6854852105467848,BALANCING
0.154,7.63446024976483,-42.248153222231544,81.74523230555845,-0.5703737744029624,BALANCING
0.156,7.554292085675498,-37.92791500007458,77.17078186160295,-0.46923099998100654,BALANCING
0.158,7.482235613730864,-34.13533500287133,73.29788041468002,-0.3804277185613358,BALANCING
0.16,7.417300995829323,-30.805074392049494,70.03935326356435,-0.30249397636734177,BALANCING
0.162,7.35862123947641,-27.879609634877113,67.31845027662304,-0.23411522655751876,BALANCING
0.164,7.305437407181818,-25.308394320562293,65.06773043127919,-0.17412297854864173,BALANCING
0.166,7.25708544682816,-23.047076241138548,63.228018864292686,-0.12148298656478976,BALANCING
0.168,7.212984521540086,-21.056780660568748,61.74745147035714,-0.07528266173653146,BALANCING
0.17,7.172626703868538,-19.303462577905417,60.580611079239354,-0.03471862547483345,BALANCING
0.17200000000000001,7.135567897882624,-17.757326409148366,59.68775329024269,0.0,BALANCING
0.17400000000000002,7.1010828845307525,-16.72847706565335,59.489125343102046,0.023561779237430046,BALANCING
0.176,7.068878861264873,-15.476899825243587,58.983448507525466,0.1360470919939112,BALANCING
0.178,7.038634099325288,-14.768177310353256,59.20736828709482,0.15252559060219112,BALANCING
0.18,7.009726437648853,-14.13963039416389,59.53487731090315,0.16701783096758882,BALANCING
0.182,6.982005993017978,-13.580813229639356,59.95204645343414,0.17978402175589345,BALANCING
0.184,6.955342402736688,-13.082648239911189,60.44677532757339,0.19105028110616631,BALANCING
0.186,6.929622267746497,-12.637246842282803,61.0085526548835,0.20101310334713476,BALANCING
0.188,6.904746930755095,-12.237753661617692,61.62824803360997,0.2098432404684235,BALANCING
0.19,6.88063054548318,-11.878211155516471,62.29793099056821,0.20268696656083843,BALANCING
0.192,6.857269870204086,-11.482101300425992,62.914153022034526,0.19979575211797765,BALANCING
0.194,6.834717379358298,-11.070044905536014,63.50495680584951,0.19970710553706242,BALANCING
0.196,6.812991507343529,-10.655475207117485,64.08866186620709,0.20143675679073325,BALANCING
0.198,6.792088662242679,-10.246994681255911,64.67705007269517,0.20433668595536797,BALANCING
0.2,6.771991229630821,-9.850029532835807,65.27760214475708,0.20797100901113755,BALANCING
0.202,6.752672877837193,-9.467874933788853,65.89491058550622,0.21204252796390302,BALANCING
0.20400000000000001,6.734102134776285,-9.102378919421927,66.53160424475074,0.21634722253630137,BALANCING
0.20600000000000002,6.716244821738312,-8.754401970929411,67.1889697527914,0.22074499127138641,BALANCING
0.20800000000000002,6.699065712751453,-8.42413214407751,67.86737776341627,0.22514026713729915,BALANCING
0.21,6.682529659700556,-8.11130437218125,68.5665797198695,0.22946885835326122,BALANCING
0.212,6.666602344079302,-7.815354657719211,69.28591664295593,0.2336888370209049,BALANCING
0.214,6.65125076555421,-7.535529157667587,70.0244669670074,0.2377741293156491,BALANCING
0.216,6.636443544155347,-7.270961533986223,70.78115148573595,0.2417099489278709,BALANCING
0.218,6.622151090410856,-7.02072770382588,71.55480774592712,0.24548951176833336,BALANCING
0.22,6.608345682257504,-6.783884345278569,72.34424247339037,0.24911165536366855,BALANCING
0.222,6.595001476716296,-6.559495649654857,73.14826809691775,0.2525791054807632,BALANCING
0.224,6.5820944766195115,-6.346651534529914,73.96572771183565,0.2558972108501855,BALANCING
0.226,6.569602467138162,-6.144479642420507,74.79551162379586,0.2590730194517159,BALANCING
0.228,6.557504932839284,-5.952152821051944,75.6365677642976,0.26211460579436735,BALANCING
0.23,6.545782963061984,-5.76889333066884,76.48790766117571,0.265030583630144,BALANCING
0.232,6.534419151237182,-5.593974697528178,77.34860920671093,0.26782975618119886,BALANCING
0.234,6.523397492176817,-5.42672189410805,78.21781714384858,0.27052086856566354,BALANCING
0.23600000000000002,6.512703280173431,-5.266510350702745,79.09474195353975,0.27311243621855436,BALANCING
0.23800000000000002,6.502323009872397,-5.112764172602127,79.9786576500118,0.2756126297560616,BALANCING
0.24,6.4922442812282295,-4.9649538397437585,80.86889885933215,0.27802920163088524,BALANCING
0.242,6.482455709375596,-4.822593592856353,81.76485745817153,0.2803694435625957,BALANCING
0.244,6.472946839892465,-4.685238655389482,82.6659789757091,0.2826401664437172,BALANCING
0.246,6.463708069675489,-4.5524823993605645,83.57175890596099,0.2848476964633427,BALANCING
0.248,6.45473057346248,-4.42395353227358,84.48173903590617,0.28699788273077387,BALANCING
0.25,6.4460062359058785,-4.299313358975126,85.39550386325422,0.28909611284902953,BALANCING
0.252,6.437527589010874,-4.1782531548465265,86.31267715403398,0.29114733377512275,BALANCING
0.254,6.429287754692105,-4.0604916736842345,87.23291867248629,0.2931560759794397,BALANCING
0.256,6.421280392165883,-3.945772803936589,88.15592110259126,0.2951264794314538,BALANCING
0.258,6.4134996498746855,-3.833863379840023,89.08140717086803,0.29706232033162533,BALANCING
0.26,6.405940121632726,-3.7245511488207335,90.00912697302562,0.29896703780849526,BALANCING
0.262,6.398596806682449,-3.6176428928312823,90.93885550198853,0.30084376002751534,BALANCING
0.264,6.391465073358966,-3.512962698717816,91.87039037128562,0.30269532933069,BALANCING
0.266,6.3845406260710424,-3.410350370987892,92.80354972540525,0.3045243261563424,BALANCING
0.268,6.3778194753215525,-3.3096599792604198,93.73817032719921,0.3063330915860135,BALANCING
0.27,6.371297910506409,-3.2107585320658005,94.67410581154284,0.3081237484381584,BALANCING
0.272,6.364972475247868,-3.1135247684015783,95.6112250940604,0.30989822088171004,BALANCING
0.274,6.3588399450353235,-3.0178480584412006,96.54941092367577,0.3116582525812211,BALANCING
0.276,6.352897306963741,-2.923627404967835,97.48855856794769,0.3134054234126258,BALANCING
0.278,6.34714174137641,-2.830770537405808,98.42857462052206,0.31514116480738674,BALANCING
0.28,6.3415706052346,-2.7391930907068107,99.36937592052374,0.31686677379497785,BALANCING
0.28200000000000003,6.3361814170517174,-2.648817861784687,100.31088857427272,0.3185834258209282,BALANCING
0.28400000000000003,6.33097184324373,-2.55957413665743,101.25304707031306,0.3202921864212593,BALANCING
0.28600000000000003,6.325939685760827,-2.47139708193043,102.19579347936254,0.3219940218350606,BALANCING
0.28800000000000003,6.321082870877527,-2.3842271947280866,103.13907673141028,0.32368980863590674,BALANCING
0.29,6.316399439029802,-2.2980098056425566,104.08285196279442,0.32538034246040254,BALANCING
0.292,6.311887535598148,-2.212694629712265,105.02707992667546,0.3270663459087881,BALANCING
0.294,6.307545402545158,-2.1282353608647364,105.97172646087574,0.3287484756885703,BALANCING
0.296,6.303371370824816,-2.0445893056557156,106.91676200757891,0.3304273290678376,BALANCING
0.298,6.299363853488734,-1.961717052508165,107.86216117987298,0.33210344970043243,BALANCING
0.3,6.295521339421797,-1.8795821730000883,108.80790237057676,0.33377733288064887,BALANCING
0.302,6.291842387646246,-1.7981509520695043,109.75396739921008,0.3354494302806915,BALANCING
0.304,6.288325622139215,-1.7173921442989644,110.7003411933576,0.33712015421984165,BALANCING
0.306,6.284969727114138,-1.6372767537118231,111.64701150103168,0.3387898815101785,BALANCING
0.308,6.281773442721326,-1.5577778347592368,112.59396863096657,0.3404589569198305,BALANCING
0.31,6.278735561127423,-1.4788703124019982,113.54120521807313,0.3421276962910932,BALANCING
0.312,6.275854922937476,-1.400530819396189,114.48871601155518,0.34379638934736545,BALANCING
0.314,6.273130413926878,-1.3227375490777258,115.43649768343369,0.34546530221971694,BALANCING
0.316,6.270560962053768,-1.2454701221096287,116.38454865544885,0.3471346797209985,BALANCING
0.318,6.268145534725316,-1.1687094658085877,117.33286894251225,0.3488047473927541,BALANCING
0.32,6.265883136294001,-1.092437704805535,118.28146001106354,0.35047571334774874,BALANCING
0.322,6.263772805762329,-1.0166380619196624,119.23032465085174,0.35214776992870744,BALANCING
0.324,6.261813614676585,-0.9412947682378487,120.17946685880968,0.3538210952018301,BALANCING
0.326,6.260004665192099,-0.8663929814928947,121.12889173382455,0.3554958543018086,BALANCING
0.328,6.258345088294258,-0.7919187119253198,122.07860538132842,0.35717220064340066,BALANCING
0.33,6.256834042161034,-0.717858754895693,123.0286148267412,0.3588502770131019,BALANCING
0.332,6.255470710654176,-0.6442006295884323,123.97892793689658,0.36053021655309264,BALANCING
0.334,6.254254301927489,-0.5709325232145104,124.92955334866936,0.3622121436483984,BALANCING
0.336,6.253184047141723,-0.49804324018026197,125.88050040410147,0.3638961747270933,BALANCING
0.338,6.252259199276633,-0.42552215574318564,126.83177909139556,0.3655824189823661,BALANCING
0.34,6.251479032031663,-0.3533591737238432,127.7833999912079,0.3672709790243741,BALANCING
0.342,6.250842838807526,-0.2815446878862754,128.73537422773052,0.36896195146898836,BALANCING
0.34400000000000003,6.250349931761696,-0.21006954663821195,129.6877134241032,0.37065542746981217,BALANCING
0.34600000000000003,6.249999640931491,-0.1389250207372624,130.64042966174267,0.3723514931991921,BALANCING
0.34800000000000003,6.249791313419005,-0.06810277372058962,131.59353544321692,0.3740502302833562,BALANCING
0.35000000000000003,6.24972431263272,0.0024051651963107367,132.5470436583308,0.37575171619628484,BALANCING
0.352,6.249798017581063,0.07260642598086535,133.50096755312126,0.3774560246164428,BALANCING
0.354,6.250011822213654,0.14250832061120297,134.4553207014914,0.3791632257500809,BALANCING
0.356,6.250365134806351,0.21211786405660507,135.4101169792389,0.38087338662443027,BALANCING
0.358,6.250857377386585,0.28144179357851706,136.36537054025848,0.38258657135377344,BALANCING
0.36,6.251487985195753,0.35048658650360925,137.32109579471987,0.3843028413810687,BALANCING
0.362,6.25225640618577,0.4192584766056486,138.27730738904225,0.38602225569753046,BALANCING
0.364,6.253162100547114,0.48776346921970987,139.2340201875031,0.3877448710423239,BALANCING
0.366,6.254204540265934,0.5560073552003643,140.19124925533575,0.38947074208431026,BALANCING
0.368,6.255383208708027,0.623995723824789,141.14900984318345,0.3911999215875819,BALANCING
0.37,6.256697600227646,0.6917339747321399,142.1073173727905,0.3929324605623526,BALANCING
0.372,6.258147219799314,0.7592273289818725,143.06618742382315,0.3946684084026058,BALANCING
0.374,6.259731582670931,0.8264808393059233,144.02563572172147,0.3964078130117654,BALANCING
0.376,6.261450214036667,0.8934993996226595,144.98567812649492,0.39815072091752457,BALANCING
0.378,6.26330264872818,0.9602877538741967,145.94633062238034,0.39989717737685593,BALANCING
0.38,6.26528843092291,1.026850504242996,146.90760930829046,0.4016472264721203,BALANCING
0.382,6.267407113868215,1.0931921187985467,147.86953038898642,0.40340091119910787,BALANCING
0.384,6.269658259620294,1.1593169386202946,148.83211016691442,0.40515827354775247,BALANCING
0.386,6.272041438796855,1.2252291844388317,149.79536503465215,0.4069193545761959,BALANCING
0.388,6.2745562303426325,1.2909329628335864,150.75931146791555,0.4086841944788082,BALANCING
0.39,6.27720222130689,1.356432272021853,151.7239660190804,0.41045283264871085,BALANCING
0.392,6.279979006632118,1.4217310072709328,152.68934531117807,0.41222530773529664,BALANCING
0.394,6.28288618895321,1.4868329659623818,153.6554660323278,0.414001657697196,BALANCING
0.396,6.285923378406443,1.5517418523348256,154.62234493057153,0.4157819198510881,BALANCING
0.398,6.289090192447654,1.6164612819295607,155.58999880907967,0.41756613091672845,BALANCING
0.4,6.292386255679017,1.6809947857610505,156.55844452170004,0.4193543270585149,BALANCING
0.402,6.295811199683922,1.7453458142326113,157.52769896882336,0.4211465439239005,BALANCING
0.404,6.299364662869434,1.8095177408158214,158.4977790935415,0.42294281667891637,BALANCING
0.406,6.303046290315901,1.873513865510703,159.46870187807718,0.4247431800410531,BALANCING
0.40800000000000003,6.306855733633276,1.937337418102292,160.44048434046448,0.42654766830972624,BALANCING
0.41000000000000003,6.310792650823758,2.000991561227944,161.41314353146214,0.42835631539452335,BALANCING
0.41200000000000003,6.314856706150398,2.0644793932685754,162.386696531683,0.43016915484141954,BALANCING
0.41400000000000003,6.319047570011317,2.1278039510759714,163.3611604489236,0.4319862198571275,BALANCING
0.41600000000000004,6.3233649188192285,2.190968212547349,164.33655241568027,0.43380754333173444,BALANCING
0.418,6.32780843488597,2.253975099057461,165.31288958683822,0.43563315785976525,BALANCING
0.42,6.332377806311759,2.3168274777577462,166.29018913752165,0.437463095759794,BALANCING
0.422,6.337072726878926,2.3795281637513046,167.2684682610942,0.4392973890927248,BALANCING
0.424,6.341892895949884,2.4420799221517853,168.24774416729872,0.4411360696788417,BALANCING
0.426,6.3468380183691036,2.5044854700336856,169.22803408052758,0.44297916911372537,BALANCING
0.428,6.351907804368888,2.5667474782809943,170.20935523821456,0.44482671878312463,BALANCING
0.43,6.357101969478744,2.628868573340596,171.19172488934024,0.4466787498768619,BALANCING
0.432,6.362420234438182,2.6908513388863855,172.17516029304312,0.4485352934018458,BALANCING
0.434,6.367862325112754,2.7526983173996125,173.15967871733025,0.4503963801942582,BALANCING
0.436,6.373427972413168,2.8144120116705795,174.14529743788023,0.4522620409309768,BALANCING
0.438,6.3791169122173415,2.8759948862264544,175.13203373693318,0.4541323061402903,BALANCING
0.44,6.384928885295233,2.9374493686896135,176.11990490226182,0.4560072062119568,BALANCING
0.442,6.3908636372363326,2.998777851070648,177.10892822621867,0.45788677140665385,BALANCING
0.444,6.396920918379671,3.0599826909998473,178.09912100485457,0.4597710318648632,BALANCING
0.446,6.40310048374623,3.121066212900746,179.0905005371044,0.46166001761523034,BALANCING
0.448,6.409402092973658,3.1820307091090596,180.08308412403497,0.46355375858243647,BALANCING
0.45,6.4158255102531605,3.242878440940115,181.07688906815278,0.4654522845946166,BALANCING
0.452,6.422370504268478,3.303611639707674,182.07193267276634,0.46735562539035425,BALANCING
0.454,6.429036848136862,3.364232507696874,183.06823224140106,0.469263810625283,BALANCING
0.456,6.435824319351947,3.4247432190938065,184.0658050772629,0.47117686987832114,BALANCING
0.458,6.442732699728442,3.485145920874111,185.06466848274823,0.4730948326575637,BALANCING
0.46,6.449761775348564,3.5454427336528105,186.0648397589967,0.4750177284058562,BALANCING
0.462,6.456911336510129,3.6056357524974585,187.06633620548544,0.47694558650606805,BALANCING
0.464,6.464181177676238,3.6657270477065538,188.0691751196611,0.4788784362860888,BALANCING
0.466,6.471571097426487,3.725718665555058,189.07337379660865,0.4808163070235629,BALANCING
0.468,6.479080898409631,3.785612629008721,190.07894952875395,0.4827592279503815,BALANCING
0.47000000000000003,6.486710387297658,3.845410938408836,191.08591960559866,0.48470722825694446,BALANCING
0.47200000000000003,6.4944593747411945,3.905115572128937,192.09430131348552,0.48666033709620987,BALANCING
0.47400000000000003,6.502327675326201,3.9647284872048645,193.10411193539224,0.8745522694001182,BALANCING
0.47600000000000003,6.508476486664965,2.188991522310399,196.59942188716045,0.8363015814073356,BALANCING
0.47800000000000004,6.511285253203299,0.6242252843777264,199.80991036661632,0.8027073251958049,BALANCING
0.48,6.511151008370067,-0.7544247707677191,202.768695554331,0.7732202365167438,BALANCING
0.482,6.508424011077594,-1.9688849165741773,205.5049943613906,0.7473557648837468,BALANCING
0.484,6.5034132565152225,-3.038498161021576,208.04458206552232,0.7246864490546848,BALANCING
0.486,6.496391337669441,-3.9803286023561553,210.410197793388,0.7048351908616874,BALANCING
0.488,6.4875987340695005,-4.809429925078974,212.62190222962005,0.6874693215346781,BALANCING
0.49,6.477247595243617,-5.5390822615072475,214.69739318134245,0.6722953671387798,BALANCING
0.492,6.465525078419158,-6.181001146304179,216.6522839636866,0.659054430750239,BALANCING
0.494,6.452596292985636,-6.745521852138859,218.50034898673945,0.6475181187027456,BALANCING
0.496,6.438606898051317,-7.241762007172707,220.25374040823078,0.6374849467991033,BALANCING
0.498,6.42368539396535,-7.677765053269158,221.92317926095853,0.6287771699370408,BALANCING
0.5,6.407945143861772,-8.06062680230529,223.51812406229104,0.6212379852615318,BALANCING
0.502,6.3914861570334685,-8.396607081979099,225.04691955875523,0.6147290648342726,BALANCING
0.504,6.374396662196578,-8.691228227865802,226.51692794614002,0.6091283789965051,BALANCING
0.506,6.356754495399744,-8.94936197148619,227.93464462979432,0.6043282761758522,BALANCING
0.508,6.338628324416078,-9.17530609155067,229.30580034654034,0.6002337889232494,BALANCING
0.51,6.320078728882808,-9.372852034459743,230.63545125502614,0.5967611395259655,BALANCING
0.512,6.3011591531838365,-9.54534456803942,231.9280584120277,0.5938364216831401,BALANCING
0.514,6.281916747068084,-9.695734407131376,233.18755788520457,0.5913944375006531,BALANCING
0.516,6.262393107230112,-9.82662463906997,234.4174226054813,0.5893776715061169,BALANCING
0.518,6.242624931521198,-9.940311679520287,235.6207169322558,0.5877353855407695,BALANCING
0.52,6.222644596084336,-10.038821403088235,236.80014478997606,0.5864228202870267,BALANCING
0.522,6.2024806644939225,-10.123941017190766,237.95809213347763,0.5854004908683214,BALANCING
0.524,6.182158336911001,-10.197247180696587,239.09666441023992,0.5846335654380397,BALANCING
0.526,6.161699846321164,-10.260130809761478,240.21771960900185,0.5840913169801574,BALANCING
0.528,6.141124808089577,-10.313818961157484,241.32289741473056,0.5837466396961094,BALANCING
0.53,6.120450528333075,-10.359394137411796,242.41364492867447,0.5835756223686537,BALANCING
0.532,6.099692275961319,-10.397811317505221,243.49123935818653,0.5835571719899731,BALANCING
0.534,6.078863522667347,-10.42991298109376,244.5568080333244,0.5836726817321309,BALANCING
0.536,6.057976154643576,-10.456442362646516,245.6113460651749,0.5839057380356819,BALANCING
0.538,6.0370406593544255,-10.478055144042475,246.65573192374362,0.5842418622077337,BALANCING
0.54,6.016066290304273,-10.495329769599246,247.6907411805165,0.5846682824637257,BALANCING
0.542,5.995061212393254,-10.508776545832017,248.71705863192417,0.585173732826199,BALANCING
0.544,5.974032630147919,-10.518845669119838,249.73528899446293,0.5857482757164016,BALANCING
0.546,5.9529869008444,-10.525934307587981,250.74596633975426,0.586383145447353,BALANCING
0.548,5.931929634303945,-10.530392848634012,251.74956241799697,0.5870706101558661,BALANCING
0.55,5.910865780931047,-10.53253041039746,252.74649400077743,0.5878038500011322,BALANCING
0.552,5.889799709379375,-10.532619703891687,253.7371293587724,0.5885768497134285,BALANCING
0.554,5.868735275067494,-10.530901322299929,254.7217939762683,0.5893843038022781,BALANCING
0.556,5.847675880622445,-10.527587524924325,255.70077559241153,0.590221532932593,BALANCING
0.558,5.826624529202178,-10.522865575325605,256.6743286485123,0.5910844101530341,BALANCING
0.56,5.805583871535854,-10.516900686176655,257.64267821137753,0.5919692958158501,BALANCING
0.562,5.784556247422121,-10.509838617165206,258.6060234344061,0.5928729801642023,BALANCING
0.5640000000000001,5.763543722338333,-10.501807966821847,259.5645406109045,0.5937926326836273,BALANCING
0.5660000000000001,5.742548119736695,-10.492922194333735,260.5183858676667,0.5947257574207171,BALANCING
0.5680000000000001,5.721571049535509,-10.483281403155994,261.46769754120083,0.5956701535659842,BALANCING
0.5700000000000001,5.700613933253769,-10.47297391448474,262.4125982739915,0.5966238806807077,BALANCING
0.5720000000000001,5.679678026184613,-10.462077655349413,263.35319686378335,0.5975852280206266,BALANCING
0.5740000000000001,5.6587644369564565,-10.450661383165201,264.2895898949828,0.5985526874738071,BALANCING
0.5760000000000001,5.637874144789629,-10.438785766013176,265.22186317784906,0.5995249296868745,BALANCING
0.578,5.617008014719979,-10.426504335645767,266.15009301811955,0.6005007830039722,BALANCING
0.58,5.596166811028998,-10.413864328212556,267.0743473370474,0.6014792148870588,BALANCING
0.582,5.575351209091757,-10.40090742593478,267.9946866594754,0.6024593155252069,BALANCING
0.584,5.554561805829064,-10.38767041139841,268.91116498549366,0.603440283374999,BALANCING
0.586,5.533799128928281,-10.374185744760762,269.82383055939704,0.6044214124045078,BALANCING
0.588,5.51306364497789,-10.360482072952696,270.73272654804146,0.6054020808401497,BALANCING
0.59,5.4923557666437635,-10.346584678888453,271.6378916392749,0.60638174123935,BALANCING
0.592,5.471675859000068,-10.332515877751229,272.53936056985845,0.6073599117328136,BALANCING
0.594,5.451024245114364,-10.31829536658985,273.4371645911849,0.608336168298607,BALANCING
0.596,5.430401210974819,-10.303940532727268,274.33133188012425,0.609310137946482,BALANCING
0.598,5.409807009836985,-10.289466725833577,275.2218879014599,0.6102814927052023,BALANCING
0.6,5.389241866058585,-10.274887497944428,276.10885572762015,0.6112499443182655,BALANCING
0.602,5.36870597848257,-10.26021481520147,276.9922563207358,0.6122152395645579,BALANCING
0.604,5.348199523421723,-10.245459244646415,277.8721087814624,0.6131771561303156,BALANCING
0.606,5.327722657291715,-10.230630119007847,278.74843056848334,0.6141354989674391,BALANCING
0.608,5.30727551893404,-10.215735682073605,279.621237692148,0.615090097080857,BALANCING
0.61,5.286858231665384,-10.200783216936097,280.4905448852916,0.6160408006943964,BALANCING
0.612,5.26647090508563,-10.185779159128401,281.35636575392675,0.6169874787505559,BALANCING
0.614,5.246113636672959,-10.170729196431287,282.218712910176,0.6179300167048514,BALANCING
0.616,5.225786513191113,-10.155638356921562,283.0775980895403,0.6188683145800205,BALANCING
0.618,5.205489611930965,-10.140511086647093,283.9330322543463,0.6198022852494754,BALANCING
0.62,5.1852230018059,-10.125351318150697,284.78502568500323,0.6207318529229918,BALANCING
0.622,5.164986744318251,-10.110162530921032,285.63358806050366,0.6216569518108073,BALANCING
0.624,5.14478089441196,-10.09494780472165,286.4787285294367,0.6225775249451103,BALANCING
0.626,5.124605501224878,-10.079709866637277,287.3204557726313,0.6234935231403754,BALANCING
0.628,5.104460608752536,-10.064451132577547,288.158778058415,0.6244049040761864,BALANCING
0.63,5.084346256433795,-10.049173743891192,288.99370329135934,0.6253116314881157,BALANCING
0.632,5.0642624796676055,-10.033879599666776,289.8252390552781,0.6262136744539301,BALANCING
0.634,5.044209310268963,-10.018570385228143,290.65339265115676,0.6271110067638909,BALANCING
0.636,5.024186776871251,-10.00324759727296,291.4781711306093,0.6280036063652394,BALANCING
0.638,5.004194905281266,-9.98791256604979,292.2995813253902,0.6288914548721309,BALANCING
0.64,4.98423371879251,-9.972566474922665,293.11762987342547,0.6297745371333017,BALANCING
0.642,4.964303238461659,-9.957210377630926,293.93232324177393,0.6306528408506702,BALANCING
0.644,4.944403483352563,-9.941845213515869,294.7436677468797,0.6315263562428706,BALANCING
0.646,4.924534470751564,-9.92647182095376,295.5516695724349,0.632395075748424,BALANCING
0.648,4.904696216357567,-9.91109094920651,296.35633478513523,0.6332589937638785,BALANCING
0.65,4.884888734449778,-9.895703268876467,297.1576693485751,0.6341181064127969,BALANCING
0.652,4.8651120380357895,-9.88030938112975,297.955679135503,0.6349724113419593,BALANCING
0.654,4.845366138982292,-9.864909825833243,298.7503699386294,0.6358219075415714,BALANCING
0.656,4.825651048130483,-9.849505088733208,299.54174748015805,0.6366665951866544,BALANCING
0.658,4.805966775397958,-9.834095607788463,300.329817420191,0.6375064754971158,BALANCING
0.66,4.786313329868688,-9.81868177875768,301.1145853641404,0.6383415506143044,BALANCING
0.662,4.7666907198724795,-9.803263960128742,301.8960568692635,0.6391718234921052,BALANCING
0.664,4.747098953055158,-9.787842477467606,302.6742374504246,0.6399972978008622,BALANCING
0.666,4.727538036440566,-9.77241762725513,303.449132585175,0.6408179778426157,BALANCING
0.668,4.708007976485342,-9.756989680272126,304.22074771823117,0.6416338684763245,BALANCING
0.67,4.688508779127326,-9.741558884585906,304.9890882654221,0.6424449750518935,BALANCING
0.672,4.669040449828349,-9.726125468185256,305.7541596171687,0.6432513033519692,BALANCING
0.674,4.6496029936120555,-9.710689641305247,306.5159671415494,0.6440528595405928,BALANCING
0.676,4.630196415097362,-9.695251598478446,307.2745161870024,0.6448496501178943,BALANCING
0.678,4.610820718528041,-9.679811520344728,308.0298120847056,0.6456416818801253,BALANCING
0.68,4.591475907798911,-9.664369575248159,308.78186015067337,0.6464289618843935,BALANCING
0.682,4.5721619864790135,-9.648925920646024,309.5306656876031,0.6472114974175508,BALANCING
0.684,4.552878957832143,-9.633480704352097,310.2762339865011,0.6479892959687423,BALANCING
0.686,4.533626824835033,-9.618034065633747,311.01857032811387,0.6487623652051859,BALANCING
0.6880000000000001,4.514405590193479,-9.602586136180033,311.7576799841874,0.6495307129508016,BALANCING
0.6900000000000001,4.495215256356639,-9.58713704095602,312.49356821857566,0.6502943471673556,BALANCING
0.6920000000000001,4.476055825529725,-9.571686898956704,313.22624028821474,0.6510532759378223,BALANCING
0.6940000000000001,4.45692729968528,-9.556235823872392,313.9557014439793,0.6518075074517025,BALANCING
0.6960000000000001,4.437829680573191,-9.54078392467593,314.6819569314357,0.6525570499920677,BALANCING
0.6980000000000001,4.418762969729616,-9.525331306141025,315.4050119915025,0.6533019119241275,BALANCING
0.7000000000000001,4.399727168484913,-9.509878069299742,316.12487186103056,0.6540421016851405,BALANCING
0.7020000000000001,4.380722277970724,-9.494424311846359,316.84154177331203,0.6547776277755101,BALANCING
0.704,4.361748299126296,-9.478970128493904,317.5550269585255,0.6555084987509251,BALANCING
0.706,4.3428052327041184,-9.463515611288912,318.2653326441269,0.6562347232154238,BALANCING
0.708,4.323893079274989,-9.44806084988937,318.9724640551904,0.6569563098152712,BALANCING
0.71,4.305011839232536,-9.432605931810135,319.67642641470667,0.6576732672335538,BALANCING
0.712,4.286161512797294,-9.417150942639706,320.37722494384275,0.6583856041854078,BALANCING
0.714,4.267342100020359,-9.401695966231662,321.0748648621687,0.6590933294138065,BALANCING
0.716,4.2485536007866935,-9.386241084873813,321.76935138785416,0.6597964516858391,BALANCING
0.718,4.2297960148181035,-9.370786379437638,322.46068973783935,0.6604949797894261,BALANCING
0.72,4.211069341675945,-9.355331929510351,323.1488851279825,0.6611889225304166,BALANCING
0.722,4.192373580763569,-9.339877813511638,323.83394277318735,0.6618782887300257,BALANCING
0.724,4.173708731328559,-9.324424108796865,324.51586788751234,0.6625630872225685,BALANCING
0.726,4.155074792464764,-9.30897089174835,325.1946656842647,0.6632433268534591,BALANCING
0.728,4.136471763114165,-9.293518237856107,325.87034137607975,0.663919016477441,BALANCING
0.73,4.11789964206859,-9.278066221789283,326.5429001749887,0.6645901649570224,BALANCING
0.732,4.099358427971288,-9.262614917459414,327.2123472924751,0.6652567811610937,BALANCING
0.734,4.080848119318394,-9.247164398076427,327.878687939522,0.6659188739637028,BALANCING
0.736,4.062368714460276,-9.23171473619826,328.54192732665086,0.6665764522429719,BALANCING
0.738,4.043920211602799,-9.216266003774852,329.2020706639526,0.6672295248801389,BALANCING
0.74,4.025502608808503,-9.200818272187144,329.8591231611126,0.6678781007587076,BALANCING
0.742,4.007115903997701,-9.185371612281703,330.5130900274297,0.6685221887636952,BALANCING
0.744,3.9887600949495257,-9.169926094401461,331.1639764718302,0.6691617977809649,BALANCING
0.746,3.9704351793028985,-9.154481788413042,331.81178770287755,0.6697969366966328,BALANCING
0.748,3.9521411545574665,-9.139038763731048,332.45652892877763,0.6704276143965437,BALANCING
0.75,3.9338780180744806,-9.12359708933971,333.0982053573816,0.6710538397658025,BALANCING
0.752,3.9156457670776392,-9.108156833812144,333.73682219618416,0.6716756216883587,BALANCING
0.754,3.8974443986538914,-9.092718065327578,334.37238465232105,0.6722929690466375,BALANCING
0.756,3.87927390975421,-9.077280851686686,335.0048979325624,0.6729058907212089,BALANCING
0.758,3.8611342971943365,-9.06184526032534,335.6343672433052,0.6735143955904946,BALANCING
0.76,3.843025557655494,-9.046411358326926,336.2607977905636,0.6741184925305042,BALANCING
0.762,3.8249476876850874,-9.030979212433364,336.8841947799574,0.6747181904146009,BALANCING
0.764,3.806900683697371,-9.015548889055044,337.5045634166997,0.6753134981132899,BALANCING
0.766,3.7888845419741046,-9.000120454279747,338.1219089055828,0.6759044244940302,BALANCING
0.768,3.770899258665192,-8.98469397388071,338.73623645096313,0.6764909784210635,BALANCING
0.77,3.7529448297893007,-8.969269513323908,339.3475512567456,0.6770731687552615,BALANCING
0.772,3.7350212512344707,-8.953847137774643,339.95585852636674,0.6776510043539871,BALANCING
0.774,3.7171285187587095,-8.938426912103552,340.56116346277736,0.6782244940709684,BALANCING
0.776,3.6992666279905775,-8.923008900892048,341.1634712684246,0.6787936467561863,BALANCING
0.778,3.68143557442976,-8.90759316843732,341.76278714523306,0.6793584712557691,BALANCING
0.78,3.6636353534476314,-8.892179778756873,342.3591162945862,0.6799189764118986,BALANCING
0.782,3.64586596028781,-8.876768795592733,342.95246391730666,0.6804751710627236,BALANCING
0.784,3.628127390066705,-8.861360282415303,343.54283521363635,0.6810270640422796,BALANCING
0.786,3.610419637774058,-8.845954302426914,344.130235383217,0.6815746641804162,BALANCING
0.788,3.5927426982734745,-8.830550918565143,344.71466962506906,0.6821179803027283,BALANCING
0.79,3.575096566302949,-8.815150193505874,345.29614313757173,0.6826570212304929,BALANCING
0.792,3.5574812364753887,-8.799752189666169,345.8746611184422,0.6831917957806115,BALANCING
0.794,3.539896703279126,-8.784356969206945,346.4502287647144,0.6837223127655541,BALANCING
0.796,3.5223429610784294,-8.768964594035499,347.0228512727185,0.6842485809933075,BALANCING
0.798,3.504820004114007,-8.753575125807867,347.59253383805975,0.6847706092673274,BALANCING
0.8,3.4873278265035093,-8.738188625931082,348.15928165559694,0.685288406386491,BALANCING
0.802,3.4698664222420224,-8.722805155565286,348.7230999194217,0.6858019811450556,BALANCING
0.804,3.4524357852025616,-8.707424775625753,349.283993822837,0.6863113423326149,BALANCING
0.806,3.4350359091365585,-8.692047546784822,349.8419685583355,0.68681649873406,BALANCING
0.808,3.417666787674346,-8.676673529473732,350.3970293175791,0.6873174591295413,BALANCING
0.81,3.4003284143256365,-8.661302783884391,350.94918129137676,0.687814232294432,BALANCING
0.812,3.383020782480001,-8.645935369971072,351.49842966966355,0.6883068269992928,BALANCING
0.8140000000000001,3.3657438854073423,-8.630571347452053,352.0447796414793,0.6887952520098372,BALANCING
0.8160000000000001,3.3484977162583647,-8.615210775811194,352.58823639494733,0.6892795160868982,BALANCING
0.8180000000000001,3.3312822680650425,-8.59985371429947,353.12880511725314,0.689759627986397,BALANCING
0.8200000000000001,3.3140975337410827,-8.584500221936446,353.666490994623,0.6902355964593107,BALANCING
0.8220000000000001,3.2969435060823877,-8.569150357511726,354.20129921230296,0.6907074302516418,BALANCING
0.8240000000000001,3.279820177767515,-8.553804179586344,354.7332349545375,0.6911751381043884,BALANCING
0.8260000000000001,3.262727541358128,-8.538461746494141,355.26230340454856,0.6916387287535141,BALANCING
0.8280000000000001,3.245665589299456,-8.523123116343093,355.7885097445141,0.6920982109299196,BALANCING
0.8300000000000001,3.2286343139207396,-8.507788347016614,356.31185915554755,0.6925535933594148,BALANCING
0.8320000000000001,3.2116337074356793,-8.49245749617483,356.83235681767627,0.6930048847626892,BALANCING
0.834,3.194663761942884,-8.47713062125583,357.350007909821,0.6934520938552855,BALANCING
0.836,3.17772446942631,-8.461807779476889,357.8648176097748,0.6938952293475724,BALANCING
0.838,3.160815821755702,-8.44648902783567,358.3767910941822,0.6943342999447167,BALANCING
0.84,3.1439378106870346,-8.431174423111399,358.8859335385183,0.6947693143466578,BALANCING
0.842,3.1270904278629437,-8.415864021866037,359.3922501170684,0.6952002812480803,BALANCING
0.844,3.1102736648131626,-8.400557880445408,359.89574600290695,0.6956272093383888,BALANCING
0.846,3.093487512954953,-8.385256054980331,360.39642636787704,0.6960501073016817,BALANCING
0.848,3.076731963593531,-8.369958601387726,360.89429638257,0.6964689838167248,BALANCING
0.85,3.060007007922499,-8.35466557537169,361.38936121630496,0.6968838475569277,BALANCING
0.852,3.043312637024265,-8.339377032424599,361.88162603710794,0.6972947071903159,BALANCING
0.854,3.026648841870469,-8.324093027828132,362.3710960116921,0.6977015713795085,BALANCING
0.856,3.0100156133224014,-8.308813616654344,362.85777630543697,0.698104448781691,BALANCING
0.858,2.993412942131421,-8.293538853766684,363.34167208236863,0.6985033480485922,BALANCING
0.86,2.976840818939372,-8.278268793821013,363.8227885051392,0.6988982778264584,BALANCING
0.862,2.960299234278999,-8.26300349126662,364.30113073500695,0.6992892467560299,BALANCING
0.864,2.9437881785743567,-8.247743000347194,364.77670393181603,0.6996762634725159,BALANCING
0.866,2.927307642141222,-8.232487375101822,365.24951325397683,0.7000593366055704,BALANCING
0.868,2.910857615187503,-8.217236669365956,365.71956385844567,0.700438474779269,BALANCING
0.87,2.8944380878136426,-8.201990936772356,366.1868609007054,0.7008136866120839,BALANCING
0.872,2.8780490500130265,-8.186750230752052,366.6514095347453,0.7011849807168602,BALANCING
0.874,2.8616904916723813,-8.171514604535268,367.11321491304125,0.7015523657007932,BALANCING
0.876,2.8453624025721793,-8.156284111152358,367.57228218653665,0.7019158501654033,BALANCING
0.878,2.829064772387036,-8.141058803434703,368.02861650462216,0.7022754427065137,BALANCING
0.88,2.812797590686106,-8.125838734015636,368.48222301511674,0.7026311519142265,BALANCING
0.882,2.796560846933479,-8.110623955331313,368.9331068642477,0.7029829863728998,BALANCING
0.884,2.780354530488574,-8.095414519621615,369.3812731966317,0.7033309546611236,BALANCING
0.886,2.7641786306065304,-8.080210478931015,369.82672715525524,0.7036750653516979,BALANCING
0.888,2.748033136438598,-8.065011885109444,370.26947388145555,0.7040153270116088,BALANCING
0.89,2.731918037032525,-8.049818789813145,370.70951851490116,0.7043517482020065,BALANCING
0.892,2.715833321332944,-8.034631244505519,371.146866193573,0.704684337478182,BALANCING
0.894,2.69977897818176,-8.019449300457973,371.5815220537452,0.7050131033895439,BALANCING
0.896,2.6837549963185277,-8.004273008750731,372.013491229966,0.7053380544795967,BALANCING
0.898,2.6677613643808398,-7.989102420273664,372.4427788550393,0.7056591992859181,BALANCING
0.9,2.651798070904701,-7.973937585727104,372.86939006000495,0.7059765463401365,BALANCING
0.902,2.6358651043249117,-7.9587785556226445,373.2933299741209,0.7062901041679084,BALANCING
0.904,2.6199624529754395,-7.943625380283928,373.7146037248437,0.706599881288897,BALANCING
0.906,2.604090105089798,-7.928478109847442,374.1332164378102,0.7069058862167489,BALANCING
0.908,2.5882480488014195,-7.913336794263297,374.5491732368188,0.7072081274590729,BALANCING
0.91,2.5724362721440253,-7.898201483295989,374.962479243811,0.7075066135174186,BALANCING
0.912,2.5566547630519985,-7.88307222652517,375.3731395788529,0.7078013528872528,BALANCING
0.914,2.5409035093607524,-7.867949073346394,375.7811593601166,0.7080923540579396,BALANCING
0.916,2.5251824988070966,-7.852832072971875,376.1865437038621,0.7083796255127176,BALANCING
0.918,2.5094917190296036,-7.83772127443122,376.58929772441894,0.7086631757286788,BALANCING
0.92,2.4938311575689744,-7.82261672657216,376.98942653416776,0.7089430131767467,BALANCING
0.922,2.4782008018684007,-7.80751847806128,377.38693524352226,0.7092191463216552,BALANCING
0.924,2.462600639273927,-7.792426577384729,377.7818289609114,0.7094915836219277,BALANCING
0.926,2.4470306570348086,-7.777341072848939,378.17411279276075,0.7097603335298549,BALANCING
0.928,2.4314908423038735,-7.762262012581318,378.563791843475,0.7100254044914749,BALANCING
0.93,2.415981182137878,-7.7471894445309575,378.9508712154199,0.7102868049465506,BALANCING
0.932,2.4005016634978626,-7.732123416469311,379.33535600890434,0.7105445433285503,BALANCING
0.934,2.3850522732495074,-7.717063975990883,379.7172513221626,0.7107986280646258,BALANCING
0.936,2.369632998163485,-7.702011170513905,380.09656225133665,0.7110490675755924,BALANCING
0.9380000000000001,2.3542438249158115,-7.686965047281,380.4732938904583,0.7112958702759073,BALANCING
0.9400000000000001,2.338884740088199,-7.67192565335985,380.84745133143207,0.7115390445736498,BALANCING
0.9420000000000001,2.323555730168403,-7.656893035643847,381.21903966401703,0.7117785988705001,BALANCING
0.9440000000000001,2.3082567815505715,-7.641867240852746,381.58806397580963,0.7120145415617197,BALANCING
0.9460000000000001,2.2929878805355903,-7.626848315533313,381.95452935222653,0.7122468810361303,BALANCING
0.9480000000000001,2.2777490133314306,-7.611836306059949,382.31844087648665,0.7124756256760939,BALANCING
0.9500000000000001,2.262540166053491,-7.5968312586353335,382.67980362959435,0.7127007838574924,BALANCING
0.9520000000000001,2.247361324724941,-7.581833219291039,383.0386226903221,0.712922363949708,BALANCING
0.9540000000000001,2.232212475277063,-7.566842233888163,383.3949031351931,0.7131403743156025,BALANCING
0.9560000000000001,2.2170936035495927,-7.551858348117928,383.7486500384644,0.7133548233114981,BALANCING
0.9580000000000001,2.2020046952910572,-7.536881607502296,384.0998684721098,0.7135657192871572,BALANCING
0.96,2.1869457361591147,-7.521912057394562,384.44856350580255,0.7137730705857622,BALANCING
0.962,2.1719167117208893,-7.506949742979964,384.79474020689906,0.7139768855438974,BALANCING
0.964,2.1569176074533067,-7.491994709276258,385.1384036404214,0.7141771724915268,BALANCING
0.966,2.141948408743432,-7.477047001134308,385.47955886904083,0.7143739397519776,BALANCING
0.968,2.127009100888798,-7.462106663238667,385.81821095306094,0.7145671956419188,BALANCING
0.97,2.11209966909774,-7.447173740108148,386.154364950401,0.7147569484713425,BALANCING
0.972,2.097220098489727,-7.4322482760963915,386.4880259165792,0.7149432065435444,BALANCING
0.974,2.08237037409569,-7.417330315392427,386.81919890469646,0.7151259781551053,BALANCING
0.976,2.0675504808583516,-7.402419902021235,387.1478889654193,0.7153052715958714,BALANCING
0.978,2.0527604036325537,-7.387517079844294,387.4741011469641,0.7154810951489358,BALANCING
0.98,2.038000127185583,-7.372621892560134,387.7978404950799,0.715653457090619,BALANCING
0.982,2.0232696361974987,-7.357734383704874,388.1191120530331,0.7158223656904504,BALANCING
0.984,2.0085689152614536,-7.342854596652758,388.4379208615901,0.7159878292111505,BALANCING
0.986,1.9938979488840183,-7.327982574616691,388.7542719590018,0.7161498559086097,BALANCING
0.988,1.979256721485506,-7.313118360648761,389.06817038098734,0.7163084540318734,BALANCING
0.99,1.96464521740029,-7.298261997640771,389.37962116071765,0.7164636318231201,BALANCING
0.992,1.950063420877126,-7.283413528324747,389.6886293287999,0.7166153975176451,BALANCING
0.994,1.93551131607947,-7.268572995273456,389.99519991326116,0.7167637593438416,BALANCING
0.996,1.920988887085797,-7.253740440900915,390.2993379395327,0.7169087255231821,BALANCING
0.998,1.9064961178899182,-7.238915907462893,390.601048430434,0.7170503042702007,BALANCING
1.0,1.8920329924012969,-7.2240994370574105,390.90033640615707,0.7171885037924753,BALANCING
1.002,1.8775994944453616,-7.209291071625234,391.1972068842505,0.7173233322906089,BALANCING
1.004,1.8631956077638234,-7.1944908529503735,391.49166487960406,0.7174547979582121,BALANCING
1.006,1.848821316014987,-7.179698822660558,391.78371540443277,0.7175829089818854,BALANCING
1.008,1.834476602774062,-7.164915022227723,392.0733634682617,0.7177076735412012,BALANCING
1.01,1.8201614515334763,-7.150139492968491,392.36061407790993,0.7178290998086867,BALANCING
1.012,1.8058758457031847,-7.13537227604464,392.64547223747576,0.7179471959498053,BALANCING
1.014,1.7916197686109783,-7.120613412463576,392.92794294832066,0.7180619701229403,BALANCING
1.016,1.7773932035027937,-7.1058629430787965,393.2080312090546,0.7181734304793767,BALANCING
1.018,1.763196133543019,-7.091120908590357,393.48574201552003,0.7182815851632841,BALANCING
1.02,1.7490285418148015,-7.0763873495453185,393.7610803607772,0.7183864423116998,BALANCING
1.022,1.7348904113203523,-7.061662306338213,394.03405123508907,0.7184880100545112,BALANCING
1.024,1.720781724981251,-7.046945819211483,394.3046596259055,0.7185862965144387,BALANCING
1.026,1.7067024656387506,-7.0322379282559355,394.5729105178491,0.7186813098070195,BALANCING
1.028,1.6926526160540787,-7.0175386734111775,394.83880889269955,0.7187730580405894,BALANCING
1.03,1.6786321589087407,-7.002848094466059,395.10235972937903,0.7188615493162668,BALANCING
1.032,1.6646410768048203,-6.988166231059104,395.36356800393713,0.7189467917279363,BALANCING
1.034,1.6506793522652798,-6.973493122678945,395.6224386895363,0.7190287933622311,BALANCING
1.036,1.6367469677342599,-6.95882880866475,395.8789767564367,0.719107562298517,BALANCING
1.038,1.6228439055773773,-6.944173328206644,396.13318717198183,0.7191831066088757,BALANCING
1.04,1.608970148082024,-6.929526720346132,396.3850749005837,0.7192554343580886,BALANCING
1.042,1.5951256774576617,-6.914889023976514,396.6346449037083,0.7193245536036202,BALANCING
1.044,1.5813104758361203,-6.900260277843301,396.88190213986104,0.7193904723956019,BALANCING
1.046,1.5675245252718915,-6.885640520544625,397.1268515645722,0.7194531987768158,BALANCING
1.048,1.5537678077424235,-6.871029790531641,397.3694981303826,0.7195127407826788,BALANCING
1.05,1.540040305148415,-6.85642812610894,397.6098467868293,0.7195691064412263,BALANCING
1.052,1.5263419993141074,-6.841835565434941,397.8479024804309,0.7196223037730962,BALANCING
1.054,1.5126728719875777,-6.827252146522293,398.08367015467365,0.7196723407915138,BALANCING
1.056,1.4990329048410278,-6.812677907238267,398.31715474999737,0.7197192255022746,BALANCING
1.058,1.4854220794710769,-6.798112885305147,398.54836120378064,0.7197629659037302,BALANCING
1.06,1.47184037739905,-6.783557118300624,398.77729445032753,0.7198035699867713,BALANCING
1.062,1.4582877800712668,-6.769010643658169,399.00395942085294,0.719841045734813,BALANCING
1.064,1.4447642688593303,-6.754473498667427,399.22836104346885,0.7198754011237789,BALANCING
1.066,1.4312698250604132,-6.73994572047459,399.4505042431703,0.7199066441220859,BALANCING
1.068,1.4178044298975452,-6.725427346082771,399.6703939418218,0.7199347826906289,BALANCING
1.07,1.4043680645198986,-6.7109184123523855,399.88803505814315,0.7199598247827658,BALANCING
1.072,1.3909607100030732,-6.696418956001513,400.1034325076958,0.7199817783443012,BALANCING
1.074,1.3775823473493807,-6.681929013606269,400.3165912028691,0.720000651313473,BALANCING
1.076,1.3642329574881282,-6.667448621601171,400.5275160528668,0.7200164516209365,BALANCING
1.078,1.350912521275901,-6.652977816279499,400.73621196369334,0.7200291871897491,BALANCING
1.08,1.3376210194968456,-6.638516633793653,400.9426838381401,0.7200388659353558,BALANCING
1.082,1.324358432862949,-6.624065110155514,401.14693657577243,0.7200454957655753,BALANCING
1.084,1.3111247420143222,-6.6096232812367965,401.34897507291555,0.7200490845805837,BALANCING
1.086,1.2979199275194777,-6.595191182769398,401.5488042226417,0.7200496402729013,BALANCING
1.088,1.28474396987561,-6.58076885034575,401.74642891475656,0.720047170727377,BALANCING
1.09,1.2715968495088747,-6.566356319419167,401.94185403578587,0.7200416838211748,BALANCING
1.092,1.2584785467746649,-6.551953625304188,402.1350844689626,0.7200331874237585,BALANCING
1.094,1.24538904195789,-6.537560803176916,402.32612509421324,0.7200216893968779,BALANCING
1.096,1.2323283152732505,-6.52317788807536,402.5149807881452,0.7200071975945548,BALANCING
1.098,1.2192963468655158,-6.508804914899773,402.7016564240334,0.7199897198630678,BALANCING
1.1,1.2062931168097981,-6.494441918412985,402.88615687180726,0.71996926404094,BALANCING
1.102,1.1933186051118276,-6.480088933240732,403.068486998038,0.7199458379589228,BALANCING
1.104,1.1803727917082252,-6.465745993871995,403.24865166592554,0.7199194494399839,BALANCING
1.106,1.167455656466777,-6.451413134659315,403.42665573528564,0.7198901062992921,BALANCING
1.108,1.1545671791867071,-6.43709038981913,403.60250406253715,0.7198578163442046,BALANCING
1.11,1.1417073395989479,-6.422777793432091,403.77620150068924,0.7198225873742528,BALANCING
1.112,1.1288761173664124,-6.408475379443385,403.94775289932875,0.7197844271811277,BALANCING
1.114,1.1160734920842648,-6.394183181663058,404.1171631046075,0.7197433435486685,BALANCING
1.116,1.1032994432801904,-6.379901233766324,404.28443695922977,0.7196993442528471,BALANCING
1.118,1.0905539504146646,-6.365629569293886,404.44957930243953,0.7196524370617557,BALANCING
1.12,1.0778369928812226,-6.351368221652248,404.61259497000833,0.7196026297355936,BALANCING
1.122,1.0651485500067264,-6.33711722411402,404.77348879422254,0.719549930026653,BALANCING
1.124,1.0524886010516323,-6.322876609818234,404.93226560387126,0.7194943456793074,BALANCING
1.1260000000000001,1.039857125210259,-6.308646411770647,405.08893022423354,0.7194358844299963,BALANCING
1.1280000000000001,1.0272541016110526,-6.294426662844047,405.24348747706665,0.7193745540072143,BALANCING
1.1300000000000001,1.0146795093168528,-6.2802173957785525,405.3959421805936,0.719310362131497,BALANCING
1.1320000000000001,1.0021333273251576,-6.266018643181917,405.5462991494906,0.7192433165154083,BALANCING
1.1340000000000001,0.9896155345683884,-6.25183043752983,405.6945631948758,0.7191734248635278,BALANCING
1.1360000000000001,0.9771261099141527,-6.237652811166207,405.8407391242964,0.7191006948724378,BALANCING
1.1380000000000001,0.9646650321655088,-6.223485796303492,405.9848317417171,0.7190251342307106,BALANCING
1.1400000000000001,0.9522322800612273,-6.209329425022943,406.12684584750764,0.7189467506188966,BALANCING
1.1420000000000001,0.9398278322760538,-6.195183729274938,406.26678623843173,0.7188655517095105,BALANCING
1.1440000000000001,0.9274516674209702,-6.181048740879248,406.40465770763444,0.7187815451670201,BALANCING
1.1460000000000001,0.9151037640434554,-6.166924491525338,406.5404650446304,0.7186947386478335,BALANCING
1.1480000000000001,0.9027841006277462,-6.152811012772645,406.6742130352926,0.7186051398002863,BALANCING
1.1500000000000001,0.8904926555950967,-6.138708336050871,406.8059064618402,0.7185127562646302,BALANCING
1.1520000000000001,0.8782294073040374,-6.124616492660261,406.93555010282694,0.71841759567302,BALANCING
1.154,0.8659943340506341,-6.110535513771885,407.06314873312965,0.7183196656495027,BALANCING
1.156,0.8537874140687456,-6.096465430427922,407.18870712393664,0.7182189738100039,BALANCING
1.158,0.8416086255302818,-6.082406273541932,407.3122300427362,0.7181155277623172,BALANCING
1.16,0.8294579465454605,-6.068358073899139,407.433722253305,0.7180093351060919,BALANCING
1.162,0.817335355163063,-6.054320862156704,407.5531885156969,0.7179004034328211,BALANCING
1.164,0.8052408293706912,-6.040294668844,407.67063358623136,0.7177887403258295,BALANCING
1.166,0.7931743470950221,-6.026279524362881,407.7860622174825,0.7176743533602631,BALANCING
1.168,0.781135886202063,-6.012275458987958,407.8994791582673,0.7175572501030762,BALANCING
1.17,0.7691254244974052,-5.998282502866863,408.010889153635,0.717437438113021,BALANCING
1.172,0.7571429397264783,-5.984300686020525,408.1202969448553,0.7173149249406349,BALANCING
1.174,0.7451884095748028,-5.970330038343424,408.2277072694077,0.7171897181282305,BALANCING
1.176,0.7332618116682436,-5.956370589603871,408.3331248609705,0.7170618252098836,BALANCING
1.178,0.7213631235732608,-5.9424223694442615,408.4365544494093,0.7169312537114217,BALANCING
1.18,0.7094923227971623,-5.928485407381342,408.5380007607665,0.7167980111504134,BALANCING
1.182,0.6976493867883548,-5.9145597328064685,408.6374685172503,0.7166621050361571,BALANCING
1.184,0.6858342929365935,-5.90064537498587,408.7349624372236,0.7165235428696701,BALANCING
1.186,0.6740470185732329,-5.886742363060905,408.8304872351934,0.7163823321436772,BALANCING
1.188,0.6622875409714764,-5.872850726048317,408.9240476218,0.7162384803426005,BALANCING
1.19,0.6505558373466244,-5.858970492840497,409.01564830380624,0.716091994942548,BALANCING
1.192,0.6388518848563235,-5.84510169220573,409.105293984087,0.7159428834113034,BALANCING
1.194,0.6271756606008142,-5.831244352788453,409.1929893616182,0.7157911532083147,BALANCING
1.196,0.6155271416231788,-5.8173985031095095,409.2787391314666,0.7156368117846842,BALANCING
1.198,0.6039063049095873,-5.803564171566394,409.36254798477904,0.7154798665831579,BALANCING
1.2,0.592313127389545,-5.789741386433507,409.4444206087724,0.7153203250381149,BALANCING
1.202,0.580747585936138,-5.775930175862405,409.5243616867225,0.7151581945755571,BALANCING
1.204,0.569209657366278,-5.762130567882042,409.60237589795406,0.7149934826130985,BALANCING
1.206,0.5576993184409488,-5.748342590399023,409.67846791783063,0.7148261965599553,BALANCING
1.208,0.5462165458654489,-5.734566271197844,409.7526424177439,0.7146563438169361,BALANCING
1.21,0.534761316289637,-5.720801637941139,409.82490406510374,0.7144839317764311,BALANCING
1.212,0.5233336063081746,-5.707048718169925,409.89525752332776,0.7143089678224019,BALANCING
1.214,0.5119333924607697,-5.693307539303839,409.96370745183134,0.7141314593303724,BALANCING
1.216,0.5005606512324186,-5.679578128641384,410.0302585060177,0.7139514136674177,BALANCING
1.218,0.48921535905364827,-5.665860513360166,410.0949153372673,0.7137688381921561,BALANCING
1.22,0.47789749230075806,-5.652154720517137,410.1576825929288,0.7135837402547367,BALANCING
1.222,0.4666070272960605,-5.638460777048826,410.21856491630797,0.7133961271968323,BALANCING
1.224,0.45534394030812214,-5.6247787097715864,410.2775669466587,0.7132060063516278,BALANCING
1.226,0.44410820755200353,-5.611108545381821,410.33469331917263,0.7130133850438116,BALANCING
1.228,0.43289980518949894,-5.597450310456225,410.3899486649696,0.7128182705895659,BALANCING
1.23,0.4217187093293755,-5.5838040314520185,410.4433376110879,0.7126206702965573,BALANCING
1.232,0.4105648960276121,-5.570169734707176,410.49486478047424,0.7124205914639271,BALANCING
1.234,0.39943834128763744,-5.556547446440664,410.5445347919746,0.7122180413822823,BALANCING
1.236,0.38833902106056783,-5.542937192752671,410.59235226032416,0.7120130273336864,BALANCING
1.238,0.3772669112454448,-5.529338999624836,410.63832179613786,0.7118055565916496,BALANCING
1.24,0.3662219876894716,-5.515752892920481,410.682448005901,0.7115956364211207,BALANCING
1.242,0.3552042261882499,-5.502178898384837,410.72473549195973,0.7113832740784771,BALANCING
1.244,0.3442136024860156,-5.488617041645275,410.7651888525115,0.7111684768115163,BALANCING
1.246,0.3332500922758744,-5.475067348211531,410.8038126815958,0.7109512518594469,BALANCING
1.248,0.3223136712000367,-5.461529843475931,410.8406115690846,0.7107316064528794,BALANCING
1.25,0.31140431485005243,-5.448004552713623,410.8755901006735,0.7105095478138184,BALANCING
1.252,0.30052199876704516,-5.434491501082793,410.90875285787206,0.7102850831556523,BALANCING
1.254,0.28966669844194554,-5.420990713624896,410.9401044179947,0.7100582196831463,BALANCING
1.256,0.2788383893157249,-5.407502215264873,410.9696493541517,0.7098289645924326,BALANCING
1.258,0.2680370467796278,-5.39402603081138,410.99739223523994,0.7095973250710023,BALANCING
1.26,0.2572626461754045,-5.3805621849570064,411.0233376259339,0.7093633082976969,BALANCING
1.262,0.24651516279554295,-5.3671107022784925,411.0474900866766,0.7091269214427,BALANCING
1.264,0.23579457188350003,-5.353671607236957,411.0698541736707,0.7088881716675286,BALANCING
1.266,0.22510084863393284,-5.340244924178109,411.0904344388695,0.7086470661250255,BALANCING
1.268,0.21443396819292918,-5.326830677332474,411.1092354299682,0.7084036119593502,BALANCING
1.27,0.20379390565823768,-5.313428890815604,411.12626169039476,0.7081578163059714,BALANCING
1.272,0.19318063607949768,-5.300039588628301,411.1415177593014,0.707909686291659,BALANCING
1.274,0.18259413445846837,-5.286662794656829,411.1550081715558,0.7076592290344752,BALANCING
1.276,0.17203437574925767,-5.273298532673139,411.1667374577324,0.7074064516437674,BALANCING
1.278,0.16150133485855073,-5.259946826335071,411.17671014410354,0.70715136122016,BALANCING
1.28,0.15099498664583794,-5.246607699186579,411.1849307526311,0.7068939648555468,BALANCING
1.282,0.14051530592364236,-5.233281174657941,411.1914038009579,0.7066342696330825,BALANCING
1.284,0.13006226745774707,-5.219967276065973,411.1961338023992,0.7063722826271761,BALANCING
1.286,0.11963584596742166,-5.206666026614243,411.19912526593384,0.7061080109034821,BALANCING
1.288,0.10923601612564872,-5.193377449393278,411.2003826961964,0.7058414615188936,BALANCING
1.29,0.09886275255934958,-5.180101567380784,411.1999105934684,0.7055726415215348,BALANCING
1.292,0.08851602984960986,-5.16683840344185,411.19771345367025,0.7053015579507531,BALANCING
1.294,0.07819582253190438,-5.1535879803291635,411.1937957683525,0.7050282178371124,BALANCING
1.296,0.06790210509632186,-5.140350320683215,411.1881620246882,0.7047526282023847,BALANCING
1.298,0.05763485198778901,-5.127125447032511,411.18081670546417,0.7044747960595439,BALANCING
1.3,0.04739403760629442,-5.113913381793783,411.17176428907294,0.7041947284127581,BALANCING
1.302,0.0371796363071118,-5.100714147272194,411.1610092495049,0.7039124322573819,BALANCING
1.304,0.02699162240102297,-5.087527765661545,411.1485560563399,0.7036279145799508,BALANCING
1.306,0.01682997015454036,-5.0743542590444894,411.1344091747394,0.7033411823581723,BALANCING
1.308,0.006694653790129122,-5.061193649392726,411.1185730654385,0.7030522425609202,BALANCING
1.31,-0.0034143525135711806,-5.048045958567217,411.10105218473774,0.7027611021482278,BALANCING
1.312,-0.013497074621525289,-5.034911208318392,411.0818509844954,0.7024677680712798,BALANCING
1.314,-0.023553538442081384,-5.0217894202863445,411.0609739121196,0.7021722472724068,BALANCING
1.316,-0.03358376992675061,-5.008680616001049,411.03842541056065,0.7018745466850779,BALANCING
1.318,-0.043587795069987056,-4.995584816882556,411.0142099183029,0.7015746732338939,BALANCING
1.32,-0.05356563990896807,-4.982502044241198,410.9883318693573,0.7012726338345816,BALANCING
1.322,-0.06351733052337506,-4.969432319277791,410.96079569325343,0.7009684353939862,BALANCING
1.324,-0.07344289303517461,-4.956375663083846,410.93160581503236,0.7006620848100652,BALANCING
1.326,-0.08334235360840014,-4.9433320966417575,410.90076665523856,0.700353588971882,BALANCING
1.328,-0.0932157384489338,-4.930301640825016,410.8682826299124,0.7000429547595998,BALANCING
1.33,-0.10306307380428889,-4.917284316398403,410.8341581505829,0.6997301890444745,BALANCING
1.332,-0.11288438596339263,-4.904280144018198,410.79839762426,0.699415298688849,BALANCING
1.334,-0.12267970125636936,-4.891289144232372,410.7610054534273,0.6990982905461476,BALANCING
1.336,-0.13244904605432412,-4.8783113374807945,410.7219860360343,0.6987791714608684,BALANCING
1.338,-0.1421924467691266,-4.865346744095427,410.6813437654897,0.6984579482685783,BALANCING
1.34,-0.1519099298531956,-4.852395384300528,410.63908303065347,0.6981346277959067,BALANCING
1.342,-0.16160152179928372,-4.839457278212846,410.5952082158298,0.6978092168605395,BALANCING
1.344,-0.17126724914026267,-4.826532445841822,410.54972370076,0.6974817222712133,BALANCING
1.346,-0.18090713844890868,-4.81362090708979,410.50263386061533,0.6971521508277093,BALANCING
1.348,-0.1905212163376886,-4.800722681752166,410.4539430659895,0.6968205093208477,BALANCING
1.35,-0.2001095094585462,-4.787837789517654,410.40365568289195,0.6964868045324818,BALANCING
1.352,-0.209672044502689,-4.774966249968438,410.3517760727406,0.696151043235493,BALANCING
1.354,-0.2192088482003753,-4.762108082580382,410.298308592355,0.6958132321937839,BALANCING
1.356,-0.2287199473207019,-4.749263306723223,410.2432575939491,0.695473378162274,BALANCING
1.358,-0.23820536867139191,-4.7364319416607685,410.18662742512464,0.6951314878868933,BALANCING
1.36,-0.24766513909858315,-4.723614006551092,410.1284224288638,0.6947875681045778,BALANCING
1.362,-0.2570992854866168,-4.71080952044673,410.06864694352294,0.6944416255432627,BALANCING
1.364,-0.2665078347578266,-4.6980185022948735,410.00730530282516,0.6940936669218786,BALANCING
1.366,-0.2758908138723283,-4.685240970937564,409.94440183585414,0.693743698950345,BALANCING
1.368,-0.2852482498278095,-4.67247694511189,409.8799408670469,0.6933917283295662,BALANCING
1.37,-0.2945801696593201,-4.659726443450176,409.8139267161875,0.6930377617514248,BALANCING
1.372,-0.3038866004390628,-4.646989484480182,409.74636369840005,0.6926818058987778,BALANCING
1.374,-0.3131675692761842,-4.63426608662529,409.6772561241424,0.692323867445451,BALANCING
1.3760000000000001,-0.32242310331656643,-4.621556268204705,409.60660829919925,0.6919639530562338,BALANCING
1.3780000000000001,-0.33165322974261846,-4.608860047433641,409.53442452467607,0.6916020693868749,BALANCING
1.3800000000000001,-0.3408579757730689,-4.596177442423516,409.46070909699216,0.6912382230840766,BALANCING
1.3820000000000001,-0.3500373686627584,-4.583508471182145,409.38546630787454,0.6908724207854907,BALANCING
1.3840000000000001,-0.35919143570243245,-4.570853151613931,409.30870044435136,0.6905046691197134,BALANCING
1.3860000000000001,-0.3683202042185348,-4.558211501520054,409.2304157887455,0.6901349747062805,BALANCING
1.3880000000000001,-0.3774237015730014,-4.545583538598669,409.1506166186685,0.689763344155663,BALANCING
1.3900000000000001,-0.3865019551630545,-4.532969280445091,409.0693072070138,0.6893897840692621,BALANCING
1.3920000000000001,-0.3955549924209969,-4.520368744551987,408.9864918219513,0.6890143010394048,BALANCING
1.3940000000000001,-0.4045828408140071,-4.5077819483095665,408.90217472692007,0.6886369016493397,BALANCING
1.3960000000000001,-0.41358552784393443,-4.495208909005774,408.8163601806231,0.6882575924732323,BALANCING
1.3980000000000001,-0.4225630810470948,-4.482649643826475,408.7290524370208,0.6878763800761603,BALANCING
1.4000000000000001,-0.43151552799406667,-4.470104169855653,408.6402557453249,0.6874932710141097,BALANCING
1.4020000000000001,-0.44044289628948746,-4.457572504075587,408.5499743499924,0.6871082718339708,BALANCING
1.4040000000000001,-0.44934521357185053,-4.445054663367054,408.4582124907197,0.6867213890735332,BALANCING
1.4060000000000001,-0.45822250751330196,-4.432550664509508,408.3649744024365,0.6863326292614816,BALANCING
1.408,-0.4670748058194385,-4.420060524181274,408.27026431529976,0.6859419989173929,BALANCING
1.41,-0.47590213622910504,-4.407584258959737,408.17408645468834,0.6855495045517304,BALANCING
1.412,-0.48470452651419355,-4.395121885321525,408.07644504119634,0.6851551526658409,BALANCING
1.414,-0.4934820044794412,-4.382673419642702,407.97734429062785,0.6847589497519512,BALANCING
1.416,-0.5022345979622296,-4.370238878198956,407.87678841399116,0.6843609022931623,BALANCING
1.418,-0.5109623348323842,-4.357818277165783,407.77478161749264,0.6839610167634476,BALANCING
1.42,-0.5196652429919744,-4.345411632618678,407.6713281025315,0.6835592996276478,BALANCING
1.422,-0.5283433503751129,-4.333018960533321,407.5664320656939,0.6831557573414674,BALANCING
1.424,-0.5369966849477577,-4.320640276785765,407.46009769874723,0.6827503963514715,BALANCING
1.426,-0.5456252747075112,-4.308275597152617,407.35232918863477,0.6823432230950816,BALANCING
1.428,-0.5542291476834231,-4.295924937311236,407.24313071746997,0.6819342440005722,BALANCING
1.43,-0.5628083319357912,-4.283588312839908,407.1325064625309,0.6815234654870672,BALANCING
1.432,-0.5713628555559636,-4.271265739218039,407.02046059625496,0.6811108939645366,BALANCING
1.434,-0.5798927466661412,-4.25895723182634,406.9069972862335,0.6806965358337927,BALANCING
1.436,-0.5883980334191807,-4.246662805947013,406.79212069520605,0.6802803974864867,BALANCING
1.438,-0.5968787439983972,-4.234382476763933,406.6758349810553,0.6798624853051062,BALANCING
1.44,-0.6053349066173684,-4.2221162593628385,406.55814429680174,0.6794428056629707,BALANCING
1.442,-0.6137665495197381,-4.209864168731515,406.4390527905982,0.6790213649242289,BALANCING
1.444,-0.6221737009790202,-4.197626219759977,406.318564605725,0.6785981694438561,BALANCING
1.446,-0.6305563892984044,-4.1854024272406605,406.196683880584,0.6781732255676497,BALANCING
1.448,-0.63891464281056,-4.1731928058686,406.07341474869435,0.6777465396322276,BALANCING
1.45,-0.6472484898774418,-4.160997370241617,405.9487613386868,0.6773181179650245,BALANCING
1.452,-0.6555579588900962,-4.148816134860506,405.82272777429847,0.676887966884288,BALANCING
1.454,-0.6638430782684666,-4.136649114129216,405.6953181743684,0.6764560926990774,BALANCING
1.456,-0.6721038764612005,-4.124496322355032,405.56653665283204,0.6760225017092597,BALANCING
1.458,-0.6803403819454564,-4.112357773748768,405.43638731871636,0.6755872002055072,BALANCING
1.46,-0.6885526232267103,-4.100233482424944,405.30487427613485,0.6751501944692939,BALANCING
1.462,-0.6967406288385638,-4.088123462401967,405.172001624283,0.6747114907728945,BALANCING
1.464,-0.7049044273425525,-4.076027727602325,405.0377734574329,0.6742710953793795,BALANCING
1.466,-0.7130440473279535,-4.063946291852759,404.9021938649286,0.6738290145426142,BALANCING
1.468,-0.7211595174115942,-4.051879168884456,404.76526693118154,0.6733852545072556,BALANCING
1.47,-0.7292508662376623,-4.0398263723332235,404.62699673566544,0.67293982150875,BALANCING
1.472,-0.7373181224775142,-4.02778791573968,404.4873873529118,0.6724927217733296,BALANCING
1.474,-0.7453613148294848,-4.015763812549432,404.3464428525052,0.6720439615180119,BALANCING
1.476,-0.7533804720186986,-4.00375407611326,404.2041672990784,0.6715935469505956,BALANCING
1.478,-0.7613756227968794,-3.9917587196873017,404.060564752308,0.6711414842696586,BALANCING
1.48,-0.7693467959421614,-3.979777756433231,403.91563926690975,0.6706877796645565,BALANCING
1.482,-0.7772940202589004,-3.9678111994184446,403.769394892634,0.6702324393154196,BALANCING
1.484,-0.7852173245774857,-3.9558590616162403,403.6218356742612,0.6697754693931511,BALANCING
1.486,-0.7931167377541519,-3.9439213559060016,403.4729656515975,0.6693168760594245,BALANCING
1.488,-0.8009922886707912,-3.9319980950733773,403.32278885947017,0.6688566654666819,BALANCING
1.49,-0.8088440062347659,-3.9200892918104673,403.1713093277232,0.6683948437581319,BALANCING
1.492,-0.8166719193787222,-3.908194958716001,403.01853108121304,0.6679314170677476,BALANCING
1.494,-0.8244760570604028,-3.89631510829552,402.8644581398043,0.667466391520264,BALANCING
1.496,-0.8322564482624614,-3.8844497529615576,402.70909451836525,0.6669997732311773,BALANCING
1.498,-0.8400131219922761,-3.8725989050338243,402.5524442267637,0.666531568306742,BALANCING
1.5,-0.8477461072817649,-3.8607625767393845,402.39451126986273,0.6660617828439697,BALANCING
1.502,-0.8554554331871996,-3.848940780212843,402.2352996475167,0.6655904229306264,BALANCING
1.504,-0.863141128789022,-3.8371335274965195,402.0748133545665,0.6651174946452323,BALANCING
1.506,-0.8708032231916588,-3.825340830540634,401.91305638083634,0.664643004057059,BALANCING
1.508,-0.8784417455233376,-3.813562701203486,401.75003271112877,0.6641669572261276,BALANCING
1.51,-0.8860567249359038,-3.801799151251635,401.58574632522107,0.6636893602032085,BALANCING
1.512,-0.8936481906046368,-3.790050192360084,401.4202011978614,0.6632102190298184,BALANCING
1.514,-0.9012161717280673,-3.778315836112455,401.25340129876423,0.6627295397382196,BALANCING
1.516,-0.9087606975277945,-3.7665960940011733,401.0853505926071,0.6622473283514181,BALANCING
1.518,-0.9162817972483043,-3.7548909774276464,400.91605303902605,0.6617635908831632,BALANCING
1.52,-0.9237795001567866,-3.743200497702443,400.7455125926123,0.6612783333379445,BALANCING
1.522,-0.9312538355429552,-3.731524666045476,400.57373320290776,0.660791561710992,BALANCING
1.524,-0.9387048327188651,-3.7198634935861796,400.40071881440207,0.6603032819882743,BALANCING
1.526,-0.9461325210187329,-3.708216991363689,400.226473366528,0.6598135001464973,BALANCING
1.528,-0.9535369297987557,-3.6965851703270247,400.0510007936581,0.659322222153103,BALANCING
1.53,-0.9609180884369314,-3.684968041335267,399.87430502510114,0.6588294539662689,BALANCING
1.532,-0.9682760263328788,-3.6733656151577363,399.69638998509794,0.658335201534906,BALANCING
1.534,-0.9756107729076585,-3.6617779024741757,399.5172595928183,0.6578394707986589,BALANCING
1.536,-0.9829223576035936,-3.6502049138749286,399.3369177623568,0.6573422676879035,BALANCING
1.538,-0.9902108098840915,-3.638646659861116,399.1553684027298,0.656843598123747,BALANCING
1.54,-0.997476159233465,-3.627103150844819,398.97261541787134,0.656343468018027,BALANCING
1.542,-1.004718435156755,-3.615574397149255,398.7886627066303,0.65584188327331,BALANCING
1.544,-1.0119376671795532,-3.60406040900896,398.6035141627661,0.6553388497828909,BALANCING
1.546,-1.0191338848478235,-3.592561196569964,398.417173674946,0.6548343734307928,BALANCING
1.548,-1.0263071177277268,-3.5810767698899735,398.22964512674116,0.6543284600917649,BALANCING
1.55,-1.0334573954054436,-3.5696071389385473,398.0409323966237,0.6538211156312835,BALANCING
1.552,-1.040584747486998,-3.558152313597276,397.851039357963,0.6533123459055499,BALANCING
1.554,-1.0476892035980823,-3.5467123036599606,397.6599698790224,0.6528021567614906,BALANCING
1.556,-1.0547707933838817,-3.5352871188327923,397.46772782295636,0.6522905540367565,BALANCING
1.558,-1.061829546508898,-3.523876768734529,397.2743170478066,0.6517775435597225,BALANCING
1.56,-1.0688654926567767,-3.5124812628966735,397.07974140649935,0.6512631311494871,BALANCING
1.562,-1.0758786615301312,-3.5011006107636558,396.8840047468418,0.6507473226158715,BALANCING
1.564,-1.08286908285037,-3.4897348216930055,396.6871109115195,0.6502301237594199,BALANCING
1.566,-1.0898367863575222,-3.478383904955533,396.48906373809245,0.6497115403713984,BALANCING
1.568,-1.0967818018100646,-3.467047869735508,396.2898670589928,0.6491915782337956,BALANCING
1.57,-1.1037041589847485,-3.455726725130836,396.0895247015213,0.6486702431193215,BALANCING
1.572,-1.1106038876764281,-3.4444204801532377,395.8880404878444,0.6481475407914079,BALANCING
1.574,-1.1174810176978867,-3.433129143728425,395.6854182349914,0.6476234770042074,BALANCING
1.576,-1.1243355788796665,-3.4218527246962775,395.48166175485136,0.6470980575025946,BALANCING
1.578,-1.131167601069896,-3.4105912318110256,395.27677485417007,0.646571288022165,BALANCING
1.58,-1.1379771141341193,-3.399344673741423,395.0707613345474,0.6460431742892347,BALANCING
1.582,-1.1447641479551254,-3.3881130590709247,394.8636249924344,0.6455137220208417,BALANCING
1.584,-1.1515287324327779,-3.3768963962978678,394.65536961913017,0.6449829369247444,BALANCING
1.586,-1.158270897483844,-3.3656946938356436,394.4459990007795,0.6444508246994232,BALANCING
1.588,-1.1649906730418262,-3.3545079600128798,394.2355169183698,0.643917391034079,BALANCING
1.59,-1.171688089056792,-3.3433362030736142,394.02392714772844,0.6433826416086346,BALANCING
1.592,-1.1783631754952046,-3.332179431177474,393.81123345952005,0.6428465820937347,BALANCING
1.594,-1.185015962339756,-3.321037652399851,393.5974396192439,0.6423092181507456,BALANCING
1.596,-1.1916464795891961,-3.3099108747320796,393.38254938723117,0.641770555431756,BALANCING
1.598,-1.1982547572581674,-3.298799106081614,393.1665665186424,0.6412305995795772,BALANCING
1.6,-1.2048408253770355,-3.2877023542722044,392.94949476346494,0.640689356227743,BALANCING
1.602,-1.2114047139917228,-3.276620627044072,392.7313378665102,0.6401468310005112,BALANCING
1.604,-1.2179464531635409,-3.2655539320540905,392.5120995674115,0.6396030295128627,BALANCING
1.606,-1.224466072969025,-3.2545022768759573,392.29178360062116,0.6390579573705032,BALANCING
1.608,-1.2309636034997677,-3.2434656690003716,392.0703936954083,0.6385116201698627,BALANCING
1.61,-1.237439074862252,-3.232444115835214,391.84793357585653,0.637964023498097,BALANCING
1.612,-1.2438925171776862,-3.2214376247057186,391.6244069608611,0.6374151729330875,BALANCING
1.614,-1.2503239605818408,-3.2104462028546514,391.39981756412703,0.6368650740434423,BALANCING
1.616,-1.2567334352248805,-3.1994698574424856,391.1741690941665,0.6363137323884968,BALANCING
1.618,-1.2631209712712022,-3.188508595547579,390.9474652542965,0.6357611535183143,BALANCING
1.62,-1.26948659889927,-3.1775624241663474,390.7197097426369,0.6352073429736871,BALANCING
1.622,-1.2758303483014517,-3.166631350213445,390.4909062521078,0.6346523062861369,BALANCING
1.624,-1.2821522496838555,-3.1557153805219356,390.26105847042743,0.6340960489779158,BALANCING
1.6260000000000001,-1.2884523332661666,-3.144814521843471,390.03017008011017,0.6335385765620072,BALANCING
1.6280000000000001,-1.294730629281485,-3.1339287808484655,389.79824475846414,0.6329798945421268,BALANCING
1.6300000000000001,-1.3009871679761633,-3.1230581641262742,389.5652861775892,0.6324200084127234,BALANCING
1.6320000000000001,-1.3072219796096438,-3.1122026781853656,389.3312980043748,0.6318589236589799,BALANCING
1.6340000000000001,-1.3134350944542985,-3.1013623294534973,389.096283900498,0.6312966457568147,BALANCING
1.6360000000000001,-1.3196265427952665,-3.090537124277894,388.86024752242133,0.630733180172882,BALANCING
1.6380000000000001,-1.3257963549302934,-3.079727068925421,388.62319252139076,0.6301685323645739,BALANCING
1.6400000000000001,-1.3319445611695713,-3.0689321695827605,388.3851225434339,0.6296027077800207,BALANCING
1.6420000000000001,-1.3380711918355783,-3.058152432356585,388.146041229358,0.6290357118580924,BALANCING
1.6440000000000001,-1.3441762772629182,-3.047387863273733,387.90595221474774,0.6284675500284004,BALANCING
1.6460000000000001,-1.3502598477981618,-3.0366384682813874,387.6648591299637,0.6278982277112973,BALANCING
1.6480000000000001,-1.3563219337996868,-3.025904253247245,387.42276560014045,0.6273277503178807,BALANCING
1.6500000000000001,-1.3623625656375205,-3.015185223959697,387.17967524518446,0.6267561232499916,BALANCING
1.6520000000000001,-1.3683817736931798,-3.0044813861279973,386.9355916797726,0.6261833519002183,BALANCING
1.6540000000000001,-1.3743795883595138,-2.993792745382446,386.6905185133502,0.6256094416518962,BALANCING
1.6560000000000001,-1.380356040040546,-2.9831193072745563,386.4444593501292,0.6250343978791102,BALANCING
1.6580000000000001,-1.3863111591513173,-2.972461077277235,386.19741778908684,0.624458225946695,BALANCING
1.6600000000000001,-1.3922449761177278,-2.9618180607849505,385.94939742396355,0.6238809312102384,BALANCING
1.6620000000000001,-1.3981575213763817,-2.9511902631139137,385.7004018432614,0.623302519016081,BALANCING
1.6640000000000001,-1.4040488253744299,-2.9405776895022484,385.4504346302425,0.6227229947013194,BALANCING
1.666,-1.4099189185694136,-2.929980345110168,385.19949936292755,0.6221423635938066,BALANCING
1.668,-1.4157678314291107,-2.9193982350201497,384.94759961409403,0.6215606310121542,BALANCING
1.67,-1.4215955944313776,-2.9088313642371055,384.6947389512747,0.6209778022657344,BALANCING
1.672,-1.4274022380639966,-2.8982797376885605,384.4409209367561,0.6203938826546812,BALANCING
1.674,-1.4331877928245202,-2.887743360224825,384.1861491275771,0.6198088774698924,BALANCING
1.676,-1.438952289220117,-2.8772222366191684,383.93042707552763,0.6192227919930315,BALANCING
1.678,-1.4446957577674182,-2.8667163715679935,383.6737583271467,0.6186356314965293,BALANCING
1.68,-1.4504182289923633,-2.85622576969101,383.41614642372144,0.6180474012435865,BALANCING
1.682,-1.4561197334300477,-2.8457504355314094,383.15759490128573,0.617458106488174,BALANCING
1.684,-1.461800301624569,-2.8352903735560364,382.8981072906186,0.6168677524750371,BALANCING
1.686,-1.4674599641288757,-2.824845588155564,382.63768711724293,0.6162763444396955,BALANCING
1.688,-1.4730987515046137,-2.814416083644668,382.3763379014245,0.6156838876084467,BALANCING
1.69,-1.4787166943219747,-2.804001864262198,382.11406315817027,0.6150903871983671,BALANCING
1.692,-1.484313823159546,-2.793602934171353,381.8508663972273,0.6144958484173149,BALANCING
1.694,-1.4898901686041581,-2.783219297459853,381.5867511230818,0.6139002764639314,BALANCING
1.696,-1.4954457612507337,-2.772850958140113,381.32172083495743,0.6133036765276443,BALANCING
1.698,-1.5009806317021381,-2.762497920149417,381.0557790268146,0.6127060537886683,BALANCING
1.7,-1.5064948105690297,-2.752160187350088,380.7889291873491,0.6121074134180091,BALANCING
1.702,-1.511988328469708,-2.7418377635296656,380.521174799991,0.6115077605774644,BALANCING
1.704,-1.5174612160299665,-2.731530652401074,380.25251934290367,0.6109071004196268,BALANCING
1.706,-1.5229135038829427,-2.7212388576027995,379.98296628898265,0.6103054380878861,BALANCING
1.708,-1.5283452226689689,-2.7109623826990594,379.7125191058547,0.6097027787164309,BALANCING
1.71,-1.5337564030354252,-2.7007012311799765,379.4411812558767,0.6090991274302527,BALANCING
1.712,-1.53914707563659,-2.690455406461752,379.1689561961346,0.6084944893451465,BALANCING
1.714,-1.5445172711334931,-2.680224911886836,378.8958473784428,0.6078888695677144,BALANCING
1.716,-1.5498670201937688,-2.670009750724103,378.62185824934284,0.6072822731953675,BALANCING
1.718,-1.5551963534915074,-2.6598099261690207,378.34699225010286,0.6066747053163294,BALANCING
1.72,-1.5605053017071104,-2.649625441343824,378.0712528167163,0.6060661710096371,BALANCING
1.722,-1.565793895527143,-2.639456299297688,377.7946433799017,0.6054566753451457,BALANCING
1.724,-1.5710621656441888,-2.6293025030068984,377.51716736510116,0.6048462233835293,BALANCING
1.726,-1.5763101427567034,-2.619164055375024,377.23882819248,0.6042348201762844,BALANCING
1.728,-1.5815378575688706,-2.609040959233089,376.95962927692597,0.6036224707657328,BALANCING
1.73,-1.586745340790455,-2.598933217339746,376.6795740280482,0.603009180185024,BALANCING
1.732,-1.5919326231366604,-2.5888408323814445,376.39866585017694,0.6023949534581381,BALANCING
1.734,-1.5970997353279837,-2.578763806972606,376.1169081423626,0.6017797955998883,BALANCING
1.736,-1.6022467080900709,-2.568702143655791,375.8343042983751,0.6011637116159243,BALANCING
1.738,-1.607373572153575,-2.558655844901876,375.5508577067032,0.6005467065027349,BALANCING
1.74,-1.612480358254011,-2.5486249131102214,375.2665717505541,0.5999287852476507,BALANCING
1.742,-1.617567097131615,-2.5386093506088443,374.98144980785264,0.5993099528288474,BALANCING
1.744,-1.6226338195311996,-2.5286091596545868,374.69549525124074,0.5986902142153485,BALANCING
1.746,-1.6276805562020131,-2.5186243424332915,374.40871144807716,0.5980695743670287,BALANCING
1.748,-1.632707337897598,-2.5086549010599697,374.12110176043655,0.5974480382346161,BALANCING
1.75,-1.6377141953756478,-2.498700837578972,373.8326695451093,0.5968256107596962,BALANCING
1.752,-1.6427011593978675,-2.48876215396416,373.543418153601,0.5962022968747145,BALANCING
1.754,-1.6476682607298323,-2.478838852119079,373.25335093213187,0.5955781015029797,BALANCING
1.756,-1.6526155301408467,-2.468930933877124,372.9624712216365,0.5949530295586669,BALANCING
1.758,-1.6575429984038048,-2.459038401001715,372.6707823577635,0.5943270859468208,BALANCING
1.76,-1.6624506962950505,-2.449161255186464,372.37828767087507,0.593700275563359,BALANCING
1.762,-1.6673386545942377,-2.4392994980553477,372.08499048604654,0.5930726032950748,BALANCING
1.764,-1.672206904084192,-2.429453131162876,371.7908941230662,0.5924440740196412,BALANCING
1.766,-1.6770554755507714,-2.4196221559942632,371.4960018964352,0.5918146926056137,BALANCING
1.768,-1.681884399782727,-2.4098065739655983,371.20031711536683,0.591184463912434,BALANCING
1.77,-1.6866937075715671,-2.4000063864240144,370.9038430837867,0.5905533927904326,BALANCING
1.772,-1.6914834297114172,-2.390221594647858,370.6065831003322,0.5899214840808334,BALANCING
1.774,-1.6962535969988841,-2.3804521998468604,370.30854045835275,0.5892887426157566,BALANCING
1.776,-1.7010042402329182,-2.3706982031623065,370.0097184459092,0.5886551732182211,BALANCING
1.778,-1.705735390214677,-2.3609596056672024,369.7101203457738,0.5880207807021502,BALANCING
1.78,-1.7104470777473888,-2.35123640836645,369.4097494354303,0.5873855698723731,BALANCING
1.782,-1.7151393336362157,-2.3415286121970103,369.1086089870736,0.58674954552463,BALANCING
1.784,-1.71981218868812,-2.3318362180280783,368.8067022676098,0.586112712445574,BALANCING
1.786,-1.7244656737117257,-2.322159226661248,368.50403253865625,0.5854750754127763,BALANCING
1.788,-1.7290998195171874,-2.312497638830684,368.2006030565412,0.5848366391947292,BALANCING
1.79,-1.733714656916052,-2.302851455203288,367.89641707230425,0.5841974085508497,BALANCING
1.792,-1.7383102167211262,-2.29322067637887,367.591477831696,0.5835573882314831,BALANCING
1.794,-1.7428865297463423,-2.2836053028903156,367.2857885751784,0.5829165829779076,BALANCING
1.796,-1.7474436268066245,-2.2740053352037575,366.97935253792457,0.5822749975223365,BALANCING
1.798,-1.7519815387177549,-2.2644207737187396,366.672172949819,0.5816326365879237,BALANCING
1.8,-1.7565002962962417,-2.254851618768388,366.3642530354579,0.5809895048887664,BALANCING
1.802,-1.7609999303591855,-2.24529787061958,366.05559601414876,0.5803456071299091,BALANCING
1.804,-1.765480471724147,-2.2357595294731114,365.7462050999111,0.5797009480073481,BALANCING
1.806,-1.7699419512090158,-2.226236595463864,365.43608350147645,0.5790555322080346,BALANCING
1.808,-1.7743843996318784,-2.2167290686609755,365.12523442228854,0.5784093644098792,BALANCING
1.81,-1.7788078478108866,-2.2072369490680064,364.81366106050353,0.5777624492817557,BALANCING
1.812,-1.7832123265641264,-2.1977602366231066,364.50136660899034,0.5771147914835049,BALANCING
1.814,-1.787597866709488,-2.1882989311991845,364.18835425533086,0.5764663956659389,BALANCING
1.816,-1.7919644990645351,-2.178853032604075,363.8746271818202,0.5758172664708453,BALANCING
1.818,-1.7963122544463745,-2.1694225405807073,363.5601885654673,0.5751674085309906,BALANCING
1.82,-1.8006411636715274,-2.160007454807268,363.24504157799487,0.574516826470125,BALANCING
1.822,-1.804951257555799,-2.150607774897375,362.92918938584006,0.5738655249029865,BALANCING
1.824,-1.8092425669141514,-2.141223500400242,362.6126351501549,0.573213508435304,BALANCING
1.826,-1.813515122560572,-2.131854630800841,362.29538202680635,0.5725607816638035,BALANCING
1.828,-1.8177689553079481,-2.122501165520077,361.97743316637724,0.5719073491762106,BALANCING
1.83,-1.822004095967937,-2.1131631039149497,361.6587917141663,0.5712532155512551,BALANCING
1.832,-1.8262205753508398,-2.1038404452787223,361.33946081018877,0.5705983853586757,BALANCING
1.834,-1.8304184242654726,-2.094533188841086,361.01944358917723,0.569942863159224,BALANCING
1.836,-1.8345976735190408,-2.0852413337683284,360.69874318058163,0.5692866535046693,BALANCING
1.838,-1.838758353917012,-2.0759648791634993,360.3773627085701,0.5686297609378022,BALANCING
1.84,-1.842900496262989,-2.0667038240665767,360.0553052920295,0.5679721899924391,BALANCING
1.842,-1.847024131358585,-2.0574581674546346,359.7325740445661,0.5673139451934278,BALANCING
1.844,-1.851129290003297,-2.048227908242006,359.40917207450605,0.5666550310566499,BALANCING
1.846,-1.855216002994382,-2.0390130452804502,359.085102484896,0.5659954520890274,BALANCING
1.848,-1.8592843011267302,-2.029813577359321,358.7603683735039,0.5653352127885253,BALANCING
1.85,-1.8633342151927401,-2.020629503205729,358.43497283281965,0.5646743176441574,BALANCING
1.852,-1.867365775982197,-2.0114608214847074,358.1089189500558,0.5640127711359905,BALANCING
1.854,-1.8713790142821465,-2.0023075307993787,357.7822098071481,0.5633505777351487,BALANCING
1.856,-1.8753739608767706,-1.9931696296911197,357.45484848075654,0.5626877419038184,BALANCING
1.858,-1.879350646547267,-1.9840471166397269,357.12683804226594,0.5620242680952527,BALANCING
1.86,-1.883309102071723,-1.9749399900635818,356.7981815577867,0.5613601607537757,BALANCING
1.862,-1.8872493582249952,-1.9658482483198139,356.46888208815574,0.5606954243147879,BALANCING
1.864,-1.8911714457785858,-1.9567718897044677,356.1389426889373,0.5600300632047706,BALANCING
1.866,-1.8950753955005208,-1.947710912452666,355.8083664104237,0.5593640818412903,BALANCING
1.868,-1.8989612381552294,-1.9386653147387756,355.4771562976363,0.5586974846330038,BALANCING
1.87,-1.902829004503421,-1.9296350946765704,355.1453153903266,0.5580302759796634,BALANCING
1.872,-1.9066787253019655,-1.920620250319397,354.8128467229764,0.5573624602721202,BALANCING
1.874,-1.9105104313037717,-1.911620779660338,354.47975332479984,0.5566940418923311,BALANCING
1.8760000000000001,-1.9143241532576676,-1.902636680632377,354.14603821974345,0.5560250252133615,BALANCING
1.8780000000000001,-1.9181199219082803,-1.8936679511085617,353.81170442648755,0.5553554145993916,BALANCING
1.8800000000000001,-1.9218977679959153,-1.8847145889021653,353.4767549584472,0.554685214405721,BALANCING
1.8820000000000001,-1.925657722256439,-1.875776591766857,353.1411928237731,0.5540144289787736,BALANCING
1.8840000000000001,-1.929399815421158,-1.8668539573968586,352.8050210253528,0.5533430626561018,BALANCING
1.8860000000000001,-1.9331240782167014,-1.8579466834271103,352.4682425608116,0.5526711197663927,BALANCING
1.8880000000000001,-1.9368305413649012,-1.8490547674334359,352.1308604225137,0.5519986046294726,BALANCING
1.8900000000000001,-1.940519235582676,-1.8401782069327026,351.79287759756335,0.5513255215563118,BALANCING
1.8920000000000001,-1.944190191581911,-1.8313169993829865,351.4542970678059,0.5506518748490297,BALANCING
1.8940000000000001,-1.947843440069343,-1.8224711421837356,351.1151218098289,0.5499776688008999,BALANCING
1.8960000000000001,-1.951479011746442,-1.8136406326759298,350.77535479496345,0.5493029076963559,BALANCING
1.8980000000000001,-1.955096937309294,-1.804825468142245,350.43499898928513,0.5486275958109956,BALANCING
1.9000000000000001,-1.9586972474484854,-1.7960256458072188,350.0940573536153,0.5479517374115862,BALANCING
1.9020000000000001,-1.9622799728489866,-1.7872411628374063,349.7525328435226,0.5472753367560701,BALANCING
1.9040000000000001,-1.9658451441900364,-1.7784720163415482,349.41042840932363,0.5465983980935697,BALANCING
1.9060000000000001,-1.9693927921450265,-1.7697182033707297,349.0677469960847,0.5459209256643925,BALANCING
1.9080000000000001,-1.972922947381386,-1.7609797209185427,348.7244915436228,0.545242923700037,BALANCING
1.9100000000000001,-1.9764356405604666,-1.7522565659212495,348.38066498650716,0.5445643964231969,BALANCING
1.9120000000000001,-1.9799309023374287,-1.7435487352579415,348.0362702540603,0.5438853480477672,BALANCING
1.9140000000000001,-1.9834087633611268,-1.734856225750704,347.69131027035957,0.5432057827788497,BALANCING
1.9160000000000001,-1.9868692542739952,-1.726179034164774,347.3457879542385,0.5425257048127573,BALANCING
1.9180000000000001,-1.9903124057119355,-1.7175171572087051,346.999706219288,0.5418451183370204,BALANCING
1.92,-1.993738248304203,-1.7088705915345257,346.65306797385796,0.541164027530392,BALANCING
1.922,-1.9971468126732932,-1.7002393337379007,346.30587612105853,0.5404824365628526,BALANCING
1.924,-2.0005381294348297,-1.6916233803582932,345.95813355876163,0.5398003495956165,BALANCING
1.926,-2.0039122291974523,-1.6830227278791254,345.6098431796024,0.5391177707811368,BALANCING
1.928,-2.0072691425627043,-1.6744373727279378,345.2610078709807,0.53843470426311,BALANCING
1.93,-2.010608900124922,-1.6658673112765494,344.9116305150623,0.5377511541764834,BALANCING
1.932,-2.013931532471122,-1.657312539841219,344.561713988781,0.5370671246474594,BALANCING
1.934,-2.0172370701808924,-1.6487730546828052,344.21126116383954,0.5363826197935009,BALANCING
1.936,-2.0205255438262792,-1.6402488520069265,343.86027490671154,0.5356976437233374,BALANCING
1.938,-2.023796983971678,-1.6317399279641194,343.508758078643,0.5350122005369704,BALANCING
1.94,-2.0270514211737245,-1.6232462786500002,343.15671353565364,0.5343262943256792,BALANCING
1.942,-2.0302888859811827,-1.614767900105424,342.8041441285389,0.533639929172026,BALANCING
1.944,-2.0335094089348376,-1.6063047883166421,342.4510527028712,0.5329531091498623,BALANCING
1.946,-2.036713020567384,-1.5978569392154645,342.0974420990019,0.5322658383243339,BALANCING
1.948,-2.039899751403321,-1.5894243486794162,341.7433151520626,0.5315781207518872,BALANCING
1.95,-2.0430696319588404,-1.5810070125318967,341.38867469196725,0.5308899604802743,BALANCING
1.952,-2.0462226927417198,-1.5726049265423403,341.03352354341337,0.5302013615485592,BALANCING
1.954,-2.049358964251216,-1.564218086426373,340.6778645258842,0.5295123279871239,BALANCING
1.956,-2.0524784769779547,-1.5558464878459723,340.32170045365024,0.528822863817673,BALANCING
1.958,-2.055581261403827,-1.5474901264096241,339.9650341357708,0.5281329730532405,BALANCING
1.96,-2.05866734800188,-1.539148997672481,339.6078683760962,0.5274426596981955,BALANCING
1.962,-2.06173676723621,-1.530823097136522,339.25020597326926,0.5267519277482482,BALANCING
1.964,-2.0647895495618585,-1.5225124202507094,338.89204972072724,0.5260607811904549,BALANCING
1.966,-2.0678257254247048,-1.514216962411146,338.5334024067035,0.5253692240032247,BALANCING
1.968,-2.0708453252613612,-1.5059367189612305,338.17426681422944,0.5246772601563255,BALANCING
1.97,-2.0738483794990663,-1.4976716851918201,337.81464572113646,0.5239848936108895,BALANCING
1.972,-2.076834918555582,-1.4894218563413848,337.45454190005773,0.5232921283194192,BALANCING
1.974,-2.079804972839088,-1.481187227596163,337.0939581184299,0.5225989682257935,BALANCING
1.976,-2.082758572748077,-1.4729677940903219,336.7328971384955,0.521905417265274,BALANCING
1.978,-2.0856957486712515,-1.4647635509061103,336.37136171730435,0.5212114793645105,BALANCING
1.98,-2.08861653098742,-1.45657449307402,336.0093546067159,0.5205171584415471,BALANCING
1.982,-2.091520950065393,-1.4484006155729376,335.6468785534008,0.5198224584058287,BALANCING
1.984,-2.0944090362638814,-1.440241913330303,335.28393629884346,0.5191273831582068,BALANCING
1.986,-2.097280819931392,-1.4320983812222654,334.9205305793433,0.5184319365909454,BALANCING
1.988,-2.100136331406126,-1.423970014073839,334.5566641260173,0.5177361225877275,BALANCING
1.99,-2.1029756010158773,-1.415856806659059,334.19233966480215,0.5170399450236611,BALANCING
1.992,-2.105798659077929,-1.4077587537011376,333.8275599164557,0.5163434077652852,BALANCING
1.994,-2.1086055358989544,-1.3996758498726187,333.4623275965595,0.5156465146705762,BALANCING
1.996,-2.111396261774914,-1.391608089795533,333.0966454155208,0.5149492695889543,BALANCING
1.998,-2.114170866990955,-1.3835554680415547,332.73051607857457,0.5142516763612889,BALANCING
2.0,-2.1169293818213113,-1.3755179791321552,332.36394228578564,0.5135537388199058,BALANCING
2.0020000000000002,-2.119671836529202,-1.3674956175387587,331.99692673205084,0.5128554607885933,BALANCING
2.004,-2.1223982613667345,-1.359488377682896,331.6294721071012,0.5121568460826075,BALANCING
2.0060000000000002,-2.1251086865747997,-1.3514962539363595,331.261581095504,0.51145789850868,BALANCING
2.008,-2.127803142382978,-1.3435192406213579,330.8932563766653,0.5107586218650232,BALANCING
2.0100000000000002,-2.1304816590094364,-1.33555733201067,330.52450062483143,0.5100590199413371,BALANCING
2.012,-2.133144266660833,-1.3276105223277974,330.155316509092,0.5093590965188157,BALANCING
2.0140000000000002,-2.1357909955322154,-1.319678805747122,329.7857066933817,0.5086588553701531,BALANCING
2.016,-2.1384218758069253,-1.311762176394055,329.4156738364826,0.5079583002595504,BALANCING
2.0180000000000002,-2.1410369376564993,-1.3038606283451948,329.0452205920264,0.5072574349427209,BALANCING
2.02,-2.1436362112405707,-1.2959741556284765,328.67434960849687,0.5065562631668983,BALANCING
2.0220000000000002,-2.1462197267067755,-1.2881027522233282,328.303063529232,0.5058547886708421,BALANCING
2.024,-2.148787514190652,-1.2802464120608235,327.9313649924264,0.5051530151848436,BALANCING
2.0260000000000002,-2.151339603815545,-1.272405129023831,327.55925663113356,0.5044509464307337,BALANCING
2.028,-2.153876025692512,-1.2645788969471712,327.18674107326825,0.5037485861218886,BALANCING
2.0300000000000002,-2.156396809920225,-1.256767709617767,326.81382094160875,0.503045937963236,BALANCING
2.032,-2.1589019865848744,-1.2489715607747964,326.44049885379957,0.5023430056512628,BALANCING
2.0340000000000003,-2.161391585760075,-1.2411904441098447,326.06677742235337,0.5016397928740203,BALANCING
2.036,-2.1638656375067717,-1.2334243532670561,325.69265925465385,0.5009363033111321,BALANCING
2.0380000000000003,-2.1663241718731414,-1.2256732818432865,325.31814695295776,0.5002325406337996,BALANCING
2.04,-2.1687672188945037,-1.2179372233882537,324.9432431143976,0.4995285085048091,BALANCING
2.0420000000000003,-2.171194808593221,-1.2102161714046897,324.56795033098405,0.49882421057853865,BALANCING
2.044,-2.17360697097861,-1.2025101193484922,324.1922711896083,0.49811965050096435,BALANCING
2.0460000000000003,-2.1760037360468445,-1.194819060628876,323.81620827204466,0.4974148319096671,BALANCING
2.048,-2.1783851337808633,-1.187142988608523,323.4397641549532,0.4967097584338394,BALANCING
2.05,-2.180751194150279,-1.1794818966037328,323.0629414098819,0.4960044336942919,BALANCING
2.052,-2.1831019471112816,-1.1718357778845745,322.6857426032695,0.49529886130346046,BALANCING
2.054,-2.1854374226065505,-1.1642046256750362,322.3081702964479,0.4945930448654124,BALANCING
2.056,-2.1877576505651595,-1.1565884331531768,321.93022704564487,0.4938869879758537,BALANCING
2.058,-2.190062660902486,-1.1489871934512734,321.5519154019865,0.4931806942221354,BALANCING
2.06,-2.1923524835201196,-1.141400899655973,321.1732379114997,0.4924741671832608,BALANCING
2.062,-2.194627148305772,-1.1338295448084421,320.79419711511514,0.49176741042989197,BALANCING
2.064,-2.1968866851331845,-1.1262731219045163,320.4147955486696,0.4910604275243567,BALANCING
2.066,-2.1991311238620375,-1.1187316238948481,320.0350357429086,0.4903532220206554,BALANCING
2.068,-2.2013604943378624,-1.1112050436850593,319.65492022348934,0.4896457974644678,BALANCING
2.07,-2.2035748263919492,-1.1036933741358865,319.27445151098294,0.48893815739316,BALANCING
2.072,-2.2057741498412584,-1.0961966080633327,318.8936321208776,0.48823030533579115,BALANCING
2.074,-2.2079584944883317,-1.0887147382388138,318.51246456358086,0.4875222448131207,BALANCING
2.076,-2.2101278901212016,-1.081247757389308,318.1309513444227,0.486813979337615,BALANCING
2.078,-2.212282366513305,-1.0737956581975054,317.7490949636579,0.48610551241345457,BALANCING
2.08,-2.2144219534233924,-1.066358433301954,317.3668979164692,0.4853968475365405,BALANCING
2.082,-2.21654668059544,-1.0589360752972068,316.98436269296957,0.48468798819450243,BALANCING
2.084,-2.218656577758565,-1.051528576733974,316.60149177820546,0.48397893786670443,BALANCING
2.086,-2.2207516746269347,-1.044135930119266,316.2182876521593,0.4832697000242528,BALANCING
2.088,-2.2228320008996785,-1.0367581279165436,315.83475278975226,0.4825602781300025,BALANCING
2.09,-2.2248975862608042,-1.0293951625458637,315.4508896608473,0.48185067563856493,BALANCING
2.092,-2.226948460379111,-1.0220470263840262,315.0667007302519,0.48114089599631427,BALANCING
2.094,-2.2289846529080997,-1.0147137117647222,314.6821884577208,0.4804309426413952,BALANCING
2.096,-2.231006193485891,-1.0073952109786797,314.29735529795914,0.4797208190037291,BALANCING
2.098,-2.233013111735136,-1.0000915162738095,313.9122037006248,0.4790105285050224,BALANCING
2.1,-2.2350054372629335,-0.9928026198553532,313.52673611033185,0.4783000745587724,BALANCING
2.102,-2.236983199660743,-0.9855285138860268,313.1409549666532,0.47758946057027557,BALANCING
2.104,-2.2389464285043013,-0.9782691904861694,312.7548627041236,0.47687868993663407,BALANCING
2.106,-2.240895153353536,-0.9710246417338877,312.3684617522423,0.4761677660467627,BALANCING
2.108,-2.2428294037524834,-0.9637948596652007,311.98175453547634,0.47545669228139675,BALANCING
2.11,-2.2447492092292025,-0.9565798362741859,311.59474347326346,0.4747454720130988,BALANCING
2.112,-2.246654599295693,-0.9493795635131247,311.2074309800148,0.474034108606266,BALANCING
2.114,-2.2485456034478095,-0.9421940332926461,310.81981946511814,0.4733226054171373,BALANCING
2.116,-2.250422251165181,-0.9350232374818737,310.4319113329408,0.4726109657938007,BALANCING
2.118,-2.2522845719111277,-0.9278671679085685,310.0437089828327,0.4718991930762006,BALANCING
2.12,-2.2541325951325755,-0.920725816359273,309.6552148091293,0.47118729059614506,BALANCING
2.122,-2.255966350259977,-0.9135991745794573,309.2664312011547,0.4704752616773129,BALANCING
2.124,-2.257785866707228,-0.9064872342736616,308.8773605432247,0.4697631096352612,BALANCING
2.126,-2.2595911738715864,-0.8993899871056407,308.4880052146499,0.4690508377774327,BALANCING
2.128,-2.2613823011335907,-0.892307424698507,308.0983675897386,0.4683384494031629,BALANCING
2.13,-2.2631592778569773,-0.8852395386348748,307.70845003780005,0.4676259478036875,BALANCING
2.132,-2.264922133388603,-0.8781863204570026,307.3182549231476,0.4669133362621499,BALANCING
2.134,-2.2666708970583613,-0.8711477616669373,306.92778460510164,0.46620061805360863,BALANCING
2.136,-2.2684055981791027,-0.8641238537266571,306.53704143799285,0.4654877964450442,BALANCING
2.138,-2.2701262660465567,-0.8571145880582126,306.1460277711654,0.4647748746953674,BALANCING
2.14,-2.271832929939249,-0.8501199560438711,305.7547459489799,0.4640618560554257,BALANCING
2.142,-2.2735256191184257,-0.8431399490262574,305.3631983108167,0.4633487437680119,BALANCING
2.144,-2.2752043628279703,-0.836174558308498,304.9713871910792,0.46263554106787014,BALANCING
2.146,-2.276869190294328,-0.8292237751543602,304.57931491919675,0.4619222511817047,BALANCING
2.148,-2.2785201307264256,-0.822287590788396,304.1869838196281,0.46120887732818694,BALANCING
2.15,-2.2801572133155927,-0.8153659963960833,303.7943962118645,0.46049542271796234,BALANCING
2.152,-2.281780467235486,-0.8084589831239667,303.4015544104331,0.4597818905536589,BALANCING
2.154,-2.283389921642009,-0.8015665420797993,303.0084607248998,0.45906828402989397,BALANCING
2.156,-2.284985605673236,-0.7946886643326827,302.61511745987303,0.45835460633328196,BALANCING
2.158,-2.2865675484493346,-0.7878253409132082,302.2215269150067,0.4576408606424423,BALANCING
2.16,-2.2881357790724888,-0.7809765628135982,301.82769138500345,0.4569270501280064,BALANCING
2.162,-2.289690326626822,-0.7741423209878453,301.4336131596181,0.45621317795262556,BALANCING
2.164,-2.291231220178322,-0.7673226063518536,301.03929452366094,0.45549924727097846,BALANCING
2.166,-2.292758488774764,-0.7605174097835777,300.64473775700105,0.4547852612297789,BALANCING
2.168,-2.294272161445633,-0.7537267221231632,300.24994513456943,0.45407122296778324,BALANCING
2.17,-2.2957722672020537,-0.7469505341730854,299.85491892636264,0.4533571356157981,BALANCING
2.172,-2.2972588350367085,-0.7401888366982903,299.45966139744604,0.45264300229668825,BALANCING
2.174,-2.2987318939237675,-0.7334416204263327,299.064174807957,0.4519288261253836,BALANCING
2.176,-2.3001914728188133,-0.7267088760475146,298.6684614131086,0.45121461020888765,BALANCING
2.178,-2.3016376006587635,-0.7199905942150246,298.2725234631928,0.4505003576462849,BALANCING
2.18,-2.3030703063618008,-0.7132867655450783,297.8763632035838,0.449786071528748,BALANCING
2.182,-2.3044896188272954,-0.7065973806170535,297.47998287474167,0.4490717549395466,BALANCING
2.184,-2.3058955669357344,-0.6999224299736309,297.08338471221555,0.44835741095405374,BALANCING
2.186,-2.307288179548647,-0.6932619041209301,296.68657094664724,0.44764304263975474,BALANCING
2.188,-2.308667485508532,-0.6866157935286495,296.28954380377473,0.4469286530562543,BALANCING
2.19,-2.3100335136387846,-0.6799840886302024,295.8923055044354,0.4462142452552844,BALANCING
2.192,-2.311386292743625,-0.6733667798228556,295.4948582645697,0.44549982228071217,BALANCING
2.194,-2.312725851608026,-0.6667638574678649,295.0972042952245,0.44478538716854743,BALANCING
2.196,-2.314052218997639,-0.6601753118906141,294.6993458025569,0.4440709429469509,BALANCING
2.198,-2.315365423658726,-0.6536011333807504,294.30128498783716,0.4433564926362415,BALANCING
2.2,-2.3166654943180855,-0.6470413121923215,293.90302404745285,0.4426420392489046,BALANCING
2.202,-2.317952459682983,-0.6404958385439119,293.504565172912,0.4419275857895999,BALANCING
2.204,-2.3192263484410787,-0.63396470261878,293.10591055084683,0.4412131352551686,BALANCING
2.206,-2.3204871892603585,-0.6274478945649924,292.7070623630171,0.4404986906346421,BALANCING
2.208,-2.321735010789063,-0.6209454044955613,292.3080227863138,0.4397842549092492,BALANCING
2.21,-2.3229698416556177,-0.614457222488579,291.9087939927629,0.43906983105242475,BALANCING
2.212,-2.3241917104685634,-0.6079833385873542,291.5093781495287,0.4383554220298165,BALANCING
2.214,-2.325400645816486,-0.6015237428005462,291.10977741891736,0.43764103079929395,BALANCING
2.216,-2.326596676267949,-0.5950784251023012,290.7099939583808,0.4369266603109559,BALANCING
2.218,-2.3277798303714228,-0.5886473754323863,290.3100299205201,0.4362123135071381,BALANCING
2.22,-2.3289501366552168,-0.5822305836963237,289.90988745308937,0.4354979933224218,BALANCING
2.222,-2.330107623627412,-0.5758280397655259,289.50956869899903,0.43478370268364114,BALANCING
2.224,-2.3312523197757913,-0.5694397334774297,289.1090757963198,0.4340694445098914,BALANCING
2.226,-2.332384253567773,-0.5630656546356301,288.70841087828614,0.43335522171253704,BALANCING
2.228,-2.3335034534503416,-0.556705793010014,288.3075760733002,0.4326410371952193,BALANCING
2.23,-2.3346099478499833,-0.5503601383368945,287.9065735049352,0.43192689385386474,BALANCING
2.232,-2.335703765172616,-0.5440286803191423,287.50540529193916,0.4312127945766927,BALANCING
2.234,-2.3367849338035245,-0.5377114086263215,287.104073548239,0.43049874224422385,BALANCING
2.236,-2.337853482107293,-0.5314083128948203,286.7025803829438,0.4297847397292878,BALANCING
2.238,-2.3389094384277396,-0.5251193827279858,286.30092790034865,0.42907078989703135,BALANCING
2.24,-2.339952831087849,-0.5188446076962546,285.89911819993864,0.4283568956049265,BALANCING
2.242,-2.34098368838971,-0.512583977337287,285.49715337639225,0.42764305970277844,BALANCING
2.244,-2.3420020386144467,-0.5063374811560976,285.09503551958534,0.42692928503273375,BALANCING
2.246,-2.343007910022154,-0.5001051086251882,284.6927667145948,0.4262155744292885,BALANCING
2.248,-2.3440013308518344,-0.4938868491846798,284.29034904170254,0.42550193071929593,BALANCING
2.25,-2.344982329321331,-0.48768269224244254,283.88778457639904,0.4247883567219754,BALANCING
2.2520000000000002,-2.3459509336272664,-0.481492627174229,283.4850753893873,0.4240748552489196,BALANCING
2.254,-2.3469071719449746,-0.4753166433238039,283.0822235465866,0.4233614291041033,BALANCING
2.2560000000000002,-2.34785107242844,-0.4691547300030758,282.67923110913625,0.4226480810838911,BALANCING
2.258,-2.348782663210234,-0.4630068764922275,282.2761001333996,0.421934813977046,BALANCING
2.2600000000000002,-2.349701972401449,-0.4568730720398471,281.8728326709679,0.421221630564737,BALANCING
2.262,-2.350609028091638,-0.45075330586305695,281.46943076866376,0.42050853362054774,BALANCING
2.2640000000000002,-2.35150385834875,-0.44464756714764536,281.06589646854553,0.4197955259104846,BALANCING
2.266,-2.3523864912190695,-0.43855584504819545,280.66223180791087,0.41908261019298454,BALANCING
2.2680000000000002,-2.3532569547271525,-0.4324781286882158,280.25843881930075,0.4183697892189237,BALANCING
2.27,-2.3541152768757647,-0.4264144071602682,279.8545195305032,0.4176570657316256,BALANCING
2.2720000000000002,-2.354961485645821,-0.4203646695260991,279.4504759645575,0.4169444424668689,BALANCING
2.274,-2.355795608996322,-0.4143289048167665,279.0463101397576,0.4162319221528962,BALANCING
2.2760000000000002,-2.356617674864294,-0.40830710203277065,278.6420240696568,0.4155195075104221,BALANCING
2.278,-2.357427711164729,-0.4022992501441816,278.2376197630709,0.4148072012526411,BALANCING
2.2800000000000002,-2.3582257457905214,-0.39630533809076807,277.83309922408245,0.4140950060852363,BALANCING
2.282,-2.359011806612409,-0.39032535478212554,277.428464452045,0.41338292470638754,BALANCING
2.2840000000000003,-2.359785921478914,-0.3843592890978046,277.0237174415866,0.4126709598067796,BALANCING
2.286,-2.3605481182162813,-0.37840712988743835,276.618860182614,0.4119591140696104,BALANCING
2.2880000000000003,-2.3612984246284183,-0.3724688659708697,276.2138946603167,0.4112473901705998,BALANCING
2.29,-2.3620368684968374,-0.3665444861382804,275.8088228551706,0.41053579077799696,BALANCING
2.2920000000000003,-2.3627634775805957,-0.3606339791503161,275.4036467429425,0.4098243185525897,BALANCING
2.294,-2.3634782796162366,-0.3547373337382145,274.9983682946937,0.4091129761477121,BALANCING
2.2960000000000003,-2.3641813023177294,-0.34885453860393195,274.59298947678417,0.40840176620925317,BALANCING
2.298,-2.3648725733764144,-0.34298558242026994,274.1875122508766,0.40769069137566505,BALANCING
2.3000000000000003,-2.36555212046094,-0.33713045383100143,273.7819385739404,0.40697975427797145,BALANCING
2.302,-2.3662199712172094,-0.33128914145099736,273.37627039825577,0.406268957539776,BALANCING
2.3040000000000003,-2.36687615326832,-0.32546163386635213,272.9705096714177,0.40555830377727037,BALANCING
2.306,-2.367520694214506,-0.3196479196345092,272.56465833634,0.4048477955992432,BALANCING
2.308,-2.3681536216330836,-0.3138479872843877,272.1587183312597,0.40413743560708804,BALANCING
2.31,-2.3687749630783914,-0.30806182531650617,271.7526915897406,0.4034272263948116,BALANCING
2.312,-2.3693847460817357,-0.3022894222031086,271.34658004067774,0.40271717054904277,BALANCING
2.314,-2.369982998151332,-0.2965307663882894,270.9403856083014,0.40200727064904046,BALANCING
2.316,-2.3705697467722517,-0.2907858462881174,270.5341102121813,0.4012975292667024,BALANCING
2.318,-2.371145019406363,-0.28505465029076155,270.12775576723044,0.4005879489665732,BALANCING
2.32,-2.3717088434922777,-0.2793371667566136,269.7213241837095,0.3998785323058532,BALANCING
2.322,-2.372261246445295,-0.2736333840184135,269.3148173672309,0.3991692818344065,BALANCING
2.324,-2.372802255657345,-0.26794329038137205,268.9082372187629,0.39846020009476985,BALANCING
2.326,-2.373331898496937,-0.2622668741232962,268.5015856346337,0.39775128962216066,BALANCING
2.328,-2.3738502023091006,-0.2566041234947103,268.09486450653594,0.3970425529444859,BALANCING
2.33,-2.3743571944153348,-0.2509550267189806,267.68807572153025,0.39633399258235036,BALANCING
2.332,-2.3748529021135516,-0.24531957199243878,267.2812211620501,0.3956256110490651,BALANCING
2.334,-2.375337352678024,-0.23969774748450376,266.8743027059054,0.3949174108506559,BALANCING
2.336,-2.3758105733593307,-0.23408954133780457,266.4673222262872,0.394209394485872,BALANCING
2.338,-2.3762725913843026,-0.22849494166830242,266.06028159177157,0.39350156444619455,BALANCING
2.34,-2.376723433955971,-0.22291393656541367,265.65318266632386,0.39279392321584483,BALANCING
2.342,-2.377163128253513,-0.21734651409213038,265.246027309303,0.39208647327179336,BALANCING
2.344,-2.377591701432201,-0.21179266228514396,264.8388173754656,0.39137921708376777,BALANCING
2.346,-2.378009180623347,-0.20625236915496548,264.4315547149705,0.39067215711426173,BALANCING
2.348,-2.378415592934253,-0.2007256226860466,264.0242411733827,0.3899652958185434,BALANCING
2.35,-2.3788109654481593,-0.19521241083690086,263.61687859167745,0.38925863564466423,BALANCING
2.352,-2.3791953252241895,-0.18971272154022595,263.20946880624507,0.3885521790334671,BALANCING
2.354,-2.3795686992973026,-0.18422654270302308,262.80201364889484,0.3878459284185953,BALANCING
2.356,-2.37993111467824,-0.17875386220671727,262.39451494685926,0.3871398862265006,BALANCING
2.358,-2.3802825983534746,-0.17329466790727854,261.98697452279856,0.38643405487645244,BALANCING
2.36,-2.38062317728516,-0.16784894763534125,261.57939419480465,0.38572843678054625,BALANCING
2.362,-2.38095287841108,-0.1624166891963244,261.17177577640587,0.3850230343437118,BALANCING
2.364,-2.3812717286446,-0.15699788037055076,260.7641210765708,0.38431784996372237,BALANCING
2.366,-2.381579754874613,-0.15159250891336679,260.35643189971313,0.38361288603120286,BALANCING
2.368,-2.3818769839654936,-0.1462005625552613,259.9487100456954,0.38290814492963865,BALANCING
2.37,-2.3821634427570464,-0.14082202900198487,259.54095730983374,0.3822036290353842,BALANCING
2.372,-2.3824391580644577,-0.13545689593466873,259.1331754829022,0.38149934071767155,BALANCING
2.374,-2.382704156678245,-0.13010515100994213,258.72536635113676,0.3807952823386195,BALANCING
2.376,-2.3829584653642097,-0.12476678186005294,258.31753169623994,0.38009145625324126,BALANCING
2.378,-2.3832021108633876,-0.11944177609298319,257.90967329538535,0.3793878648094543,BALANCING
2.38,-2.3834351198920003,-0.1141301212925692,257.50179292122164,0.3786845103480881,BALANCING
2.382,-2.383657519141408,-0.10883180501861801,257.0938923418771,0.37798139520289314,BALANCING
2.384,-2.383869335278061,-0.10354681480702509,256.685973320964,0.3772785217005497,BALANCING
2.386,-2.384070594943451,-0.09827513816989207,256.2780376175832,0.3765758921606765,BALANCING
2.388,-2.3842613247540645,-0.09301676259564351,255.87008698632812,0.37587350889583915,BALANCING
2.39,-2.3844415513013373,-0.08777167554914357,255.4621231772894,0.375171374211559,BALANCING
2.392,-2.3846113011516046,-0.08253986447181277,255.05414793605948,0.3744694904063222,BALANCING
2.394,-2.384770600846055,-0.07732131678174509,254.64616300373663,0.3737678597715878,BALANCING
2.396,-2.384919476900687,-0.0721160198738231,254.2381701169297,0.37306648459179675,BALANCING
2.398,-2.3850579558062566,-0.06692396111983456,253.8301710077624,0.37236536714438084,BALANCING
2.4,-2.385186064028237,-0.06174512786858878,253.42216740387775,0.37166450969977105,BALANCING
2.402,-2.3853038280067707,-0.05657950744603118,253.0141610284427,0.3709639145214065,BALANCING
2.404,-2.3854112741566222,-0.051427087155358854,252.60615360015223,0.3702635838657432,BALANCING
2.406,-2.385508428867136,-0.04628785427713685,252.19814683323426,0.3695635199822627,BALANCING
2.408,-2.3855953185021885,-0.04116179606941159,251.79014243745377,0.368863725113481,BALANCING
2.41,-2.3856719694001445,-0.03604889976782595,251.3821421181174,0.368164201494957,BALANCING
2.412,-2.3857384078738124,-0.030949152585734954,250.97414757607797,0.36746495135530177,BALANCING
2.414,-2.3857946602103994,-0.02586254171431946,250.56616050773894,0.3667659769161868,BALANCING
2.416,-2.385840752671467,-0.02078905432269934,250.1581826050589,0.36606728039235314,BALANCING
2.418,-2.3858767114928883,-0.015728677558048663,249.7502155555561,0.3653688639916201,BALANCING
2.42,-2.385902562884803,-0.01068139854570846,249.34226104231294,0.3646707299148939,BALANCING
2.422,-2.3859183330315745,-0.005647204389300972,248.9343207439805,0.3639728803561766,BALANCING
2.424,-2.385924048091746,-0.0006260821708423154,248.52639633478302,0.3632753175025748,BALANCING
2.426,-2.385919734197997,0.004381981049144109,248.11848948452257,0.36257804353430867,BALANCING
2.428,-2.385905417457103,0.009376998231515601,247.7106018585834,0.3618810606247207,BALANCING
2.43,-2.3858811239498894,0.014358982358395566,247.30273511793658,0.3611843709402841,BALANCING
2.432,-2.385846879731192,0.019327946433063237,246.89489091914464,0.36048797664061216,BALANCING
2.434,-2.385802710829812,0.024283903479840822,246.48707091436594,0.359791879878467,BALANCING
2.436,-2.3857486432484767,0.02922686654398078,246.0792767513594,0.35909608279976796,BALANCING
2.438,-2.385684702963796,0.03415684869155512,245.671510073489,0.3584005875436012,BALANCING
2.44,-2.385610915926222,0.03907386300934254,245.26377251972832,0.3577053962422278,BALANCING
2.442,-2.385527308060008,0.04397792260471823,244.85606572466526,0.3570105110210929,BALANCING
2.444,-2.385433905263164,0.04886904060554308,244.4483913185064,0.3563159339988347,BALANCING
2.446,-2.3853307334074203,0.053747230160051215,244.04075092708186,0.3556216672872933,BALANCING
2.448,-2.3852178183381856,0.058612504436740244,243.63314617184972,0.3549277129915193,BALANCING
2.45,-2.3850951858745044,0.06346487662426012,243.22557866990067,0.3542340732097829,BALANCING
2.452,-2.38496286180902,0.06830435993130418,242.81805003396275,0.35354075003358293,BALANCING
2.454,-2.384820871907931,0.07313096758649695,242.41056187240574,0.35284774554765497,BALANCING
2.456,-2.384669241910956,0.07794471283828691,242.00311578924595,0.3521550618299813,BALANCING
2.458,-2.3845079975312893,0.08274560895483489,241.59571338415088,0.35146270095179905,BALANCING
2.46,-2.3843371644555655,0.08753366922390535,241.18835625244373,0.35077066497760956,BALANCING
2.462,-2.3841567683438187,0.09230890695275602,240.78104598510814,0.3500789559651866,BALANCING
2.464,-2.383966834829442,0.09707133546803101,240.37378416879278,0.34938757596558623,BALANCING
2.466,-2.3837673895191527,0.10182096811565024,239.96657238581608,0.34869652702315473,BALANCING
2.468,-2.38355845799295,0.10655781826070178,239.5594122141709,0.34800581117553836,BALANCING
2.47,-2.3833400658040804,0.11128189928733315,239.15230522752904,0.34731543045369173,BALANCING
2.472,-2.3831122384789962,0.11599322459864257,238.74525299524615,0.34662538688188693,BALANCING
2.474,-2.3828750015173195,0.12069180761657158,238.33825708236614,0.3459356824777223,BALANCING
2.476,-2.3826283803918056,0.12537766178179788,237.93131904962615,0.3452463192521317,BALANCING
2.478,-2.382372400548303,0.13005080055362628,237.5244404534611,0.34455729920939304,BALANCING
2.48,-2.382107087405719,0.1347112374098827,237.11762284600837,0.3438686243471377,BALANCING
2.482,-2.3818324663559807,0.13935898584680625,236.7108677751125,0.3431802966563588,BALANCING
2.484,-2.3815485627639994,0.14399405937894294,236.30417678432997,0.3424923181214207,BALANCING
2.486,-2.3812554019676337,0.1486164715390384,235.89755141293392,0.341804690720068,BALANCING
2.488,-2.3809530092776536,0.15322623587793197,235.49099319591872,0.341117416423434,BALANCING
2.49,-2.3806414099777036,0.15782336596445012,235.0845036640049,0.3404304971960501,BALANCING
2.492,-2.3803206293242685,0.1624078753852998,234.67808434364372,0.3397439349958545,BALANCING
2.494,-2.379990692546635,0.1669797777449639,234.271736757022,0.3390577317742014,BALANCING
2.496,-2.3796516248468595,0.17153908666559442,233.86546242206686,0.3383718894758698,BALANCING
2.498,-2.37930345139973,0.1760858157869072,233.4592628524504,0.3376864100390726,BALANCING
2.5,-2.3789461973527333,0.18061997876607772,233.0531395575945,0.33700129539546547,BALANCING
2.5020000000000002,-2.378579887826019,0.18514158927763474,232.64709404267555,0.3363165474701558,BALANCING
2.504,-2.3782045479123655,0.18965066101335573,232.2411278086293,0.3356321681817119,BALANCING
2.5060000000000002,-2.3778202026771433,0.19414720768216348,231.83524235215555,0.33494815944217166,BALANCING
2.508,-2.3774268771582863,0.19863124301002094,231.42943916572287,0.3342645231570521,BALANCING
2.5100000000000002,-2.3770245963662506,0.2031027807398261,231.02371973757354,0.3335812612253576,BALANCING
2.512,-2.3766133852839872,0.20756183463130995,230.61808555172817,0.3328983755395898,BALANCING
2.5140000000000002,-2.376193268866905,0.21200841846093033,230.2125380879906,0.3322158679857555,BALANCING
2.516,-2.375764272042837,0.21644254602177126,229.80707882195262,0.3315337404433768,BALANCING
2.5180000000000002,-2.37532641971201,0.22086423112343664,229.40170922499883,0.33085199478549954,BALANCING
2.52,-2.3748797367470087,0.2252734875919494,228.9964307643114,0.3301706328787021,BALANCING
2.5220000000000002,-2.3744242479927453,0.22967032926964784,228.59124490287496,0.329489656583105,BALANCING
2.524,-2.373959978266425,0.23405477001508235,228.18615309948126,0.32880906775237934,BALANCING
2.5260000000000002,-2.3734869523575157,0.23842682370291363,227.78115680873412,0.32812886823375653,BALANCING
2.528,-2.3730051950277136,0.2427865042238103,227.3762574810542,0.3274490598680364,BALANCING
2.5300000000000002,-2.372514731010914,0.2471338254843463,226.97145656268393,0.32676964448959717,BALANCING
2.532,-2.3720155850131763,0.25146880140689976,226.56675549569212,0.3260906239264038,BALANCING
2.5340000000000003,-2.3715077817126953,0.25579144592955044,226.162155717979,0.3254120000000173,BALANCING
2.536,-2.3709913457597698,0.2601017730059798,225.75765866328103,0.32473377452560376,BALANCING
2.5380000000000003,-2.3704663017767684,0.2643997966053681,225.3532657611757,0.3240559493119435,BALANCING
2.54,-2.369932674358104,0.268685530712294,224.9489784370863,0.3233785261614398,BALANCING
2.5420000000000003,-2.3693904880701964,0.2729589893266339,224.54479811228703,0.3227015068701283,BALANCING
2.544,-2.3688397674514476,0.2772201864634614,224.14072620390758,0.3220248932276858,BALANCING
2.5460000000000003,-2.3682805370122093,0.28146913615294616,223.73676412493816,0.32134868701743946,BALANCING
2.548,-2.367712821234752,0.2857058524402549,223.3329132842344,0.3206728900163758,BALANCING
2.5500000000000003,-2.3671366445732356,0.28993034938545076,222.92917508652204,0.31999750399514987,BALANCING
2.552,-2.366552031453681,0.29414264106339305,222.525550932402,0.319322530718094,BALANCING
2.5540000000000003,-2.365959006273939,0.29834274156363855,222.12204221835515,0.31864797194322736,BALANCING
2.556,-2.365357593403662,0.3025306649903411,221.71865033674732,0.31797382942226454,BALANCING
2.5580000000000003,-2.3647478171842744,0.30670642546215376,221.315376675834,0.317300104900625,BALANCING
2.56,-2.364129701928944,0.3108700371121285,220.9122226197654,0.3166268001174417,BALANCING
2.562,-2.3635032719225526,0.31502151408761886,220.50918954859134,0.3159539168055709,BALANCING
2.564,-2.362868551421669,0.3191608705501802,220.10627883826604,0.31528145669160035,BALANCING
2.566,-2.3622255646545187,0.3232881206754718,219.70349186065314,0.3146094214958589,BALANCING
2.568,-2.361574335820958,0.32740327865316,219.30082998353058,0.3139378129324259,BALANCING
2.57,-2.3609148890924447,0.3315063586868168,218.8982945705955,0.3132666327091393,BALANCING
2.572,-2.36024724861201,0.3355973749938264,218.49588698146923,0.3125958825276057,BALANCING
2.574,-2.3595714384942315,0.3396763418052851,218.09360857170205,0.31192556408320893,BALANCING
2.576,-2.358887482825207,0.3437432733659043,217.69146069277838,0.3112556790651194,BALANCING
2.578,-2.3581954056625265,0.34779818393391393,217.28944469212146,0.31058622915630274,BALANCING
2.58,-2.3574952310352435,0.351841087780966,216.8875619130984,0.30991721603352973,BALANCING
2.582,-2.356786982943852,0.3558719991920357,216.48581369502523,0.30924864136738434,BALANCING
2.584,-2.3560706853602564,0.35989093246532833,216.08420137317162,0.3085805068222736,BALANCING
2.586,-2.3553463622277473,0.3638979019121807,215.68272627876595,0.30791281405643667,BALANCING
2.588,-2.3546140374609745,0.36789292185696487,215.2813897390004,0.30724556472195347,BALANCING
2.59,-2.3538737349459207,0.37187600663699416,214.88019307703559,0.3065787604647542,BALANCING
2.592,-2.3531254785398774,0.3758471706024259,214.4791376120058,0.3059124029246284,BALANCING
2.594,-2.352369292071417,0.379806428116166,214.07822465902385,0.3052464937352337,BALANCING
2.596,-2.3516051993403693,0.38375379355377504,213.6774555291861,0.3045810345241054,BALANCING
2.598,-2.3508332241177947,0.3876892813033722,213.27683152957738,0.30391602691266545,BALANCING
2.6,-2.350053390145961,0.39161290576554036,212.87635396327596,0.30325147251623136,BALANCING
2.602,-2.3492657211383166,0.3955246813532316,212.47602412935862,0.3025873729440254,BALANCING
2.604,-2.3484702407794673,0.39942462249167393,212.07584332290548,0.30192372979918397,BALANCING
2.606,-2.3476669727251522,0.403312743618275,211.67581283500513,0.3012605446787663,BALANCING
2.608,-2.3468559406022176,0.4071890591825303,211.27593395275957,0.30059781917376394,BALANCING
2.61,-2.346037168008594,0.4110535836459274,210.87620795928922,0.2999355548691097,BALANCING
2.612,-2.3452106785132725,0.4149063314818535,210.47663613373788,0.2992737533436869,BALANCING
2.614,-2.3443764956562805,0.4187473171755018,210.0772197512777,0.29861241617033807,BALANCING
2.616,-2.343534642948659,0.42257655522377824,209.67796008311436,0.29795154491587467,BALANCING
2.618,-2.3426851438724388,0.4263940601352088,209.27885839649187,0.297291141141086,BALANCING
2.62,-2.3418280218806165,0.4301998464298465,208.87991595469768,0.296631206400748,BALANCING
2.622,-2.340963300397133,0.4339939286391786,208.48113401706772,0.29597174224363293,BALANCING
2.624,-2.3400910028168496,0.43777632130603467,208.0825138389913,0.29531275021251807,BALANCING
2.626,-2.3392111525055266,0.4415470389844936,207.68405667191632,0.294654231844195,BALANCING
2.628,-2.338323772799799,0.4453060962397931,207.28576376335414,0.29399618866947885,BALANCING
2.63,-2.3374288870071576,0.4490535076482363,206.88763635688468,0.29333862221321705,BALANCING
2.632,-2.3365265184059227,0.45278928779710204,206.48967569216143,0.29268153399429914,BALANCING
2.634,-2.335616690245225,0.4565134512845512,206.09188300491644,0.29202492552566517,BALANCING
2.636,-2.3346994257449842,0.4602260127195375,205.69425952696545,0.2913687983143153,BALANCING
2.638,-2.3337747480958857,0.46392698672171556,205.29680648621292,0.29071315386131863,BALANCING
2.64,-2.3328426804593607,0.46761638792135146,204.89952510665694,0.29005799366182283,BALANCING
2.642,-2.3319032459675646,0.47129423095922957,204.50241660839444,0.2894033192050627,BALANCING
2.644,-2.330956467723356,0.47496053048656434,204.10548220762627,0.2887491319743695,BALANCING
2.646,-2.330002368800275,0.47861530116491036,203.70872311666193,0.2880954334471804,BALANCING
2.648,-2.329040972242526,0.4822585576660712,203.3121405439251,0.28744222509504724,BALANCING
2.65,-2.328072301064952,0.4858903146720102,202.91573569395834,0.2867895083836458,BALANCING
2.652,-2.3270963782530205,0.48951058687476073,202.51950976742833,0.2861372847727849,BALANCING
2.654,-2.3261132267627977,0.49311938897633745,202.12346396113074,0.28548555571641565,BALANCING
2.656,-2.3251228695209325,0.4967167356886464,201.72759946799562,0.2848343226626405,BALANCING
2.658,-2.3241253294246347,0.500302641733397,201.33191747709216,0.28418358705372254,BALANCING
2.66,-2.3231206293416573,0.503877121842012,200.93641917363394,0.2835333503260942,BALANCING
2.662,-2.3221087921102748,0.5074401907555403,200.54110573898393,0.28288361391036704,BALANCING
2.664,-2.3210898405392664,0.5109918632245677,200.14597835065962,0.2822343792313405,BALANCING
2.666,-2.3200637974078964,0.5145321540091289,199.75103818233805,0.2815856477080108,BALANCING
2.668,-2.319030685465894,0.5180610778786203,199.356286403861,0.2809374207535808,BALANCING
2.67,-2.3179905274334365,0.5215786496117115,198.96172418123987,0.28028969977546847,BALANCING
2.672,-2.3169433460011293,0.525084883996258,198.567352676661,0.27964248617531634,BALANCING
2.674,-2.3158891638299894,0.5285797958292142,198.17317304849064,0.2789957813490008,BALANCING
2.676,-2.314828003551425,0.5320633999165455,197.77918645128005,0.2783495866866409,BALANCING
2.678,-2.31375988776722,0.5355357110731412,197.38539403577064,0.27770390357260744,BALANCING
2.68,-2.3126848390495143,0.5389967441227301,196.99179694889907,0.27705873338553266,BALANCING
2.682,-2.311602879940788,0.5424465138977909,196.59839633380224,0.27641407749831887,BALANCING
2.684,-2.310514032953842,0.5458850352394675,196.20519332982258,0.27576993727814786,BALANCING
2.686,-2.3094183205717815,0.5493123229974829,195.81218907251304,0.27512631408648985,BALANCING
2.688,-2.3083157652480004,0.5527283920300529,195.41938469364214,0.27448320927911285,BALANCING
2.69,-2.3072063894061627,0.5561332572037997,195.02678132119928,0.2738406242060916,BALANCING
2.692,-2.306090215440186,0.5595269333936677,194.63438007939973,0.2731985602118169,BALANCING
2.694,-2.3049672657142253,0.5629094354828378,194.24218208868967,0.27255701863500453,BALANCING
2.696,-2.3038375625626566,0.5662807783626413,193.8501884657515,0.27191600080870465,BALANCING
2.698,-2.302701128290061,0.5696409769324767,193.4584003235088,0.27127550806031087,BALANCING
2.7,-2.301557985171208,0.5729900460997224,193.06681877113155,0.2706355417115691,BALANCING
2.702,-2.30040815545104,0.576328000779655,192.67544491404118,0.26999610307858735,BALANCING
2.704,-2.2992516613446563,0.5796548558953626,192.28427985391573,0.26935719347184406,BALANCING
2.706,-2.2980885250372984,0.582970626377662,191.8933246886951,0.2687188141961978,BALANCING
2.708,-2.296918768684333,0.5862753271650148,191.50258051258595,0.26808096655089636,BALANCING
2.71,-2.295742414411239,0.5895689732034426,191.112048416067,0.2674436518295857,BALANCING
2.712,-2.29455948431359,0.5928515794464438,190.72172948589414,0.26680687132031905,BALANCING
2.714,-2.2933700004570423,0.5961231608549113,190.3316248051056,0.2661706263055664,BALANCING
2.716,-2.2921739848773175,0.5993837323970485,189.94173545302695,0.2655349180622234,BALANCING
2.718,-2.2909714595801898,0.6026333090482856,189.55206250527638,0.2648997478616204,BALANCING
2.72,-2.28976244654147,0.6058719057911978,189.16260703376983,0.26426511696953175,BALANCING
2.722,-2.2885469677069934,0.6090995376154221,188.77337010672608,0.26363102664618493,BALANCING
2.724,-2.287325044992604,0.612316219517576,188.38435278867195,0.2629974781462697,BALANCING
2.726,-2.2860967002841406,0.6155219665011733,187.9955561404475,0.26236447271894703,BALANCING
2.728,-2.2848619554374254,0.6187167935765446,187.60698121921092,0.26173201160785853,BALANCING
2.73,-2.2836208322782476,0.621900715760754,187.21862907844414,0.26110009605113543,BALANCING
2.732,-2.2823733526023515,0.6250737480775169,186.83050076795755,0.2604687272814078,BALANCING
2.734,-2.2811195381754232,0.6282359055571203,186.44259733389538,0.2598379065258134,BALANCING
2.736,-2.279859410733076,0.6313872032363402,186.05491981874084,0.2592076350060072,BALANCING
2.738,-2.278592991980841,0.6345276561583614,185.66746926132126,0.2585779139381704,BALANCING
2.74,-2.277320303594151,0.6376572793726953,185.28024669681318,0.25794874453301936,BALANCING
2.742,-2.2760413672183297,0.6407760879351014,184.8932531567477,0.2573201279958149,BALANCING
2.744,-2.2747562044685776,0.6438840969075051,184.50648966901554,0.25669206552637136,BALANCING
2.746,-2.273464836929963,0.6469813213579187,184.11995725787204,0.25606455831906594,BALANCING
2.748,-2.2721672861574054,0.6500677763603601,183.73365694394266,0.2554376075628475,BALANCING
2.75,-2.2708635736756673,0.653143476994773,183.34758974422795,0.25481121444124577,BALANCING
2.7520000000000002,-2.2695537209793417,0.6562084383469491,182.96175667210872,0.25418538013238073,BALANCING
2.754,-2.268237749532839,0.6592626755084462,182.5761587373513,0.2535601058089714,BALANCING
2.7560000000000002,-2.266915680770377,0.6623062035765098,182.19079694611267,0.2529353926383452,BALANCING
2.758,-2.2655875360959676,0.665339037653995,181.80567230094564,0.2523112417824468,BALANCING
2.7600000000000002,-2.2642533368834097,0.6683611928492861,181.420785800804,0.25168765439784757,BALANCING
2.762,-2.2629131044762736,0.6713726842762191,181.03613844104777,0.2510646316357546,BALANCING
2.7640000000000002,-2.261566860187894,0.6743735270540009,180.6517312134483,0.25044217464201934,BALANCING
2.766,-2.2602146253013555,0.6773637363071346,180.26756510619356,0.24982028455714758,BALANCING
2.7680000000000002,-2.258856421069486,0.6803433271653386,179.88364110389327,0.2491989625163079,BALANCING
2.77,-2.2574922687148438,0.6833123147634693,179.499960187584,0.248578209649341,BALANCING
2.7720000000000002,-2.256122189429708,0.6862707142414441,179.11652333473455,0.2479580270807687,BALANCING
2.774,-2.2547462043760698,0.6892185407441628,178.73333151925092,0.24733841592980338,BALANCING
2.7760000000000002,-2.2533643346856196,0.6921558094214304,178.3503857114817,0.24671937731035662,BALANCING
2.778,-2.2519766014597407,0.6950825354278808,177.9676868782231,0.24610091233104864,BALANCING
2.7800000000000002,-2.2505830257694974,0.6979987339228982,177.58523598272427,0.24548302209521722,BALANCING
2.782,-2.2491836286556266,0.7009044200705421,177.20303398469244,0.24486570770092694,BALANCING
2.7840000000000003,-2.247778431128528,0.7037996090394693,176.8210818402981,0.24424897024097822,BALANCING
2.786,-2.2463674541682552,0.7066843160028581,176.43938050218011,0.24363281080291635,BALANCING
2.7880000000000003,-2.2449507187245077,0.7095585561383313,176.05793091945122,0.24301723046904067,BALANCING
2.79,-2.2435282457166204,0.7124223446278816,175.6767340377029,0.2424022303164136,BALANCING
2.7920000000000003,-2.2421000560335558,0.7152756966577946,175.2957907990107,0.24178781141686978,BALANCING
2.794,-2.2406661705338946,0.7181186274185734,174.91510214193946,0.24117397483702524,BALANCING
2.7960000000000003,-2.2392266100458307,0.720951152104863,174.53466900154848,0.24056072163828626,BALANCING
2.798,-2.2377813953671577,0.7237732859153756,174.1544923093968,0.23994805287685872,BALANCING
2.8000000000000003,-2.2363305472652657,0.7265850440528141,173.77457299354822,0.23933596960375697,BALANCING
2.802,-2.2348740864771295,0.7293864417237987,173.39491197857672,0.238724472864813,BALANCING
2.8040000000000003,-2.2334120337093037,0.7321774941387911,173.01551018557154,0.2381135637006855,BALANCING
2.806,-2.231944409637915,0.734958216512021,172.63636853214243,0.23750324314686902,BALANCING
2.8080000000000003,-2.2304712349086517,0.7377286240614105,172.25748793242485,0.23689351223370295,BALANCING
2.81,-2.22899253013676,0.7404887320085011,171.87886929708512,0.2362843719863806,BALANCING
2.8120000000000003,-2.2275083159070355,0.7432385555783787,171.50051353332577,0.23567582342495833,BALANCING
2.814,-2.226018612773815,0.7459781099996007,171.12242154489059,0.23506786756436454,BALANCING
2.816,-2.224523441260972,0.7487074105041209,170.74459423206997,0.23446050541440883,BALANCING
2.818,-2.2230228218619064,0.7514264723272184,170.367032491706,0.23385373797979095,BALANCING
2.82,-2.221516775039543,0.7541353107074221,169.98973721719778,0.23324756626011006,BALANCING
2.822,-2.2200053212263207,0.7568339408864387,169.6127092985066,0.23264199124987353,BALANCING
2.824,-2.2184884808241883,0.7595223781090794,169.23594962216114,0.23203701393850604,BALANCING
2.826,-2.2169662742045975,0.7622006376231883,168.85945907126268,0.23143263531035885,BALANCING
2.828,-2.215438721708497,0.764868734679569,168.48323852549035,0.23082885634471872,BALANCING
2.83,-2.213905843646329,0.7675266845319115,168.10728886110627,0.23022567801581695,BALANCING
2.832,-2.2123676602980185,0.7701745024367221,167.73161095096089,0.22962310129283836,BALANCING
2.834,-2.210824191912973,0.7728122036532498,167.3562056644981,0.22902112713993056,BALANCING
2.836,-2.2092754587100734,0.7754398034434142,166.98107386776053,0.2284197565162127,BALANCING
2.838,-2.2077214808776713,0.7780573170717355,166.60621642339467,0.2278189903757847,BALANCING
2.84,-2.206162278573582,0.7806647598052626,166.23163419065614,0.2272188296677362,BALANCING
2.842,-2.2045978719250803,0.7832621469135013,165.85732802541497,0.2266192753361558,BALANCING
2.844,-2.2030282810288955,0.7858494936683429,165.48329878016074,0.22602032832013966,BALANCING
2.846,-2.2014535259512074,0.7884268153439953,165.1095473040078,0.22542198955380108,BALANCING
2.848,-2.19987362672764,0.7909941272169099,164.7360744427005,0.22482425996627894,BALANCING
2.85,-2.1982886033632605,0.7935514445657132,164.36288103861847,0.22422714048174733,BALANCING
2.852,-2.19669847583257,0.7960987826711348,163.9899679307818,0.223630632019424,BALANCING
2.854,-2.1951032640795036,0.798636156815938,163.61733595485623,0.22303473549357986,BALANCING
2.856,-2.193502988017425,0.8011635822848507,163.2449859431584,0.22243945181354768,BALANCING
2.858,-2.1918976675291226,0.8036810743644939,162.8729187246611,0.2218447818837311,BALANCING
2.86,-2.1902873224668054,0.8061886483433138,162.50113512499846,0.221250726603614,BALANCING
2.862,-2.1886719726521005,0.8086863195115109,162.12963596647114,0.22065728686776892,BALANCING
2.864,-2.1870516378760474,0.8111741031609726,161.7584220680517,0.22006446356586667,BALANCING
2.866,-2.185426337899099,0.8136520145852023,161.38749424538955,0.2194722575826849,BALANCING
2.868,-2.183796092451113,0.8161200690792517,161.01685331081651,0.21888066979811724,BALANCING
2.87,-2.182160921231353,0.8185782819396518,160.64650007335177,0.2182897010871825,BALANCING
2.872,-2.1805208439084844,0.8210266684643439,160.27643533870722,0.21769935232003312,BALANCING
2.874,-2.1788758801205708,0.8234652439526128,159.90665990929267,0.2171096243619648,BALANCING
2.876,-2.1772260494750726,0.8258940237050167,159.53717458422108,0.21652051807342507,BALANCING
2.878,-2.175571371548844,0.8283130230233205,159.16798015931377,0.21593203431002234,BALANCING
2.88,-2.1739118658881296,0.8307222572104282,158.79907742710566,0.21534417392253502,BALANCING
2.882,-2.1722475520085642,0.8331217415703143,158.4304671768505,0.21475693775692034,BALANCING
2.884,-2.1705784493951708,0.8355114914079571,158.06215019452597,0.2141703266543234,BALANCING
2.886,-2.168904577502356,0.8378915220292715,157.69412726283912,0.21358434145108615,BALANCING
2.888,-2.16722595575391,0.8402618487410415,157.32639916123148,0.2129989829787563,BALANCING
2.89,-2.1655426035430057,0.8426224868508532,156.95896666588425,0.21241425206409625,BALANCING
2.892,-2.1638545402321956,0.8449734516670294,156.59183054972357,0.21183014952909224,BALANCING
2.894,-2.1621617851534114,0.8473147584985614,156.22499158242576,0.21124667619096307,BALANCING
2.896,-2.1604643576079625,0.8496464226550438,155.85845053042252,0.21066383286216922,BALANCING
2.898,-2.158762276866534,0.8519684594466072,155.4922081569062,0.21008162035042172,BALANCING
2.9,-2.157055562169188,0.8542808841838534,155.12626522183493,0.209500039458691,BALANCING
2.902,-2.155344232725359,0.8565837121777895,154.7606224819379,0.20891909098521613,BALANCING
2.904,-2.1536283077138574,0.8588769587397613,154.39528069072063,0.20833877572351342,BALANCING
2.906,-2.1519078062828663,0.8611606391813889,154.0302405984701,0.20775909446238558,BALANCING
2.908,-2.1501827475499407,0.8634347688145002,153.66550295226006,0.20718004798593048,BALANCING
2.91,-2.1484531506020095,0.8656993629510674,153.30106849595614,0.20660163707355034,BALANCING
2.912,-2.146719034495372,0.8679544369031407,152.93693797022127,0.20602386249996033,BALANCING
2.914,-2.1449804182557015,0.8702000059827838,152.57311211252068,0.20544672503519767,BALANCING
2.916,-2.1432373208780424,0.8724360855020106,152.20959165712725,0.20487022544463057,BALANCING
2.918,-2.141489761326812,0.8746626907727184,151.8463773351267,0.20429436448896715,BALANCING
2.92,-2.1397377585357993,0.8768798371066261,151.48346987442284,0.20371914292426407,BALANCING
2.922,-2.1379813314081675,0.8790875398152087,151.12086999974275,0.2031445615019359,BALANCING
2.924,-2.1362204988164533,0.8812858142096335,150.75857843264203,0.20257062096876366,BALANCING
2.926,-2.1344552796025673,0.8834746756006971,150.39659589151,0.20199732206690388,BALANCING
2.928,-2.1326856925777955,0.8856541392987612,150.03492309157494,0.2014246655338974,BALANCING
2.93,-2.1309117565227997,0.8878242206136895,149.67356074490928,0.2008526521026783,BALANCING
2.932,-2.1291334901876193,0.8899849348547847,149.31250956043485,0.2002812825015829,BALANCING
2.934,-2.127350912291672,0.8921362973307251,148.9517702439281,0.19971055745435842,BALANCING
2.936,-2.1255640415237536,0.8942783233495021,148.59134349802534,0.19914047768017207,BALANCING
2.938,-2.1237728965420444,0.896411028218357,148.23123002222783,0.19857104389361974,BALANCING
2.94,-2.1219774959741042,0.8985344272437193,147.8714305129072,0.19800225680473502,BALANCING
2.942,-2.120177858416878,0.9006485357311441,147.51194566331046,0.19743411711899791,BALANCING
2.944,-2.1183740024366986,0.9027533689852494,147.15277616356536,0.19686662553734402,BALANCING
2.946,-2.1165659465692843,0.9048489423096543,146.79392270068564,0.19629978275617288,BALANCING
2.948,-2.1147537093197464,0.9069352710069183,146.435385958576,0.1957335894673572,BALANCING
2.95,-2.112937309162586,0.9090123703784784,146.07716661803767,0.19516804635825177,BALANCING
2.952,-2.1111167645417006,0.9110802557245878,145.71926535677323,0.1946031541117019,BALANCING
2.954,-2.1092920938703843,0.9131389423442554,145.36168284939222,0.19403891340605278,BALANCING
2.956,-2.1074633155313305,0.9151884455351833,145.00441976741607,0.1934753249151578,BALANCING
2.958,-2.1056304478766354,0.917228780593708,144.64747677928338,0.19291238930838783,BALANCING
2.96,-2.103793509227801,0.9192599628147373,144.29085455035516,0.19235010725063975,BALANCING
2.962,-2.101952517875736,0.9212820074916906,143.93455374292012,0.1917884794023454,BALANCING
2.964,-2.1001074920807614,0.9232949299164391,143.57857501619966,0.19122750641948033,BALANCING
2.966,-2.098258450072612,0.9252987453792451,143.22291902635334,0.19066718895357282,BALANCING
2.968,-2.0964054100504406,0.9272934691687008,142.86758642648383,0.1901075276517123,BALANCING
2.97,-2.09454839018282,0.9292791165716708,142.51257786664235,0.18954852315655854,BALANCING
2.972,-2.0926874086077487,0.9312557028732301,142.15789399383374,0.1889901761063503,BALANCING
2.974,-2.0908224834326528,0.9332232433566053,141.8035354520217,0.18843248713491417,BALANCING
2.976,-2.0889536327343907,0.935181753303115,141.4495028821339,0.18787545687167306,BALANCING
2.978,-2.087080874559256,0.9371312479921118,141.0957969220675,0.1873190859416556,BALANCING
2.98,-2.0852042269229822,0.9390717427009212,140.74241820669388,0.18676337496550444,BALANCING
2.982,-2.0833237078107474,0.9410032527047839,140.38936736786422,0.18620832455948513,BALANCING
2.984,-2.081439335177177,0.9429257932767966,140.03664503441453,0.18565393533549493,BALANCING
2.986,-2.0795511269463502,0.944839379687854,139.68425183217093,0.18510020790107165,BALANCING
2.988,-2.0776591010118013,0.9467440272065896,139.33218838395476,0.18454714285940227,BALANCING
2.99,-2.075763275236528,0.9486397510993182,138.98045530958788,0.18399474080933184,BALANCING
2.992,-2.073863667452993,0.9505265666299774,138.62905322589774,0.18344300234537217,BALANCING
2.994,-2.0719602954631307,0.9524044890600699,138.2779827467227,0.18289192805771062,BALANCING
2.996,-2.0700531770383517,0.9542735336486053,137.92724448291713,0.18234151853221875,BALANCING
2.998,-2.0681423299195476,0.9561337156520431,137.57683904235674,0.18179177435046115,BALANCING
3.0,-2.0662277718170956,0.9579850503242345,137.22676702994355,0.18124269608970422,BALANCING
3.0020000000000002,-2.0643095204108657,0.9598275529163662,136.87702904761133,0.18069428432292475,BALANCING
3.004,-2.062387593350223,0.9616612386769031,136.52762569433054,0.1801465396188189,BALANCING
3.0060000000000002,-2.060462008254037,0.9634861228515302,136.17855756611374,0.1795994625418106,BALANCING
3.008,-2.0585327827106834,0.9653022206830971,135.8298252560207,0.1790530536520605,BALANCING
3.0100000000000002,-2.0565999342780534,0.9671095474115611,135.4814293541635,0.17850731350547464,BALANCING
3.012,-2.0546634804835566,0.9689081182739308,135.13337044771185,0.17796224265371316,BALANCING
3.0140000000000002,-2.052723438824129,0.9706979485042091,134.78564912089817,0.17741784164419883,BALANCING
3.016,-2.0507798267662376,0.9724790533333388,134.4382659550228,0.17687411102012612,BALANCING
3.0180000000000002,-2.048832661745888,0.974251447989145,134.09122152845924,0.17633105132046956,BALANCING
3.02,-2.0468819611686286,0.9760151476962797,133.74451641665928,0.17578866307999258,BALANCING
3.0220000000000002,-2.0449277424095604,0.9777701676761669,133.39815119215814,0.17524694682925612,BALANCING
3.024,-2.0429700228133396,0.9795165231469465,133.05212642457977,0.1747059030946274,BALANCING
3.0260000000000002,-2.041008819694188,0.981254229323419,132.70644268064186,0.1741655323982885,BALANCING
3.028,-2.039044150335895,0.9829833014169914,132.36110052416115,0.17362583525824518,BALANCING
3.0300000000000002,-2.0370760319918304,0.9847037546356207,132.01610051605854,0.1730868121883353,BALANCING
3.032,-2.035104481884946,0.98641560418376,131.6714432143643,0.17254846369823776,BALANCING
3.0340000000000003,-2.0331295172077875,0.9881188652623036,131.32712917422322,0.17201079029348085,BALANCING
3.036,-2.0311511551224952,0.9898135530685331,130.9831589478997,0.17147379247545122,BALANCING
3.0380000000000003,-2.0291694127608193,0.9914996827960626,130.63953308478315,0.17093747074140228,BALANCING
3.04,-2.02718430722412,0.9931772696347845,130.29625213139286,0.17040182558446298,BALANCING
3.0420000000000003,-2.0251958555833807,0.9948463287708154,129.9533166313834,0.16986685749364638,BALANCING
3.044,-2.023204074879211,0.9965068753864427,129.61072712554954,0.1693325669538582,BALANCING
3.0460000000000003,-2.0212089821218577,0.9981589246600708,129.2684841518318,0.16879895444590567,BALANCING
3.048,-2.0192105942912115,0.999802491766168,128.92658824532117,0.16826602044650593,BALANCING
3.0500000000000003,-2.017208928336814,1.0014375918752119,128.58503993826457,0.16773376542829474,BALANCING
3.052,-2.0152040011778687,1.0030642401536374,128.24383976006987,0.16720218985983507,BALANCING
3.0540000000000003,-2.013195829703244,1.0046824517637833,127.90298823731109,0.16667129420562568,BALANCING
3.056,-2.011184430771487,1.0062922418638394,127.56248589373357,0.16614107892610974,BALANCING
3.0580000000000003,-2.009169821210828,1.0078936256077946,127.22233325025906,0.16561154447768345,BALANCING
3.06,-2.007152017819192,1.009486618145382,126.88253082499095,0.16508269131270467,BALANCING
3.0620000000000003,-2.005131037364203,1.0110712346220299,126.54307913321935,0.16455451987950118,BALANCING
3.064,-2.0031068965831977,1.0126474901788065,126.20397868742629,0.16402703062237975,BALANCING
3.0660000000000003,-2.0010796121832306,1.0142153999523698,125.86522999729083,0.1635002239816343,BALANCING
3.068,-1.999049200841085,1.0157749790749149,125.5268335696942,0.16297410039355478,BALANCING
3.0700000000000003,-1.99701567920328,1.017326242674122,125.188789908725,0.16244866029043542,BALANCING
3.072,-1.994979063886082,1.018869205873106,124.85109951568428,0.16192390410058347,BALANCING
3.074,-1.9929393714755113,1.0204038837903633,124.51376288909069,0.16139983224832774,BALANCING
3.076,-1.9908966185273538,1.0219302915397226,124.17678052468561,0.16087644515402716,BALANCING
3.078,-1.9888508215671683,1.0234484442302916,123.84015291543835,0.16035374323407914,BALANCING
3.08,-1.9868019970902981,1.0249583569664078,123.5038805515512,0.15983172690092828,BALANCING
3.082,-1.9847501615618788,1.026460044847587,123.16796392046459,0.15931039656307505,BALANCING
3.084,-1.9826953314168485,1.027953522968472,122.83240350686225,0.15878975262508377,BALANCING
3.086,-1.9806375230599582,1.0294388064187832,122.49719979267627,0.1582697954875916,BALANCING
3.088,-1.9785767528657812,1.030915910283268,122.16235325709233,0.15775052554731706,BALANCING
3.09,-1.9765130371787236,1.0323848496416497,121.82786437655473,0.15723194319706812,BALANCING
3.092,-1.9744463923130333,1.033845639568579,121.49373362477155,0.15671404882575107,BALANCING
3.094,-1.9723768345528112,1.035298295133583,121.15996147271976,0.15619684281837895,BALANCING
3.096,-1.9703043801520215,1.0367428314010159,120.82654838865034,0.1556803255560799,BALANCING
3.098,-1.968229045334501,1.0381792634300095,120.49349483809343,0.1551644974161058,BALANCING
3.1,-1.9661508462939714,1.0396076062744226,120.16080128386338,0.15464935877184055,BALANCING
3.102,-1.9640697991940483,1.0410278749827944,119.82846818606394,0.15413490999280868,BALANCING
3.104,-1.9619859201682528,1.0424400845982926,119.49649600209328,0.15362115144468388,BALANCING
3.106,-1.9598992253200216,1.0438442501586664,119.16488518664919,0.15310808348929728,BALANCING
3.108,-1.957809730722719,1.0452403866961968,118.83363619173412,0.15259570648464596,BALANCING
3.11,-1.9557174524196466,1.0466285092376475,118.50274946666032,0.1520840207849015,BALANCING
3.112,-1.9536224064240553,1.0480086328042177,118.17222545805492,0.15157302674041814,BALANCING
3.114,-1.9515246087191556,1.0493807724114932,117.84206460986506,0.15106272469774168,BALANCING
3.116,-1.9494240752581302,1.0507449430693971,117.51226736336297,0.15055311499961743,BALANCING
3.118,-1.947320821964145,1.052101159782144,117.182834157151,0.15004419798499885,BALANCING
3.12,-1.9452148647303582,1.0534494375481904,116.85376542716692,0.14953597398905602,BALANCING
3.122,-1.9431062194199362,1.0547897913601874,116.52506160668872,0.14902844334318383,BALANCING
3.124,-1.9409949018660615,1.0561222362049336,116.19672312633996,0.14852160637501072,BALANCING
3.126,-1.9388809278719465,1.057446787063327,115.86875041409469,0.14801546340840668,BALANCING
3.128,-1.9367643132108445,1.0587634589103185,115.5411438952826,0.14751001476349204,BALANCING
