t,theta_deg,rate_dps,wheel_rpm,duty,phase
0.0,16.0,0.0,0.0,-1,SPINUP
0.002,16.0,0.0,-6.436476596174447,-1,SPINUP
0.004,16.0,0.0,-12.801832631651454,-1,SPINUP
0.006,16.0,0.0,-19.096853960939825,-1,SPINUP
0.008,16.0,0.0,-25.32231775516197,-1,SPINUP
0.01,16.0,0.0,-31.47899259800195,-1,SPINUP
0.012,16.0,0.0,-37.56763858059332,-1,SPINUP
0.014,16.0,0.0,-43.5890073953585,-1,SPINUP
0.016,16.0,0.0,-49.543842428811296,-1,SPINUP
0.018000000000000002,16.0,0.0,-55.43287885333392,-1,SPINUP
0.02,16.0,0.0,-61.256843717939944,-1,SPINUP
0.022,16.0,0.0,-67.0164560380344,-1,SPINUP
0.024,16.0,0.0,-72.71242688418201,-1,SPINUP
0.026000000000000002,16.0,0.0,-78.34545946989454,-1,SPINUP
0.028,16.0,0.0,-83.91624923844823,-1,SPINUP
0.03,16.0,0.0,-89.42548394874186,-1,SPINUP
0.032,16.0,0.0,-94.87384376020609,-1,SPINUP
0.034,16.0,0.0,-100.26200131677466,-1,SPINUP
0.036000000000000004,16.0,0.0,-105.59062182992774,-1,SPINUP
0.038,16.0,0.0,-110.86036316081756,-1,SPINUP
0.04,16.0,0.0,-116.07187590148673,-1,SPINUP
0.042,16.0,0.0,-121.22580345518911,-1,SPINUP
0.044,16.0,0.0,-126.322782115823,-1,SPINUP
0.046,16.0,0.0,-131.36344114648688,-1,SPINUP
0.048,16.0,0.0,-136.34840285716695,-1,SPINUP
0.05,16.0,0.0,-141.2782826815663,-1,SPINUP
0.052000000000000005,16.0,0.0,-146.15368925308528,-1,SPINUP
0.054,16.0,0.0,-150.97522447996198,-1,SPINUP
0.056,16.0,0.0,-155.74348361958283,-1,SPINUP
0.058,16.0,0.0,-160.45905535197187,-1,SPINUP
0.06,16.0,0.0,-165.12252185246808,-1,SPINUP
0.062,16.0,0.0,-169.73445886359957,-1,SPINUP
0.064,16.0,0.0,-174.29543576616356,-1,SPINUP
0.066,16.0,0.0,-178.80601564952127,-1,SPINUP
0.068,16.0,0.0,-183.26675538111556,-1,SPINUP
0.07,16.0,0.0,-187.67820567522088,-1,SPINUP
0.07200000000000001,16.0,0.0,-192.04091116093332,-1,SPINUP
0.074,16.0,0.0,-196.35541044940953,-1,SPINUP
0.076,16.0,0.0,-200.6222362003625,0.0,KICK
0.078,16.0,0.0,-199.95460874363,0.0,KICK
0.08,16.0,0.0,-199.28920300682952,0.0,KICK
0.082,16.0,0.0,-198.62601159655725,0.0,KICK
0.084,16.0,0.0,-197.96502714401282,0.0,KICK
0.08600000000000001,16.0,0.0,-197.30624230491782,0.0,KICK
0.088,16.0,0.0,-196.64964975943383,0.0,KICK
0.09,16.0,0.0,-195.99524221208145,0.0,KICK
0.092,16.0,0.0,-195.34301239165893,0.0,KICK
0.094,16.0,0.0,-194.69295305116157,0.0,KICK
0.096,16.0,0.0,-194.04505696770113,0.0,KICK
0.098,16.0,0.0,-193.3993169424256,0.0,KICK
0.1,16.0,0.0,-192.75572580043908,0.0,KICK
0.10200000000000001,16.0,0.0,-192.11427639072232,0.0,KICK
0.10400000000000001,16.0,0.0,-191.47496158605307,0.0,KICK
0.106,16.0,0.0,-190.8377742829269,0.0,KICK
0.108,16.0,0.0,-190.2027074014783,0.0,KICK
0.11,16.0,0.0,-189.56975388540212,0.0,KICK
0.112,16.0,0.0,-188.93890670187497,0.0,KICK
0.114,16.0,0.0,-188.3101588414772,0.0,KICK
0.116,16.0,0.0,-187.68350331811502,0.0,KICK
0.11800000000000001,16.0,0.0,-187.05893316894281,0.0,KICK
0.12,16.0,0.0,-186.43644145428587,0.0,KICK
0.122,16.0,0.0,-185.8160212575631,0.0,KICK
0.124,16.0,0.0,-185.1976656852105,0.0,KICK
0.126,16.0,0.0,-184.58136786660413,0.0,KICK
0.128,16.0,0.0,-183.96712095398414,1,KICK
0.13,15.998822049583376,-1.1750690106214225,-179.72073731549725,1,KICK
0.132,15.995311123738384,-2.3330379613815486,-175.4978792877969,1,KICK
0.134,15.989501048923024,-3.474279753928853,-171.2984165354236,1,KICK
0.136,15.981424910318694,-4.599162779974525,-167.12221944499598,1,KICK
0.138,15.971115060750005,-5.708051021111264,-162.96915912121068,1,KICK
0.14,15.958603129406459,-6.801304147115639,-158.8391073828638,1,KICK
0.14200000000000002,15.943920030369005,-7.87927761277329,-154.73193675889482,1,KICK
0.14400000000000002,15.927095970944418,-8.942322753265714,-150.64752048445226,1,KICK
0.146,15.908160459810265,-9.990786878156783,-146.58573249698122,1,KICK
0.148,15.88714231497331,-11.025013364016672,-142.54644743233246,1,KICK
0.15,15.864069671543982,-12.045341745720185,-138.52954062089324,1,KICK
0.152,15.838969989329543,-13.052107806455993,-134.53488808373936,1,KICK
0.154,15.811870060248495,-14.045643666482707,-130.56236652880878,1,KICK
0.156,15.782796015568708,-15.026277870667057,-126.61185334709616,1,KICK
0.158,15.75177333297165,-15.994335474838978,-122.68322660886872,1,KICK
0.16,15.718826843445068,-16.95013813099777,-118.7763650599029,1,KICK
0.162,15.683980738006372,-17.89400417140291,-114.89114811774202,1,KICK
0.164,15.647258574258942,-18.826248691582535,-111.02745586797448,1,KICK
0.166,15.60868328278343,-19.747183632292113,-107.18516906053279,1,KICK
0.168,15.568277173366232,-20.657117860455138,-103.36416910601294,1,KICK
0.17,15.526061941067015,-21.55635724911721,-99.56433807201422,1,KICK
0.17200000000000001,15.48205867212732,-22.445204756444284,-95.78555867949943,1,KICK
0.17400000000000002,15.436287849722106,-23.323960503795323,-92.02771429917495,1,KICK
0.176,15.388769359556031,-24.192921852899094,-88.29068894789124,1,KICK
0.178,15.339522495306262,-25.052383482164196,-84.57436728506305,1,KICK
0.18,15.288565963913513,-25.902637462151066,-80.87863460910945,1,KICK
0.182,15.235917890722936,-26.743973330234,-77.20337685391374,1,KICK
0.184,15.181595824476492,-27.576678164480914,-73.54848058530284,1,KICK
0.186,15.125616742158316,-28.40103665677789,-69.91383299754621,1,KICK
0.188,15.067997053694564,-29.217331185225188,-66.29932190987424,1,KICK
0.19,15.00875260650917,-30.025841885830896,-62.70483576301579,1,KICK
0.192,14.947898689936919,-30.826846723527876,-59.13026361575507,1,KICK
0.194,14.885450039495101,-31.620621562539267,-55.57549514150748,1,KICK
0.196,14.82142084101512,-32.407440236117296,-52.04042062491446,1,KICK
0.198,14.75582473463517,-33.187574615679814,-48.52493095845723,1,KICK
0.2,14.688674818655265,-33.96129467936831,-45.02891763908924,1,KICK
0.202,14.619983653255712,-34.72886858005106,-41.552272764887284,1,KICK
0.20400000000000001,14.549763264080077,-35.4905627127944,-38.09488903172126,1,KICK
0.20600000000000002,14.47802514568375,-36.246641781824714,-34.65665972994222,1,KICK
0.20800000000000002,14.404780264849075,-36.99736886700361,-31.237478741088903,1,KICK
0.21,14.330039063767995,-37.74300548983794,-27.83724053461245,1,KICK
0.212,14.253811463093117,-38.483811679046376,-24.455840164619286,1,KICK
0.214,14.176106864858081,-39.22004603570348,-21.09317326663203,1,KICK
0.216,14.096934155268036,-39.95196579798228,-17.74913605436838,1,KICK
0.218,14.016301707361018,-40.67982690551557,-14.423625316537802,1,KICK
0.22,13.934217383540982,-41.403884063396156,-11.11653841365601,1,KICK
0.222,13.850688537983157,-42.124390805835716,-7.82777327487705,1,KICK
0.224,13.765722018912424,-42.84159955950179,-4.557228394842979,1,KICK
0.226,13.67932417075532,-43.55576170655189,-1.3048028305509594,1,KICK
0.228,13.589912239756416,-46.24852228493378,4.611497872206669,1,KICK
0.23,13.494357798603833,-49.29910610495782,10.997019212127823,1,KICK
0.232,13.39274262494984,-52.309474178990065,17.311983027096492,1,KICK
0.234,13.285145839022087,-55.280935258928366,23.557168950295683,1,KICK
0.23600000000000002,13.171643958481901,-58.21478322725759,29.733348000265245,1,KICK
0.23800000000000002,13.052310927757338,-61.11229750155028,35.841282676090316,1,KICK
0.24,12.927218146574832,-63.97474343138362,41.881727051537965,1,KICK
0.242,12.796434497704443,-66.80337268788274,47.855426868153714,1,KICK
0.244,12.660026373933198,-69.59942364609566,53.76311962732931,1,KICK
0.246,12.5180577042807,-72.36412176039971,59.60553468135322,1,KICK
0.248,12.370589979470724,-75.09867993313347,65.38339332345507,1,KICK
0.25,12.217682276672162,-77.80429887664243,71.09740887685508,1,KICK
0.252,12.059391283522318,-80.48216746892048,76.74828678282961,1,KICK
0.254,11.89577132144518,-83.1334631030224,82.3367246878035,1,KICK
0.256,11.726874368276935,-85.7593520304167,87.86341252948021,1,KICK
0.258,11.55275008021073,-88.36098969844042,93.32903262202016,1,KICK
0.26,11.373445813072276,-90.9395210820111,98.73425974027795,1,KICK
0.262,11.189006642937645,-93.49608100974366,104.07976120310865,1,KICK
0.264,10.999475386104317,-96.03179448461303,109.36619695575384,1,KICK
0.266,10.804892618426242,-98.54777699929515,114.59421965131706,1,KICK
0.268,10.60529669402344,-101.04513484631235,119.76447473133912,1,KICK
0.27,10.4007237633764,-103.52496542310074,124.8776005054831,1,KICK
0.272,10.191207790815334,-105.98835753210975,129.9342282303388,1,KICK
0.274,9.976780571414116,-108.436391676036,134.93498218735635,0.0,BALANCING
0.276,9.761464185704964,-106.88457102994892,134.48594771995056,0.0,BALANCING
0.278,9.549224101524871,-105.36002955430394,134.03840754223634,0.0,BALANCING
0.28,9.34000612221679,-103.86240649649885,133.5923566815405,0.0,BALANCING
0.28200000000000003,9.133756767052015,-102.39134667550829,133.14779018173772,0.0,BALANCING
0.28400000000000003,8.930423260119214,-100.94650044946916,132.7047031031957,0.0,BALANCING
0.28600000000000003,8.729953519279615,-99.52752368196163,132.2630905227201,0.0,BALANCING
0.28800000000000003,8.532296145190843,-98.13407770710187,131.8229475334999,0.0,BALANCING
0.29,8.337400410401653,-96.76582929355654,131.38426924505296,0.0,BALANCING
0.292,8.145216248519642,-95.42245060758397,130.94705078317153,0.0,BALANCING
0.294,7.955694243453763,-94.1036191752008,130.51128728986822,0.0,BALANCING
0.296,7.768785618733289,-92.80901784356865,130.07697392332196,0.0,BALANCING
0.298,7.584442226904729,-91.53833474168984,129.64410585782417,0.0,BALANCING
0.3,7.4026165390079575,-90.29126324049678,129.21267828372527,0.0,BALANCING
0.302,7.223261634132713,-89.06750191241527,128.78268640738108,0.0,BALANCING
0.304,7.046331189056429,-87.86675449047759,128.3541254510997,0.0,BALANCING
0.306,6.871779467964225,-86.68872982705716,127.92699065308827,0.0,BALANCING
0.308,6.6995613122517605,-85.533141852293,127.50127726740023,0.0,BALANCING
0.31,6.529632130411481,-84.39970953226826,127.07698056388243,0.0,BALANCING
0.312,6.361947888002718,-83.28815682700359,126.65409582812272,0.0,BALANCING
0.314,6.196465097705929,-82.19821264832298,126.23261836139747,0.0,BALANCING
0.316,6.033140809461285,-81.12961081764654,125.81254348061935,0.0,BALANCING
0.318,5.871932600691718,-80.08209002376127,125.39386651828539,0.0,BALANCING
0.32,5.71279856661039,-79.05539378061862,124.97658282242502,0.0,BALANCING
0.322,5.555697310612511,-78.04927038520431,124.56068775654845,0.0,BALANCING
0.324,5.400587934751313,-77.0634728755237,124.1461766995951,0.0,BALANCING
0.326,5.24743003029789,-76.09775898874334,123.7330450458823,-1,BALANCING
0.328,5.0987726616966045,-72.56535198031689,119.82036734320823,-1,BALANCING
0.33,4.957145972677128,-69.06692024375349,115.92936646971464,-1,BALANCING
0.332,4.822482964936527,-65.60151289033448,112.0599223324731,-1,BALANCING
0.334,4.6947185338943775,-62.16818705744643,108.21191550388828,-1,BALANCING
0.336,4.573789452814578,-58.76600773402848,104.38522721801185,-1,BALANCING
0.338,4.459634357279337,-55.39404758300259,100.57973936687688,-1,BALANCING
0.34,4.352193730021046,-52.05138676101062,96.79533449685256,-1,BALANCING
0.342,4.251409886117121,-48.737112735761436,93.031895805019,-0.9804010441764015,BALANCING
0.34400000000000003,4.1571801865914955,-45.49704976059726,89.35255645121502,-0.903238991512766,BALANCING
0.34600000000000003,4.069219986869351,-42.46729937526045,85.94261686206103,-0.8310824072831897,BALANCING
0.34800000000000003,3.9871224690938445,-39.634074684822416,82.78443098517276,-0.7636036812180609,BALANCING
0.35000000000000003,3.910507486061795,-36.984490597239905,79.86150778657603,-0.7004964755778957,BALANCING
0.352,3.8390198163029186,-34.506505224500195,77.15843620149163,-0.641474369358682,BALANCING
0.354,3.772327532609329,-32.188865025785546,74.6608148762948,-0.586269584371891,BALANCING
0.356,3.7101204767589198,-30.021053465320513,72.35518641088115,-0.5346317891420533,BALANCING
0.358,3.6521088336193475,-27.993242969123493,70.2289758253752,-0.48632697656875273,BALANCING
0.36,3.5980217982393996,-26.096249976347902,68.270432989727,-0.4411364113601925,BALANCING
0.362,3.5476063299319343,-24.321492892133012,66.46857876907654,-0.39885564334517576,BALANCING
0.364,3.5006259877277923,-22.660952759794895,64.81315465169878,-0.35929358289704566,BALANCING
0.366,3.4568598419339045,-21.10713648071107,63.294575639788846,-0.3222716348475408,BALANCING
0.368,3.4161014568619756,-19.653042420347802,61.90388619625351,-0.28762288742385045,BALANCING
0.37,3.3781579401076014,-18.292128248522644,60.63271905300837,-0.25519135290329403,BALANCING
0.372,3.342849054054274,-17.018280871176046,59.473256698025835,-0.2248312568432979,BALANCING
0.374,3.3100063855534585,-15.825788319642323,58.418195369531865,-0.1964063729069397,BALANCING
0.376,3.2794725699916847,-14.709313471667196,57.46071139631667,-0.16978940046430233,BALANCING
0.378,3.251100566199277,-13.663869486225513,56.59442973311625,-0.14486138230580234,BALANCING
0.38,3.224752978883858,-12.684796841562433,55.81339454945542,-0.1215111599545512,BALANCING
0.382,3.200301425485962,-11.767741872828704,55.11204173923689,-0.09963486421000334,BALANCING
0.384,3.177625944554799,-10.908636712223483,54.4851732267377,-0.07913543869422943,BALANCING
0.386,3.1566144429302194,-10.10368054071342,53.927932952555246,-0.05992219430489787,BALANCING
0.388,3.137162179192992,-9.349322066183289,53.43578443045422,-0.04191039260536052,BALANCING
0.39,3.1191712810103684,-8.64224314830923,53.004489773026386,-0.025020856302135304,BALANCING
0.392,3.1025502941581933,-7.979343495549012,52.63009009060976,-0.009179605073644575,BALANCING
0.394,3.0872137611452506,-7.357726364432443,52.30888717404619,0.0,BALANCING
0.396,3.073009762747482,-6.8466371862893345,52.13481449910283,0.0,BALANCING
0.398,3.059825794531425,-6.3376748566415,51.96132110041248,0.0,BALANCING
0.4,3.04765773058068,-5.830711680212081,51.788405050268956,0.0,BALANCING
0.402,3.0365016998679453,-5.325620457975431,51.616064427381005,0.0,BALANCING
0.404,3.0263540852937,-4.822274455990765,51.44429731685105,0.0,BALANCING
0.406,3.0172115227871164,-4.320547374338239,51.27310181015388,0.0,BALANCING
0.40800000000000003,3.009070900468998,-3.820313316150869,51.102476005115435,0.0,BALANCING
0.41000000000000003,3.0019293578765684,-3.321446756735775,50.93241800589168,0.0,BALANCING
0.41200000000000003,2.9957842852499343,-2.8238225127781558,50.76292592294754,0.0,BALANCING
0.41400000000000003,2.990633322880059,-2.327315711621445,50.5939978730359,0.0,BALANCING
0.41600000000000004,2.9864743605181068,-1.8318017606170647,50.42563197917671,0.0,BALANCING
0.418,2.983305536846027,-1.337156316537202,50.25782637063606,0.0,BALANCING
0.42,2.9811252390082483,-0.8432552550440335,50.09057918290547,0.0,BALANCING
0.422,2.9799321022043914,-0.349974640208812,49.923888557681146,0.0,BALANCING
0.424,2.9797250093428933,0.14280930592576502,49.7577526428433,0.0,BALANCING
0.426,2.980503090755469,0.6352202337464866,49.59216959243562,0.0,BALANCING
0.428,2.9822657239723487,1.127381696440441,49.427137566644724,0.0,BALANCING
0.43,2.985012533558229,1.6194171803422903,49.26265473177974,0.0,BALANCING
0.432,2.9887433910088976,2.111450135264584,49.09871926025193,0.0,BALANCING
0.434,2.9934584147085137,2.6036040048176856,48.93532933055437,0.0,BALANCING
0.436,2.9991579699475173,3.096002256725891,48.772483127241706,0.0,BALANCING
0.438,3.005842669001177,3.588768413146294,48.61017884091,0.0,BALANCING
0.44,3.0135133712687794,4.082026080996971,48.44841466817664,0.0,BALANCING
0.442,3.022171183473495,4.575898982301042,48.28718881166025,0.0,BALANCING
0.444,3.031817459922946,5.070510984553153,48.12649947996078,0.0,BALANCING
0.446,3.0424538028305452,5.565986131114927,47.96634488763953,0.35531239664587344,BALANCING
0.448,3.0526636268159386,4.646452775709041,49.723295375047044,0.33093325330644874,BALANCING
0.45,3.0611660884561114,3.8583472311347875,51.303916458002334,0.30993465070488024,BALANCING
0.452,3.0682062950934847,3.18395872259585,52.731915279122006,0.291864574896017,BALANCING
0.454,3.0739963087942703,2.607947726198207,54.02782764914673,0.27633155922919456,BALANCING
0.456,3.0787195705556374,2.117028347005899,55.20944280016781,0.262996527585192,BALANCING
0.458,3.082534732125431,1.6996934630135498,56.2921709446815,0.25156575002219017,BALANCING
0.46,3.0855789751288207,1.3459768099006075,57.28936143243899,0.24178475546663775,BALANCING
0.462,3.087970886359334,1.0472469930503807,58.21257821096424,0.23343306878161119,BALANCING
0.464,3.0898129487597017,0.7960291068865932,59.07183836760401,0.2263196586465668,BALANCING
0.466,3.0911936995734193,0.5858502356630153,59.87581873616567,0.2202789988374736,BALANCING
0.468,3.0921896002070857,0.4111056196841732,60.63203486915385,0.21516765921474845,BALANCING
0.47000000000000003,3.092866656350728,0.2669427091724344,61.346996090407146,0.21086135441417625,BALANCING
0.47200000000000003,3.0932818217257103,0.1491607051773694,62.02633983843178,0.20725238822070646,BALANCING
0.47400000000000003,3.0934842143542993,0.054123511906985555,62.67494807606545,0.20424744015398738,BALANCING
0.47600000000000003,3.0935161703745697,-0.021315694874082112,63.29704816726926,0.2017656481278008,BALANCING
0.47800000000000004,3.0934141570760265,-0.07987983684783712,63.89630029835281,0.19973694734588052,BALANCING
0.48,3.0932095639337227,-0.12392458411693225,64.47587324157048,0.19810063101649986,BALANCING
0.482,3.0929293879104085,-0.15548745220800142,65.03851001763263,0.1968041031358801,BALANCING
0.484,3.092596827124505,-0.17633035310853412,65.58658480499126,0.19580179761406435,BALANCING
0.486,3.0922317951009624,-0.18797647337482443,66.12215226327916,0.19505424148805586,BALANCING
0.488,3.0918513661929765,-0.19174223557867243,66.64699028213751,0.19452724296363083,BALANCING
0.49,3.091470161351294,-0.1887649983031482,67.16263703153578,0.19419118761569584,BALANCING
0.492,3.091100682195076,-0.1800270624152901,67.67042307271007,0.19402042831409216,BALANCING
0.494,3.0907536002787452,-0.16637647559499052,68.17149918755977,0.19399275637591787,BALANCING
0.496,3.090438007531024,-0.1485450614973852,68.66686049662455,0.19408894311838215,BALANCING
0.498,3.0901616330465536,-0.12716404310151508,69.15736735978273,0.19429234243369145,BALANCING
0.5,3.0899310307207304,-0.10277758056881928,69.64376348798771,0.19458854626024297,BALANCING
0.502,3.0897517416204745,-0.07585450128008113,70.12669163732507,0.19496508590893574,BALANCING
0.504,3.0896284344653604,-0.04679846275638936,70.60670720725027,0.195411173142512,BALANCING
0.506,3.0895650271442285,-0.01595675713560499,71.08429002203438,0.19591747571917267,BALANCING
0.508,3.0895647918028755,0.016372061889113713,71.55985453732114,0.19647592281624077,BALANCING
0.51,3.089630445700729,0.04993157282884905,72.03375868151952,0.19707953636002543,BALANCING
0.512,3.0897642297416343,0.08450176487912806,72.50631151386087,0.1977222848169209,BALANCING
0.514,3.089967976330055,0.1198940832293848,72.97777985676748,0.1983989564590955,BALANCING
0.516,3.0902431679839206,0.15594713899010704,73.44839403921358,0.19910504951534974,BALANCING
0.518,3.090590987944542,0.1925229951204672,73.91835286958283,0.19983667696201537,BALANCING
0.52,3.091012363858616,0.2295039515259903,74.38782794076688,0.20059048400722068,BALANCING
0.522,3.0915080054638993,0.2667897627155878,74.85696735658328,0.20136357658057497,BALANCING
0.524,3.0920784370857923,0.30429523026863226,75.32589895674379,0.20215345936463208,BALANCING
0.526,3.0927240256443005,0.34194812004637376,75.79473310732868,0.20295798209897306,BALANCING
0.528,3.0934450047773456,0.3796873607445047,76.26356511481524,0.20377529305637038,BALANCING
0.53,3.094241495605417,0.41746148616082657,76.73247731398229,0.2046037987367107,BALANCING
0.532,3.095113524592303,0.45522728856141526,77.20154087331517,0.20544212895113853,BALANCING
0.534,3.096061038895767,0.4929486548724383,77.6708173557267,0.20628910657882665,BALANCING
0.536,3.097083919549259,0.5305955611912739,78.14036006737282,0.2071437213741217,BALANCING
0.538,3.098181992770023,0.5681432043764996,78.6102152229747,0.20800510728449045,BALANCING
0.54,3.0993550396492973,0.6055712523081439,79.08042295227197,0.2088725228113961,BALANCING
0.542,3.1006028044459795,0.6428631968649677,79.55101816894826,0.209745334008414,BALANCING
0.544,3.1019250016753195,0.6800057957944564,80.02203132052328,0.21062299976482207,BALANCING
0.546,3.103321322158429,0.7169885914970118,80.493489035237,0.21150505906966688,BALANCING
0.548,3.104791438176041,0.7538034963461282,80.96541467981149,0.21239111999186633,BALANCING
0.55,3.1063350078505705,0.7904444355537078,81.4378288401204,0.21328085014707895,BALANCING
0.552,3.1079516788637727,0.8269070397924169,81.91074973518747,0.21417396845257708,BALANCING
0.554,3.109641091602744,0.8631883808296059,82.3841935735409,0.2150702379978107,BALANCING
0.556,3.1114028818144406,0.8992867443310836,82.85817485974175,0.21596945988129032,BALANCING
0.558,3.1132366828379867,0.9352014347764064,83.33270665785658,0.21687146788431047,BALANCING
0.56,3.1151421274745985,0.9709326081062982,83.80780081773625,0.21777612386928596,BALANCING
0.562,3.1171188495467974,1.0064811283112343,84.28346816917607,0.21868331380543138,BALANCING
0.5640000000000001,3.1191664851915055,1.0418484446801495,84.75971868834984,0.21959294433748888,BALANCING
0.5660000000000001,3.1212846739254947,1.0770364868700717,85.2365616403196,0.22050493982445082,BALANCING
0.5680000000000001,3.12347305951637,1.1120475753403334,85.71400570091048,0.2214192397849829,BALANCING
0.5700000000000001,3.1257312906876944,1.146884345026667,86.19205906079641,0.2223357966947033,BALANCING
0.5720000000000001,3.128059021682884,1.1815496804178196,86.67072951425803,0.22325457408780566,BALANCING
0.5740000000000001,3.13045591270909,1.216046660446173,87.15002453474087,0.2241755449218716,BALANCING
0.5760000000000001,3.132921630279327,1.250378511819378,87.6299513390539,0.22509869017022194,BALANCING
0.578,3.135455847468527,1.2845485696066485,88.11051694179841,0.22602399761093772,BALANCING
0.58,3.138058244097011,1.318560244054949,88.59172820140098,0.22695146078581752,BALANCING
0.582,3.1407285068529536,1.3524169927501821,89.07359185893718,0.22788107810612612,BALANCING
0.584,3.143466329363754,1.3861222973595722,89.55611457077042,0.22881285208510072,BALANCING
0.586,3.1462714122248276,1.4196796442962005,90.03930293589035,0.22974678867987205,BALANCING
0.588,3.149143462993082,1.4530925087373143,90.52316351871323,0.23068289672779652,BALANCING
0.59,3.1520821961513055,1.4863643415064391,91.00770286800255,0.2316211874642152,BALANCING
0.592,3.1550873330487614,1.5194985583971476,91.49292753247649,0.23256167411040954,BALANCING
0.594,3.158158601822514,1.5524985315749804,91.97884407359092,0.23350437152204215,BALANCING
0.596,3.161295737303328,1.5853675827446947,92.46545907591833,0.2344492958896849,BALANCING
0.598,3.1644984809094026,1.6181089778138251,92.95277915548448,0.2353964644841761,BALANCING
0.6,3.1677665805306976,1.6507259228213826,93.4408109663739,0.23634589544053455,BALANCING
0.602,3.1710997904061857,1.6832215609331926,93.9295612058718,0.2372976075750114,BALANCING
0.604,3.1744978709959994,1.7155989703335992,94.4190366183713,0.23825162023060154,BALANCING
0.606,3.177960588850105,1.7478611628675922,94.90924399824331,0.23920795314697224,BALANCING
0.608,3.1814877164748925,1.7800110833084424,95.40019019183757,0.24016662635132652,BALANCING
0.61,3.185079032198822,1.8120516091440153,95.89188209875887,0.24112766006718964,BALANCING
0.612,3.1887343200380642,1.843985550790561,96.38432667254234,0.24209107463852966,BALANCING
0.614,3.192453369562927,1.8758156521562093,96.87753092083273,0.24305689046697396,BALANCING
0.616,3.1962359757656884,1.9075445914879836,97.3715019051576,0.24402512796019996,BALANCING
0.618,3.2000819389303494,1.9391749824460895,97.86624674037097,0.24499580748983946,BALANCING
0.62,3.2039910645047223,1.9707093753578155,98.361772593832,0.24596894935747435,BALANCING
0.622,3.2079631629751586,2.002150258610713,98.85808668437397,0.24694457376749535,BALANCING
0.624,3.211998049744173,2.0335000601510558,99.35519628110998,0.2479227008057715,BALANCING
0.626,3.2160955450111426,2.0647611490589823,99.85310870211444,0.2489033504232272,BALANCING
0.628,3.2202554736562026,2.095935837176363,100.35183131301359,0.24988654242354952,BALANCING
0.63,3.2244776651274387,2.1270263807674095,100.8513715255123,0.2508722964543635,BALANCING
0.632,3.2287619533314103,2.158034982195426,101.3517367958805,0.25186063200130515,BALANCING
0.634,3.233108176527033,2.188963791602016,101.85293462341804,0.25285156838450706,BALANCING
0.636,3.2375161772228105,2.219814908577497,102.35497254891405,0.2538451247570803,BALANCING
0.638,3.241985802077388,2.250590383813417,102.8578581531134,0.2548413201052407,BALANCING
0.64,3.246516901803386,2.281292220729807,103.361599055201,0.25584017324977537,BALANCING
0.642,3.251109331074457,2.3119223770713533,103.86620291131234,0.2568417028485972,BALANCING
0.644,3.255762948435501,2.3424827664679198,104.37167741307677,0.25784592740016643,BALANCING
0.646,3.260477616215958,2.372975259955959,104.87803028619904,0.25885286524759865,BALANCING
0.648,3.2652532004461072,2.403401687458227,105.38526928908291,0.2598625345833028,BALANCING
0.65,3.2700895707762783,2.433763839220003,105.89340221149985,0.26087495345401923,BALANCING
0.652,3.2749866003988912,2.464063467200626,106.40243687330472,0.2618901397661489,BALANCING
0.654,3.279944165973234,2.4943022864196993,106.91238112320026,0.26290811129128105,BALANCING
0.656,3.2849621475528865,2.5244819762577446,107.42324283755046,0.2639288856718453,BALANCING
0.658,3.290040428515702,2.554604181711445,107.93502991924365,0.2649524804268243,BALANCING
0.66,3.295178895496251,2.5846705146038955,108.44775029660482,0.26597891295747494,BALANCING
0.662,3.3003774383206435,2.6146825547505297,108.96141192235689,0.26700820055301705,BALANCING
0.664,3.3056359499436394,2.644641851081562,109.47602277262992,0.26804036039625545,BALANCING
0.666,3.310954326387958,2.6745499227219343,109.99159084601754,0.2690754095691063,BALANCING
0.668,3.3163324666857124,2.7044082600298713,110.50812416267944,0.27011336505801026,BALANCING
0.67,3.3217702728218734,2.734218325595226,111.02563076348841,0.2711542437592106,BALANCING
0.672,3.327267649679696,2.7639815551988525,111.54411870922108,0.27219806248388917,BALANCING
0.674,3.332824504988024,2.7936993587342926,112.06359607979039,0.2732448379631474,BALANCING
0.676,3.338440749270405,2.8233731210930744,112.58407097351872,0.27429458685282815,BALANCING
0.678,3.344116295795937,2.853004203014929,113.10555150645007,0.2753473257381732,BALANCING
0.68,3.349851060531782,2.8825939419042443,113.62804581169989,0.27640307113831697,BALANCING
0.682,3.3556449620972826,2.912143652614035,114.15156203884082,0.2774618395106121,BALANCING
0.684,3.3614979217196144,2.9416546281987244,114.67610835332333,0.27852364725479367,BALANCING
0.686,3.367409863190911,2.971128140636968,115.2016929359293,0.27958851071697854,BALANCING
0.6880000000000001,3.3733807128268114,3.000565441525762,115.72832398225756,0.28065644619350605,BALANCING
0.6900000000000001,3.379410399426361,3.029967762747012,116.25600970223981,0.281727469934624,BALANCING
0.6920000000000001,3.385498854233225,3.0593363171077192,116.7847583196855,0.2828015981480218,BALANCING
0.6940000000000001,3.3916460108981568,3.088672298954902,117.31457807185458,0.28387884700221694,BALANCING
0.6960000000000001,3.3978518054426647,3.1179768847663354,117.84547720905685,0.5107722855548202,BALANCING
0.6980000000000001,3.4030403835507244,2.0734248709284406,119.83090442453896,0.4883034629536932,BALANCING
0.7000000000000001,3.406263696166482,1.1524428886193068,121.64977339139178,0.4685611143565106,BALANCING
0.7020000000000001,3.4077542984577933,0.34047737795035576,123.3214733995388,0.4512236267408518,BALANCING
0.704,3.4077173568830634,-0.3753105023336361,124.86310944010616,0.4360072820989164,BALANCING
0.706,3.4063338761546773,-1.006246913663519,126.28977135640982,0.42266179239137974,BALANCING
0.708,3.4037635459818927,-1.5623235706497693,127.61477128176408,0.41096636060929503,BALANCING
0.71,3.4001472523936997,-2.0523549733295403,128.84985310081194,0.4007262059522909,BALANCING
0.712,3.3956092931633295,-2.4841171131717394,130.00537723077986,0.39176949843616193,BALANCING
0.714,3.3902593321992476,-2.864469835773166,131.09048363064548,0.3839446546869654,BALANCING
0.716,3.384194123659403,-3.1994647859572667,132.113235603559,0.3771179523633675,BALANCING
0.718,3.377499032921459,-3.4944406340765077,133.08074665558948,0.37117142566373207,BALANCING
0.72,3.3702493783447425,-3.75410708214752,133.99929240721184,0.36600100879826486,BALANCING
0.722,3.362511614939361,-3.9826189718639475,134.8744093187173,0.36151489820904387,BALANCING
0.724,3.354344378569944,-4.183641660755558,135.7109817832142,0.35763210776343946,BALANCING
0.726,3.3457994071266612,-4.360408695341613,136.51331895782118,0.3542811941834185,BALANCING
0.728,3.3369223531599395,-4.515772688898589,137.28522254216125,0.35139913265237466,BALANCING
0.73,3.327753500767271,-4.652250204519056,138.03004657079953,0.3489303249045641,BALANCING
0.732,3.3183283980136573,-4.772061349796425,138.75075016058864,0.3468257241871948,BALANCING
0.734,3.3086784148379897,-4.877164706244591,139.44994404301548,0.34504206332449483,BALANCING
0.736,3.298831235225033,-4.969288143142353,140.12993161383613,0.34354117373565196,BALANCING
0.738,3.288811291388183,-5.049956000724124,140.7927451460032,0.34228938468989295,BALANCING
0.74,3.2786401467956123,-5.120513070501814,141.44017773577363,0.3412569933446872,BALANCING
0.742,3.2683368340673384,-5.182145750098331,142.0738114847381,0.34041779722699583,BALANCING
0.744,3.2579181530605696,-5.235900705507819,142.695042361276,0.33974868180016904,BALANCING
0.746,3.2473989338341416,-5.2827013344716205,143.30510213268556,0.3392292566259867,BALANCING
0.748,3.2367922686301833,-5.3233622900547815,143.9050777131374,0.33884153439609066,BALANCING
0.75,3.2261097165235526,-5.358602292980964,144.49592823193436,0.3385696477816981,BALANCING
0.752,3.215361483959466,-5.389055434353668,145.0785000906836,0.33839959964563654,BALANCING
0.754,3.204556584020296,-5.415281146634672,145.6535402463382,0.3383190426857676,BALANCING
0.756,3.1937029769277685,-5.437772999792874,146.22170792914642,0.33831708504203367,BALANCING
0.758,3.182807693991502,-5.4569664610483075,146.78358497991655,0.33838411880795,BALANCING
0.76,3.1718769469543124,-5.473245740326137,147.33968496927727,0.33851166874781585,BALANCING
0.762,3.1609162244549145,-5.486949829147219,147.89046124244547,0.3386922588388984,BALANCING
0.764,3.1499303771259006,-5.498377827988864,148.43631401610452,0.3389192945383515,BALANCING
0.766,3.1389236926660415,-5.507793645952029,148.97759663907863,0.3391869589220985,BALANCING
0.768,3.127899962068185,-5.5154301466932045,149.51462111532928,0.3394901210612061,BALANCING
0.77,3.1168625380448276,-5.521492805865019,150.04766297619167,0.3398242551938637,BALANCING
0.772,3.1058143865706747,-5.52616293762222,150.57696557852708,0.34018536942096983,BALANCING
0.774,3.094758132353158,-5.529600540968078,151.10274389643305,0.34056994280320174,BALANCING
0.776,3.0836960989463553,-5.531946810733598,151.62518786618344,0.34097486986966147,BALANCING
0.778,3.0726303441394416,-5.533326352704333,152.14446533703952,0.34139741166482324,BALANCING
0.78,3.061562691176437,-5.533849137753678,152.66072467437039,0.34183515256340585,BALANCING
0.782,3.05049475629843,-5.533612225734298,153.17409705605002,0.3422859621735594,BALANCING
0.784,3.0394279730415676,-5.532701286256004,153.68469849827062,0.3427479617288343,BALANCING
0.786,3.0283636136730556,-5.531191940281999,154.19263164265445,0.3432194944400386,BALANCING
0.788,3.017302808102378,-5.5291509436556066,154.6979873327888,0.343699099340408,BALANCING
0.79,3.0062465605652053,-5.526637231182079,155.20084600499644,0.3441854882124865,BALANCING
0.792,2.9951957643424256,-5.5237028376956,155.70127891522847,0.3446775252336135,BALANCING
0.794,2.984151214745785,-5.520393710605738,156.1993492213896,0.3451742090196957,BALANCING
0.796,2.9731136205743858,-5.516750426709802,156.69511293812891,0.34567465678468495,BALANCING
0.798,2.9620836142221894,-5.512808824550975,157.1886197791237,0.346178090366476,BALANCING
0.8,2.9510617605954703,-5.508600562273055,157.67991390011235,0.34668382389931407,BALANCING
0.802,2.940048564980425,-5.504153609750176,158.16903455437057,0.3471912529387092,BALANCING
0.804,2.9290444799846274,-5.499492682735542,158.65601667094793,0.34769984486771605,BALANCING
0.806,2.9180499116614467,-5.494639625860786,159.140891364765,0.3482091304336001,BALANCING
0.808,2.9070652249136892,-5.489613750512629,159.62368638660047,0.3487186962817028,BALANCING
0.81,2.896090748261372,-5.484432132903387,160.10442652005,0.3492281783690088,BALANCING
0.812,2.885126778048555,-5.47910987702548,160.58313393170593,0.3497372561537648,BALANCING
0.8140000000000001,2.874173582155301,-5.4736603466274785,161.0598284800688,0.35024564746970954,BALANCING
0.8160000000000001,2.8632314032730806,-5.468095369861679,161.53452798805404,0.3507531040042518,BALANCING
0.8180000000000001,2.852300461795032,-5.462425419823181,162.00724848338248,0.3512594073094345,BALANCING
0.8200000000000001,2.8413809583664644,-5.456659773821025,162.47800441063984,0.35176436528290894,BALANCING
0.8220000000000001,2.8304730761356183,-5.450806653887236,162.94680881834236,0.3522678090635407,BALANCING
0.8240000000000001,2.819576982739993,-5.444873350734423,163.41367352395469,0.35276959029279187,BALANCING
0.8260000000000001,2.8086928320593976,-5.438866333112054,163.8786092594567,0.3532695786987817,BALANCING
0.8280000000000001,2.797820765763189,-5.4327913442817755,164.34162579975228,0.3537676599650071,BALANCING
0.8300000000000001,2.7869609146759586,-5.426653487129466,164.8027320759408,0.3542637338501803,BALANCING
0.8320000000000001,2.7761133999830285,-5.4204572992528375,165.26193627523583,0.35475771252959803,BALANCING
0.834,2.765278334294646,-5.414206819205716,165.71924592910378,0.3552495191319383,BALANCING
0.836,2.7544558225854985,-5.407905644940894,166.17466799101084,0.35573908644845903,BALANCING
0.838,2.743645963024248,-5.401556985370758,166.6282089050025,0.3562263557942849,BALANCING
0.84,2.73284884770602,-5.395163705856534,167.0798746661964,0.35671127600386254,BALANCING
0.842,2.722064563299292,-5.388728368341485,167.5296708741404,0.3571938025447756,BALANCING
0.844,2.7112931916172403,-5.382253266759089,167.97760277987786,0.3576738967359737,BALANCING
0.846,2.700534810122454,-5.375740458272912,168.4236753274603,0.3581515250581128,BALANCING
0.848,2.6897894923728543,-5.369191790839242,168.86789319056302,0.3586266585451528,BALANCING
0.85,2.679057308415735,-5.362608927525743,169.3102608047798,0.3590992722476401,BALANCING
0.852,2.66833832513604,-5.355993367968296,169.75078239610622,0.3595693447592271,BALANCING
0.854,2.657632606564252,-5.349346467303195,170.1894620060608,0.3600368577989781,BALANCING
0.856,2.646940214148651,-5.342669452872127,170.6263035138401,0.36050179584288905,BALANCING
0.858,2.636261206996133,-5.3359634389623265,171.06131065585706,0.3609641457988215,BALANCING
0.86,2.6255956420852815,-5.3292294398133535,171.49448704297163,0.36142389671973657,BALANCING
0.862,2.6149435744549625,-5.32246838109473,171.92583617568462,0.36188103955071493,BALANCING
0.864,2.6043050573713145,-5.315681110034533,172.35536145753608,0.3623355669057833,BALANCING
0.866,2.5936801424756726,-5.308868404357893,172.78306620691845,0.3627874728710337,BALANCING
0.868,2.5830688799156687,-5.302030980175558,173.20895366749264,0.36323675283093987,BALANCING
0.87,2.572471318461484,-5.295169498946216,173.63302701737055,0.36368340331513516,BALANCING
0.872,2.5618875056089934,-5.288284573621671,174.05528937721027,0.36412742186324265,BALANCING
0.874,2.5513174876713456,-5.28137677407111,174.47574381735168,0.3645688069056298,BALANCING
0.876,2.540761309860327,-5.274446631869388,174.89439336410575,0.36500755765821125,BALANCING
0.878,2.530219016358716,-5.2674946445242,175.311241005297,0.3654436740296452,BALANCING
0.88,2.519690650384676,-5.260521279208261,175.72628969514787,0.36587715653946207,BALANCING
0.882,2.509176254249125,-5.253526976054743,176.1395423585817,0.3663080062458384,BALANCING
0.884,2.498675869406895,-5.246512151067423,176.5510018950135,0.36673622468187833,BALANCING
0.886,2.4881895365024165,-5.239477198690897,176.9606711816886,0.36716181379940144,BALANCING
0.888,2.477717295410564,-5.232422494080873,177.36855307662282,0.3675847759193521,BALANCING
0.89,2.4672591852732206,-5.225348395109867,177.77465042119064,0.3680051136880493,BALANCING
0.892,2.456815244532069,-5.218255244139428,178.17896604240352,0.36842283003859017,BALANCING
0.894,2.4463855109580446,-5.211143369586378,178.58150275491425,0.3688379281567992,BALANCING
0.896,2.435970021677838,-5.204013087307315,178.9822633627804,0.36925041145118775,BALANCING
0.898,2.4255688131977866,-5.196864701822737,179.3812506610145,0.3696602835264503,BALANCING
0.9,2.415181921425465,-5.189698507399683,179.77846743694684,0.37006754816008364,BALANCING
0.902,2.404809381689229,-5.182514789009505,180.1739164714226,0.3704722092817571,BALANCING
0.904,2.394451228755959,-5.175313823175477,180.5676005398529,0.37087427095511266,BALANCING
0.906,2.384107496847205,-5.16809587872317,180.9595224131372,0.3712737373617076,BALANCING
0.908,2.3737782196539134,-5.160861217445033,181.34968485847207,0.37167061278684704,BALANCING
0.91,2.363463430349906,-5.153610094689266,181.73809064005988,0.3720649016070843,BALANCING
0.912,2.3531631616042445,-5.146342759881851,182.12474251972932,0.37245660827919164,BALANCING
0.914,2.3428774455926096,-5.13905945698963,182.50964325747776,0.3728457373304293,BALANCING
0.916,2.332606314007808,-5.131760424931293,182.89279561194533,0.37323229334995894,BALANCING
0.918,2.3223497980695047,-5.124445897942447,183.27420234082828,0.3736162809812671,BALANCING
0.92,2.312107928533262,-5.117116105900099,183.65386620123905,0.37399770491547957,BALANCING
0.922,2.3018807356989672,-5.109771274611333,184.03178995001943,0.37437656988546186,BALANCING
0.924,2.2916682494187164,-5.102411626070373,184.40797634401216,0.3747528806606125,BALANCING
0.926,2.281470499104209,-5.095037378687722,184.782428140296,0.3751266420422688,BALANCING
0.928,2.2712875137337125,-5.087648747494634,185.15514809638884,0.3754978588596512,BALANCING
0.93,2.2611193218586347,-5.080245944325831,185.52613897042215,0.37586653596628467,BALANCING
0.932,2.250965951609756,-5.072829177982968,185.89540352129083,0.3762326782368392,BALANCING
0.934,2.2408274307031473,-5.0653986543811,186.26294450878066,0.3765962905643416,BALANCING
0.936,2.2307037864458117,-5.057954576680137,186.62876469367674,0.37695737785771294,BALANCING
0.9380000000000001,2.2205950457410752,-5.05049714540303,186.99286683785482,0.37731594503959565,BALANCING
0.9400000000000001,2.2105012350937567,-5.043026558542213,187.35525370435732,0.3776719970444338,BALANCING
0.9420000000000001,2.2004223806151306,-5.035543011655673,187.71592805745664,0.3780255388167788,BALANCING
0.9440000000000001,2.190358508027709,-5.028046697953848,188.07489266270653,0.37837657530979213,BALANCING
0.9460000000000001,2.1803096426698585,-5.020537808378396,188.4321502869833,0.37872511148392307,BALANCING
0.9480000000000001,2.170275809500265,-5.013016531673787,188.7877036985183,0.379071152305741,BALANCING
0.9500000000000001,2.160257033102264,-5.005483054452527,189.14155566692207,0.3794147027469029,BALANCING
0.9520000000000001,2.150253337688044,-4.997937561254747,189.493708963202,0.3797557677832408,BALANCING
0.9540000000000001,2.1402647471027363,-4.990380234602798,189.84416635977388,0.38009435239395584,BALANCING
0.9560000000000001,2.1302912848284015,-4.98281125505142,190.19293063046774,0.38043046156090404,BALANCING
0.9580000000000001,2.120332973987917,-4.975230801233976,190.54000455052955,0.38076410026796664,BALANCING
0.96,2.110389837348778,-4.9676390499052046,190.8853908966185,0.3810952735004908,BALANCING
0.962,2.1004618973268143,-4.9600361759808695,191.2290924468009,0.3814239862447964,BALANCING
0.964,2.090549175989832,-4.952422352574659,191.57111198054076,0.38175024348773734,BALANCING
0.966,2.080651695061182,-4.944797751032626,191.911452278688,0.38207405021631485,BALANCING
0.968,2.070769475923264,-4.937162540965453,192.2501161234637,0.38239541141733324,BALANCING
0.97,2.060902539620968,-4.929516890278769,192.58710629844418,0.38271433207709515,BALANCING
0.972,2.0510509068650524,-4.92186096520172,192.9224255885424,0.38303081718113097,BALANCING
0.974,2.0412145980354723,-4.914194930313997,193.25607677998846,0.38334487171395815,BALANCING
0.976,2.0313936331846527,-4.9065189485714615,193.58806266030834,0.3836565006588682,BALANCING
0.978,2.0215880320407114,-4.898833181330542,193.91838601830185,0.38396570899773563,BALANCING
0.98,2.0117978140106336,-4.8911377883714895,194.24704964401934,0.38427250171084953,BALANCING
0.982,2.0020229981834046,-4.883432927920642,194.57405632873773,0.38457688377676147,BALANCING
0.984,1.9922636033330932,-4.875718756671777,194.89940886493565,0.3848788601721516,BALANCING
0.986,1.9825196479218978,-4.867995429806644,195.22311004626835,0.38517843587170725,BALANCING
0.988,1.9727911501031503,-4.860263101014756,195.54516266754163,0.3854756158480155,BALANCING
0.99,1.9630781277242821,-4.852521922512509,195.86556952468578,0.38577040507146576,BALANCING
0.992,1.9533805983297508,-4.844772045061686,196.18433341472897,0.3860628085101633,BALANCING
0.994,1.9436985791639316,-4.837013617987409,196.50145713577027,0.38635283112985014,BALANCING
0.996,1.9340320871739742,-4.829246789195575,196.81694348695282,0.38664047789383493,BALANCING
0.998,1.9243811390126229,-4.821471705189834,197.13079526843654,0.38692575376292876,BALANCING
1.0,1.9147457510410058,-4.813688511088123,197.44301528137075,0.38720866369538665,BALANCING
1.002,1.9051259393313882,-4.805897350638811,197.75360632786692,0.38748921264685543,BALANCING
1.004,1.8955217196698988,-4.798098366236486,198.06257121097116,0.3877674055703253,BALANCING
1.006,1.8859331075592187,-4.790291698937379,198.3699127346368,0.3880432474160858,BALANCING
1.008,1.8763601182212455,-4.782477488474493,198.67563370369706,0.3883167431316855,BALANCING
1.01,1.8668027665997229,-4.774655873272417,198.97973692383758,0.38858789766189483,BALANCING
1.012,1.8572610673628447,-4.766826990461881,199.28222520156913,0.38885671594867166,BALANCING
1.014,1.847735034905827,-4.758990975894033,199.5831013442005,0.38912320293112945,BALANCING
1.016,1.8382246833534543,-4.751147964154472,199.88236815981122,0.389387363545508,BALANCING
1.018,1.8287300265625956,-4.743298088577061,200.18002845722472,0.38964920272514525,BALANCING
1.02,1.8192510781246949,-4.7354414812574985,200.47608504598125,0.38990872540045174,BALANCING
1.022,1.8097878513682346,-4.7275782730666975,200.77054073631126,0.3901659364988861,BALANCING
1.024,1.800340359361171,-4.719708593663948,201.0633983391087,0.3904208409449319,BALANCING
1.026,1.7909086149133453,-4.7118325715098965,201.35466066590453,0.39067344366007634,BALANCING
1.028,1.7814926305788676,-4.703950333879333,201.6443305288405,0.39092374956278897,BALANCING
1.03,1.772092418658476,-4.696062006873812,201.93241074064287,0.3911717635685021,BALANCING
1.032,1.7627079912018715,-4.6881677154340835,202.21890411459637,0.39141749058959197,BALANCING
1.034,1.7533393600100255,-4.680267583352375,202.50381346451852,0.3916609355353604,BALANCING
1.036,1.743986536637467,-4.672361733284504,202.78714160473382,0.3919021033120174,BALANCING
1.038,1.7346495323945414,-4.664450286761832,203.06889135004826,0.39214099882266396,BALANCING
1.04,1.7253283583496488,-4.656533364203076,203.34906551572405,0.3923776269672763,BALANCING
1.042,1.7160230253314572,-4.6486110849259665,203.62766691745443,0.3926119926426889,BALANCING
1.044,1.7067335439310933,-4.64068356715876,203.9046983713386,0.3928441007425803,BALANCING
1.046,1.6974599245043092,-4.632750928051616,204.18016269385717,0.39307395615745666,BALANCING
1.048,1.6882021771736284,-4.624813283687829,204.45406270184725,0.39330156377463776,BALANCING
1.05,1.6789603118304681,-4.616870749094939,204.72640121247812,0.39352692847824255,BALANCING
1.052,1.669734338137239,-4.608923438255694,204.997181043227,0.39375005514917455,BALANCING
1.054,1.660524265529425,-4.600971464118896,205.26640501185483,0.3939709486651082,BALANCING
1.056,1.6513301032176402,-4.593014938610116,205.53407593638252,0.3941896139004747,BALANCING
1.058,1.6421518601896636,-4.585053972642281,205.80019663506707,0.3944060557264491,BALANCING
1.06,1.6329895452124563,-4.577088676126146,206.064769926378,0.39462027901093655,BALANCING
1.062,1.623843166834153,-4.56911915798064,206.32779862897405,0.3948322886185591,BALANCING
1.064,1.6147127333860367,-4.561145526143097,206.58928556167993,0.39504208941064295,BALANCING
1.066,1.6055982529844914,-4.553167887579363,206.8492335434631,0.3952496862452051,BALANCING
1.068,1.5964997335329356,-4.545186348293803,207.10764539341125,0.3954550839769411,BALANCING
1.07,1.5874171827237347,-4.537201013339178,207.36452393070917,0.3956582874572122,BALANCING
1.072,1.5783506080400942,-4.5292119868264225,207.61987197461661,0.3958593015340327,BALANCING
1.074,1.5693000167579354,-4.521219371934307,207.87369234444566,0.3960581310520577,BALANCING
1.076,1.5602654159477476,-4.513223270918992,208.12598785953855,0.3962547808525707,BALANCING
1.078,1.551246812476426,-4.505223785123477,208.3767613392458,0.39644925577347156,BALANCING
1.08,1.5422442130090876,-4.497221014986946,208.62601560290415,0.3966415606492639,BALANCING
1.082,1.53325762401087,-4.489215060053994,208.87375346981494,0.3968317003110437,BALANCING
1.084,1.5242870517487113,-4.481206018983782,209.11997775922262,0.39701967958648643,BALANCING
1.086,1.5153325022931117,-4.47319398955905,209.36469129029325,0.3972055032998361,BALANCING
1.088,1.5063939815198777,-4.465179068695063,209.60789688209337,0.39738917627189274,BALANCING
1.09,1.4974714951118482,-4.457161352448441,209.84959735356892,0.39757070332000083,BALANCING
1.092,1.4885650485606028,-4.449140936025897,210.08979552352423,0.39775008925803773,BALANCING
1.094,1.4796746471681537,-4.441117913792873,210.32849421060143,0.3979273388964017,BALANCING
1.096,1.4708002960486182,-4.4330923792820895,210.56569623325976,0.39810245704200065,BALANCING
1.098,1.4619420001298775,-4.425064425201989,210.80140440975504,0.3982754484982403,BALANCING
1.1,1.4530997641552157,-4.417034143445098,211.03562155811954,0.39844631806501307,BALANCING
1.102,1.4442735926849433,-4.409001625096284,211.26835049614178,0.39861507053868617,BALANCING
1.104,1.4354634900980054,-4.400966960440935,211.4995940413465,0.3987817107120906,BALANCING
1.106,1.4266694605935712,-4.392930238973039,211.7293550109749,0.39894624337450996,BALANCING
1.108,1.4178915081926102,-4.384891549403176,211.95763622196472,0.39910867331166866,BALANCING
1.11,1.4091296367394497,-4.376850979666427,212.18444049093094,0.39926900530572124,BALANCING
1.112,1.400383849903319,-4.368808616930191,212.40977063414624,0.39942724413524083,BALANCING
1.114,1.3916541511798768,-4.3607645476019155,212.63362946752184,0.39958339457520825,BALANCING
1.116,1.382940543892723,-4.352718857336748,212.85601980658817,0.39973746139700095,BALANCING
1.118,1.3742430311948965,-4.3446716310450935,213.07694446647602,0.3998894493683819,BALANCING
1.12,1.3655616160703565,-4.336622952900103,213.29640626189774,0.40003936325348866,BALANCING
1.122,1.35689630133545,-4.328572906345062,213.51440800712848,0.40018720781282235,BALANCING
1.124,1.348247089640364,-4.320521574100715,213.73095251598747,0.40033298780323723,BALANCING
1.1260000000000001,1.3396139834705634,-4.3124690381724955,213.94604260181984,0.4004767079779291,BALANCING
1.1280000000000001,1.3309969851482146,-4.304415379857687,214.15968107747813,0.4006183730864254,BALANCING
1.1300000000000001,1.3223960968335946,-4.296360679752501,214.3718707553042,0.40075798787457384,BALANCING
1.1320000000000001,1.3138113205264859,-4.288305017759077,214.58261444711113,0.40089555708453195,BALANCING
1.1340000000000001,1.3052426580675582,-4.280248473092404,214.7919149641654,0.40103108545475635,BALANCING
1.1360000000000001,1.2966901111397358,-4.272191124287171,214.99977511716895,0.4011645777199923,BALANCING
1.1380000000000001,1.2881536812695509,-4.264133049204542,215.20619771624177,0.40129603861126306,BALANCING
1.1400000000000001,1.2796333698284843,-4.256074325038847,215.41118557090422,0.40142547285585944,BALANCING
1.1420000000000001,1.2711291780342926,-4.2480150283242155,215.61474149005952,0.4015528851773294,BALANCING
1.1440000000000001,1.2626411069523218,-4.2399552349411245,215.8168682819767,0.4016782802954672,BALANCING
1.1460000000000001,1.2541691574968081,-4.231895020122879,216.0175687542734,0.40180166292630376,BALANCING
1.1480000000000001,1.245713330432166,-4.223834458462025,216.21684571389872,0.4019230377820958,BALANCING
1.1500000000000001,1.2372736263742632,-4.215773623916684,216.41470196711649,0.40204240957131565,BALANCING
1.1520000000000001,1.2288500457916838,-4.207712589816829,216.61114031948821,0.40215978299864125,BALANCING
1.154,1.2204425890069777,-4.199651428870481,216.80616357585677,0.40227516276494557,BALANCING
1.156,1.2120512561978984,-4.191590213169845,216.9997745403296,0.4023885535672869,BALANCING
1.158,1.2036760473986292,-4.183529014197377,217.19197601626234,0.40249996009889843,BALANCING
1.16,1.1953169625009963,-4.175467902831782,217.38277080624255,0.4026093870491783,BALANCING
1.162,1.1869740012556695,-4.167406949353951,217.57216171207347,0.40271683910367967,BALANCING
1.164,1.1786471632733542,-4.159346223452829,217.76015153475797,0.40282232094410036,BALANCING
1.166,1.170336448025967,-4.151285794231223,217.94674307448253,0.4029258372482735,BALANCING
1.168,1.1620418548478035,-4.143225730211538,218.1319391306015,0.4030273926901573,BALANCING
1.17,1.1537633829366938,-4.135166099341465,218.31574250162123,0.40312699193982526,BALANCING
1.172,1.1455010313551448,-4.127106968999589,218.49815598518444,0.40322463966345634,BALANCING
1.174,1.137254799031475,-4.119048406000953,218.67918237805483,0.4033203405233254,BALANCING
1.176,1.1290246847609338,-4.110990476602549,218.8588244761015,0.403414099177793,BALANCING
1.178,1.120810687206814,-4.1029332465087505,219.03708507428377,0.40350592028129645,BALANCING
1.18,1.1126128049015505,-4.094876780876698,219.21396696663587,0.40359580848433957,BALANCING
1.182,1.1044310362478098,-4.086821144321603,219.38947294625194,0.40368376843348336,BALANCING
1.184,1.0962653795195691,-4.07876640092202,219.56360580527095,0.4037698047713365,BALANCING
1.186,1.0881158328631837,-4.070712614225039,219.73636833486194,0.4038539221365458,BALANCING
1.188,1.0799823942984448,-4.062659847251436,219.9077633252091,0.40393612516378663,BALANCING
1.19,1.071865061719628,-4.054608162500759,220.07779356549713,0.40401641848375375,BALANCING
1.192,1.0637638328965289,-4.046557621956362,220.24646184389678,0.4040948067231515,BALANCING
1.194,1.0556787054754926,-4.0385082870903855,220.4137709475502,0.4041712945046852,BALANCING
1.196,1.0476096769804302,-4.03046021886868,220.5797236625566,0.4042458864470511,BALANCING
1.198,1.0395567448138259,-4.022413477755676,220.74432277395815,0.40431858716492763,BALANCING
1.2,1.0315199062577358,-4.014368123719202,220.90757106572548,0.404389401268966,BALANCING
1.202,1.0234991584747768,-4.006324216235251,221.0694713207439,0.40445833336578096,BALANCING
1.204,1.015494498509104,-3.998281814292692,221.23002632079928,0.4045253880579419,BALANCING
1.206,1.0075059232873818,-3.9902409763979323,221.3892388465641,0.40459056994396386,BALANCING
1.208,0.9995334296197439,-3.9822017605795335,221.54711167758379,0.404653883618298,BALANCING
1.21,0.9915770142007435,-3.974164224392765,221.70364759226294,0.40471533367132306,BALANCING
1.212,0.9836366736102963,-3.966128424924123,221.85884936785172,0.40477492468933624,BALANCING
1.214,0.9757124043146135,-3.958094418795787,222.01271978043235,0.40483266125454437,BALANCING
1.216,0.9678042026671254,-3.950062262170039,222.16526160490568,0.40488854794505497,BALANCING
1.218,0.9599120649093978,-3.9420320107536266,222.3164776149779,0.4049425893348674,BALANCING
1.22,0.9520359871720381,-3.934003719802082,222.4663705831473,0.40499478999386407,BALANCING
1.222,0.944175965475593,-3.925977444123996,222.61494328069097,0.4050451544878019,BALANCING
1.224,0.9363319957314395,-3.917953238085241,222.76219847765196,0.4050936873783034,BALANCING
1.226,0.9285040737426651,-3.909931155613151,222.90813894282616,0.4051403932228481,BALANCING
1.228,0.9206921952049407,-3.901911250200657,223.05276744374945,0.40518527657476383,BALANCING
1.23,0.9128963557073859,-3.8938935749103774,223.19608674668487,0.4052283419832182,BALANCING
1.232,0.9051165507334257,-3.885878182378659,223.33809961661004,0.4052695939932103,BALANCING
1.234,0.897352775661638,-3.877865124819581,223.47880881720434,0.40530903714556155,BALANCING
1.236,0.8896050257665951,-3.869854454028914,223.6182171108365,0.4053466759769082,BALANCING
1.238,0.8818732962196962,-3.8618462213880336,223.7563272585521,0.40538251501969214,BALANCING
1.24,0.8741575820899924,-3.8538404778677924,223.89314202006113,0.40541655880215266,BALANCING
1.242,0.8664578783450035,-3.845837274032352,224.02866415372594,0.4054488118483183,BALANCING
1.244,0.858774179851528,-3.8378366600429703,224.16289641654868,0.4054792786779986,BALANCING
1.246,0.851106481376445,-3.829838685661751,224.29584156415942,0.40550796380677573,BALANCING
1.248,0.8434547775875089,-3.8218434002553523,224.42750235080402,0.4055348717459962,BALANCING
1.25,0.8358190630541363,-3.8138508527986525,224.55788152933215,0.40556000700276273,BALANCING
1.252,0.8281993322481865,-3.8058610918783797,224.6869818511855,0.40558337407992634,BALANCING
1.254,0.8205955795447339,-3.797874165696698,224.81480606638576,0.40560497747607793,BALANCING
1.256,0.8130077992228332,-3.78989012207476,224.9413569235232,0.40562482168554026,BALANCING
1.258,0.8054359854662785,-3.7819090084562155,225.06663716974467,0.4056429111983606,BALANCING
1.26,0.7978801323643547,-3.7739308719106908,225.19064955074234,0.4056592505003015,BALANCING
1.262,0.790340233912582,-3.7659557591372184,225.31339681074192,0.405673844072834,BALANCING
1.264,0.7828162840134536,-3.7579837164676406,225.43488169249153,0.40568669639312915,BALANCING
1.266,0.7753082764771669,-3.750014789869968,225.5551069372501,0.40569781193405047,BALANCING
1.268,0.7678162050223477,-3.7420490249517093,225.67407528477617,0.4057071951641459,BALANCING
1.27,0.7603400632767682,-3.734086466963161,225.79178947331684,0.40571485054763995,BALANCING
1.272,0.7528798447780576,-3.7261271608006608,225.90825223959638,0.4057207825444265,BALANCING
1.274,0.7454355429744075,-3.718171151009809,226.02346631880545,0.4057249956100604,BALANCING
1.276,0.7380071512252697,-3.7102184817886528,226.1374344445899,0.4057274941957503,BALANCING
1.278,0.7305946628020482,-3.7022691969908377,226.25015934904005,0.40572828274835093,BALANCING
1.28,0.7231980708887851,-3.694323340128723,226.36164376267962,0.4057273657103553,BALANCING
1.282,0.7158173685828401,-3.6863809543764696,226.47189041445526,0.40572474751988746,BALANCING
1.284,0.7084525488955633,-3.678442082573085,226.5809020317256,0.405720432610695,BALANCING
1.286,0.7011036047529633,-3.670506767225444,226.6886813402508,0.4057144254121413,BALANCING
1.288,0.6937705289963679,-3.662575050511275,226.79523106418188,0.4057067303491984,BALANCING
1.29,0.6864533143830799,-3.6546469742821093,226.9005539260503,0.4056973518424393,BALANCING
1.292,0.6791519535870258,-3.6467225800662058,227.0046526467575,0.40568629430803127,BALANCING
1.294,0.6718664391994005,-3.6388019090714394,227.1075299455646,0.4056735621577276,BALANCING
1.296,0.6645967637293043,-3.630885002188161,227.2091885400821,0.4056591597988611,BALANCING
1.298,0.6573429196043756,-3.622971899992027,227.30963114625962,0.40564309163433654,BALANCING
1.3,0.6501048991714176,-3.6150626427467936,227.40886047837577,0.4056253620626237,BALANCING
1.302,0.6428826946970186,-3.6071572704070904,227.5068792490282,0.40560597547774974,BALANCING
1.304,0.6356762983681686,-3.5992558226211537,227.60369016912333,0.4055849362692927,BALANCING
1.306,0.6284857022928684,-3.59135833873354,227.6992959478666,0.40556224882237407,BALANCING
1.308,0.6213108985007348,-3.583464857787804,227.79369929275256,0.4055379175176517,BALANCING
1.31,0.6141518789436001,-3.57557541852915,227.88690290955492,0.4055119467313131,BALANCING
1.312,0.6070086354961055,-3.5676900594070573,227.97890950231687,0.405484340835068,BALANCING
1.314,0.5998811599562905,-3.559808818577873,228.06972177334146,0.4054551041961422,BALANCING
1.316,0.5927694440461767,-3.5519317339073813,228.1593424231818,0.4054242411772699,BALANCING
1.318,0.5856734794123458,-3.544058842973343,228.24777415063167,0.4053917561366871,BALANCING
1.32,0.578593257626514,-3.536190183068008,228.3350196527158,0.4053576534281252,BALANCING
1.322,0.5715287701860995,-3.528325791200603,228.42108162468068,0.4053219374008037,BALANCING
1.324,0.5644800085147869,-3.52046570409979,228.5059627599849,0.4052846123994237,BALANCING
1.326,0.5574469639630855,-3.512609958216101,228.58966575029,0.4052456827641612,BALANCING
1.328,0.5504296278088832,-3.5047585897243443,228.67219328545116,0.40520515283066055,BALANCING
1.33,0.543427991257996,-3.4969116345259876,228.75354805350793,0.4051630269300275,BALANCING
1.332,0.5364420454447114,-3.4890691282515145,228.83373274067517,0.40511930938882296,BALANCING
1.334,0.5294717814323292,-3.4812311062627557,228.91275003133396,0.4050740045290563,BALANCING
1.336,0.5225171902136956,-3.473397603655197,228.99060260802244,0.4050271166681788,BALANCING
1.338,0.5155782627117336,-3.4655686552602596,229.06729315142698,0.4049786501190776,BALANCING
1.34,0.5086549897799697,-3.457744295647561,229.1428243403732,0.40492860919006834,BALANCING
1.342,0.5017473622030545,-3.449924559127147,229.21719885181707,0.4048769981848899,BALANCING
1.344,0.49485537069728,-3.442109479751703,229.29041936083618,0.4048238214026971,BALANCING
1.346,0.48797900591109183,-3.434299091318743,229.362488540621,0.40476908313805504,BALANCING
1.348,0.4811182584255977,-3.4264934273727685,229.43340906246613,0.40471278768093244,BALANCING
1.35,0.47427311875507133,-3.4186925212074146,229.50318359576164,0.40465493931669544,BALANCING
1.352,0.46744357734745184,-3.4108964058675664,229.57181480798457,0.4045955423261016,BALANCING
1.354,0.4606296245848393,-3.4031051141514546,229.63930536469047,0.4045346009852935,BALANCING
1.356,0.4538312507839857,-3.3953186786127305,229.70565792950464,0.4044721195657925,BALANCING
1.358,0.44704844619678263,-3.3875371315625156,229.77087516411402,0.40440810233449304,BALANCING
1.36,0.44028120101074375,-3.3797605050714346,229.83495972825875,0.40434255355365645,BALANCING
1.362,0.43352950534948403,-3.3719888309716226,229.89791427972372,0.40427547748090453,BALANCING
1.364,0.4267933492731948,-3.364222140858714,229.9597414743305,0.40420687836921404,BALANCING
1.366,0.4200727227791145,-3.356460466093807,230.02044396592902,0.40413676046691055,BALANCING
1.368,0.4133676158019961,-3.3487038378054117,230.0800244063894,0.4040651280176624,BALANCING
1.37,0.4066780182145703,-3.340952286891375,230.13848544559397,0.40399198526047525,BALANCING
1.372,0.40000391982800476,-3.3332058440207857,230.19582973142914,0.4039173364296855,BALANCING
1.374,0.3933453103923599,-3.3254645396358598,230.2520599097774,0.40384118575495537,BALANCING
1.3760000000000001,0.38670217959704095,-3.3177284039538066,230.30717862450933,0.40376353746126625,BALANCING
1.3780000000000001,0.3800745170712457,-3.3099974669686727,230.36118851747588,0.40368439576891346,BALANCING
1.3800000000000001,0.37346231238440925,-3.3022717584531693,230.41409222850035,0.4036037648935008,BALANCING
1.3820000000000001,0.3668655550466449,-3.2945513079604813,230.46589239537064,0.4035216490459341,BALANCING
1.3840000000000001,0.3602842345091814,-3.2868361448260544,230.51659165383154,0.40343805243241626,BALANCING
1.3860000000000001,0.3537183401647965,-3.2791262981693627,230.566192637577,0.4033529792544414,BALANCING
1.3880000000000001,0.34716786134824734,-3.2714217968956634,230.6146979782425,0.40326643370878923,BALANCING
1.3900000000000001,0.3406327873366972,-3.263722669697728,230.66211030539748,0.4031784199875197,BALANCING
1.3920000000000001,0.3341131073501384,-3.2560289450575555,230.70843224653768,0.4030889422779672,BALANCING
1.3940000000000001,0.32760881055181246,-3.248340651248072,230.75366642707777,0.4029980047627358,BALANCING
1.3960000000000001,0.3211198860486266,-3.2406578163348088,230.79781547034386,0.40290561161969274,BALANCING
1.3980000000000001,0.31464632289156674,-3.232980468177562,230.84088199756604,0.4028117670219642,BALANCING
1.4000000000000001,0.30818811007610725,-3.2253086344320403,230.88286862787106,0.40271647513792896,BALANCING
1.4020000000000001,0.3017452365426176,-3.2176423425514886,230.92377797827498,0.4026197401312139,BALANCING
1.4040000000000001,0.29531769117676576,-3.209981619788302,230.96361266367603,0.402521566160688,BALANCING
1.4060000000000001,0.2889054628099182,-3.2023264931956157,231.0023752968472,0.4024219573804577,BALANCING
1.408,0.2825085402195369,-3.194676989628883,231.0400684884292,0.40232091793986136,BALANCING
1.41,0.2761269121295731,-3.1870331357474386,231.07669484692332,0.40221845198346395,BALANCING
1.412,0.2697605672108579,-3.179394958016038,231.1122569786843,0.4021145636510524,BALANCING
1.414,0.2634094940814901,-3.1717624827063893,231.1467574879133,0.40200925707763,BALANCING
1.416,0.25707368130722075,-3.1641357358986655,231.18019897665098,0.40190253639341167,BALANCING
1.418,0.2507531174018345,-3.156514743482999,231.2125840447704,0.4017944057238186,BALANCING
1.42,0.2444477908275284,-3.1488995311609673,231.24391528997032,0.40168486918947344,BALANCING
1.422,0.23815768999528766,-3.1412901244470532,231.27419530776814,0.4015739309061954,BALANCING
1.424,0.23188280326525806,-3.1336865486701013,231.3034266914932,0.4014615949849952,BALANCING
1.426,0.225623118947116,-3.1260888289747504,231.33161203228005,0.40134786553207014,BALANCING
1.428,0.21937862530043556,-3.1184969903228557,231.35875391906157,0.4012327466487994,BALANCING
1.43,0.2131493105350524,-3.110911057494896,231.3848549385624,0.4011162424317388,BALANCING
1.432,0.20693516281142543,-3.103331055091365,231.4099176752923,0.4009983569726165,BALANCING
1.434,0.20073617024099522,-3.0957570075341474,231.43394471153945,0.40087909435832797,BALANCING
1.436,0.19455232088653981,-3.0881889390678863,231.45693862736405,0.40075845867093124,BALANCING
1.438,0.18838360276252805,-3.080626873761328,231.47890200059157,0.40063645398764236,BALANCING
1.44,0.18223000383546986,-3.0730708355086622,231.4998374068066,0.40051308438083055,BALANCING
1.442,0.17609151202426415,-3.065520848030841,231.51974741934603,0.40038835391801364,BALANCING
1.444,0.1699681152005439,-3.057976934876889,231.53863460929307,0.4002622666618535,BALANCING
1.446,0.16385980118901874,-3.0504391194251954,231.55650154547052,0.4001348266701515,BALANCING
1.448,0.157766557767815,-3.042907424884801,231.57335079443476,0.4000060379958437,BALANCING
1.45,0.1516883726688132,-3.035381874296662,231.58918492046922,0.39987590468699696,BALANCING
1.452,0.14562523357798263,-3.027862490534909,231.6040064855784,0.3997444307868038,BALANCING
1.454,0.13957712813571418,-3.0203492963080874,231.61781804948146,0.3996116203335782,BALANCING
1.456,0.13354404393715005,-3.01284231416039,231.63062216960626,0.3994774773607515,BALANCING
1.458,0.12752596853251127,-3.0053415664728744,231.6424214010831,0.39934200589686764,BALANCING
1.46,0.12152288942742279,-2.9978470754646662,231.6532182967388,0.399205209965579,BALANCING
1.462,0.11553479408323612,-2.990358863194155,231.66301540709046,0.39906709358564196,BALANCING
1.464,0.1095616699173497,-2.9828769515601734,231.67181528033973,0.3989276607709131,BALANCING
1.466,0.10360350430352676,-2.9754013623031685,231.6796204623666,0.39878691553034407,BALANCING
1.468,0.09766028457221095,-2.9679321170063564,231.68643349672362,0.39864486186797826,BALANCING
1.47,0.0917319980108397,-2.9604692370968695,231.69225692463007,0.39850150378294624,BALANCING
1.472,0.08581863186415525,-2.9530127438468896,231.697093284966,0.3983568452694616,BALANCING
1.474,0.07992017333451337,-2.945562658374771,231.70094511426652,0.398210890316817,BALANCING
1.476,0.07403660958218995,-2.9381190016461507,231.703814946716,0.3980636429093799,BALANCING
1.478,0.06816792772568538,-2.9306817944750505,231.70570531414228,0.3979151070265887,BALANCING
1.48,0.06231411484202656,-2.923251057524964,231.70661874601115,0.3977652866429486,BALANCING
1.482,0.05647515796706705,-2.9158268113099353,231.70655776942053,0.3976141857280277,BALANCING
1.484,0.05065104409578477,-2.908409076195626,231.70552490909492,0.39746180824645305,BALANCING
1.486,0.04484176018257776,-2.900997872400371,231.7035226873799,0.39730815815790654,BALANCING
1.488,0.039047293141557804,-2.893593219996226,231.70055362423648,0.39715323941712155,BALANCING
1.49,0.03326762984684192,-2.886195138910002,231.69662023723555,0.3969970559738783,BALANCING
1.492,0.027502757132841865,-2.878803648924289,231.6917250415526,0.39683961177300076,BALANCING
1.494,0.021752661794551507,-2.8714187696784728,231.6858705499621,0.3966809107543525,BALANCING
1.496,0.01601733058783229,-2.864040520669739,231.6790592728322,0.39652095685283306,BALANCING
1.498,0.010296750229696608,-2.856668921254068,231.67129371811944,0.396359753998374,BALANCING
1.5,0.004590907398589233,-2.849303990647218,231.6625763913632,0.3961973061159355,BALANCING
1.502,-0.0011002112653331975,-2.841945747925702,231.65290979568059,0.3960336171255026,BALANCING
1.504,-0.006776619159924672,-2.8345942120277527,231.6422964317611,0.39586869094208155,BALANCING
1.506,-0.012438329720774188,-2.8272494017542775,231.6307387978615,0.395702531475696,BALANCING
1.508,-0.018085356420932053,-2.8199113357698042,231.61823938980058,0.3955351426313841,BALANCING
1.51,-0.02371771277063806,-2.8125800326034205,231.6048007009539,0.39536652830919394,BALANCING
1.512,-0.029335412317051522,-2.8052555106496984,231.59042522224874,0.395196692404181,BALANCING
1.514,-0.03493846864398317,-2.797937788169615,231.5751154421592,0.3950256388064042,BALANCING
1.516,-0.04052689537162889,-2.79062688329146,231.55887384670083,0.3948533714009224,BALANCING
1.518,-0.04610070615630518,-2.7833228140117376,231.54170291942586,0.39467989406779125,BALANCING
1.52,-0.05165991469018657,-2.7760255981960578,231.52360514141802,0.39450521068205985,BALANCING
1.522,-0.057204534701044606,-2.7687352535800187,231.50458299128778,0.39432932511376684,BALANCING
1.524,-0.0627345799519888,-2.761451797770081,231.48463894516735,0.39415224122793774,BALANCING
1.526,-0.06825006424120915,-2.754175248244434,231.46377547670573,0.39397396288458136,BALANCING
1.528,-0.07375100140172047,-2.7469056223538515,231.44199505706393,0.39379449393868665,BALANCING
1.53,-0.07923740530110845,-2.739642937322542,231.41930015491016,0.39361383824021917,BALANCING
1.532,-0.08470928984127728,-2.732387210248988,231.39569323641504,0.39343199963411835,BALANCING
1.534,-0.0901666689581991,-2.7251384581067803,231.37117676524673,0.3932489819602939,BALANCING
1.536,-0.09560955662166501,-2.717896697745438,231.34575320256644,0.39306478905362285,BALANCING
1.538,-0.10103796683503775,-2.7106619458912298,231.31942500702357,0.3928794247439467,BALANCING
1.54,-0.10645191363500603,-2.7034342191479777,231.29219463475098,0.39269289285606795,BALANCING
1.542,-0.11185141109134036,-2.6962135339978612,231.26406453936056,0.39250519720974697,BALANCING
1.544,-0.11723647330665063,-2.6889999068022066,231.23503717193856,0.3923163416196996,BALANCING
1.546,-0.12260711441614519,-2.6817933538022753,231.20511498104096,0.3921263298955935,BALANCING
1.548,-0.12796334858739142,-2.674593891120038,231.17430041268898,0.3919351658420456,BALANCING
1.55,-0.133305190020078,-2.6674015347589477,231.14259591036463,0.39174285325861874,BALANCING
1.552,-0.13863265294577864,-2.660216300604699,231.1100039150062,0.3915493959398196,BALANCING
1.554,-0.1439457516277172,-2.653038204425987,231.07652686500376,0.3913547976750948,BALANCING
1.556,-0.14924450036053455,-2.6458672618752512,231.0421671961948,0.3911590622488288,BALANCING
1.558,-0.1545289134700568,-2.6387034884894205,231.00692734185992,0.39096219344034067,BALANCING
1.56,-0.15979900531306493,-2.631546899690642,230.9708097327184,0.39076419502388166,BALANCING
1.562,-0.16505479027706604,-2.624397510787013,230.93381679692385,0.3905650707686321,BALANCING
1.564,-0.17029628278006595,-2.6172553369732965,230.89595096006002,0.39036482443869897,BALANCING
1.566,-0.17552349727034317,-2.610120393331636,230.85721464513645,0.39016345979311307,BALANCING
1.568,-0.1807364482262244,-2.602992694832263,230.8176102725843,0.38996098058582634,BALANCING
1.57,-0.1859351501558615,-2.595872256334192,230.77714026025214,0.3897573905657092,BALANCING
1.572,-0.19111961759700968,-2.5887590925859185,230.73580702340178,0.38955269347654803,BALANCING
1.574,-0.19628986511680702,-2.5816532182261014,230.69361297470405,0.3893468930570426,BALANCING
1.576,-0.2014459073115557,-2.574554647784246,230.65056052423492,0.38913999304080343,BALANCING
1.578,-0.20658775880650423,-2.567463395681373,230.60665207947105,0.38893199715634935,BALANCING
1.58,-0.2117154342556312,-2.56037947623069,230.56189004528605,0.388722909127105,BALANCING
1.582,-0.2168289483414302,-2.55330290363825,230.5162768239464,0.3885127326713982,BALANCING
1.584,-0.2219283157746964,-2.5462336920036055,230.46981481510733,0.3883014715024578,BALANCING
1.586,-0.22701355129431394,-2.5391718553204576,230.4225064158089,0.3880891293284112,BALANCING
1.588,-0.23208466966704502,-2.532117407477299,230.37435402047217,0.3878757098522817,BALANCING
1.59,-0.23714168568732005,-2.525070362258049,230.3253600208951,0.38766121677198656,BALANCING
1.592,-0.2421846141770292,-2.5180307333426857,230.27552680624888,0.3874456537803343,BALANCING
1.594,-0.24721346998531504,-2.5109985343078676,230.22485676307386,0.38722902456502284,BALANCING
1.596,-0.25222826798836673,-2.5039737786275564,230.17335227527596,0.3870113328086367,BALANCING
1.598,-0.2572290230892149,-2.4969564796736257,230.12101572412257,0.3867925821886451,BALANCING
1.6,-0.26221575021752846,-2.489946650716471,230.06784948823912,0.3865727763774,BALANCING
1.602,-0.26718846432941185,-2.482944304925612,230.013855943605,0.3863519190421333,BALANCING
1.604,-0.27214718040720415,-2.4759494553702863,229.95903746355012,0.38613001384495504,BALANCING
1.606,-0.2770919134592792,-2.468962115020042,229.90339641875107,0.3859070644428514,BALANCING
1.608,-0.2820226785198465,-2.46198229674532,229.84693517722746,0.38568307448768235,BALANCING
1.61,-0.28693949064875374,-2.455010013318041,229.78965610433838,0.3854580476261797,BALANCING
1.612,-0.29184236493129034,-2.44804527741217,229.73156156277867,0.3852319874999449,BALANCING
1.614,-0.2967313164779921,-2.441088101604295,229.67265391257544,0.3850048977454476,BALANCING
1.616,-0.30160636042444694,-2.4341384983741845,229.61293551108443,0.3847767819940227,BALANCING
1.618,-0.3064675119311019,-2.4271964801053496,229.5524087129865,0.3845476438718693,BALANCING
1.62,-0.3113147861830712,-2.4202620590855988,229.49107587028425,0.38431748700004814,BALANCING
1.622,-0.3161481983899453,-2.413335247507584,229.4289393322983,0.38408631499448015,BALANCING
1.624,-0.3209677637856011,-2.4064160574693467,229.36600144566415,0.3838541314659442,BALANCING
1.6260000000000001,-0.3257734976280135,-2.3995045009748552,229.30226455432845,0.3836209400200756,BALANCING
1.6280000000000001,-0.3305654151990674,-2.392600589934541,229.23773099954573,0.38338674425736385,BALANCING
1.6300000000000001,-0.3353435318043715,-2.385704336165826,229.17240311987518,0.38315154777315136,BALANCING
1.6320000000000001,-0.34010786277307264,-2.378815751393647,229.106283251177,0.38291535415763134,BALANCING
1.6340000000000001,-0.3448584234576713,-2.371934847250981,229.03937372660928,0.382678166995846,BALANCING
1.6360000000000001,-0.3495952292338384,-2.3650616352793516,228.97167687662477,0.3824399898676852,BALANCING
1.6380000000000001,-0.3543182955002327,-2.358196126929346,228.90319502896733,0.3822008263478842,BALANCING
1.6400000000000001,-0.3590276376783196,-2.3513383335611198,228.833930508669,0.38196068000602273,BALANCING
1.6420000000000001,-0.3637232712121905,-2.344488266444898,228.7638856380466,0.38171955440652267,BALANCING
1.6440000000000001,-0.3684052115683838,-2.3376459367614713,228.69306273669847,0.3814774531086468,BALANCING
1.6460000000000001,-0.37307347423570625,-2.33081135560269,228.62146412150153,0.3812343796664973,BALANCING
1.6480000000000001,-0.37772807472505576,-2.3239845339719554,228.549092106608,0.3809903376290139,BALANCING
1.6500000000000001,-0.3823690285692448,-2.317165482784697,228.47594900344217,0.3807453305399724,BALANCING
1.6520000000000001,-0.386996351322825,-2.3103542128688583,228.40203712069757,0.3804993619379835,BALANCING
1.6540000000000001,-0.39161005856191267,-2.3035507349653703,228.32735876433364,0.38025243535649084,BALANCING
1.6560000000000001,-0.3962101658840153,-2.296755059728623,228.25191623757283,0.3800045543237701,BALANCING
1.6580000000000001,-0.4007966889078589,-2.289967197726934,228.17571184089758,0.379755722362927,BALANCING
1.6600000000000001,-0.4053696432732162,-2.2831871594430084,228.09874787204723,0.3795059429918963,BALANCING
1.6620000000000001,-0.40992904464073604,-2.276414955274403,228.0210266260151,0.3792552197234402,BALANCING
1.6640000000000001,-0.41447490869177356,-2.2696505955339785,227.9425503950456,0.37900355606514724,BALANCING
1.666,-0.41900725112822107,-2.2628940904503514,227.86332146863117,0.3787509555194309,BALANCING
1.668,-0.4235260876723403,-2.2561454501683404,227.78334213350945,0.378497421583528,BALANCING
1.67,-0.4280314340665947,-2.249404684749414,227.70261467366052,0.3782429577494979,BALANCING
1.672,-0.43252330607348394,-2.242671804172126,227.62114137030377,0.3779875675042208,BALANCING
1.674,-0.43700171947537786,-2.235946818332552,227.5389245018953,0.377731254329397,BALANCING
1.676,-0.4414666900743524,-2.2292297370447263,227.45596634412507,0.3774740217015454,BALANCING
1.678,-0.44591823369202555,-2.2225205700410644,227.37226916991403,0.37721587309200233,BALANCING
1.68,-0.45035636616939495,-2.2158193269727913,227.28783524941144,0.37695681196692055,BALANCING
1.682,-0.4547811033666755,-2.2091260174103624,227.20266684999214,0.37669684178726803,BALANCING
1.684,-0.45919246116313867,-2.202440650843883,227.11676623625368,0.37643596600882695,BALANCING
1.686,-0.46359045545695177,-2.1957632366835185,227.03013567001392,0.37617418808219233,BALANCING
1.688,-0.46797510216501886,-2.189093784259909,226.94277741030805,0.37591151145277163,BALANCING
1.69,-0.472346417222822,-2.182432302824576,226.8546937133861,0.3756479395607832,BALANCING
1.692,-0.4767044165842633,-2.175778801550324,226.7658868327104,0.3753834758412552,BALANCING
1.694,-0.48104911622150803,-2.169133289531644,226.67635901895278,0.3751181237240253,BALANCING
1.696,-0.4853805321248281,-2.1624957757851093,226.58611251999213,0.3748518866337389,BALANCING
1.698,-0.4896986803024472,-2.1558662692497697,226.4951495809118,0.3745847679898489,BALANCING
1.7,-0.49400357678038537,-2.1492447787875415,226.40347244399706,0.37431677120661444,BALANCING
1.702,-0.498295237602306,-2.1426313131835975,226.3110833487326,0.3740478996931001,BALANCING
1.704,-0.5025736788293619,-2.136025881146747,226.21798453180006,0.3737781568531751,BALANCING
1.706,-0.5068389165400433,-2.1294284913098203,226.12417822707553,0.3735075460855127,BALANCING
1.708,-0.5110909668300265,-2.122839152230047,226.0296666656271,0.3732360707835886,BALANCING
1.71,-0.5153298458120228,-2.1162578723894274,225.93445207571247,0.3729637343356816,BALANCING
1.712,-0.5195555696156283,-2.1096846601951076,225.8385366827766,0.37269054012487113,BALANCING
1.714,-0.523768154387175,-2.103119523979747,225.74192270944917,0.37241649152903816,BALANCING
1.716,-0.5279676162895812,-2.096562472001884,225.64461237554232,0.3721415919208632,BALANCING
1.718,-0.5321539715022052,-2.0900135124462995,225.54660789804836,0.37186584466782663,BALANCING
1.72,-0.5363272362206968,-2.083472653424375,225.4479114911374,0.37158925313220725,BALANCING
1.722,-0.5404874266568511,-2.076939902974454,225.34852536615506,0.37131182067108226,BALANCING
1.724,-0.5446345590384635,-2.070415269062191,225.24845173162015,0.37103355063632637,BALANCING
1.726,-0.5487686496091839,-2.063898759580905,225.14769279322257,0.370754446374611,BALANCING
1.728,-0.5528897146283726,-2.0573903823519277,225.04625075382086,0.3704745112274047,BALANCING
1.73,-0.5569977703709568,-2.0508901451249515,224.94412781344016,0.3701937485309712,BALANCING
1.732,-0.5610928331272875,-2.0443980555783696,224.84132616927005,0.36991216161636986,BALANCING
1.734,-0.5651749192029977,-2.0379141213196172,224.73784801566217,0.3696297538094553,BALANCING
1.736,-0.5692440449188598,-2.031438349885509,224.6336955441283,0.3693465284308762,BALANCING
1.738,-0.5733002266106458,-2.0249707487425757,224.52887094333812,0.3690624887960754,BALANCING
1.74,-0.5773434806289867,-2.018511325287394,224.42337639911722,0.3687776382152894,BALANCING
1.742,-0.5813738233392323,-2.012060086846917,224.31721409444475,0.3684919799935481,BALANCING
1.744,-0.5853912711213132,-2.005617040678803,224.21038620945168,0.3682055174306741,BALANCING
1.746,-0.5893958403696021,-1.999182193971738,224.1028949214186,0.3679182538212825,BALANCING
1.748,-0.5933875474927763,-1.9927555538457595,223.99474240477366,0.36763019245478085,BALANCING
1.75,-0.5973664089136804,-1.9863371273525747,223.8859308310906,0.3673413366153685,BALANCING
1.752,-0.6013324410691903,-1.9799269214758795,223.77646236908683,0.36705168958203643,BALANCING
1.754,-0.6052856604100774,-1.9735249431316708,223.66633918462148,0.3667612546285672,BALANCING
1.756,-0.6092260834008736,-1.967131199168561,223.5555634406933,0.36647003502353437,BALANCING
1.758,-0.6131537265197367,-1.9607456963680872,223.44413729743894,0.36617803403030275,BALANCING
1.76,-0.6170686062583163,-1.954368441445018,223.33206291213085,0.3658852549070278,BALANCING
1.762,-0.6209707391216214,-1.947999441047661,223.21934243917556,0.3655917009066557,BALANCING
1.764,-0.624860141627887,-1.9416387017581633,223.10597803011177,0.3652973752769233,BALANCING
1.766,-0.6287368303084421,-1.935286230092814,222.99197183360846,0.3650022812603576,BALANCING
1.768,-0.6326008217075789,-1.9289420325023414,222.87732599546314,0.3647064220942762,BALANCING
1.77,-0.6364521323824215,-1.9226061153722096,222.7620426586,0.36440980101078685,BALANCING
1.772,-0.6402907789027956,-1.9162784850229129,222.6461239630681,0.3641124212367876,BALANCING
1.774,-0.6441167778510991,-1.9099591477102675,222.5295720460397,0.3638142859939667,BALANCING
1.776,-0.647930145822173,-1.9036481096257007,222.41238904180847,0.36351539849880277,BALANCING
1.778,-0.6517308994231727,-1.8973453768965394,222.29457708178765,0.3632157619625644,BALANCING
1.78,-0.6555190552734405,-1.8910509555862947,222.17613829450858,0.36291537959131065,BALANCING
1.782,-0.6592946300043776,-1.8847648516949447,222.0570748056188,0.362614254585891,BALANCING
1.784,-0.6630576402593182,-1.8784870711592172,221.9373887378805,0.36231239014194544,BALANCING
1.786,-0.6668081026934024,-1.8722176198528688,221.81708221116878,0.3620097894499043,BALANCING
1.788,-0.670546033973451,-1.8659565035869612,221.69615734247017,0.36170645569498877,BALANCING
1.79,-0.6742714507778403,-1.859703728110136,221.5746162458808,0.36140239205721086,BALANCING
1.792,-0.6779843697963778,-1.8534592991088894,221.4524610326051,0.36109760171137384,BALANCING
1.794,-0.6816848077301775,-1.8472232222078426,221.32969381095393,0.360792087827072,BALANCING
1.796,-0.6853727812915371,-1.8409955029700114,221.20631668634317,0.36048585356869123,BALANCING
1.798,-0.6890483072038149,-1.8347761468970731,221.08233176129218,0.360178902095409,BALANCING
1.8,-0.692711402201307,-1.8285651594296322,220.9577411354223,0.359871236561195,BALANCING
1.802,-0.6963620830291258,-1.8223625459474846,220.8325469054554,0.35956286011481114,BALANCING
1.804,-0.7000003664430788,-1.8161683117698793,220.70675116521207,0.3592537758998118,BALANCING
1.806,-0.7036262692095471,-1.8099824621557767,220.58035600561064,0.35894398705454433,BALANCING
1.808,-0.7072398081053657,-1.8038050023041095,220.45336351466545,0.35863349671214945,BALANCING
1.81,-0.7108409999177037,-1.7976359373540367,220.3257757774855,0.35832230800056153,BALANCING
1.812,-0.7144298614439444,-1.7914752723851985,220.19759487627292,0.35801042404250893,BALANCING
1.814,-0.7180064094915674,-1.785323012417971,220.06882289032177,0.3576978479555145,BALANCING
1.816,-0.7215706608780292,-1.7791791624137148,219.9394618960166,0.3573845828518959,BALANCING
1.818,-0.7251226324306469,-1.7730437272750248,219.80951396683105,0.3570706318387663,BALANCING
1.82,-0.7286623409864794,-1.7669167118459792,219.67898117332652,0.3567559980180346,BALANCING
1.822,-0.7321898033922116,-1.7607981209123837,219.5478655831509,0.35644068448640626,BALANCING
1.824,-0.7357050365040377,-1.7546879592020177,219.41616926103725,0.35612469433538346,BALANCING
1.826,-0.7392080571875456,-1.7485862313848748,219.28389426880253,0.3558080306512656,BALANCING
1.828,-0.7426988823176013,-1.7424929420734048,219.15104266534627,0.3554906965151504,BALANCING
1.83,-0.7461775287782342,-1.7364080958227532,219.0176165066494,0.35517269500293397,BALANCING
1.832,-0.7496440134625231,-1.730331697130999,218.88361784577302,0.3548540291853116,BALANCING
1.834,-0.7530983532724813,-1.7242637504393903,218.74904873285715,0.3545347021277784,BALANCING
1.836,-0.7565405651189445,-1.718204260132579,218.61391121511954,0.3542147168906299,BALANCING
1.838,-0.7599706659214568,-1.7121532305388543,218.47820733685447,0.3538940765289628,BALANCING
1.84,-0.7633886726081585,-1.706110665930374,218.3419391394317,0.35357278409267545,BALANCING
1.842,-0.7667946021156743,-1.7000765705233944,218.2051086612952,0.3532508426264689,BALANCING
1.844,-0.7701884713890014,-1.6940509484784987,218.06771793796207,0.35292825516984727,BALANCING
1.846,-0.7735702973813988,-1.6880338039008242,217.92976900202143,0.3526050247571187,BALANCING
1.848,-0.7769400970542762,-1.6820251408402884,217.79126388313335,0.35228115441739616,BALANCING
1.85,-0.780297887377084,-1.6760249632918116,217.65220460802777,0.351956647174598,BALANCING
1.852,-0.7836436853272035,-1.670033275195541,217.5125932005034,0.35163150604744914,BALANCING
1.854,-0.7869775078898373,-1.664050080437071,217.37243168142678,0.3513057340494815,BALANCING
1.856,-0.7902993720579011,-1.6580753828476644,217.2317220687311,0.3509793341890351,BALANCING
1.858,-0.7936092948319147,-1.6521091862044686,217.0904663774154,0.35065230946925874,BALANCING
1.86,-0.7969072932198941,-1.6461514942307338,216.94866661954333,0.35032466288811126,BALANCING
1.862,-0.8001933842372437,-1.6402023105960302,216.8063248042424,0.34999639743836186,BALANCING
1.864,-0.8034675849066499,-1.6342616389164593,216.66344293770285,0.34966751610759167,BALANCING
1.866,-0.8067299122579735,-1.6283294827548693,216.52002302317695,0.3493380218781941,BALANCING
1.868,-0.809980383328144,-1.6224058456210655,216.37606706097776,0.3490079177273765,BALANCING
1.87,-0.8132190151610533,-1.6164907309720216,216.23157704847844,0.3486772066271601,BALANCING
1.872,-0.8164458248074505,-1.6105841422120872,216.08655498011134,0.3483458915443825,BALANCING
1.874,-0.819660829324837,-1.6046860826931983,215.941002847367,0.348013975440697,BALANCING
1.8760000000000001,-0.8228640457773616,-1.5987965557150798,215.79492263879342,0.3476814612725752,BALANCING
1.8780000000000001,-0.8260554912357163,-1.5929155645254554,215.64831633999526,0.347348351991307,BALANCING
1.8800000000000001,-0.8292351827770327,-1.587043112320248,215.50118593363283,0.34701465054300196,BALANCING
1.8820000000000001,-0.8324031374847783,-1.5811792022437832,215.3535333994214,0.34668035986859086,BALANCING
1.8840000000000001,-0.8355593724486541,-1.5753238373889926,215.20536071413034,0.3463454829038262,BALANCING
1.8860000000000001,-0.8387039047644911,-1.5694770207976123,215.05666985158254,0.3460100225792837,BALANCING
1.8880000000000001,-0.8418367515341488,-1.5636387554603828,214.90746278265337,0.34567398182036324,BALANCING
1.8900000000000001,-0.8449579298654136,-1.5578090443172468,214.7577414752701,0.34533736354729033,BALANCING
1.8920000000000001,-0.8480674568718964,-1.5519878902575457,214.60750789441116,0.3450001706751169,BALANCING
1.8940000000000001,-0.8511653496729328,-1.5461752961202158,214.4567640021053,0.34466240611372306,BALANCING
1.8960000000000001,-0.8542516253934814,-1.540371264693983,214.3055117574311,0.34432407276781773,BALANCING
1.8980000000000001,-0.8573263011640245,-1.5345757987175557,214.15375311651616,0.3439851735369405,BALANCING
1.9000000000000001,-0.8603893941204676,-1.5287889008798166,214.0014900325364,0.3436457113154624,BALANCING
1.9020000000000001,-0.8634409214040403,-1.5230105738200144,213.84872445571543,0.3433056889925874,BALANCING
1.9040000000000001,-0.8664809001611968,-1.5172408201279544,213.6954583333241,0.34296510945235387,BALANCING
1.9060000000000001,-0.8695093475435182,-1.5114796423441872,213.54169360967953,0.34262397557363544,BALANCING
1.9080000000000001,-0.8725262807076127,-1.5057270429601948,213.3874322261448,0.3422822902301431,BALANCING
1.9100000000000001,-0.875531716815019,-1.4999830244185801,213.23267612112826,0.3419400562904258,BALANCING
1.9120000000000001,-0.8785256730321076,-1.4942475891132514,213.07742723008295,0.34159727661787215,BALANCING
1.9140000000000001,-0.8815081665299849,-1.488520739389606,212.92168748550594,0.3412539540707121,BALANCING
1.9160000000000001,-0.884479214484395,-1.4828024775447157,212.76545881693804,0.34091009150201784,BALANCING
1.9180000000000001,-0.8874388340756243,-1.477092805827509,212.60874315096302,0.3405656917597058,BALANCING
1.92,-0.8903870424884046,-1.4713917264389522,212.45154241120719,0.3402207576865374,BALANCING
1.922,-0.893323856911818,-1.4656992415322305,212.293858518339,0.33987529212012135,BALANCING
1.924,-0.896249294539201,-1.4600153532129274,212.1356933900684,0.33952929789291436,BALANCING
1.926,-0.8991633725680497,-1.4543400635392032,211.9770489411464,0.33918277783222334,BALANCING
1.928,-0.9020661081999256,-1.4486733745219733,211.8179270833647,0.3388357347602064,BALANCING
1.93,-0.9049575186403602,-1.4430152881250844,211.65832972555518,0.3384881714938746,BALANCING
1.932,-0.9078376210987622,-1.4373658062654902,211.49825877358953,0.3381400908450937,BALANCING
1.934,-0.9107064327883229,-1.4317249308134268,211.33771613037877,0.33779149562058536,BALANCING
1.936,-0.9135639709259236,-1.426092663592586,211.17670369587293,0.3374423886219292,BALANCING
1.938,-0.9164102527320426,-1.4204690063802887,211.01522336706054,0.3370927726455639,BALANCING
1.94,-0.9192452954306625,-1.4148539609076571,210.85327703796847,0.3367426504827892,BALANCING
1.942,-0.9220691162491779,-1.4092475288597845,210.69086659966143,0.33639202491976755,BALANCING
1.944,-0.9248817324183033,-1.4036497118759081,210.52799394024166,0.3360408987375256,BALANCING
1.946,-0.9276831611719825,-1.3980605115495754,210.36466094484857,0.33568927471195587,BALANCING
1.948,-0.9304734197472964,-1.3924799294288153,210.20086949565857,0.33533715561381894,BALANCING
1.95,-0.9332525253843725,-1.3869079670163043,210.03662147188464,0.33498454420874435,BALANCING
1.952,-0.9360204953262944,-1.3813446257695328,209.87191874977617,0.33463144325723304,BALANCING
1.954,-0.9387773468190115,-1.3757899071009723,209.70676320261845,0.3342778555146588,BALANCING
1.956,-0.9415230971112493,-1.37024381237824,209.5411567007328,0.33392378373127,BALANCING
1.958,-0.9442577634544195,-1.3647063429242616,209.375101111476,0.33356923065219174,BALANCING
1.96,-0.9469813631025312,-1.3591775000174378,209.20859829924024,0.33321419901742716,BALANCING
1.962,-0.9496939133121018,-1.3536572848918036,209.04165012545283,0.3328586915618596,BALANCING
1.964,-0.9523954313420686,-1.3481456987371918,208.87425844857611,0.33250271101525425,BALANCING
1.966,-0.9550859344537,-1.3426427426993939,208.70642512410717,0.3321462601022604,BALANCING
1.968,-0.9577654399105084,-1.3371484178803195,208.5381520045777,0.33178934154241274,BALANCING
1.97,-0.960433964978162,-1.3316627253381563,208.36944093955393,0.3314319580501335,BALANCING
1.972,-0.9630915269243979,-1.3261856660875284,208.20029377563628,0.33107411233473477,BALANCING
1.974,-0.9657381430189346,-1.3207172410996542,208.03071235645956,0.33071580710041965,BALANCING
1.976,-0.9683738305333861,-1.3152574513025028,207.8606985226925,0.330357045046285,BALANCING
1.978,-0.9709986067411747,-1.3098062975809524,207.69025411203793,0.32999782886632245,BALANCING
1.98,-0.9736124889174459,-1.3043637807769424,207.51938095923262,0.32963816124942164,BALANCING
1.982,-0.976215494338982,-1.298929901689631,207.34808089604707,0.3292780448793709,BALANCING
1.984,-0.9788076402841167,-1.2935046610755487,207.17635575128568,0.3289174824348602,BALANCING
1.986,-0.9813889440326505,-1.2880880596487503,207.00420735078654,0.32855647658948256,BALANCING
1.988,-0.9839594228657655,-1.2826800980809685,206.8316375174215,0.3281950300117368,BALANCING
1.99,-0.9865190940659412,-1.2772807770017658,206.65864807109608,0.3278331453650288,BALANCING
1.992,-0.9890679749168694,-1.271890096998686,206.48524082874957,0.3274708253076741,BALANCING
1.994,-0.9916060827033718,-1.2665080586174031,206.31141760435483,0.3271080724928997,BALANCING
1.996,-0.9941334347113154,-1.2611346623618735,206.1371802089186,0.32674488956884645,BALANCING
1.998,-0.9966500482275298,-1.2557699086944818,205.96253045048135,0.32638127917857107,BALANCING
2.0,-0.9991559405397231,-1.2504137980361925,205.78747013411737,0.3260172439600481,BALANCING
2.0020000000000002,-1.0016511289364005,-1.2450663307666956,205.61200106193482,0.3256527865461723,BALANCING
2.004,-1.0041356307067815,-1.2397275072245546,205.43612503307588,0.3252879095647606,BALANCING
2.0060000000000002,-1.0066094631407172,-1.2343973277073526,205.25984384371677,0.32492261563855457,BALANCING
2.008,-1.0090726435286095,-1.2290757924718378,205.08315928706787,0.32455690738522225,BALANCING
2.0100000000000002,-1.0115251891613286,-1.2237629017340688,204.9060731533739,0.32419078741736085,BALANCING
2.012,-1.0139671173301323,-1.2184586556695585,204.72858722991387,0.32382425834249845,BALANCING
2.0140000000000002,-1.0163984453265855,-1.2131630544134187,204.5507033010015,0.32345732276309663,BALANCING
2.016,-1.0188191904424784,-1.2078760980605032,204.3724231479851,0.32308998327655275,BALANCING
2.0180000000000002,-1.0212293699697466,-1.2025977866655493,204.1937485492479,0.32272224247520176,BALANCING
2.02,-1.0236290012003915,-1.1973281202433206,204.0146812802082,0.32235410294631917,BALANCING
2.0220000000000002,-1.0260181014264,-1.1920670987687478,203.83522311331956,0.3219855672721228,BALANCING
2.024,-1.0283966879396655,-1.1868147221770704,203.655375818071,0.3216166380297756,BALANCING
2.0260000000000002,-1.030764778031908,-1.181570990363975,203.47514116098722,0.3212473177913872,BALANCING
2.028,-1.033122388994595,-1.1763359031857363,203.29452090562881,0.3208776091240174,BALANCING
2.0300000000000002,-1.0354695381188639,-1.171109460459355,203.11351681259256,0.32050751458967763,BALANCING
2.032,-1.0378062426954424,-1.1658916619626971,202.93213063951168,0.3201370367453336,BALANCING
2.0340000000000003,-1.0401325200145715,-1.1606825074346303,202.75036414105602,0.3197661781429077,BALANCING
2.036,-1.0424483873659263,-1.1554819965751617,202.56821906893245,0.3193949413292818,BALANCING
2.0380000000000003,-1.0447538620385395,-1.1502901290455747,202.38569717188508,0.31902332884629897,BALANCING
2.04,-1.0470489613207237,-1.145106904468565,202.2028001956956,0.3186513432307664,BALANCING
2.0420000000000003,-1.0493337024999947,-1.1399323224283748,202.0195298831836,0.3182789870144579,BALANCING
2.044,-1.0516081028629942,-1.1347663824709298,201.83588797420683,0.3179062627241161,BALANCING
2.0460000000000003,-1.0538721796954134,-1.1296090841039712,201.65187620566172,0.3175331728814551,BALANCING
2.048,-1.0561259502819167,-1.1244604267971912,201.46749631148353,0.31715972000316295,BALANCING
2.05,-1.0583694319060666,-1.119320409982365,201.2827500226469,0.31678590660090433,BALANCING
2.052,-1.0606026418502472,-1.1141890330534843,201.09763906716606,0.3164117351813227,BALANCING
2.054,-1.062825597395588,-1.1090662953668893,200.91216517009536,0.31603720824604326,BALANCING
2.056,-1.065038315821891,-1.1039521962413998,200.7263300535296,0.3156623282916752,BALANCING
2.058,-1.0672408144075538,-1.098846734958446,200.54013543660454,0.31528709780981456,BALANCING
2.06,-1.0694331104294952,-1.0937499107622013,200.35358303549708,0.31491151928704664,BALANCING
2.062,-1.0716152211630818,-1.0886617228597095,200.16667456342608,0.3145355952049486,BALANCING
2.064,-1.0737871638820533,-1.0835821704210162,199.9794117306525,0.3141593280400923,BALANCING
2.066,-1.0759489558584479,-1.0785112525792977,199.79179624448,0.31378272026404647,BALANCING
2.068,-1.0781006143625298,-1.0734489684309885,199.60382980925542,0.31340577434338,BALANCING
2.07,-1.0802421566627158,-1.0683953170359095,199.41551412636923,0.3130284927396641,BALANCING
2.072,-1.0823736000255018,-1.0633502974173972,199.22685089425605,0.31265087790947516,BALANCING
2.074,-1.0844949617153892,-1.058313908562429,199.03784180839511,0.3122729323043975,BALANCING
2.076,-1.0866062589948142,-1.0532861494217503,198.84848856131086,0.31189465837102587,BALANCING
2.078,-1.0887075091240737,-1.048267018910001,198.6587928425735,0.3115160585509684,BALANCING
2.08,-1.0907987293612542,-1.04325651590584,198.4687563387994,0.31113713528084935,BALANCING
2.082,-1.0928799369621596,-1.0382546392520724,198.2783807336518,0.3107578909923117,BALANCING
2.084,-1.0949511491802393,-1.0332613877557721,198.08766770784138,0.31037832811201976,BALANCING
2.086,-1.0970123832665182,-1.0282767601884069,197.89661893912665,0.30999844906166263,BALANCING
2.088,-1.0990636564695235,-1.023300755285963,197.70523610231487,0.309618256257956,BALANCING
2.09,-1.101104986035216,-1.0183333717490666,197.5135208692623,0.309237752112646,BALANCING
2.092,-1.103136389206918,-1.0133746082431092,197.32147490887508,0.30885693903251077,BALANCING
2.094,-1.1051578832252438,-1.0084244633983666,197.1290998871097,0.30847581941936486,BALANCING
2.096,-1.107169485328029,-1.003482935810124,196.9363974669738,0.3080943956700607,BALANCING
2.098,-1.109171212750261,-0.9985500240387967,196.74336930852664,0.30771267017649206,BALANCING
2.1,-1.1111630827240098,-0.9936257266100496,196.55001706887984,0.307330645325597,BALANCING
2.102,-1.1131451124783571,-0.9887100420149196,196.35634240219807,0.3069483234993605,BALANCING
2.104,-1.1151173192393293,-0.9838029687099359,196.1623469596997,0.3065657070748176,BALANCING
2.106,-1.1170797202298266,-0.9789045051172387,195.96803238965754,0.30618279842405605,BALANCING
2.108,-1.1190323326695557,-0.9740146496246993,195.7734003373995,0.30579959991421934,BALANCING
2.11,-1.1209751737749614,-0.9691334005860393,195.5784524453093,0.3054161139075098,BALANCING
2.112,-1.1229082607591567,-0.9642607563209477,195.38319035282723,0.30503234276119123,BALANCING
2.114,-1.1248316108318572,-0.9593967151152002,195.1876156964509,0.3046482888275923,BALANCING
2.116,-1.1267452411993122,-0.9545412752207775,194.99173010973598,0.30426395445410914,BALANCING
2.118,-1.1286491690642368,-0.9496944348559816,194.79553522329687,0.30387934198320854,BALANCING
2.12,-1.1305434116257458,-0.9448561922055528,194.5990326648076,0.3034944537524308,BALANCING
2.122,-1.1324279860792852,-0.9400265454207869,194.40222405900258,0.30310929209439286,BALANCING
2.124,-1.1343029096165673,-0.9352054926196507,194.20511102767733,0.3027238593367913,BALANCING
2.126,-1.1361681994255026,-0.930393031886897,194.00769518968934,0.30233815780240547,BALANCING
2.128,-1.1380238726901348,-0.9255891612741821,193.80997816095888,0.30195218980910044,BALANCING
2.13,-1.1398699465905728,-0.9207938788001788,193.61196155446976,0.30156595766983,BALANCING
2.132,-1.1417064383029267,-0.9160071824506922,193.4136469802703,0.30117946369264004,BALANCING
2.134,-1.143533364999242,-0.9112290701787733,193.2150360454741,0.30079271018067116,BALANCING
2.136,-1.1453507438474329,-0.9064595399048322,193.01613035426078,0.3004056994321621,BALANCING
2.138,-1.1471585920112184,-0.9016985895167526,192.81693150787711,0.30001843374045317,BALANCING
2.14,-1.1489569266500568,-0.8969462168700048,192.61744110463758,0.2996309153939885,BALANCING
2.142,-1.1507457649190815,-0.8922024197877572,192.41766073992557,0.2992431466763202,BALANCING
2.144,-1.1525251239690353,-0.8874671960609904,192.21759200619402,0.2988551298661107,BALANCING
2.146,-1.154295020946208,-0.8827405434486085,192.01723649296656,0.29846686723713617,BALANCING
2.148,-1.1560554729923702,-0.8780224596775497,191.81659578683826,0.2980783610582901,BALANCING
2.15,-1.157806497244712,-0.873312942442898,191.6156714714766,0.29768961359358614,BALANCING
2.152,-1.1595481108357766,-0.8686119894079961,191.41446512762232,0.297300627102161,BALANCING
2.154,-1.1612803308933992,-0.8639195982045529,191.21297833309072,0.29691140383827824,BALANCING
2.156,-1.1630031745406428,-0.8592357664327556,191.01121266277212,0.29652194605133125,BALANCING
2.158,-1.1647166588957356,-0.8545604916613788,190.80916968863326,0.29613225598584636,BALANCING
2.16,-1.1664208010720076,-0.8498937714278946,190.60685097971796,0.29574233588148646,BALANCING
2.162,-1.1681156181778296,-0.8452356032385808,190.4042581021484,0.29535218797305396,BALANCING
2.164,-1.169801127316549,-0.8405859845686311,190.2013926191258,0.2949618144904941,BALANCING
2.166,-1.1714773455864294,-0.8359449128622626,189.9982560909318,0.2945712176588982,BALANCING
2.168,-1.1731442900805877,-0.8313123855328242,189.79485007492912,0.2941803996985072,BALANCING
2.17,-1.1748019778869332,-0.826688399962904,189.5911761255628,0.29378936282471474,BALANCING
2.172,-1.1764504260881052,-0.8220729535044378,189.3872357943613,0.29339810924807064,BALANCING
2.174,-1.1780896517614134,-0.817466043478815,189.18303062993726,0.2930066411742841,BALANCING
2.176,-1.1797196719787753,-0.8128676671769873,188.97856217798895,0.29261496080422716,BALANCING
2.178,-1.181340503806656,-0.8082778218595731,188.773831981301,0.292223070333938,BALANCING
2.18,-1.1829521643060084,-0.8036965047569647,188.56884157974565,0.2918309719546242,BALANCING
2.182,-1.1845546705322116,-0.7991237130694342,188.36359251028384,0.2914386678526664,BALANCING
2.184,-1.1861480395350115,-0.7945594439672391,188.15808630696623,0.29104616020962154,BALANCING
2.186,-1.187732288358461,-0.7900036945907276,187.95232450093442,0.29065345120222624,BALANCING
2.188,-1.1893074340408596,-0.7854564620504435,187.74630862042193,0.2902605430024001,BALANCING
2.19,-1.1908734936146945,-0.7809177434272301,187.54004019075546,0.28986743777724955,BALANCING
2.192,-1.1924304841065816,-0.7763875357723358,187.33352073435597,0.28947413768907065,BALANCING
2.194,-1.1939784225372054,-0.7718658361075172,187.1267517707398,0.28908064489535323,BALANCING
2.196,-1.1955173259212606,-0.7673526414251431,186.91973481651985,0.2886869615487839,BALANCING
2.198,-1.1970472112673942,-0.7628479486882983,186.7124713854068,0.2882930897972497,BALANCING
2.2,-1.1985680955781457,-0.7583517548308861,186.50496298821022,0.2878990317838413,BALANCING
2.202,-1.2000799958498898,-0.7538640567577315,186.29721113283975,0.28750478964685705,BALANCING
2.204,-1.2015829290727775,-0.7493848513446836,186.08921732430642,0.28711036551980607,BALANCING
2.206,-1.2030769122306797,-0.7449141354387179,185.88098306472358,0.28671576153141165,BALANCING
2.208,-1.204561962301128,-0.7404519058580382,185.6725098533085,0.28632097980561527,BALANCING
2.21,-1.206038096255258,-0.7359981593921784,185.46379918638317,0.2859260224615797,BALANCING
2.212,-1.2075053310577524,-0.7315528928021034,185.25485255737593,0.2855308916136929,BALANCING
2.214,-1.2089636836667828,-0.7271161028203117,185.04567145682242,0.2851355893715711,BALANCING
2.216,-1.2104131710339543,-0.7226877861509339,184.83625737236696,0.28474011784006276,BALANCING
2.218,-1.2118538101042478,-0.7182679394698348,184.62661178876382,0.28434447911925226,BALANCING
2.22,-1.213285617815964,-0.7138565594247133,184.41673618787843,0.2839486753044631,BALANCING
2.222,-1.214708611100667,-0.7094536426352023,184.20663204868862,0.2835527084862618,BALANCING
2.224,-1.2161228068831291,-0.7050591856929689,183.9963008472861,0.2831565807504612,BALANCING
2.226,-1.2175282220812733,-0.7006731851618129,183.78574405687758,0.28276029417812454,BALANCING
2.228,-1.2189248736061191,-0.6962956375777666,183.57496314778606,0.2823638508455687,BALANCING
2.23,-1.2203127783617267,-0.6919265394491935,183.36395958745226,0.2819672528243682,BALANCING
2.232,-1.2216919532451413,-0.6875658872568876,183.15273484043593,0.2815705021813583,BALANCING
2.234,-1.223062415146339,-0.6832136774541705,182.94129036841701,0.28117360097863925,BALANCING
2.236,-1.2244241809481706,-0.6788699064669901,182.7296276301973,0.2807765512735797,BALANCING
2.238,-1.2257772675263086,-0.6745345706940182,182.51774808170148,0.28037935511882056,BALANCING
2.24,-1.227121691749191,-0.6702076665067491,182.30565317597862,0.2799820145622782,BALANCING
2.242,-1.2284574704779687,-0.6658891902495951,182.09334436320353,0.279584531647149,BALANCING
2.244,-1.22978462056645,-0.6615791382399858,181.88082309067815,0.27918690841191207,BALANCING
2.246,-1.2311031588610484,-0.6572775067684623,181.66809080283295,0.27878914689033385,BALANCING
2.248,-1.2324131022007263,-0.6529842920987757,181.45514894122826,0.27839124911147145,BALANCING
2.25,-1.233714467416945,-0.648699490467983,181.24199894455572,0.27799321709967634,BALANCING
2.2520000000000002,-1.2350072713336078,-0.6444230980865429,181.02864224863964,0.27759505287459824,BALANCING
2.254,-1.2362915307670101,-0.6401551111384105,180.81508028643856,0.27719675845118885,BALANCING
2.2560000000000002,-1.2375672625257843,-0.6358955257811351,180.60131448804646,0.27679833583970576,BALANCING
2.258,-1.238834483410848,-0.6316443381459537,180.38734628069435,0.27639978704571583,BALANCING
2.2600000000000002,-1.2400932102153512,-0.6274015443378866,180.17317708875171,0.27600111407009964,BALANCING
2.262,-1.2413434597246242,-0.623167140435833,179.9588083337279,0.2756023189090547,BALANCING
2.2640000000000002,-1.2425852487161253,-0.6189411224926639,179.7442414342736,0.27520340355409934,BALANCING
2.266,-1.2438185939593889,-0.6147234865353173,179.52947780618234,0.2748043699920771,BALANCING
2.2680000000000002,-1.2450435122159733,-0.6105142285648927,179.314518862392,0.2744052202051598,BALANCING
2.27,-1.2462600202394103,-0.6063133445567437,179.09936601298614,0.274005956170852,BALANCING
2.2720000000000002,-1.247468134775152,-0.602120830460573,178.88402066519572,0.2736065798619944,BALANCING
2.274,-1.2486678725605218,-0.597936682200525,178.6684842234004,0.273207093246768,BALANCING
2.2760000000000002,-1.2498592503246613,-0.5937608956752788,178.4527580891302,0.27280749828869794,BALANCING
2.278,-1.2510422847884806,-0.5895934667581414,178.23684366106696,0.27240779694665707,BALANCING
2.2800000000000002,-1.2522169926646074,-0.5854343912971401,178.0207423350458,0.2720079911748705,BALANCING
2.282,-1.253383390657337,-0.5812836651151156,177.80445550405682,0.27160808292291877,BALANCING
2.2840000000000003,-1.2545414954625809,-0.5771412840098132,177.58798455824652,0.27120807413574227,BALANCING
2.286,-1.2556913237678176,-0.5730072437539754,177.37133088491936,0.2708079667536449,BALANCING
2.2880000000000003,-1.2568328922520424,-0.5688815400954336,177.1544958685394,0.27040776271229794,BALANCING
2.29,-1.2579662175857182,-0.5647641687571986,176.93748089073176,0.27000746394274444,BALANCING
2.2920000000000003,-1.2590913164307251,-0.5606551254375535,176.72028733028424,0.2696070723714028,BALANCING
2.294,-1.2602082054403114,-0.5565544058101445,176.502916563149,0.26920658992007057,BALANCING
2.2960000000000003,-1.2613169012590446,-0.5524620055240707,176.28536996244398,0.2688060185059287,BALANCING
2.298,-1.262417420522762,-0.5483779202039747,176.06764889845468,0.2684053600415458,BALANCING
2.3000000000000003,-1.2635097798585222,-0.5443021454501346,175.8497547386356,0.2680046164348814,BALANCING
2.302,-1.264593995884557,-0.540234676838553,175.63168884761197,0.2676037895892902,BALANCING
2.3040000000000003,-1.2656700852102214,-0.5361755099210465,175.41345258718135,0.2672028814035267,BALANCING
2.306,-1.266738064435947,-0.5321246402253361,175.19504731631528,0.26680189377174834,BALANCING
2.308,-1.2677979501531924,-0.5280820632551372,174.97647439116082,0.26640082858352004,BALANCING
2.31,-1.268849758944397,-0.5240477744902483,174.7577351650423,0.265999687723818,BALANCING
2.312,-1.2698935073829316,-0.5200217693866405,174.53883098846302,0.26559847307303386,BALANCING
2.314,-1.2709292120330518,-0.5160040433765455,174.31976320910672,0.2651971865069786,BALANCING
2.316,-1.27195688944985,-0.5119945918685451,174.1005331718395,0.26479582989688677,BALANCING
2.318,-1.2729765561792092,-0.5079934102476591,173.88114221871126,0.2643944051094207,BALANCING
2.32,-1.2739882287577549,-0.5040004938754346,173.66159168895757,0.2639929140066739,BALANCING
2.322,-1.2749919237128085,-0.5000158380900328,173.44188291900124,0.26359135844617604,BALANCING
2.324,-1.2759876575623408,-0.4960394382063179,173.22201724245414,0.26318974028089637,BALANCING
2.326,-1.2769754468149261,-0.49207128951594403,173.0019959901188,0.2627880613592479,BALANCING
2.328,-1.2779553079696944,-0.4881113872874423,172.78182048999014,0.26238632352509206,BALANCING
2.33,-1.2789272575162867,-0.48415972676630903,172.56149206725723,0.261984528617742,BALANCING
2.332,-1.2798913119348079,-0.48021630317509273,172.34101204430513,0.2615826784719675,BALANCING
2.334,-1.280847487695782,-0.4762811117134802,172.1203817407163,0.2611807749179983,BALANCING
2.336,-1.2817958012601058,-0.47235414755838334,171.89960247327278,0.260778819781529,BALANCING
2.338,-1.2827362690790034,-0.4684354058640262,171.67867555595757,0.2603768148837227,BALANCING
2.34,-1.2836689075939811,-0.4645248817620303,171.45760229995656,0.2599747620412154,BALANCING
2.342,-1.2845937332367827,-0.4606225703615009,171.2363840136604,0.25957266306612004,BALANCING
2.344,-1.285510762429344,-0.4567284667491135,171.015022002666,0.2591705197660307,BALANCING
2.346,-1.286420011583748,-0.45284256598919864,170.79351756977857,0.25876833394402704,BALANCING
2.348,-1.287321497102181,-0.4489648631238282,170.57187201501324,0.2583661073986778,BALANCING
2.35,-1.2882152353768863,-0.4450953531728996,170.350086635597,0.2579638419240458,BALANCING
2.352,-1.2891012427901234,-0.4412340311342212,170.12816272597038,0.25756153930969183,BALANCING
2.354,-1.28997953571412,-0.4373808919835978,169.90610157778934,0.2571592013406785,BALANCING
2.356,-1.290850130511031,-0.4335359306749142,169.683904479927,0.256756829797575,BALANCING
2.358,-1.291713043532893,-0.4296991421402204,169.46157271847562,0.25635442645646134,BALANCING
2.36,-1.2925682911215814,-0.4258705212898169,169.23910757674824,0.2559519930889318,BALANCING
2.362,-1.2934158896087677,-0.42205006301233605,169.01651033528069,0.2555495314621002,BALANCING
2.364,-1.2942558553158745,-0.41823776217482833,168.79378227183332,0.25514704333860344,BALANCING
2.366,-1.295088204554034,-0.4144336136228447,168.57092466139295,0.2547445304766062,BALANCING
2.368,-1.2959129536240444,-0.41063761218052147,168.3479387761746,0.2543419946298048,BALANCING
2.37,-1.2967301188163272,-0.40684975265066176,168.1248258856235,0.25393943754743187,BALANCING
2.372,-1.2975397164108844,-0.4030700298148212,167.90158725641683,0.25353686097426026,BALANCING
2.374,-1.2983417626772573,-0.3992984384333881,167.6782241524658,0.25313426665060773,BALANCING
2.376,-1.2991362738744825,-0.3955349732456679,167.4547378349172,0.25273165631234085,BALANCING
2.378,-1.2999232662510507,-0.3917796289699658,167.23112956215576,0.2523290316908796,BALANCING
2.38,-1.3007027560448652,-0.38803240030366865,167.00740058980557,0.25192639451320153,BALANCING
2.382,-1.301474759483199,-0.3842932819233271,166.78355217073235,0.251523746501846,BALANCING
2.384,-1.3022392927826547,-0.3805622684847376,166.55958555504515,0.2511210893749189,BALANCING
2.386,-1.3029963721491218,-0.37683935462302526,166.3355019900984,0.2507184248460964,BALANCING
2.388,-1.303746013777736,-0.3731245349527242,166.11130272049374,0.2503157546246298,BALANCING
2.39,-1.3044882338528379,-0.3694178040678598,165.88698898808204,0.24991308041534968,BALANCING
2.392,-1.3052230485479321,-0.3657191565420302,165.66256203196525,0.24951040391867008,BALANCING
2.394,-1.3059504740256473,-0.3620285869284866,165.4380230884985,0.2491077268305932,BALANCING
2.396,-1.306670526437694,-0.35834608976021537,165.2133733912919,0.24870505084271358,BALANCING
2.398,-1.3073832219248256,-0.3546716595500177,164.9886141712125,0.24830237764222243,BALANCING
2.4,-1.3080885766167965,-0.3510052907905913,164.7637466563864,0.24789970891191218,BALANCING
2.402,-1.3087866066323242,-0.3473469779546102,164.5387720722006,0.24749704633018074,BALANCING
2.404,-1.3094773280790473,-0.3436967154948052,164.31369164130504,0.2470943915710358,BALANCING
2.406,-1.3101607570534868,-0.3400544978440434,164.08850658361453,0.2466917463040995,BALANCING
2.408,-1.310836909641006,-0.3364203194154091,163.8632181163108,0.2462891121946128,BALANCING
2.41,-1.3115058019157715,-0.33279417460228317,163.63782745384452,0.24588649090343964,BALANCING
2.412,-1.3121674499407125,-0.32917605777842235,163.41233580793718,0.24548388408707159,BALANCING
2.414,-1.3128218697674843,-0.325565963298039,163.18674438758327,0.24508129339763224,BALANCING
2.416,-1.3134690774364264,-0.3219638854958802,162.96105439905216,0.24467872048288158,BALANCING
2.418,-1.3141090889765252,-0.3183698186873065,162.73526704589023,0.2442761669862206,BALANCING
2.42,-1.3147419204053754,-0.3147837571683716,162.5093835289228,0.2438736345466955,BALANCING
2.422,-1.3153675877291406,-0.31120569521590047,162.28340504625626,0.24347112479900235,BALANCING
2.424,-1.315986106942516,-0.3076356270875683,162.05733279328004,0.24306863937349146,BALANCING
2.426,-1.3165974940286889,-0.30407354702197814,161.83116796266873,0.2426661798961719,BALANCING
2.428,-1.3172017649593017,-0.30051944923874013,161.6049117443841,0.24226374798871592,BALANCING
2.43,-1.317798935694414,-0.29697332793854864,161.37856532567713,0.24186134526846356,BALANCING
2.432,-1.318389022182464,-0.2934351773032611,161.15212989109014,0.24145897334842692,BALANCING
2.434,-1.318972040360231,-0.2899049914959748,160.92560662245882,0.2410566338372949,BALANCING
2.436,-1.3195480061527995,-0.2863827646611053,160.69899669891427,0.2406543283394375,BALANCING
2.438,-1.32011693547352,-0.28286849092446303,160.47230129688526,0.24025205845491052,BALANCING
2.44,-1.320678844223973,-0.27936216439333084,160.24552159010008,0.2398498257794598,BALANCING
2.442,-1.3212337482939311,-0.27586377915654137,160.01865874958884,0.23944763190452625,BALANCING
2.444,-1.321781663561323,-0.2723733292845537,159.7917139436855,0.23904547841724974,BALANCING
2.446,-1.322322605892197,-0.2688908088295301,159.5646883380299,0.23864336690047408,BALANCING
2.448,-1.322856591140684,-0.26541621182541225,159.33758309556998,0.23824129893275145,BALANCING
2.45,-1.3233836351489605,-0.2619495322879988,159.11039937656395,0.23783927608834687,BALANCING
2.452,-1.323903753747214,-0.25849076421502015,158.8831383385822,0.2374372999372428,BALANCING
2.454,-1.3244169627536053,-0.2550399015862154,158.65580113650972,0.23703537204514386,BALANCING
2.456,-1.3249232779742337,-0.25159693836340863,158.42838892254798,0.23663349397348105,BALANCING
2.458,-1.325422715203101,-0.24816186849058378,158.20090284621722,0.23623166727941666,BALANCING
2.46,-1.3259152902220757,-0.24473468589396077,157.97334405435856,0.23582989351584865,BALANCING
2.462,-1.3264010188008573,-0.24131538448207115,157.74571369113625,0.23542817423141524,BALANCING
2.464,-1.326879916696942,-0.23790395814583284,157.5180128980396,0.23502651097049967,BALANCING
2.466,-1.3273519996555863,-0.23450040075862547,157.29024281388538,0.2346249052732346,BALANCING
2.468,-1.3278172834097726,-0.23110470617636578,157.0624045748199,0.23422335867550675,BALANCING
2.47,-1.328275783680175,-0.22771686823758208,156.83449931432122,0.23382187270896168,BALANCING
2.472,-1.3287275161751235,-0.2243368807634888,156.6065281632012,0.23342044890100813,BALANCING
2.474,-1.3291724965905696,-0.2209647375580616,156.37849224960792,0.23301908877482289,BALANCING
2.476,-1.329610740610053,-0.21760043240811128,156.15039269902772,0.2326177938493552,BALANCING
2.478,-1.3300422639046658,-0.2142439590833578,155.9222306342874,0.23221656563933152,BALANCING
2.48,-1.3304670821330196,-0.21089531133650485,155.69400717555644,0.2318154056552602,BALANCING
2.482,-1.3308852109412108,-0.20755448290331335,155.46572344034936,0.23141431540343607,BALANCING
2.484,-1.3312966659627872,-0.20422146750267572,155.23738054352773,0.23101329638594495,BALANCING
2.486,-1.331701462818714,-0.20089625883668868,155.00897959730244,0.23061235010066855,BALANCING
2.488,-1.3320996171173414,-0.1975788505907273,154.78052171123602,0.23021147804128894,BALANCING
2.49,-1.332491144454369,-0.19426923643351823,154.5520079922448,0.22981068169729327,BALANCING
2.492,-1.3328760604128154,-0.19096741001721262,154.3234395446011,0.2294099625539784,BALANCING
2.494,-1.333254380562982,-0.18767336497745934,154.0948174699357,0.2290093220924559,BALANCING
2.496,-1.3336261204624231,-0.1843870949334775,153.86614286723974,0.22860876178965606,BALANCING
2.498,-1.3339912956559112,-0.1811085934881296,153.63741683286727,0.22820828311833313,BALANCING
2.5,-1.334349921675405,-0.17783785422799356,153.40864046053747,0.2278078875470699,BALANCING
2.5020000000000002,-1.3347020140400165,-0.17457487072343547,153.17981484133665,0.22740757654028237,BALANCING
2.504,-1.3350475882559794,-0.17131963652868187,152.95094106372088,0.22700735155822424,BALANCING
2.5060000000000002,-1.3353866598166162,-0.1680721451818914,152.72202021351805,0.22660721405699194,BALANCING
2.508,-1.3357192442023063,-0.16483239020522747,152.4930533739302,0.2262071654885291,BALANCING
2.5100000000000002,-1.3360453568804547,-0.16160036510492928,152.26404162553584,0.22580720730063142,BALANCING
2.512,-1.336365013305459,-0.15837606337138357,152.03498604629218,0.22540734093695133,BALANCING
2.5140000000000002,-1.336678228918679,-0.15515947847919664,151.80588771153748,0.2250075678370027,BALANCING
2.516,-1.3369850191484043,-0.1519506038872656,151.57674769399327,0.2246078894361656,BALANCING
2.5180000000000002,-1.337285399409824,-0.14874943303884897,151.34756706376683,0.22420830716569104,BALANCING
2.52,-1.3375793851049942,-0.14555595936163834,151.1183468883533,0.2238088224527056,BALANCING
2.5220000000000002,-1.3378669916228079,-0.142370176267829,150.88908823263807,0.22340943672021638,BALANCING
2.524,-1.3381482343389635,-0.1391920771541907,150.65979215889914,0.22301015138711555,BALANCING
2.5260000000000002,-1.3384231286159345,-0.1360216554021385,150.43045972680946,0.22261096786818532,BALANCING
2.528,-1.3386916898029388,-0.1328589043778031,150.20109199343915,0.22221188757410243,BALANCING
2.5300000000000002,-1.338953933235908,-0.12970381743210102,149.97169001325793,0.2218129119114432,BALANCING
2.532,-1.339209874237457,-0.12655638790080517,149.74225483813743,0.221414042282688,BALANCING
2.5340000000000003,-1.3394595281168535,-0.12341660910461445,149.5127875173536,0.22101528008622628,BALANCING
2.536,-1.3397029101699893,-0.12028447434922382,149.28328909758886,0.22061662671636129,BALANCING
2.5380000000000003,-1.3399400356793485,-0.11715997692539423,149.05376062293473,0.22021808356331476,BALANCING
2.54,-1.3401709199139793,-0.11404311010902213,148.82420313489405,0.2198196520132317,BALANCING
2.5420000000000003,-1.3403955781294628,-0.11093386716120841,148.59461767238327,0.21942133344818543,BALANCING
2.544,-1.340614025567885,-0.10783224132832868,148.36500527173496,0.21902312924618206,BALANCING
2.5460000000000003,-1.3408262774578064,-0.1047382258421018,148.13536696670005,0.21862504078116535,BALANCING
2.548,-1.3410323490142335,-0.1016518139196591,147.90570378845038,0.21822706942302186,BALANCING
2.5500000000000003,-1.341232255438589,-0.09857299876361351,147.67601676558093,0.21782921653758514,BALANCING
2.552,-1.3414260119186827,-0.09550177356212754,147.44630692411226,0.2174314834866412,BALANCING
2.5540000000000003,-1.3416136336286844,-0.09243813148898272,147.21657528749293,0.21703387162793294,BALANCING
2.556,-1.3417951357290925,-0.08938206570364797,146.98682287660188,0.21663638231516497,BALANCING
2.5580000000000003,-1.3419705333667076,-0.08633356935134742,146.75705070975073,0.21623901689800865,BALANCING
2.56,-1.3421398416746033,-0.08329263556312935,146.52725980268642,0.2158417767221067,BALANCING
2.562,-1.342303075772098,-0.08025925745593339,146.2974511685934,0.21544466312907817,BALANCING
2.564,-1.3424602507647263,-0.07723342813265908,146.0676258180961,0.21504767745652337,BALANCING
2.566,-1.3426113817442118,-0.07421514068223342,145.83778475926147,0.2146508210380285,BALANCING
2.568,-1.342756483788439,-0.07120438817967868,145.60792899760122,0.2142540952031705,BALANCING
2.57,-1.3428955719614248,-0.06820116368617968,145.37805953607437,0.21385750127752218,BALANCING
2.572,-1.3430286613132922,-0.06520546024915133,145.1481773750897,0.21346104058265677,BALANCING
2.574,-1.3431557668802416,-0.06221727090230543,144.918283512508,0.21306471443615307,BALANCING
2.576,-1.3432769036845242,-0.05923658866571856,144.68837894364484,0.2126685241515999,BALANCING
2.578,-1.343392086734415,-0.056263406545898134,144.45846466127267,0.21227247103860145,BALANCING
2.58,-1.3435013310241841,-0.053297717535849984,144.2285416556235,0.21187655640278186,BALANCING
2.582,-1.3436046515340723,-0.050339514615144486,143.99861091439126,0.21148078154579011,BALANCING
2.584,-1.3437020632302628,-0.04738879074998323,143.7686734227343,0.21108514776530501,BALANCING
2.586,-1.3437935810648538,-0.04444553889326552,143.5387301632778,0.21068965635504006,BALANCING
2.588,-1.3438792199758338,-0.04150975198465473,143.3087821161163,0.21029430860474832,BALANCING
2.59,-1.343958994887054,-0.038581422950644574,143.07883025881614,0.2098991058002272,BALANCING
2.592,-1.3440329207082027,-0.0356605447046242,142.84887556641792,0.20950404922332355,BALANCING
2.594,-1.3441010123347776,-0.03274711014694518,142.61891901143898,0.20910914015193846,BALANCING
2.596,-1.3441632846480627,-0.02984111216498676,142.388961563876,0.20871437986003205,BALANCING
2.598,-1.3442197525150992,-0.026942543633220885,142.15900419120726,0.20831976961762874,BALANCING
2.6,-1.344270430788662,-0.024051397413278757,141.9290478583953,0.20792531069082168,BALANCING
2.602,-1.3443153343072332,-0.02116766635401553,141.6990935278895,0.207531004341778,BALANCING
2.604,-1.344354477894977,-0.018291343291575394,141.46914215962826,0.20713685182874372,BALANCING
2.606,-1.3443878763617134,-0.015422421049457059,141.23919471104185,0.20674285440604848,BALANCING
2.608,-1.3444155445028945,-0.012560892438578206,141.00925213705472,0.20634901332411054,BALANCING
2.61,-1.3444374970995783,-0.009706750257340536,140.77931539008807,0.20595532982944187,BALANCING
2.612,-1.3444537489184039,-0.006859987291694179,140.54938542006238,0.20556180516465286,BALANCING
2.614,-1.3444643147115667,-0.004020596315202768,140.31946317439986,0.20516844056845743,BALANCING
2.616,-1.344469209216794,-0.0011885700891071293,140.08954959802708,0.2047752372756779,BALANCING
2.618,-1.3444684471573205,0.0016360986376096462,139.85964563337743,0.20438219651724981,BALANCING
2.62,-1.344462043241863,0.004453417128159124,139.62975222039364,0.2039893195202271,BALANCING
2.622,-1.344450012164597,0.007263392657882683,139.3998702965304,0.20359660750778702,BALANCING
2.624,-1.3444323686051318,0.010066032514187749,139.1700007967568,0.20320406169923474,BALANCING
2.626,-1.3444091272284873,0.012861343996484711,138.94014465355886,0.20281168331000882,BALANCING
2.628,-1.3443803026850691,0.015649334416122727,138.71030279694224,0.20241947355168594,BALANCING
2.63,-1.3443459096106454,0.018430011096325964,138.48047615443465,0.2020274336319857,BALANCING
2.632,-1.344305962626323,0.021203381372131257,138.2506656510884,0.2016355647547758,BALANCING
2.634,-1.3442604763385237,0.02396945259032416,138.02087220948306,0.201243868120077,BALANCING
2.636,-1.3442094653389614,0.026728232109375975,137.7910967497279,0.20085234492406795,BALANCING
2.638,-1.3441529442046174,0.029479727299381114,137.56134018946452,0.20046099635909043,BALANCING
2.64,-1.3440909274977193,0.03222394554199366,137.3316034438695,0.20006982361365397,BALANCING
2.642,-1.344023429765716,0.03496089423036557,137.1018874256568,0.19967882787244107,BALANCING
2.644,-1.3439504655412562,0.037690580769083666,136.87219304508045,0.19928801031631224,BALANCING
2.646,-1.3438720493421645,0.040413012574106684,136.64252120993712,0.19889737212231082,BALANCING
2.648,-1.3437881956714197,0.0431281970727036,136.4128728255687,0.198506914463668,BALANCING
2.65,-1.3436989190171311,0.04583614170339149,136.18324879486485,0.19811663850980785,BALANCING
2.652,-1.3436042338525176,0.04853685391587359,135.95365001826565,0.19772654542635237,BALANCING
2.654,-1.343504154635884,0.05123034117097664,135.72407739376413,0.19733663637512644,BALANCING
2.656,-1.343398695810599,0.053916610940590026,135.49453181690896,0.19694691251416285,BALANCING
2.658,-1.3432878718050745,0.056595670707603296,135.26501418080693,0.19655737499770717,BALANCING
2.66,-1.3431716970327419,0.059267527965845154,135.03552537612572,0.19616802497622293,BALANCING
2.662,-1.3430501858920312,0.061932190220022124,134.8060662910963,0.1957788635963966,BALANCING
2.664,-1.342923352766349,0.0645896649856572,134.5766378115157,0.1953898920011425,BALANCING
2.666,-1.3427912120240575,0.06723995978902816,134.34724082074962,0.195001111329608,BALANCING
2.668,-1.3426537780184522,0.06988308216710747,134.11787619973495,0.19461252271717835,BALANCING
2.67,-1.3425110650877414,0.07251903966750049,133.8885448269825,0.19422412729548177,BALANCING
2.672,-1.3423630875550245,0.07514783984838527,133.65924757857948,0.19383592619239454,BALANCING
2.674,-1.3422098597282708,0.07776949027845181,133.42998532819234,0.19344792053204593,BALANCING
2.676,-1.3420513959002986,0.08038399853684165,133.20075894706926,0.19306011143482327,BALANCING
2.678,-1.3418877103487556,0.08299137221308721,132.97156930404273,0.19267250001737707,BALANCING
2.68,-1.341718817336096,0.08559161890705143,132.74241726553242,0.1922850873926259,BALANCING
2.682,-1.3415447311095614,0.08818474622886836,132.51330369554753,0.19189787466976152,BALANCING
2.684,-1.34136546590116,0.09077076179888219,132.2842294556897,0.19151086295425382,BALANCING
2.686,-1.3411810359276461,0.0933496732475884,132.05519540515544,0.19112405334785615,BALANCING
2.688,-1.3409914553905002,0.095921488215573,131.82620240073896,0.19073744694860997,BALANCING
2.69,-1.3407967384759083,0.09848621435345353,131.59725129683468,0.1903510448508502,BALANCING
2.692,-1.3405968993547421,0.10104385932181909,131.36834294544,0.18996484814521,BALANCING
2.694,-1.34039195218254,0.10359443079117159,131.1394781961579,0.18957885791862616,BALANCING
2.696,-1.3401819110994857,0.10613793644186603,130.91065789619967,0.18919307525434392,BALANCING
2.698,-1.33996679023039,0.10867438396405153,130.6818828903874,0.18880750123192203,BALANCING
2.7,-1.3397466036846706,0.111203781057612,130.45315402115693,0.18842213692723783,BALANCING
2.702,-1.3395213655563325,0.11372613543210816,130.22447212856025,0.1880369834124925,BALANCING
2.704,-1.3392910899239496,0.11624145480671728,129.99583805026842,0.1876520417562158,BALANCING
2.706,-1.3390557908506444,0.11874974691017605,129.767252621574,0.18726731302327143,BALANCING
2.708,-1.33881548238407,0.12125101948072106,129.5387166753939,0.18688279827486184,BALANCING
2.71,-1.3385701785563904,0.12374528026603064,129.31023104227214,0.18649849856853348,BALANCING
2.712,-1.338319893384262,0.12623253702316714,129.08179655038225,0.18611441495818182,BALANCING
2.714,-1.3380646408688144,0.1287127975185184,128.85341402553027,0.1857305484940565,BALANCING
2.716,-1.3378044349956328,0.13118606952773904,128.62508429115726,0.18534690022276615,BALANCING
2.718,-1.3375392897347391,0.13365236083569396,128.39680816834206,0.18496347118728387,BALANCING
2.72,-1.3372692190405726,0.1361116792363993,128.16858647580395,0.1845802624269519,BALANCING
2.722,-1.3369942368519734,0.13856403253296556,127.94042002990543,0.18419727497748706,BALANCING
2.724,-1.3367143570921634,0.14100942853753948,127.71230964465484,0.18381450987098544,BALANCING
2.726,-1.3364295936687274,0.1434478750712473,127.48425613170913,0.18343196813592794,BALANCING
2.728,-1.336139960473597,0.14587937996413677,127.25626030037655,0.183049650797185,BALANCING
2.73,-1.335845471383032,0.14830395105512054,127.02832295761935,0.1826675588760218,BALANCING
2.732,-1.3355461402576023,0.15072159619191905,126.80044490805652,0.18228569339010345,BALANCING
2.734,-1.335241980942171,0.15313232323100306,126.5726269539665,0.18190405535350002,BALANCING
2.736,-1.3349330072658765,0.1555361400375372,126.3448698952899,0.1815226457766915,BALANCING
2.738,-1.3346192330421154,0.15793305448532352,126.11717452963222,0.18114146566657305,BALANCING
2.74,-1.334300672068525,0.1603230744567449,125.88954165226663,0.18076051602646015,BALANCING
2.742,-1.333977338126967,0.16270620784270823,125.66197205613659,0.18037979785609357,BALANCING
2.744,-1.33364924498351,0.16508246254258804,125.4344665318587,0.17999931215164441,BALANCING
2.746,-1.3333164063884118,0.1674518464641709,125.20702586772539,0.17961905990571947,BALANCING
2.748,-1.3329788360761041,0.16981436752359902,124.97965084970764,0.1792390421073661,BALANCING
2.75,-1.332636547765175,0.1721700336453139,124.75234226145768,0.17885925974207745,BALANCING
2.7520000000000002,-1.3322895551583522,0.174518852762001,124.52510088431191,0.17847971379179742,BALANCING
2.754,-1.331937871942488,0.17686083281453382,124.29792749729346,0.17810040523492607,BALANCING
2.7560000000000002,-1.331581511788541,0.17919598175191834,124.07082287711498,0.17772133504632434,BALANCING
2.758,-1.3312204883515615,0.18152430753123763,123.84378779818147,0.17734250419731956,BALANCING
2.7600000000000002,-1.3308548152706745,0.18384581811759595,123.61682303259293,0.1769639136557101,BALANCING
2.762,-1.330484506169064,0.18616052148406456,123.38992935014723,0.17658556438577105,BALANCING
2.7640000000000002,-1.3301095746539573,0.18846842561162547,123.16310751834276,0.17620745734825885,BALANCING
2.766,-1.3297300343166092,0.19076953848911707,122.93635830238125,0.1758295935004167,BALANCING
2.7680000000000002,-1.3293458987322853,0.19306386811317913,122.70968246517053,0.17545197379597952,BALANCING
2.77,-1.3289571814602488,0.19535142248819784,122.48308076732728,0.1750745991851791,BALANCING
2.7720000000000002,-1.3285638960437425,0.19763220962625144,122.25655396717981,0.17469747061474933,BALANCING
2.774,-1.3281660560099753,0.1999062375470557,122.03010282077084,0.17432058902793127,BALANCING
2.7760000000000002,-1.3277636748701056,0.20217351427790906,121.80372808186021,0.17394395536447815,BALANCING
2.778,-1.3273567661192276,0.2044340478536386,121.57743050192776,0.17356757056066066,BALANCING
2.7800000000000002,-1.3269453432363554,0.20668784631654621,121.35121083017606,0.17319143554927205,BALANCING
2.782,-1.3265294196844077,0.2089349177163536,121.12506981353313,0.1728155512596331,BALANCING
2.7840000000000003,-1.3261090089101943,0.2111752701101496,120.89900819665536,0.17243991861759755,BALANCING
2.786,-1.3256841243444009,0.2134089115623354,120.67302672193013,0.172064538545557,BALANCING
2.7880000000000003,-1.3252547794015737,0.21563585014457104,120.44712612947872,0.17168941196244597,BALANCING
2.79,-1.3248209874801056,0.21785609393572206,120.22130715715903,0.1713145397837474,BALANCING
2.7920000000000003,-1.3243827619622228,0.2200696510218054,119.99557054056848,0.1709399229214973,BALANCING
2.794,-1.3239401162139688,0.22227652949593713,119.76991701304662,0.1705655622842903,BALANCING
2.7960000000000003,-1.3234930635851911,0.2244767374582781,119.54434730567812,0.17019145877728467,BALANCING
2.798,-1.3230416174095274,0.22667028301598127,119.31886214729542,0.16981761330220715,BALANCING
2.8000000000000003,-1.3225857910043914,0.22885717428313912,119.09346226448159,0.16944402675735862,BALANCING
2.802,-1.3221255976709587,0.23103741938072986,118.86814838157318,0.16907070003761884,BALANCING
2.8040000000000003,-1.321661050694154,0.2332110264365652,118.64292122066293,0.16869763403445176,BALANCING
2.806,-1.321192163342636,0.23537800358523778,118.41778150160263,0.16832482963591058,BALANCING
2.8080000000000003,-1.3207189488687852,0.23753835896806838,118.19272994200595,0.167952287726643,BALANCING
2.81,-1.3202414205086903,0.23969210073305333,117.96776725725121,0.16758000918789623,BALANCING
2.8120000000000003,-1.3197595914821345,0.24183923703481272,117.74289416048417,0.16720799489752217,BALANCING
2.814,-1.3192734749925823,0.24397977603453758,117.51811136262093,0.1668362457299827,BALANCING
2.816,-1.3187830842271668,0.24611372589993824,117.29341957235069,0.16646476255635465,BALANCING
2.818,-1.3182884323566766,0.2482410948051923,117.06881949613852,0.16609354624433495,BALANCING
2.82,-1.3177895325355422,0.25036189093089256,116.84431183822831,0.16572259765824593,BALANCING
2.822,-1.3172863979018246,0.2524761224639954,116.61989730064548,0.16535191765904034,BALANCING
2.824,-1.3167790415772014,0.2545837975977693,116.39557658319984,0.16498150710430648,BALANCING
2.826,-1.316267476666955,0.2566849245317431,116.17135038348844,0.16461136684827346,BALANCING
2.828,-1.31575171625996,0.2587795114716545,115.9472193968984,0.16424149774181634,BALANCING
2.83,-1.31523177342867,0.26086756662939903,115.72318431660966,0.16387190063246113,BALANCING
2.832,-1.3147076612291066,0.26294909822297885,115.49924583359793,0.16350257636439006,BALANCING
2.834,-1.314179392700847,0.2650241144764514,115.27540463663742,0.16313352577844675,BALANCING
2.836,-1.3136469808670106,0.26709262361987884,115.05166141230377,0.16276474971214128,BALANCING
2.838,-1.3131104387342487,0.2691546338892774,114.8280168449768,0.1623962489996555,BALANCING
2.84,-1.312569779292732,0.27121015352656597,114.60447161684344,0.16202802447184791,BALANCING
2.842,-1.3120250155161388,0.2732591907795159,114.38102640790045,0.1616600769562591,BALANCING
2.844,-1.3114761603616434,0.2753017539017004,114.15768189595741,0.16129240727711683,BALANCING
2.846,-1.3109232267699042,0.27733785115244436,113.93443875663944,0.16092501625534092,BALANCING
2.848,-1.3103662276650534,0.27936749079677387,113.71129766339011,0.16055790470854883,BALANCING
2.85,-1.3098051759546843,0.2813906811053662,113.48825928747429,0.16019107345106048,BALANCING
2.852,-1.3092400845298404,0.28340743035449967,113.26532429798098,0.15982452329390365,BALANCING
2.854,-1.3086709662650051,0.2854177468260039,113.04249336182615,0.15945825504481895,BALANCING
2.856,-1.3080978340180893,0.28742163880720967,112.81976714375564,0.159092269508265,BALANCING
2.858,-1.307520700630422,0.28941911459089964,112.59714630634797,0.15872656748542374,BALANCING
2.86,-1.3069395789267375,0.29141018247525813,112.3746315100172,0.15836114977420546,BALANCING
2.862,-1.306354481715167,0.29339485076382227,112.15222341301582,0.15799601716925388,BALANCING
2.864,-1.3057654217872263,0.29537312776543245,111.92992267143761,0.1576311704619515,BALANCING
2.866,-1.305172411917805,0.2973450217941831,111.70772993922046,0.15726661044042473,BALANCING
2.868,-1.3045754648651575,0.29931054116937295,111.48564586814926,0.1569023378895488,BALANCING
2.87,-1.3039745933708913,0.3012696942154571,111.26367110785876,0.15653835359095325,BALANCING
2.872,-1.3033698101599578,0.3032224892619972,111.04180630583645,0.15617465832302688,BALANCING
2.874,-1.302761127940641,0.3051689346436131,110.8200521074254,0.15581125286092298,BALANCING
2.876,-1.3021485594045492,0.307109038699934,110.59840915582717,0.1554481379765645,BALANCING
2.878,-1.3015321172266023,0.3090428097755497,110.37687809210463,0.15508531443864917,BALANCING
2.88,-1.3009118140650249,0.31097025621996255,110.15545955518489,0.15472278301265469,BALANCING
2.882,-1.3002876625613344,0.31289138638753855,109.93415418186213,0.15436054446084382,BALANCING
2.884,-1.2996596753403324,0.31480620863745973,109.71296260680046,0.15399859954226974,BALANCING
2.886,-1.2990278650100946,0.3167147313336753,109.49188546253687,0.15363694901278085,BALANCING
2.888,-1.2983922441619615,0.3186169628448542,109.27092337948405,0.1532755936250264,BALANCING
2.89,-1.2977528253705297,0.3205129115443367,109.05007698593326,0.15291453412846118,BALANCING
2.892,-1.297109621193641,0.32240258581008713,108.82934690805727,0.1525537712693509,BALANCING
2.894,-1.2964626441723746,0.32428599402464586,108.6087337699132,0.15219330579077756,BALANCING
2.896,-1.2958119068310376,0.3261631445750813,108.38823819344537,0.15183313843264418,BALANCING
2.898,-1.295157421677156,0.32803404585294316,108.16786079848829,0.1514732699316802,BALANCING
2.9,-1.294499201201465,0.32989870625421497,107.94760220276945,0.1511137010214466,BALANCING
2.902,-1.2938372578779025,0.3317571341792666,107.72746302191221,0.15075443243234127,BALANCING
2.904,-1.293171604163597,0.33360933803280685,107.50744386943877,0.15039546489160371,BALANCING
2.906,-1.2925022524988619,0.3354553262238364,107.28754535677301,0.15003679912332052,BALANCING
2.908,-1.2918292153071853,0.3372951071656018,107.06776809324333,0.1496784358484305,BALANCING
2.91,-1.2911525049952224,0.33912868927554773,106.84811268608563,0.14932037578472987,BALANCING
2.912,-1.2904721339527867,0.3409560809752702,106.62857974044617,0.14896261964687718,BALANCING
2.914,-1.289788114552842,0.34277729069047075,106.40916985938445,0.14860516814639874,BALANCING
2.916,-1.2891004591514943,0.34459232685090946,106.18988364387613,0.14824802199169365,BALANCING
2.918,-1.2884091800879829,0.34640119789035856,105.97072169281589,0.147891181888039,BALANCING
2.92,-1.2877142896846736,0.34820391224655584,105.7516846030204,0.14753464853759496,BALANCING
2.922,-1.2870158002470506,0.350000478361159,105.53277296923113,0.14717842263941,BALANCING
2.924,-1.286313724063708,0.35179090467969937,105.31398738411735,0.14682250488942608,BALANCING
2.926,-1.2856080734063424,0.3535751996515358,105.09532843827894,0.14646689598048362,BALANCING
2.928,-1.2848988605297458,0.3553533717298094,104.87679672024933,0.1461115966023269,BALANCING
2.93,-1.2841860976717974,0.35712542937139696,104.65839281649842,0.14575660744160904,BALANCING
2.932,-1.2834697970534568,0.3588913810368659,104.44011731143549,0.14540192918189723,BALANCING
2.934,-1.282749970878756,0.3606512351904286,104.22197078741206,0.14504756250367787,BALANCING
2.936,-1.2820266313347928,0.36240500029989675,104.00395382472485,0.1446935080843617,BALANCING
2.938,-1.2812997905917234,0.36415268483663654,103.78606700161865,0.14433976659828904,BALANCING
2.94,-1.2805694608027547,0.3658942972755229,103.56831089428924,0.14398633871673472,BALANCING
2.942,-1.279835654104139,0.36762984609489474,103.35068607688632,0.14363322510791357,BALANCING
2.944,-1.279098382615165,0.3693593397765097,103.13319312151643,0.14328042643698524,BALANCING
2.946,-1.2783576584381529,0.3710827868054997,102.91583259824577,0.14292794336605955,BALANCING
2.948,-1.2776134936584462,0.3728001956703257,102.69860507510326,0.14257577655420162,BALANCING
2.95,-1.2768659003444063,0.37451157486273307,102.48151111808335,0.14222392665743677,BALANCING
2.952,-1.2761148905474053,0.37621693287770774,102.26455129114893,0.14187239432875626,BALANCING
2.954,-1.2753604763018196,0.3779162782134306,102.04772615623436,0.1415211802181217,BALANCING
2.956,-1.2746026696250232,0.37960961937123394,101.83103627324823,0.14117028497247075,BALANCING
2.958,-1.2738414825173832,0.38129696485555714,101.61448220007638,0.14081970923572198,BALANCING
2.96,-1.2730769269622508,0.38297832317390196,101.39806449258484,0.1404694536487802,BALANCING
2.962,-1.2723090149259577,0.38465370283678924,101.18178370462263,0.14011951884954135,BALANCING
2.964,-1.2715377583578094,0.3863231123577145,100.96564038802484,0.13976990547289794,BALANCING
2.966,-1.2707631691900785,0.38798656025310435,100.74963509261538,0.13942061415074403,BALANCING
2.968,-1.2699852593379994,0.3896440550422725,100.53376836621005,0.13907164551198037,BALANCING
2.97,-1.2692040406997631,0.39129560524737633,100.3180407546194,0.13872300018251946,BALANCING
2.972,-1.2684195251565107,0.3929412193933738,100.10245280165162,0.13837467878529097,BALANCING
2.974,-1.2676317245723285,0.39458090600797946,99.88700504911556,0.13802668194024667,BALANCING
2.976,-1.2668406507942425,0.39621467362162094,99.67169803682354,0.13767901026436558,BALANCING
2.978,-1.2660463156522122,0.3978425307673964,99.45653230259437,0.13733166437165906,BALANCING
2.98,-1.265248730959126,0.3994644859810312,99.24150838225623,0.1369846448731761,BALANCING
2.982,-1.2644479085107967,0.4010805478008347,99.02662680964961,0.13663795237700838,BALANCING
2.984,-1.2636438600859543,0.40269072476765794,98.81188811663026,0.13629158748829537,BALANCING
2.986,-1.2628365974462437,0.40429502542485024,98.59729283307206,0.13594555080922946,BALANCING
2.988,-1.262026132336217,0.40589345831821677,98.38284148687002,0.13559984293906113,BALANCING
2.99,-1.2612124764833303,0.4074860319959764,98.16853460394314,0.1352544644741042,BALANCING
2.992,-1.2603956415979394,0.40907275500871826,97.95437270823741,0.13490941600774067,BALANCING
2.994,-1.2595756393732926,0.41065363590936027,97.74035632172873,0.13456469813042612,BALANCING
2.996,-1.2587524814855293,0.4122286832531066,97.52648596442575,0.1342203114296947,BALANCING
2.998,-1.2579261795936734,0.41379790559740515,97.31276215437295,0.13387625649016424,BALANCING
3.0,-1.257096745339629,0.41536131150190647,97.09918540765347,0.13353253389354153,BALANCING
3.0020000000000002,-1.2562641903481766,0.41691890952842076,96.88575623839206,0.1331891442186273,BALANCING
3.004,-1.2554285262269689,0.4184707082408764,96.67247515875808,0.1328460880413213,BALANCING
3.0060000000000002,-1.2545897645665263,0.42001671620527853,96.45934267896831,0.1325033659346276,BALANCING
3.008,-1.2537479169402324,0.42155694198966737,96.24635930729,0.1321609784686597,BALANCING
3.0100000000000002,-1.2529029949043309,0.4230913941640758,96.0335255500438,0.13181892621064534,BALANCING
3.012,-1.2520550099979213,0.42462008130048945,95.8208419116066,0.1314772097249321,BALANCING
3.0140000000000002,-1.2512039737429541,0.4261430119728038,95.60830889441456,0.13113582957299202,BALANCING
3.016,-1.2503498976442289,0.42766019475678424,95.39592699896602,0.13079478631342722,BALANCING
3.0180000000000002,-1.2494927931893884,0.42917163823002413,95.18369672382443,0.13045408050197452,BALANCING
3.02,-1.2486326718489178,0.4306773509719041,94.9716185656213,0.13011371269151098,BALANCING
3.0220000000000002,-1.2477695450761375,0.4321773415635512,94.75969301905916,0.12977368343205872,BALANCING
3.024,-1.2469034243072032,0.4336716185877979,94.5479205769144,0.12943399327079017,BALANCING
3.0260000000000002,-1.2460343209611002,0.43516019062914146,94.33630173004038,0.1290946427520331,BALANCING
3.028,-1.245162246439641,0.4366430662737034,94.12483696737019,0.12875563241727586,BALANCING
3.0300000000000002,-1.2442872121274626,0.438120254109189,93.91352677591975,0.12841696280517234,BALANCING
3.032,-1.2434092293920218,0.43959176272484646,93.70237164079063,0.12807863445154719,BALANCING
3.0340000000000003,-1.2425283095835942,0.4410576007114271,93.49137204517304,0.12774064788940073,BALANCING
3.036,-1.241644464035269,0.4425177766611452,93.2805284703488,0.1274030036489144,BALANCING
3.0380000000000003,-1.2407577040629487,0.4439722991676376,93.06984139569421,0.12706570225745553,BALANCING
3.04,-1.2398680409653433,0.44542117682592336,92.85931129868308,0.12672874423958252,BALANCING
3.0420000000000003,-1.2389754860239708,0.4468644182323651,92.6489386548896,0.12639213011705008,BALANCING
3.044,-1.2380800505031517,0.44830203198462804,92.43872393799134,0.12605586040881425,BALANCING
3.0460000000000003,-1.237181745650008,0.44973402668164036,92.22866761977214,0.1257199356310374,BALANCING
3.048,-1.236280582694461,0.4511604109235544,92.01877017012508,0.12538435629709338,BALANCING
3.0500000000000003,-1.2353765728492274,0.45258119331170626,91.80903205705542,0.1250491229175727,BALANCING
3.052,-1.2344697273098184,0.4539963824485773,91.59945374668358,0.12471423600028753,BALANCING
3.0540000000000003,-1.2335600572545367,0.4554059869377541,91.39003570324802,0.12437969605027682,BALANCING
3.056,-1.2326475738444747,0.4568100153838894,91.18077838910821,0.12404550356981138,BALANCING
3.0580000000000003,-1.231732288223512,0.45820847639266327,90.97168226474764,0.12371165905839891,BALANCING
3.06,-1.2308142115183138,0.45960137857074396,90.76274778877664,0.12337816301278927,BALANCING
3.0620000000000003,-1.229893354838329,0.46098873052574885,90.5539754179354,0.12304501592697921,BALANCING
3.064,-1.2289697292757882,0.4623705408662062,90.34536560709697,0.12271221829221787,BALANCING
3.0660000000000003,-1.2280433459057014,0.463746818201516,90.13691880927006,0.12237977059701158,BALANCING
3.068,-1.2271142157858568,0.46511757114191116,89.92863547560214,0.12204767332712903,BALANCING
3.0700000000000003,-1.2261823499568196,0.46648280829841965,89.72051605538225,0.12171592696560635,BALANCING
3.072,-1.2252477594419298,0.4678425382828256,89.51256099604407,0.12138453199275213,BALANCING
3.074,-1.2243104552473008,0.46919676970763113,89.30477074316879,0.12105348888615255,BALANCING
3.076,-1.2233704483618184,0.47054551118601834,89.09714574048805,0.12072279812067646,BALANCING
3.078,-1.2224277497571392,0.47188877133181106,88.88968642988692,0.12039246016848033,BALANCING
3.08,-1.2214823703876891,0.4732265587594367,88.68239325140686,0.1200624754990135,BALANCING
3.082,-1.2205343211906627,0.4745588820838885,88.47526664324862,0.11973284457902307,BALANCING
3.084,-1.2195836130860218,0.47588574992068805,88.26830704177522,0.11940356787255912,BALANCING
3.086,-1.2186302569764946,0.47720717088584697,88.06151488151485,0.11907464584097965,BALANCING
3.088,-1.2176742637475744,0.4785231535958296,87.85489059516394,0.1187460789429557,BALANCING
3.09,-1.216715644267519,0.4798337066675155,87.64843461358991,0.11841786763447636,BALANCING
3.092,-1.215754409387351,0.4811388387181622,87.4421473658343,0.1180900123688539,BALANCING
3.094,-1.2147905699408543,0.48243855836536736,87.23602927911561,0.11776251359672867,BALANCING
3.096,-1.2138241367445766,0.4837328742270324,87.0300807788323,0.11743537176607444,BALANCING
3.098,-1.2128551205978264,0.48502179492132436,86.82430228856568,0.11710858732220311,BALANCING
3.1,-1.211883532282674,0.48630532906663987,86.61869423008294,0.11678216070777003,BALANCING
3.102,-1.2109093825639505,0.48758348528156753,86.41325702334001,0.1164560923627788,BALANCING
3.104,-1.2099326821892478,0.4888562721848516,86.20799108648457,0.11613038272458662,BALANCING
3.106,-1.2089534418889178,0.490123698395355,86.0028968358589,0.11580503222790903,BALANCING
3.108,-1.2079716723760725,0.4913857725320222,85.79797468600302,0.11548004130482507,BALANCING
3.11,-1.206987384346584,0.49264250321384373,85.5932250496574,0.11515541038478244,BALANCING
3.112,-1.2060005884790836,0.493893899059819,85.38864833776609,0.11483113989460234,BALANCING
3.114,-1.205011295434964,0.4951399686889201,85.18424495947953,0.11450723025848458,BALANCING
3.116,-1.2040195158583766,0.4963807207200555,84.98001532215761,0.11418368189801266,BALANCING
3.118,-1.2030252603762335,0.49761616377203444,84.77595983137255,0.11386049523215865,BALANCING
3.12,-1.202028539598207,0.4988463064635302,84.57207889091184,0.11353767067728847,BALANCING
3.122,-1.201029364116731,0.5000711574130444,84.36837290278125,0.11321520864716667,BALANCING
3.124,-1.200027744506999,0.5012907252388714,84.16484226720766,0.11289310955296158,BALANCING
3.126,-1.1990236913269672,0.5025050185590619,83.96148738264215,0.11257137380325025,BALANCING
3.128,-1.198017215117354,0.5037140459913879,83.75830864576278,0.11225000180402361,BALANCING
3.13,-1.1970083264016398,0.5049178161533069,83.55530645147773,0.11192899395869133,BALANCING
3.132,-1.195997035686069,0.5061163376619264,83.35248119292804,0.11160835066808686,BALANCING
3.134,-1.1949833534596495,0.507309619133969,83.14983326149071,0.1112880723304726,BALANCING
3.136,-1.1939672901941545,0.508497669185736,82.94736304678156,0.11096815934154468,BALANCING
3.138,-1.1929488563441235,0.5096804964330732,82.74507093665818,0.11064861209443808,BALANCING
3.14,-1.1919280623468615,0.5108581094913356,82.54295731722293,0.11032943097973173,BALANCING
3.142,-1.1909049186224423,0.5120305169753523,82.34102257282579,0.11001061638545326,BALANCING
3.144,-1.1898794355737086,0.5131977274993917,82.13926708606739,0.10969216869708429,BALANCING
3.146,-1.188851623586272,0.5143597496771266,81.93769123780193,0.10937408829756523,BALANCING
3.148,-1.187821493028517,0.5155165921215993,81.73629540714005,0.10905637556730033,BALANCING
3.15,-1.1867890542515993,0.5166682634451873,81.53507997145185,0.10873903088416273,BALANCING
3.152,-1.1857543175894492,0.5178147722595687,81.33404530636986,0.1084220546234993,BALANCING
3.154,-1.184717293358772,0.518956127175688,81.13319178579187,0.10810544715813582,BALANCING
3.156,-1.18367799185905,0.5200923368037209,80.93251978188393,0.10778920885838185,BALANCING
3.158,-1.1826364233725444,0.5212234097530415,80.7320296650833,0.10747334009203569,BALANCING
3.16,-1.1815925981642958,0.522349354632187,80.53172180410144,0.10715784122438948,BALANCING
3.162,-1.1805465264821269,0.5234701800488238,80.33159656592677,0.10684271261823411,BALANCING
3.164,-1.1794982185566436,0.5245858946097143,80.13165431582782,0.10652795463386405,BALANCING
3.166,-1.1784476846012382,0.5256965069206819,79.93189541735602,0.10621356762908273,BALANCING
3.168,-1.1773949348120893,0.5268020255865784,79.73232023234871,0.105899551959207,BALANCING
3.17,-1.1763399793681655,0.5279024592112491,79.53292912093205,0.10558590797707246,BALANCING
3.172,-1.175282828431226,0.5289978163975003,79.33372244152397,0.10527263603303832,BALANCING
3.174,-1.1742234921458243,0.5300881057470653,79.13470055083711,0.1049597364749923,BALANCING
3.176,-1.1731619806393094,0.5311733358605711,78.93586380388172,0.10464720964835568,BALANCING
3.178,-1.1720983040218278,0.5322535153375054,78.73721255396865,0.10433505589608826,BALANCING
3.18,-1.1710324723863266,0.5333286527761826,78.53874715271225,0.10402327555869326,BALANCING
3.182,-1.169964495808555,0.5343987567737114,78.34046795003329,0.1037118689742223,BALANCING
3.184,-1.168894384347068,0.5354638359259618,78.14237529416192,0.1034008364782803,BALANCING
3.186,-1.1678221480432283,0.5365238988275315,77.94446953164059,0.10309017840403055,BALANCING
3.188,-1.1667477969212074,0.5375789540717137,77.74675100732702,0.10277989508219951,BALANCING
3.19,-1.165671340987991,0.5386290102504644,77.54922006439708,0.10246998684108186,BALANCING
3.192,-1.1645927902333797,0.5396740759543693,77.3518770443477,0.10216045400654543,BALANCING
3.194,-1.1635121546299927,0.5407141597726114,77.15472228699993,0.10185129690203602,BALANCING
3.196,-1.16242944413327,0.5417492702929391,76.95775613050169,0.10154251584858262,BALANCING
3.198,-1.161344668681476,0.5427794161016323,76.76097891133085,0.1012341111648019,BALANCING
3.2,-1.1602578381957014,0.5438046057834721,76.56439096429813,0.10092608316690355,BALANCING
3.202,-1.159168962579868,0.5448248479217074,76.36799262254988,0.10061843216869502,BALANCING
3.204,-1.15807805172073,0.5458401510980228,76.17178421757124,0.10031115848158643,BALANCING
3.206,-1.156985115487878,0.546850523892507,75.9757660791889,0.10000426241459558,BALANCING
3.208,-1.1558901637337422,0.5478559748836208,75.7799385355741,0.09969774427435281,BALANCING
3.21,-1.154793206293596,0.5488565126481652,75.58430191324551,0.09939160436510587,BALANCING
3.212,-1.1536942529855585,0.5498521457612493,75.38885653707223,0.09908584298872493,BALANCING
3.214,-1.1525933136105986,0.5508428827962599,75.19360273027658,0.0987804604447075,BALANCING
3.216,-1.151490397952538,0.5518287323248282,74.99854081443718,0.09847545703018318,BALANCING
3.218,-1.1503855157780558,0.5528097029167995,74.80367110949177,0.09817083303991873,BALANCING
3.22,-1.1492786768366907,0.5537858031402019,74.60899393374018,0.09786658876632291,BALANCING
3.222,-1.1481698908608453,0.5547570415612142,74.41450960384721,0.09756272449945139,BALANCING
3.224,-1.1470591675657902,0.5557234267441357,74.22021843484558,0.09725924052701158,BALANCING
3.226,-1.145946516649667,0.5566849672513541,74.02612074013885,0.0969561371343677,BALANCING
3.228,-1.144831947793493,0.5576416716433152,73.83221683150433,0.0966534146045454,BALANCING
3.23,-1.143715470661164,0.558593548478492,73.638507019096,0.09635107321823692,BALANCING
3.232,-1.1425970948994606,0.5595406063133529,73.44499161144742,0.09604911325380577,BALANCING
3.234,-1.1414768301380487,0.5604828537023326,73.25167091547468,0.09574753498729174,BALANCING
3.236,-1.1403546859894869,0.5614202991978001,73.05854523647926,0.0954463386924157,BALANCING
3.238,-1.1392306720492285,0.5623529513500286,72.86561487815098,0.09514552464058453,BALANCING
3.24,-1.1381047978956271,0.5632808187071654,72.67288014257093,0.09484509310089598,BALANCING
3.242,-1.13697707308994,0.5642039098152004,72.48034133021436,0.09454504434014352,BALANCING
3.244,-1.1358475071763328,0.5651222332179374,72.28799873995357,0.09424537862282119,BALANCING
3.246,-1.134716109681884,0.5660357974569624,72.09585266906087,0.09394609621112847,BALANCING
3.248,-1.1335828901165899,0.5669446110716148,71.90390341321147,0.09364719736497526,BALANCING
3.25,-1.1324478579733672,0.5678486825989562,71.71215126648634,0.09334868234198658,BALANCING
3.2520000000000002,-1.1313110227280605,0.5687480205737411,71.52059652137525,0.09305055139750744,BALANCING
3.254,-1.1301723938394443,0.5696426335283871,71.32923946877955,0.09275280478460779,BALANCING
3.2560000000000002,-1.1290319807492295,0.5705325299929448,71.13808039801508,0.09245544275408728,BALANCING
3.258,-1.127889792882067,0.5714177184950687,70.9471195968152,0.09215846555448015,BALANCING
3.2600000000000002,-1.1267458396455532,0.572298207559987,70.75635735133356,0.09186187343206008,BALANCING
3.262,-1.125600130430235,0.5731740057104723,70.56579394614708,0.09156566663084496,BALANCING
3.2640000000000002,-1.1244526746096137,0.5740451214668123,70.3754296642588,0.09126984539260184,BALANCING
3.266,-1.1233034815401515,0.5749115633467805,70.18526478710088,0.09097440995685163,BALANCING
3.2680000000000002,-1.1221525605612752,0.575773339865607,69.99529959453734,0.09067936056087401,BALANCING
3.27,-1.1209999209953825,0.576630459535949,69.80553436486716,0.09038469743971231,BALANCING
3.2720000000000002,-1.119845572147846,0.5774829308678625,69.615969374827,0.09009042082617816,BALANCING
3.274,-1.1186895233070198,0.5783307623687723,69.4266048995942,0.08979653095085652,BALANCING
