t,theta_deg,rate_dps,wheel_rpm,duty,phase
0.0,16.0,0.0,0.0,-1,SPINUP
0.002,16.0,0.0,-6.436476596174447,-1,SPINUP
0.004,16.0,0.0,-12.801832631651454,-1,SPINUP
0.006,16.0,0.0,-19.096853960939825,-1,SPINUP
0.008,16.0,0.0,-25.32231775516197,-1,SPINUP
0.01,16.0,0.0,-31.47899259800195,-1,SPINUP
0.012,16.0,0.0,-37.56763858059332,-1,SPINUP
0.014,16.0,0.0,-43.5890073953585,-1,SPINUP
0.016,16.0,0.0,-49.543842428811296,-1,SPINUP
0.018000000000000002,16.0,0.0,-55.43287885333392,-1,SPINUP
0.02,16.0,0.0,-61.256843717939944,-1,SPINUP
0.022,16.0,0.0,-67.0164560380344,-1,SPINUP
0.024,16.0,0.0,-72.71242688418201,-1,SPINUP
0.026000000000000002,16.0,0.0,-78.34545946989454,-1,SPINUP
0.028,16.0,0.0,-83.91624923844823,-1,SPINUP
0.03,16.0,0.0,-89.42548394874186,-1,SPINUP
0.032,16.0,0.0,-94.87384376020609,-1,SPINUP
0.034,16.0,0.0,-100.26200131677466,-1,SPINUP
0.036000000000000004,16.0,0.0,-105.59062182992774,-1,SPINUP
0.038,16.0,0.0,-110.86036316081756,-1,SPINUP
0.04,16.0,0.0,-116.07187590148673,-1,SPINUP
0.042,16.0,0.0,-121.22580345518911,-1,SPINUP
0.044,16.0,0.0,-126.322782115823,-1,SPINUP
0.046,16.0,0.0,-131.36344114648688,-1,SPINUP
0.048,16.0,0.0,-136.34840285716695,-1,SPINUP
0.05,16.0,0.0,-141.2782826815663,-1,SPINUP
0.052000000000000005,16.0,0.0,-146.15368925308528,-1,SPINUP
0.054,16.0,0.0,-150.97522447996198,-1,SPINUP
0.056,16.0,0.0,-155.74348361958283,-1,SPINUP
0.058,16.0,0.0,-160.45905535197187,-1,SPINUP
0.06,16.0,0.0,-165.12252185246808,-1,SPINUP
0.062,16.0,0.0,-169.73445886359957,-1,SPINUP
0.064,16.0,0.0,-174.29543576616356,-1,SPINUP
0.066,16.0,0.0,-178.80601564952127,-1,SPINUP
0.068,16.0,0.0,-183.26675538111556,-1,SPINUP
0.07,16.0,0.0,-187.67820567522088,-1,SPINUP
0.07200000000000001,16.0,0.0,-192.04091116093332,-1,SPINUP
0.074,16.0,0.0,-196.35541044940953,-1,SPINUP
0.076,16.0,0.0,-200.6222362003625,0.0,KICK
0.078,16.0,0.0,-199.95460874363,0.0,KICK
0.08,16.0,0.0,-199.28920300682952,0.0,KICK
0.082,16.0,0.0,-198.62601159655725,0.0,KICK
0.084,16.0,0.0,-197.96502714401282,0.0,KICK
0.08600000000000001,16.0,0.0,-197.30624230491782,0.0,KICK
0.088,16.0,0.0,-196.64964975943383,0.0,KICK
0.09,16.0,0.0,-195.99524221208145,0.0,KICK
0.092,16.0,0.0,-195.34301239165893,0.0,KICK
0.094,16.0,0.0,-194.69295305116157,0.0,KICK
0.096,16.0,0.0,-194.04505696770113,0.0,KICK
0.098,16.0,0.0,-193.3993169424256,1,KICK
0.1,15.998783407198875,-1.2136764173055445,-189.10067750451555,1,KICK
0.10200000000000001,15.995156830551535,-2.410048110215641,-184.82585318246348,1,KICK
0.10400000000000001,15.989154495477344,-3.5894983392072053,-180.57471203690775,1,KICK
0.106,15.98080986545362,-4.752405803130638,-176.34712285945085,1,KICK
0.108,15.970155651035705,-5.899144742140488,-172.14295516860972,1,KICK
0.11,15.957223818672716,-7.030085039076814,-167.96207920578857,1,KICK
0.112,15.942045599322054,-8.14559231933775,-163.80436593127394,1,KICK
0.114,15.924651496865641,-9.246028049283247,-159.66968702025198,1,KICK
0.116,15.905071296330792,-10.331749633209416,-155.55791485884785,1,KICK
0.11800000000000001,15.883334071918524,-11.40311050893234,-151.46892254018698,1,KICK
0.12,15.85946819484207,-12.460460242019632,-147.4025838604781,1,KICK
0.122,15.83350134097823,-13.504144618707485,-143.3587733151182,1,KICK
0.124,15.8054604983342,-14.534505737540334,-139.33736609481883,1,KICK
0.126,15.775371974332348,-15.551882099769696,-135.33823808175396,1,KICK
0.128,15.743261402915394,-16.556608698548168,-131.36126584572912,1,KICK
0.13,15.709153751474409,-17.549017106953958,-127.40632664037203,1,KICK
0.132,15.673073327601884,-18.529435564880785,-123.47329839934382,1,KICK
0.134,15.635043785672122,-19.498189064827333,-119.56205973257177,1,KICK
0.136,15.595088133251142,-20.45559943661993,-115.67248992250258,1,KICK
0.138,15.55322873733815,-21.40198543110154,-111.80446892037658,1,KICK
0.14,15.509487330440662,-22.337662802819537,-107.95787734252244,1,KICK
0.14200000000000002,15.46388501648522,-23.262944391744185,-104.13259646667252,1,KICK
0.14400000000000002,15.41644227656561,-24.178140204049278,-100.3285082282986,1,KICK
0.146,15.36717897453043,-25.08355749198569,-96.54549521696788,1,KICK
0.148,15.316114362411799,-25.979500832878117,-92.78344067271924,1,KICK
0.15,15.263267085696919,-26.86627220727482,-89.04222848245942,1,KICK
0.152,15.20865518844416,-27.744171076279518,-85.32174317637941,1,KICK
0.154,15.152296118245285,-28.613494458094138,-81.62186992439048,1,KICK
0.156,15.094206731035333,-29.474537003800595,-77.94249453258001,1,KICK
0.158,15.03440329575171,-30.32759107240934,-74.28350343968707,1,KICK
0.16,14.972901498843857,-31.17294680520172,-70.64478371359729,1,KICK
0.162,14.909716448634942,-32.01089219939296,-67.0262230478575,1,KICK
0.164,14.844862679536872,-32.84171318114199,-63.42770975820924,1,KICK
0.166,14.778354156119926,-33.66569367793368,-59.849132779141875,1,KICK
0.168,14.710204277038226,-34.48311569035908,-56.29038166046456,1,KICK
0.17,14.640425878812216,-35.29425936331817,-52.75134656389731,1,KICK
0.17200000000000001,14.569031239469313,-36.09940305666977,-49.23191825968089,1,KICK
0.17400000000000002,14.496032082043786,-36.89882341535244,-45.73198812320553,1,KICK
0.176,14.421439577936889,-37.69279543899992,-42.25144813165834,1,KICK
0.178,14.345264350138265,-38.481592551074414,-38.79019086068921,1,KICK
0.18,14.267516476309543,-39.26548666754005,-35.34810948109524,1,KICK
0.182,14.188205491731017,-40.044748265099365,-31.925097755523595,1,KICK
0.184,14.107340392112286,-40.819646449014265,-28.52105003519248,1,KICK
0.186,14.024929636267654,-41.590449020533384,-25.135861256630434,1,KICK
0.188,13.940981148657025,-42.35742254394682,-21.76942693843359,1,KICK
0.19,13.855502321793068,-43.12083241328913,-18.421643178040945,1,KICK
0.192,13.768500018515306,-43.880942918711135,-15.092406648527461,1,KICK
0.194,13.679980574131767,-44.6380173125405,-11.78161459541499,1,KICK
0.196,13.589949798428814,-45.392317875050985,-8.489164833500793,1,KICK
0.198,13.498412977549718,-46.14410597995979,-5.214955743703699,1,KICK
0.2,13.405374875742478,-46.893642159672055,-1.9588862699276834,1,KICK
0.202,13.310839736977403,-48.03878175074708,1.8173181018883056,1,KICK
0.20400000000000001,13.211648053359255,-51.14612242120677,8.233714040510337,1,KICK
0.20600000000000002,13.106281917749632,-54.21345608158849,14.579211301883578,1,KICK
0.20800000000000002,12.994820015212161,-57.24210918231455,20.8545932887911,1,KICK
0.21,12.87733839280767,-60.233393344544844,27.060634747720204,1,KICK
0.212,12.75391048884261,-63.18860576899641,33.1981018645111,1,KICK
0.214,12.624607161307528,-66.10902963707758,39.267752358948755,1,KICK
0.216,12.489496715520811,-68.99593450454532,45.270335578309464,1,KICK
0.218,12.348644930992405,-71.85057668788863,51.206592589873864,1,KICK
0.22,12.202115087521872,-74.67419964363602,57.077256272417614,1,KICK
0.222,12.049967990544767,-77.46803434077836,62.88305140669122,1,KICK
0.224,11.892261995740887,-80.23329962649329,68.62469476490004,1,KICK
0.226,11.729053032917614,-82.97120258534986,74.3028951991956,1,KICK
0.228,11.560394629181237,-85.682938892166,79.91835372918912,1,KICK
0.23,11.386337931408754,-88.36969315868475,85.471763628498,1,KICK
0.232,11.206931728032385,-91.03263927422688,90.96381051033606,1,KICK
0.234,11.022222470148671,-93.67294074047173,96.39517241215802,1,KICK
0.23600000000000002,10.832254291963753,-96.29175100050945,101.76651987936867,1,KICK
0.23800000000000002,10.637069030586174,-98.89021376230046,107.07851604810713,1,KICK
0.24,10.436706245178241,-101.46946331667054,112.33181672711633,1,KICK
0.242,10.23120323547677,-104.03062484996137,117.52707047870793,1,KICK
0.244,10.02059505969376,-106.57481475144866,122.66491869883244,1,KICK
0.246,9.8049145518074,-109.10314091563146,127.74599569626491,0.0,BALANCING
0.248,9.58822588798911,-107.59012037231793,127.32088462268838,0.0,BALANCING
0.25,9.374535799515348,-106.1045065529651,126.89718822691754,0.0,BALANCING
0.252,9.163789825157323,-104.64594817856411,126.4749018012103,0.0,BALANCING
0.254,8.955934200613697,-103.21409959558143,126.05402065349094,0.0,BALANCING
0.256,8.750915847290626,-101.80862074474818,125.63454010729788,0.0,BALANCING
0.258,8.548682361145472,-100.42917712861781,125.2164555017319,0.0,BALANCING
0.26,8.349182001596557,-99.07543977800552,124.79976219140417,0.0,BALANCING
0.262,8.152363680501036,-97.7470852174171,124.38445554638474,0.0,BALANCING
0.264,7.958176951202858,-96.44379542956925,123.97053095215105,0.0,BALANCING
0.266,7.766571997652512,-95.1652578190986,123.5579838095367,0.0,BALANCING
0.268,7.577499623600077,-93.91116517555123,123.14680953468027,-1,BALANCING
0.27,7.393499275312556,-90.09563519091483,119.23737966584315,-1,BALANCING
0.272,7.21709161452628,-86.31830845099186,115.3496086326934,-1,BALANCING
0.274,7.048201247234596,-82.57817388540784,111.48337644198931,-1,BALANCING
0.276,6.886754793143574,-78.87422882843873,107.63856376526991,-1,BALANCING
0.278,6.732680869005,-75.20547887572378,103.81505193517205,-1,BALANCING
0.28,6.585910072241722,-71.57093773528197,100.01272294176786,-1,BALANCING
0.28200000000000003,6.446374964876258,-67.96962707331609,96.23145942892232,-1,BALANCING
0.28400000000000003,6.314010057772625,-64.40057635525895,92.47114469067134,-1,BALANCING
0.28600000000000003,6.188751795200478,-60.862822682488975,88.73166266761952,-1,BALANCING
0.28800000000000003,6.070538539729807,-57.35541062511729,85.01289794335818,-0.9491329077523859,BALANCING
0.29,5.9591891656136475,-53.99867410510587,81.47889289309343,-0.8763759011215673,BALANCING
0.292,5.854351672272254,-50.84322215812867,78.199266566466,-0.8079053720028081,BALANCING
0.294,5.755635547834806,-47.87701589833683,75.15877644150272,-0.7434650624344715,BALANCING
0.296,5.662673637400993,-45.08873614868245,72.34309143213062,-0.6828140329842297,BALANCING
0.298,5.575120746672088,-42.4677404565204,69.73873740306523,-0.6257257480362657,BALANCING
0.3,5.49265232898567,-40.00402267066298,67.33304593849586,-0.5719872155609288,BALANCING
0.302,5.4149632507831,-37.68817492808647,65.11410617071618,-0.5213981781417342,BALANCING
0.304,5.341766630833555,-35.51135190735959,63.0707194863314,-0.47377035222248637,BALANCING
0.306,5.272792748815916,-33.465237214235565,61.19235693848466,-0.4289267127147626,BALANCING
0.308,5.207788019121029,-31.542011772747653,59.46911920372511,-0.3867008202734131,BALANCING
0.31,5.146514025982692,-29.73432410259591,57.89169893172256,-0.3469361887057478,BALANCING
0.312,5.08874661627714,-28.035262370634776,56.451345345053475,-0.309485690129041,BALANCING
0.314,5.0342750465485455,-26.438328110888946,55.139830954772115,-0.27421099563146895,BALANCING
0.316,4.982901181022962,-24.93741151376079,53.94942026546899,-0.24098204932397393,BALANCING
0.318,4.934438737565916,-23.526768190967182,52.87284035103628,-0.20967657379531005,BALANCING
0.32,4.888712578720239,-22.200997328276376,51.9032531894325,-0.1801796051000426,BALANCING
0.322,4.845558045131401,-20.955021143326256,51.03422965139314,-0.1523830555199773,BALANCING
0.324,4.804820328828078,-19.784065570710975,50.25972504429448,-0.12618530244373682,BALANCING
0.326,4.766353883976745,-18.683642101141718,49.57405611826676,-0.1014908018073607,BALANCING
0.328,4.730021872871071,-17.649530705834678,48.971879447193,-0.07820972463121269,BALANCING
0.33,4.695695645050543,-16.67776378137127,48.4481711024403,-0.05625761527546398,BALANCING
0.332,4.663254247568328,-15.764611054126359,47.99820754207218,-0.03555507011829693,BALANCING
0.334,4.6325839645466385,-14.90656538698408,47.6175476429001,-0.01602743543802377,BALANCING
0.336,4.603577884268961,-14.100329434470478,47.30201580706829,0.0,BALANCING
0.338,4.5760637789992975,-13.41440836702181,47.144604918277,0.0,BALANCING
0.34,4.549917777697326,-12.73219703276959,46.98771785891427,0.0,BALANCING
0.342,4.525132631199447,-12.053525276083143,46.83135288578895,0.0,BALANCING
0.34400000000000003,4.501701429783974,-11.37822380388289,46.67550826151083,0.0,BALANCING
0.34600000000000003,4.479617601486754,-10.70612414494528,46.52018225447137,0.0,BALANCING
0.34800000000000003,4.4588749104980225,-10.037058609362266,46.36537313882445,0.0,BALANCING
0.35000000000000003,4.439467455640186,-9.37086024814852,46.211079194467196,0.0,BALANCING
0.352,4.421389668926255,-8.707362812989555,46.057298707020855,0.0,BALANCING
0.354,4.404636314198641,-8.046400716123745,45.90402996781177,0.0,BALANCING
0.356,4.38920248584806,-7.3878089903513215,45.75127127385237,0.0,BALANCING
0.358,4.375083607612302,-6.73142324916321,45.59902092782225,0.0,BALANCING
0.36,4.362275431454624,-6.0770796469826145,45.447277238049345,0.1911082987871075,BALANCING
0.362,4.350123477347696,-6.074129497058046,46.175166609459666,0.19194695437951134,BALANCING
0.364,4.337977875994828,-6.070730384468796,46.9004110737726,0.19279218532545464,BALANCING
0.366,4.325839473164065,-6.066934351129294,47.62308217829108,0.19364284598466178,BALANCING
0.368,4.3137090166832985,-6.062787308468788,48.343243305861385,0.19449792630543283,BALANCING
0.37,4.301587167976891,-6.058329760226775,49.060950637799905,0.19535653583852763,BALANCING
0.372,4.289474512242099,-6.053597440028577,49.77625400328563,0.19621788963586084,BALANCING
0.374,4.277371567425698,-6.048621873788725,50.489197628604565,0.19708129581178185,BALANCING
0.376,4.265278792142233,-6.043430875805169,51.19982079805365,0.19794614457091692,BALANCING
0.378,4.253196592658714,-6.038048986362373,51.90815843692001,0.1988118985296613,BALANCING
0.38,4.241125329055799,-6.032497857739555,52.61424162572295,0.1996780841787963,BALANCING
0.382,4.229065320662577,-6.026796594707287,53.31809805382309,0.2005442843526889,BALANCING
0.384,4.21701685085059,-6.020962054878387,54.01975241954761,0.20141013158639529,BALANCING
0.386,4.204980171262636,-6.0150091136464425,54.71922678313725,0.20227530225598112,BALANCING
0.388,4.192955505543005,-6.008950897887154,55.416540878077825,0.20313951140971587,BALANCING
0.39,4.180943052627927,-6.002798992105505,56.11171238572263,0.20400250820868335,BALANCING
0.392,4.168942989648072,-5.996563620277441,56.80475717753412,0.20486407190495842,BALANCING
0.394,4.156955474488873,-5.990253806251791,57.495689528762384,0.20572400829396706,BALANCING
0.396,4.144980648048974,-5.983877515240221,58.18452230692836,0.206582146585124,BALANCING
0.398,4.133018636232435,-5.977441778625021,58.8712671380823,0.20743833664142952,BALANCING
0.4,4.12106955170606,-5.9709528040516044,59.55593455345784,0.20829244654452606,BALANCING
0.402,4.109133495449548,-5.964416072540695,60.238534118833144,0.20914436044684032,BALANCING
0.404,4.097210558122899,-5.9578364241506305,60.91907454863807,0.209993976676963,BALANCING
0.406,4.085300821272608,-5.951218133539769,61.597563806605784,0.2108412060684089,BALANCING
0.40800000000000003,4.073404358395676,-5.944564976619801,62.27400919455529,0.2116859704854193,BALANCING
0.41000000000000003,4.061521235878175,-5.937880289350383,62.94841743070435,0.21252820152257584,BALANCING
0.41200000000000003,4.049651513823182,-5.931167019601664,63.62079471874718,0.2133678393577317,BALANCING
0.41400000000000003,4.03779524678111,-5.924427772902026,64.2911468087857,0.21420483174018404,BALANCING
0.41600000000000004,4.025952484393954,-5.917664852791981,64.95947905107508,0.21503913309814232,BALANCING
0.418,4.014123271963587,-5.9108802964201965,65.62579644343043,0.21587070375142672,BALANCING
0.42,4.002307650953088,-5.904075905942601,66.29010367304244,0.21669950921699058,BALANCING
0.422,3.9905056594289583,-5.8972532762194225,66.95240515336083,0.21752551959632077,BALANCING
0.424,3.9787173324512386,-5.890413819246635,67.61270505662732,0.21834870903506445,BALANCING
0.426,3.9669427024176374,-5.88355878570683,68.27100734257108,0.21916905524636487,BALANCING
0.428,3.9551817993671037,-5.8766892839791725,68.92731578371895,0.21998653909039514,BALANCING
0.43,3.943434651247635,-5.869806296907994,69.58163398771981,0.22080114420346483,BALANCING
0.432,3.9317012841525174,-5.862910696594308,70.23396541703488,0.22161285667085243,BALANCING
0.434,3.9199817225287417,-5.85600325744334,70.88431340630477,0.22242166473821154,BALANCING
0.436,3.9082759893608587,-5.849084667673713,71.53268117766702,0.2232275585569992,BALANCING
0.438,3.896584106333178,-5.842155539469643,72.17907185426587,0.22403052995991782,BALANCING
0.44,3.8849060939728632,-5.835216417936154,72.82348847216748,0.22483057226283013,BALANCING
0.442,3.873241971776175,-5.828267788998438,73.4659339908683,0.22562768009002768,BALANCING
0.444,3.8615917583198454,-5.8213100863698495,74.10641130256288,0.22642184922009706,BALANCING
0.446,3.849955471359343,-5.814343697698346,74.74492324031718,0.22721307644995786,BALANCING
0.448,3.838333127915571,-5.807368969988235,75.38147258527626,0.22800135947492764,BALANCING
0.45,3.8267247443513623,-5.800386214382683,76.0160620730206,0.22878669678292612,BALANCING
0.452,3.81513033643897,-5.793395710382339,76.64869439917112,0.2295690875611498,BALANCING
0.454,3.8035499194196283,-5.78639770956658,77.27937222433161,0.23034853161374824,BALANCING
0.456,3.791983508056103,-5.779392438875993,77.90809817844658,0.2311250292892036,BALANCING
0.458,3.780431116679067,-5.772380103507849,78.5348748646437,0.2318985814162702,BALANCING
0.46,3.7688927592280286,-5.76536088947019,79.15970486262137,0.23266918924746519,BALANCING
0.462,3.7573684492874517,-5.75833496583478,79.78259073163511,0.2334368544092179,BALANCING
0.464,3.7458582001186373,-5.751302486724421,80.40353501313012,0.23420157885789616,BALANCING
0.466,3.7343620246878633,-5.744263593065966,81.02254023306178,0.23496336484101343,BALANCING
0.468,3.7228799356912274,-5.7372184141366445,81.63960890394064,0.2357222148630079,BALANCING
0.47000000000000003,3.7114119455765806,-5.730167068928066,82.25474352663481,0.2364781316550541,BALANCING
0.47200000000000003,3.69995806656289,-5.72310966734941,82.86794659195793,0.23723111814843087,BALANCING
0.47400000000000003,3.6885183106573436,-5.716046311288763,83.47922058206817,0.2379811774510273,BALANCING
0.47600000000000003,3.677092689670451,-5.708977095549304,84.0885679717007,0.23872831282661633,BALANCING
0.47800000000000004,3.6656812152293883,-5.701902108675137,84.69599122925304,0.23947252767656915,BALANCING
0.48,3.654283898789784,-5.694821433679731,85.3014928177407,0.24021382552372364,BALANCING
0.482,3.6429007516461382,-5.687735148688501,85.90507519563853,0.24095220999815237,BALANCING
0.484,3.631531784941028,-5.680643327505608,86.50674081762102,0.24168768482460543,BALANCING
0.486,3.620177009673253,-5.673546040113955,87.10649213521376,0.24242025381143256,BALANCING
0.488,3.6088364367050327,-5.666443353116208,87.70433159736629,0.24314992084080797,BALANCING
0.49,3.597510076768378,-5.659335330123855,88.30026165095573,0.24387668986010577,BALANCING
0.492,3.58619794047073,-5.652222032100361,88.89428474122931,0.2446005648742899,BALANCING
0.494,3.5749000382999516,-5.645103517663895,89.48640331219316,0.24532154993919866,BALANCING
0.496,3.5636163806287526,-5.6379798433543495,90.0766198069533,0.2460396491556189,BALANCING
0.498,3.552346977718608,-5.630851063868896,90.66493666801512,0.24675486666405627,BALANCING
0.5,3.5410918397232365,-5.623717232269754,91.25135633754543,0.24746720664011987,BALANCING
0.502,3.5298509766916863,-5.616578400167478,91.83588125760231,0.24817667329044846,BALANCING
0.504,3.5186243985710766,-5.609434617882635,92.41851387033601,0.2488832708491152,BALANCING
0.506,3.5074121152090343,-5.602285934588424,92.99925661816442,0.24958700357445282,BALANCING
0.508,3.4962141363558636,-5.5951323984364745,93.57811194392639,0.2502878757462521,BALANCING
0.51,3.4850304716664766,-5.587974056667834,94.15508229101503,0.250985891663287,BALANCING
0.512,3.4738611307021183,-5.580810955710855,94.73017010349398,0.25168105564113036,BALANCING
0.514,3.4627061229319023,-5.573643141267555,95.3033778261979,0.25237337201022425,BALANCING
0.516,3.4515654577341905,-5.566470658389795,95.87470790481987,0.253062845114175,BALANCING
0.518,3.440439144397825,-5.559293551546481,96.44416278598648,0.2537494793082481,BALANCING
0.52,3.4293271921232327,-5.552111864682841,97.01174491732259,0.25443327895803725,BALANCING
0.522,3.418229610023424,-5.544925641272723,97.57745674750686,0.2551142484382884,BALANCING
0.524,3.407146407124885,-5.537734924364729,98.1413007263189,0.25579239213185995,BALANCING
0.526,3.3960775923683904,-5.530539756622908,98.70327930467943,0.2564677144288035,BALANCING
0.528,3.385023174609737,-5.523340180362664,99.26339493468386,0.2571402197255505,BALANCING
0.53,3.3739831626204047,-5.516136237582423,99.82165006963045,0.2578099124241923,BALANCING
0.532,3.36295756508817,-5.508927969991585,100.37804716404344,0.2584767969318433,BALANCING
0.534,3.3519463906176505,-5.501715419035166,100.9325886736918,0.2591408776600762,BALANCING
0.536,3.3409496477308207,-5.494498625915553,101.48527705560421,0.25980215902442233,BALANCING
0.538,3.3299673448674705,-5.487277631611694,102.03611476808061,0.26046064544392805,BALANCING
0.54,3.31899949038564,-5.480052476896023,102.58510427070073,0.2611163413407612,BALANCING
0.542,3.308046092562016,-5.472823202349402,103.13224802433011,0.261769251139862,BALANCING
0.544,3.297107159592301,-5.465589848374302,103.67754849112373,0.2624193792686327,BALANCING
0.546,3.2861826995915604,-5.458352455206431,104.22100813452754,0.26306673015666127,BALANCING
0.548,3.275272720594544,-5.451111062924998,104.76262941927837,0.2637113082354761,BALANCING
0.55,3.2643772305559917,-5.443865711461774,105.30241481140202,0.26435311793832655,BALANCING
0.552,3.253496237350917,-5.436616440609079,105.84036677821024,0.26499216369998757,BALANCING
0.554,3.2426297487748834,-5.429363290026841,106.37648778829623,0.26562844995658547,BALANCING
0.556,3.2317777725442594,-5.4221062992488225,106.91078031152924,0.266261981145441,BALANCING
0.558,3.220940316296467,-5.414845507688118,107.44324681904813,0.2668927617049299,BALANCING
0.56,3.2101173875902176,-5.407580954642006,107.97388978325412,0.2675207960743567,BALANCING
0.562,3.1993089939057398,-5.400312679296234,108.50271167780288,0.26814608869384166,BALANCING
0.5640000000000001,3.1885151426449987,-5.393040720728804,109.02971497759584,0.2687686440042187,BALANCING
0.5660000000000001,3.1777358411319065,-5.385765117913311,109.55490215877109,0.26938846644694336,BALANCING
0.5680000000000001,3.1669710966125315,-5.3784859097219,110.07827569869363,0.27000556046400914,BALANCING
0.5700000000000001,3.1562209162552954,-5.371203134927869,110.5998380759454,0.27061993049787164,BALANCING
0.5720000000000001,3.14548530715117,-5.3639168322079795,111.11959177031468,0.27123158099137934,BALANCING
0.5740000000000001,3.1347642763138683,-5.356627040144488,111.63753926278538,0.27184051638771056,BALANCING
0.5760000000000001,3.124057830680031,-5.3493337972269535,112.15368303552589,0.2724467411303155,BALANCING
0.578,3.1133659771094124,-5.342037141853823,112.66802557187775,0.2730502596628632,BALANCING
0.58,3.102688722385057,-5.334737112333851,113.18056935634418,0.2736510764291923,BALANCING
0.582,3.0920260732134834,-5.32743374688734,113.69131687457822,0.27424919587326524,BALANCING
0.584,3.081378036224855,-5.320127083647248,114.20027061337092,0.2748446224391267,BALANCING
0.586,3.070744617973156,-5.3128171606601695,114.70743306063915,0.27543736057086315,BALANCING
0.588,3.060125824936364,-5.305504015887199,115.21280670541363,0.27602741471256714,BALANCING
0.59,3.0495216635166176,-5.298187687204707,115.7163940378265,0.27661478930830163,BALANCING
0.592,3.038932140040388,-5.2908682124050195,116.21819754909906,0.27719948880206724,BALANCING
0.594,3.028357260758646,-5.283545629197027,116.71821973152922,0.27778151763777204,BALANCING
0.596,3.0177970318470257,-5.2762199752067245,117.21646307847914,0.2783608802592012,BALANCING
0.598,3.0072514594059943,-5.268891287977695,117.71293008436261,0.2789375811099893,BALANCING
0.6,2.996720549461011,-5.261559604971533,118.20762324463243,0.2795116246335934,BALANCING
0.602,2.9862043079626965,-5.2542249635682365,118.70054505576788,0.28008301527326696,BALANCING
0.604,2.975702740786992,-5.24688740106654,119.19169801526196,0.2806517574720352,BALANCING
0.606,2.9652158537353213,-5.239546954684227,119.68108462160883,0.2812178556726708,BALANCING
0.608,2.954743652534755,-5.232203661558399,120.16870737429102,0.2817813143176709,BALANCING
0.61,2.9442861428381693,-5.224857558745733,120.65456877376678,0.28234213784923406,BALANCING
0.612,2.9338433302244082,-5.217508683222695,121.13867132145741,0.2829003307092384,BALANCING
0.614,2.923415220198443,-5.21015707188574,121.62101751973448,0.28345589733922033,BALANCING
0.616,2.9130018181915314,-5.202802761551505,122.1016098719072,0.28400884218035305,BALANCING
0.618,2.9026031295613786,-5.195445788956961,122.5804508822097,0.28455916967342604,BALANCING
0.62,2.8922191595922957,-5.188086190759574,123.05754305578832,0.285106884258825,BALANCING
0.622,2.881849913495359,-5.180724003537436,123.53288889868895,0.2856519903765121,BALANCING
0.624,2.871495396408566,-5.1733592637893935,124.00649091784439,0.2861944924660054,BALANCING
0.626,2.861155613396999,-5.165992007935163,124.4783516210616,0.28673439496636083,BALANCING
0.628,2.8508305694529787,-5.15862227231544,124.94847351700919,0.28727170231615207,BALANCING
0.63,2.840520269496224,-5.151250093191992,125.41685911520469,0.2878064189534523,BALANCING
0.632,2.830224718374009,-5.14387550674776,125.88351092600205,0.28833854931581515,BALANCING
0.634,2.819943920861322,-5.136498549086936,126.34843146057891,0.28886809784025635,BALANCING
0.636,2.809677881661022,-5.129119256235052,126.81162323092418,0.2893950689632355,BALANCING
0.638,2.799426605403995,-5.12173766413905,127.27308874982546,0.2899194671206379,BALANCING
0.64,2.789190096649312,-5.114353808667356,127.73283053085645,0.2904412967477562,BALANCING
0.642,2.7789683598843884,-5.106967725609951,128.19085108836452,0.29096056227927297,BALANCING
0.644,2.768761399525136,-5.099579450678434,128.6471529374582,0.29147726814924274,BALANCING
0.646,2.7585692199161236,-5.092189019506089,129.10173859399472,0.2919914187910742,BALANCING
0.648,2.748391825330731,-5.084796467647936,129.55461057456765,0.29250301863751266,BALANCING
0.65,2.7382292199713083,-5.0774018305808,130.00577139649442,0.29301207212062297,BALANCING
0.652,2.72808140796933,-5.07000514370336,130.45522357780393,0.2935185836717716,BALANCING
0.654,2.7179483933855506,-5.062606442336209,130.90296963722426,0.29402255772160973,BALANCING
0.656,2.707830180210164,-5.055205761721904,131.34901209417032,0.2945239987000559,BALANCING
0.658,2.6977267723629565,-5.047803137025018,131.7933534687315,0.29502291103627887,BALANCING
0.66,2.6876381736934647,-5.040398603332194,132.23599628165945,0.2955192991586806,BALANCING
0.662,2.677564387981129,-5.032992195652193,132.6769430543558,0.29601316749487927,BALANCING
0.664,2.6675054189354515,-5.025583948915945,133.11619630885988,0.29650452047169223,BALANCING
0.666,2.657461270196151,-5.018173897976598,133.55375856783664,0.29699336251511954,BALANCING
0.668,2.6474319453333184,-5.010762077609561,133.98963235456443,0.29747969805032654,BALANCING
0.67,2.637417447847572,-5.003348522512561,134.42382019292273,0.2979635315016276,BALANCING
0.672,2.6274177811702133,-4.995933267305684,134.8563246073802,0.29844486729246944,BALANCING
0.674,2.6174329486633816,-4.988516346531423,135.28714812298256,0.2989237098454142,BALANCING
0.676,2.6074629536202094,-4.981097794654724,135.71629326534037,0.29940006358212307,BALANCING
0.678,2.5975077992649775,-4.973677646063039,136.14376256061715,0.29987393292333997,BALANCING
0.68,2.58756748875327,-4.9662559350663615,136.5695585355173,0.30034532228887456,BALANCING
0.682,2.5776420251721293,-4.958832695897282,136.99368371727414,0.3008142360975864,BALANCING
0.684,2.567731411540212,-4.9514079627110315,137.4161406336379,0.30128067876736825,BALANCING
0.686,2.5578356508079394,-4.943981769585525,137.83693181286387,0.30174465471513,BALANCING
0.6880000000000001,2.547954745857658,-4.93655415052141,138.2560597837004,0.30220616835678227,BALANCING
0.6900000000000001,2.538088699503789,-4.929125139442111,138.67352707537705,0.30266522410722,BALANCING
0.6920000000000001,2.528237514492986,-4.921694770193881,139.08933621759277,0.3031218263803069,BALANCING
0.6940000000000001,2.5184011935042876,-4.914263076545836,139.50348974050405,0.30357597958885874,BALANCING
0.6960000000000001,2.508579739149272,-4.906830092190016,139.91599017471313,0.3040276881446276,BALANCING
0.6980000000000001,2.498773153972212,-4.899395850741418,140.32684005125617,0.3044769564582859,BALANCING
0.7000000000000001,2.488981440450226,-4.89196038573805,140.73604190159162,0.3049237889394101,BALANCING
0.7020000000000001,2.4792046009934374,-4.884523730640974,141.1435982575884,0.3053681899964653,BALANCING
0.704,2.469442637945123,-4.877085918834355,141.54951165151425,0.30581016403678885,BALANCING
0.706,2.4596955535818696,-4.869646983625506,141.95378461602405,0.306249715466575,BALANCING
0.708,2.4499633501137272,-4.862206958244934,142.35641968414825,0.3066868486908587,BALANCING
0.71,2.4402460296843627,-4.854765875846386,142.75741938928115,0.3071215681135002,BALANCING
0.712,2.4305435943712133,-4.8473237695069,143.15678626516936,0.30755387813716933,BALANCING
0.714,2.420856046185639,-4.839880672226848,143.5545228459003,0.30798378316332964,BALANCING
0.716,2.411183387073077,-4.832436616929987,143.95063166589063,0.3084112875922229,BALANCING
0.718,2.401525618913195,-4.824991636463498,144.34511525987472,0.3088363958228539,BALANCING
0.72,2.391882743520043,-4.817545763598046,144.73797616289318,0.30925911225297437,BALANCING
0.722,2.382254762642208,-4.810099031027817,145.1292169102815,0.309679441279068,BALANCING
0.724,2.3726416779629664,-4.802651471370571,145.51884003765855,0.3100973872963347,BALANCING
0.726,2.3630434911004343,-4.795203117167688,145.9068480809151,0.3105129546986755,BALANCING
0.728,2.3534602036077255,-4.787754000884216,146.2932435762027,0.31092614787867723,BALANCING
0.73,2.3438918169730982,-4.780304154908922,146.67802905992212,0.3113369712275969,BALANCING
0.732,2.334338332620112,-4.772853611554335,147.06120706871212,0.311745429135347,BALANCING
0.734,2.3247997519077788,-4.765402403056799,147.44278013943816,0.31215152599047974,BALANCING
0.736,2.3152760761307145,-4.757950561576523,147.82275080918112,0.31255526618017243,BALANCING
0.738,2.3057673065192916,-4.750498119197622,148.20112161522613,0.31295665409021217,BALANCING
0.74,2.296273444239792,-4.743045107928174,148.5778950950513,0.3133556941049807,BALANCING
0.742,2.2867944903945583,-4.735591559700268,148.95307378631654,0.31375239060743954,BALANCING
0.744,2.2773304460221464,-4.728137506370046,149.32666022685248,0.314146747979115,BALANCING
0.746,2.267881312097477,-4.720682979717764,149.69865695464927,0.3145387706000834,BALANCING
0.748,2.2584470895319857,-4.713228011447831,150.06906650784555,0.31492846284895565,BALANCING
0.75,2.2490277791737787,-4.705772633188867,150.43789142471726,0.31531582910286343,BALANCING
0.752,2.2396233818077804,-4.698316876493749,150.8051342436668,0.3157008737374434,BALANCING
0.754,2.2302338981558862,-4.690860772839659,151.1707975032118,0.3160836011268229,BALANCING
0.756,2.2208593288771157,-4.68340435362814,151.53488374197428,0.3164640156436055,BALANCING
0.758,2.2114996745677598,-4.67594765018514,151.89739549866965,0.3168421216588557,BALANCING
0.76,2.202154935761536,-4.668490693761069,152.25833531209568,0.3172179235420853,BALANCING
0.762,2.192825112929737,-4.661033515530846,152.61770572112175,0.31759142566123777,BALANCING
0.764,2.183510206481383,-4.653576146593951,152.97550926467787,0.31796263238267436,BALANCING
0.766,2.1742102167633712,-4.6461186179744765,153.33174848174377,0.31833154807115954,BALANCING
0.768,2.164925144060627,-4.638660960621174,153.6864259113383,0.31869817708984655,BALANCING
0.77,2.155654988596256,-4.631203205407517,154.0395440925083,0.319062523800263,BALANCING
0.772,2.1463997505316934,-4.623745383131738,154.3911055643181,0.31942459256229655,BALANCING
0.774,2.137159429966853,-4.616287524516894,154.74111286583872,0.3197843877341805,BALANCING
0.776,2.1279340269402796,-4.608829660210907,155.089568536137,0.3201419136724796,BALANCING
0.778,2.1187235414292993,-4.601371820786625,155.436475114265,0.3204971747320763,BALANCING
0.78,2.1095279733501684,-4.593914036741868,155.78183513924944,0.32085017526615556,BALANCING
0.782,2.1003473225582234,-4.5864563384994845,156.1256511500809,0.3212009196261918,BALANCING
0.784,2.091181588848032,-4.578998756407404,156.46792568570325,0.32154941216193406,BALANCING
0.786,2.082030771953542,-4.571541320738684,156.8086612850031,0.32189565722139246,BALANCING
0.788,2.072894871548232,-4.564084061691573,157.14786048679917,0.32223965915082403,BALANCING
0.79,2.0637738872452593,-4.556627009389554,157.48552582983191,0.32258142229471853,BALANCING
0.792,2.054667818597611,-4.549170193881404,157.8216598527528,0.32292095099578505,BALANCING
0.794,2.045576665098252,-4.541713645141244,158.15626509411393,0.3232582495949378,BALANCING
0.796,2.036500426180276,-4.534257393068596,158.48934409235767,0.32359332243128225,BALANCING
0.798,2.0274391012170536,-4.526801467488431,158.82089938580606,0.3239261738421016,BALANCING
0.8,2.01839268952238,-4.519345898151231,159.1509335126505,0.32425680816284297,BALANCING
0.802,2.009361190350627,-4.5118907147330365,159.47944901094144,0.32458522972710346,BALANCING
0.804,2.0003446028968894,-4.504435946835505,159.80644841857784,0.324911442866617,BALANCING
0.806,1.9913429262971345,-4.4969816239859615,160.13193427329705,0.32523545191124015,BALANCING
0.808,1.982356159628351,-4.489527775637456,160.4559091126644,0.3255572611889393,BALANCING
0.81,1.9733843019086974,-4.482074431168819,160.77837547406295,0.32587687502577617,BALANCING
0.812,1.9644273520976496,-4.474621619884712,161.09933589468332,0.3261942977458955,BALANCING
0.8140000000000001,1.9554853090961508,-4.4671693710156894,161.41879291151338,0.3265095336715106,BALANCING
0.8160000000000001,1.9465581717467573,-4.459717713718246,161.73674906132808,0.3268225871228905,BALANCING
0.8180000000000001,1.9376459388337894,-4.4522666770748796,162.05320688067934,0.3271334624183465,BALANCING
0.8200000000000001,1.9287486090834773,-4.444816290094141,162.36816890588585,0.327442163874219,BALANCING
0.8220000000000001,1.9198661811641091,-4.4373665817106955,162.68163767302298,0.3277486958048638,BALANCING
0.8240000000000001,1.91099865368618,-4.429917580785371,162.99361571791277,0.32805306252263955,BALANCING
0.8260000000000001,1.9021460252025382,-4.422469316105222,163.30410557611373,0.32835526833789397,BALANCING
0.8280000000000001,1.8933082942085333,-4.415021816383583,163.61310978291093,0.32865531755895105,BALANCING
0.8300000000000001,1.8844854591421636,-4.407575110260121,163.92063087330598,0.328953214492098,BALANCING
0.8320000000000001,1.8756775183842234,-4.400129226300897,164.2266713820069,0.32924896344157195,BALANCING
0.834,1.8668844702584497,-4.392684192998423,164.5312338434185,0.32954256870954723,BALANCING
0.836,1.8581063130316695,-4.385240038771713,164.83432079163208,0.32983403459612226,BALANCING
0.838,1.8493430449139483,-4.377796791966349,165.13593476041578,0.3301233653993066,BALANCING
0.84,1.8405946640587334,-4.370354480854532,165.43607828320455,0.3304105654150081,BALANCING
0.842,1.8318611685630044,-4.3629131336351366,165.73475389309047,0.33069563893702036,BALANCING
0.844,1.8231425564674175,-4.355472778433778,166.03196412281278,0.3309785902570093,BALANCING
0.846,1.814438825756452,-4.348033443302862,166.32771150474818,0.33125942366450134,BALANCING
0.848,1.8057499743585583,-4.340595156221645,166.621998570901,0.3315381434468695,BALANCING
0.85,1.7970760001463026,-4.333157945096294,166.91482785289355,0.33181475388932197,BALANCING
0.852,1.7884169009365134,-4.325721837759939,167.20620188195622,0.3320892592748886,BALANCING
0.854,1.779772674490428,-4.318286861972742,167.49612318891806,0.33236166388440885,BALANCING
0.856,1.7711433185138377,-4.310853045421942,167.78459430419682,0.3326319719965187,BALANCING
0.858,1.7625288306572342,-4.303420415721924,168.07161775778957,0.3329001878876392,BALANCING
0.86,1.753929208515955,-4.2959890004142745,168.35719607926293,0.33316631583196243,BALANCING
0.862,1.7453444496303288,-4.28855882696784,168.64133179774356,0.33343036010144067,BALANCING
0.864,1.7367745514858213,-4.281129922778787,168.92402744190852,0.333692324965773,BALANCING
0.866,1.7282195115131802,-4.273702315170658,169.20528553997585,0.33395221469239345,BALANCING
0.868,1.7196793270885804,-4.266276031394435,169.48510861969496,0.3342100335464585,BALANCING
0.87,1.7111539955337691,-4.2588510986286,169.76349920833724,0.3344657857908351,BALANCING
0.872,1.7026435141162113,-4.25142754397919,170.04045983268654,0.3347194756860881,BALANCING
0.874,1.6941478800492336,-4.244005394479861,170.31599301902972,0.3349711074904683,BALANCING
0.876,1.6856670904921698,-4.236584677091944,170.59010129314737,0.3352206854599005,BALANCING
0.878,1.677201142550505,-4.229165418704511,170.86278718030425,0.33546821384797104,BALANCING
0.88,1.6687500332760203,-4.221747646134431,171.13405320524006,0.3357136969059159,BALANCING
0.882,1.6603137596669373,-4.214331386126429,171.4039018921602,0.33595713888260903,BALANCING
0.884,1.6518923186680619,-4.206916665353152,171.6723357647262,0.3361985440245499,BALANCING
0.886,1.6434857071709281,-4.1995035104152265,171.93935734604668,0.3364379165758519,BALANCING
0.888,1.6350939220139438,-4.1920919478413206,172.20496915866804,0.3366752607782305,BALANCING
0.89,1.6267169599825324,-4.184682004088203,172.46917372456525,0.3369105808709911,BALANCING
0.892,1.6183548178092777,-4.1772737055408085,172.73197356513253,0.3371438810910176,BALANCING
0.894,1.6100074921740672,-4.169867078512294,172.99337120117437,0.3373751656727605,BALANCING
0.896,1.601674979704237,-4.1624621492441065,173.2533691528963,0.33760443884822505,BALANCING
0.898,1.5933572769747117,-4.155058943906037,173.5119699398957,0.3378317048469599,BALANCING
0.9,1.5850543805081516,-4.14765748859629,173.76917608115275,0.3380569678960452,BALANCING
0.902,1.576766286775094,-4.140257809341542,174.02499009502154,0.33828023222008136,BALANCING
0.904,1.5684929921940955,-4.132859932097004,174.2794144992207,0.33850150204117696,BALANCING
0.906,1.5602344931318761,-4.125463882746482,174.5324518108246,0.3387207815789376,BALANCING
0.908,1.5519907859034614,-4.118069687102444,174.78410454625433,0.3389380750504546,BALANCING
0.91,1.5437618667723259,-4.110677370906077,175.0343752212687,0.3391533866702932,BALANCING
0.912,1.5355477319505342,-4.103286959827358,175.28326635095536,0.3393667206504814,BALANCING
0.914,1.5273483775988848,-4.095898479465106,175.53078044972182,0.33957808120049865,BALANCING
0.916,1.519163799827051,-4.088511955347054,175.7769200312865,0.3397874725272644,BALANCING
0.918,1.5109939946937245,-4.08112741292991,176.02168760867002,0.3399948988351269,BALANCING
0.92,1.502838958206756,-4.073744877599417,176.26508569418633,0.34020036432585204,BALANCING
0.922,1.494698686323298,-4.066364374670421,176.50711679943382,0.34040387319861215,BALANCING
0.924,1.4865731749499462,-4.058985929386933,176.74778343528655,0.3406054296499748,BALANCING
0.926,1.4784624199428809,-4.051609566922192,176.9870881118855,0.34080503787389177,BALANCING
0.928,1.4703664171080089,-4.044235312378729,177.22503333862986,0.34100270206168787,BALANCING
0.93,1.4622851622011046,-4.036863190788433,177.46162162416832,0.3411984264020503,BALANCING
0.932,1.4542186509279518,-4.0294932271126145,177.6968554763903,0.34139221508101697,BALANCING
0.934,1.4461668789444837,-4.022125446242068,177.93073740241752,0.34158407228196636,BALANCING
0.936,1.4381298418569248,-4.014759872997141,178.16326990859494,0.34177400218560594,BALANCING
0.9380000000000001,1.430107535221931,-4.007396532127792,178.39445550048262,0.341962008969962,BALANCING
0.9400000000000001,1.4220999545467314,-4.000035448313662,178.62429668284682,0.3421480968103679,BALANCING
0.9420000000000001,1.414107095289268,-3.992676646164135,178.85279595965162,0.3423322698794544,BALANCING
0.9440000000000001,1.4061289528583363,-3.9853201502184072,179.07995583405025,0.34251453234713813,BALANCING
0.9460000000000001,1.3981655226137257,-3.977965984945549,179.3057788083767,0.3426948883806111,BALANCING
0.9480000000000001,1.39021679986636,-3.9706141747445702,179.53026738413703,0.34287334214432985,BALANCING
0.9500000000000001,1.3822827798784365,-3.9632647439444884,179.75342406200127,0.34304989780000567,BALANCING
0.9520000000000001,1.374363457863567,-3.9559177168043917,179.97525134179466,0.34322455950659264,BALANCING
0.9540000000000001,1.3664588289869177,-3.9485731175135084,180.19575172248935,0.3433973314202784,BALANCING
0.9560000000000001,1.3585688883653475,-3.9412309701912673,180.41492770219605,0.3435682176944728,BALANCING
0.9580000000000001,1.350693631067549,-3.9338912988873704,180.63278177815562,0.343737222479798,BALANCING
0.96,1.342833052114187,-3.926554127581855,180.84931644673082,0.34390434992407737,BALANCING
0.962,1.3349871464780378,-3.91921948018516,181.06453420339784,0.3440696041723259,BALANCING
0.964,1.3271559090841294,-3.9118873805381953,181.27843754273826,0.34423298936673924,BALANCING
0.966,1.3193393348098792,-3.904557852412405,181.49102895843055,0.3443945096466838,BALANCING
0.968,1.3115374184852333,-3.897230919509838,181.70231094324194,0.3445541691486862,BALANCING
0.97,1.3037501548928054,-3.889906605463212,181.91228598902026,0.34471197200642306,BALANCING
0.972,1.2959775387680155,-3.8825849338359806,182.12095658668565,0.3448679223507111,BALANCING
0.974,1.288219564799228,-3.875265928122405,182.32832522622252,0.3450220243094967,BALANCING
0.976,1.2804762276278905,-3.867949611747614,182.53439439667127,0.34517428200784595,BALANCING
0.978,1.2727475218486708,-3.8606360080676785,182.73916658612038,0.3453246995679344,BALANCING
0.98,1.265033442009597,-3.8533251403696758,182.94264428169805,0.3454732811090371,BALANCING
0.982,1.2573339826121936,-3.8460170318717566,183.14482996956446,0.34562003074751885,BALANCING
0.984,1.2496491381116206,-3.8387117057232154,183.34572613490346,0.345764952596824,BALANCING
0.986,1.24197890291681,-3.831409185004558,183.54533526191474,0.34590805076746645,BALANCING
0.988,1.234323271390604,-3.8241094927275676,183.74365983380576,0.34604932936702,BALANCING
0.99,1.2266822378498923,-3.816812651835375,183.94070233278376,0.3461887925001083,BALANCING
0.992,1.2190557965657491,-3.809518685202529,184.13646524004795,0.34632644426839526,BALANCING
0.994,1.2114439417635707,-3.8022276156350605,184.33095103578145,0.34646228877057517,BALANCING
0.996,1.203846667623212,-3.794939465870553,184.5241621991435,0.3465963301023629,BALANCING
0.998,1.1962639682791236,-3.787654258578215,184.71610120826153,0.3467285723564844,BALANCING
1.0,1.1886958378204882,-3.780372016358944,184.9067705402235,0.34685901962266696,BALANCING
1.002,1.1811422702913572,-3.7730927617453975,185.09617267106978,0.3469876759876296,BALANCING
1.004,1.1736032596907882,-3.765816517202064,185.2843100757856,0.3471145455350733,BALANCING
1.006,1.1660787999729791,-3.75854330512533,185.47118522829322,0.34723963234567196,BALANCING
1.008,1.158568885047406,-3.75127314784355,185.6568006014442,0.3473629404970624,BALANCING
1.01,1.1510735087789594,-3.744006067617119,185.84115866701154,0.3474844740638352,BALANCING
1.012,1.1435926649880783,-3.7367420866385377,186.0242618956823,0.347604237117525,BALANCING
1.014,1.1361263474508871,-3.729481227032486,186.20611275704965,0.34772223372660155,BALANCING
1.016,1.1286745498993318,-3.7222235108558905,186.3867137196053,0.34783846795646006,BALANCING
1.018,1.1212372660213137,-3.7149689600979974,186.566067250732,0.34795294386941183,BALANCING
1.02,1.1138144894608266,-3.707717596680441,186.7441758166958,0.34806566552467516,BALANCING
1.022,1.1064062138180906,-3.7004694424573144,186.9210418826385,0.34817663697836615,BALANCING
1.024,1.0990124326496875,-3.69322451921524,187.09666791257018,0.3482858622834894,BALANCING
1.026,1.091633139468696,-3.6859828486734405,187.27105636936167,0.3483933454899287,BALANCING
1.028,1.084268327744826,-3.6787444524838113,187.44420971473693,0.3484990906444381,BALANCING
1.03,1.0769179909045532,-3.6715093522309874,187.61613040926576,0.3486031017906332,BALANCING
1.032,1.0695821223312543,-3.664277569432419,187.7868209123562,0.3487053829689812,BALANCING
1.034,1.0622607153653403,-3.657049125538438,187.95628368224718,0.3488059382167928,BALANCING
1.036,1.0549537633043915,-3.649824041932336,188.12452117600105,0.3489047715682124,BALANCING
1.038,1.0476612594032904,-3.642602339930428,188.29153584949637,0.34900188705421015,BALANCING
1.04,1.0403831968743569,-3.635384040782129,188.45733015742036,0.34909728870257223,BALANCING
1.042,1.0331195688874815,-3.628169165670026,188.62190655326165,0.3491909805378921,BALANCING
1.044,1.0258703685702584,-3.6209577357099456,188.785267489303,0.3492829665815621,BALANCING
1.046,1.0186355890081198,-3.613749771951029,188.947415416614,0.34937325085176446,BALANCING
1.048,1.0114152232444689,-3.6065452953758066,189.10835278504382,0.3494618373634622,BALANCING
1.05,1.0042092642808123,-3.599344326900263,189.2680820432139,0.349548730128391,BALANCING
1.052,0.9970177050768944,-3.592146887373917,189.42660563851092,0.3496339331550502,BALANCING
1.054,0.9898405385508291,-3.584952997579889,189.58392601707942,0.34971745044869423,BALANCING
1.056,0.9826777575792334,-3.5777626782349743,189.74004562381472,0.3497992860113238,BALANCING
1.058,0.9755293549973592,-3.5705759499897187,189.89496690235586,0.34987944384167785,BALANCING
1.06,0.9683953235992262,-3.563392833428488,190.04869229507833,0.34995792793522446,BALANCING
1.062,0.9612756561377541,-3.5562133490695427,190.20122424308707,0.3500347422841526,BALANCING
1.064,0.9541703453248949,-3.5490375173651088,190.3525651862094,0.3501098908773638,BALANCING
1.066,0.9470793838317644,-3.5418653587014552,190.502717562988,0.3501833777004634,BALANCING
1.068,0.9400027642887748,-3.5346968933989618,190.65168381067383,0.35025520673575283,BALANCING
1.07,0.9329404792857657,-3.5275321417121974,190.79946636521916,0.3503253819622203,BALANCING
1.072,0.9258925213721362,-3.5203711238299897,190.9460676612706,0.3503939073555331,BALANCING
1.074,0.9188588830569757,-3.5132138598755014,191.0914901321622,0.35046078688802956,BALANCING
1.076,0.911839556809196,-3.506060369906302,191.2357362099084,0.35052602452870996,BALANCING
1.078,0.9048345350576618,-3.4989106739144438,191.37880832519724,0.3505896242432293,BALANCING
1.08,0.8978438101913214,-3.4917647918265335,191.52070890738347,0.3506515899938885,BALANCING
1.082,0.8908673745593385,-3.484622743503808,191.66144038448166,0.3507119257396263,BALANCING
1.084,0.883905220471222,-3.477484548742208,191.80100518315936,0.3507706354360115,BALANCING
1.086,0.8769573401969571,-3.470350227272452,191.9394057287304,0.35082772303523485,BALANCING
1.088,0.8700237259671353,-3.46321979876011,192.07664444514785,0.3508831924861004,BALANCING
1.09,0.8631043699730846,-3.4560932828056816,192.2127237549976,0.3509370477340186,BALANCING
1.092,0.8561992643669998,-3.448970698944665,192.34764607949137,0.3509892927209974,BALANCING
1.094,0.8493084012620724,-3.441852066647637,192.48141383846007,0.35103993138563466,BALANCING
1.096,0.8424317727326205,-3.4347374053203246,192.61402945034712,0.3510889676631105,BALANCING
1.098,0.8355693708142178,-3.427626734303681,192.74549533220178,0.35113640548517905,BALANCING
1.1,0.8287211875038241,-3.42052007287396,192.87581389967255,0.351182248780161,BALANCING
1.102,0.8218872147599136,-3.413417440242793,193.0049875670004,0.3512265014729356,BALANCING
1.104,0.8150674445026047,-3.406318855557262,193.13301874701236,0.3512691674849331,BALANCING
1.106,0.8082618686137891,-3.399224337899977,193.25990985111477,0.35131025073412664,BALANCING
1.108,0.8014704789372602,-3.3921339062891493,193.3856632892869,0.3513497551350253,BALANCING
1.11,0.794693267278842,-3.38504757967867,193.5102814700743,0.3513876845986657,BALANCING
1.112,0.787930225406518,-3.3779653769581826,193.63376680058226,0.3514240430326049,BALANCING
1.114,0.7811813450505591,-3.3708873169531612,193.75612168646953,0.35145883434091263,BALANCING
1.116,0.7744466179036525,-3.3638134184249844,193.8773485319416,0.3514920624241639,BALANCING
1.118,0.767726035621029,-3.3567437000710143,193.99744973974444,0.3515237311794313,BALANCING
1.12,0.761019589820592,-3.3496781805246685,194.116427711158,0.3515538445002777,BALANCING
1.122,0.7543272720830442,-3.3426168783555,194.2342848459899,0.35158240627674886,BALANCING
1.124,0.747649073952016,-3.3355598120692718,194.3510235425689,0.35160942039536586,BALANCING
1.1260000000000001,0.7409849869341929,-3.3285070001080337,194.46664619773875,0.35163489073911786,BALANCING
1.1280000000000001,0.7343350024994427,-3.3214584608501987,194.58115520685183,0.3516588211874549,BALANCING
1.1300000000000001,0.7276991120809427,-3.3144142126106195,194.6945529637627,0.3516812156162804,BALANCING
1.1320000000000001,0.721077307075307,-3.3073742736406664,194.80684186082192,0.3517020778979439,BALANCING
1.1340000000000001,0.7144695788427131,-3.3003386621283024,194.91802428886984,0.3517214119012341,BALANCING
1.1360000000000001,0.7078759187070286,-3.29330739619816,195.02810263723035,0.35173922149137143,BALANCING
1.1380000000000001,0.7012963179559383,-3.286280493911622,195.13707929370455,0.3517555105300011,BALANCING
1.1400000000000001,0.6947307678410699,-3.279257973266893,195.24495664456472,0.3517702828751855,BALANCING
1.1420000000000001,0.688179259578121,-3.272239852199082,195.3517370745481,0.3517835423813981,BALANCING
1.1440000000000001,0.6816417843469846,-3.265226148580275,195.4574229668507,0.35179529289951517,BALANCING
1.1460000000000001,0.6751183332918756,-3.2582168802196163,195.56201670312123,0.3518055382768099,BALANCING
1.1480000000000001,0.6686088975214562,-3.251212064863383,195.66552066345497,0.3518142823569444,BALANCING
1.1500000000000001,0.6621134681089619,-3.2442117201950658,195.76793722638783,0.35182152897996394,BALANCING
1.1520000000000001,0.6556320360923263,-3.2372158638354436,195.86926876889004,0.35182728198228874,BALANCING
1.154,0.6491645924743078,-3.230224513342663,195.96951766636028,0.3518315451967081,BALANCING
1.156,0.6427111282226133,-3.223237686212316,196.06868629261973,0.35183432245237295,BALANCING
1.158,0.6362716342700243,-3.2162553998775185,196.16677701990602,0.3518356175747894,BALANCING
1.16,0.6298461015145211,-3.2092776717089873,196.26379221886717,0.351835434385812,BALANCING
1.162,0.6234345208194081,-3.2023045190151187,196.3597342585558,0.3518337767036364,BALANCING
1.164,0.6170368830134377,-3.195335959042067,196.4546055064231,0.35183064834279343,BALANCING
1.166,0.6106531788909356,-3.1883720089738232,196.54840832831306,0.351826053114142,BALANCING
1.168,0.6042833992119242,-3.1814126859322926,196.64114508845648,0.3518199948248625,BALANCING
1.17,0.597927534702247,-3.174458006977374,196.73281814946515,0.3518124772784502,BALANCING
1.172,0.5915855760536928,-3.1675079891070386,196.82342987232602,0.3518035042747087,BALANCING
1.174,0.5852575139241191,-3.160562649257408,196.9129826163954,0.35179307960974343,BALANCING
1.176,0.578943338937576,-3.1536220043028336,197.00147873939324,0.35178120707595517,BALANCING
1.178,0.5726430416844295,-3.146686071055975,197.08892059739716,0.35176789046203316,BALANCING
1.18,0.5663566127214849,-3.1397548662678805,197.17531054483703,0.35175313355294946,BALANCING
1.182,0.5600840425721099,-3.132828406628063,197.26065093448895,0.3517369401299518,BALANCING
1.184,0.5538253217263576,-3.125906708764584,197.3449441174697,0.3517193139705575,BALANCING
1.186,0.5475804406410892,-3.118989789244128,197.428192443231,0.3517002588485471,BALANCING
1.188,0.5413493897400972,-3.1120776645720833,197.51039825955402,0.3516797785339584,BALANCING
1.19,0.5351321594142271,-3.105170351192626,197.59156391254342,0.3516578767930791,BALANCING
1.192,0.5289287400215004,-3.098267865488791,197.67169174662214,0.35163455738844207,BALANCING
1.194,0.5227391218872367,-3.09137022378256,197.7507841045255,0.3516098240788179,BALANCING
1.196,0.5165632953041756,-3.084477442334936,197.82884332729577,0.3515836806192094,BALANCING
1.198,0.5104012505325983,-3.0775895373460247,197.9058717542766,0.35155613076084513,BALANCING
1.2,0.50425297780045,-3.0707065249551144,197.98187172310753,0.3515271782511733,BALANCING
1.202,0.49811846730346093,-3.0638284212407556,198.0568455697184,0.351496826833856,BALANCING
1.204,0.4919977092052678,-3.0569552422208424,198.130795628324,0.3514650802487628,BALANCING
1.206,0.4858906936375354,-3.0500870038526897,198.20372423141842,0.3514319422319648,BALANCING
1.208,0.47979741070007725,-3.0432237220331175,198.27563370976983,0.35139741651572864,BALANCING
1.21,0.47371785046097675,-3.036365412598527,198.346526392415,0.351361506828511,BALANCING
1.212,0.46765200295670795,-3.0295120913249844,198.41640460665374,0.35132421689495186,BALANCING
1.214,0.4615998581922559,-3.0226637739282984,198.4852706780438,0.35128555043586923,BALANCING
1.216,0.45556140614123747,-3.0158204760641034,198.5531269303953,0.35124551116825303,BALANCING
1.218,0.44953663674602123,-3.008982213327939,198.61997568576552,0.3512041028052594,BALANCING
1.22,0.4435255399178481,-3.00214900125533,198.68581926445347,0.35116132905620456,BALANCING
1.222,0.4375281055369505,-2.9953208553218666,198.75065998499483,0.3511171936265599,BALANCING
1.224,0.4315443234526729,-2.9884977909432893,198.81450016415639,0.351071700217945,BALANCING
1.226,0.42557418348359105,-2.981679823475565,198.8773421169311,0.3510248525281232,BALANCING
1.228,0.41961767541763156,-2.974866968214969,198.9391881565326,0.3509766542509949,BALANCING
1.23,0.41367478901219124,-2.9680592403981696,199.00004059439013,0.3509271090765926,BALANCING
1.232,0.4077455139942561,-2.961256655202304,199.05990174014343,0.350876220691075,BALANCING
1.234,0.4018298400605205,-2.9544592277450645,199.11877390163744,0.3508239927767214,BALANCING
1.236,0.3959277568775059,-2.9476669730847753,199.17665938491714,0.35077042901192623,BALANCING
1.238,0.39003925408167944,-2.9408799062204767,199.2335604942227,0.3507155330711939,BALANCING
1.24,0.3841643212795725,-2.934098042092007,199.289479531984,0.3506593086251326,BALANCING
1.242,0.3783029480478991,-2.927321395580081,199.34441879881584,0.35060175934044924,BALANCING
1.244,0.37245512393367397,-2.9205499815063756,199.3983805935128,0.3505428888799442,BALANCING
1.246,0.3666208384543305,-2.9137838146336077,199.45136721304422,0.3504827009025057,BALANCING
1.248,0.3608000810978388,-2.9070229096656166,199.50338095254907,0.3504211990631044,BALANCING
1.25,0.354992841322823,-2.9002672812474493,199.55442410533118,0.35035838701278843,BALANCING
1.252,0.3491991085586793,-2.893516943965438,199.60449896285408,0.3502942683986776,BALANCING
1.254,0.3434188722056927,-2.886771912347285,199.65360781473618,0.35022884686395855,BALANCING
1.256,0.3376521216351548,-2.8800322008621415,199.7017529487457,0.35016212604787933,BALANCING
1.258,0.33189884618948023,-2.873297823920694,199.7489366507959,0.35009410958574405,BALANCING
1.26,0.32615903518232403,-2.866568795875243,199.79516120494023,0.3500248011089084,BALANCING
1.262,0.32043267789869795,-2.8598451310197865,199.84042889336715,0.3499542042447733,BALANCING
1.264,0.3147197635950872,-2.8531268435901023,199.8847419963957,0.3498823226167811,BALANCING
1.266,0.3090202814995667,-2.8464139477638297,199.92810279247038,0.34980915984440963,BALANCING
1.268,0.30333422081191735,-2.8397064576605535,199.9705135581565,0.34973471954316737,BALANCING
1.27,0.29766157070374205,-2.8330043873418838,200.0119765681354,0.3496590053245886,BALANCING
1.272,0.29200232031858153,-2.826307750811541,200.05249409519945,0.3495820207962283,BALANCING
1.274,0.28635645877203014,-2.819616562015437,200.0920684102477,0.34950376956165713,BALANCING
1.276,0.2807239751518511,-2.81293083484176,200.13070178228082,0.34942425522045667,BALANCING
1.278,0.2751048585180924,-2.806250583121053,200.16839647839657,0.3493434813682143,BALANCING
1.28,0.2694990979032015,-2.7995758206263015,200.20515476378506,0.34926145159651845,BALANCING
1.282,0.26390668231214065,-2.7929065610730115,200.24097890172416,0.3491781694929539,BALANCING
1.284,0.25832760072250155,-2.786242818119298,200.2758711535747,0.34909363864109677,BALANCING
1.286,0.2527618420846205,-2.779584605365963,200.30983377877604,0.34900786262050965,BALANCING
1.288,0.24720939532169225,-2.7729319363565805,200.34286903484139,0.34892084500673737,BALANCING
1.29,0.2416702493298851,-2.7662848245775806,200.37497917735317,0.3488325893713017,BALANCING
1.292,0.23614439297845455,-2.7596432834583298,200.4061664599586,0.348743099281697,BALANCING
1.294,0.23063181510985767,-2.753007326371218,200.43643313436493,0.3486523783013853,BALANCING
1.296,0.22513250453986688,-2.746376966631739,200.4657814503352,0.348560429989792,BALANCING
1.298,0.2196464500576836,-2.7397522174985736,200.49421365568352,0.348467257902301,BALANCING
1.3,0.21417364042605191,-2.733133092173676,200.52173199627074,0.34837286559025044,BALANCING
1.302,0.20871406438137183,-2.7265196038023545,200.54833871599985,0.3482772566009277,BALANCING
1.304,0.20326771063381258,-2.7199117654733547,200.57403605681168,0.34818043447756525,BALANCING
1.306,0.19783456786742562,-2.713309590218945,200.59882625868036,0.34808240275933616,BALANCING
1.308,0.19241462474025753,-2.7067130910149997,200.62271155960906,0.3479831649813494,BALANCING
1.31,0.18700786988446266,-2.7001222807810814,200.64569419562542,0.3478827246746457,BALANCING
1.312,0.1816142919064158,-2.6935371723805264,200.66777640077746,0.3477810853661931,BALANCING
1.314,0.17623387938682436,-2.6869577786205276,200.68896040712897,0.34767825057888235,BALANCING
1.316,0.1708666208808408,-2.680384112252218,200.7092484447553,0.34757422383152276,BALANCING
1.318,0.16551250491817454,-2.673816185970755,200.72864274173918,0.347469008638838,BALANCING
1.32,0.16017152000320375,-2.6672540124154045,200.7471455241662,0.34736260851146167,BALANCING
1.322,0.15484365461508728,-2.660697604169625,200.76475901612076,0.3472550269559331,BALANCING
1.324,0.149528897207876,-2.6541469737611507,200.78148543968172,0.34714626747469307,BALANCING
1.326,0.14422723621062417,-2.647602133662077,200.79732701491827,0.3470363335660797,BALANCING
1.328,0.13893866002750083,-2.6410630962889434,200.81228595988554,0.3469252287243243,BALANCING
1.33,0.13366315703790063,-2.634529874002818,200.82636449062073,0.3468129564395471,BALANCING
1.332,0.1284007155965548,-2.6280024791093823,200.83956482113862,0.3466995201977534,BALANCING
1.334,0.12315132403364176,-2.621480923859015,200.85188916342764,0.3465849234808292,BALANCING
1.336,0.11791497065489767,-2.614965220446877,200.86333972744572,0.34646916976653724,BALANCING
1.338,0.1126916437417269,-2.608455381012993,200.87391872111607,0.3463522625285133,BALANCING
1.34,0.10748133155131204,-2.60195141764234,200.88362835032325,0.34623420523626164,BALANCING
1.342,0.10228402231672401,-2.59545334236493,200.89247081890903,0.3461150013551515,BALANCING
1.344,0.09709970424703193,-2.588961167155894,200.90044832866832,0.345994654346413,BALANCING
1.346,0.09192836552741278,-2.582474903935566,200.90756307934524,0.3458731676671333,BALANCING
1.348,0.08676999431926083,-2.5759945645695694,200.91381726862895,0.3457505447702524,BALANCING
1.35,0.08162457876029712,-2.5695201608689016,200.9192130921499,0.3456267891045599,BALANCING
1.352,0.07649210696467851,-2.563051704590016,200.9237527434756,0.34550190411469067,BALANCING
1.354,0.07137256702310679,-2.5565892074349104,200.92743841410694,0.34537589324112106,BALANCING
1.356,0.06626594700293743,-2.5501326810512084,200.93027229347402,0.3452487599201655,BALANCING
1.358,0.06117223494828826,-2.5436821370322473,200.93225656893236,0.34512050758397267,BALANCING
1.36,0.05609141888014798,-2.5372375869171613,200.9333934257591,0.3449911396605214,BALANCING
1.362,0.051023486796484496,-2.5307990421909654,200.93368504714886,0.3448606595736174,BALANCING
1.364,0.045968426672353055,-2.524366514284643,200.93313361421016,0.34472907074288933,BALANCING
1.366,0.0409262264600042,-2.517940014575228,200.93174130596148,0.3445963765837855,BALANCING
1.368,0.03589687408899165,-2.5115195543858935,200.9295102993274,0.34446258050757006,BALANCING
1.37,0.030880357466279894,-2.5051051449860315,200.9264427691349,0.3443276859213193,BALANCING
1.372,0.025876664476351684,-2.4986967975913443,200.9225408881095,0.3441916962279183,BALANCING
1.374,0.020885782981315337,-2.492294523363924,200.9178068268715,0.3440546148260575,BALANCING
1.3760000000000001,0.015907700821011846,-2.485898333412342,200.91224275393242,0.34391644511022895,BALANCING
1.3780000000000001,0.010942405813121886,-2.4795082387917304,200.905850835691,0.34377719047072286,BALANCING
1.3800000000000001,0.005989885753272568,-2.4731242505038713,200.89863323642973,0.34363685429362467,BALANCING
1.3820000000000001,0.001050128415144076,-2.466746379497278,200.89059211831105,0.3434954399608109,BALANCING
1.3840000000000001,-0.00387687844942388,-2.460374636667285,200.88172964137368,0.3433529508499461,BALANCING
1.3860000000000001,-0.008791147110325788,-2.4540090328561277,200.87204796352904,0.3432093903344796,BALANCING
1.3880000000000001,-0.013692689859084223,-2.447649578853032,200.86154924055762,0.34306476178364226,BALANCING
1.3900000000000001,-0.018581519008743913,-2.441296285394299,200.85023562610533,0.3429190685624428,BALANCING
1.3920000000000001,-0.023457646893765966,-2.43494916316339,200.8381092716799,0.34277231403166486,BALANCING
1.3940000000000001,-0.028321085869922272,-2.428608222791011,200.82517232664745,0.3426245015478632,BALANCING
1.3960000000000001,-0.03317184831419009,-2.4222734748552,200.81142693822866,0.34247563446336166,BALANCING
1.3980000000000001,-0.038009946624646754,-2.415944929881412,200.79687525149558,0.3423257161262485,BALANCING
1.4000000000000001,-0.042835393220364656,-2.4096225983426036,200.78151940936783,0.34217474988037433,BALANCING
1.4020000000000001,-0.04764820054130628,-2.4033064906593187,200.76536155260922,0.3420227390653484,BALANCING
1.4040000000000001,-0.052448381048219465,-2.3969966171997767,200.74840381982438,0.34186968701653586,BALANCING
1.4060000000000001,-0.05723594722253287,-2.3906929882799552,200.73064834745503,0.3417155970650542,BALANCING
1.408,-0.062010911566251554,-2.384395614163677,200.71209726977685,0.34156047253777067,BALANCING
1.41,-0.06677328660185272,-2.3781045050626948,200.6927527188958,0.341404316757299,BALANCING
1.412,-0.07152308487218173,-2.3718196711367794,200.67261682474486,0.3412471330419963,BALANCING
1.414,-0.07626031894034815,-2.365541122493803,200.65169171508066,0.3410889247059604,BALANCING
1.416,-0.08098500138962207,-2.359268869189826,200.62997951548,0.34092969505902665,BALANCING
1.418,-0.08569714482333057,-2.353002921229183,200.60748234933652,0.3407694474067648,BALANCING
1.42,-0.09039676186475437,-2.346743288564568,200.58420233785753,0.34060818505047663,BALANCING
1.422,-0.09508386515702456,-2.3404899810971207,200.56014160006052,0.34044591128719276,BALANCING
1.424,-0.09975846736301965,-2.3342430086765136,200.53530225276984,0.34028262940966963,BALANCING
1.426,-0.10442058116526269,-2.3280023811010353,200.50968641061365,0.34011834270638686,BALANCING
1.428,-0.10907021926581856,-2.3217681081176798,200.4832961860204,0.3399530544615447,BALANCING
1.43,-0.11370739438619153,-2.315540199422229,200.4561336892158,0.3397867679550608,BALANCING
1.432,-0.11833211926722287,-2.3093186646593415,200.42820102821938,0.33961948646256757,BALANCING
1.434,-0.12294440666898866,-2.3031035134226374,200.3995003088415,0.3394512132554098,BALANCING
1.436,-0.1275442693706979,-2.296894755254785,200.37003363468008,0.3392819516006414,BALANCING
1.438,-0.1321317201705906,-2.2906923996475843,200.33980310711738,0.3391117047610234,BALANCING
1.44,-0.13670677188583613,-2.284496456042058,200.30881082531684,0.3389404759950206,BALANCING
1.442,-0.14126943735243178,-2.2783069338285347,200.2770588862201,0.3387682685567994,BALANCING
1.444,-0.1458197294251015,-2.272123842346733,200.24454938454366,0.33859508569622526,BALANCING
1.446,-0.15035766097719458,-2.265947190885852,200.21128441277602,0.3384209306588596,BALANCING
1.448,-0.15488324490058497,-2.259776988684655,200.1772660611744,0.3382458066859579,BALANCING
1.45,-0.1593964941055703,-2.2536132449315556,200.14249641776178,0.33806971701446675,BALANCING
1.452,-0.1638974215207713,-2.247455968764705,200.10697756832383,0.33789266487702163,BALANCING
1.454,-0.16838604009303143,-2.2413051692720782,200.07071159640589,0.3377146535019442,BALANCING
1.456,-0.17286236278731645,-2.2351608554915585,200.03370058330995,0.3375356861132398,BALANCING
1.458,-0.17732640258661456,-2.229023036411027,199.9959466080916,0.3373557659305955,BALANCING
1.46,-0.1817781724918362,-2.2228917209684442,199.9574517475572,0.3371748961693772,BALANCING
1.462,-0.18621768552171455,-2.216766918051942,199.91821807626079,0.3369930800406273,BALANCING
1.464,-0.19064495471270584,-2.210648636499906,199.87824766650124,0.3368103207510628,BALANCING
1.466,-0.1950599931188899,-2.2045368851010627,199.83754258831922,0.33662662150307265,BALANCING
1.468,-0.19946281381187103,-2.198431672594567,199.79610490949437,0.33644198549471516,BALANCING
1.47,-0.2038534298806788,-2.192333007670087,199.75393669554248,0.33625641591971633,BALANCING
1.472,-0.20823185443166936,-2.186240898967891,199.71104000971238,0.3360699159674673,BALANCING
1.474,-0.21259810058842651,-2.1801553550789348,199.66741691298338,0.335882488823022,BALANCING
1.476,-0.21695218149166337,-2.1740763845449473,199.62306946406227,0.3356941376670952,BALANCING
1.478,-0.22129411029912383,-2.1680039958585167,199.5779997193805,0.33550486567606036,BALANCING
1.48,-0.22562390018548445,-2.161938197463177,199.5322097330914,0.3353146760219469,BALANCING
1.482,-0.22994156434225638,-2.1558789977534953,199.48570155706747,0.33512357187243913,BALANCING
1.484,-0.23424711597768755,-2.149826405075158,199.43847724089744,0.334931556390873,BALANCING
1.486,-0.23854056831666506,-2.1437804277250554,199.39053883188367,0.33473863273623505,BALANCING
1.488,-0.24282193460061757,-2.137741073951372,199.34188837503936,0.3345448040631593,BALANCING
1.49,-0.24709122808741796,-2.1317083519536677,199.29252791308588,0.33435007352192625,BALANCING
1.492,-0.25134846205128625,-2.1256822698829705,199.24245948645,0.33415444425846036,BALANCING
1.494,-0.2555936497826925,-2.1196628358418583,199.1916851332612,0.33395791941432784,BALANCING
1.496,-0.2598268045882602,-2.113650057884547,199.14020688934906,0.33376050212673536,BALANCING
1.498,-0.2640479397906695,-2.107643944016978,199.08802678824068,0.33356219552852745,BALANCING
1.5,-0.26825706872856053,-2.1016445021969017,199.03514686115787,0.33336300274818487,BALANCING
1.502,-0.27245420475643767,-2.095651740333968,198.9815691370146,0.33316292690982285,BALANCING
1.504,-0.2766393612445728,-2.08966566628981,198.92729564241446,0.33296197113318915,BALANCING
1.506,-0.2808125515789098,-2.083686287878132,198.87232840164805,0.3327601385336619,BALANCING
1.508,-0.28497378916096855,-2.077713612864796,198.81666943669046,0.3325574322222483,BALANCING
1.51,-0.2891230874077495,-2.071747648967906,198.76032076719855,0.33235385530558254,BALANCING
1.512,-0.293260459751638,-2.065788403857898,198.70328441050862,0.3321494108859239,BALANCING
1.514,-0.2973859196403092,-2.059835885157626,198.64556238163374,0.3319441020611554,BALANCING
1.516,-0.3014994805366331,-2.053890100442444,198.58715669326142,0.33173793192478174,BALANCING
1.518,-0.30560115591857934,-2.047951057240299,198.52806935575097,0.3315309035659278,BALANCING
1.52,-0.30969095927912277,-2.0420187630318143,198.46830237713107,0.3313230200693367,BALANCING
1.522,-0.3137689041261485,-2.036093225250376,198.40785776309735,0.33111428451536856,BALANCING
1.524,-0.3178350039823581,-2.03017445128222,198.34673751701,0.3309046999799984,BALANCING
1.526,-0.3218892723851747,-2.0242624484665193,198.28494363989125,0.3306942695348149,BALANCING
1.528,-0.32593172288664946,-2.0183572240954692,198.22247813042307,0.3304829962470187,BALANCING
1.53,-0.32996236905336757,-2.012458785414376,198.15934298494466,0.3302708831794208,BALANCING
1.532,-0.3339812244663545,-2.0065671396217404,198.09554019745028,0.3300579333904411,BALANCING
1.534,-0.33798830272098224,-2.0006822938693465,198.03107175958664,0.3298441499341066,BALANCING
1.536,-0.34198361742687666,-1.9948042552623493,197.96593966065075,0.32962953586005045,BALANCING
1.538,-0.3459671822078234,-1.988933030859358,197.90014588758763,0.32941409421351,BALANCING
1.54,-0.3499390107016757,-1.9830686276725251,197.83369242498785,0.32919782803532543,BALANCING
1.542,-0.3538991165602611,-1.9772110526676325,197.76658125508533,0.3289807403619387,BALANCING
1.544,-0.3578475134492887,-1.971360312764177,197.6988143577551,0.32876283422539165,BALANCING
1.546,-0.36178421504825725,-1.9655164148354591,197.630393710511,0.3285441126533249,BALANCING
1.548,-0.36570923505036224,-1.9596793657086669,197.56132128850342,0.32832457866897646,BALANCING
1.55,-0.3696225871624039,-1.9538491721649647,197.49159906451712,0.3281042352911802,BALANCING
1.552,-0.3735242851046956,-1.9480258409395783,197.42122900896902,0.32788308553436496,BALANCING
1.554,-0.3774143426109715,-1.9422093787218833,197.35021308990602,0.3276611324085529,BALANCING
1.556,-0.38129277342829543,-1.936399792155489,197.27855327300273,0.3274383789193581,BALANCING
1.558,-0.3851595913169691,-1.930597087838327,197.2062515215595,0.32721482806798596,BALANCING
1.56,-0.38901481005044103,-1.924801272322737,197.13330979650007,0.3269904828512314,BALANCING
1.562,-0.39285844341521536,-1.919012352115554,197.05973005636955,0.3267653462614776,BALANCING
1.564,-0.396690505210761,-1.9132303336781937,196.98551425733234,0.3265394212866954,BALANCING
1.566,-0.4005110092494208,-1.9074552234267397,196.91066435316995,0.3263127109104416,BALANCING
1.568,-0.40431996935632086,-1.9016870277320301,196.83518229527897,0.32608521811185803,BALANCING
1.57,-0.40811739936928054,-1.8959257529197437,196.75907003266903,0.3258569458656705,BALANCING
1.572,-0.41190331313872175,-1.890171405270487,196.68232951196057,0.3256278971421874,BALANCING
1.574,-0.41567772452757906,-1.884423991019879,196.60496267738318,0.3253980749072992,BALANCING
1.576,-0.41944064741121,-1.8786835163586406,196.5269714707732,0.3251674821224768,BALANCING
1.578,-0.42319209567730515,-1.8729499874326792,196.44835783157185,0.3249361217447709,BALANCING
1.58,-0.4269320832257985,-1.8672234103431746,196.36912369682338,0.3247039967268106,BALANCING
1.582,-0.4306606239687784,-1.8615037911466668,196.28927100117292,0.32447111001680307,BALANCING
1.584,-0.4343777318303982,-1.855791135855141,196.20880167686457,0.324237464558532,BALANCING
1.586,-0.4380834207467869,-1.8500854504361166,196.12771765373952,0.32400306329135675,BALANCING
1.588,-0.441777704665961,-1.8443867408127306,196.04602085923412,0.3237679091502116,BALANCING
1.59,-0.4454605975477353,-1.838695012863825,195.96371321837785,0.3235320050656049,BALANCING
1.592,-0.44913211336363446,-1.8330102724240347,195.88079665379152,0.32329535396361797,BALANCING
1.594,-0.45279226609680473,-1.8273325252838715,195.79727308568545,0.3230579587659044,BALANCING
1.596,-0.45644106974192605,-1.8216617771898125,195.7131444318575,0.3228198223896889,BALANCING
1.598,-0.4600785383051235,-1.8159980338443849,195.62841260769122,0.32258094774776724,BALANCING
1.6,-0.46370468580387997,-1.810341300906253,195.54307952615417,0.3223413377485047,BALANCING
1.602,-0.46731952626694834,-1.8046915839903046,195.45714709779583,0.3221009952958354,BALANCING
1.604,-0.47092307373426406,-1.799048888667738,195.3706172307461,0.321859923289262,BALANCING
1.606,-0.4745153422568578,-1.7934132204661453,195.28349183071327,0.3216181246238545,BALANCING
1.608,-0.4780963458967683,-1.787784584869603,195.19577280098244,0.32137560219024985,BALANCING
1.61,-0.4816660987269556,-1.7821629873187546,195.10746204241357,0.3211323588746511,BALANCING
1.612,-0.485224614831214,-1.776548433210899,195.0185614534399,0.3208883975588267,BALANCING
1.614,-0.4887719083040857,-1.7709409279000758,194.92907293006613,0.32064372112010997,BALANCING
1.616,-0.49230799325077396,-1.7653404766971514,194.83899836586676,0.3203983324313984,BALANCING
1.618,-0.4958328837870576,-1.7597470848699055,194.74833965198428,0.32015223436115303,BALANCING
1.62,-0.4993465940392042,-1.7541607576431175,194.65709867712772,0.319905429773398,BALANCING
1.622,-0.5028491381438843,-1.7485815001986518,194.56527732757073,0.31965792152771966,BALANCING
1.624,-0.5063405302480861,-1.7430093176755443,194.47287748715004,0.3194097124792666,BALANCING
1.6260000000000001,-0.5098207845090295,-1.7374442151700897,194.37990103726383,0.3191608054787484,BALANCING
1.6280000000000001,-0.5132899150940805,-1.7318861977359257,194.28634985687015,0.3189112033724359,BALANCING
1.6300000000000001,-0.5167479361806666,-1.72633527038412,194.1922258224851,0.3186609090021598,BALANCING
1.6320000000000001,-0.5201948619561911,-1.7207914380832552,194.09753080818155,0.31840992520531136,BALANCING
1.6340000000000001,-0.5236307066179487,-1.7152547057595178,194.0022666855873,0.3181582548148408,BALANCING
1.6360000000000001,-0.5270554843730408,-1.70972507829678,193.9064353238836,0.31790590065925745,BALANCING
1.6380000000000001,-0.5304692094382903,-1.7042025605366895,193.8100385898037,0.31765286556262956,BALANCING
1.6400000000000001,-0.5338718960401581,-1.6986871572787527,193.7130783476311,0.3173991523445833,BALANCING
1.6420000000000001,-0.5372635584146581,-1.6931788732804218,193.61555645919825,0.3171447638203031,BALANCING
1.6440000000000001,-0.5406442108072741,-1.6876777132571814,193.5174747838849,0.31688970280053064,BALANCING
1.6460000000000001,-0.544013867472875,-1.6821836818826326,193.41883517861666,0.316633972091565,BALANCING
1.6480000000000001,-0.5473725426756317,-1.67669678378858,193.31963949786353,0.3163775744952622,BALANCING
1.6500000000000001,-0.5507202506889336,-1.6712170235651176,193.21988959363838,0.31612051280903475,BALANCING
1.6520000000000001,-0.5540570057953049,-1.6657444057607138,193.11958731549558,0.3158627898258517,BALANCING
1.6540000000000001,-0.5573828222863216,-1.6602789348822984,193.0187345105295,0.31560440833423814,BALANCING
1.6560000000000001,-0.5606977144625288,-1.6548206153953466,192.9173330233731,0.31534537111827515,BALANCING
1.6580000000000001,-0.5640016966333573,-1.6493694517239668,192.81538469619653,0.31508568095759937,BALANCING
1.6600000000000001,-0.5672947831170416,-1.6439254482509842,192.71289136870584,0.31482534062740325,BALANCING
1.6620000000000001,-0.5705769882405369,-1.638488609318028,192.60985487814142,0.31456435289843426,BALANCING
1.6640000000000001,-0.573848326339437,-1.6330589392256167,192.5062770592767,0.3143027205369953,BALANCING
1.666,-0.5771088117578923,-1.6276364422332428,192.40215974441685,0.31404044630494427,BALANCING
1.668,-0.5803584588485275,-1.6222211225594596,192.29750476339743,0.31377753295969396,BALANCING
1.67,-0.5835972819723602,-1.616812984381966,192.1923139435831,0.31351398325421226,BALANCING
1.672,-0.5868252954987186,-1.6114120318376928,192.08658910986614,0.31324979993702173,BALANCING
1.674,-0.5900425138051614,-1.606018269022887,191.98033208466538,0.31298498575219963,BALANCING
1.676,-0.5932489512773947,-1.600631699993198,191.87354468792478,0.31271954343937797,BALANCING
1.678,-0.5964446223091924,-1.5952523287637628,191.76622873711221,0.3124534757337436,BALANCING
1.68,-0.5996295413023147,-1.589880159309292,191.65838604721822,0.31218678536603794,BALANCING
1.682,-0.6028037226664268,-1.5845151955641543,191.55001843075473,0.3119194750625573,BALANCING
1.684,-0.6059671808190196,-1.5791574414224625,191.44112769775387,0.3116515475451526,BALANCING
1.686,-0.6091199301853277,-1.573806900738158,191.33171565576677,0.3113830055312298,BALANCING
1.688,-0.6122619851982505,-1.5684635773250972,191.22178410986234,0.31111385173374956,BALANCING
1.69,-0.6153933602982713,-1.5631274749571358,191.11133486262608,0.3108440888612279,BALANCING
1.692,-0.6185140699333779,-1.5577985973682145,191.00036971415886,0.31057371961773556,BALANCING
1.694,-0.6216241285589822,-1.552476948252444,190.88889046207598,0.3103027467028989,BALANCING
1.696,-0.6247235506378412,-1.5471625312641901,190.7768989015057,0.3100311728118998,BALANCING
1.698,-0.6278123506399778,-1.5418553500181589,190.66439682508837,0.3097590006354752,BALANCING
1.7,-0.6308905430426004,-1.5365554080894814,190.5513860229752,0.3094862328599185,BALANCING
1.702,-0.6339581423300253,-1.5312627090138,190.43786828282728,0.30921287216707877,BALANCING
1.704,-0.6370151629935968,-1.5259772562873515,190.3238453898143,0.30893892123436134,BALANCING
1.706,-0.6400616195316089,-1.5206990533670535,190.2093191266136,0.3086643827347282,BALANCING
1.708,-0.6430975264492266,-1.515428103670589,190.09429127340906,0.30838925933669775,BALANCING
1.71,-0.6461228982584075,-1.5101644105764904,189.97876360789016,0.30811355370434595,BALANCING
1.712,-0.6491377494778238,-1.5049079774242258,189.86273790525078,0.3078372684973057,BALANCING
1.714,-0.6521420946327839,-1.4996588075142834,189.74621593818833,0.3075604063707677,BALANCING
1.716,-0.6551359482551551,-1.4944169041082553,189.62919947690264,0.30728296997548066,BALANCING
1.718,-0.658119324883285,-1.4891822704289235,189.511690289095,0.30700496195775157,BALANCING
1.72,-0.6610922390619248,-1.4839549096603437,189.39369013996716,0.3067263849594464,BALANCING
1.722,-0.6640547053421516,-1.4787348249479306,189.2752007922205,0.3064472416179898,BALANCING
1.724,-0.6670067382812914,-1.4735220193985425,189.1562240060548,0.30616753456636653,BALANCING
1.726,-0.6699483524428413,-1.4683164960805652,189.03676153916757,0.30588726643312075,BALANCING
1.728,-0.6728795623963939,-1.4631182580239974,188.91681514675298,0.3056064398423574,BALANCING
1.73,-0.6758003827175595,-1.4579273082205348,188.79638658150097,0.3053250574137422,BALANCING
1.732,-0.6787108279878902,-1.4527436496236543,188.67547759359638,0.30504312176250215,BALANCING
1.734,-0.6816109127948033,-1.4475672851486991,188.554089930718,0.30476063549942617,BALANCING
1.736,-0.6845006517315054,-1.4423982176729626,188.43222533803774,0.30447760123086554,BALANCING
1.738,-0.6873800593969158,-1.437236450035773,188.30988555821975,0.3041940215587344,BALANCING
1.74,-0.6902491503955913,-1.4320819850385775,188.18707233141964,0.3039098990805103,BALANCING
1.742,-0.6931079393376502,-1.4269348254450267,188.06378739528353,0.303625236389235,BALANCING
1.744,-0.6959564408386969,-1.4217949739810583,187.94003248494724,0.3033400360735146,BALANCING
1.746,-0.6987946695197462,-1.4166624333349822,187.81580933303562,0.3030543007175207,BALANCING
1.748,-0.7016226400071488,-1.411537206157564,187.69111966966156,0.3027680329009904,BALANCING
1.75,-0.7044403669325155,-1.4064192950621086,187.56596522242535,0.3024812351992276,BALANCING
1.752,-0.7072478649326435,-1.4013087026245454,187.44034771641384,0.3021939101831031,BALANCING
1.754,-0.7100451486494402,-1.3962054313835126,187.31426887419966,0.3019060604190555,BALANCING
1.756,-0.7128322327298501,-1.3911094838404392,187.18773041584052,0.30161768846909187,BALANCING
1.758,-0.7156091318257795,-1.3860208624596302,187.0607340588785,0.3013287968907886,BALANCING
1.76,-0.7183758605940229,-1.3809395696683513,186.93328151833924,0.301039388237292,BALANCING
1.762,-0.7211324336961891,-1.3758656078569107,186.80537450673128,0.30074946505731864,BALANCING
1.764,-0.7238788657986265,-1.3707989793787452,186.6770147340454,0.300459029895157,BALANCING
1.766,-0.7266151715723506,-1.3657396865505016,186.54820390775387,0.30016808529066735,BALANCING
1.768,-0.7293413656929696,-1.360687731652122,186.41894373280988,0.29987663377928336,BALANCING
1.77,-0.7320574628406117,-1.3556431169269274,186.28923591164667,0.29958467789201193,BALANCING
1.772,-0.7347634776998513,-1.3506058445817002,186.15908214417712,0.29929222015543494,BALANCING
1.774,-0.7374594249596367,-1.3455759167867691,186.02848412779304,0.2989992630917095,BALANCING
1.776,-0.7401453193132168,-1.3405533356760917,185.8974435573644,0.2987058092185691,BALANCING
1.778,-0.7428211754580687,-1.335538103347338,185.765962125239,0.29841186104932443,BALANCING
1.78,-0.7454870080958248,-1.3305302218619743,185.63404152124167,0.29811742109286415,BALANCING
1.782,-0.7481428319322011,-1.3255296932453466,185.5016834326737,0.29782249185365595,BALANCING
1.784,-0.7507886616769247,-1.3205365194867633,185.3688895443123,0.2975270758317473,BALANCING
1.786,-0.7534245120436616,-1.3155507025395787,185.23566153841014,0.2972311755227666,BALANCING
1.788,-0.7560503977499452,-1.3105722443212766,185.10200109469457,0.29693479341792395,BALANCING
1.79,-0.7586663335171047,-1.3056011467135533,184.96790989036734,0.2966379320040122,BALANCING
1.792,-0.7612723340701931,-1.3006374115624004,184.8333896001039,0.296340593763408,BALANCING
1.794,-0.7638684141379167,-1.2956810406781882,184.69844189605294,0.2960427811740726,BALANCING
1.796,-0.7664545884525633,-1.2907320358357486,184.56306844783595,0.29574449670955316,BALANCING
1.798,-0.769030871749931,-1.2857903987744583,184.42727092254663,0.29544574283898356,BALANCING
1.8,-0.7715972787692583,-1.2808561311983215,184.29105098475048,0.2951465220270854,BALANCING
1.802,-0.7741538242531526,-1.275929234776052,184.15441029648431,0.29484683673416945,BALANCING
1.804,-0.7767005229475199,-1.2710097111411582,184.0173505172558,0.2945466894161361,BALANCING
1.806,-0.7792373896014948,-1.2660975618920232,183.87987330404314,0.29424608252447726,BALANCING
1.808,-0.78176443896737,-1.2611927885919896,183.7419803112944,0.2939450185062768,BALANCING
1.81,-0.7842816858005265,-1.2562953927694414,183.60367319092737,0.29364349980421184,BALANCING
1.812,-0.7867891448593634,-1.251405375917886,183.4649535923289,0.2933415288565542,BALANCING
1.814,-0.7892868309052288,-1.2465227394960374,183.32582316235477,0.29303910809717126,BALANCING
1.816,-0.7917747587023496,-1.2416474849278993,183.18628354532902,0.29273623995552717,BALANCING
1.818,-0.7942529430177631,-1.2367796136028464,183.0463363830439,0.2924329268566841,BALANCING
1.82,-0.7967213986212468,-1.231919126875707,182.9059833147592,0.2921291712213035,BALANCING
1.822,-0.7991801402852502,-1.2270660260668462,182.7652259772022,0.29182497546564723,BALANCING
1.824,-0.8016291827848255,-1.2222203124622473,182.62406600456706,0.2915203420015789,BALANCING
1.826,-0.804068540897559,-1.2173819873135938,182.48250502851477,0.29121527323656493,BALANCING
1.828,-0.8064982294035027,-1.2125510518383535,182.34054467817256,0.2909097715736761,BALANCING
1.83,-0.8089182630851058,-1.2077275072198579,182.19818658013386,0.29060383941158857,BALANCING
1.832,-0.8113286567271467,-1.2029113546073866,182.0554323584579,0.2902974791445854,BALANCING
1.834,-0.8137294251166649,-1.1981025951162478,181.91228363466928,0.2899906931625577,BALANCING
1.836,-0.8161205830428928,-1.193301229827861,181.76874202775807,0.2896834838510059,BALANCING
1.838,-0.8185021452971889,-1.1885072597898378,181.62480915417922,0.28937585359104157,BALANCING
1.84,-0.8208741266729692,-1.183720686016066,181.48048662785249,0.28906780475938815,BALANCING
1.842,-0.8232365419656403,-1.1789415094867894,181.33577606016215,0.2887593397283826,BALANCING
1.844,-0.8255894059725327,-1.1741697311486898,181.1906790599568,0.288450460865977,BALANCING
1.846,-0.8279327334928328,-1.1694053519149696,181.0451972335493,0.2881411705357395,BALANCING
1.848,-0.8302665393275167,-1.1646483726654324,180.89933218471612,0.28783147109685625,BALANCING
1.85,-0.8325908382792833,-1.1598987942465648,180.7530855146978,0.28752136490413255,BALANCING
1.852,-0.8349056451524874,-1.1551566174716188,180.60645882219822,0.2872108543079942,BALANCING
1.854,-0.8372109747530744,-1.1504218431206918,180.45945370338478,0.28689994165448907,BALANCING
1.856,-0.8395068418885124,-1.1456944719408093,180.31207175188806,0.2865886292852887,BALANCING
1.858,-0.8417932613677278,-1.140974504646005,180.16431455880183,0.2862769195376899,BALANCING
1.86,-0.8440702480010384,-1.136261941917403,180.0161837126828,0.2859648147446157,BALANCING
1.862,-0.8463378166000877,-1.1315567844032988,179.86768079955056,0.28565231723461754,BALANCING
1.864,-0.8485959819777799,-1.1268590327192396,179.71880740288748,0.2853394293318763,BALANCING
1.866,-0.8508447589482138,-1.1221686874481074,179.56956510363858,0.2850261533562041,BALANCING
1.868,-0.8530841623266181,-1.1174857491401975,179.4199554802115,0.284712491623046,BALANCING
1.87,-0.8553142069292862,-1.112810218313301,179.26998010847637,0.2843984464434812,BALANCING
1.872,-0.8575349075735107,-1.1081420954527859,179.1196405617658,0.28408402012422496,BALANCING
1.874,-0.8597462790775197,-1.1034813810116768,178.96893841087478,0.28376921496763,BALANCING
1.8760000000000001,-0.8619483362604111,-1.0988280754107365,178.81787522406069,0.2834540332716884,BALANCING
1.8780000000000001,-0.8641410939420892,-1.0941821790385466,178.66645256704322,0.2831384773300328,BALANCING
1.8800000000000001,-0.8663245669431993,-1.0895436922515873,178.51467200300442,0.2828225494319386,BALANCING
1.8820000000000001,-0.8684987700850643,-1.08491261537432,178.3625350925886,0.28250625186232503,BALANCING
1.8840000000000001,-0.8706637181896207,-1.080288948699266,178.21004339390245,0.28218958690175744,BALANCING
1.8860000000000001,-0.872819426079355,-1.0756726924870874,178.05719846251498,0.28187255682644863,BALANCING
1.8880000000000001,-0.8749659085772393,-1.0710638469666678,177.90400185145748,0.2815551639082604,BALANCING
1.8900000000000001,-0.8771031805066684,-1.0664624123351922,177.75045511122374,0.2812374104147057,BALANCING
1.8920000000000001,-0.8792312566913963,-1.0618683887582283,177.59655978976994,0.28091929860895015,BALANCING
1.8940000000000001,-0.8813501519554735,-1.0572817763698048,177.44231743251476,0.28060083074981385,BALANCING
1.8960000000000001,-0.8834598811231833,-1.052702575272494,177.28772958233947,0.28028200909177287,BALANCING
1.8980000000000001,-0.8855604590189793,-1.0481307855374895,177.13279777958792,0.2799628358849614,BALANCING
1.9000000000000001,-0.8876519004674227,-1.0435664072046877,176.9775235620668,0.2796433133751737,BALANCING
1.9020000000000001,-0.8897342202931201,-1.039009440282768,176.82190846504557,0.2793234438038649,BALANCING
1.9040000000000001,-0.8918074333206605,-1.0344598847492712,176.66595402125662,0.27900322940815436,BALANCING
1.9060000000000001,-0.8938715543745536,-1.0299177405506807,176.50966176089543,0.27868267242082595,BALANCING
1.9080000000000001,-0.8959265982791674,-1.0253830076025012,176.35303321162075,0.2783617750703311,BALANCING
1.9100000000000001,-0.8979725798586671,-1.0208556857893396,176.19606989855455,0.2780405395807899,BALANCING
1.9120000000000001,-0.9000095139369523,-1.0163357749649837,176.03877334428233,0.2777189681719933,BALANCING
1.9140000000000001,-0.9020374153375964,-1.0118232749524814,175.8811450688533,0.2773970630594051,BALANCING
1.9160000000000001,-0.9040562988837842,-1.007318185544222,175.72318658978045,0.27707482645416354,BALANCING
1.9180000000000001,-0.9060661793982516,-1.0028205065020137,175.56489942204078,0.27675226056308333,BALANCING
1.92,-0.9080670717032243,-0.9983302375571638,175.4062850780755,0.27642936758865777,BALANCING
1.922,-0.9100589906203563,-0.9938473784105583,175.2473450677903,0.27610614972906045,BALANCING
1.924,-0.9120419509706702,-0.9893719287327398,175.08808089855535,0.2757826091781472,BALANCING
1.926,-0.9140159675744954,-0.984903888163989,174.92849407520578,0.2754587481254582,BALANCING
1.928,-0.9159810552514085,-0.9804432563144007,174.7685861000418,0.2751345687562201,BALANCING
1.93,-0.9179372288201726,-0.975990032763966,174.60835847282888,0.27481007325134754,BALANCING
1.932,-0.9198845030986774,-0.9715442170626486,174.44781269079812,0.2744852637874456,BALANCING
1.934,-0.9218228929038792,-0.9671058087304659,174.28695024864643,0.27416014253681137,BALANCING
1.936,-0.9237524130517407,-0.9626748072575658,174.12577263853694,0.2738347116674367,BALANCING
1.938,-0.9256730783571723,-0.9582512121043073,173.96428135009901,0.2735089733430095,BALANCING
1.94,-0.9275849036339711,-0.9538350227013379,173.8024778704289,0.27318292972291613,BALANCING
1.942,-0.929487903694763,-0.9494262384496722,173.64036368408975,0.2728565829622434,BALANCING
1.944,-0.9313820933509429,-0.9450248587207711,173.477940273112,0.2725299352117809,BALANCING
1.946,-0.9332674874126156,-0.9406308828566206,173.31520911699388,0.2722029886180227,BALANCING
1.948,-0.9351441006885369,-0.9362443101698085,173.15217169270144,0.2718757453231697,BALANCING
1.95,-0.9370119479860555,-0.931865139943605,172.98882947466916,0.2715482074651317,BALANCING
1.952,-0.9388710441110535,-0.9274933714320388,172.82518393480015,0.2712203771775295,BALANCING
1.954,-0.9407214038678884,-0.9231290038599773,172.66123654246655,0.27089225658969707,BALANCING
1.956,-0.9425630420593355,-0.9187720364232034,172.49698876450998,0.2705638478266837,BALANCING
1.958,-0.9443959734865286,-0.9144224682884929,172.33244206524185,0.27023515300925627,BALANCING
1.96,-0.9462202129489033,-0.9100802985936949,172.16759790644372,0.26990617425390123,BALANCING
1.962,-0.9480357752441381,-0.9057455264478071,172.00245774736774,0.26957691367282705,BALANCING
1.964,-0.9498426751680973,-0.9014181509310558,171.83702304473712,0.2692473733739659,BALANCING
1.966,-0.9516409275147739,-0.8970981710949715,171.67129525274652,0.2689175554609769,BALANCING
1.968,-0.953430547076232,-0.8927855859624685,171.5052758230624,0.2685874620332472,BALANCING
1.97,-0.9552115486425489,-0.8884803945279218,171.33896620482355,0.26825709518589486,BALANCING
1.972,-0.9569839470017595,-0.8841825957572443,171.17236784464154,0.267926457009771,BALANCING
1.974,-0.9587477569397984,-0.8798921885879649,171.0054821866012,0.2675955495914621,BALANCING
1.976,-0.9605029932404434,-0.8756091719293048,170.83831067226092,0.2672643750132921,BALANCING
1.978,-0.9622496706852596,-0.8713335446622564,170.67085474065337,0.26693293535332485,BALANCING
1.98,-0.9639878040535418,-0.8670653056396592,170.50311582828587,0.2666012326853667,BALANCING
1.982,-0.9657174081222597,-0.8628044536862784,170.33509536914084,0.2662692690789679,BALANCING
1.984,-0.9674384976660008,-0.85855098759888,170.1667947946764,0.2659370465994259,BALANCING
1.986,-0.9691510874569147,-0.8543049061463096,169.9982155338269,0.2656045673077874,BALANCING
1.988,-0.9708551922646578,-0.8500662080695687,169.82935901300334,0.26527183326085046,BALANCING
1.99,-0.9725508268563369,-0.8458348920818913,169.66022665609395,0.2649388465111669,BALANCING
1.992,-0.9742380059964546,-0.8416109568688216,169.49081988446477,0.26460560910704506,BALANCING
1.994,-0.9759167444468533,-0.8373944010882894,169.32114011696024,0.26427212309255177,BALANCING
1.996,-0.9775870569666604,-0.833185223370688,169.15118876990365,0.263938390507515,BALANCING
1.998,-0.9792489583122332,-0.8289834223189503,168.98096725709783,0.2636044133875261,BALANCING
2.0,-0.9809024632371043,-0.8247889965086251,168.8104769898256,0.26327019376394234,BALANCING
2.0020000000000002,-0.9825475864919263,-0.820601944487954,168.63971937685045,0.26293573366388906,BALANCING
2.004,-0.9841843428244184,-0.8164222647779465,168.46869582441718,0.2626010351102629,BALANCING
2.0060000000000002,-0.9858127469793103,-0.812249955872459,168.29740773625247,0.26226610012173324,BALANCING
2.008,-0.9874328136982897,-0.8080850162382679,168.12585651356542,0.26193093071274526,BALANCING
2.0100000000000002,-0.9890445577199473,-0.8039274443151476,167.95404355504823,0.26159552889352233,BALANCING
2.012,-0.9906479937797227,-0.7997772385159462,167.78197025687695,0.26125989667006844,BALANCING
2.0140000000000002,-0.9922431366098515,-0.7956343972266608,167.60963801271197,0.26092403604417086,BALANCING
2.016,-0.9938300009393108,-0.7914989188065146,167.4370482136987,0.2605879490134023,BALANCING
2.0180000000000002,-0.9954086014937662,-0.7873708015880315,167.26420224846828,0.26025163757112396,BALANCING
2.02,-0.9969789529955184,-0.7832500438771132,167.0911015031383,0.25991510370648735,BALANCING
2.0220000000000002,-0.9985410701634497,-0.7791366439531128,166.91774736131336,0.25957834940443764,BALANCING
2.024,-1.0000949677129718,-0.7750306000689128,166.74414120408582,0.25924137664571556,BALANCING
2.0260000000000002,-1.0016406603559718,-0.770931910450999,166.5702844100365,0.25890418740686044,BALANCING
2.028,-1.0031781628007606,-0.7668405732995367,166.3961783552354,0.2585667836602124,BALANCING
2.0300000000000002,-1.0047074897520194,-0.7627565867884454,166.22182441324244,0.2582291673739154,BALANCING
2.032,-1.006228655910748,-0.7586799490654746,166.04722395510805,0.25789134051191914,BALANCING
2.0340000000000003,-1.0077416759742124,-0.7546106582522788,165.87237834937415,0.25755330503398255,BALANCING
2.036,-1.0092465646358921,-0.7505487124444931,165.69728896207462,0.25721506289567575,BALANCING
2.0380000000000003,-1.0107433365854286,-0.7464941097118073,165.52195715673622,0.25687661604838286,BALANCING
2.04,-1.0122320065085741,-0.7424468480980417,165.34638429437928,0.2565379664393047,BALANCING
2.0420000000000003,-1.0137125890871388,-0.7384069256212216,165.17057173351856,0.2561991160114615,BALANCING
2.044,-1.0151850989989402,-0.7343743402736519,164.99452083016394,0.25586006670369554,BALANCING
2.0460000000000003,-1.016649550917751,-0.7303490900219926,164.81823293782116,0.2555208204506736,BALANCING
2.048,-1.0181059595132487,-0.7263311728073328,164.64170940749284,0.2551813791828899,BALANCING
2.05,-1.019554339450964,-0.7223205865452651,164.464951587679,0.254841744826669,BALANCING
2.052,-1.0209947053922301,-0.7183173291259609,164.28796082437802,0.25450191930416777,BALANCING
2.054,-1.022427071994132,-0.7143213984142441,164.1107384610875,0.2541619045333789,BALANCING
2.056,-1.0238514539094552,-0.7103327922496657,163.93328583880492,0.2538217024281331,BALANCING
2.058,-1.025267865786636,-0.7063515084465779,163.75560429602874,0.25348131489810233,BALANCING
2.06,-1.0266763222697117,-0.7023775447942082,163.57769516875896,0.253140743848802,BALANCING
2.062,-1.0280768379982685,-0.6984108990567345,163.39955979049816,0.2527999911815941,BALANCING
2.064,-1.0294694276073935,-0.6944515689733575,163.2211994922523,0.2524590587936898,BALANCING
2.066,-1.0308541057276235,-0.6904995522583754,163.0426156025316,0.2521179485781524,BALANCING
2.068,-1.0322308869848962,-0.6865548466012583,162.86380944735143,0.2517766624239,BALANCING
2.07,-1.0335997860004997,-0.6826174496667208,162.68478235023315,0.25143520221570825,BALANCING
2.072,-1.034960817391024,-0.6786873590947968,162.50553563220504,0.2510935698342132,BALANCING
2.074,-1.036313995768311,-0.6747645725009119,162.32607061180326,0.2507517671559144,BALANCING
2.076,-1.0376593357394053,-0.6708490874759584,162.14638860507267,0.25040979605317726,BALANCING
2.078,-1.038996851906506,-0.6669409015863679,161.96649092556774,0.25006765839423606,BALANCING
2.08,-1.0403265588669175,-0.6630400123741836,161.78637888435355,0.24972535604319704,BALANCING
2.082,-1.0416484712129999,-0.659146417357136,161.60605379000674,0.24938289086004106,BALANCING
2.084,-1.042962603532122,-0.6552601140287141,161.42551694861638,0.2490402647006264,BALANCING
2.086,-1.0442689704066117,-0.6513810998582394,161.24476966378487,0.24869747941669174,BALANCING
2.088,-1.0455675864137084,-0.6475093722909386,161.06381323662916,0.24835453685585918,BALANCING
2.09,-1.0468584661255143,-0.643644928748017,160.88264896578139,0.24801143886163687,BALANCING
2.092,-1.048141624108947,-0.6397877666267304,160.70127814739007,0.24766818727342207,BALANCING
2.094,-1.0494170749256917,-0.6359378833004588,160.519702075121,0.24732478392650414,BALANCING
2.096,-1.0506848331321528,-0.6320952761187786,160.3379220401583,0.24698123065206729,BALANCING
2.098,-1.0519449132794072,-0.6282599424075358,160.15593933120536,0.2466375292771937,BALANCING
2.1,-1.053197329913156,-0.6244318794689181,159.97375523448588,0.24629368162486634,BALANCING
2.102,-1.0544420975736788,-0.6206110845815266,159.7913710337449,0.24594968951397206,BALANCING
2.104,-1.0556792307957845,-0.61679755500045,159.60878801024975,0.2456055547593044,BALANCING
2.106,-1.0569087441087661,-0.612991287957335,159.42600744279116,0.24526127917156654,BALANCING
2.108,-1.0581306520363534,-0.6091922806604598,159.24303060768423,0.24491686455737466,BALANCING
2.11,-1.0593449690966656,-0.6054005302948053,159.0598587787696,0.24457231271926042,BALANCING
2.112,-1.060551709802166,-0.6016160340221277,158.87649322741436,0.24422762545567436,BALANCING
2.114,-1.061750888659614,-0.5978387889810306,158.69293522251314,0.24388280456098868,BALANCING
2.116,-1.0629425201700218,-0.5940687922870362,158.5091860304893,0.24353785182550042,BALANCING
2.118,-1.064126618828604,-0.5903060410326572,158.32524691529588,0.24319276903543438,BALANCING
2.12,-1.0653031991247357,-0.5865505322874691,158.1411191384167,0.24284755797294624,BALANCING
2.122,-1.0664722755419045,-0.582802263098181,157.9568039588675,0.2425022204161257,BALANCING
2.124,-1.0676338625576653,-0.5790612304887081,157.77230263319706,0.2421567581389992,BALANCING
2.126,-1.0687879746435949,-0.575327431460242,157.58761641548816,0.24181117291153334,BALANCING
2.128,-1.0699346262652465,-0.5716008629913226,157.40274655735888,0.2414654664996378,BALANCING
2.13,-1.0710738318821047,-0.5678815220379098,157.21769430796365,0.24111964066516853,BALANCING
2.132,-1.0722056059475404,-0.5641694055334535,157.03246091399433,0.24077369716593078,BALANCING
2.134,-1.0733299629087654,-0.5604645103889662,156.84704761968146,0.24042763775568218,BALANCING
2.136,-1.0744469172067883,-0.5567668334930927,156.66145566679523,0.24008146418413587,BALANCING
2.138,-1.075556483276369,-0.5530763717121819,156.4756862946469,0.2397351781969637,BALANCING
2.14,-1.076658675545975,-0.5493931218903568,156.2897407400896,0.2393887815357992,BALANCING
2.142,-1.0777535084377368,-0.5457170808495863,156.10362023751986,0.23904227593824096,BALANCING
2.144,-1.0788409963674028,-0.5420482453897547,155.91732601887853,0.2386956631378556,BALANCING
2.146,-1.0799211537442968,-0.5383866122887332,155.7308593136521,0.23834894486418085,BALANCING
2.148,-1.0809939949712724,-0.5347321783024499,155.54422134887383,0.23800212284272917,BALANCING
2.15,-1.0820595344446708,-0.5310849401649606,155.35741334912498,0.2376551987949903,BALANCING
2.152,-1.0831177865542756,-0.5274448945885185,155.17043653653596,0.23730817443843483,BALANCING
2.154,-1.08416876568327,-0.5238120382636451,154.98329213078756,0.23696105148651736,BALANCING
2.156,-1.085212486208194,-0.5201863678591997,154.7959813491122,0.2366138316486796,BALANCING
2.158,-1.0862489624988998,-0.5165678800224499,154.6085054062952,0.23626651663035378,BALANCING
2.16,-1.0872782089185098,-0.5129565713791416,154.42086551467582,0.23591910813296557,BALANCING
2.162,-1.088300239823373,-0.5093524385335688,154.2330628841488,0.2355716078539376,BALANCING
2.164,-1.0893150695630227,-0.5057554780686428,154.0450987221653,0.23522401748669244,BALANCING
2.166,-1.0903227124801333,-0.5021656865459629,153.8569742337343,0.2348763387206561,BALANCING
2.168,-1.0913231829104781,-0.4985830605058858,153.66869062142388,0.234528573241261,BALANCING
2.17,-1.0923164951828865,-0.49500759646759396,153.4802490853625,0.23418072272994953,BALANCING
2.172,-1.0933026636192025,-0.4914392909291666,153.29165082324013,0.23383278886417708,BALANCING
2.174,-1.0942817025342408,-0.48787814036764837,153.10289703030978,0.23348477331741557,BALANCING
2.176,-1.095253626235748,-0.48432414123911877,152.91398889938847,0.23313667775915642,BALANCING
2.178,-1.096218449024357,-0.4807772899787607,152.7249276208588,0.23278850385491398,BALANCING
2.18,-1.0971761851935478,-0.4772375830009305,152.5357143826702,0.23244025326622905,BALANCING
2.182,-1.0981268490296052,-0.4737050166992264,152.34635037034005,0.2320919276506719,BALANCING
2.184,-1.0990704548115775,-0.4701795874465574,152.15683676695525,0.23174352866184564,BALANCING
2.186,-1.1000070168112344,-0.46666129159521236,151.9671747531734,0.23139505794938975,BALANCING
2.188,-1.1009365492930272,-0.463150125476929,151.7773655072241,0.23104651715898306,BALANCING
2.19,-1.1018590665140462,-0.4596460854029614,151.5874102049104,0.23069790793234743,BALANCING
2.192,-1.1027745827239817,-0.4561491676641501,151.39731001961016,0.230349231907251,BALANCING
2.194,-1.103683112165081,-0.45265936853098915,151.20706612227715,0.23000049071751144,BALANCING
2.196,-1.10458466907211,-0.44917668425369545,151.01667968144275,0.2296516859929994,BALANCING
2.198,-1.1054792676723109,-0.44570111106227683,150.82615186321706,0.2293028193596419,BALANCING
2.2,-1.1063669221853627,-0.4422326451665999,150.6354838312904,0.22895389243942565,BALANCING
2.202,-1.1072476468233416,-0.4387712827564585,150.44467674693456,0.2286049068504006,BALANCING
2.204,-1.1081214557906796,-0.4353170200016418,150.25373176900442,0.22825586420668312,BALANCING
2.206,-1.1089883632841253,-0.431869853052002,150.06265005393905,0.2279067661184595,BALANCING
2.208,-1.1098483834927042,-0.4284297780375221,149.87143275576332,0.22755761419198944,BALANCING
2.21,-1.1107015305976784,-0.42499679106838406,149.68008102608917,0.22720841002960931,BALANCING
2.212,-1.1115478187725079,-0.42157088823503597,149.48859601411718,0.22685915522973576,BALANCING
2.214,-1.1123872621828106,-0.4181520656082601,149.29697886663774,0.22650985138686897,BALANCING
2.216,-1.1132198749863234,-0.41474031923923976,149.10523072803272,0.2261605000915963,BALANCING
2.218,-1.1140456713328626,-0.41133564515962767,148.91335274027676,0.22581110293059556,BALANCING
2.22,-1.1148646653642857,-0.4079380393816123,148.72134604293876,0.22546166148663846,BALANCING
2.222,-1.1156768712144516,-0.40454749789798555,148.52921177318328,0.22511217733859434,BALANCING
2.224,-1.1164823030091828,-0.40116401668220986,148.33695106577198,0.22476265206143334,BALANCING
2.226,-1.1172809748662256,-0.3977875916884852,148.14456505306518,0.22441308722623,BALANCING
2.228,-1.118072900895213,-0.39441821885181594,147.9520548650232,0.22406348440016677,BALANCING
2.23,-1.1188580951976261,-0.3910558940880779,147.75942162920782,0.22371384514653747,BALANCING
2.232,-1.1196365718667545,-0.3877006132940849,147.5666664707839,0.22336417102475073,BALANCING
2.234,-1.12040834498766,-0.38435237234765546,147.37379051252074,0.22301446359033372,BALANCING
2.236,-1.1211734286371384,-0.3810111671076795,147.18079487479352,0.22266472439493545,BALANCING
2.238,-1.1219318368836801,-0.3776769934141849,146.98768067558493,0.22231495498633028,BALANCING
2.24,-1.122683583787435,-0.3743498470884037,146.79444903048662,0.2219651569084217,BALANCING
2.242,-1.1234286834001728,-0.3710297239328383,146.6011010527006,0.22161533170124553,BALANCING
2.244,-1.1241671497652468,-0.3677166197313283,146.40763785304094,0.22126548090097375,BALANCING
2.246,-1.124898996917556,-0.3644105302491159,146.21406053993508,0.22091560603991792,BALANCING
2.248,-1.1256242388835087,-0.3611114512329123,146.02037021942553,0.22056570864653272,BALANCING
2.25,-1.1263428896809848,-0.3578193784109636,145.82656799517127,0.22021579024541957,BALANCING
2.2520000000000002,-1.127054963319299,-0.35453430749311676,145.63265496844937,0.21986585235733017,BALANCING
2.254,-1.1277604737991647,-0.3512562341708849,145.43863223815654,0.21951589649917017,BALANCING
2.2560000000000002,-1.128459435112657,-0.3479851541175138,145.24450090081055,0.2191659241840026,BALANCING
2.258,-1.1291518612431757,-0.3447210629880468,145.05026205055194,0.2188159369210516,BALANCING
2.2600000000000002,-1.12983776616541,-0.34146395641939037,144.85591677914545,0.21846593621570592,BALANCING
2.262,-1.1305171638453013,-0.3382138300303798,144.66146617598167,0.21811592356952259,BALANCING
2.2640000000000002,-1.1311900682400085,-0.33497067942184416,144.46691132807865,0.21776590048023056,BALANCING
2.266,-1.1318564932978699,-0.331734500176672,144.27225332008328,0.21741586844173416,BALANCING
2.2680000000000002,-1.1325164529583698,-0.3285052878598759,144.07749323427313,0.21706582894411702,BALANCING
2.27,-1.1331699611521007,-0.32528303801865804,143.88263215055787,0.2167157834736454,BALANCING
2.2720000000000002,-1.1338170318007295,-0.3220677461824746,143.68767114648082,0.21636573351277197,BALANCING
2.274,-1.1344576788169607,-0.3188594078631009,143.49261129722078,0.21601568054013948,BALANCING
2.2760000000000002,-1.1350919161045019,-0.31565801855469644,143.2974536755934,0.2156656260305843,BALANCING
2.278,-1.135719757558029,-0.3124635737338688,143.10219935205293,0.21531557145514033,BALANCING
2.2800000000000002,-1.1363412170631493,-0.30927606885973913,142.90684939469375,0.2149655182810423,BALANCING
2.282,-1.136956308496369,-0.3060954993740058,142.71140486925205,0.21461546797172976,BALANCING
2.2840000000000003,-1.1375650457250568,-0.30292186070100946,142.5158668391075,0.21426542198685056,BALANCING
2.286,-1.1381674426074098,-0.2997551482477969,142.3202363652847,0.2139153817822646,BALANCING
2.2880000000000003,-1.1387635129924194,-0.29659535740418536,142.1245145064551,0.21356534881004766,BALANCING
2.29,-1.1393532707198357,-0.29344248354282654,141.9287023189384,0.21321532451849481,BALANCING
2.2920000000000003,-1.1399367296201346,-0.29029652201927114,141.73280085670433,0.21286531035212436,BALANCING
2.294,-1.1405139035144825,-0.28715746817203197,141.5368111713742,0.21251530775168143,BALANCING
2.2960000000000003,-1.1410848062147034,-0.28402531732264835,141.3407343122228,0.2121653181541418,BALANCING
2.298,-1.141649451523244,-0.28090006477574975,141.14457132617972,0.21181534299271546,BALANCING
2.3000000000000003,-1.1422078532331408,-0.2777817058191192,140.94832325783133,0.21146538369685053,BALANCING
2.302,-1.1427600251279857,-0.2746702357237572,140.75199114942228,0.21111544169223678,BALANCING
2.3040000000000003,-1.143305980981893,-0.27156564974394504,140.55557604085726,0.21076551840080962,BALANCING
2.306,-1.1438457345594661,-0.26846794311730804,140.35907896970267,0.21041561524075356,BALANCING
2.308,-1.1443792996157636,-0.2653771110648788,140.1625009711883,0.21006573362650627,BALANCING
2.31,-1.144906689896267,-0.26229314879116084,139.96584307820913,0.2097158749687621,BALANCING
2.312,-1.1454279191368477,-0.2592160514841911,139.7691063213268,0.20936604067447584,BALANCING
2.314,-1.1459430010637328,-0.25614581431560307,139.57229172877163,0.20901623214686682,BALANCING
2.316,-1.1464519493934746,-0.2530824324406903,139.37540032644407,0.20866645078542223,BALANCING
2.318,-1.1469547778329152,-0.250025900998468,139.1784331379166,0.20831669798590116,BALANCING
2.32,-1.147451500079157,-0.24697621511173698,138.98139118443544,0.2079669751403385,BALANCING
2.322,-1.147942129819528,-0.24393336988714578,138.7842754849221,0.20761728363704834,BALANCING
2.324,-1.1484266807315509,-0.24089736041525278,138.58708705597536,0.20726762486062827,BALANCING
2.326,-1.14890516648291,-0.2378681817705895,138.38982691187286,0.2069180001919627,BALANCING
2.328,-1.14937760073142,-0.23484582901172216,138.1924960645729,0.20656841100822698,BALANCING
2.33,-1.1498439971249943,-0.23183029718131445,137.9950955237163,0.20621885868289125,BALANCING
2.332,-1.150304369301612,-0.22882158130618943,137.79762629662784,0.20586934458572395,BALANCING
2.334,-1.1507587308892875,-0.22581967639739162,137.60008938831842,0.20551987008279596,BALANCING
2.336,-1.1512070955060392,-0.22282457745024897,137.40248580148656,0.20517043653648434,BALANCING
2.338,-1.1516494767598564,-0.2198362794444349,137.2048165365203,0.20482104530547607,BALANCING
2.34,-1.1520858882486702,-0.21685477734402964,137.00708259149891,0.20447169774477206,BALANCING
2.342,-1.1525163435603205,-0.2138800660975827,136.8092849621947,0.2041223952056908,BALANCING
2.344,-1.1529408562725267,-0.21091214063817365,136.6114246420748,0.2037731390358724,BALANCING
2.346,-1.153359439952856,-0.20795099588347385,136.41350262230307,0.20342393057928243,BALANCING
2.348,-1.1537721081586916,-0.20499662673580824,136.21551989174162,0.20307477117621558,BALANCING
2.35,-1.1541788744372043,-0.2020490280822162,136.017477436953,0.2027256621632999,BALANCING
2.352,-1.1545797523253205,-0.19910819479451303,135.8193762422016,0.2023766048735003,BALANCING
2.354,-1.1549747553496916,-0.19617412172935098,135.6212172894558,0.2020276006361226,BALANCING
2.356,-1.155363897026665,-0.19324680372828032,135.4230015583897,0.2016786507768175,BALANCING
2.358,-1.1557471908622532,-0.19032623561780995,135.22473002638472,0.20132975661758437,BALANCING
2.36,-1.156124650352103,-0.18741241220946891,135.0264036685318,0.20098091947677507,BALANCING
2.362,-1.1564962889814672,-0.18450532829986654,134.8280234576329,0.20063214066909815,BALANCING
2.364,-1.1568621202251739,-0.1816049786707536,134.62959036420312,0.20028342150562228,BALANCING
2.366,-1.157222157547597,-0.17871135808908217,134.43110535647227,0.19993476329378068,BALANCING
2.368,-1.1575764144026264,-0.17582446130706678,134.23256940038704,0.19958616733737472,BALANCING
2.37,-1.1579249042336393,-0.17294428306224469,134.03398345961244,0.19923763493657784,BALANCING
2.372,-1.1582676404734698,-0.17007081807753557,133.83534849553413,0.1988891673879396,BALANCING
2.374,-1.158604636544381,-0.16720406106130226,133.63666546725986,0.19854076598438972,BALANCING
2.376,-1.158935905858035,-0.16434400670741095,133.43793533162165,0.19819243201524175,BALANCING
2.378,-1.1592614618154646,-0.1614906496952908,133.2391590431774,0.19784416676619704,BALANCING
2.38,-1.159581317807044,-0.1586439846899939,133.0403375542131,0.19749597151934892,BALANCING
2.382,-1.1598954872124603,-0.1558040063422552,132.8414718147443,0.1971478475531865,BALANCING
2.384,-1.1602039834006848,-0.15297070928855222,132.64256277251837,0.19679979614259865,BALANCING
2.386,-1.160506819729945,-0.15014408815116456,132.44361137301615,0.1964518185588779,BALANCING
2.388,-1.160804009547696,-0.14732413753823337,132.24461855945398,0.19610391606972452,BALANCING
2.39,-1.161095566190591,-0.1445108520438211,132.0455852727855,0.19575608993925045,BALANCING
2.392,-1.1613815029844565,-0.14170422624797058,131.84651245170363,0.19540834142798322,BALANCING
2.394,-1.161661833244261,-0.13890425471676432,131.6474010326425,0.19506067179287,BALANCING
2.396,-1.1619365702740885,-0.1361109320023836,131.44825194977923,0.1947130822872816,BALANCING
2.398,-1.1622057273671105,-0.13332425264316752,131.249066135036,0.19436557416101632,BALANCING
2.4,-1.1624693178055592,-0.13054421116367196,131.0498445180819,0.1940181486603042,BALANCING
2.402,-1.1627273548606987,-0.12777080207472877,130.85058802633483,0.19367080702781073,BALANCING
2.404,-1.1629798517927985,-0.12500401987350387,130.65129758496354,0.19332355050264108,BALANCING
2.406,-1.1632268218511064,-0.12224385904355654,130.45197411688943,0.192976380320344,BALANCING
2.408,-1.16346827827382,-0.11949031405489748,130.25261854278858,0.19262929771291593,BALANCING
2.41,-1.163704234288061,-0.11674337936404798,130.05323178109373,0.1922823039088048,BALANCING
2.412,-1.1639347031098484,-0.11400304941409753,129.8538147479961,0.19193540013291432,BALANCING
2.414,-1.1641596979440705,-0.11126931863476262,129.65436835744742,0.19158858760660788,BALANCING
2.416,-1.164379231984459,-0.10854218144244467,129.45489352116192,0.19124186754771258,BALANCING
2.418,-1.1645933184135628,-0.10582163224028857,129.25539114861826,0.1908952411705232,BALANCING
2.42,-1.1648019704027204,-0.10310766541824015,129.05586214706145,0.1905487096858064,BALANCING
2.422,-1.1650052011120349,-0.10040027535310414,128.85630742150494,0.19020227430080472,BALANCING
2.424,-1.1652030236903466,-0.09769945640860246,128.65672787473244,0.18985593621924052,BALANCING
2.426,-1.1653954512752072,-0.09500520293543167,128.45712440730003,0.18950969664132009,BALANCING
2.428,-1.1655824969928548,-0.09231750927132047,128.2574979175381,0.18916355676373775,BALANCING
2.43,-1.1657641739581868,-0.08963636974108721,128.05784930155332,0.18881751777967992,BALANCING
2.432,-1.1659404952747343,-0.08696177865669785,127.85817945323065,0.1884715808788291,BALANCING
2.434,-1.1661114740346374,-0.08429373031732253,127.65848926423531,0.18812574724736794,BALANCING
2.436,-1.1662771233186184,-0.08163221900939327,127.45877962401487,0.18778001806798356,BALANCING
2.438,-1.1664374561959572,-0.0789772390066614,127.2590514198011,0.1874343945198712,BALANCING
2.44,-1.166592485724466,-0.07632878457025397,127.05930553661211,0.18708887777873867,BALANCING
2.442,-1.1667422249504638,-0.07368684994873115,126.85954285725435,0.1867434690168103,BALANCING
2.444,-1.1668866869087509,-0.07105142937814309,126.65976426232454,0.18639816940283088,BALANCING
2.446,-1.1670258846225852,-0.06842251708208637,126.45997063021179,0.1860529801020701,BALANCING
2.448,-1.1671598311036562,-0.06580010727176108,126.26016283709956,0.18570790227632633,BALANCING
2.45,-1.167288539352061,-0.06318419414602712,126.0603417569677,0.18536293708393095,BALANCING
2.452,-1.1674120223562792,-0.0605747718914611,125.86050826159456,0.18501808567975214,BALANCING
2.454,-1.1675302930931482,-0.057971834682411995,125.66066322055887,0.18467334921519948,BALANCING
2.456,-1.1676433645278397,-0.055375376681058186,125.46080750124196,0.1843287288382276,BALANCING
2.458,-1.1677512496138347,-0.05278539203746332,125.26094196882966,0.18398422569334044,BALANCING
2.46,-1.1678539612928995,-0.050201874889632354,125.06106748631443,0.18363984092159566,BALANCING
2.462,-1.1679515124950617,-0.047624819363567945,124.86118491449736,0.18329557566060822,BALANCING
2.464,-1.1680439161385863,-0.04505421957332591,124.66129511199031,0.182951431044555,BALANCING
2.466,-1.1681311851299512,-0.04249006962107142,124.46139893521786,0.18260740820417862,BALANCING
2.468,-1.1682133323638246,-0.03993236359713446,124.26149723841947,0.18226350826679177,BALANCING
2.47,-1.168290370723041,-0.03738109558006562,124.06159087365148,0.18191973235628128,BALANCING
2.472,-1.1683623130785767,-0.03483625963669167,123.86168069078924,0.1815760815931122,BALANCING
2.474,-1.1684291722895286,-0.03229784982217078,123.66176753752913,0.181232557094332,BALANCING
2.476,-1.1684909612030883,-0.029765860180048218,123.46185225939068,0.18088915997357483,BALANCING
2.478,-1.1685476926545204,-0.027240284742311216,123.26193569971862,0.18054589134106544,BALANCING
2.48,-1.1685993794671399,-0.024721117529444735,123.06201869968501,0.18020275230362354,BALANCING
2.482,-1.1686460344522882,-0.02220835255048579,122.86210209829129,0.17985974396466786,BALANCING
2.484,-1.1686876704093105,-0.01970198380307884,122.66218673237039,0.17951686742422032,BALANCING
2.486,-1.1687243001255339,-0.01720200527353062,122.46227343658882,0.17917412377891026,BALANCING
2.488,-1.1687559363762432,-0.014708410936864844,122.26236304344879,0.17883151412197856,BALANCING
2.49,-1.16878259192466,-0.012221194756877161,122.06245638329032,0.1784890395432818,BALANCING
2.492,-1.1688042795219191,-0.009740350686189345,121.86255428429332,0.17814670112929648,BALANCING
2.494,-1.1688210119070472,-0.0072658726663039725,121.66265757247969,0.1778044999631232,BALANCING
2.496,-1.16883280180694,-0.004797754627658989,121.46276707171548,0.17746243712449078,BALANCING
2.498,-1.1688396619363404,-0.0023359904896819656,121.262883603713,0.17712051368976056,BALANCING
2.5,-1.1688416049978165,0.0001194258391560312,121.06300798803291,0.17677873073193043,BALANCING
2.5020000000000002,-1.16883864368174,0.002568500461286164,120.8631410420864,0.17643708932063926,BALANCING
2.504,-1.1688307906662636,0.005011239489987148,120.66328358113728,0.1760955905221708,BALANCING
2.5060000000000002,-1.1688180586173005,0.007447649049332481,120.4634364183041,0.17575423539945823,BALANCING
2.508,-1.1688004601885023,0.009877735274135751,120.26360036456235,0.175413025012088,BALANCING
2.5100000000000002,-1.1687780080212373,0.01230150430989696,120.06377622874652,0.1750719604163043,BALANCING
2.512,-1.1687507147445697,0.014718962312749304,119.8639648175523,0.1747310426650131,BALANCING
2.5140000000000002,-1.1687185929752382,0.017130115449405358,119.66416693553872,0.17439027280778654,BALANCING
2.516,-1.1686816553176351,0.019534969897103634,119.46438338513029,0.17404965189086702,BALANCING
2.5180000000000002,-1.1686399143637844,0.021933531843555218,119.26461496661913,0.17370918095717144,BALANCING
2.52,-1.1685933826933224,0.024325807486890436,119.06486247816723,0.17336886104629542,BALANCING
2.5220000000000002,-1.1685420728734754,0.026711803035605865,118.86512671580842,0.1730286931945175,BALANCING
2.524,-1.1684859974590407,0.02909152470851113,118.66540847345075,0.17268867843480354,BALANCING
2.5260000000000002,-1.1684251689923641,0.031464978734676075,118.4657085428785,0.1723488177968107,BALANCING
2.528,-1.1683596000033207,0.033832171353377356,118.26602771375441,0.17200911230689175,BALANCING
2.5300000000000002,-1.1682893030092945,0.036193108814046485,118.0663667736219,0.1716695629880995,BALANCING
2.532,-1.1682142905151576,0.03854779737621648,117.8667265079071,0.17133017086019073,BALANCING
2.5340000000000003,-1.1681345750132506,0.04089624330946932,117.66710769992123,0.17099093693963072,BALANCING
2.536,-1.1680501689833622,0.04323845289338384,117.4675111308626,0.17065186223959722,BALANCING
2.5380000000000003,-1.1679610848927096,0.04557443241748295,117.26793757981895,0.17031294776998498,BALANCING
2.54,-1.1678673351959175,0.04790418818118144,117.06838782376953,0.16997419453740983,BALANCING
2.5420000000000003,-1.167768932335001,0.050227726493733776,116.8688626375873,0.16963560354521284,BALANCING
2.544,-1.1676658887393425,0.05254505367418195,116.66936279404122,0.1692971757934649,BALANCING
2.5460000000000003,-1.167558216825675,0.054856176051303183,116.46988906379833,0.1689589122789706,BALANCING
2.548,-1.1674459289980617,0.05716109996355853,116.27044221542606,0.16862081399527287,BALANCING
2.5500000000000003,-1.1673290376478762,0.059459831759040474,116.07102301539436,0.1682828819326568,BALANCING
2.552,-1.1672075551537837,0.06175237779542164,115.8716322280779,0.16794511707815432,BALANCING
2.5540000000000003,-1.1670814938817224,0.06403874443990286,115.67227061575838,0.16760752041554836,BALANCING
2.556,-1.1669508661848838,0.06631893806916153,115.47293893862664,0.1672700929253768,BALANCING
2.5580000000000003,-1.1668156844036937,0.06859296506930049,115.2736379547849,0.1669328355849373,BALANCING
2.56,-1.1666759608657942,0.07086083183579636,115.07436842024906,0.1665957493682911,BALANCING
2.562,-1.166531707886024,0.07312254477344833,114.8751310889508,0.16625883524626758,BALANCING
2.564,-1.166382937766401,0.07537811029632711,114.6759267127399,0.16592209418646844,BALANCING
2.566,-1.166229662796103,0.07762753482772337,114.47675604138642,0.16558552715327185,BALANCING
2.568,-1.1660718952514493,0.07987082480009744,114.27761982258296,0.1652491351078371,BALANCING
2.57,-1.1659096473958823,0.08210798665502796,114.07851880194691,0.16491291900810848,BALANCING
2.572,-1.1657429314799501,0.08433902684316107,113.87945372302264,0.16457687980881985,BALANCING
2.574,-1.1655717597412878,0.08656395182415982,113.68042532728374,0.16424101846149883,BALANCING
2.576,-1.1653961444045995,0.08878276806665367,113.48143435413535,0.16390533591447107,BALANCING
2.578,-1.1652160976816406,0.09099548204818773,113.28248154091631,0.16356983311286463,BALANCING
2.58,-1.1650316317712002,0.09320210025517242,113.08356762290143,0.16323451099861425,BALANCING
2.582,-1.164842758859083,0.0954026291828328,112.88469333330383,0.16289937051046552,BALANCING
2.584,-1.1646494911180922,0.09759707533515909,112.68585940327704,0.1625644125839794,BALANCING
2.586,-1.1644518407080113,0.0997854452248559,112.4870665619174,0.16222963815153651,BALANCING
2.588,-1.1642498197755875,0.10196774537329223,112.28831553626624,0.16189504814234115,BALANCING
2.59,-1.164043440454514,0.10414398231045188,112.08960705131217,0.16156064348242594,BALANCING
2.592,-1.163832714865413,0.10631416257488324,111.89094182999338,0.161226425094656,BALANCING
2.594,-1.1636176551158186,0.1084782927136496,111.6923205931998,0.16089239389873333,BALANCING
2.596,-1.1633982733001598,0.1106363792822793,111.49374405977554,0.160558550811201,BALANCING
2.598,-1.1631745814997434,0.1127884288447166,111.29521294652099,0.16022489674544757,BALANCING
2.6,-1.1629465917827377,0.11493444797327165,111.09672796819524,0.15989143261171132,BALANCING
2.602,-1.1627143162041553,0.11707444324857169,110.89828983751825,0.15955815931708486,BALANCING
2.604,-1.1624777668058368,0.11920842125951103,110.69989926517322,0.15922507776551897,BALANCING
2.606,-1.1622369556164345,0.12133638860320241,110.5015569598088,0.15889218885782738,BALANCING
2.608,-1.1619918946513954,0.12345835188492758,110.30326362804144,0.15855949349169077,BALANCING
2.61,-1.161742595912946,0.12557431771808866,110.10501997445765,0.15822699256166142,BALANCING
2.612,-1.1614890713900743,0.12768429272415857,109.9068267016163,0.15789468695916717,BALANCING
2.614,-1.161231333058516,0.12978828353263286,109.70868451005089,0.15756257757251618,BALANCING
2.616,-1.1609693928807368,0.1318862967809803,109.5105940982719,0.15723066528690077,BALANCING
2.618,-1.1607032628059173,0.13397833911459497,109.31255616276906,0.15689895098440226,BALANCING
2.62,-1.1604329547699364,0.13606441718674717,109.11457139801361,0.15656743554399496,BALANCING
2.622,-1.1601584806953564,0.1381445376585351,108.91664049646073,0.1562361198415507,BALANCING
2.624,-1.1598798524914078,0.1402187071988364,108.71876414855171,0.15590500474984306,BALANCING
2.626,-1.1595970820539723,0.1422869324842603,108.52094304271633,0.15557409113855175,BALANCING
2.628,-1.1593101812655686,0.14434922019909885,108.32317786537514,0.155243379874267,BALANCING
2.63,-1.1590191619953365,0.14640557703527932,108.12546930094186,0.1549128718204939,BALANCING
2.632,-1.158724036099022,0.14845600969231573,107.9278180318256,0.1545825678376567,BALANCING
2.634,-1.1584248154189625,0.15050052487726143,107.7302247384332,0.1542524687831032,BALANCING
2.636,-1.1581215117840702,0.15253912930466085,107.53269009917157,0.1539225755111091,BALANCING
2.638,-1.1578141370098196,0.1545718296965022,107.33521479045005,0.15359288887288233,BALANCING
2.64,-1.1575027028982308,0.15659863278216954,107.1377994866827,0.15326340971656743,BALANCING
2.642,-1.1571872212378551,0.1586195452983956,106.94044486029054,0.15293413888725,BALANCING
2.644,-1.1568677038037611,0.1606345739892137,106.74315158170408,0.1526050772269608,BALANCING
2.646,-1.1565441623575194,0.1626437256059112,106.5459203193655,0.15227622557468043,BALANCING
2.648,-1.1562166086471881,0.16464700690698159,106.34875173973103,0.15194758476634349,BALANCING
2.65,-1.1558850544072992,0.1666444246580776,106.15164650727331,0.15161915563484302,BALANCING
2.652,-1.1555495113588434,0.16863598563196427,105.9546052844837,0.15129093901003476,BALANCING
2.654,-1.155209991209257,0.17062169660847193,105.75762873187463,0.1509629357187417,BALANCING
2.656,-1.1548665056524068,0.17260156437444915,105.56071750798198,0.15063514658475838,BALANCING
2.658,-1.1545190663685763,0.1745755957237159,105.36387226936735,0.15030757242885504,BALANCING
2.66,-1.1541676850244524,0.17654379745701732,105.16709367062049,0.14998021406878242,BALANCING
2.662,-1.153812373273111,0.17850617638197652,104.97038236436163,0.14965307231927574,BALANCING
2.664,-1.1534531427540038,0.1804627393130486,104.7737390012438,0.1493261479920593,BALANCING
2.666,-1.1530900050929436,0.18241349307147373,104.57716422995522,0.14899944189585074,BALANCING
2.668,-1.1527229719020928,0.18435844448523134,104.38065869722168,0.1486729548363655,BALANCING
2.67,-1.1523520547799477,0.18629760038899357,104.18422304780881,0.14834668761632122,BALANCING
2.672,-1.151977265311327,0.188230967624079,103.98785792452456,0.1480206410354419,BALANCING
2.674,-1.151598615067357,0.19015855303840715,103.7915639682215,0.14769481589046263,BALANCING
2.676,-1.1512161156054599,0.192080363486452,103.59534181779917,0.14736921297513367,BALANCING
2.678,-1.1508297784693398,0.19399640582919617,103.39919211020646,0.14704383308022484,BALANCING
2.68,-1.1504396151889695,0.19590668693408575,103.20311548044404,0.14671867699353033,BALANCING
2.682,-1.1500456372805792,0.1978112136749837,103.00711256156669,0.14639374549987247,BALANCING
2.684,-1.1496478562466415,0.19970999293212505,102.8111839846856,0.14606903938110646,BALANCING
2.686,-1.1492462835758608,0.20160303159207113,102.61533037897088,0.14574455941612485,BALANCING
2.688,-1.1488409307431589,0.20349033654766402,102.41955237165391,0.14542030638086173,BALANCING
2.69,-1.148431809209664,0.20537191469798127,102.22385058802962,0.14509628104829705,BALANCING
2.692,-1.1480189304226969,0.207247772948291,102.02822565145895,0.14477248418846134,BALANCING
2.694,-1.14760230581576,0.20911791821000633,101.83267818337127,0.14444891656843967,BALANCING
2.696,-1.147181946808524,0.21098235740064097,101.6372088032667,0.14412557895237652,BALANCING
2.698,-1.1467578648068166,0.21284109744376337,101.44181812871851,0.1438024721014797,BALANCING
2.7,-1.1463300712026097,0.21469414526895284,101.24650677537555,0.1434795967740251,BALANCING
2.702,-1.1458985773740074,0.21654150781175416,101.05127535696457,0.14315695372536094,BALANCING
2.704,-1.1454633946852348,0.2183831920136333,100.85612448529271,0.14283454370791213,BALANCING
2.706,-1.1450245344866263,0.22021920482193236,100.66105477024982,0.14251236747118476,BALANCING
2.708,-1.144582008114613,0.22204955318982558,100.46606681981089,0.14219042576177043,BALANCING
2.71,-1.1441358268917114,0.22387424407627482,100.27116124003842,0.14186871932335068,BALANCING
2.712,-1.143686002126512,0.22569328444598505,100.0763386350849,0.14154724889670142,BALANCING
2.714,-1.1432325451136685,0.22750668126936038,99.88159960719508,0.14122601521969722,BALANCING
2.716,-1.142775467133885,0.22931444152245983,99.68694475670851,0.1409050190273158,BALANCING
2.718,-1.1423147794539061,0.2311165721869536,99.49237468206188,0.14058426105164243,BALANCING
2.72,-1.1418504933265048,0.23291308025007856,99.2978899797914,0.14026374202187436,BALANCING
2.722,-1.1413826199904722,0.23470397270459487,99.10349124453529,0.13994346266432509,BALANCING
2.724,-1.1409111706706054,0.2364892565487422,98.90917906903614,0.13962342370242894,BALANCING
2.726,-1.1404361565776984,0.2382689387861957,98.71495404414334,0.13930362585674536,BALANCING
2.728,-1.1399575889085294,0.2400430264260229,98.52081675881546,0.1389840698449633,BALANCING
2.73,-1.1394754788458508,0.24181152648264007,98.32676780012268,0.13866475638190573,BALANCING
2.732,-1.138989837558379,0.2435744459757688,98.13280775324931,0.13834568617953394,BALANCING
2.734,-1.1385006762007825,0.24533179193039273,97.93893720149605,0.13802685994695202,BALANCING
2.736,-1.138008005913674,0.24708357137671427,97.74515672628249,0.13770827839041125,BALANCING
2.738,-1.1375118378235962,0.24882979135011146,97.55146690714956,0.13738994221331444,BALANCING
2.74,-1.1370121830430155,0.25057045889109536,97.35786832176191,0.13707185211622047,BALANCING
2.742,-1.136509052670309,0.2523055810452665,97.16436154591035,0.13675400879684857,BALANCING
2.744,-1.1360024577897552,0.2540351648632726,96.97094715351427,0.13643641295008277,BALANCING
2.746,-1.1354924094715246,0.2557592174007653,96.77762571662412,0.13611906526797635,BALANCING
2.748,-1.1349789187716688,0.25747774571835813,96.58439780542373,0.13580196643975628,BALANCING
2.75,-1.1344619967321108,0.25919075688158333,96.39126398823286,0.1354851171518275,BALANCING
2.7520000000000002,-1.1339416543806358,0.2608982579608495,96.1982248315096,0.13516851808777736,BALANCING
2.754,-1.133417902730881,0.26260025603139975,96.00528089985276,0.13485216992838017,BALANCING
2.7560000000000002,-1.1328907527823264,0.26429675817326864,95.81243275600434,0.13453607335160153,BALANCING
2.758,-1.1323602155202839,0.2659877714712406,95.61968096085202,0.1342202290326026,BALANCING
2.7600000000000002,-1.1318263019158898,0.2676733030148073,95.42702607343148,0.1339046376437448,BALANCING
2.762,-1.1312890229260946,0.26935335989812625,95.23446865092893,0.13358929985459397,BALANCING
2.7640000000000002,-1.1307483894936528,0.2710279492199781,95.0420092486836,0.13327421633192488,BALANCING
2.766,-1.1302044125471153,0.27269707808372534,94.84964842019001,0.13295938773972565,BALANCING
2.7680000000000002,-1.129657103000819,0.2743607535972705,94.65738671710061,0.13264481473920223,BALANCING
2.77,-1.1291064717548787,0.2760189828730144,94.46522468922811,0.13233049798878266,BALANCING
2.7720000000000002,-1.1285525296951777,0.27767177302781426,94.27316288454796,0.1320164381441215,BALANCING
2.774,-1.1279952876933586,0.27931913118294294,94.0812018492008,0.13170263585810454,BALANCING
2.7760000000000002,-1.1274347566068148,0.28096106446404656,93.88934212749493,0.13138909178085273,BALANCING
2.778,-1.1268709472786824,0.28259758000110446,93.69758426190872,0.13107580655972695,BALANCING
2.7800000000000002,-1.1263038705378308,0.2842286849283868,93.50592879309308,0.13076278083933238,BALANCING
2.782,-1.1257335371988542,0.2858543863844139,93.31437625987395,0.13045001526152272,BALANCING
2.7840000000000003,-1.1251599580620637,0.28747469151191557,93.12292719925472,0.13013751046540484,BALANCING
2.786,-1.1245831439134781,0.28908960745778944,92.93158214641872,0.12982526708734315,BALANCING
2.7880000000000003,-1.1240031055248167,0.2906991413730606,92.74034163473159,0.1295132857609638,BALANCING
2.79,-1.12341985365349,0.29230330041284086,92.5492061957439,0.1292015671171594,BALANCING
2.7920000000000003,-1.1228333990425925,0.2939020917362875,92.35817635919345,0.12889011178409318,BALANCING
2.794,-1.1222437524208935,0.29549552250656386,92.16725265300782,0.12857892038720364,BALANCING
2.7960000000000003,-1.1216509245028305,0.29708359989079713,91.97643560330683,0.12826799354920873,BALANCING
2.798,-1.1210549259885003,0.2986663310600397,91.78572573440496,0.12795733189011044,BALANCING
2.8000000000000003,-1.1204557675636517,0.30024372318922754,91.59512356881389,0.12764693602719912,BALANCING
2.802,-1.1198534598996774,0.3018157834571408,91.4046296272449,0.12733680657505797,BALANCING
2.8040000000000003,-1.119248013653607,0.30338251904636293,91.21424442861135,0.12702694414556737,BALANCING
2.806,-1.1186394394680983,0.3049439371432413,91.02396849003117,0.12671734934790935,BALANCING
2.8080000000000003,-1.1180277479714313,0.3065000449378468,90.83380232682934,0.12640802278857197,BALANCING
2.81,-1.1174129497774998,0.3080508496239344,90.64374645254034,0.1260989650713538,BALANCING
2.8120000000000003,-1.1167950554858037,0.30959635839890287,90.45380137891064,0.1257901767973683,BALANCING
2.814,-1.1161740756814433,0.3111365784637551,90.26396761590114,0.12548165856504823,BALANCING
2.816,-1.1155500209351106,0.3126715170230587,90.07424567168967,0.12517341097014992,BALANCING
2.818,-1.1149229018030828,0.31420118128490687,89.88463605267349,0.124865434605758,BALANCING
2.82,-1.1142927288272158,0.31572557846087823,89.6951392634717,0.12455773006228957,BALANCING
2.822,-1.1136595125349358,0.31724471576599766,89.50575580692781,0.12425029792749862,BALANCING
2.824,-1.1130232634392343,0.3187586004186975,89.31648618411214,0.12394313878648062,BALANCING
2.826,-1.1123839920386602,0.3202672396407779,89.12733089432434,0.12363625322167675,BALANCING
2.828,-1.1117417088173132,0.32177064065736777,88.93829043509587,0.12332964181287837,BALANCING
2.83,-1.1110964242448373,0.323268810696886,88.74936530219244,0.12302330513723142,BALANCING
2.832,-1.1104481487764146,0.3247617569910026,88.56055598961657,0.12271724376924092,BALANCING
2.834,-1.1097968928527584,0.32624948677459964,88.37186298961002,0.12241145828077532,BALANCING
2.836,-1.109142666900107,0.3277320072857324,88.18328679265628,0.12210594924107081,BALANCING
2.838,-1.108485481330217,0.3292093257655912,87.99482788748305,0.1218007172167359,BALANCING
2.84,-1.1078253465403578,0.3306814494584626,87.80648676106479,0.12149576277175575,BALANCING
2.842,-1.1071622729133053,0.33214838561169086,87.61826389862513,0.12119108646749657,BALANCING
2.844,-1.1064962708173347,0.33361014147563967,87.43015978363937,0.12088668886271009,BALANCING
2.846,-1.1058273506062164,0.33506672430365364,87.242174897837,0.12058257051353781,BALANCING
2.848,-1.1051555226192085,0.3365181413520207,87.05430972120419,0.12027873197351566,BALANCING
2.85,-1.1044807971810515,0.337964399879933,86.86656473198627,0.11997517379357817,BALANCING
2.852,-1.1038031846019634,0.3394055071494498,86.67894040669022,0.11967189652206307,BALANCING
2.854,-1.1031226951776318,0.3408414704254591,86.49143722008716,0.11936890070471554,BALANCING
2.856,-1.102439339189211,0.3422722969756398,86.30405564521486,0.11906618688469267,BALANCING
2.858,-1.1017531269033143,0.3436979940704242,86.11679615338019,0.11876375560256792,BALANCING
2.86,-1.1010640685720094,0.3451185689829598,85.92965921416173,0.11846160739633553,BALANCING
2.862,-1.1003721744328134,0.346534028989072,85.74264529541209,0.11815974280141475,BALANCING
2.864,-1.099677454708687,0.3479443813672269,85.55575486326056,0.11785816235065445,BALANCING
2.866,-1.0989799196080288,0.3493496333984935,85.36898838211556,0.11755686657433746,BALANCING
2.868,-1.098279579324671,0.35074979236650633,85.1823463146671,0.11725585600018497,BALANCING
2.87,-1.0975764440378737,0.3521448655574282,84.99582912188932,0.11695513115336084,BALANCING
2.872,-1.0968705239123209,0.3535348602599137,84.809437263043,0.11665469255647617,BALANCING
2.874,-1.0961618290981139,0.35491978376507083,84.623171195678,0.11635454072959357,BALANCING
2.876,-1.0954503697307676,0.3562996433664254,84.43703137563585,0.11605467619023163,BALANCING
2.878,-1.0947361559312059,0.3576744463598833,84.25101825705218,0.11575509945336926,BALANCING
2.88,-1.0940191978057558,0.3590442000436938,84.06513229235925,0.11545581103145014,BALANCING
2.882,-1.0932995054461443,0.36040891171841316,83.87937393228844,0.11515681143438711,BALANCING
2.884,-1.092577088929492,0.36176858868686734,83.6937436258728,0.11485810116956655,BALANCING
2.886,-1.0918519583183102,0.3631232382541162,83.50824182044948,0.11455968074185278,BALANCING
2.888,-1.091124123660496,0.3644728677274166,83.32286896166231,0.1142615506535925,BALANCING
2.89,-1.0903935949893273,0.36581748441618606,83.13762549346423,0.11396371140461907,BALANCING
2.892,-1.0896603823234596,0.3671570956319664,82.95251185811989,0.11366616349225701,BALANCING
2.894,-1.0889244956669208,0.3684917086883879,82.76752849620809,0.11336890741132641,BALANCING
2.896,-1.0881859450091078,0.3698213309011325,82.58267584662426,0.11307194365414722,BALANCING
2.898,-1.0874447403247818,0.37114596958789864,82.39795434658306,0.11277527271054369,BALANCING
2.9,-1.0867008915740648,0.3724656320683644,82.21336443162083,0.11247889506784879,BALANCING
2.902,-1.0859544087024353,0.3737803256641525,82.02890653559811,0.11218281121090859,BALANCING
2.904,-1.0852053016407253,0.3750900576987935,81.84458109070214,0.11188702162208658,BALANCING
2.906,-1.0844535803051152,0.37639483549769126,81.66038852744938,0.11159152678126821,BALANCING
2.908,-1.083699254597131,0.3776946663880862,81.47632927468806,0.11129632716586506,BALANCING
2.91,-1.0829423344036402,0.37898955769902076,81.29240375960059,0.1110014232508194,BALANCING
2.912,-1.0821828295968494,0.38027951676130345,81.10861240770619,0.11070681550860853,BALANCING
2.914,-1.081420750034299,0.38156455090747327,80.9249556428633,0.1104125044092491,BALANCING
2.916,-1.0806561055588604,0.3828446674717651,80.7414338872722,0.11011849042030167,BALANCING
2.918,-1.0798889059987338,0.3841198737900739,80.5580475614774,0.10982477400687482,BALANCING
2.92,-1.0791191611674438,0.3853901771999198,80.37479708437026,0.10953135563162975,BALANCING
2.922,-1.0783468808638357,0.38665558504041336,80.19168287319145,0.10923823575478457,BALANCING
2.924,-1.077572074872074,0.3879161046522203,80.00870534353346,0.10894541483411868,BALANCING
2.926,-1.0767947529616377,0.38917174337752675,79.82586490934317,0.10865289332497721,BALANCING
2.928,-1.0760149248873188,0.39042250856000443,79.64316198292427,0.10836067168027531,BALANCING
2.93,-1.0752326003892174,0.39166840754477616,79.4605969749399,0.1080687503505026,BALANCING
2.932,-1.0744477891927413,0.3929094476783811,79.27817029441503,0.10777712978372744,BALANCING
2.934,-1.0736605010086009,0.39414563630874017,79.09588234873912,0.10748581042560144,BALANCING
2.936,-1.0728707455328081,0.39537698078512207,78.91373354366849,0.10719479271936373,BALANCING
2.938,-1.0720785324466726,0.39660348845810817,78.73172428332893,0.10690407710584535,BALANCING
2.94,-1.0712838714167998,0.397825166679559,78.5498549702182,0.10661366402347361,BALANCING
2.942,-1.0704867720950888,0.39904202280257967,78.36812600520858,0.10632355390827661,BALANCING
2.944,-1.0696872441187282,0.4002540641814858,78.18653778754928,0.1060337471938873,BALANCING
2.946,-1.068885297110196,0.4014612981717696,78.00509071486911,0.10574424431154816,BALANCING
2.948,-1.068080940677256,0.4026637321300661,77.82378518317886,0.10545504569011531,BALANCING
2.95,-1.067274184412955,0.4038613734141191,77.64262158687389,0.10516615175606309,BALANCING
2.952,-1.066465037895622,0.40505422938274716,77.46160031873661,0.10487756293348821,BALANCING
2.954,-1.065653510688865,0.4062423073958107,77.28072176993912,0.10458927964411438,BALANCING
2.956,-1.0648396123415695,0.4074256148141776,77.09998633004554,0.10430130230729633,BALANCING
2.958,-1.064023352387897,0.40860415899969027,76.91939438701466,0.10401363134002448,BALANCING
2.96,-1.0632047403472817,0.40977794731513184,76.73894632720243,0.10372626715692906,BALANCING
2.962,-1.0623837857244298,0.4109469871241931,76.55864253536447,0.10343921017028469,BALANCING
2.964,-1.061560498009317,0.41211128579143896,76.37848339465859,0.10315246079001451,BALANCING
2.966,-1.0607348866771873,0.41327085068227565,76.19846928664731,0.10286601942369465,BALANCING
2.968,-1.0599069611885519,0.4144256891629173,76.01860059130041,0.1025798864765586,BALANCING
2.97,-1.059076730989186,0.4155758086003531,75.83887768699742,0.10229406235150144,BALANCING
2.972,-1.0582442055101284,0.41672121636231435,75.65930095053014,0.10200854744908441,BALANCING
2.974,-1.0574093941676808,0.4178619198172416,75.47987075710518,0.101723342167539,BALANCING
2.976,-1.0565723063634036,0.4189979263342519,75.30058748034644,0.10143844690277143,BALANCING
2.978,-1.0557329514841187,0.4201292432831062,75.12145149229771,0.10115386204836702,BALANCING
2.98,-1.0548913389019041,0.4212558780341765,74.94246316342512,0.10086958799559445,BALANCING
2.982,-1.0540474779740956,0.4223778379584137,74.76362286261967,0.10058562513341014,BALANCING
2.984,-1.0532013780432847,0.42349513042731507,74.5849309571998,0.1003019738484626,BALANCING
2.986,-1.0523530484373171,0.42460776281289164,74.40638781291386,0.10001863452509674,BALANCING
2.988,-1.051502498469293,0.42571574248763616,74.22799379394264,0.09973560754535819,BALANCING
2.99,-1.050649737437564,0.4268190768244911,74.04974926290193,0.09945289328899777,BALANCING
2.992,-1.049794774625735,0.4279177731968162,73.87165458084498,0.09917049213347559,BALANCING
2.994,-1.0489376193026607,0.4290118389783563,73.69371010726508,0.09888840445396557,BALANCING
2.996,-1.0480782807224474,0.4301012815432103,73.51591620009805,0.09860663062335968,BALANCING
2.998,-1.0472167681244497,0.43118610826579834,73.33827321572477,0.09832517101227231,BALANCING
3.0,-1.0463530907332723,0.4322663265208304,73.16078150897368,0.09804402598904456,BALANCING
3.0020000000000002,-1.045487257758768,0.4333419436832749,72.98344143312339,0.09776319591974869,BALANCING
3.004,-1.0446192783960375,0.4344129671283263,72.80625333990506,0.09748268116819211,BALANCING
3.0060000000000002,-1.0437491618254293,0.43547940423137443,72.629217579505,0.09720248209592212,BALANCING
3.008,-1.0428769172125394,0.43654126236797275,72.45233450056723,0.09692259906222997,BALANCING
3.0100000000000002,-1.0420025537082103,0.4375985489138067,72.27560445019594,0.09664303242415524,BALANCING
3.012,-1.0411260804485312,0.43865127124466274,72.09902777395804,0.09636378253649022,BALANCING
3.0140000000000002,-1.0402475065548384,0.439699436736397,71.92260481588565,0.09608484975178402,BALANCING
3.016,-1.0393668411337145,0.44074305276490444,71.74633591847865,0.0958062344203472,BALANCING
3.0180000000000002,-1.0384840932769877,0.4417821267060873,71.57022142270722,0.09552793689025581,BALANCING
3.02,-1.0375992720617337,0.4428166659358245,71.39426166801431,0.09524995750735576,BALANCING
3.0220000000000002,-1.0367123865502743,0.44384667782994097,71.21845699231818,0.09497229661526731,BALANCING
3.024,-1.035823445790178,0.4448721697641761,71.04280773201496,0.09469495455538902,BALANCING
3.0260000000000002,-1.03493245881426,0.4458931491141538,70.86731422198112,0.09441793166690246,BALANCING
3.028,-1.0340394346405826,0.44690962325535144,70.691976795576,0.0941412282867762,BALANCING
3.0300000000000002,-1.0331443822724562,0.44792159956306943,70.51679578464433,0.09386484474977021,BALANCING
3.032,-1.032247310698438,0.4489290854124009,70.34177151951882,0.09358878138844025,BALANCING
3.0340000000000003,-1.0313482288923341,0.44993208817820085,70.16690432902253,0.09331303853314202,BALANCING
3.036,-1.0304471458131998,0.4509306152350563,69.99219454047157,0.09303761651203558,BALANCING
3.0380000000000003,-1.029544070405339,0.4519246739572558,69.81764247967747,0.09276251565108953,BALANCING
3.04,-1.0286390115983057,0.45291427171875936,69.64324847094977,0.09248773627408537,BALANCING
3.0420000000000003,-1.0277319783069052,0.4538994158931685,69.46901283709855,0.09221327870262175,BALANCING
3.044,-1.0268229794311936,0.45488011385369603,69.2949358994369,0.09193914325611885,BALANCING
3.0460000000000003,-1.0259120238564794,0.4558563729731361,69.12101797778347,0.09166533025182251,BALANCING
3.048,-1.0249991204533246,0.4568282006238346,68.94725939046498,0.09139184000480864,BALANCING
3.0500000000000003,-1.0240842780775452,0.4577956041776593,68.77366045431877,0.09111867282798741,BALANCING
3.052,-1.0231675055702114,0.4587585910059703,68.60022148469528,0.09084582903210765,BALANCING
3.0540000000000003,-1.0222488117576505,0.45971716847959,68.42694279546055,0.09057330892576096,BALANCING
3.056,-1.0213282054514465,0.4606713439687742,68.2538246989988,0.09030111281538619,BALANCING
3.0580000000000003,-1.020405695448442,0.4616211248431822,68.08086750621489,0.0900292410052735,BALANCING
3.06,-1.0194812905307389,0.46256651847184765,67.90807152653684,0.08975769379756873,BALANCING
3.0620000000000003,-1.0185549994657002,0.4635075322231492,67.73543706791844,0.08948647149227776,BALANCING
3.064,-1.017626831005951,0.46444417346478106,67.56296443684161,0.08921557438727055,BALANCING
3.0660000000000003,-1.0166967938893803,0.46537644956372454,67.39065393831905,0.08894500277828564,BALANCING
3.068,-1.0157648968391417,0.4663043678862185,67.21850587589665,0.08867475695893427,BALANCING
3.0700000000000003,-1.014831148563656,0.4672279357977302,67.04652055165613,0.08840483722070469,BALANCING
3.072,-1.0138955577566113,0.468147160662927,66.87469826621742,0.08813524385296642,BALANCING
3.074,-1.0129581330969666,0.46906204984564726,66.70303931874126,0.08786597714297445,BALANCING
3.076,-1.0120188832489514,0.46997261070887136,66.53154400693168,0.08759703737587357,BALANCING
3.078,-1.011077816862069,0.4708788506146936,66.36021262703856,0.0873284248347026,BALANCING
3.08,-1.0101349425710977,0.471780776924293,66.18904547386006,0.08706013980039859,BALANCING
3.082,-1.0091902689960925,0.47267839699790554,66.01804284074522,0.08679218255180114,BALANCING
3.084,-1.0082438047423874,0.47357171819479493,65.84720501959639,0.08652455336565659,BALANCING
3.086,-1.007295558400597,0.47446074787322495,65.67653230087183,0.08625725251662232,BALANCING
3.088,-1.0063455385466191,0.4753454933904307,65.50602497358813,0.08599028027727092,BALANCING
3.09,-1.005393753741636,0.4762259621025909,65.33568332532278,0.08572363691809443,BALANCING
3.092,-1.0044402125321175,0.4771021613647995,65.1655076422167,0.0854573227075087,BALANCING
3.094,-1.0034849234498222,0.47797409853103734,64.99549820897668,0.08519133791185748,BALANCING
3.096,-1.0025278950118006,0.47884178095414504,64.82565530887793,0.08492568279541665,BALANCING
3.098,-1.0015691357203969,0.4797052159857944,64.65597922376661,0.08466035762039863,BALANCING
3.1,-1.0006086540632513,0.4805644109764607,64.48647023406228,0.08439536264695638,BALANCING
3.102,-0.999646458513303,0.4814193732753953,64.31712861876045,0.08413069813318777,BALANCING
3.104,-0.9986825575287921,0.4822701102305978,64.1479546554351,0.08386636433513973,BALANCING
3.106,-0.9977169595532622,0.48311662918878856,63.97894862024115,0.08360236150681255,BALANCING
3.108,-0.9967496730155636,0.48395893749538116,63.810110787916976,0.083338689900164,BALANCING
3.11,-0.995780706329855,0.4847970424944549,63.641441431786944,0.08307534976511363,BALANCING
3.112,-0.994810067895607,0.4856309515287277,63.472940823763864,0.08281234134954688,BALANCING
3.114,-0.9938377660976041,0.4864606719395285,63.304609234351545,0.08254966489931943,BALANCING
3.116,-0.9928638093059486,0.4872862110667708,63.136446932647274,0.0822873206582613,BALANCING
3.118,-0.9918882058760622,0.4881075762489244,62.96845418634433,0.08202530886818112,BALANCING
3.12,-0.9909109641486897,0.4889247748229897,62.800631261734466,0.08176362976887025,BALANCING
3.122,-0.989932092449902,0.4897378141244694,62.63297842371045,0.08150228359810713,BALANCING
3.124,-0.9889515990910988,0.49054670148734286,62.4654959357685,0.08124127059166124,BALANCING
3.126,-0.9879694923690115,0.4913514442440386,62.298184060010875,0.0809805909832976,BALANCING
3.128,-0.986985780565707,0.49215204972540777,62.13104305714831,0.08072024500478071,BALANCING
3.13,-0.9860004719485902,0.4929485252606975,61.964073186502524,0.08046023288587888,BALANCING
3.132,-0.9850135747704079,0.4937408781775243,61.79727470600876,0.08020055485436835,BALANCING
3.134,-0.9840250972692514,0.4945291158018475,61.63064787221822,0.07994121113603748,BALANCING
3.136,-0.9830350476685601,0.49531324545794314,61.46419294030061,0.07968220195469106,BALANCING
3.138,-0.9820434341771257,0.4960932744683775,61.297910164046634,0.07942352753215429,BALANCING
3.14,-0.981050264989094,0.4968692101539803,61.13179979587048,0.07916518808827708,BALANCING
3.142,-0.9800555482839699,0.49764105983381945,60.96586208681228,0.07890718384093823,BALANCING
3.144,-0.9790592922266201,0.4984088308251743,60.8000972865407,0.07864951500604955,BALANCING
3.146,-0.9780615049672772,0.49917253044350973,60.63450564335533,0.07839218179756012,BALANCING
3.148,-0.9770621946415429,0.49993216600245033,60.46908740418925,0.07813518442746034,BALANCING
3.15,-0.9760613693703921,0.5006877448137543,60.30384281461148,0.07787852310578613,BALANCING
3.152,-0.9750590372601767,0.5014392741872881,60.13877211882949,0.07762219804062322,BALANCING
3.154,-0.9740552064026288,0.5021867614309997,59.97387555969171,0.07736620943811114,BALANCING
3.156,-0.9730498848748653,0.5029302138508943,59.80915337868999,0.07711055750244745,BALANCING
3.158,-0.9720430807393915,0.5036696387510078,59.6446058159621,0.07685524243589195,BALANCING
3.16,-0.9710348020441051,0.5044050434333813,59.480233110294215,0.07660026443877072,BALANCING
3.162,-0.9700250568223,0.5051364351980361,59.316035499123416,0.07634562370948034,BALANCING
3.164,-0.9690138530926706,0.5058638213429484,59.15201321854018,0.07609132044449209,BALANCING
3.166,-0.9680011988593161,0.506587209164023,58.98816650329087,0.07583735483835595,BALANCING
3.168,-0.9669871021117441,0.5073066059550697,58.824495586780166,0.07558372708370491,BALANCING
3.17,-0.9659715708248755,0.5080220190077769,58.661000701073625,0.07533043737125893,BALANCING
3.172,-0.9649546129590484,0.5087334556116868,58.49768207690013,0.07507748588982928,BALANCING
3.174,-0.9639362364600224,0.5094409230541709,58.3345399436544,0.0748248728263225,BALANCING
3.176,-0.9629164492589826,0.5101444286204045,58.17157452939941,0.07457259836574466,BALANCING
3.178,-0.9618952592725454,0.5108439795933423,58.008786060868935,0.0743206626912054,BALANCING
3.18,-0.9608726744027611,0.5115395832536929,57.846174763470025,0.07406906598392204,BALANCING
3.182,-0.9598487025371198,0.5122312468798953,57.68374086128544,0.07381780842322384,BALANCING
3.184,-0.9588233515485557,0.5129189777480934,57.52148457707621,0.07356689018655603,BALANCING
3.186,-0.957796629295451,0.5136027831321114,57.35940613228399,0.07331631144948383,BALANCING
3.188,-0.9567685436216414,0.5142826703034299,57.19750574703369,0.07306607238569678,BALANCING
3.19,-0.9557391023564206,0.5149586465311613,57.035783640135826,0.07281617316701272,BALANCING
3.192,-0.9547083133145446,0.515630719082025,56.87424002908906,0.07256661396338189,BALANCING
3.194,-0.9536761842962375,0.5162988952203236,56.71287513008265,0.07231739494289106,BALANCING
3.196,-0.9526427230871951,0.5169631822079191,56.55168915799896,0.07206851627176772,BALANCING
3.198,-0.9516079374585907,0.517623587304208,56.39068232641586,0.07181997811438402,BALANCING
3.2,-0.9505718351670802,0.5182801177660973,56.2298548476093,0.07157178063326104,BALANCING
3.202,-0.949534423954806,0.5189327808479813,56.069206932555694,0.07132392398907272,BALANCING
3.204,-0.9484957115494034,0.5195815838017172,55.908738790934414,0.07107640834065007,BALANCING
3.206,-0.9474557056640046,0.5202265338766012,55.7484506311303,0.07082923384498523,BALANCING
3.208,-0.9464144139972448,0.5208676383193452,55.58834266023606,0.07058240065723556,BALANCING
3.21,-0.9453718442332665,0.5215049043740524,55.428415084054805,0.0703359089307277,BALANCING
3.212,-0.9443280040417253,0.5221383392821944,55.268668107102485,0.07008975881696174,BALANCING
3.214,-0.9432829010777952,0.5227679502825875,55.10910193261033,0.06984395046561508,BALANCING
3.216,-0.9422365429821735,0.5233937446113688,54.94971676252736,0.06959848402454681,BALANCING
3.218,-0.941188937381087,0.5240157295019735,54.79051279752282,0.06935335963980156,BALANCING
3.22,-0.9401400918862962,0.5246339121851112,54.63149023698866,0.06910857745561363,BALANCING
3.222,-0.939090014095102,0.5252482998887428,54.472649279041974,0.06886413761441107,BALANCING
3.224,-0.9380387115903506,0.525858899838057,54.313990120527485,0.06862004025681977,BALANCING
3.226,-0.9369861919404391,0.5264657192554479,54.15551295701999,0.0683762855216675,BALANCING
3.228,-0.9359324626993211,0.5270687653604912,53.99721798282681,0.0681328735459879,BALANCING
3.23,-0.9348775314065128,0.5276680453699217,53.83910539099029,0.06788980446502467,BALANCING
3.232,-0.9338214055870979,0.5282635664976105,53.68117537329019,0.06764707841223548,BALANCING
3.234,-0.9327640927517342,0.5288553359545418,53.523428120246194,0.06740469551929615,BALANCING
3.236,-0.931705600396659,0.5294433609487906,53.36586382112035,0.0671626559161046,BALANCING
3.238,-0.9306459360036946,0.5300276486854997,53.20848266391951,0.06692095973078492,BALANCING
3.24,-0.9295851070402551,0.5306082063668572,53.0512848353978,0.06667960708969148,BALANCING
3.242,-0.9285231209593513,0.5311850411920744,52.894270521059056,0.06643859811741289,BALANCING
3.244,-0.9274599851995973,0.5317581603573622,52.73743990515927,0.06619793293677599,BALANCING
3.246,-0.9263957071852167,0.5323275710559101,52.580793170709065,0.06595761166884997,BALANCING
