t,theta_deg,rate_dps,wheel_rpm,duty,phase
0.0,16.0,0.0,0.0,-1,SPINUP
0.002,16.0,0.0,-6.436476596174447,-1,SPINUP
0.004,16.0,0.0,-12.801832631651454,-1,SPINUP
0.006,16.0,0.0,-19.096853960939825,-1,SPINUP
0.008,16.0,0.0,-25.32231775516197,-1,SPINUP
0.01,16.0,0.0,-31.47899259800195,-1,SPINUP
0.012,16.0,0.0,-37.56763858059332,-1,SPINUP
0.014,16.0,0.0,-43.5890073953585,-1,SPINUP
0.016,16.0,0.0,-49.543842428811296,-1,SPINUP
0.018000000000000002,16.0,0.0,-55.43287885333392,-1,SPINUP
0.02,16.0,0.0,-61.256843717939944,-1,SPINUP
0.022,16.0,0.0,-67.0164560380344,-1,SPINUP
0.024,16.0,0.0,-72.71242688418201,-1,SPINUP
0.026000000000000002,16.0,0.0,-78.34545946989454,-1,SPINUP
0.028,16.0,0.0,-83.91624923844823,-1,SPINUP
0.03,16.0,0.0,-89.42548394874186,-1,SPINUP
0.032,16.0,0.0,-94.87384376020609,-1,SPINUP
0.034,16.0,0.0,-100.26200131677466,-1,SPINUP
0.036000000000000004,16.0,0.0,-105.59062182992774,-1,SPINUP
0.038,16.0,0.0,-110.86036316081756,-1,SPINUP
0.04,16.0,0.0,-116.07187590148673,-1,SPINUP
0.042,16.0,0.0,-121.22580345518911,-1,SPINUP
0.044,16.0,0.0,-126.322782115823,-1,SPINUP
0.046,16.0,0.0,-131.36344114648688,-1,SPINUP
0.048,16.0,0.0,-136.34840285716695,-1,SPINUP
0.05,16.0,0.0,-141.2782826815663,-1,SPINUP
0.052000000000000005,16.0,0.0,-146.15368925308528,-1,SPINUP
0.054,16.0,0.0,-150.97522447996198,-1,SPINUP
0.056,16.0,0.0,-155.74348361958283,-1,SPINUP
0.058,16.0,0.0,-160.45905535197187,-1,SPINUP
0.06,16.0,0.0,-165.12252185246808,-1,SPINUP
0.062,16.0,0.0,-169.73445886359957,-1,SPINUP
0.064,16.0,0.0,-174.29543576616356,-1,SPINUP
0.066,16.0,0.0,-178.80601564952127,-1,SPINUP
0.068,16.0,0.0,-183.26675538111556,-1,SPINUP
0.07,16.0,0.0,-187.67820567522088,-1,SPINUP
0.07200000000000001,16.0,0.0,-192.04091116093332,-1,SPINUP
0.074,16.0,0.0,-196.35541044940953,-1,SPINUP
0.076,16.0,0.0,-200.6222362003625,0.0,KICK
0.078,16.0,0.0,-199.95460874363,1,KICK
0.08,15.995562760131914,-4.4254991807303306,-191.308711562234,1,KICK
0.082,15.98234435074935,-8.781475026380447,-182.75834817888506,1,KICK
0.084,15.960481993834215,-13.069748083598663,-174.30246298230557,1,KICK
0.08600000000000001,15.930109294904499,-17.29211437885455,-165.94001202531166,1,KICK
0.088,15.891356291404172,-21.4503460665469,-157.66996289592944,1,KICK
0.09,15.844349499811019,-25.546192062949352,-149.49129458993536,1,KICK
0.092,15.789211961490555,-29.581378666260925,-141.40299738480516,1,KICK
0.094,15.726063287323498,-33.557610163039946,-133.4040727150553,1,KICK
0.096,15.655019701133739,-37.47656942130899,-125.4935330489621,1,KICK
0.098,15.576194081943209,-41.339918470625136,-117.67040176664312,1,KICK
0.1,15.48969600507936,-45.14929906941511,-109.93371303948527,1,KICK
0.10200000000000001,15.39563178216049,-48.9063332598778,-102.28251171090572,1,KICK
0.10400000000000001,15.294104499983428,-52.61262391075857,-94.71585317843001,1,KICK
0.106,15.18521405833753,-56.26975524829976,-87.23280327707332,1,KICK
0.108,15.069057206768385,-59.87929337567075,-79.83243816401024,1,KICK
0.11,14.945727580313882,-63.442786781178725,-72.51384420451893,1,KICK
0.112,14.815315734234861,-66.96176683555777,-65.27611785918553,1,KICK
0.114,14.677909177761851,-70.43774827862947,-58.11836557235499,1,KICK
0.116,14.53359240687887,-73.87222969562342,-51.03970366181438,1,KICK
0.11800000000000001,14.3824469361647,-77.26669398343914,-44.03925820969521,1,KICK
0.12,14.22455132971145,-80.62260880712503,-37.11616495458124,1,KICK
0.122,14.059981231139744,-83.9414270468418,-30.26956918480839,1,KICK
0.124,13.888809392729259,-87.22458723557027,-23.498625632943764,1,KICK
0.126,13.711105703682904,-90.47351398781451,-16.80249837143053,1,KICK
0.128,13.526937217542386,-93.6896184195424,-10.180360709385944,1,KICK
0.13,13.33636817877248,-96.87429855959593,-3.6313950905396744,1,KICK
0.132,13.1394600485308,-100.02893975279403,2.8452070077000817,1,KICK
0.134,12.936271529639516,-103.15491505493993,9.250245174065247,1,KICK
0.136,12.726858590774963,-106.25358561993451,15.584510162143527,1,KICK
0.138,12.511274489890772,-109.32630107918645,21.84878398800333,1,KICK
0.14,12.28956979688973,-112.37439991349818,28.043840026739936,1,KICK
0.14200000000000002,12.061792415559246,-115.39920981759542,34.17044310795489,1,KICK
0.14400000000000002,11.82798760478499,-118.40204805745633,40.2293496101804,1,KICK
0.146,11.588197999056952,-121.38422182058369,46.22130755426033,1,KICK
0.148,11.342463628281898,-124.34702855935191,52.14705669569942,1,KICK
0.15,11.090821936915965,-127.29175632754779,58.00732861599208,1,KICK
0.152,10.833307802430886,-130.2196841102108,63.80284681294201,1,KICK
0.154,10.569953553127151,-133.13208214686668,69.53432678998382,1,KICK
0.156,10.300788985307259,-136.0302122482333,75.2024761445177,1,KICK
0.158,10.025841379822005,-138.91532810646646,80.80799465526808,1,KICK
0.16,9.745135518002707,-141.78867559899678,86.35157436867682,0.0,BALANCING
0.162,9.462963966896528,-140.3887546333818,86.06421498582641,-1,BALANCING
0.164,9.188813343913782,-133.77757755753996,78.67676231845564,-1,BALANCING
0.166,8.927791576413957,-127.25952322956653,71.37093812715848,-1,BALANCING
0.168,8.67971466574977,-120.83234910536207,64.14584044905192,-1,BALANCING
0.17,8.444403072603754,-114.49383836428666,57.00057728759163,-1,BALANCING
0.17200000000000001,8.22168166576085,-108.24179968477904,49.934266502447905,-1,BALANCING
0.17400000000000002,8.01137967135805,-102.07406699215547,42.946035700598216,-1,BALANCING
0.176,7.8133306226639725,-95.98849918131314,36.03502212862334,-1,BALANCING
0.178,7.627372310435989,-89.9829798168766,29.200372566193472,-1,BALANCING
0.18,7.453346733897643,-84.0554168131496,22.44124322073129,-1,BALANCING
0.182,7.291100052374513,-78.20374209607122,15.756799623238974,-1,BALANCING
0.184,7.140482537622438,-72.42591124921952,9.146216525276262,-1,BALANCING
0.186,7.001348526878096,-66.7199031457628,2.6086777970769033,-1,BALANCING
0.188,6.873556376658257,-61.08371956812241,-3.8566236732091563,-1,BALANCING
0.19,6.756968417330616,-55.515384816985275,-10.25048607916023,-1,BALANCING
0.192,6.651450908475976,-50.01294531118589,-16.57369879462633,-0.9545134573231655,BALANCING
0.194,6.556657293305796,-44.790774828532335,-22.534269403803375,-0.8220744931702555,BALANCING
0.196,6.471617049058364,-40.25811768591118,-27.576537734979535,-0.7072334415457836,BALANCING
0.198,6.395043642766533,-36.322675392387396,-31.82391922296674,-0.6076199499326187,BALANCING
0.2,6.3258226858436775,-32.904575803811916,-35.38320889156611,-0.5211880874310253,BALANCING
0.202,6.262988782976555,-29.934675113937665,-38.34685313478704,-0.44617034648385717,BALANCING
0.20400000000000001,6.205705536635849,-27.353099743099754,-40.79490032894891,-0.38103867426777055,BALANCING
0.20600000000000002,6.153248263885863,-25.107991723261343,-42.7966790707401,-0.3244712924153566,BALANCING
0.20800000000000002,6.10498904861521,-23.15442752734163,-44.412244307317685,-0.27532433809923945,BALANCING
0.21,6.060383807436318,-21.453485258769412,-45.693624955734144,-0.23260755593773202,BALANCING
0.212,6.018961093687722,-19.971439090992387,-46.68590127817469,-0.1954634157095916,BALANCING
0.214,5.980312402953617,-18.679063080040226,-47.42813594427735,-0.16314914185880164,BALANCING
0.216,5.944083776597387,-17.551029139244154,-47.95417913890508,-0.1350212274941096,BALANCING
0.218,5.9099685280021514,-16.565386186079802,-48.293365098510805,-0.11052207470356964,BALANCING
0.22,5.877700940322688,-15.703109335935878,-48.47111496174398,-0.08916845897719305,BALANCING
0.222,5.847050805224603,-14.947709593240646,-48.509458710319095,-0.07054156144859745,BALANCING
0.224,5.817818689845108,-14.28489582814619,-48.427487185397354,-0.05427835072677603,BALANCING
0.226,5.789831834490869,-13.702281967156352,-48.24174363872521,-0.04006412789822045,BALANCING
0.228,5.762940596754742,-13.189133300843167,-47.96656297336589,-0.027626075040856575,BALANCING
0.23,5.737015369089816,-12.736146647172605,-47.61436571111384,-0.01672767022558709,BALANCING
0.232,5.711943906683311,-12.335259826300364,-47.19591276397182,-0.007163851207222287,BALANCING
0.234,5.687629010942828,-11.979486519672122,-46.720526261712166,0.0,BALANCING
0.23600000000000002,5.664259622133073,-11.390320026419385,-46.56505044449438,0.01567942597932809,BALANCING
0.23800000000000002,5.641725120665108,-11.143803774823025,-45.94960450628205,0.0,BALANCING
0.24,5.620023387080514,-10.558314270165706,-45.796694150105196,-0.037002829724499926,BALANCING
0.242,5.599404762939775,-10.060368299945115,-45.52882635569971,-0.023831635075230628,BALANCING
0.244,5.579718964346284,-9.62535757466082,-45.17914231003905,-0.01378290760220059,BALANCING
0.246,5.560855775727047,-9.237658180848609,-44.76864373775107,0.0,BALANCING
0.248,5.542959395777672,-8.65902947240723,-44.619663363859964,0.0089475235057734,BALANCING
0.25,5.525920683312924,-8.379280837955037,-44.069042928277305,0.017537536915352033,BALANCING
0.252,5.509402963791112,-8.137958479922558,-43.46921721388228,0.02278422074334203,BALANCING
0.254,5.493345776200927,-7.918702287900952,-42.842249182455596,0.0274896609343697,BALANCING
0.256,5.477707843808578,-7.718662690314042,-42.191922448036195,0.03172481822091976,BALANCING
0.258,5.462453215150302,-7.53536319695893,-41.52152208010697,0.03555135814938265,BALANCING
0.26,5.447550566857303,-7.366651515062471,-40.83389994056576,0.03902286903974329,BALANCING
0.262,5.432972597829666,-7.21065707065824,-40.131531459379204,0.042185920354425095,BALANCING
0.264,5.418695502789682,-7.065754095991395,-39.41656497072155,0.045080982387559074,BALANCING
0.266,5.404698514813378,-6.9305295536307225,-38.69086458440971,0.047743225445962545,BALANCING
0.268,5.390963507801975,-6.803755263529695,-37.9560474397161,0.05618517771179417,BALANCING
0.27,5.377446152456173,-6.712810174722242,-37.175013310225424,0.06540849304225464,BALANCING
0.272,5.364071469813623,-6.661010210366351,-36.343243650549034,0.07235328140939899,BALANCING
0.274,5.350772454050828,-6.637093158425857,-35.47596475401751,0.07760075158258772,BALANCING
0.276,5.337501722951607,-6.632691870740911,-34.584493732706186,0.0815743907996325,BALANCING
0.278,5.324226513337901,-6.641550255620762,-33.6772968833127,0.08458796737827103,BALANCING
0.28,5.310925006616739,-6.658976702984803,-32.76072739081832,0.08687695705623391,BALANCING
0.28200000000000003,5.297583591316441,-6.6814533627487736,-31.83955260590869,0.08861981080909914,BALANCING
0.28400000000000003,5.284194801125676,-6.706351154418656,-30.917338606372393,0.08995275064732702,BALANCING
0.28600000000000003,5.2707557490482335,-6.731718495455421,-29.996735276444507,0.09098030315102605,BALANCING
0.28800000000000003,5.257266931410618,-6.756122615378309,-29.07969043728435,0.09178294509113537,BALANCING
0.29,5.243731310930956,-6.778529104054646,-28.167612400533013,0.09242274386736783,BALANCING
0.292,5.230153612386839,-6.798209707937428,-27.261494421170575,0.09294757596815026,BALANCING
0.294,5.216539781496251,-6.814671278371225,-26.36201062319899,0.09339431846559351,BALANCING
0.296,5.202896569851719,-6.827600737907087,-25.469590323400837,0.09379128702912401,BALANCING
0.298,5.189231217652246,-6.836822291580345,-24.584475841631814,0.09416011351045836,BALANCING
0.3,5.17555121255921,-6.842264072711293,-23.70676758730025,0.09451720173521884,BALANCING
0.302,5.161864107929302,-6.84393210532182,-22.83645927748988,0.09487486258178728,BALANCING
0.304,5.148177387406657,-6.8418899710573795,-21.97346546002765,0.09524220304354268,BALANCING
0.306,5.134498365705381,-6.836242942864509,-21.117643010004,0.09562582513313299,BALANCING
0.308,5.120834117608308,-6.827125628028621,-20.268807890284,0.09603037684162696,BALANCING
0.31,5.10719142891002,-6.81469237531799,-19.42674818058569,0.09645898735035874,BALANCING
0.312,5.093576764360342,-6.79910986297711,-18.59123416136131,0.09691361125593925,BALANCING
0.314,5.079996248706108,-6.780551409015769,-17.762026070659324,0.09739530098701926,BALANCING
0.316,5.066455657749204,-6.759192641914114,-16.93888002187204,0.09790442236199512,BALANCING
0.318,5.05296041698712,-6.7352082452724975,-16.1215524686623,0.09844082500475149,BALANCING
0.32,5.039515605915898,-6.708769549073234,-15.309803523677502,0.09900397684658918,BALANCING
0.322,5.0261259664833595,-6.680042786817183,-14.503399374874625,0.09959307001264187,BALANCING
0.324,5.012795914505044,-6.649187874659411,-13.70211399361039,0.10020710388557023,BALANCING
0.326,4.9995295531136765,-6.616357597929185,-12.905730289220104,0.10084494995841456,BALANCING
0.328,4.986330687518923,-6.581697113714709,-12.114040833415046,0.10150540215770061,BALANCING
0.33,4.973202840518175,-6.545343696782971,-11.326848252772031,0.10218721558110595,BALANCING
0.332,4.96014926832966,-6.507426670968865,-10.543965367552019,0.10288913600855845,BALANCING
0.334,4.947172976423019,-6.468067480069647,-9.76521513903736,0.10360992207893203,BALANCING
0.336,4.934276735104814,-6.42737986182098,-8.990430474711152,0.10434836165137178,BALANCING
0.338,4.921463094681648,-6.385470096182567,-8.21945393028,0.10510328357123216,BALANCING
0.34,4.908734400074949,-6.342437305299607,-7.452137339258122,0.10587356582042896,BALANCING
0.342,4.896092804801809,-6.29837378742929,-6.688341394184866,0.10665814083877864,BALANCING
0.34400000000000003,4.8835402842677444,-6.253365371066814,-5.927935198218923,0.10745599864722317,BALANCING
0.34600000000000003,4.871078648341616,-6.207491778663718,-5.170795801584694,0.10826618827829285,BALANCING
0.34800000000000003,4.8587095532015985,-6.160826991854925,-4.416807733933599,0.10908781791783322,BALANCING
0.35000000000000003,4.8464345124552874,-6.113439612122962,-3.6658625409603878,0.10992005408021663,BALANCING
0.352,4.834254907547546,-6.065393212427007,-2.9178583314484032,0.11076212007320009,BALANCING
0.354,4.822171997477357,-6.016746676590812,-2.1726993392007072,0.11161329395527285,BALANCING
0.356,4.810186927850398,-5.967554524241441,-1.4302955029591953,0.11247290614531785,BALANCING
0.358,4.798300739297652,-5.917867219872607,-0.690562066350794,0.14403316121143359,BALANCING
0.36,4.786368152060655,-6.013687428331524,0.2441344468602074,0.14059270903880036,BALANCING
0.362,4.774266474208883,-6.087005755913026,1.1463585375838046,0.13773140792531036,BALANCING
0.364,4.76203766569592,-6.140859554061126,2.0201967056849455,0.13537300433111418,BALANCING
0.366,4.7497180134163255,-6.177885380649431,2.8691994926713105,0.13345126685889758,BALANCING
0.368,4.737338879994047,-6.200371686905421,3.6964519111103837,0.13190867057802613,BALANCING
0.37,4.724927354129299,-6.2103045866991815,4.504634627512034,0.13069525399295706,BALANCING
0.372,4.7125068154294665,-6.209407615996893,5.296077112067998,0.12976762600531458,BALANCING
0.374,4.700097424953304,-6.199176271173893,6.072803809442065,0.12908810319068403,BALANCING
0.376,4.687716551224074,-6.180908011402991,6.836574246493289,0.12862396029292647,BALANCING
0.378,4.6753791401868785,-6.1557283204305895,7.588917872648665,0.12834677908182193,BALANCING
0.38,4.663098036473109,-6.124613344944743,8.33116432424071,0.1282318826685777,BALANCING
0.382,4.65088426236854,-6.088409558878171,9.064469713420912,0.1282578440667947,BALANCING
0.384,4.6387472600419795,-6.04785084403095,9.789839463455063,0.1284060592574277,BALANCING
0.386,4.626695101861954,-6.003573326174111,10.508148143740103,0.12866037629424676,BALANCING
0.388,4.614734672995187,-5.9561282612920365,11.2201566983977,0.12900677309661684,BALANCING
0.39,4.602871829930056,-5.905993227956687,11.926527410619382,0.1294330775410777,BALANCING
0.392,4.591111538089884,-5.85358184823432,12.627836900037453,0.1299287243013106,BALANCING
0.394,4.579457991285397,-5.79925223034022,13.324587411386172,0.13048454361424666,BALANCING
0.396,4.567914715394601,-5.743314300900669,14.017216618825623,0.13109257778271396,BALANCING
0.398,4.556484658344764,-5.686036172651851,14.706106140855201,0.13174592177467312,BALANCING
0.4,4.545170268198634,-5.6276496742660616,15.391588935161323,0.1324385847566389,BALANCING
0.402,4.533973560910373,-5.568355152367414,16.07395572051807,0.13316536981378946,BALANCING
0.404,4.5228961791109885,-5.508325641352719,16.75346055354963,0.133921769469742,BALANCING
0.406,4.511939443104416,-5.447710484082249,17.43032567138714,0.13470387493215988,BALANCING
0.40800000000000003,4.501104395100212,-5.386638475600897,18.104745696677572,0.13550829726246102,BALANCING
0.41000000000000003,4.490391837573951,-5.32522059257688,18.77689128873953,0.1363320989043062,BALANCING
0.41200000000000003,4.479802366529351,-5.263552362914868,19.446912313659976,0.13717273421093834,BALANCING
0.41400000000000003,4.469336400334337,-5.201715922850132,20.11494059656816,0.13802799778989816,BALANCING
0.41600000000000004,4.458994204714932,-5.139781802618363,20.781092311020036,0.1388959796386755,BALANCING
0.418,4.448775914414027,-5.077810476399115,21.44547005321253,0.13977502617956097,BALANCING
0.42,4.438681551955409,-5.015853707542349,22.10816464248031,0.14066370641898526,BALANCING
0.422,4.428711043895514,-4.953955716014466,22.769256684083125,0.14156078255831353,BALANCING
0.424,4.41886423489497,-4.892154191461714,23.42881792556205,0.14246518447139211,BALANCING
0.426,4.409140899898382,-4.83048117221486,24.08691243383381,0.14337598754089356,BALANCING
0.428,4.399540754672742,-4.768963807888474,24.743597616622857,0.14429239341217975,BALANCING
0.43,4.390063464921937,-4.707625020908294,25.39892510872969,0.14521371328133226,BALANCING
0.432,4.380708654166137,-4.646484080284781,26.052941540940065,0.146139353384323,BALANCING
0.434,4.371475910549984,-4.585557099200242,26.70568920703944,0.14706880239802214,BALANCING
0.436,4.36236479272189,-4.524857466456058,27.35720664236405,0.14800162050172763,BALANCING
0.438,4.353374834907977,-4.464396220505397,28.007529125554004,0.14893742988089642,BALANCING
0.44,4.344505551287886,-4.404182373649223,28.656689113639718,0.14987590648343105,BALANCING
0.442,4.335756439765553,-4.344223192976456,29.304716619260304,0.15081677286378198,BALANCING
0.444,4.327126985215714,-4.284524443763235,29.951639537655126,0.15175979197176123,BALANCING
0.446,4.318616662276271,-4.225090600294071,30.59748393006401,0.1527047617617643,BALANCING
0.448,4.3102249377473285,-4.1659250284142795,31.242274269298424,0.15365151051442655,BALANCING
0.45,4.301951272649722,-4.107030143555624,31.886033652487136,0.15459989277692504,BALANCING
0.452,4.293795123988802,-4.048407547484189,32.52878398534094,0.15554978584046555,BALANCING
0.454,4.285755946263225,-3.9900581465913505,33.170546141708755,0.15650108668419607,BALANCING
0.456,4.27783319275321,-3.9319822541769023,33.8113401017003,0.15745370932409258,BALANCING
0.458,4.270026316618127,-3.8741796788504375,34.45118507121873,0.15840758251343895,BALANCING
0.46,4.262334771829357,-3.816649800896607,35.09009958537158,0.1593626477485449,BALANCING
0.462,4.254758013960867,-3.7593916382062997,35.728101597903056,0.16031885753943806,BALANCING
0.464,4.247295500856995,-3.702403903164253,36.36520855850738,0.16127617391056745,BALANCING
0.466,4.239946693194306,-3.645685051699911,37.00143747963771,0.16223456710115,BALANCING
0.468,4.232711054952152,-3.589233325548803,37.636804994211616,0.16319401443879317,BALANCING
0.47000000000000003,4.225588053804604,-3.5330467886332455,38.27132740542908,0.1641544993634936,BALANCING
0.47200000000000003,4.218577161444723,-3.477123358350846,38.90502072975802,0.16511601058212882,BALANCING
0.47400000000000003,4.211677853850676,-3.421460832454898,39.537900734002676,0.16607854133617633,BALANCING
0.47600000000000003,4.204889611501907,-3.366056912120069,40.16998296724919,0.16704208876766966,BALANCING
0.47800000000000004,4.19821191955249,-3.3109092217080716,40.80128278837711,0.16800665337037524,BALANCING
0.48,4.191644267967804,-3.2560153256796744,41.43181538973444,0.16897223851489226,BALANCING
0.482,4.185186151629864,-3.2013727430400993,42.06159581749447,0.16993885003786352,BALANCING
0.484,4.1788370704158915,-3.146978959653343,42.69063898914353,0.17090649588678275,BALANCING
0.486,4.172596529254097,-3.0928314387162836,43.31895970848939,0.17187518581300737,BALANCING
0.488,4.166464038160113,-3.038927629644652,43.9465726785279,0.17284493110655982,BALANCING
0.49,4.160439112257027,-2.9852649755892653,44.57349251246048,0.17381574436714956,BALANCING
0.492,4.154521271781555,-2.9318409197717368,45.19973374311611,0.17478763930658325,BALANCING
0.494,4.148710042078581,-2.878652910803523,45.825310830997395,0.17576063057837024,BALANCING
0.496,4.143004953585913,-2.825698407130179,46.45023817114096,0.1767347336308843,BALANCING
0.498,4.137405541810919,-2.772974880723631,47.07453009895701,0.17770996458092506,BALANCING
0.5,4.131911347300426,-2.7204798201287224,47.698200895190425,0.1786863401049415,BALANCING
0.502,4.12652191560507,-2.668210732955955,48.321264790127,0.17966387734554015,BALANCING
0.504,4.121236797239146,-2.616165147899891,48.94373596715139,0.1806425938312207,BALANCING
0.506,4.116055547636822,-2.564340616351917,49.56562856574916,0.18162250740754954,BALANCING
0.508,4.110977727105479,-2.512734713666696,50.186956684032616,0.18260363617822514,BALANCING
0.51,4.106002900776804,-2.4613450401335553,50.80773438085947,0.18358599845468956,BALANCING
0.512,4.101130638556211,-2.4101692216970187,51.42797567760368,0.18456961271312539,BALANCING
0.514,4.096360515071009,-2.3592049104646247,52.04769455962999,0.18555449755782608,BALANCING
0.516,4.091692109617758,-2.3084497850348793,52.66690497751642,0.18654067169006866,BALANCING
0.518,4.0871250061091,-2.2579015506736604,53.28562084806285,0.1875281538817301,BALANCING
0.52,4.082658793020387,-2.207557939363422,53.90385605511872,0.18851696295299228,BALANCING
0.522,4.078293063336293,-2.157416709746124,54.52162445025797,0.18950711775356743,BALANCING
0.524,4.0740274144976505,-2.1074756469778784,55.138939853325766,0.19049863714695445,BALANCING
0.526,4.069861448348634,-2.057732562510726,55.755816052877854,0.19149153999729834,BALANCING
0.528,4.06579477108445,-2.008185293814754,56.37226680653043,0.19248584515848668,BALANCING
0.53,4.061826993199629,-1.9588317040518537,56.98830584123599,0.19348157146516554,BALANCING
0.532,4.057957729437003,-1.9096696817107743,57.603946853498314,0.19447873772539834,BALANCING
0.534,4.054186598737452,-1.860697140211691,58.21920350953779,0.1954773627147319,BALANCING
0.536,4.0505132241904604,-1.8119120174872918,58.83408944541678,0.19647746517146275,BALANCING
0.538,4.0469372329855275,-1.763312275546313,59.44861826713305,0.19747906379292912,BALANCING
0.54,4.043458256364466,-1.714895900024558,60.062803550688386,0.19848217723267367,BALANCING
0.542,4.040075929574606,-1.6666608997276313,60.67665884213812,0.19948682409834637,BALANCING
0.544,4.036789891822921,-1.6186053061689525,61.290197657626656,0.20049302295023388,BALANCING
0.546,4.033599786231074,-1.5707271731060344,61.90343348341312,0.2015007923003188,BALANCING
0.548,4.030505259791389,-1.5230245760775063,62.51637977589064,0.3245176871171757,BALANCING
0.55,4.0269247090065265,-2.0556875167527977,63.91434861487617,0.31342811276521165,BALANCING
0.552,4.022342609650996,-2.5247126263399555,65.2254926566357,0.3037416776308298,BALANCING
0.554,4.016878723732077,-2.9375974173273125,66.45980255411322,0.29529269290126253,BALANCING
0.556,4.01063870351888,-3.3009560169714183,67.6260921152614,0.28793499247327237,BALANCING
0.558,4.003715754004288,-3.6206232517582264,68.73213696418357,0.28153963269826565,BALANCING
0.56,3.9961920994881486,-3.9017464680902125,69.78479686458728,0.27599286315568433,BALANCING
0.562,3.988140277361157,-4.1488665341993105,70.79012363054193,0.27119433652024666,BALANCING
0.5640000000000001,3.9796242794494994,-4.365989298021784,71.75345632271667,0.26705552935144317,BALANCING
0.5660000000000001,3.970700558881373,-4.556648625570356,72.67950522818572,0.2634983489531343,BALANCING
0.5680000000000001,3.961418918320228,-4.723962011836966,73.57242594537377,0.2604539043793911,BALANCING
0.5700000000000001,3.951823293542623,-4.870679639370541,74.43588473999951,0.2578614222459637,BALANCING
0.5720000000000001,3.941952444691673,-4.999227656558482,75.2731162005073,0.25566729028561624,BALANCING
0.5740000000000001,3.9318405660841407,-5.11174635667495,76.08697410029508,0.2538242135959005,BALANCING
0.5760000000000001,3.9215178241675357,-5.210123858512,76.879976267143,0.2522904703014003,BALANCING
0.578,3.9110108320928796,-5.296025818617854,77.65434416593968,0.25102925491696393,BALANCING
0.58,3.900343068371356,-5.370921642716232,78.41203781760781,0.25000809907859844,BALANCING
0.582,3.889535246203105,-5.436107608788598,79.15478660373692,0.2491983605262222,BALANCING
0.584,3.8786056392901713,-5.4927272657004576,79.88411644168654,0.2485747722965479,BALANCING
0.586,3.867570369260824,-5.541789428378622,80.60137375780558,0.24811504503188198,BALANCING
0.588,3.856443659228351,-5.584184052723778,81.30774663602678,0.24779951614650228,BALANCING
0.59,3.8452380574745018,-5.620696240076654,82.00428347464513,0.24761084032966107,BALANCING
0.592,3.833964634777608,-5.652018591621379,82.69190944487595,0.24753371651476377,BALANCING
0.594,3.8226331584906825,-5.678762107143067,83.37144101019568,0.24755464701813293,BALANCING
0.596,3.8112522461088965,-5.701465799649636,84.04359873495218,0.247661725057007,BALANCING
0.598,3.7998295007430927,-5.7206051771598645,84.70901858380918,0.2478444473030212,BALANCING
0.6,3.7883716306312247,-5.736599725132636,85.3682618898412,0.24809354852138973,BALANCING
0.602,3.776884554568452,-5.749819507285791,86.021824148144,0.24840085569356604,BALANCING
0.604,3.7653734949150035,-5.760590988679425,86.67014277334287,0.24875915932775966,BALANCING
0.606,3.7538430596454524,-5.769202172699493,87.3136039430765,0.24916209993217003,BALANCING
0.608,3.7422973147305854,-5.775907132780727,87.95254863515095,0.2496040678644058,BALANCING
0.61,3.7307398479909253,-5.780930010183066,88.58727795336824,0.250080114981054,BALANCING
0.612,3.719173825426748,-5.784468540733318,89.2180578258414,0.2505858766970594,BALANCING
0.614,3.707602040911043,-5.786697166031243,89.84512314973169,0.2511175032283896,BALANCING
0.616,3.696026960027432,-5.787769778080127,90.4686814476334,0.2516715989359725,BALANCING
0.618,3.6844507587429005,-5.787822140533251,91.08891609314553,0.25224516881638465,BALANCING
0.62,3.6728753575239383,-5.786974024658689,91.70598915639074,0.2528355712972283,BALANCING
0.622,3.661302451432955,-5.785331093635463,92.32004391426103,0.2534404765943568,BALANCING
0.624,3.649733536678603,-5.782986564833704,92.93120706489339,0.25405782997562637,BALANCING
0.626,3.638169934037812,-5.780022676237647,93.53959068122431,0.25468581935306794,BALANCING
0.628,3.6266128095181367,-5.776511980088161,94.14529393436622,0.25532284669348726,BALANCING
0.63,3.615063192585566,-5.772518484102537,94.74840461392611,0.25596750279758973,BALANCING
0.632,3.6035219922446453,-5.768098658230608,95.34900046919167,0.25661854505073717,BALANCING
0.634,3.591990011223969,-5.763302322790282,95.9471503922912,0.2572748777952058,BALANCING
0.636,3.580467958490261,-5.758173431958878,96.54291546194655,0.25793553501506916,BALANCING
0.638,3.568956460287994,-5.752750764949874,97.1363498642445,0.258599665061223,BALANCING
0.64,3.5574560698782656,-5.747068535751985,97.72750170491719,0.2592665171761742,BALANCING
0.642,3.5459672761301926,-5.741156931025901,98.31641372591407,0.2599354296065371,BALANCING
0.644,3.5344905111000267,-5.735042584623457,98.90312393754257,0.26060581911616726,BALANCING
0.646,3.5230261567172625,-5.728748996196679,99.48766617612519,0.26127717173490356,BALANCING
0.648,3.511574550682955,-5.722296900484255,100.07007059594929,0.26194903459733326,BALANCING
0.65,3.500135991673071,-5.715704593086865,100.65036410325155,0.2626210087431493,BALANCING
0.652,3.488710743928752,-5.70898821785802,101.22857073906643,0.2632927427658011,BALANCING
0.654,3.4772990413057396,-5.702162020433073,101.80471201696434,0.2639639272094879,BALANCING
0.656,3.4659010908466685,-5.695238571886126,102.3788072209941,0.26463428962632285,BALANCING
0.658,3.454517075932463,-5.688228966034522,102.95087366851884,0.26530359021588334,BALANCING
0.66,3.443147159062416,-5.681142993495882,103.52092694208173,0.2659716179785271,BALANCING
0.662,3.4317914843067117,-5.673989295236802,104.0889810939507,0.26663818732194183,BALANCING
0.664,3.4204501794699778,-5.666775498029603,104.65504882656094,0.2673031350675242,BALANCING
0.666,3.4091233579999214,-5.659508333948813,105.2191416516955,0.26796631780948,BALANCING
0.668,3.3978111206710806,-5.6521937457879,105.7812700309086,0.2686276095850855,BALANCING
0.67,3.3865135570701894,-5.644836980055188,106.34144349940229,0.2692868998194481,BALANCING
0.672,3.3752307469065346,-5.63744266901244,106.89967077530558,0.2699440915124219,BALANCING
0.674,3.3639627611679197,-5.63001490304717,107.45595985607645,0.27059909963914963,BALANCING
0.676,3.3527096631404314,-5.6225572945175815,108.01031810354353,0.2712518497390563,BALANCING
0.678,3.3414715093080547,-5.615073034074903,108.56275231892637,0.27190227667109373,BALANCING
0.68,3.330248350146294,-5.60756494034944,109.11326880901488,0.2725503235156458,BALANCING
0.682,3.3190402308222873,-5.600035503782289,109.6618734445496,0.2731959406058144,BALANCING
0.684,3.3078471918124377,-5.592486925292484,110.20857171172182,0.27383908467284207,BALANCING
0.686,3.29666926944727,-5.5849211503881016,110.75336875760428,0.2744797180922229,BALANCING
0.6880000000000001,3.2855064963920966,-5.577339899258137,111.29626943022726,0.2751178082186384,BALANCING
0.6900000000000001,3.2743589020710524,-5.569744693318714,111.83727831393136,0.27575332679925274,BALANCING
0.6920000000000001,3.2632265130411726,-5.5621368786314065,112.37639976055333,0.27638624945613355,BALANCING
0.6940000000000001,3.252109353322398,-5.55451764656221,112.91363791693578,0.2770165552296551,BALANCING
0.6960000000000001,3.241007444688701,-5.546888052006284,113.44899674919424,0.2776442261756976,BALANCING
0.6980000000000001,3.2299208069249183,-5.539249029465283,113.98248006412321,0.27826924701030414,BALANCING
0.7000000000000001,3.21884945805332,-5.531601407230297,114.51409152807886,0.2788916047962048,BALANCING
0.7020000000000001,3.207793414533496,-5.5239459198936,115.04383468363505,0.279511288666272,BALANCING
0.704,3.196752691438691,-5.51628321938613,115.5717129642756,0.28012828957956026,BALANCING
0.706,3.185727302611369,-5.508613884714397,116.09772970735384,0.2807426001060859,BALANCING
0.708,3.1747172608004544,-5.500938430550059,116.62188816552366,0.28135421423696494,BALANCING
0.71,3.163722577782408,-5.493257314807365,117.14419151682246,0.2819631272169177,BALANCING
0.712,3.1527432644680435,-5.485570945327697,117.66464287356423,0.2825693353965083,BALANCING
0.714,3.1417793309967617,-5.477879685776453,118.18324529018363,0.2831728361017902,BALANCING
0.716,3.130830786819691,-5.470183860845035,118.70000177015422,0.28377362751930973,BALANCING
0.718,3.119897640773038,-5.4624837608398575,119.21491527209005,0.28437170859465655,BALANCING
0.72,3.1089799011427957,-5.45477964573058,119.727988715127,0.28496707894296536,BALANCING
0.722,3.0980775757218435,-5.44707174872129,120.23922498366842,0.28555973876996066,BALANCING
0.724,3.0871906718603177,-5.439360279400835,120.74862693157033,0.28614968880230246,BALANCING
0.726,3.0763191965100583,-5.431645426521911,121.25619738583178,0.28673693022613667,BALANCING
0.728,3.065463156263824,-5.423927360452637,121.76193914984927,0.28732146463288377,BALANCING
0.73,3.0546225573898957,-5.416206235339194,122.26585500628595,0.287903293971413,BALANCING
0.732,3.0437974058626063,-5.40848219101361,122.76794771960152,0.28848242050584916,BALANCING
0.734,3.032987707389282,-5.400755354676673,123.26822003828242,0.2890588467783492,BALANCING
0.736,3.022193467434021,-5.39302584238251,123.76667469680794,0.2896325755762623,BALANCING
0.738,3.0114146912386697,-5.385293760348177,124.26331441738314,0.2902036099031572,BALANCING
0.74,3.000651383841342,-5.377559206108884,124.75814191146618,0.29077195295326136,BALANCING
0.742,2.98990355009276,-5.3698222695370506,125.25115988111423,0.2913376080889093,BALANCING
0.744,2.9791711946706823,-5.362083033741227,125.74237102016937,0.2919005788206469,BALANCING
0.746,2.9684543220926325,-5.3543415758590465,126.23177801530332,0.29246086878967686,BALANCING
0.748,2.9577529367271413,-5.346597967756691,126.71938354693762,0.29301848175237094,BALANCING
0.75,2.9470670428036745,-5.338852276645877,127.20519029005403,0.29357342156660504,BALANCING
0.752,2.9363966444213916,-5.3311045656281,127.6892009149079,0.2941256921797023,BALANCING
0.754,2.9257417455568886,-5.323354894174694,128.17141808765618,0.2946752976177943,BALANCING
0.756,2.9151023500710322,-5.315603318550274,128.65184447090985,0.2952222419764344,BALANCING
0.758,2.9044784617150006,-5.3078498921862245,129.13048272422017,0.2957665294123144,BALANCING
0.76,2.8938700841356177,-5.300094666010146,129.60733550450564,0.29630816413595595,BALANCING
0.762,2.883277220880072,-5.292337688736419,130.08240546642793,0.29684715040525994,BALANCING
0.764,2.872699875400084,-5.284579007122481,130.55569526272154,0.2973834925198149,BALANCING
0.766,2.8621380510555943,-5.276818666194863,131.02720754448347,0.29791719481587364,BALANCING
0.768,2.851591751118026,-5.269056709448544,131.49694496142737,0.2984482616619194,BALANCING
0.77,2.841060978773172,-5.261293179022753,131.9649101621062,0.2989766974547531,BALANCING
0.772,2.8305457371237495,-5.253528115856029,132.43110579410737,0.29950250661603917,BALANCING
0.774,2.8200460291916656,-5.245761559822945,132.89553450422335,0.3000256935892562,BALANCING
0.776,2.8095618579200257,-5.237993549854687,133.35819893860102,0.30054626283700525,BALANCING
0.778,2.7990932261749104,-5.2302241240453675,133.81910174287177,0.30106421883863355,BALANCING
0.78,2.788640136746958,-5.222453319745782,134.2782455622649,0.30157956608813513,BALANCING
0.782,2.77820259235277,-5.214681173646053,134.73563304170668,0.30209230909229806,BALANCING
0.784,2.767780595636153,-5.206907721848511,135.19126682590556,0.3026024523690674,BALANCING
0.786,2.7573741491692387,-5.199132999931929,135.64514955942676,0.303110000446099,BALANCING
0.788,2.7469832554534674,-5.191357043008151,136.09728388675623,0.30361495785948206,BALANCING
0.79,2.736607916920475,-5.183579885772004,136.54767245235578,0.30411732915261014,BALANCING
0.792,2.7262481359328814,-5.17580156254529,136.99631790071047,0.3046171188751829,BALANCING
0.794,2.715903914785,-5.1680221073155455,137.44322287636874,0.3051143315823239,BALANCING
0.796,2.7055752557034696,-5.160241553770192,137.88839002397685,0.3056089718338007,BALANCING
0.798,2.6952621608478253,-5.152459935326633,138.33182198830752,0.3061010441933338,BALANCING
0.8,2.6849646323110132,-5.144677285158753,138.77352141428412,0.30659055322798634,BALANCING
0.802,2.674682672119852,-5.136893636220256,139.21349094700034,0.30707750350762303,BALANCING
0.804,2.664416282235454,-5.129109021265216,139.65173323173653,0.30756189960443103,BALANCING
0.806,2.6541654645536057,-5.121323472866171,140.08825091397242,0.3080437460924956,BALANCING
0.808,2.643930220905117,-5.113537023430043,140.52304663939728,0.3085230475474237,BALANCING
0.81,2.633710553056135,-5.105749705212139,140.95612305391728,0.3089998085460099,BALANCING
0.812,2.6235064627084363,-5.097961550328476,141.38748280366087,0.30947403366593984,BALANCING
0.8140000000000001,2.6133179514996967,-5.090172590766611,141.81712853498186,0.3099457274855268,BALANCING
0.8160000000000001,2.6031450210037357,-5.0823828583951505,142.24506289446114,0.31041489458347765,BALANCING
0.8180000000000001,2.592987672730747,-5.074592384972122,142.6712885289067,0.3108815395386839,BALANCING
0.8200000000000001,2.5828459081275135,-5.066801202152308,143.09580808535222,0.31134566693003607,BALANCING
0.8220000000000001,2.572719728577606,-5.059009341493686,143.51862421105454,0.3118072813362575,BALANCING
0.8240000000000001,2.5626091354015714,-5.05121683446308,143.9397395534903,0.31226638733575685,BALANCING
0.8260000000000001,2.5525141298571103,-5.0434237124411,144.35915676035134,0.31272298950649446,BALANCING
0.8280000000000001,2.542434713139245,-5.03563000672648,144.77687847953942,0.3131770924258648,BALANCING
0.8300000000000001,2.53237088638048,-5.0278357485398635,145.1929073591604,0.3136287006705887,BALANCING
0.8320000000000001,2.522322650650954,-5.020040969027108,145.60724604751744,0.314077818816618,BALANCING
0.834,2.512290006958587,-5.01224569926218,146.0198971931041,0.3145244514390489,BALANCING
0.836,2.502272956249221,-5.0044499702496585,146.43086344459655,0.31496860311204417,BALANCING
0.838,2.4922714994067587,-4.996653812926936,146.84014745084565,0.3154102784087619,BALANCING
0.84,2.4822856372532924,-4.988857258166103,147.24775186086848,0.3158494819012915,BALANCING
0.842,2.472315370549237,-4.981060336775602,147.65367932383964,0.31628621816059527,BALANCING
0.844,2.4623606999934524,-4.973263079501647,148.0579324890824,0.31672049175645495,BALANCING
0.846,2.4524216262233685,-4.965465517029441,148.46051400605916,0.3171523072574229,BALANCING
0.848,2.4424981498151066,-4.9576676799842305,148.86142652436226,0.31758166923077696,BALANCING
0.85,2.432590271283597,-4.949869598932208,149.2606726937043,0.31800858224247924,BALANCING
0.852,2.422697991082698,-4.942071304381267,149.65825516390817,0.31843305085713763,BALANCING
0.854,2.4128213096053095,-4.934272826781653,150.05417658489736,0.3188550796379702,BALANCING
0.856,2.402960227183491,-4.926474196526504,150.44843960668572,0.31927467314677205,BALANCING
0.858,2.3931147440885714,-4.918675443952304,150.84104687936738,0.31969183594388406,BALANCING
0.86,2.383284860531267,-4.9108765993392485,151.2320010531065,0.320106572588164,BALANCING
0.862,2.3734705766617874,-4.903077692911553,151.6213047781269,0.32051888763695896,BALANCING
0.864,2.3636718925699545,-4.895278754837687,152.0089607047018,0.3209287856460792,BALANCING
0.866,2.353888808285307,-4.887479815230563,152.3949714831432,0.3213362711697735,BALANCING
0.868,2.3441213237772165,-4.879680904147673,152.7793397637915,0.3217413487607058,BALANCING
0.87,2.334369438954995,-4.871882051591188,153.16206819700517,0.3221440229699326,BALANCING
0.872,2.3246331536680076,-4.864083287508018,153.54315943314973,0.3225442983468813,BALANCING
0.874,2.3149124677057813,-4.856284641789843,153.92261612258773,0.3229421794393294,BALANCING
0.876,2.3052073807981173,-4.8484861442731155,154.30044091566774,0.3233376707933846,BALANCING
0.878,2.2955178926151993,-4.84068782473904,154.67663646271401,0.32373077695346547,BALANCING
0.88,2.2858440027677056,-4.832889712913531,155.05120541401575,0.3241215024622823,BALANCING
0.882,2.2761857108069203,-4.825091838467155,155.42415041981658,0.324509851860819,BALANCING
0.884,2.266543016224842,-4.817294231015053,155.79547413030386,0.32489582968831543,BALANCING
0.886,2.2569159184542964,-4.809496920116856,156.16517919559817,0.32527944048224927,BALANCING
0.888,2.2473044168690466,-4.801699935276584,156.53326826574266,0.32566068877831983,BALANCING
0.89,2.237708510783906,-4.793903305942538,156.89974399069243,0.32603957911043074,BALANCING
0.892,2.2281281994548463,-4.786107061507184,157.26460902030388,0.3264161160106733,BALANCING
0.894,2.218563482079114,-4.778311231307022,157.62786600432443,0.32679030400931086,BALANCING
0.896,2.209014357795339,-4.770515844622468,157.98951759238156,0.32716214763476237,BALANCING
0.898,2.1994808256836484,-4.762720930677711,158.3495664339726,0.3275316514135869,BALANCING
0.9,2.189962884765779,-4.754926518640579,158.708015178454,0.327898819870468,BALANCING
0.902,2.180460534005188,-4.747132637622393,159.06486647503087,0.32826365752819814,BALANCING
0.904,2.170973772307171,-4.739339316677828,159.4201229727465,0.3286261689076639,BALANCING
0.906,2.161502598518971,-4.731546584804767,159.77378732047183,0.32898635852783054,BALANCING
0.908,2.1520470114298935,-4.723754470944148,160.12586216689508,0.32934423090572723,BALANCING
0.91,2.142607009771422,-4.715963003979826,160.47635016051117,0.3296997905564323,BALANCING
0.912,2.1331825922173286,-4.708172212738414,160.82525394961147,0.33005304199305835,BALANCING
0.914,2.123773757383794,-4.700382125989144,161.17257618227325,0.33040398972673785,BALANCING
0.916,2.114380503829517,-4.692592772443713,161.51831950634931,0.33075263826660867,BALANCING
0.918,2.105002830055834,-4.684804180756137,161.8624865694578,0.33109899211979954,BALANCING
0.92,2.095640734506833,-4.677016379522604,162.2050800189716,0.3314430557914159,BALANCING
0.922,2.0862942155694673,-4.669229397281326,162.54610250200827,0.3317848337845257,BALANCING
0.924,2.076963271573675,-4.6614432625124005,162.88555666541959,0.33212433060014507,BALANCING
0.926,2.067647900792494,-4.6536580036376565,163.22344515578132,0.3324615507372244,BALANCING
0.928,2.0583481014421774,-4.645873649020521,163.55977061938304,0.33279649869263445,BALANCING
0.93,2.0490638716823124,-4.63809022696587,163.89453570221784,0.3331291789611522,BALANCING
0.932,2.0397952096159373,-4.630307765719898,164.22774304997213,0.3334595960354471,BALANCING
0.934,2.0305421132896573,-4.6225262934699725,164.5593953080155,0.33378775440606734,BALANCING
0.936,2.021304580693764,-4.614745838344501,164.88949512139047,0.334113658561426,BALANCING
0.9380000000000001,2.012082609762354,-4.606966428412794,165.2180451348025,0.3344373129877876,BALANCING
0.9400000000000001,2.002876198373444,-4.5991880916849395,165.54504799260988,0.33475872216925395,BALANCING
0.9420000000000001,1.9936853443490932,-4.591410856111664,165.87050633881344,0.3350778905877513,BALANCING
0.9440000000000001,1.9845100454555207,-4.583634749584209,166.1944228170468,0.3353948227230163,BALANCING
0.9460000000000001,1.9753502994032237,-4.5758597999342,166.51680007056603,0.3357095230525826,BALANCING
0.9480000000000001,1.9662061038470977,-4.568086034933525,166.83764074223993,0.3360219960517679,BALANCING
0.9500000000000001,1.9570774563865567,-4.560313482294211,167.1569474745398,0.3363322461936599,BALANCING
0.9520000000000001,1.9479643545656518,-4.5525421696683,167.47472290952962,0.33664027794910345,BALANCING
0.9540000000000001,1.9388667958731913,-4.544772124647735,167.79096968885608,0.3369460957866873,BALANCING
0.9560000000000001,1.929784777742863,-4.537003374764237,168.10569045373867,0.33724970417273065,BALANCING
0.9580000000000001,1.9207182975533528,-4.529235947489195,168.4188878449598,0.3375511075712702,BALANCING
0.96,1.9116673526284658,-4.521469870233548,168.73056450285492,0.337850310444047,BALANCING
0.962,1.9026319402372476,-4.513705170347682,169.0407230673027,0.33814731725049313,BALANCING
0.964,1.8936120575941056,-4.505941875121308,169.34936617771524,0.3384421324477191,BALANCING
0.966,1.8846077018589311,-4.498180011783369,169.65649647302817,0.3387347604905007,BALANCING
0.968,1.8756188701372192,-4.490419607501924,169.96211659169103,0.3390252058312659,BALANCING
0.97,1.866645559480192,-4.482660689384048,170.26622917165744,0.33931347292008224,BALANCING
0.972,1.857687766884921,-4.474903284475734,170.56883685037548,0.3395995662046437,BALANCING
0.974,1.8487454892944482,-4.4671474197617895,170.86994226477782,0.33988349013025837,BALANCING
0.976,1.8398187235979093,-4.4593931221657375,171.16954805127224,0.3401652491398351,BALANCING
0.978,1.830907466630656,-4.451640418549727,171.46765684573197,0.34044484767387134,BALANCING
0.98,1.8220117151743798,-4.443889335714433,171.7642712834859,0.3407222901704402,BALANCING
0.982,1.8131314659572335,-4.4361399003989685,172.05939399930924,0.34099758106517797,BALANCING
0.984,1.8042667156539558,-4.428392139280792,172.3530276274137,0.34127072479127124,BALANCING
0.986,1.7954174608859939,-4.420646078975622,172.6451748014382,0.341541725779445,BALANCING
0.988,1.7865836982216274,-4.412901746037346,172.9358381544392,0.3418105884579494,BALANCING
0.99,1.777765424176092,-4.405159166957942,173.2250203188812,0.342077317252548,BALANCING
0.992,1.7689626352117036,-4.39741836816739,173.51272392662736,0.34234191658650476,BALANCING
0.994,1.7601753277379821,-4.389679376033594,173.79895160892997,0.3426043908805724,BALANCING
0.996,1.7514034981117752,-4.3819422168623,174.08370599642112,0.34286474455297933,BALANCING
0.998,1.7426471426373844,-4.374206916897025,174.36698971910317,0.343122982019418,BALANCING
1.0,1.7339062575666875,-4.366473502318971,174.64880540633965,0.3433791076930323,BALANCING
1.002,1.7251808390992651,-4.358741999246962,174.92915568684555,0.34363312598440576,BALANCING
1.004,1.716470883382524,-4.35101243373736,175.20804318867837,0.34388504130154873,BALANCING
1.006,1.7077763865118232,-4.343284831784003,175.48547053922854,0.3441348580498873,BALANCING
1.008,1.6990973445305986,-4.335559219318136,175.76144036521032,0.34438258063225025,BALANCING
1.01,1.6904337534304883,-4.327835622208335,176.0359552926525,0.3446282134488577,BALANCING
1.012,1.6817856091514582,-4.32011406626045,176.30901794688913,0.3448717608973089,BALANCING
1.014,1.673152907581927,-4.312394577217536,176.5806309525505,0.3451132273725705,BALANCING
1.016,1.6645356445588926,-4.304677180759794,176.85079693355377,0.3453526172669643,BALANCING
1.018,1.6559338158680574,-4.296961902504504,177.11951851309394,0.3455899349701557,BALANCING
1.02,1.6473474172439544,-4.2892487680059705,177.38679831363467,0.34582518486914204,BALANCING
1.022,1.638776444370073,-4.281537802755465,177.6526389568993,0.3460583713482405,BALANCING
1.024,1.6302208928789854,-4.273829032181166,177.91704306386166,0.34628949878907656,BALANCING
1.026,1.6216807583524726,-4.266122481648105,178.180013254737,0.34651857157057253,BALANCING
1.028,1.613156036321651,-4.2584181764581155,178.4415521489732,0.34674559406893557,BALANCING
1.03,1.604646722267099,-4.25071614184978,178.70166236524142,0.34697057065764636,BALANCING
1.032,1.596152811618983,-4.243016402998375,178.96034652142754,0.3471935057074474,BALANCING
1.034,1.5876742997571838,-4.235318985015831,179.21760723462285,0.34741440358633163,BALANCING
1.036,1.579211182011425,-4.227623912950676,179.47344712111533,0.34763326865953115,BALANCING
1.038,1.5707634536613984,-4.219931211787995,179.72786879638068,0.3478501052895054,BALANCING
1.04,1.562331109936891,-4.212240906449383,179.98087487507357,0.3480649178359301,BALANCING
1.042,1.553914146017913,-4.2045530217929015,180.23246797101862,0.34827771065568575,BALANCING
1.044,1.5455125570348232,-4.19686758261304,180.48265069720168,0.34848848810284644,BALANCING
1.046,1.5371263380684586,-4.189184613640668,180.73142566576104,0.3486972545286688,BALANCING
1.048,1.5287554841502593,-4.181504139543003,180.9787954879786,0.3489040142815803,BALANCING
1.05,1.5203999902623977,-4.173826184923571,181.22476277427123,0.3491087717071684,BALANCING
1.052,1.5120598513379042,-4.1661507743221655,181.46933013418194,0.3493115311481698,BALANCING
1.054,1.5037350622607968,-4.1584779322148195,181.7125001763712,0.3495122969444585,BALANCING
1.056,1.4954256178662066,-4.150807683013764,181.9542755086084,0.34971107343303554,BALANCING
1.058,1.487131512940507,-4.143140051067403,182.19465873776295,0.3499078649480175,BALANCING
1.06,1.47885274222144,-4.135475060660274,182.43365246979596,0.35010267582062604,BALANCING
1.062,1.470589300398245,-4.127812736013025,182.67125930975132,0.35029551037917644,BALANCING
1.064,1.462341182111787,-4.120153101282381,182.9074818617475,0.3504863729490672,BALANCING
1.066,1.4541083819546832,-4.11249618056112,183.14232272896862,0.35067526785276876,BALANCING
1.068,1.4458908944714317,-4.104841997878042,183.3757845136562,0.3508621994098132,BALANCING
1.07,1.437688714158539,-4.0971905771979475,183.60786981710058,0.35104717193678325,BALANCING
1.072,1.429501835464649,-4.089541942421615,183.8385812396324,0.35123018974730136,BALANCING
1.074,1.42133025279067,-4.081896117385771,184.0679213806142,0.3514112571520195,BALANCING
1.076,1.4131739604899036,-4.074253125863075,184.295892838432,0.3515903784586082,BALANCING
1.078,1.4050329528681722,-4.0666129915621,184.52249821048684,0.3517675579717461,BALANCING
1.08,1.3969072241839475,-4.058975738127305,184.74774009318656,0.35194279999310935,BALANCING
1.082,1.3887967686484795,-4.051341389139026,184.97162108193726,0.3521161088213612,BALANCING
1.084,1.3807015804259235,-4.043709968113453,185.194143771135,0.3522874887521414,BALANCING
1.086,1.3726216536334688,-4.036081498502616,185.41531075415767,0.3524569440780559,BALANCING
1.088,1.3645569823414678,-4.028456003694373,185.63512462335657,0.3526244790886664,BALANCING
1.09,1.3565075605735635,-4.02083350701239,185.85358797004818,0.35279009807048006,BALANCING
1.092,1.3484733823068178,-4.013214031716135,186.07070338450595,0.3529538053069392,BALANCING
1.094,1.3404544414718413,-4.0055976010008605,186.286473455952,0.35311560507841094,BALANCING
1.096,1.33245073195292,-3.9979842379975965,186.50090077254927,0.3532755016621772,BALANCING
1.098,1.3244622475881447,-3.9903739657731427,186.71398792139289,0.35343349933242424,BALANCING
1.1,1.3164889821695394,-3.9827668073300555,186.92573748850242,0.35358960236023274,BALANCING
1.102,1.3085309294431897,-3.975162785606644,187.1361520588136,0.3537438150135676,BALANCING
1.104,1.3005880831093715,-3.967561923476961,187.34523421617024,0.35389614155726795,BALANCING
1.106,1.2926604368226788,-3.959964243750802,187.55298654331634,0.3540465862530371,BALANCING
1.108,1.2847479841921532,-3.952369769173695,187.7594116218878,0.35419515335943247,BALANCING
1.11,1.2768507187814122,-3.944778522426903,187.96451203240466,0.35434184713185585,BALANCING
1.112,1.2689686341087771,-3.937190526127416,188.16829035426292,0.35448667182254334,BALANCING
1.114,1.2611017236474023,-3.929605802827955,188.37074916572678,0.3546296316805556,BALANCING
1.116,1.2532499808254036,-3.922024375016968,188.5718910439205,0.3547707309517678,BALANCING
1.118,1.2454133990259861,-3.9144462651186314,188.77171856482065,0.35490997387886025,BALANCING
1.12,1.2375919715875745,-3.906871495492852,188.97023430324822,0.3550473647013083,BALANCING
1.122,1.2297856918039396,-3.8993000884352673,189.16744083286065,0.3551829076553728,BALANCING
1.124,1.2219945529243281,-3.8917320661772528,189.36334072614403,0.35531660697409045,BALANCING
1.1260000000000001,1.2142185481535908,-3.8841674508859234,189.5579365544054,0.355448466887264,BALANCING
1.1280000000000001,1.2064576706523107,-3.8766062646641375,189.75123088776482,0.35557849162145294,BALANCING
1.1300000000000001,1.1987119135369328,-3.8690485295505055,189.94322629514775,0.3557066853999638,BALANCING
1.1320000000000001,1.190981269879891,-3.8614942675193964,190.13392534427717,0.35583305244284075,BALANCING
1.1340000000000001,1.1832657327097371,-3.853943500480944,190.323330601666,0.35595759696685575,BALANCING
1.1360000000000001,1.1755652950112705,-3.846396250281057,190.51144463260923,0.3560803231854998,BALANCING
1.1380000000000001,1.1678799497256644,-3.8388525387014276,190.6982700011765,0.3562012353089731,BALANCING
1.1400000000000001,1.1602096897505962,-3.831312387459543,190.88380927020427,0.3563203375441756,BALANCING
1.1420000000000001,1.1525545079403752,-3.823775818208696,191.06806500128826,0.3564376340946981,BALANCING
1.1440000000000001,1.1449143971060702,-3.816242852537995,191.25103975477595,0.3565531291608127,BALANCING
1.1460000000000001,1.1372893500156398,-3.808713511972381,191.43273608975883,0.3566668269394636,BALANCING
1.1480000000000001,1.1296793593940584,-3.801187817972639,191.613156564065,0.356778731624258,BALANCING
1.1500000000000001,1.1220844179234462,-3.793665791935411,191.79230373425167,0.3568888474054569,BALANCING
1.1520000000000001,1.1145045182431967,-3.786147455193214,191.97018015559743,0.35699717846996587,BALANCING
1.154,1.1069396529501054,-3.7786328290144557,192.14678838209514,0.35710372900132614,BALANCING
1.156,1.0993898145984977,-3.7711219346034497,192.32213096644423,0.35720850317970565,BALANCING
1.158,1.091854995700357,-3.7636147931004342,192.49621046004333,0.3573115051818898,BALANCING
1.16,1.0843351887254526,-3.756111425581591,192.66902941298292,0.35741273918127253,BALANCING
1.162,1.0768303861014696,-3.7486118530590633,192.8405903740379,0.3575122093478476,BALANCING
1.164,1.0693405802141338,-3.741116096480978,193.01089589066027,0.3576099198481995,BALANCING
1.166,1.0618657634073423,-3.7336241767314635,193.17994850897185,0.35770587484549476,BALANCING
1.168,1.054405927983291,-3.7261361146306737,193.34775077375681,0.3578000784994729,BALANCING
1.17,1.0469610662026012,-3.7186519309348083,193.51430522845467,0.35789253496643797,BALANCING
1.172,1.0395311702844496,-3.7111716463361364,193.6796144151528,0.3579832483992497,BALANCING
1.174,1.0321162324066946,-3.70369528146302,193.8436808745792,0.3580722229473147,BALANCING
1.176,1.0247162447060036,-3.6962228568799396,194.00650714609557,0.35815946275657795,BALANCING
1.178,1.0173311992779834,-3.688754393087516,194.16809576768978,0.358244971969514,BALANCING
1.18,1.0099610881773047,-3.681289910522542,194.32844927596884,0.35832875472511855,BALANCING
1.182,1.0026059034178316,-3.6738294295580003,194.48757020615193,0.35841081515890016,BALANCING
1.184,0.9952656369727495,-3.666372970503099,194.64546109206304,0.35849115740287113,BALANCING
1.186,0.9879402807746909,-3.6589205536032945,194.802124466124,0.3585697855855394,BALANCING
1.188,0.9806298267158644,-3.6514721990403207,194.9575628593475,0.3586467038319001,BALANCING
1.19,0.9733342666481818,-3.6440279269322198,195.11177880132976,0.3587219162634273,BALANCING
1.192,0.966053592383385,-3.63658775733337,195.26477482024399,0.35879542699806544,BALANCING
1.194,0.9587877956931736,-3.6291517102345163,195.4165534428329,0.35886724015022087,BALANCING
1.196,0.9515368683093322,-3.6217198055628037,195.56711719440207,0.3589373598307541,BALANCING
1.198,0.9443008019238577,-3.614292063181807,195.71646859881284,0.35900579014697087,BALANCING
1.2,0.9370795881890861,-3.6068685028915635,195.8646101784755,0.35907253520261473,BALANCING
1.202,0.9298732187178194,-3.599449144428605,196.01154445434224,0.359137599097858,BALANCING
1.204,0.9226816850834534,-3.592034007465994,196.15727394590047,0.3592009859292944,BALANCING
1.206,0.9155049788201036,-3.5846231116133542,196.30180117116583,0.35926269978993053,BALANCING
1.208,0.9083430914227328,-3.5772164764169094,196.44512864667547,0.35932274476917814,BALANCING
1.21,0.9011960143472776,-3.569814121359516,196.58725888748106,0.35938112495284563,BALANCING
1.212,0.8940637390107747,-3.5624160658607007,196.72819440714224,0.35943784442313037,BALANCING
1.214,0.8869462567914886,-3.5550223292766963,196.86793771771974,0.35949290725861094,BALANCING
1.216,0.8798435590290369,-3.547632930900478,197.00649132976866,0.35954631753423866,BALANCING
1.218,0.8727556370245175,-3.5402478899618037,197.14385775233183,0.3595980793213304,BALANCING
1.22,0.8656824820406351,-3.532867225627249,197.28003949293296,0.3596481966875604,BALANCING
1.222,0.8586240853018272,-3.525490957000249,197.41503905757014,0.35969667369695213,BALANCING
1.224,0.8515804379943902,-3.5181191031211365,197.5488589507092,0.3597435144098712,BALANCING
1.226,0.8445515312666062,-3.5107516829671828,197.68150167527696,0.35978872288301716,BALANCING
1.228,0.8375373562288685,-3.5033887154526364,197.8129697326548,0.35983230316941606,BALANCING
1.23,0.8305379039538078,-3.4960302194287665,197.94326562267202,0.3598742593184126,BALANCING
1.232,0.8235531654764182,-3.488676213683903,198.07239184359918,0.3599145953756627,BALANCING
1.234,0.8165831317941832,-3.481326716943479,198.20035089214178,0.3599533153831257,BALANCING
1.236,0.8096277938672007,-3.473981747870074,198.32714526343372,0.35999042337905707,BALANCING
1.238,0.8026871426183099,-3.466641325063458,198.45277745103067,0.36002592339800066,BALANCING
1.24,0.7957611689332156,-3.4593054670606325,198.57724994690378,0.3600598194707815,BALANCING
1.242,0.7888498636606145,-3.4519741923358778,198.70056524143322,0.36009211562449783,BALANCING
1.244,0.7819532176123207,-3.444647519300795,198.82272582340173,0.3601228158825145,BALANCING
1.246,0.7750712215633901,-3.4373254663043533,198.9437341799882,0.360151924264455,BALANCING
1.248,0.7682038662522469,-3.4300080516329365,199.06359279676155,0.36017944478619435,BALANCING
1.25,0.7613511423808077,-3.4226952935103867,199.18230415767405,0.36020538145985154,BALANCING
1.252,0.7545130406146069,-3.415387210098052,199.29987074505522,0.36022973829378274,BALANCING
1.254,0.7476895515829218,-3.4080838194948346,199.41629503960547,0.3602525192925736,BALANCING
1.256,0.7408806658788971,-3.400785139737238,199.53157952038995,0.36027372845703254,BALANCING
1.258,0.7340863740596701,-3.3934911887994166,199.64572666483215,0.36029336978418325,BALANCING
1.26,0.7273066666464951,-3.38620198459322,199.7587389487077,0.36031144726725745,BALANCING
1.262,0.7205415341248679,-3.3789175449682483,199.87061884613834,0.36032796489568836,BALANCING
1.264,0.7137909669446503,-3.371637887711896,199.98136882958548,0.36034292665510304,BALANCING
1.266,0.7070549555201946,-3.364363030549407,200.0909913698443,0.3603563365273159,BALANCING
1.268,0.7003334902304676,-3.357092991143921,200.19948893603745,0.36036819849032126,BALANCING
1.27,0.6936265614191752,-3.349827787096527,200.30686399560906,0.36037851651828656,BALANCING
1.272,0.6869341593948862,-3.3425674359463122,200.4131190143185,0.360387294581546,BALANCING
1.274,0.6802562744311558,-3.3353119551704187,200.51825645623455,0.3603945366465926,BALANCING
1.276,0.6735928967666504,-3.328061362184089,200.6222787837291,0.36040024667607223,BALANCING
1.278,0.6669440166052703,-3.320815674340725,200.72518845747135,0.36040442862877653,BALANCING
1.28,0.6603096241162744,-3.3135749089319373,200.8269879364217,0.36040708645963615,BALANCING
1.282,0.6536897094344029,-3.306339083187599,200.92767967782586,0.36040822411971385,BALANCING
1.284,0.6470842626600012,-3.299108214275901,201.02726613720878,0.36040784555619815,BALANCING
1.286,0.6404932738591428,-3.2918823193034066,201.12574976836888,0.36040595471239645,BALANCING
1.288,0.6339167330637531,-3.284661415315105,201.22313302337196,0.3604025555277283,BALANCING
1.29,0.6273546302717317,-3.2774455192944663,201.31941835254557,0.360397651937719,BALANCING
1.292,0.6208069554470763,-3.2702346481634996,201.4146082044729,0.36039124787399296,BALANCING
1.294,0.6142736985200049,-3.2630288187828054,201.5087050259871,0.3603833472642673,BALANCING
1.296,0.6077548493870787,-3.2558280479516344,201.60171126216542,0.36037395403234507,BALANCING
1.298,0.601250397911325,-3.248632352407944,201.69362935632347,0.360363072098109,BALANCING
1.3,0.5947603339223593,-3.241441748828454,201.7844617500093,0.3603507053775151,BALANCING
1.302,0.5882846472165083,-3.234256253828705,201.87421088299786,0.3603368577825862,BALANCING
1.304,0.5818233275569317,-3.227075883963119,201.96287919328515,0.3603215332214056,BALANCING
1.306,0.5753763646737445,-3.2199006557250516,202.0504691170825,0.3603047355981107,BALANCING
1.308,0.5689437482641394,-3.212730585546857,202.1369830888111,0.36028646881288684,BALANCING
1.31,0.5625254679925082,-3.205565689799943,202.22242354109594,0.36026673676196097,BALANCING
1.312,0.5561215134905643,-3.198405984794831,202.30679290476064,0.3602455433375954,BALANCING
1.314,0.5497318743574636,-3.1912514867812187,202.3900936088215,0.36022289242808153,BALANCING
1.316,0.5433565401599268,-3.184102211948035,202.4723280804821,0.36019878791773396,BALANCING
1.318,0.5369955004323608,-3.176958176423504,202.55349874512765,0.3601732336868842,BALANCING
1.32,0.5306487446769796,-3.169819396275206,202.63360802631942,0.3601462336118747,BALANCING
1.322,0.5243162623639259,-3.1626858875101367,202.71265834578932,0.36011779156505236,BALANCING
1.324,0.5179980429313922,-3.15555766607477,202.79065212343426,0.3600879114147633,BALANCING
1.326,0.5116940757857416,-3.148434747855119,202.8675917773108,0.3600565970253461,BALANCING
1.328,0.5054043503016289,-3.1413171486767997,202.94347972362968,0.3600238522571262,BALANCING
1.33,0.4991288558221211,-3.1342048843050905,203.01831837675024,0.3599896809664101,BALANCING
1.332,0.4928675816588183,-3.127097970444999,203.0921101491752,0.35995408700547926,BALANCING
1.334,0.48662051709197374,-3.1199964227413215,203.16485745154517,0.3599170742225843,BALANCING
1.336,0.4803876513706147,-3.112900256778708,203.23656269263327,0.35987864646193923,BALANCING
1.338,0.47416897371266226,-3.105809488081727,203.30722827933982,0.3598388075637155,BALANCING
1.34,0.4679644733050519,-3.0987241321149264,203.37685661668704,0.3597975613640365,BALANCING
1.342,0.4617741393038529,-3.091644204282902,203.4454501078136,0.35975491169497176,BALANCING
1.344,0.45559796083438864,-3.0845697199303603,203.5130111539696,0.359710862384531,BALANCING
1.346,0.4494359269913561,-3.0775006943421817,203.57954215451105,0.3596654172566586,BALANCING
1.348,0.4432880268389456,-3.0704371427434882,203.64504550689475,0.3596185801312286,BALANCING
1.35,0.43715424941096004,-3.063379080299709,203.7095236066731,0.359570354824038,BALANCING
1.352,0.43103458371093445,-3.056326522116644,203.77297884748882,0.35952074514680193,BALANCING
1.354,0.4249290187122551,-3.0492794832405337,203.83541362106993,0.35946975490714816,BALANCING
1.356,0.41883754335827844,-3.0422379786581217,203.89683031722433,0.35941738790861116,BALANCING
1.358,0.4127601465624502,-3.035202023296726,203.95723132383498,0.3593636479506269,BALANCING
1.36,0.40669681720842416,-3.028171632024301,204.01661902685453,0.3593085388285276,BALANCING
1.362,0.4006475441501806,-3.021146819649508,204.0749958103005,0.3592520643335358,BALANCING
1.364,0.3946123162121452,-3.014127600921783,204.13236405624988,0.3591942282527597,BALANCING
1.366,0.3885911221893072,-3.007113990531403,204.1887261448344,0.3591350343691871,BALANCING
1.368,0.3825839508473375,-3.0001060031095546,204.2440844542353,0.3590744864616807,BALANCING
1.37,0.37659079092270703,-2.993103653228404,204.2984413606784,0.3590125883049725,BALANCING
1.372,0.3706116311228048,-2.986106955401163,204.35179923842924,0.35894934366965875,BALANCING
1.374,0.36464646012605534,-2.9791159240821607,204.40416045978785,0.35888475632219435,BALANCING
1.3760000000000001,0.3586952665820368,-2.97213057366691,204.4555273950841,0.35881883002488835,BALANCING
1.3780000000000001,0.35275803911159836,-2.9651509184921796,204.5059024126725,0.358751568535898,BALANCING
1.3800000000000001,0.3468347663069776,-2.9581769728360627,204.55528787892763,0.3586829756092244,BALANCING
1.3820000000000001,0.340925436731918,-2.951208750918046,204.60368615823896,0.3586130549947069,BALANCING
1.3840000000000001,0.3350300389217856,-2.944246266899082,204.6510996130062,0.3585418104380183,BALANCING
1.3860000000000001,0.3291485613836868,-2.9372895348816574,204.6975306036344,0.35846924568065974,BALANCING
1.3880000000000001,0.3232809925965844,-2.9303385689098658,204.74298148852904,0.35839536445995573,BALANCING
1.3900000000000001,0.3174273210114147,-2.923393382969477,204.78745462409145,0.3583201705090493,BALANCING
1.3920000000000001,0.3115875350512043,-2.9164539909880087,204.83095236471394,0.3582436675568968,BALANCING
1.3940000000000001,0.305761623111186,-2.909520406834799,204.87347706277492,0.3581658593282633,BALANCING
1.3960000000000001,0.2999495735589156,-2.9025926443210763,204.91503106863436,0.35808674954371755,BALANCING
1.3980000000000001,0.2941513747343878,-2.895670717200034,204.95561673062915,0.35800634191962744,BALANCING
1.4000000000000001,0.28836701495015216,-2.888754639166899,204.99523639506805,0.3579246401681547,BALANCING
1.4020000000000001,0.28259648249142905,-2.8818444238590066,205.03389240622744,0.3578416479972505,BALANCING
1.4040000000000001,0.2768397656162255,-2.874940084855872,205.07158710634644,0.35775736911065065,BALANCING
1.4060000000000001,0.27109685255545046,-2.868041635679266,205.10832283562232,0.35767180720787095,BALANCING
1.408,0.26536773151303045,-2.8611490897932823,205.144101932206,0.35758496598420225,BALANCING
1.41,0.25965239066602486,-2.854262460604416,205.17892673219737,0.35749684913070623,BALANCING
1.412,0.25395081816474085,-2.847381761461635,205.21279956964068,0.35740746033421034,BALANCING
1.414,0.24826300213284866,-2.840507005656454,205.24572277652018,0.3573168032773034,BALANCING
1.416,0.24258893066749612,-2.8336382064230095,205.27769868275544,0.35722488163833127,BALANCING
1.418,0.23692859183942358,-2.8267753769381296,205.30872961619696,0.357131699091392,BALANCING
1.42,0.23128197369307835,-2.819918530321415,205.33881790262157,0.3570372593063313,BALANCING
1.422,0.22564906424672904,-2.813067679635309,205.36796586572817,0.3569415659487386,BALANCING
1.424,0.22002985149257992,-2.8062228378851723,205.39617582713305,0.35684462267994194,BALANCING
1.426,0.21442432339688494,-2.79938401801936,205.42345010636564,0.35674643315700416,BALANCING
1.428,0.2088324679000617,-2.792551232929295,205.44979102086404,0.356647001032718,BALANCING
1.43,0.20325427291680523,-2.7857244954495455,205.4752008859708,0.35654632995560215,BALANCING
1.432,0.19768972633620158,-2.778903818357897,205.49968201492828,0.3564444235698968,BALANCING
1.434,0.19213881602184135,-2.7720892143754323,205.52323671887459,0.3563412855155593,BALANCING
1.436,0.18660152981193312,-2.7652806961666045,205.5458673068391,0.3562369194282601,BALANCING
1.438,0.18107785551941646,-2.758478276339313,205.56757608573827,0.3561313289393781,BALANCING
1.44,0.17556778093207512,-2.751681967444981,205.58836536037126,0.3560245176759972,BALANCING
1.442,0.17007129381264977,-2.744891781978633,205.60823743341575,0.3559164892609012,BALANCING
1.444,0.1645883818989509,-2.7381077323789675,205.62719460542374,0.35580724731257063,BALANCING
1.446,0.1591190329039711,-2.7313298310284395,205.64523917481722,0.35569679544517785,BALANCING
1.448,0.15366323451599792,-2.724558090253332,205.66237343788407,0.35558513726858343,BALANCING
1.45,0.14822097439872572,-2.717792522323836,205.67859968877391,0.35547227638833195,BALANCING
1.452,0.14279224019136796,-2.711033139454129,205.6939202194939,0.3553582164056479,BALANCING
1.454,0.1373770195087692,-2.7042799538024496,205.70833731990447,0.3552429609174322,BALANCING
1.456,0.13197529994151683,-2.6975329774711776,205.72185327771555,0.35512651351625724,BALANCING
1.458,0.1265870690560527,-2.6907922225069094,205.73447037848217,0.3550088777903641,BALANCING
1.46,0.12121231439478457,-2.684057700900539,205.74619090560054,0.3548900573236578,BALANCING
1.462,0.11585102347619768,-2.6773294245873345,205.75701714030387,0.35477005569570386,BALANCING
1.464,0.11050318379496561,-2.670607405447016,205.7669513616585,0.3546488764817244,BALANCING
1.466,0.1051687828220615,-2.6638916553038356,205.7759958465598,0.35452652325259415,BALANCING
1.468,0.09984780800486885,-2.657182185926655,205.78415286972816,0.3544029995748369,BALANCING
1.47,0.09454024676729224,-2.650479009029025,205.79142470370502,0.35427830901062146,BALANCING
1.472,0.08924608650986783,-2.643782136269263,205.797813618849,0.35415245511775834,BALANCING
1.474,0.0839653146098738,-2.637091579250535,205.80332188333185,0.3540254414496956,BALANCING
1.476,0.07869791842144062,-2.6304073495209312,205.80795176313464,0.35389727155551565,BALANCING
1.478,0.073443885275661,-2.62372945857355,205.81170552204378,0.35376794897993125,BALANCING
1.48,0.06820320248069986,-2.617057917846573,205.81458542164717,0.3536374772632819,BALANCING
1.482,0.06297585732190415,-2.610392738723347,205.8165937213304,0.3535058599415305,BALANCING
1.484,0.05776183706191235,-2.603733932532465,205.81773267827288,0.35337310054625976,BALANCING
1.486,0.052561128940763924,-2.597081510547844,205.8180045474439,0.35323920260466846,BALANCING
1.488,0.04737372017600862,-2.590435483988806,205.81741158159912,0.3531041696395681,BALANCING
1.49,0.04219959796281557,-2.5837958640201593,205.8159560312765,0.3529680051693793,BALANCING
1.492,0.037038749474082235,-2.577162661752276,205.8136401447927,0.35283071270812877,BALANCING
1.494,0.03189116186054321,-2.5705358882411766,205.81046616823934,0.3526922957654454,BALANCING
1.496,0.026756822250878814,-2.5639155544886094,205.80643634547917,0.35255275784655693,BALANCING
1.498,0.021635717751823616,-2.557301671442129,205.8015529181425,0.35241210245228705,BALANCING
1.5,0.016527835448274696,-2.5506942499951784,205.79581812562347,0.35227033307905153,BALANCING
1.502,0.011433162403399807,-2.5440933009871736,205.78923420507635,0.3521274532188553,BALANCING
1.504,0.006351685658745347,-2.537498835203579,205.78180339141198,0.3519834663592888,BALANCING
1.506,0.0012833922343441877,-2.5309108633759934,205.77352791729407,0.3518383759835253,BALANCING
1.508,-0.003771730871176673,-2.52432939618223,205.76441001313563,0.35169218557031706,BALANCING
1.51,-0.008813696680488625,-2.5177544442463966,205.75445190709536,0.3515448985939924,BALANCING
1.512,-0.01384251823745411,-2.5111860181389805,205.74365582507414,0.35139651852445275,BALANCING
1.514,-0.018858208607019457,-2.504624128376926,205.7320239907115,0.3512470488271692,BALANCING
1.516,-0.023860780875107887,-2.4980687854237202,205.71955862538195,0.3510964929631795,BALANCING
1.518,-0.028850248148512666,-2.4915199996894737,205.70626194819158,0.3509448543890851,BALANCING
1.52,-0.03382662355479043,-2.4849777815310023,205.6921361759746,0.350792136557048,BALANCING
1.522,-0.038789920242154705,-2.478442141251911,205.67718352328978,0.35063834291478746,BALANCING
1.524,-0.043740151379369506,-2.4719130891026735,205.66140620241706,0.35048347690557763,BALANCING
1.526,-0.04867733015564321,-2.4653906352807184,205.64480642335414,0.3503275419682438,BALANCING
1.528,-0.05360146978052254,-2.458874789930509,205.62738639381297,0.3501705415371603,BALANCING
1.53,-0.05851258348378668,-2.4523655631436267,205.60914831921647,0.35001247904224675,BALANCING
1.532,-0.06341068451534163,-2.4458629649588546,205.590094402695,0.3498533579089657,BALANCING
1.534,-0.06829578614511464,-2.4393670053622603,205.57022684508317,0.34969318155831974,BALANCING
1.536,-0.07316790166294895,-2.4328776942872787,205.5495478449164,0.34953195340684834,BALANCING
1.538,-0.07802704437849849,-2.4263950416147955,205.52805959842763,0.34936967686662546,BALANCING
1.54,-0.08287322762112297,-2.4199190571732294,205.50576429954407,0.3492063553452564,BALANCING
1.542,-0.08770646473978293,-2.4134497507386166,205.48266413988378,0.3490419922458753,BALANCING
1.544,-0.09252676910293514,-2.4069871320346947,205.45876130875249,0.34887659096714224,BALANCING
1.546,-0.09733415409842805,-2.400531210732985,205.4340579931404,0.34871015490324064,BALANCING
1.548,-0.10212863313339741,-2.3940819964528766,205.40855637771887,0.3485426874438744,BALANCING
1.55,-0.10691021963416214,-2.387639498761711,205.38225864483726,0.3483741919742657,BALANCING
1.552,-0.11167892704612029,-2.381203727174865,205.3551669745197,0.3482046718751518,BALANCING
1.554,-0.11643476883364517,-2.374774691155834,205.32728354446198,0.3480341305227828,BALANCING
1.556,-0.12117775847998173,-2.3683524001163185,205.2986105300283,0.347862571288919,BALANCING
1.558,-0.125907909487143,-2.361936863416306,205.26915010424824,0.34768999754082835,BALANCING
1.56,-0.13062523537580673,-2.355528090364156,205.23890443781352,0.3475164126412838,BALANCING
1.562,-0.1353297496852123,-2.349126090216684,205.20787569907506,0.347341819948561,BALANCING
1.564,-0.14002146597305762,-2.342730872179246,205.17606605403972,0.3471662228164358,BALANCING
1.566,-0.14470039781539634,-2.3363424454058244,205.14347766636737,0.34698962459418164,BALANCING
1.568,-0.14936655880653527,-2.32996081899911,205.11011269736787,0.3468120286265673,BALANCING
1.57,-0.15401996255893163,-2.3235860020105883,205.07597330599788,0.3466334382538545,BALANCING
1.572,-0.15866062270309098,-2.3172180034406233,205.0410616488579,0.3464538568117955,BALANCING
1.574,-0.163288552887465,-2.310856832238544,205.00537988018948,0.34627328763163073,BALANCING
1.576,-0.16790376677834937,-2.3045024973027277,204.96893015187197,0.3460917340400864,BALANCING
1.578,-0.17250627805978214,-2.298155007480685,204.93171461341973,0.3459091993593725,BALANCING
1.58,-0.17709610043344187,-2.2918143715691452,204.89373541197918,0.3457256869071801,BALANCING
1.582,-0.18167324761854642,-2.285480598314142,204.85499469232573,0.34554119999667976,BALANCING
1.584,-0.1862377333517513,-2.2791536964110986,204.81549459686116,0.34535574193651847,BALANCING
1.586,-0.19078957138704894,-2.27283367450491,204.77523726561049,0.34516931603081824,BALANCING
1.588,-0.19532877549566732,-2.266520541190033,204.73422483621914,0.3449819255791734,BALANCING
1.59,-0.1998553594659694,-2.260214305010569,204.6924594439503,0.34479357387664894,BALANCING
1.592,-0.2043693371033525,-2.2539149744603497,204.6499432216818,0.3446042642137779,BALANCING
1.594,-0.20887072223014772,-2.247622557983022,204.6066782999035,0.34441399987655946,BALANCING
1.596,-0.21335952868551983,-2.2413370639721344,204.56266680671445,0.3442227841464573,BALANCING
1.598,-0.2178357703253669,-2.235058500771224,204.51791086782,0.3440306203003968,BALANCING
1.6,-0.22229946102222067,-2.2287868766739,204.47241260652928,0.3438375116107638,BALANCING
1.602,-0.22675061466514654,-2.22252219992393,204.4261741437522,0.343643461345402,BALANCING
1.604,-0.2311892451596441,-2.2162644787153267,204.37919759799695,0.3434484727676112,BALANCING
1.606,-0.23561536642754757,-2.210013721192432,204.33148508536706,0.34325254913614567,BALANCING
1.608,-0.24002899240692677,-2.2037699354500058,204.2830387195589,0.34305569370521166,BALANCING
1.61,-0.24443013705198774,-2.19753312953331,204.23386061185894,0.34285790972446617,BALANCING
1.612,-0.24881881433297418,-2.191303311438194,204.1839528711411,0.34265920043901443,BALANCING
1.614,-0.2531950382360683,-2.185080489111183,204.13331760386407,0.34245956908940856,BALANCING
1.616,-0.2575588227632927,-2.1788646704495624,204.08195691406877,0.3422590189116455,BALANCING
1.618,-0.2619101819324116,-2.172655863301465,204.0298729033757,0.3420575531371654,BALANCING
1.62,-0.2662491297768329,-2.1664540754659574,203.97706767098236,0.3418551749928496,BALANCING
1.622,-0.27057568034550983,-2.160259314693125,203.9235433136607,0.3416518877010192,BALANCING
1.624,-0.2748898477028433,-2.1540715886841593,203.86930192575448,0.341447694479433,BALANCING
1.6260000000000001,-0.27919164592858436,-2.1478909050914456,203.81434559917687,0.34124259854128614,BALANCING
1.6280000000000001,-0.2834810891177361,-2.141717271518647,203.75867642340785,0.3410366030952082,BALANCING
1.6300000000000001,-0.287758191380457,-2.1355506955207932,203.7022964854917,0.3408297113452617,BALANCING
1.6320000000000001,-0.2920229668419631,-2.129391184604367,203.6452078700346,0.34062192649094036,BALANCING
1.6340000000000001,-0.29627542964243153,-2.1232387462273876,203.5874126592021,0.3404132517271674,BALANCING
1.6360000000000001,-0.3005155939369032,-2.117093387799501,203.52891293271668,0.34020369024429453,BALANCING
1.6380000000000001,-0.3047434738951866,-2.110955116682065,203.46971076785525,0.33999324522809965,BALANCING
1.6400000000000001,-0.30895908370176084,-2.104823940188238,203.40980823944693,0.3397819198597858,BALANCING
1.6420000000000001,-0.31316243755567974,-2.0986998655830624,203.34920741987042,0.3395697173159794,BALANCING
1.6440000000000001,-0.3173535496704755,-2.0925829000835554,203.2879103790517,0.33935664076872923,BALANCING
1.6460000000000001,-0.3215324342740627,-2.0864730508587916,203.22591918446187,0.3391426933855042,BALANCING
1.6480000000000001,-0.32569910560864257,-2.0803703250299943,203.1632359011144,0.3389278783291927,BALANCING
1.6500000000000001,-0.32985357793060727,-2.074274729670618,203.09986259156315,0.33871219875810066,BALANCING
1.6520000000000001,-0.3339958655104447,-2.0681862718064403,203.0358013158999,0.33849565782595054,BALANCING
1.6540000000000001,-0.3381259826326428,-2.0621049584156452,202.9710541317521,0.3382782586818796,BALANCING
1.6560000000000001,-0.3422439435955951,-2.056030796428911,202.90562309428051,0.3380600044704389,BALANCING
1.6580000000000001,-0.346349762711505,-2.049963792729498,202.83951025617702,0.33784089833159175,BALANCING
1.6600000000000001,-0.35044345430629165,-2.0439039541533357,202.77271766766242,0.33762094340071264,BALANCING
1.6620000000000001,-0.3545250327194949,-2.03785128748911,202.705247376484,0.33740014280858566,BALANCING
1.6640000000000001,-0.35859451230418155,-2.031805799478351,202.6371014279136,0.3371784996814035,BALANCING
1.666,-0.36265190742685033,-2.0257674968155173,202.5682818647452,0.3369560171407663,BALANCING
1.668,-0.3666972324673384,-2.0197363861480873,202.4987907272928,0.3367326983036799,BALANCING
1.67,-0.3707305018187273,-2.0137124740766423,202.42863005338828,0.33650854628255567,BALANCING
1.672,-0.3747517298872492,-2.007695767154959,202.35780187837923,0.3362835641852084,BALANCING
1.674,-0.3787609310921935,-2.001686271890092,202.28630823512685,0.3360577551148555,BALANCING
1.676,-0.3827581198658133,-1.995683994742465,202.2141511540037,0.3358311221701161,BALANCING
1.678,-0.3867433106532325,-1.989688942125954,202.1413326628918,0.33560366844500966,BALANCING
1.68,-0.39071651791235235,-1.9837011204079797,202.06785478718047,0.33537539702895514,BALANCING
1.682,-0.3946777561137591,-1.9777205359095908,201.9937195497641,0.33514631100676967,BALANCING
1.684,-0.3986270397406311,-1.9717471949055532,201.9189289710404,0.33491641345866796,BALANCING
1.686,-0.4025643832886462,-1.965781103624438,201.8434850689081,0.3346857074602609,BALANCING
1.688,-0.40648980126588974,-1.959822268248708,201.76738985876506,0.3344541960825547,BALANCING
1.69,-0.41040330819276233,-1.9538706949148064,201.69064535350623,0.33422188239195016,BALANCING
1.692,-0.41430491860188773,-1.9479263897132422,201.61325356352168,0.3339887694502415,BALANCING
1.694,-0.4181946470380212,-1.941989358688681,201.53521649669463,0.33375486031461543,BALANCING
1.696,-0.422072508057958,-1.9360596078400298,201.45653615839947,0.33352015803765056,BALANCING
1.698,-0.42593851623044165,-1.9301371431205263,201.37721455149983,0.33328466566731607,BALANCING
1.7,-0.4297926861360731,-1.9242219704378254,201.29725367634666,0.3330483862469713,BALANCING
1.702,-0.4336350323672193,-1.9183140956540878,201.2166555307763,0.33281132281536474,BALANCING
1.704,-0.4374655695279223,-1.9124135245860672,201.1354221101087,0.33257347840663337,BALANCING
1.706,-0.441284312233809,-1.906520263005198,201.05355540714535,0.33233485605030144,BALANCING
1.708,-0.44509127511199986,-1.9006343166376827,200.97105741216754,0.3320954587712805,BALANCING
1.71,-0.4488864728010191,-1.8947556911645804,200.88793011293458,0.3318552895898678,BALANCING
1.712,-0.45266991995070444,-1.888884392221894,200.80417549468177,0.33161435152174645,BALANCING
1.714,-0.4564416312221167,-1.8830204254006588,200.71979554011878,0.33137264757798374,BALANCING
1.716,-0.46020162128745024,-1.8771637962470282,200.63479222942775,0.33113018076503153,BALANCING
1.718,-0.4639499048299434,-1.8713145102623636,200.54916754026155,0.33088695408472474,BALANCING
1.72,-0.4676864965437887,-1.8654725729033208,200.462923447742,0.3306429705342813,BALANCING
1.722,-0.47141141113404367,-1.8596379895819388,200.3760619244581,0.33039823310630123,BALANCING
1.724,-0.47512466331654174,-1.8538107656657268,200.2885849404643,0.33015274478876616,BALANCING
1.726,-0.47882626781780324,-1.847990906477752,200.2004944632788,0.32990650856503867,BALANCING
1.728,-0.48251623937494653,-1.8421784172967277,200.1117924578818,0.3296595274138621,BALANCING
1.73,-0.4861945927355995,-1.8363733033571017,200.02248088671394,0.3294118043093597,BALANCING
1.732,-0.4898613426578109,-1.8305755698491426,199.93256170967445,0.32916334222103394,BALANCING
1.734,-0.4935165039099624,-1.8247852219190297,199.84203688411958,0.32891414411376674,BALANCING
1.736,-0.4971600912706802,-1.819002264668938,199.75090836486098,0.3286642129478183,BALANCING
1.738,-0.5007921195287476,-1.8132267031571287,199.65917810416397,0.328413551678827,BALANCING
1.74,-0.5044126034830161,-1.8074585423980352,199.56684805174606,0.32816216325780917,BALANCING
1.742,-0.5080215579423196,-1.8016977873623528,199.47392015477533,0.32791005063115813,BALANCING
1.744,-0.5116189977253853,-1.7959444429771234,199.38039635786865,0.32765721674064446,BALANCING
1.746,-0.5152049376607477,-1.7901985141258276,199.2862786030904,0.32740366452341507,BALANCING
1.748,-0.5187793925866606,-1.7844600056484683,199.19156882995074,0.32714939691199335,BALANCING
1.75,-0.5223423773510113,-1.7787289223416611,199.09626897540414,0.32689441683427867,BALANCING
1.752,-0.5258939068112328,-1.7730052689587208,199.00038097384777,0.3266387272135462,BALANCING
1.754,-0.5294339958342182,-1.7672890502097507,198.90390675712015,0.32638233096844615,BALANCING
1.756,-0.5329626592962339,-1.7615802707617287,198.80684825449947,0.3261252310130042,BALANCING
1.758,-0.5364799120828332,-1.7558789352385964,198.7092073927022,0.3258674302566211,BALANCING
1.76,-0.5399857690887709,-1.7501850482213464,198.61098609588177,0.32560893160407206,BALANCING
1.762,-0.5434802452179174,-1.7444986142481096,198.5121862856268,0.3253497379555069,BALANCING
1.764,-0.5469633553831725,-1.738819637814244,198.41280988096,0.32508985220645004,BALANCING
1.766,-0.5504351145063807,-1.7331481233724215,198.31285879833652,0.3248292772478,BALANCING
1.768,-0.5538955375182453,-1.7274840753327165,198.21233495164262,0.3245680159658293,BALANCING
1.77,-0.5573446393582435,-1.7218274980626924,198.11124025219434,0.32430607124218475,BALANCING
1.772,-0.5607824349745418,-1.7161783958874908,198.00957660873607,0.32404344595388695,BALANCING
1.774,-0.5642089393239106,-1.710536773089919,197.9073459274391,0.3237801429733304,BALANCING
1.776,-0.56762416737164,-1.7049026339105364,197.8045501119005,0.3235161651682834,BALANCING
1.778,-0.5710281340914558,-1.6992759825477441,197.70119106314158,0.3232515154018882,BALANCING
1.78,-0.5744208544654342,-1.6936568231578717,197.59727067960665,0.32298619653266053,BALANCING
1.782,-0.5778023434839189,-1.688045159855264,197.49279085716176,0.32272021141449014,BALANCING
1.784,-0.5811726161454364,-1.68244099671237,197.38775348909337,0.32245356289664073,BALANCING
1.786,-0.5845316874566125,-1.6768443377598305,197.282160466107,0.3221862538237497,BALANCING
1.788,-0.5878795724320892,-1.6712551869865657,197.17601367632616,0.32191828703582853,BALANCING
1.79,-0.591216286094441,-1.6656735483398621,197.06931500529092,0.3216496653682627,BALANCING
1.792,-0.5945418434740912,-1.6600994257254609,196.96206633595682,0.3213803916518121,BALANCING
1.794,-0.5978562596092298,-1.6545328230076453,196.85426954869357,0.3211104687126105,BALANCING
1.796,-0.6011595495457306,-1.6489737440093277,196.74592652128385,0.3208398993721664,BALANCING
1.798,-0.6044517283370675,-1.6434221925121384,196.63703912892217,0.320568686447363,BALANCING
1.8,-0.6077328110442334,-1.6378781722565117,196.52760924421364,0.3202968327504582,BALANCING
1.802,-0.611002812735657,-1.6323416869417744,196.4176387371729,0.3200243410890851,BALANCING
1.804,-0.614261748487121,-1.626812740226234,196.30712947522287,0.31975121426625175,BALANCING
1.806,-0.61750963338168,-1.6212913357272638,196.19608332319368,0.3194774550803419,BALANCING
1.808,-0.6207464825095789,-1.6157774770213928,196.0845021433216,0.319203066325115,BALANCING
1.81,-0.6239723109681711,-1.6102711676443915,195.97238779524778,0.3189280507897069,BALANCING
1.812,-0.6271871338618372,-1.604772411091361,195.85974213601736,0.3186524112586293,BALANCING
1.814,-0.6303909663019038,-1.599281210816819,195.74656702007823,0.31837615051177093,BALANCING
1.816,-0.6335838234065623,-1.593797570234788,195.63286429928007,0.3180992713243974,BALANCING
1.818,-0.6367657203007879,-1.588321492718882,195.51863582287334,0.3178217764671518,BALANCING
1.82,-0.6399366721162594,-1.582852981602394,195.40388343750803,0.31754366870605494,BALANCING
1.822,-0.6430966939912777,-1.5773920401783836,195.28860898723292,0.3172649508025059,BALANCING
1.824,-0.6462458010706863,-1.5719386716997648,195.17281431349446,0.31698562551328213,BALANCING
1.826,-0.6493840085057908,-1.566492879379392,195.05650125513566,0.31670569559054035,BALANCING
1.828,-0.6525113314542789,-1.5610546663901477,194.9396716483953,0.3164251637818167,BALANCING
1.83,-0.6556277850801401,-1.5556240358650308,194.82232732690684,0.31614403283002707,BALANCING
1.832,-0.6587333845535868,-1.5502009908972425,194.70447012169763,0.31586230547346805,BALANCING
1.834,-0.6618281450509742,-1.5447855345402735,194.58610186118767,0.31557998444581714,BALANCING
1.836,-0.6649120817547213,-1.539377669807992,194.46722437118908,0.31529707247613314,BALANCING
1.838,-0.6679852098532314,-1.5339773996747303,194.34783947490487,0.3150135722888571,BALANCING
1.84,-0.6710475445408136,-1.5285847270753723,194.22794899292822,0.31472948660381256,BALANCING
1.842,-0.6740991010176034,-1.5231996549054394,194.1075547432415,0.3144448181362062,BALANCING
1.844,-0.6771398944894846,-1.5178221860211787,193.98665854121546,0.31415956959662855,BALANCING
1.846,-0.6801699401680107,-1.5124523232396498,193.86526219960842,0.31387374369105453,BALANCING
1.848,-0.6831892532703261,-1.5070900693388114,193.74336752856527,0.313587343120844,BALANCING
1.85,-0.6861978490190889,-1.5017354270576082,193.62097633561686,0.31330037058274257,BALANCING
1.852,-0.689195742642392,-1.496388399096058,193.49809042567892,0.3130128287688822,BALANCING
1.854,-0.6921829493736863,-1.4910489881153381,193.37471160105162,0.31272472036678206,BALANCING
1.856,-0.6951594844517023,-1.4857171967378742,193.25084166141835,0.31243604805934877,BALANCING
1.858,-0.698125363120373,-1.4803930275474235,193.12648240384527,0.31214681452487764,BALANCING
1.86,-0.7010806006287568,-1.4750764830891652,193.00163562278044,0.31185702243705316,BALANCING
1.862,-0.70402521223096,-1.469767565869784,192.87630311005307,0.31156667446494984,BALANCING
1.864,-0.7069592131860606,-1.4644662783575602,192.7504866548728,0.3112757732730329,BALANCING
1.866,-0.7098826187580307,-1.4591726229824529,192.62418804382892,0.3109843215211592,BALANCING
1.868,-0.7127954442156608,-1.4538866021361891,192.4974090608898,0.3106923218645779,BALANCING
1.87,-0.7156977048324829,-1.4486082181723496,192.37015148740198,0.3103997769539315,BALANCING
1.872,-0.718589415886694,-1.443337473406455,192.24241710208972,0.3101066894352564,BALANCING
1.874,-0.721470592661081,-1.4380743701160525,192.11420768105418,0.309813061949984,BALANCING
1.8760000000000001,-0.7243412504429443,-1.4328189105408031,191.9855249977728,0.3095188971349415,BALANCING
1.8780000000000001,-0.7272014045240219,-1.4275710968825663,191.8563708230987,0.30922419762235287,BALANCING
1.8800000000000001,-0.7300510702004142,-1.4223309313054884,191.72674692525996,0.3089289660398397,BALANCING
1.8820000000000001,-0.7328902627725085,-1.4170984159360882,191.59665506985903,0.3086332050104221,BALANCING
1.8840000000000001,-0.7357189975449041,-1.4118735528633426,191.46609701987222,0.3083369171525197,BALANCING
1.8860000000000001,-0.738537289826337,-1.4066563441387745,191.335074535649,0.3080401050799526,BALANCING
1.8880000000000001,-0.7413451549296055,-1.4014467917765372,191.20358937491147,0.30774277140194256,BALANCING
1.8900000000000001,-0.7441426081714946,-1.3962448977535016,191.07164329275378,0.3074449187231136,BALANCING
1.8920000000000001,-0.7469296648727027,-1.3910506640093423,190.93923804164154,0.3071465496434932,BALANCING
1.8940000000000001,-0.7497063403577667,-1.3858640924466235,190.80637537141138,0.30684766675851355,BALANCING
1.8960000000000001,-0.7524726499549876,-1.3806851849308848,190.67305702927024,0.30654827265901247,BALANCING
1.8980000000000001,-0.7552286089963574,-1.375513943290728,190.5392847597951,0.3062483699312343,BALANCING
1.9000000000000001,-0.7579742328174841,-1.3703503693179029,190.40506030493228,0.30594796115683104,BALANCING
1.9020000000000001,-0.7607095367575194,-1.3651944647673926,190.27038540399698,0.30564704891286393,BALANCING
1.9040000000000001,-0.7634345361590843,-1.3600462313575006,190.13526179367292,0.30534563577180374,BALANCING
1.9060000000000001,-0.7661492463681961,-1.354905670769935,189.9996912080117,0.30504372430153265,BALANCING
1.9080000000000001,-0.7688536827341955,-1.3497727846498957,189.8636753784326,0.3047413170653449,BALANCING
1.9100000000000001,-0.7715478606096735,-1.3446475746061595,189.72721603372173,0.3044384166219483,BALANCING
1.9120000000000001,-0.7742317953503984,-1.339530042211166,189.59031490003204,0.3041350255254653,BALANCING
1.9140000000000001,-0.7769055023152438,-1.3344201890011032,189.45297370088267,0.303831146325434,BALANCING
1.9160000000000001,-0.7795689968661157,-1.329318016475993,189.31519415715854,0.3035267815668099,BALANCING
1.9180000000000001,-0.7822222943678803,-1.3242235260997781,189.17697798711004,0.30322193378996637,BALANCING
1.92,-0.7848654101882919,-1.3191367193004049,189.0383269063526,0.3029166055306965,BALANCING
1.922,-0.7874983596979217,-1.3140575974699116,188.89924262786639,0.3026107993202142,BALANCING
1.924,-0.7901211582700849,-1.3089861619645113,188.75972686199586,0.3023045176851554,BALANCING
1.926,-0.79273382128077,-1.30392241410468,188.61978131644946,0.30199776314757953,BALANCING
1.928,-0.795336364108567,-1.2988663551752397,188.47940769629932,0.3016905382249707,BALANCING
1.93,-0.7979288021345964,-1.293817986425445,188.33860770398093,0.30138284543023885,BALANCING
1.932,-0.8005111507424382,-1.2887773090690677,188.19738303929276,0.30107468727172154,BALANCING
1.934,-0.8030834253180605,-1.2837443242844817,188.05573539939607,0.300766066253185,BALANCING
1.936,-0.8056456412497498,-1.2787190332147498,187.91366647881458,0.30045698487382544,BALANCING
1.938,-0.8081978139280391,-1.2737014369677064,187.77117796943418,0.30014744562827084,BALANCING
1.94,-0.8107399587456389,-1.2686915366160443,187.62827156050272,0.29983745100658193,BALANCING
1.942,-0.8132720910973658,-1.263689333197399,187.48494893862969,0.29952700349425393,BALANCING
1.944,-0.8157942263800736,-1.2586948277144339,187.34121178778614,0.2992161055722178,BALANCING
1.946,-0.8183063799925826,-1.2537080211349247,187.19706178930417,0.29890475971684155,BALANCING
1.948,-0.8208085673356103,-1.248728914391845,187.05250062187707,0.29859296839993227,BALANCING
1.95,-0.8233008038117017,-1.24375750838345,186.9075299615589,0.2982807340887371,BALANCING
1.952,-0.8257831048251599,-1.2387938039733621,186.7621514817643,0.297968059245945,BALANCING
1.954,-0.8282554857819775,-1.2338378019906562,186.61636685326843,0.2976549463296881,BALANCING
1.956,-0.8307179620897668,-1.2288895032299423,186.4701777442067,0.2973413977935431,BALANCING
1.958,-0.8331705491576911,-1.223948908451452,186.32358582007473,0.29702741608653344,BALANCING
1.96,-0.8356132623963967,-1.219016018381121,186.17659274372804,0.29671300365313025,BALANCING
1.962,-0.8380461172179436,-1.214090833710676,186.02920017538216,0.296398162933254,BALANCING
1.964,-0.8404691290357377,-1.2091733550977164,185.88140977261224,0.2960828963622765,BALANCING
1.966,-0.842882313264462,-1.204263583165802,185.73322319035316,0.2957672063710222,BALANCING
1.968,-0.8452856853200096,-1.199361518504534,185.58464208089933,0.2954510953857696,BALANCING
1.97,-0.8476792606194149,-1.1944671616696407,185.43566809390464,0.2951345658282535,BALANCING
1.972,-0.8500630545807866,-1.1895805131830621,185.28630287638245,0.2948176201156659,BALANCING
1.974,-0.8524370826232396,-1.1847015735330324,185.13654807270535,0.29450026066065865,BALANCING
1.976,-0.8548013601668284,-1.179830343174166,184.98640532460533,0.29418248987134404,BALANCING
1.978,-0.8571559026324792,-1.1749668225275398,184.83587627117356,0.2938643101512973,BALANCING
1.98,-0.8595007254419236,-1.170111011980779,184.6849625488605,0.29354572389955785,BALANCING
1.982,-0.861835844017631,-1.1652629118881381,184.5336657914758,0.29322673351063144,BALANCING
1.984,-0.864161273782743,-1.1604225225705884,184.38198763018838,0.2929073413744915,BALANCING
1.986,-0.866477030161006,-1.1555898443158983,184.2299296935263,0.2925875498765812,BALANCING
1.988,-0.868783128576705,-1.1507648773787191,184.0774936073769,0.29226736139781495,BALANCING
1.99,-0.8710795844545979,-1.1459476219806681,183.9246809949869,0.2919467783145805,BALANCING
1.992,-0.8733664132198493,-1.141138078310412,183.77149347696218,0.2916258029987405,BALANCING
1.994,-0.8756436302979647,-1.1363362465237503,183.6179326712681,0.29130443781763443,BALANCING
1.996,-0.8779112511147242,-1.1315421267436996,183.46400019322942,0.2909826851340803,BALANCING
1.998,-0.8801692910961185,-1.1267557190605757,183.3096976555304,0.29066054730637675,BALANCING
2.0,-0.8824177656682821,-1.1219770235320776,183.15502666821496,0.2903380266883046,BALANCING
2.0020000000000002,-0.8846566902574289,-1.117206040183371,182.99998883868668,0.290015125629129,BALANCING
2.004,-0.8868860802897872,-1.1124427690071712,182.84458577170886,0.28969184647360113,BALANCING
2.0060000000000002,-0.8891059511915347,-1.107687209963826,182.68881906940493,0.28936819156196014,BALANCING
2.008,-0.8913163183887336,-1.1029393629813986,182.53269033125818,0.2890441632299353,BALANCING
2.0100000000000002,-0.8935171973072668,-1.0981992279557524,182.37620115411218,0.2887197638087475,BALANCING
2.012,-0.895708603372773,-1.093466804750631,182.21935313217085,0.2883949956251114,BALANCING
2.0140000000000002,-0.8978905520105831,-1.0887420931977438,182.06214785699862,0.2880698610012377,BALANCING
2.016,-0.9000630586456553,-1.0840250930968471,181.90458691752062,0.2877443622548345,BALANCING
2.0180000000000002,-0.902226138702512,-1.0793158042158277,181.74667190002276,0.28741850169911,BALANCING
2.02,-0.9043798076051763,-1.0746142262907852,181.58840438815213,0.28709228164277356,BALANCING
2.0220000000000002,-0.9065240807771081,-1.0699203590261148,181.4297859629171,0.2867657043900388,BALANCING
2.024,-0.9086589736411407,-1.065234202094589,181.27081820268742,0.28643877224062475,BALANCING
2.0260000000000002,-0.9107845016194177,-1.060555755137442,181.11150268319463,0.2861114874897585,BALANCING
2.028,-0.9129006801333305,-1.0558850177644499,180.95184097753219,0.2857838524281768,BALANCING
2.0300000000000002,-0.915007524603455,-1.0512219895540151,180.7918346561558,0.28545586934212835,BALANCING
2.032,-0.9171050504494886,-1.0465666700532472,180.63148528688365,0.285127540513376,BALANCING
2.0340000000000003,-0.9191932730901887,-1.0419190587780454,180.47079443489656,0.2847988682191985,BALANCING
2.036,-0.9212722079433094,-1.0372791552131806,180.30976366273845,0.284469854732393,BALANCING
2.0380000000000003,-0.92334187042554,-1.0326469588123788,180.14839453031652,0.2841405023212768,BALANCING
2.04,-0.9254022759524423,-1.028022468998401,179.98668859490155,0.2838108132496898,BALANCING
2.0420000000000003,-0.9274534399383895,-1.0234056851631268,179.82464741112827,0.2834807897769966,BALANCING
2.044,-0.929495377796504,-1.0187966066676355,179.6622725309956,0.2831504341580884,BALANCING
2.0460000000000003,-0.9315281049385962,-1.0141952328422885,179.49956550386713,0.2828197486433854,BALANCING
2.048,-0.933551636775103,-1.0096015629868098,179.33652787647125,0.282488735478839,BALANCING
2.05,-0.9355659887150265,-1.005015596370369,179.17316119290166,0.2821573969059339,BALANCING
2.052,-0.9375711761658733,-1.0004373322316622,179.00946699461775,0.2818257351616905,BALANCING
2.054,-0.939567214533593,-0.9958667697789937,178.8454468204448,0.2814937524786669,BALANCING
2.056,-0.9415541192225184,-0.9913039081903579,178.6811022065746,0.2811614510849613,BALANCING
2.058,-0.9435319056353042,-0.9867487466135199,178.51643468656556,0.2808288332042141,BALANCING
2.06,-0.9455005891728673,-0.9822012841660974,178.35144579134342,0.2804959010556102,BALANCING
2.062,-0.9474601852343256,-0.9776615199356415,178.1861370492015,0.2801626568538815,BALANCING
2.064,-0.949410709216939,-0.973129452979718,178.02050998580108,0.27982910280930906,BALANCING
2.066,-0.951352176516049,-0.9686050823259887,177.85456612417195,0.2794952411277253,BALANCING
2.068,-0.953284602525019,-0.9640884069722926,177.6883069847128,0.2791610740105163,BALANCING
2.07,-0.9552080026351749,-0.9595794258867261,177.5217340851916,0.2788266036546245,BALANCING
2.072,-0.9571223922357452,-0.9550781380077246,177.35484894074628,0.27849183225255053,BALANCING
2.074,-0.9590277867138026,-0.9505845422441429,177.18765306388494,0.27815676199235595,BALANCING
2.076,-0.9609242014542041,-0.9460986374753368,177.0201479644865,0.27782139505766545,BALANCING
2.078,-0.9628116518395328,-0.9416204225512427,176.85233514980123,0.2774857336276692,BALANCING
2.08,-0.9646901532500384,-0.9371498962924582,176.68421612445107,0.27714977987712536,BALANCING
2.082,-0.9665597210635792,-0.9326870574903227,176.5157923904303,0.27681353597636255,BALANCING
2.084,-0.9684203706555635,-0.928231904906999,176.34706544710605,0.27647700409128195,BALANCING
2.086,-0.9702721173988912,-0.9237844372755524,176.17803679121872,0.2761401863833601,BALANCING
2.088,-0.9721149766638959,-0.9193446533000313,176.00870791688263,0.27580308500965106,BALANCING
2.09,-0.9739489638182866,-0.9149125516555472,175.83908031558664,0.27546570212278915,BALANCING
2.092,-0.9757740942270902,-0.910488130988356,175.66915547619448,0.2751280398709911,BALANCING
2.094,-0.977590383252594,-0.9060713899159364,175.49893488494556,0.27479010039805873,BALANCING
2.096,-0.9793978462542878,-0.9016623270270708,175.32842002545536,0.27445188584338154,BALANCING
2.098,-0.9811964985888069,-0.8972609408819259,175.15761237871627,0.2741133983419389,BALANCING
2.1,-0.982986355609875,-0.8928672300121308,174.98651342309788,0.27377464002430274,BALANCING
2.102,-0.9847674326682468,-0.8884811929208578,174.81512463434782,0.27343561301664016,BALANCING
2.104,-0.9865397451116518,-0.8841028280829022,174.6434474855923,0.27309631944071594,BALANCING
2.106,-0.9883033082847368,-0.8797321339447616,174.47148344733677,0.27275676141389493,BALANCING
2.108,-0.9900581375290104,-0.8753691089247155,174.29923398746647,0.2724169410491449,BALANCING
2.11,-0.9918042481827856,-0.8710137514129054,174.12670057124723,0.27207686045503865,BALANCING
2.112,-0.9935416555811244,-0.8666660597714128,173.95388466132596,0.2717365217357572,BALANCING
2.114,-0.9952703750557814,-0.8623260323343391,173.78078771773147,0.2713959269910919,BALANCING
2.116,-0.9969904219351482,-0.8579936674078856,173.60741119787505,0.27105507831644743,BALANCING
2.118,-0.9987018115441971,-0.853668963270432,173.43375655655117,0.27071397780284406,BALANCING
2.12,-1.0004045592044262,-0.8493519181726155,173.25982524593826,0.2703726275369203,BALANCING
2.122,-1.0020986802338032,-0.8450425303374093,173.08561871559922,0.27003102960093606,BALANCING
2.124,-1.0037841899467117,-0.8407407979602023,172.91113841248242,0.2696891860727746,BALANCING
2.126,-1.0054611036538939,-0.8364467192088771,172.7363857809221,0.26934709902594584,BALANCING
2.128,-1.0071294366623975,-0.8321602922238902,172.56136226263936,0.26900477052958843,BALANCING
2.13,-1.0087892042755204,-0.827881515118349,172.3860692967428,0.268662202648473,BALANCING
2.132,-1.0104404217927552,-0.8236103859780913,172.21050831972929,0.26831939744300465,BALANCING
2.134,-1.0120831045097365,-0.8193469028617637,172.03468076548464,0.2679763569692253,BALANCING
2.136,-1.0137172677181847,-0.8150910638008994,171.85858806528452,0.2676330832788171,BALANCING
2.138,-1.0153429267058534,-0.8108428667999977,171.68223164779516,0.2672895784191048,BALANCING
2.14,-1.016960096756474,-0.8066023098366019,171.50561293907413,0.26694584443305813,BALANCING
2.142,-1.0185687931497038,-0.8023693908613763,171.32873336257109,0.2666018833592955,BALANCING
2.144,-1.0201690311610698,-0.7981441077981865,171.1515943391288,0.26625769723208587,BALANCING
2.146,-1.0217608260619175,-0.7939264585441745,170.97419728698364,0.2659132880813519,BALANCING
2.148,-1.0233441931193563,-0.78971644096984,170.79654362176657,0.26556865793267287,BALANCING
2.15,-1.0249191475962063,-0.7855140529191155,170.61863475650418,0.26522380880728713,BALANCING
2.152,-1.0264857047509457,-0.7813192922094451,170.44047210161904,0.2648787427220954,BALANCING
2.154,-1.0280438798376579,-0.7771321566318631,170.262057064931,0.2645334616896631,BALANCING
2.156,-1.0295936881059784,-0.7729526439510701,170.0833910516579,0.26418796771822345,BALANCING
2.158,-1.0311351448010422,-0.7687807519055113,169.90447546441635,0.26384226281168044,BALANCING
2.16,-1.0326682651634318,-0.7646164782074538,169.72531170322267,0.2634963489696112,BALANCING
2.162,-1.0341930644291244,-0.760459820543064,169.5459011654938,0.26315022818726963,BALANCING
2.164,-1.0357095578294404,-0.7563107765724854,169.36624524604812,0.2628039024555885,BALANCING
2.166,-1.0372177605909914,-0.752169343929915,169.1863453371065,0.2624573737611827,BALANCING
2.168,-1.0387176879356268,-0.7480355202236803,169.00620282829303,0.2621106440863523,BALANCING
2.17,-1.0402093550803846,-0.7439093030363169,168.8258191066361,0.2617637154090853,BALANCING
2.172,-1.0416927772374382,-0.7397906899246457,168.64519555656915,0.2614165897030603,BALANCING
2.174,-1.0431679696140461,-0.7356796784198488,168.46433355993176,0.26106926893765,BALANCING
2.176,-1.0446349474124992,-0.7315762660275477,168.2832344959706,0.26072175507792344,BALANCING
2.178,-1.0460937258300713,-0.727480450227878,168.10189974134013,0.26037405008464976,BALANCING
2.18,-1.047544320058968,-0.7233922284755678,167.92033067010405,0.26002615591430045,BALANCING
2.182,-1.048986745286275,-0.719311598200014,167.7385286537357,0.25967807451905267,BALANCING
2.184,-1.0504210166939079,-0.7152385568053574,167.55649506111948,0.2593298078467921,BALANCING
2.186,-1.0518471494585628,-0.7111731016705602,167.37423125855162,0.2589813578411163,BALANCING
2.188,-1.0532651587516646,-0.7071152301494824,167.19173860974118,0.2586327264413371,BALANCING
2.19,-1.0546750597393173,-0.7030649395709574,167.00901847581122,0.2582839155824842,BALANCING
2.192,-1.0560768675822552,-0.6990222272388686,166.82607221529958,0.2579349271953077,BALANCING
2.194,-1.0574705974357905,-0.6949870904322248,166.64290118416005,0.2575857632062815,BALANCING
2.196,-1.0588562644497665,-0.6909595264052362,166.45950673576343,0.2572364255376064,BALANCING
2.198,-1.0602338837685066,-0.6869395323873912,166.2758902208984,0.2568869161072127,BALANCING
2.2,-1.0616034705307644,-0.6829271055835318,166.0920529877727,0.2565372368287636,BALANCING
2.202,-1.062965039869676,-0.6789222431739277,165.90799638201412,0.25618738961165827,BALANCING
2.204,-1.0643186069127095,-0.6749249423143536,165.7237217466717,0.255837376361035,BALANCING
2.206,-1.0656641867816175,-0.6709352001361651,165.53923042221658,0.2554871989777739,BALANCING
2.208,-1.0670017945923864,-0.6669530137463721,165.35452374654318,0.2551368593585006,BALANCING
2.21,-1.0683314454551902,-0.6629783802277159,165.16960305497034,0.2547863593955888,BALANCING
2.212,-1.06965315447434,-0.6590112966387434,164.9844696802424,0.25443570097716384,BALANCING
2.214,-1.0709669367482364,-0.6550517600138828,164.79912495253024,0.2540848859871056,BALANCING
2.216,-1.0722728073693222,-0.6510997673635188,164.61357019943233,0.25373391630505154,BALANCING
2.218,-1.073570781424033,-0.6471553156740666,164.42780674597606,0.2533827938064002,BALANCING
2.22,-1.0748608739927499,-0.6432184019080484,164.24183591461866,0.2530315203623141,BALANCING
2.222,-1.0761431001497523,-0.6392890230041667,164.05565902524845,0.2526800978397229,BALANCING
2.224,-1.0774174749631693,-0.6353671758773797,163.86927739518597,0.25232852810132667,BALANCING
2.226,-1.0786840134949331,-0.6314528574189756,163.6826923391851,0.25197681300559926,BALANCING
2.228,-1.0799427308007319,-0.6275460644966475,163.49590516943414,0.2516249544067911,BALANCING
2.23,-1.0811936419299617,-0.6236467939545678,163.3089171955572,0.2512729541549327,BALANCING
2.232,-1.0824367619256805,-0.6197550426134617,163.1217297246151,0.25092081409583805,BALANCING
2.234,-1.0836721058245609,-0.615870807270684,162.93434406110677,0.2505685360711069,BALANCING
2.236,-1.0848996886568434,-0.6119940847002892,162.7467615069703,0.2502161219181296,BALANCING
2.238,-1.08611952544629,-0.6081248716531092,162.55898336158427,0.24986357347008872,BALANCING
2.24,-1.0873316312101384,-0.6042631648568259,162.37101092176871,0.24951089255596345,BALANCING
2.242,-1.0885360209590547,-0.6004089610160446,162.18284548178667,0.24915808100053227,BALANCING
2.244,-1.0897327096970875,-0.596562256812369,161.99448833334512,0.24880514062437645,BALANCING
2.246,-1.0909217124216233,-0.592723048904474,161.80594076559632,0.24845207324388327,BALANCING
2.248,-1.092103044123339,-0.5888913339281798,161.61720406513902,0.24809888067124936,BALANCING
2.25,-1.0932767197861573,-0.5850671084965251,161.42827951601976,0.24774556471448397,BALANCING
2.2520000000000002,-1.0944427543872006,-0.5812503691998407,161.23916839973407,0.24739212717741227,BALANCING
2.254,-1.0956011628967468,-0.577441112605823,161.04987199522765,0.24703856985967867,BALANCING
2.2560000000000002,-1.0967519602781821,-0.5736393352596074,160.86039157889786,0.24668489455675024,BALANCING
2.258,-1.0978951614879582,-0.5698450336838412,160.6707284245947,0.24633110305992004,BALANCING
2.2600000000000002,-1.0990307814755458,-0.5660582043787569,160.48088380362233,0.24597719715631017,BALANCING
2.262,-1.1001588351833902,-0.5622788438222448,160.29085898474028,0.24562317862887556,BALANCING
2.2640000000000002,-1.1012793375468675,-0.5585069484699264,160.10065523416463,0.24526904925640708,BALANCING
2.266,-1.102392303494239,-0.5547425147552272,159.91027381556952,0.24491481081353492,BALANCING
2.2680000000000002,-1.1034977479466077,-0.5509855390894488,159.71971599008825,0.24456046507073212,BALANCING
2.27,-1.1045956858178738,-0.5472360178618428,159.52898301631478,0.24420601379431772,BALANCING
2.2720000000000002,-1.1056861320146905,-0.5434939474396815,159.33807615030494,0.24385145874646055,BALANCING
2.274,-1.1067691014364205,-0.5397593241683324,159.14699664557776,0.2434968016851821,BALANCING
2.2760000000000002,-1.107844608975092,-0.5360321443713288,158.95574575311684,0.24314204436436043,BALANCING
2.278,-1.108912669515355,-0.5323124043504435,158.7643247213718,0.2427871885337333,BALANCING
2.2800000000000002,-1.1099732979344388,-0.52860010038576,158.57273479625934,0.24243223593890173,BALANCING
2.282,-1.111026509102107,-0.5248952287357446,158.38097722116495,0.2420771883213334,BALANCING
2.2840000000000003,-1.1120723178806156,-0.5211977856373193,158.189053236944,0.2417220474183662,BALANCING
2.286,-1.1131107391246702,-0.5175077673059332,157.99696408192332,0.24136681496321144,BALANCING
2.2880000000000003,-1.1141417876813817,-0.5138251699356341,157.80471099190234,0.24101149268495753,BALANCING
2.29,-1.1151654783902254,-0.5101499896991404,157.61229520015485,0.2406560823085735,BALANCING
2.2920000000000003,-1.1161818260829965,-0.5064822227479124,157.41971793742994,0.24030058555491215,BALANCING
2.294,-1.1171908455837694,-0.5028218652122244,157.22698043195373,0.23994500414071404,BALANCING
2.2960000000000003,-1.1181925517088547,-0.4991689132012355,157.03408390943073,0.23958933977861058,BALANCING
2.298,-1.119186959266756,-0.4955233628030618,156.8410295930451,0.2392335941771277,BALANCING
2.3000000000000003,-1.1201740830581304,-0.491885210084847,156.64781870346226,0.23887776904068944,BALANCING
2.302,-1.1211539378757436,-0.488254451092834,156.4544524588302,0.23852186606962125,BALANCING
2.3040000000000003,-1.1221265385044308,-0.4846310818524351,156.26093207478095,0.23816588696015373,BALANCING
2.306,-1.1230918997210533,-0.48101509836830414,156.06725876443204,0.23780983340442607,BALANCING
2.308,-1.1240500362944579,-0.4774064966244067,155.87343373838794,0.23745370709048966,BALANCING
2.31,-1.1250009629854358,-0.47380527258409094,155.67945820474156,0.23709750970231155,BALANCING
2.312,-1.1259446945466811,-0.47021142219015805,155.48533336907553,0.23674124291977816,BALANCING
2.314,-1.1268812457227488,-0.4666249413649338,155.29106043446396,0.23638490841869875,BALANCING
2.316,-1.127810631250016,-0.4630458260103383,155.0966406014737,0.23602850787080892,BALANCING
2.318,-1.1287328658566396,-0.4594740720079565,154.9020750681659,0.2356720429437744,BALANCING
2.32,-1.1296479642625161,-0.4559096752191079,154.7073650300975,0.2353155153011944,BALANCING
2.322,-1.1305559411792412,-0.4523526314849184,154.51251168032263,0.2349589266026056,BALANCING
2.324,-1.1314568113100698,-0.4488029366263891,154.31751620939437,0.23460227850348517,BALANCING
2.326,-1.1323505893498749,-0.4452605864444662,154.122379805366,0.23424557265525503,BALANCING
2.328,-1.1332372899851086,-0.4417255767201119,153.9271036537926,0.23388881070528508,BALANCING
2.33,-1.1341169278937622,-0.4381979032143737,153.7316889377326,0.2335319942968968,BALANCING
2.332,-1.1349895177453249,-0.43467756166845384,153.53613683774932,0.23317512506936733,BALANCING
2.334,-1.135855074200746,-0.43116454780378016,153.34044853191244,0.23281820465793243,BALANCING
2.336,-1.1367136119123948,-0.4276588573220744,153.14462519579962,0.23246123469379065,BALANCING
2.338,-1.137565145524021,-0.424160485905422,152.948668002498,0.232104216804107,BALANCING
2.34,-1.1384096896707154,-0.42066942921634154,152.75257812260577,0.2317471526120163,BALANCING
2.342,-1.139247258978872,-0.41718568289785424,152.55635672423375,0.2313900437366271,BALANCING
2.344,-1.1400778680661467,-0.41370924257355285,152.36000497300694,0.23103289179302533,BALANCING
2.346,-1.1409015315414215,-0.4102401038476711,152.16352403206608,0.23067569839227783,BALANCING
2.348,-1.1417182640047638,-0.4067782623051522,151.9669150620693,0.23031846514143633,BALANCING
2.35,-1.1425280800473883,-0.4033237135117178,151.77017922119362,0.22996119364354095,BALANCING
2.352,-1.1433309942516188,-0.3998764530139372,151.57331766513656,0.22960388549762395,BALANCING
2.354,-1.1441270211908499,-0.3964364763392957,151.37633154711784,0.22924654229871347,BALANCING
2.356,-1.1449161754295094,-0.3930037789962634,151.17922201788087,0.2288891656378373,BALANCING
2.358,-1.1456984715230196,-0.3895783564743637,150.9819902256944,0.22853175710202653,BALANCING
2.36,-1.1464739240177597,-0.3861602042442416,150.78463731635418,0.22817431827431933,BALANCING
2.362,-1.147242547451028,-0.3827493177577318,150.58716443318445,0.22781685073376473,BALANCING
2.364,-1.1480043563510054,-0.37934569244792743,150.38957271703984,0.22745935605542633,BALANCING
2.366,-1.148759365236716,-0.3759493237292478,150.1918633063067,0.22710183581038612,BALANCING
2.368,-1.149507588617992,-0.37256020699750675,149.99403733690494,0.22674429156574819,BALANCING
2.37,-1.1502490409954342,-0.3691783376299802,149.79609594228964,0.2263867248846425,BALANCING
2.372,-1.150983736860378,-0.3658037109854743,149.5980402534527,0.22602913732622873,BALANCING
2.374,-1.1517116906948532,-0.3624363224043928,149.3998713989244,0.22567153044570007,BALANCING
2.376,-1.15243291697155,-0.35907616720880525,149.2015905047753,0.22531390579428692,BALANCING
2.378,-1.1531474301537807,-0.35572324070251427,149.00319869461768,0.22495626491926082,BALANCING
2.38,-1.1538552446954444,-0.35237753817112305,148.80469708960734,0.224598609363938,BALANCING
2.382,-1.1545563750409895,-0.3490390548821022,148.60608680844533,0.22424094066768363,BALANCING
2.384,-1.1552508356253783,-0.34570778608485764,148.40736896737945,0.2238832603659153,BALANCING
2.386,-1.1559386408740515,-0.34238372701079767,148.20854468020616,0.22352556999010703,BALANCING
2.388,-1.1566198052028904,-0.3390668728733999,148.00961505827223,0.2231678710677929,BALANCING
2.39,-1.1572943430181826,-0.3357572188682784,147.81058121047633,0.2228101651225711,BALANCING
2.392,-1.1579622687165865,-0.33245476017325,147.61144424327088,0.22245245367410774,BALANCING
2.394,-1.1586235966850948,-0.3291594919484017,147.41220526066377,0.2220947382381406,BALANCING
2.396,-1.1592783413009995,-0.32587140933615727,147.21286536421997,0.22173702032648315,BALANCING
2.398,-1.1599265169318569,-0.32259050746134327,147.01342565306334,0.22137930144702822,BALANCING
2.4,-1.1605681379354524,-0.3193167814312563,146.81388722387845,0.22102158310375217,BALANCING
2.402,-1.1612032186597652,-0.31605022633572893,146.61425117091213,0.22066386679671834,BALANCING
2.404,-1.1618317734429335,-0.312790837247196,146.41451858597543,0.2203061540220814,BALANCING
2.406,-1.1624538166132203,-0.30953860922076076,146.2146905584452,0.21994844627209098,BALANCING
2.408,-1.1630693624889783,-0.30629353729426145,146.014768175266,0.21959074503509554,BALANCING
2.41,-1.1636784253786154,-0.30305561648833657,145.8147525209517,0.2192330517955465,BALANCING
2.412,-1.1642810195805604,-0.2998248418064914,145.61464467758748,0.21887536803400193,BALANCING
2.414,-1.1648771593832297,-0.2966012082351634,145.41444572483135,0.2185176952271305,BALANCING
2.416,-1.1654668590649913,-0.2933847107437878,145.21415673991615,0.21816003484771557,BALANCING
2.418,-1.166050132894133,-0.2901753442848638,145.0137787976512,0.21780238836465893,BALANCING
2.42,-1.1666269951288273,-0.28697310379401936,144.8133129704242,0.21744475724298484,BALANCING
2.422,-1.1671974600170978,-0.28377798419007716,144.6127603282029,0.21708714294384407,BALANCING
2.424,-1.1677615417967862,-0.28058998037511984,144.4121219385371,0.2167295469245175,BALANCING
2.426,-1.1683192546955183,-0.2774090872345549,144.21139886656022,0.21637197063842045,BALANCING
2.428,-1.1688706129306716,-0.2742352996371797,144.01059217499133,0.21601441553510647,BALANCING
2.43,-1.169415630709341,-0.2710686124352472,143.80970292413684,0.21565688306027134,BALANCING
2.432,-1.1699543222283066,-0.2679090204645303,143.6087321718924,0.21529937465575702,BALANCING
2.434,-1.1704867016740006,-0.2647565185443867,143.4076809737447,0.21494189175955564,BALANCING
2.436,-1.1710127832224742,-0.2616111014778236,143.2065503827733,0.21458443580581343,BALANCING
2.438,-1.1715325810393655,-0.25847276405156266,143.0053414496525,0.21422700822483487,BALANCING
2.44,-1.1720461092798669,-0.255341501036104,142.80405522265318,0.21386961044308656,BALANCING
2.442,-1.1725533820886918,-0.2522173071857911,142.60269274764468,0.21351224388320122,BALANCING
2.444,-1.173054413600044,-0.24910017723887484,142.4012550680966,0.21315490996398168,BALANCING
2.446,-1.1735492179375848,-0.24599010591757772,142.19974322508068,0.21279761010040504,BALANCING
2.448,-1.1740378092144,-0.2428870879281584,141.99815825727276,0.21244034570362647,BALANCING
2.45,-1.1745202015329694,-0.23979111796097508,141.79650120095454,0.21208311818098335,BALANCING
2.452,-1.1749964089851352,-0.23670219069054962,141.59477309001542,0.21172592893599942,BALANCING
2.454,-1.175466445652069,-0.23362030077563195,141.39297495595468,0.21136877936838858,BALANCING
2.456,-1.1759303256042415,-0.23054544285926296,141.19110782788295,0.21101167087405906,BALANCING
2.458,-1.176388062901391,-0.22747761156883886,140.98917273252445,0.2106546048451174,BALANCING
2.46,-1.1768396715924916,-0.22441680151617385,140.7871706942187,0.21029758266987264,BALANCING
2.462,-1.1772851657157226,-0.22136300729756447,140.5851027349225,0.20994060573284024,BALANCING
2.464,-1.1777245592984373,-0.21831622349385243,140.3829698742118,0.20958367541474618,BALANCING
2.466,-1.1781578663571328,-0.21527644467048823,140.18077312928372,0.20922679309253098,BALANCING
2.468,-1.1785851008974177,-0.21224366537759343,139.97851351495834,0.20886996013935394,BALANCING
2.47,-1.179006276913984,-0.2092178801500248,139.77619204368065,0.20851317792459695,BALANCING
2.472,-1.1794214083905736,-0.2061990835074364,139.57380972552252,0.20815644781386883,BALANCING
2.474,-1.179830509299951,-0.203187269954343,139.37136756818475,0.2077997711690093,BALANCING
2.476,-1.1802335936038706,-0.20018243398018248,139.1688665769987,0.20744314934809308,BALANCING
2.478,-1.180630675253048,-0.19718457005937867,138.96630775492855,0.20708658370543392,BALANCING
2.48,-1.18102176818713,-0.19419367265140372,138.76369210257312,0.2067300755915889,BALANCING
2.482,-1.181406886334664,-0.19120973620084064,138.5610206181678,0.20637362635336223,BALANCING
2.484,-1.181786043613069,-0.18823275513744536,138.35829429758647,0.20601723733380975,BALANCING
2.486,-1.1821592539286054,-0.18526272387620954,138.1555141343437,0.20566090987224275,BALANCING
2.488,-1.1825265311763467,-0.18229963681742264,137.95268111959643,0.2053046453042321,BALANCING
2.49,-1.1828878892401482,-0.17934348834673305,137.74979624214615,0.2049484449616126,BALANCING
2.492,-1.1832433419926198,-0.1763942728352112,137.54686048844073,0.20459231017248697,BALANCING
2.494,-1.1835929032950958,-0.1734519846394108,137.34387484257653,0.20423624226122994,BALANCING
2.496,-1.1839365869976062,-0.17051661810143082,137.14084028630026,0.20388024254849238,BALANCING
2.498,-1.1842744069388478,-0.16758816754897704,136.93775779901122,0.20352431235120563,BALANCING
2.5,-1.1846063769461552,-0.16466662729542336,136.73462835776292,0.2031684529825856,BALANCING
2.5020000000000002,-1.1849325108354731,-0.16175199163987383,136.5314529372654,0.20281266575213663,BALANCING
2.504,-1.1852528224113268,-0.15884425486722342,136.3282325098872,0.2024569519656561,BALANCING
2.5060000000000002,-1.1855673254667942,-0.1559434112482195,136.12496804565708,0.20210131292523828,BALANCING
2.508,-1.1858760337834784,-0.15304945503952297,135.92166051226647,0.2017457499292786,BALANCING
2.5100000000000002,-1.1861789611314777,-0.15016238048376943,135.7183108750712,0.20139026427247791,BALANCING
2.512,-1.1864761212693598,-0.14728218180963012,135.5149200970936,0.20103485724584652,BALANCING
2.5140000000000002,-1.186767527944132,-0.14440885323187247,135.31148913902456,0.20067953013670842,BALANCING
2.516,-1.187053194891215,-0.14154238895142113,135.10801895922552,0.20032428422870557,BALANCING
2.5180000000000002,-1.1873331358344146,-0.1386827831554188,134.9045105137305,0.19996912080180193,BALANCING
2.52,-1.1876073644858938,-0.1358300300172861,134.70096475624823,0.19961404113228778,BALANCING
2.5220000000000002,-1.187875894546146,-0.1329841236967826,134.4973826381641,0.1992590464927839,BALANCING
2.524,-1.188138739703968,-0.13014505834006723,134.29376510854235,0.19890413815224584,BALANCING
2.5260000000000002,-1.1883959136364317,-0.12731282807975838,134.09011311412786,0.19854931737596784,BALANCING
2.528,-1.1886474300088583,-0.12448742703499381,133.88642759934854,0.19819458542558754,BALANCING
2.5300000000000002,-1.1888933024747914,-0.12166884931149112,133.6827095063172,0.1978399435590897,BALANCING
2.532,-1.1891335446759688,-0.11885708900160724,133.47895977483358,0.1974853930308107,BALANCING
2.5340000000000003,-1.1893681702422971,-0.11605214018439845,133.27517934238662,0.1971309350914428,BALANCING
2.536,-1.189597192791825,-0.1132539969256806,133.07136914415636,0.19677657098803827,BALANCING
2.5380000000000003,-1.189820625930717,-0.11046265327808812,132.8675301130161,0.19642230196401353,BALANCING
2.54,-1.1900384832532263,-0.10767810328113375,132.66366317953447,0.19606812925915365,BALANCING
2.5420000000000003,-1.1902507783416698,-0.10490034096126827,132.45976927197754,0.19571405410961645,BALANCING
2.544,-1.1904575247664007,-0.1021293603319399,132.25584931631087,0.1953600777479366,BALANCING
2.5460000000000003,-1.1906587360857834,-0.09936515539365287,132.0519042362017,0.1950062014030302,BALANCING
2.548,-1.1908544258461682,-0.09660772013402728,131.8479349530209,0.1946524263001988,BALANCING
2.5500000000000003,-1.1910446075818641,-0.09385704852785798,131.6439423858453,0.19429875366113364,BALANCING
2.552,-1.1912292948151144,-0.09111313453717315,131.4399274514596,0.19394518470392025,BALANCING
2.5540000000000003,-1.191408501056071,-0.08837597211129379,131.23589106435853,0.19359172064304214,BALANCING
2.556,-1.191582239802769,-0.08564555518689175,131.0318341367491,0.19323836268938566,BALANCING
2.5580000000000003,-1.1917505245411006,-0.08292187768804896,130.82775757855256,0.19288511205024395,BALANCING
2.56,-1.1919133687447914,-0.08020493352631587,130.62366229740664,0.19253196992932137,BALANCING
2.562,-1.192070785875375,-0.07749471660077016,130.41954919866757,0.19217893752673748,BALANCING
2.564,-1.192222789382167,-0.07479122079807406,130.2154191854124,0.19182601603903182,BALANCING
2.566,-1.1923693927022423,-0.07209443999253372,130.0112731584409,0.19147320665916787,BALANCING
2.568,-1.192510609260408,-0.06940436804615695,129.80711201627796,0.19112051057653742,BALANCING
2.57,-1.1926464524691813,-0.06672099880871153,129.6029366551755,0.1907679289769648,BALANCING
2.572,-1.192776935728763,-0.0640443261177824,129.39874796911485,0.19041546304271137,BALANCING
2.574,-1.192902072427014,-0.06137434379883056,129.1945468498087,0.19006311395247957,BALANCING
2.576,-1.1930218759394324,-0.058711045665249796,128.99033418670334,0.18971088288141758,BALANCING
2.578,-1.1931363596291271,-0.056054425518425224,128.78611086698095,0.1893587710011233,BALANCING
2.58,-1.1932455368467954,-0.05340447714779034,128.58187777556157,0.1890067794796488,BALANCING
2.582,-1.1933494209306983,-0.05076119433088466,128.37763579510533,0.18865490948150482,BALANCING
2.584,-1.1934480252066382,-0.04812457083341131,128.17338580601475,0.1883031621676647,BALANCING
2.586,-1.1935413629879335,-0.04549460040929376,127.96912868643676,0.18795153869556896,BALANCING
2.588,-1.193629447575396,-0.04287127680073301,127.76486531226494,0.1876000402191298,BALANCING
2.59,-1.1937122922573076,-0.0402545937382651,127.56059655714176,0.18724866788873507,BALANCING
2.592,-1.1937899103093967,-0.037644544940818,127.35632329246069,0.18689742285125285,BALANCING
2.594,-1.1938623149948153,-0.03504112411576817,127.15204638736844,0.18654630625003568,BALANCING
2.596,-1.1939295195641157,-0.032444324958997135,126.94776670876716,0.186195319224925,BALANCING
2.598,-1.193991537255228,-0.02985414115494858,126.7434851213166,0.18584446291225545,BALANCING
2.6,-1.194048381293437,-0.02727056637668515,126.53920248743638,0.18549373844485928,BALANCING
2.602,-1.1941000648913587,-0.024693594285944254,126.33491966730816,0.18514314695207057,BALANCING
2.604,-1.1941466012489197,-0.02212321853319481,126.13063751887786,0.18479268955972972,BALANCING
2.606,-1.194188003553333,-0.019559432757693323,125.92635689785787,0.18444236739018785,BALANCING
2.608,-1.1942242849790756,-0.01700223058754039,125.72207865772928,0.18409218156231094,BALANCING
2.61,-1.194255458687868,-0.014451605639736,125.51780364974411,0.18374213319148444,BALANCING
2.612,-1.1942815378286498,-0.011907551520236403,125.31353272292752,0.18339222338961758,BALANCING
2.614,-1.1943025355375594,-0.009370061824009464,125.10926672408003,0.1830424532651477,BALANCING
2.616,-1.194318464937911,-0.006839130135090505,124.90500649777984,0.1826928239230446,BALANCING
2.618,-1.194329339140174,-0.004314750026637833,124.7007528863849,0.18234333646481504,BALANCING
2.62,-1.194335171241949,-0.0017969150609887174,124.49650673003536,0.18199399198850702,BALANCING
2.622,-1.1943359743279494,0.0007143812102856518,124.29226886665566,0.18164479158871427,BALANCING
2.624,-1.1943317614699775,0.0032191452463244275,124.08804013195682,0.1812957363565805,BALANCING
2.626,-1.1943225457269038,0.005717383516922116,123.8838213594387,0.18094682737980403,BALANCING
2.628,-1.1943083401446462,0.008209102502473099,123.67961338039227,0.1805980657426418,BALANCING
2.63,-1.194289157756148,0.010694308693916802,123.47541702390185,0.1802494525259142,BALANCING
2.632,-1.1942650115813582,0.013173008592682767,123.2712331168474,0.17990098880700922,BALANCING
2.634,-1.194235914627209,0.015645208710635756,123.06706248390668,0.17955267565988695,BALANCING
2.636,-1.1942018798875962,0.018110915570020668,122.86290594755769,0.17920451415508387,BALANCING
2.638,-1.1941629203433581,0.02057013570340838,122.65876432808082,0.17885650535971745,BALANCING
2.64,-1.1941190489622544,0.02302287565364088,122.45463844356117,0.17850865033749036,BALANCING
2.642,-1.1940702786989466,0.02546914197377713,122.25052910989076,0.17816095014869518,BALANCING
2.644,-1.1940166224949766,0.027908941227038027,122.04643714077093,0.17781340585021843,BALANCING
2.646,-1.193958093278748,0.03034227998675296,121.84236334771457,0.17746601849554536,BALANCING
2.648,-1.1938947039655041,0.03276916483630495,121.63830854004833,0.1771187891347641,BALANCING
2.65,-1.1938264674573091,0.03518960236907697,121.43427352491504,0.17677171881457027,BALANCING
2.652,-1.1937533966430278,0.03760359918839778,121.23025910727594,0.17642480857827134,BALANCING
2.654,-1.1936755043983056,0.0400111619074884,121.026266089913,0.17607805946579108,BALANCING
2.656,-1.193592803585549,0.042412297149407946,120.82229527343115,0.17573147251367402,BALANCING
2.658,-1.193505307053906,0.04480701154699987,120.6183474562607,0.17538504875508976,BALANCING
2.66,-1.193413027639246,0.04719531174283918,120.41442343465955,0.17503878921983757,BALANCING
2.662,-1.1933159781641418,0.04957720438917811,120.2105240027156,0.17469269493435088,BALANCING
2.664,-1.1932141714378481,0.051952696147892836,120.00664995234891,0.17434676692170142,BALANCING
2.666,-1.193107620256285,0.05432179369043087,119.80280207331418,0.1740010062016041,BALANCING
2.668,-1.1929963374020165,0.056684503697757065,119.59898115320297,0.17365541379042104,BALANCING
2.67,-1.1928803356442328,0.05904083286030137,119.39518797744607,0.17330999070116634,BALANCING
2.672,-1.1927596277387313,0.06139078787790495,119.19142332931578,0.1729647379435104,BALANCING
2.674,-1.1926342264278975,0.06373437545976801,118.98768798992828,0.17261965652378436,BALANCING
2.676,-1.1925041444406865,0.06607160232439666,118.78398273824595,0.17227474744498464,BALANCING
2.678,-1.192369394492605,0.06840247519955062,118.58030835107972,0.17193001170677738,BALANCING
2.68,-1.1922299892856916,0.07072700082219019,118.37666560309135,0.1715854503055029,BALANCING
2.682,-1.1920859415084992,0.07304518593842378,118.17305526679584,0.1712410642341801,BALANCING
2.684,-1.1919372638360777,0.07535703730345616,117.96947811256372,0.17089685448251102,BALANCING
2.686,-1.1917839689299536,0.07766256168153524,117.76593490862344,0.1705528220368853,BALANCING
2.688,-1.1916260694381142,0.07996176584590095,117.56242642106368,0.17020896788038467,BALANCING
2.69,-1.1914635779949883,0.08225465657873195,117.35895341383574,0.16986529299278735,BALANCING
2.692,-1.1912965072214285,0.08454124067109473,117.15551664875585,0.16952179835057268,BALANCING
2.694,-1.191124869724695,0.08682152492289097,116.95211688550759,0.16917848492692533,BALANCING
2.696,-1.1909486780984353,0.08909551614280628,116.74875488164419,0.16883535369174013,BALANCING
2.698,-1.1907679449226696,0.09136322114825832,116.54543139259091,0.16849240561162623,BALANCING
2.7,-1.1905826827637704,0.09362464676534507,116.34214717164744,0.16814964164991195,BALANCING
2.702,-1.190392904174448,0.09587979982879344,116.13890296999021,0.1678070627666488,BALANCING
2.704,-1.1901986216937317,0.09812868718190808,115.9356995366748,0.16746466991861653,BALANCING
2.706,-1.1899998478469531,0.10037131567651976,115.73253761863832,0.16712246405932704,BALANCING
2.708,-1.1897965951457286,0.1026076921729343,115.52941796070178,0.16678044613902943,BALANCING
2.71,-1.1895888760879434,0.10483782353988147,115.32634130557243,0.16643861710471405,BALANCING
2.712,-1.189376703157734,0.107061716654464,115.12330839384619,0.16609697790011724,BALANCING
2.714,-1.189160088825472,0.10927937840210691,114.92031996401003,0.16575552946572586,BALANCING
2.716,-1.1889390455477473,0.11149081567650623,114.71737675244438,0.16541427273878165,BALANCING
2.718,-1.1887135857673519,0.1136960353795786,114.5144794934254,0.1650732086532857,BALANCING
2.72,-1.1884837219132618,0.1158950444214109,114.31162891912754,0.1647323381400033,BALANCING
2.722,-1.188249466400624,0.11808784972020907,114.10882575962583,0.16439166212646797,BALANCING
2.724,-1.1880108316307372,0.12027445820224857,113.90607074289828,0.1640511815369863,BALANCING
2.726,-1.1877678299910375,0.12245487680182338,113.70336459482834,0.16371089729264246,BALANCING
2.728,-1.1875204738550815,0.12462911246119598,113.50070803920727,0.16337081031130254,BALANCING
2.73,-1.187268775582531,0.1267971721305472,113.29810179773649,0.16303092150761914,BALANCING
2.732,-1.1870127475191372,0.12895906276792657,113.09554659003008,0.16269123179303593,BALANCING
2.734,-1.1867524019967244,0.1311147913392019,112.89304313361716,0.16235174207579217,BALANCING
2.736,-1.186487751333175,0.13326436481800977,112.69059214394427,0.16201245326092722,BALANCING
2.738,-1.1862188078324138,0.13540779018570545,112.48819433437782,0.161673366250285,BALANCING
2.74,-1.185945583784393,0.13754507443131397,112.28585041620649,0.16133448194251854,BALANCING
2.742,-1.1856680914650761,0.13967622455148002,112.08356109864366,0.16099580123309462,BALANCING
2.744,-1.1853863431364235,0.14180124755041842,111.88132708882982,0.16065732501429814,BALANCING
2.746,-1.1851003510463773,0.14392015043986556,111.67914909183503,0.16031905417523676,BALANCING
2.748,-1.1848101274288454,0.14603294023902946,111.4770278106613,0.1599809896018454,BALANCING
2.75,-1.184515684503688,0.14813962397454078,111.27496394624504,0.15964313217689072,BALANCING
2.7520000000000002,-1.1842170344767016,0.15024020868040383,111.0729581974595,0.15930548277997572,BALANCING
2.754,-1.1839141895396055,0.15233470139794789,110.87101126111718,0.15896804228754427,BALANCING
2.7560000000000002,-1.1836071618700263,0.15442310917577787,110.6691238319723,0.15863081157288567,BALANCING
2.758,-1.183295963631483,0.15650543906972572,110.46729660272324,0.15829379150613898,BALANCING
2.7600000000000002,-1.1829806069733744,0.15858169814280249,110.26553026401493,0.15795698295429797,BALANCING
2.762,-1.1826611040309625,0.16065189346514874,110.06382550444133,0.1576203867812153,BALANCING
2.7640000000000002,-1.1823374669253603,0.16271603211398653,109.86218301054788,0.15728400384760713,BALANCING
2.766,-1.1820097077635163,0.16477412117357118,109.66060346683396,0.15694783501105777,BALANCING
2.7680000000000002,-1.181677838638201,0.1668261677351431,109.45908755575529,0.1566118811260243,BALANCING
2.77,-1.181341871627993,0.168872178896879,109.25763595772644,0.15627614304384077,BALANCING
2.7720000000000002,-1.181001818797266,0.17091216176384483,109.0562493511232,0.15594062161272312,BALANCING
2.774,-1.180657692196173,0.17294612344794688,108.85492841228518,0.1556053176777735,BALANCING
2.7760000000000002,-1.1803095038606342,0.17497407106788454,108.65367381551809,0.15527023208098492,BALANCING
2.778,-1.1799572658123239,0.17699601174910223,108.45248623309638,0.15493536566124586,BALANCING
2.7800000000000002,-1.1796009900586557,0.17901195262374173,108.25136633526552,0.15460071925434457,BALANCING
2.782,-1.17924068859277,0.18102190083059477,108.05031479024466,0.1542662936929739,BALANCING
2.7840000000000003,-1.1788763733935204,0.18302586351505565,107.84933226422892,0.1539320898067358,BALANCING
2.786,-1.1785080564254606,0.18502384782907325,107.64841942139196,0.1535981084221458,BALANCING
2.7880000000000003,-1.1781357496388318,0.1870158609311044,107.44757692388846,0.15326435036263744,BALANCING
2.79,-1.177759464969549,0.18900190998606642,107.24680543185652,0.15293081644856718,BALANCING
2.7920000000000003,-1.1773792143391888,0.1909820021652901,107.04610560342017,0.15259750749721865,BALANCING
2.794,-1.1769950096549762,0.192956144646473,106.84547809469188,0.15226442432280737,BALANCING
2.7960000000000003,-1.176606862809772,0.19492434461363167,106.64492355977504,0.15193156773648522,BALANCING
2.798,-1.17621478568206,0.1968866092570559,106.4444426507663,0.15159893854634507,BALANCING
2.8000000000000003,-1.1758187901359352,0.1988429457732612,106.2440360177583,0.15126653755742528,BALANCING
2.802,-1.1754188880210907,0.2007933613649428,106.04370430884195,0.1509343655717144,BALANCING
2.8040000000000003,-1.1750150911728057,0.20273786324092855,105.84344817010899,0.15060242338815552,BALANCING
2.806,-1.1746074114119331,0.204676458616133,105.64326824565448,0.15027071180265092,BALANCING
2.8080000000000003,-1.1741958605448877,0.20660915471151117,105.44316517757932,0.14993923160806683,BALANCING
2.81,-1.173780450363634,0.20853595875401187,105.24313960599265,0.1496079835942377,BALANCING
2.8120000000000003,-1.173361192645674,0.21045687797653162,105.04319216901446,0.1492769685479709,BALANCING
2.814,-1.1729380991540355,0.21237191961786897,104.84332350277799,0.14894618725305137,BALANCING
2.816,-1.172511181637261,0.21428109092267839,104.64353424143229,0.14861564049024606,BALANCING
2.818,-1.172080451829395,0.21618439914142415,104.44382501714472,0.14828532903730854,BALANCING
2.82,-1.171645921449973,0.21808185153033546,104.24419646010337,0.14795525366898363,BALANCING
2.822,-1.1712076022040099,0.21997345535135954,104.04464919851965,0.14762541515701186,BALANCING
2.824,-1.1707655057819886,0.2218592178721171,103.8451838586308,0.1472958142701341,BALANCING
2.826,-1.1703196438598489,0.2237391463658566,103.64580106470234,0.14696645177409626,BALANCING
2.828,-1.169870028098976,0.22561324811140854,103.44650143903058,0.14663732843165356,BALANCING
2.83,-1.1694166701461892,0.22748153039314076,103.24728560194521,0.14630844500257542,BALANCING
2.832,-1.168959581633732,0.22934400050091294,103.04815417181169,0.14597980224364984,BALANCING
2.834,-1.1684987741792594,0.23120066573003162,102.84910776503388,0.14565140090868808,BALANCING
2.836,-1.1680342593858288,0.23305153338120493,102.65014699605649,0.14532324174852923,BALANCING
2.838,-1.1675660488418882,0.23489661076049825,102.45127247736764,0.14499532551104452,BALANCING
2.84,-1.1670941541212656,0.2367359051792893,102.25248481950129,0.1446676529411424,BALANCING
2.842,-1.1666185867831587,0.23856942395422315,102.05378463103986,0.14434022478077277,BALANCING
2.844,-1.1661393583721242,0.24039717440716746,101.85517251861674,0.14401304176893148,BALANCING
2.846,-1.165656480418068,0.24221916386516915,101.65664908691873,0.1436861046416653,BALANCING
2.848,-1.1651699644362339,0.24403539966040838,101.45821493868868,0.1433594141320761,BALANCING
2.85,-1.164679821927194,0.24584588913015537,101.25987067472794,0.14303297097032563,BALANCING
2.852,-1.1641860643768387,0.2476506396167258,101.06161689389887,0.14270677588364,BALANCING
2.854,-1.163688703256366,0.24944965846743702,100.86345419312745,0.1423808295963145,BALANCING
2.856,-1.163187750022273,0.2512429530345632,100.66538316740575,0.1420551328297178,BALANCING
2.858,-1.1626832161163434,0.2530305306752923,100.4674044097945,0.14172968630229676,BALANCING
2.86,-1.1621751129656406,0.25481239875168205,100.2695185114256,0.14140449072958114,BALANCING
2.862,-1.1616634519824962,0.2565885646306156,100.07172606150466,0.14107954682418786,BALANCING
2.864,-1.161148244564501,0.25835903568375884,99.87402764731354,0.14075485529582582,BALANCING
2.866,-1.1606295020944952,0.260123819287516,99.67642385421287,0.14043041685130037,BALANCING
2.868,-1.1601072359405598,0.2618829228229867,99.47891526564466,0.14010623219451795,BALANCING
2.87,-1.1595814574560062,0.2636363536759224,99.28150246313474,0.1397823020264907,BALANCING
2.872,-1.1590521779793672,0.26538411923668315,99.08418602629536,0.1394586270453409,BALANCING
2.874,-1.1585194088343882,0.26712622690019444,98.88696653282774,0.1391352079463057,BALANCING
2.876,-1.1579831613300182,0.26886268406590413,98.68984455852464,0.1388120454217417,BALANCING
2.878,-1.1574434467604,0.27059349813773953,98.49282067727279,0.13848914016112934,BALANCING
2.88,-1.156900276404862,0.2723186765240642,98.29589546105558,0.13816649285107782,BALANCING
2.882,-1.1563536615279095,0.27403822663763566,98.09906947995555,0.1378441041753293,BALANCING
2.884,-1.1558036133792156,0.27575215589556257,97.9023433021569,0.13752197481476386,BALANCING
2.886,-1.1552501431936117,0.2774604717192616,97.70571749394813,0.13720010544740374,BALANCING
2.888,-1.1546932621910813,0.2791631815344156,97.50919261972452,0.13687849674841818,BALANCING
2.89,-1.1541329815767485,0.28086029277093094,97.31276924199072,0.1365571493901278,BALANCING
2.892,-1.1535693125408726,0.28255181286289505,97.11644792136329,0.13623606404200947,BALANCING
2.894,-1.1530022662588368,0.2842377492485341,96.92022921657328,0.13591524137070057,BALANCING
2.896,-1.1524318538911429,0.28591810937017126,96.72411368446876,0.13559468204000372,BALANCING
2.898,-1.151858086583401,0.28759290067418425,96.52810188001743,0.13527438671089143,BALANCING
2.9,-1.151280975466322,0.289262130610964,96.33219435630912,0.13495435604151057,BALANCING
2.902,-1.1507005316557102,0.290925806634872,96.13639166455836,0.13463459068718697,BALANCING
2.904,-1.150116766252455,0.29258393620419904,95.94069435410702,0.13431509130043015,BALANCING
2.906,-1.1495296903425227,0.29423652678112333,95.74510297242675,0.13399585853093765,BALANCING
2.908,-1.1489393149969496,0.2958835858316691,95.54961806512166,0.1336768930255998,BALANCING
2.91,-1.1483456512718335,0.29752512082566507,95.35424017593084,0.13335819542850422,BALANCING
2.912,-1.147748710208327,0.299161139236703,95.15896984673093,0.13303976638094048,BALANCING
2.914,-1.1471485028326291,0.3007916485420965,94.96380761753865,0.1327216065214046,BALANCING
2.916,-1.1465450401559785,0.3024166562228396,94.76875402651346,0.13240371648560378,BALANCING
2.918,-1.145938333174646,0.30403616976356573,94.57380960996005,0.13208609690646067,BALANCING
2.92,-1.1453283928699272,0.30565019665250687,94.37897490233098,0.13176874841411823,BALANCING
2.922,-1.1447152302081358,0.30725874438145256,94.18425043622916,0.13145167163594432,BALANCING
2.924,-1.1440988561405958,0.308861820445709,93.98963674241055,0.13113486719653614,BALANCING
2.926,-1.143479281603635,0.3104594323440582,93.7951343497866,0.1308183357177248,BALANCING
2.928,-1.142856517518578,0.31205158757871754,93.60074378542697,0.13050207781858003,BALANCING
2.93,-1.14223057479174,0.31363829365529927,93.40646557456195,0.1301860941154147,BALANCING
2.932,-1.1416014643144181,0.3152195580827697,93.21230024058521,0.1298703852217894,BALANCING
2.934,-1.140969196962887,0.31679538837340915,93.01824830505622,0.12955495174851692,BALANCING
2.936,-1.1403337835983913,0.3183657920427716,92.82431028770296,0.12923979430366705,BALANCING
2.938,-1.1396952350671383,0.3199307766096446,92.63048670642439,0.128924913492571,BALANCING
2.94,-1.139053562200293,0.3214903495960086,92.43677807729313,0.12861030991782596,BALANCING
2.942,-1.1384087758139714,0.3230445185269977,92.24318491455799,0.1282959841792998,BALANCING
2.944,-1.137760886709233,0.3245932909308593,92.04970773064656,0.1279819368741354,BALANCING
2.946,-1.1371099056720764,0.3261366743389151,91.8563470361678,0.12766816859675573,BALANCING
2.948,-1.1364558434734318,0.32767467628551955,91.66310333991464,0.12735467993886773,BALANCING
2.95,-1.135798710869156,0.3292073043080224,91.46997714886655,0.1270414714894675,BALANCING
2.952,-1.1351385186000253,0.3307345659467276,91.27696896819212,0.12672854383484464,BALANCING
2.954,-1.1344752773917313,0.33225646874485426,91.08407930125168,0.12641589755858662,BALANCING
2.956,-1.133808997954873,0.3337730202484976,90.89130864959988,0.12610353324158374,BALANCING
2.958,-1.1331396909849534,0.3352842280065894,90.69865751298823,0.12579145146203335,BALANCING
2.96,-1.1324673671623715,0.3367900995708591,90.50612638936781,0.12547965279544473,BALANCING
2.962,-1.1317920371524188,0.3382906424957943,90.31371577489169,0.12516813781464345,BALANCING
2.964,-1.1311137116052725,0.3397858643386023,90.1214261639177,0.12485690708977598,BALANCING
2.966,-1.130432401155991,0.3412757726591705,89.92925804901091,0.12454596118831437,BALANCING
2.968,-1.1297481164245073,0.34276037502002826,89.73721192094627,0.1242353006750607,BALANCING
2.97,-1.129060868015626,0.3442396789863077,89.54528826871115,0.1239249261121516,BALANCING
2.972,-1.1283706665190156,0.3457136921257053,89.35348757950804,0.12361483805906305,BALANCING
2.974,-1.1276775225092046,0.34718242200844335,89.16181033875705,0.12330503707261475,BALANCING
2.976,-1.1269814465455772,0.3486458762072315,88.97025703009855,0.12299552370697472,BALANCING
2.978,-1.1262824491723666,0.3501040622972283,88.77882813539578,0.12268629851366396,BALANCING
2.98,-1.1255805409186523,0.35155698785600276,88.58752413473741,0.1223773620415608,BALANCING
2.982,-1.1248757322983534,0.35300466046349693,88.39634550644016,0.12206871483690575,BALANCING
2.984,-1.1241680338102245,0.3544470877019872,88.20529272705141,0.12176035744330588,BALANCING
2.986,-1.123457455937852,0.35588427715604615,88.0143662713518,0.12145229040173944,BALANCING
2.988,-1.1227440091496481,0.3573162364125051,87.8235666123578,0.12114451425056037,BALANCING
2.99,-1.1220277038988478,0.3587429730604161,87.63289422132432,0.12083702952550293,BALANCING
2.992,-1.1213085506235028,0.36016449469101397,87.4423495677474,0.12052983675968627,BALANCING
2.994,-1.1205865597464784,0.3615808088976791,87.25193311936665,0.12022293648361888,BALANCING
2.996,-1.1198617416754497,0.3629919232758996,87.061645342168,0.11991632922520325,BALANCING
2.998,-1.1191341068028955,0.364397845423234,86.87148670038627,0.11961001550974042,BALANCING
3.0,-1.1184036655060965,0.36579858293927386,86.68145765650767,0.11930399585993448,BALANCING
3.0020000000000002,-1.1176704281471292,0.3671941434256064,86.49155867127257,0.11899827079589718,BALANCING
3.004,-1.1169344050728631,0.3685845344857774,86.301790203678,0.11869284083515252,BALANCING
3.0060000000000002,-1.1161956066149574,0.36996976372525386,86.11215271098024,0.11838770649264112,BALANCING
3.008,-1.1154540430898552,0.37134983875138766,85.92264664869755,0.118082868280725,BALANCING
3.0100000000000002,-1.1147097247987816,0.3727247671733778,85.73327247061265,0.11777832670919207,BALANCING
3.012,-1.11396266202774,0.37409455660223423,85.54403062877536,0.11747408228526056,BALANCING
3.0140000000000002,-1.113212865047507,0.3754592146507406,85.35492157350525,0.11717013551358367,BALANCING
3.016,-1.1124603441136303,0.37681874893341805,85.16594575339424,0.11686648689625417,BALANCING
3.0180000000000002,-1.1117051094664245,0.37817316706648846,84.97710361530913,0.11656313693280881,BALANCING
3.02,-1.1109471713309689,0.37952247666783767,84.78839560439435,0.11626008612023299,BALANCING
3.0220000000000002,-1.1101865399171023,0.3808666853569797,84.59982216407442,0.11595733495296522,BALANCING
3.024,-1.1094232254194216,0.3822058007550199,84.41138373605669,0.1156548839229017,BALANCING
3.0260000000000002,-1.1086572380172774,0.38353983048461937,84.22308076033387,0.11535273351940088,BALANCING
3.028,-1.1078885878747715,0.38486878216995807,84.03491367518666,0.11505088422928798,BALANCING
3.0300000000000002,-1.1071172851407545,0.38619266343669945,83.84688291718636,0.11474933653685958,BALANCING
3.032,-1.1063433399488212,0.3875114819119539,83.65898892119753,0.11444809092388798,BALANCING
3.0340000000000003,-1.1055667624173093,0.3888252452242437,83.47123212038052,0.114147147869626,BALANCING
3.036,-1.1047875626492965,0.3901339610034666,83.28361294619417,0.11384650785081141,BALANCING
3.0380000000000003,-1.1040057507325962,0.3914376368808601,83.09613182839834,0.11354617134167128,BALANCING
3.04,-1.103221336739757,0.3927362804889666,82.90878919505656,0.11324613881392685,BALANCING
3.0420000000000003,-1.1024343307280586,0.3940298994615967,82.72158547253868,0.11294641073679777,BALANCING
3.044,-1.1016447427395106,0.3953185014337954,82.53452108552342,0.11264698757700689,BALANCING
3.0460000000000003,-1.1008525828008482,0.396602094041805,82.34759645700105,0.1123478697987845,BALANCING
3.048,-1.1000578609235319,0.3978806849230314,82.16081200827593,0.11204905786387312,BALANCING
3.0500000000000003,-1.0992605871037437,0.399154281716008,81.97416815896919,0.11175055223153191,BALANCING
3.052,-1.098460771322386,0.4004228920603607,81.78766532702133,0.11145235335854115,BALANCING
3.0540000000000003,-1.0976584235450784,0.4016865235967737,81.60130392869482,0.11115446169920688,BALANCING
3.056,-1.0968535537221564,0.40294518396695367,81.41508437857667,0.11085687770536537,BALANCING
3.0580000000000003,-1.096046171788669,0.4041988808135955,81.22900708958117,0.1105596018263876,BALANCING
3.06,-1.0952362876643766,0.4054476217803473,81.0430724729524,0.11026263450918387,BALANCING
3.0620000000000003,-1.0944239112537504,0.406691414511776,80.8572809382669,0.10996597619820823,BALANCING
3.064,-1.0936090524459687,0.40793026665333276,80.67163289343624,0.10966962733546304,BALANCING
3.0660000000000003,-1.0927917211149163,0.4091641858513186,80.48612874470969,0.10937358836050354,BALANCING
3.068,-1.0919719271191826,0.4103931797528495,80.30076889667679,0.10907785971044219,BALANCING
3.0700000000000003,-1.0911496803020604,0.4116172560058231,80.11555375226997,0.10878244181995342,BALANCING
3.072,-1.0903249904915435,0.41283642225888373,79.93048371276724,0.10848733512127799,BALANCING
3.074,-1.0894978675003262,0.41405068616138846,79.74555917779472,0.10819254004422754,BALANCING
3.076,-1.088668321125801,0.4152600553633731,79.56078054532928,0.10789805701618906,BALANCING
3.078,-1.0878363611500586,0.41646453751551865,79.37614821170118,0.10760388646212948,BALANCING
3.08,-1.0870019973398843,0.41766414026911675,79.1916625715967,0.10731002880460004,BALANCING
3.082,-1.0861652394467602,0.41885887127603677,79.00732401806064,0.107016484463741,BALANCING
3.084,-1.0853260972068606,0.4200487381886914,78.82313294249917,0.10672325385728597,BALANCING
3.086,-1.084484580341053,0.4212337486600034,78.63908973468217,0.10643033740056644,BALANCING
3.088,-1.0836406985548974,0.42241391034337217,78.45519478274609,0.10613773550651637,BALANCING
3.09,-1.0827944615386438,0.42358923089264,78.27144847319643,0.10584544858567656,BALANCING
3.092,-1.0819458789672323,0.42475971796205925,78.08785119091033,0.10555347704619919,BALANCING
3.094,-1.0810949605002926,0.42592537920625867,77.90440331913936,0.10526182129385245,BALANCING
3.096,-1.0802417157821425,0.4270862222802105,77.72110523951193,0.10497048173202478,BALANCING
3.098,-1.079386154441788,0.42824225483919726,77.53795733203603,0.10467945876172961,BALANCING
3.1,-1.0785282860929217,0.42939348453877857,77.35495997510188,0.10438875278160965,BALANCING
3.102,-1.077668120333924,0.43053991903475874,77.17211354548442,0.10409836418794147,BALANCING
3.104,-1.0768056667478605,0.43168156598315394,76.98941841834603,0.10380829337464,BALANCING
3.106,-1.0759409349024835,0.432818433040159,76.80687496723911,0.10351854073326301,BALANCING
3.108,-1.0750739343502307,0.4339505278621151,76.6244835641087,0.10322910665301559,BALANCING
3.11,-1.0742046746282248,0.43507785810547706,76.44224457929512,0.10293999152075456,BALANCING
3.112,-1.073333165258274,0.43620043142678083,76.26015838153654,0.102651195720993,BALANCING
3.114,-1.072459415746871,0.43731825548261166,76.07822533797166,0.10236271963590483,BALANCING
3.116,-1.071583435585194,0.43843133792957084,75.89644581414225,0.10207456364532905,BALANCING
3.118,-1.0707052342491064,0.43953968642424435,75.71482017399586,0.10178672812677446,BALANCING
3.12,-1.0698248211991552,0.4406433086231701,75.53334877988834,0.10149921345542391,BALANCING
3.122,-1.0689422058805744,0.4417422121828064,75.35203199258653,0.10121202000413901,BALANCING
3.124,-1.068057397723282,0.4428364047594997,75.17087017127088,0.10092514814346436,BALANCING
3.126,-1.0671704061418823,0.44392589400945276,74.98986367353797,0.10063859824163218,BALANCING
3.128,-1.066281240535665,0.44501068758869267,74.80901285540324,0.10035237066456666,BALANCING
3.13,-1.0653899102886064,0.4460907931530396,74.62831807130355,0.1000664657758886,BALANCING
3.132,-1.0644964247693696,0.44716621835807474,74.44777967409983,0.09978088393691954,BALANCING
3.134,-1.063600793331305,0.4482369708591091,74.26739801507965,0.09949562550668663,BALANCING
3.136,-1.0627030253124508,0.44930305831115175,74.08717344395983,0.09921069084192678,BALANCING
3.138,-1.0618031300355335,0.4503644883688785,73.90710630888914,0.09892608029709123,BALANCING
3.14,-1.060901116807969,0.4514212686866008,73.72719695645084,0.09864179422434995,BALANCING
3.142,-1.059996994921863,0.4524734069182346,73.54744573166528,0.0983578329735962,BALANCING
3.144,-1.0590907736540125,0.45352091071726874,73.3678529779926,0.09807419689245085,BALANCING
3.146,-1.058182462265905,0.45456378773673445,73.18841903733525,0.09779088632626694,BALANCING
3.148,-1.0572720700037221,0.4556020456291739,73.00914425004069,0.09750790161813397,BALANCING
3.15,-1.0563596060983376,0.45663569204660975,72.83002895490391,0.09722524310888252,BALANCING
3.152,-1.0554450797653212,0.4576647346405142,72.65107348917014,0.09694291113708854,BALANCING
3.154,-1.0545285002049376,0.45868918106177825,72.47227818853742,0.09666090603907793,BALANCING
3.156,-1.0536098766021489,0.4597090389606812,72.29364338715914,0.09637922814893081,BALANCING
3.158,-1.0526892181266156,0.4607243159868599,72.11516941764681,0.09609787779848611,BALANCING
3.16,-1.0517665339326976,0.4617350197892785,71.93685661107256,0.09581685531734589,BALANCING
