t,theta_deg,rate_dps,wheel_rpm,duty,phase
0.0,16.0,0.0,0.0,-1,SPINUP
0.002,16.0,0.0,-6.436476596174447,-1,SPINUP
0.004,16.0,0.0,-12.801832631651454,-1,SPINUP
0.006,16.0,0.0,-19.096853960939825,-1,SPINUP
0.008,16.0,0.0,-25.32231775516197,-1,SPINUP
0.01,16.0,0.0,-31.47899259800195,-1,SPINUP
0.012,16.0,0.0,-37.56763858059332,-1,SPINUP
0.014,16.0,0.0,-43.5890073953585,-1,SPINUP
0.016,16.0,0.0,-49.543842428811296,-1,SPINUP
0.018000000000000002,16.0,0.0,-55.43287885333392,-1,SPINUP
0.02,16.0,0.0,-61.256843717939944,-1,SPINUP
0.022,16.0,0.0,-67.0164560380344,-1,SPINUP
0.024,16.0,0.0,-72.71242688418201,-1,SPINUP
0.026000000000000002,16.0,0.0,-78.34545946989454,-1,SPINUP
0.028,16.0,0.0,-83.91624923844823,-1,SPINUP
0.03,16.0,0.0,-89.42548394874186,-1,SPINUP
0.032,16.0,0.0,-94.87384376020609,-1,SPINUP
0.034,16.0,0.0,-100.26200131677466,-1,SPINUP
0.036000000000000004,16.0,0.0,-105.59062182992774,-1,SPINUP
0.038,16.0,0.0,-110.86036316081756,-1,SPINUP
0.04,16.0,0.0,-116.07187590148673,-1,SPINUP
0.042,16.0,0.0,-121.22580345518911,-1,SPINUP
0.044,16.0,0.0,-126.322782115823,-1,SPINUP
0.046,16.0,0.0,-131.36344114648688,-1,SPINUP
0.048,16.0,0.0,-136.34840285716695,-1,SPINUP
0.05,16.0,0.0,-141.2782826815663,-1,SPINUP
0.052000000000000005,16.0,0.0,-146.15368925308528,-1,SPINUP
0.054,16.0,0.0,-150.97522447996198,-1,SPINUP
0.056,16.0,0.0,-155.74348361958283,-1,SPINUP
0.058,16.0,0.0,-160.45905535197187,-1,SPINUP
0.06,16.0,0.0,-165.12252185246808,-1,SPINUP
0.062,16.0,0.0,-169.73445886359957,-1,SPINUP
0.064,16.0,0.0,-174.29543576616356,-1,SPINUP
0.066,16.0,0.0,-178.80601564952127,-1,SPINUP
0.068,16.0,0.0,-183.26675538111556,-1,SPINUP
0.07,16.0,0.0,-187.67820567522088,-1,SPINUP
0.07200000000000001,16.0,0.0,-192.04091116093332,-1,SPINUP
0.074,16.0,0.0,-196.35541044940953,-1,SPINUP
0.076,16.0,0.0,-200.6222362003625,0.0,KICK
0.078,16.0,0.0,-199.95460874363,0.0,KICK
0.08,16.0,0.0,-199.28920300682952,0.0,KICK
0.082,16.0,0.0,-198.62601159655725,0.0,KICK
0.084,16.0,0.0,-197.96502714401282,0.0,KICK
0.08600000000000001,16.0,0.0,-197.30624230491782,0.0,KICK
0.088,16.0,0.0,-196.64964975943383,0.0,KICK
0.09,16.0,0.0,-195.99524221208145,0.0,KICK
0.092,16.0,0.0,-195.34301239165893,0.0,KICK
0.094,16.0,0.0,-194.69295305116157,0.0,KICK
0.096,16.0,0.0,-194.04505696770113,0.0,KICK
0.098,16.0,0.0,-193.3993169424256,0.0,KICK
0.1,16.0,0.0,-192.75572580043908,0.0,KICK
0.10200000000000001,16.0,0.0,-192.11427639072232,0.0,KICK
0.10400000000000001,16.0,0.0,-191.47496158605307,0.0,KICK
0.106,16.0,0.0,-190.8377742829269,0.0,KICK
0.108,16.0,0.0,-190.2027074014783,0.0,KICK
0.11,16.0,0.0,-189.56975388540212,0.0,KICK
0.112,16.0,0.0,-188.93890670187497,0.0,KICK
0.114,16.0,0.0,-188.3101588414772,0.0,KICK
0.116,16.0,0.0,-187.68350331811502,0.0,KICK
0.11800000000000001,16.0,0.0,-187.05893316894281,0.0,KICK
0.12,16.0,0.0,-186.43644145428587,0.0,KICK
0.122,16.0,0.0,-185.8160212575631,0.0,KICK
0.124,16.0,0.0,-185.1976656852105,0.0,KICK
0.126,16.0,0.0,-184.58136786660413,0.0,KICK
0.128,16.0,0.0,-183.96712095398414,1,KICK
0.13,15.998822049583376,-1.1750690106214225,-179.72073731549725,1,KICK
0.132,15.995311123738384,-2.3330379613815486,-175.4978792877969,1,KICK
0.134,15.989501048923024,-3.474279753928853,-171.2984165354236,1,KICK
0.136,15.981424910318694,-4.599162779974525,-167.12221944499598,1,KICK
0.138,15.971115060750005,-5.708051021111264,-162.96915912121068,1,KICK
0.14,15.958603129406459,-6.801304147115639,-158.8391073828638,1,KICK
0.14200000000000002,15.943920030369005,-7.87927761277329,-154.73193675889482,1,KICK
0.14400000000000002,15.927095970944418,-8.942322753265714,-150.64752048445226,1,KICK
0.146,15.908160459810265,-9.990786878156783,-146.58573249698122,1,KICK
0.148,15.88714231497331,-11.025013364016672,-142.54644743233246,1,KICK
0.15,15.864069671543982,-12.045341745720185,-138.52954062089324,1,KICK
0.152,15.838969989329543,-13.052107806455993,-134.53488808373936,1,KICK
0.154,15.811870060248495,-14.045643666482707,-130.56236652880878,1,KICK
0.156,15.782796015568708,-15.026277870667057,-126.61185334709616,1,KICK
0.158,15.75177333297165,-15.994335474838978,-122.68322660886872,1,KICK
0.16,15.718826843445068,-16.95013813099777,-118.7763650599029,1,KICK
0.162,15.683980738006372,-17.89400417140291,-114.89114811774202,1,KICK
0.164,15.647258574258942,-18.826248691582535,-111.02745586797448,1,KICK
0.166,15.60868328278343,-19.747183632292113,-107.18516906053279,1,KICK
0.168,15.568277173366232,-20.657117860455138,-103.36416910601294,1,KICK
0.17,15.526061941067015,-21.55635724911721,-99.56433807201422,1,KICK
0.17200000000000001,15.48205867212732,-22.445204756444284,-95.78555867949943,1,KICK
0.17400000000000002,15.436287849722106,-23.323960503795323,-92.02771429917495,1,KICK
0.176,15.388769359556031,-24.192921852899094,-88.29068894789124,1,KICK
0.178,15.339522495306262,-25.052383482164196,-84.57436728506305,1,KICK
0.18,15.288565963913513,-25.902637462151066,-80.87863460910945,1,KICK
0.182,15.235917890722936,-26.743973330234,-77.20337685391374,1,KICK
0.184,15.181595824476492,-27.576678164480914,-73.54848058530284,1,KICK
0.186,15.125616742158316,-28.40103665677789,-69.91383299754621,1,KICK
0.188,15.067997053694564,-29.217331185225188,-66.29932190987424,1,KICK
0.19,15.00875260650917,-30.025841885830896,-62.70483576301579,1,KICK
0.192,14.947898689936919,-30.826846723527876,-59.13026361575507,1,KICK
0.194,14.885450039495101,-31.620621562539267,-55.57549514150748,1,KICK
0.196,14.82142084101512,-32.407440236117296,-52.04042062491446,1,KICK
0.198,14.75582473463517,-33.187574615679814,-48.52493095845723,1,KICK
0.2,14.688674818655265,-33.96129467936831,-45.02891763908924,1,KICK
0.202,14.619983653255712,-34.72886858005106,-41.552272764887284,1,KICK
0.20400000000000001,14.549763264080077,-35.4905627127944,-38.09488903172126,1,KICK
0.20600000000000002,14.47802514568375,-36.246641781824714,-34.65665972994222,1,KICK
0.20800000000000002,14.404780264849075,-36.99736886700361,-31.237478741088903,1,KICK
0.21,14.330039063767995,-37.74300548983794,-27.83724053461245,1,KICK
0.212,14.253811463093117,-38.483811679046376,-24.455840164619286,1,KICK
0.214,14.176106864858081,-39.22004603570348,-21.09317326663203,1,KICK
0.216,14.096934155268036,-39.95196579798228,-17.74913605436838,1,KICK
0.218,14.016301707361018,-40.67982690551557,-14.423625316537802,1,KICK
0.22,13.934217383540982,-41.403884063396156,-11.11653841365601,1,KICK
0.222,13.850688537983157,-42.124390805835716,-7.82777327487705,1,KICK
0.224,13.765722018912424,-42.84159955950179,-4.557228394842979,1,KICK
0.226,13.67932417075532,-43.55576170655189,-1.3048028305509594,1,KICK
0.228,13.589912239756416,-46.24852228493378,4.611497872206669,1,KICK
0.23,13.494357798603833,-49.29910610495782,10.997019212127823,1,KICK
0.232,13.39274262494984,-52.309474178990065,17.311983027096492,1,KICK
0.234,13.285145839022087,-55.280935258928366,23.557168950295683,1,KICK
0.23600000000000002,13.171643958481901,-58.21478322725759,29.733348000265245,1,KICK
0.23800000000000002,13.052310927757338,-61.11229750155028,35.841282676090316,1,KICK
0.24,12.927218146574832,-63.97474343138362,41.881727051537965,1,KICK
0.242,12.796434497704443,-66.80337268788274,47.855426868153714,1,KICK
0.244,12.660026373933198,-69.59942364609566,53.76311962732931,1,KICK
0.246,12.5180577042807,-72.36412176039971,59.60553468135322,1,KICK
0.248,12.370589979470724,-75.09867993313347,65.38339332345507,1,KICK
0.25,12.217682276672162,-77.80429887664243,71.09740887685508,1,KICK
0.252,12.059391283522318,-80.48216746892048,76.74828678282961,1,KICK
0.254,11.89577132144518,-83.1334631030224,82.3367246878035,1,KICK
0.256,11.726874368276935,-85.7593520304167,87.86341252948021,1,KICK
0.258,11.55275008021073,-88.36098969844042,93.32903262202016,1,KICK
0.26,11.373445813072276,-90.9395210820111,98.73425974027795,1,KICK
0.262,11.189006642937645,-93.49608100974366,104.07976120310865,1,KICK
0.264,10.999475386104317,-96.03179448461303,109.36619695575384,1,KICK
0.266,10.804892618426242,-98.54777699929515,114.59421965131706,1,KICK
0.268,10.60529669402344,-101.04513484631235,119.76447473133912,1,KICK
0.27,10.4007237633764,-103.52496542310074,124.8776005054831,1,KICK
0.272,10.191207790815334,-105.98835753210975,129.9342282303388,1,KICK
0.274,9.976780571414116,-108.436391676036,134.93498218735635,0.0,BALANCING
0.276,9.761464185704964,-106.88457102994892,134.48594771995056,0.0,BALANCING
0.278,9.549224101524871,-105.36002955430394,134.03840754223634,0.0,BALANCING
0.28,9.34000612221679,-103.86240649649885,133.5923566815405,0.0,BALANCING
0.28200000000000003,9.133756767052015,-102.39134667550829,133.14779018173772,0.0,BALANCING
0.28400000000000003,8.930423260119214,-100.94650044946916,132.7047031031957,0.0,BALANCING
0.28600000000000003,8.729953519279615,-99.52752368196163,132.2630905227201,0.0,BALANCING
0.28800000000000003,8.532296145190843,-98.13407770710187,131.8229475334999,0.0,BALANCING
0.29,8.337400410401653,-96.76582929355654,131.38426924505296,0.0,BALANCING
0.292,8.145216248519642,-95.42245060758397,130.94705078317153,0.0,BALANCING
0.294,7.955694243453763,-94.1036191752008,130.51128728986822,0.0,BALANCING
0.296,7.768785618733289,-92.80901784356865,130.07697392332196,0.0,BALANCING
0.298,7.584442226904729,-91.53833474168984,129.64410585782417,0.0,BALANCING
0.3,7.4026165390079575,-90.29126324049678,129.21267828372527,0.0,BALANCING
0.302,7.223261634132713,-89.06750191241527,128.78268640738108,0.0,BALANCING
0.304,7.046331189056429,-87.86675449047759,128.3541254510997,0.0,BALANCING
0.306,6.871779467964225,-86.68872982705716,127.92699065308827,0.0,BALANCING
0.308,6.6995613122517605,-85.533141852293,127.50127726740023,0.0,BALANCING
0.31,6.529632130411481,-84.39970953226826,127.07698056388243,0.0,BALANCING
0.312,6.361947888002718,-83.28815682700359,126.65409582812272,0.0,BALANCING
0.314,6.196465097705929,-82.19821264832298,126.23261836139747,0.0,BALANCING
0.316,6.033140809461285,-81.12961081764654,125.81254348061935,0.0,BALANCING
0.318,5.871932600691718,-80.08209002376127,125.39386651828539,0.0,BALANCING
0.32,5.71279856661039,-79.05539378061862,124.97658282242502,0.0,BALANCING
0.322,5.555697310612511,-78.04927038520431,124.56068775654845,0.0,BALANCING
0.324,5.400587934751313,-77.0634728755237,124.1461766995951,0.0,BALANCING
0.326,5.24743003029789,-76.09775898874334,123.7330450458823,-1,BALANCING
0.328,5.0987726616966045,-72.56535198031689,119.82036734320823,-1,BALANCING
0.33,4.957145972677128,-69.06692024375349,115.92936646971464,-1,BALANCING
0.332,4.822482964936527,-65.60151289033448,112.0599223324731,-1,BALANCING
0.334,4.6947185338943775,-62.16818705744643,108.21191550388828,-1,BALANCING
0.336,4.573789452814578,-58.76600773402848,104.38522721801185,-1,BALANCING
0.338,4.459634357279337,-55.39404758300259,100.57973936687688,-0.9614551885298727,BALANCING
0.34,4.352101744691946,-52.14328889629217,96.91972545774819,-0.891458879872719,BALANCING
0.342,4.250875559006745,-49.08732236819536,93.5058791172019,-0.8256105327063826,BALANCING
0.34400000000000003,4.15557788684962,-46.21449489236336,90.32345033014428,-0.7636620875083442,BALANCING
0.34600000000000003,4.065853423112755,-43.513850247319525,87.35857133099779,-0.7053803185329384,BALANCING
0.34800000000000003,3.9813681188926338,-40.97508745140452,84.59820384466899,-0.6505459474957022,BALANCING
0.35000000000000003,3.901807910230282,-38.58852160195683,82.0300894801076,-0.5989528101091633,BALANCING
0.352,3.8268775228330214,-36.345047051201725,79.64270308843012,-0.5504070723344239,BALANCING
0.354,3.7562993482433584,-34.23610277998065,77.42520890874188,-0.5047264933964761,BALANCING
0.356,3.689812387190219,-32.25363983861879,75.36741933529875,-0.4617397327843875,BALANCING
0.358,3.627171256111422,-30.39009073192868,73.45975614953848,-0.4212856986208845,BALANCING
0.36,3.568145253075031,-28.638340632605242,71.6932140698199,-0.3832129349399076,BALANCING
0.362,3.5125174795518594,-26.991700314106613,70.05932648046615,-0.34737904555592275,BALANCING
0.364,3.4600840147027667,-25.443880700558328,68.55013320995064,-0.3136501523456098,BALANCING
0.366,3.410653139043234,-23.98896893728694,67.15815023581797,-0.28190038589146593,BALANCING
0.368,3.3640446045347687,-22.621405891304242,65.8763412012278,-0.25201140655829035,BALANCING
0.37,3.3200889483286598,-21.335964996444044,64.69809063487291,-0.22387195418786668,BALANCING
0.372,3.2786268475531304,-20.127732362919367,63.6171787724782,-0.1973774247048354,BALANCING
0.374,3.2395085126906227,-18.992088075835955,62.627757884160516,-0.17242947202810913,BALANCING
0.376,3.202593117238376,-17.924688611686005,61.72433001764133,-0.14893563377760316,BALANCING
0.378,3.167748261483205,-16.921450306069175,60.901726072676134,-0.1268089793558514,BALANCING
0.38,3.1348494683508745,-15.978533809862103,60.15508612711805,-0.10596777906859634,BALANCING
0.382,3.1037797094123274,-15.092329474796902,59.47984093978461,-0.0863351930279632,BALANCING
0.384,3.0744289592435265,-14.259443612927047,58.87169455976636,-0.06783897865665872,BALANCING
0.386,3.0466937764434467,-13.476685577768675,58.32660797601838,-0.05041121568203183,BALANCING
0.388,3.0204769097160242,-12.741055618018772,57.8407837450287,-0.033988047575069666,BALANCING
0.39,2.995686927517162,-12.049733457680235,57.41065153807411,-0.0185094384517016,BALANCING
0.392,2.972237869857442,-11.400067559178595,57.03285455306905,0.0,BALANCING
0.394,2.9499462100536187,-10.89213113420276,56.84306153532283,0.0,BALANCING
0.396,2.9286672322819087,-10.387364334285358,56.65390010773404,0.0,BALANCING
0.398,2.9083947241874957,-9.88564039220614,56.46536816850708,0.0,BALANCING
0.4,2.8891227261918466,-9.386833293754021,56.27746362284068,0.0,BALANCING
0.402,2.870845530017529,-8.890817746917817,56.09018438290464,0.0,BALANCING
0.404,2.853557677274489,-8.397469151235004,55.90352836781657,0.0,BALANCING
0.406,2.837253958107476,-7.906663567292225,55.71749350361884,0.0,BALANCING
0.40800000000000003,2.821929409904325,-7.418277686371292,55.53207772325549,0.0,BALANCING
0.41000000000000003,2.807579316064802,-6.932188800234331,55.34727896654927,0.0,BALANCING
0.41200000000000003,2.794199204829747,-6.448274771041788,55.16309518017875,0.0,BALANCING
0.41400000000000003,2.7817848481702536,-5.966414001396957,54.979524317655546,0.0,BALANCING
0.41600000000000004,2.7703322607366396,-5.486485404510701,54.79656433930149,0.0,BALANCING
0.418,2.7598376988669693,-5.008368374480031,54.61421321222607,0.0,BALANCING
0.42,2.7502976596549136,-4.531942756674187,54.43246891030377,0.0,BALANCING
0.422,2.7417088800767346,-4.057088818221881,54.25132941415159,0.0,BALANCING
0.424,2.7340683361772005,-3.5836872185933335,54.0707927111066,0.0,BALANCING
0.426,2.7273732423142456,-3.1116189802707668,53.890856795203575,0.0,BALANCING
0.428,2.7216210504622063,-2.6407654595009684,53.7115196671527,0.0,BALANCING
0.43,2.716809449573477,-2.1710083171235786,53.532779334317375,0.0,BALANCING
0.432,2.7129363649984377,-1.702229489468735,53.35463381069207,0.0,BALANCING
0.434,2.7099999579635212,-1.2343111593177067,53.177081116880245,0.0,BALANCING
0.436,2.7079986251073027,-0.7671357269201545,53.00011928007237,0.0,BALANCING
0.438,2.706930998074506,-0.3005857810616543,52.82374633402397,0.0,BALANCING
0.44,2.7067959431678217,0.16545592982488003,52.64796031903386,0.0,BALANCING
0.442,2.7075925610574747,0.631106526510236,52.47275928192226,0.0,BALANCING
0.444,2.709320186548454,1.0964830277887645,52.2981412760092,0.2928846315288278,BALANCING
0.446,2.71088213575214,0.4672870475675404,53.60541225054599,0.2794220369278554,BALANCING
0.448,2.7112606633682503,-0.08710135497993646,54.8115867146557,0.2676116781295995,BALANCING
0.45,2.710596545651999,-0.5755020898776563,55.92841632249768,0.2572584877518627,BALANCING
0.452,2.709013961209687,-1.0056951348357783,56.966267330387524,0.24819039876858867,BALANCING
0.454,2.706622447982951,-1.3845431516436455,57.93428394615786,0.24025563258156135,BALANCING
0.456,2.7035186294888844,-1.718099645028345,58.840532418309365,0.23332030685219962,BALANCING
0.458,2.6997877375227537,-2.0117043686647387,59.69212813589802,0.22726632539051164,BALANCING
0.46,2.695504955322078,-2.270067482019683,60.49534774233772,0.22198951684392812,BALANCING
0.462,2.6907366023611696,-2.497343784411537,61.25572803010333,0.2173979928501592,BALANCING
0.464,2.685541179449199,-2.697198196271011,61.978153174974956,0.2134106997772531,BALANCING
0.466,2.6799702906031255,-2.8728635196355943,62.66693168468664,0.20995614122519413,BALANCING
0.468,2.674069456224727,-3.0271913882226427,63.325864274733824,0.2069712511547619,BALANCING
0.47000000000000003,2.667878830397827,-3.162697210087532,63.958303741099876,0.20440039988340686,BALANCING
0.47200000000000003,2.6614338336107055,-3.2815998111911253,64.567207773528,0.20219451728200633,BALANCING
0.47400000000000003,2.6547657108757265,-3.385856404682842,65.15518554170346,0.20031031935354546,BALANCING
0.47600000000000003,2.647902024042417,-3.477193437035267,65.72453878856848,0.1987096260041546,BALANCING
0.47800000000000004,2.640867086063111,-3.5571337971824954,66.2772980784212,0.19735875925418905,BALANCING
0.48,2.633682344055382,-3.6270208174928493,66.81525477108696,0.19622801240483084,BALANCING
0.482,2.6263667171985245,-3.6880394448438536,67.33998922609068,0.19529118179399843,BALANCING
0.484,2.6189368947894893,-3.741234915466447,67.8528956813421,0.19452515376179533,BALANCING
0.486,2.6114075991557746,-3.78752922788331,68.35520419843378,0.1939095403158657,BALANCING
0.488,2.603791817568907,-3.8277356735629615,68.84800002042095,0.19342635775456313,BALANCING
0.49,2.5961010068135795,-3.86257165429976,69.33224064717076,0.19305974318287655,BALANCING
0.492,2.588345273636544,-3.8926699883279032,69.80877089739714,0.19279570445326916,BALANCING
0.494,2.5805335339192252,-3.918588883359135,70.27833619476591,0.19262189959037815,BALANCING
0.496,2.5726736530826875,-3.9408207337239656,70.74159428746603,0.1925274422232063,BALANCING
0.498,2.564772569937797,-3.9597998802634735,71.19912558595288,0.19250272995832424,BALANCING
0.5,2.5568364059325264,-3.975909455271218,71.65144228179172,0.19253929298916594,BALANCING
0.502,2.54887056151818,-3.9894874203647546,72.0989963913186,0.1926296605554297,BALANCING
0.504,2.5408798011533165,-4.000831892446409,72.54218685089124,0.19276724314792282,BALANCING
0.506,2.53286832828508,-4.010205841692969,72.9813657755542,0.1929462286023436,BALANCING
0.508,2.524839851489666,-4.017841235616772,73.41684397975838,0.19316149044439163,BALANCING
0.51,2.5167976428143373,-4.023942694510569,73.84889584714414,0.19340850704168114,BALANCING
0.512,2.5087445892404814,-4.028690715887673,74.27776362613837,0.19368329028825562,BALANCING
0.514,2.5006832380787922,-4.032244518736095,74.70366121906652,0.19398232269773752,BALANCING
0.516,2.4926158370120257,-4.0347445524134775,75.12677752449791,0.19430250191367204,BALANCING
0.518,2.4845443694164158,-4.036314709724169,75.54727938550143,0.19464109176252223,BALANCING
0.52,2.476470585518445,-4.037064279057638,75.96531419027808,0.1949956790778869,BALANCING
0.522,2.4683960298779968,-4.037089666354832,76.3810121661576,0.19536413561547125,BALANCING
0.524,2.460322065631052,-4.036475914041524,76.7944884031138,0.19574458445857212,BALANCING
0.526,2.4522498958739933,-4.035298040867773,77.20584463869066,0.19613537038461146,BALANCING
0.528,2.444180582526552,-4.033622223770023,77.61517083247054,0.19653503372568162,BALANCING
0.53,2.4361150629706785,-4.031506840382571,78.02254655489907,0.19694228731113092,BALANCING
0.532,2.428054164727576,-4.0290033886288965,78.42804221235568,0.19735599612879434,BALANCING
0.534,2.4199986184042106,-4.026157297886095,78.83172012777749,0.19777515938432016,BALANCING
0.536,2.4119490691133434,-4.0230086445067395,79.23363549386798,0.1981988946758384,BALANCING
0.538,2.403906086547063,-4.01959278297519,79.63383721391376,0.19862642403455713,BALANCING
0.54,2.395870173862587,-4.015940902645677,80.03236864346128,0.1990570616112783,BALANCING
0.542,2.3878417755203682,-4.012080518836643,80.42926824454274,0.1994902028147675,BALANCING
0.544,2.3798212841980453,-4.008035906021244,80.82457016276248,0.19992531473079284,BALANCING
0.546,2.3718090468891964,-4.003828479941322,81.2183047363393,0.20036192767083133,BALANCING
0.548,2.3638053702830155,-3.9994771346671487,81.61049894512729,0.20079962771724816,BALANCING
0.55,2.3558105255096984,-3.9949985399152097,82.00117680669244,0.20123805014745483,BALANCING
0.552,2.347824752326325,-3.990407403309883,82.39035972568763,0.2016768736334094,BALANCING
0.554,2.339848262809204,-3.985716701722417,82.77806680203221,0.20211581512503946,BALANCING
0.556,2.331881244610879,-3.9809378853332302,83.1643151027537,0.20255462533694785,BALANCING
0.558,2.3239238638331234,-3.97608105763366,83.54911990177601,0.20299308476726988,BALANCING
0.56,2.3159762675611923,-3.971155134204089,83.93249489143345,0.2034310001859368,BALANCING
0.562,2.3080385860992934,-3.9661679827708882,84.31445236904463,0.20386820153699928,BALANCING
0.5640000000000001,2.30011093494248,-3.9611265467495316,84.69500340148639,0.20430453920618985,BALANCING
0.5660000000000001,2.2921934165160653,-3.95603695422101,85.0741579703622,0.2047398816106592,BALANCING
0.5680000000000001,2.2842861217099557,-3.9509046140590622,85.4519251000527,0.2051741130729012,BALANCING
0.5700000000000001,2.2763891312320905,-3.945734300723248,85.82831297066717,0.20560713194535635,BALANCING
0.5720000000000001,2.268502516802313,-3.940530229054242,86.20332901767566,0.2060388489561383,BALANCING
0.5740000000000001,2.260626342205491,-3.9352961202501753,86.57698001979276,0.20646918574981096,BALANCING
0.5760000000000001,2.252760664220478,-3.930035260063841,86.94927217649798,0.20689807360021759,BALANCING
0.578,2.2449055334395593,-3.9247505501379876,87.32021117641474,0.2073254522750766,BALANCING
0.58,2.237060994991292,-3.9194445532877746,87.68980225762569,0.2077512690344488,BALANCING
0.582,2.229227089178131,-3.914119533444071,88.05805026087528,0.2081754777472914,BALANCING
0.584,2.221403852038886,-3.908777490887115,88.4249596764983,0.20859803811217673,BALANCING
0.586,2.213591315844881,-3.9034201933258528,88.79053468581388,0.20901891496989217,BALANCING
0.588,2.205789509537618,-3.8980492033127723,89.15477919763771,0.20943807769708866,BALANCING
0.59,2.1979984591148587,-3.8926659024263137,89.51769688048817,0.2098554996714221,BALANCING
0.592,2.190218187971195,-3.8872715126019823,89.87929119099381,0.2102711577997562,BALANCING
0.594,2.182448717198477,-3.881867114948354,90.23956539895038,0.2106850321019936,BALANCING
0.596,2.1746900658508355,-3.876453666344526,90.5985226094222,0.21109710534397425,BALANCING
0.598,2.166942251178468,-3.871032014080597,90.9561657822366,0.21150736271365736,BALANCING
0.6,2.1592052888338746,-3.8656029087719226,91.31249774917859,0.21191579153548185,BALANCING
0.602,2.1514791930537913,-3.8601670157506747,91.66752122915712,0.21232238101840512,BALANCING
0.604,2.143763976819688,-3.854724925114253,92.02123884158193,0.21272712203364808,BALANCING
0.606,2.136059651999352,-3.849277160588905,92.37365311816221,0.2131300069186449,BALANCING
0.608,2.128366229471799,-3.8438241873482664,92.72476651331274,0.21353102930410656,BALANCING
0.61,2.120683719237464,-3.8383664189100237,93.07458141333224,0.21393018396147417,BALANCING
0.612,2.113012130515416,-3.832904223219422,93.42310014449822,0.21432746666835673,BALANCING
0.614,2.1053514718291293,-3.8274379280154682,93.77032498020644,0.21472287408983373,BALANCING
0.616,2.097701751082147,-3.82196782556443,94.1162581472674,0.21511640367375176,BALANCING
0.618,2.0900629756248454,-3.8164941768352167,94.46090183145927,0.2155080535583645,BALANCING
0.62,2.0824351523133378,-3.8110172151824506,94.80425818242522,0.21589782249086195,BALANCING
0.622,2.0748182875614454,-3.8055371495952834,95.14632931799194,0.21628570975550365,BALANCING
0.624,2.067212387386558,-3.800054167563151,95.48711732797818,0.21667171511022454,BALANCING
0.626,2.059617457450099,-3.7945684376036377,95.82662427755291,0.21705583873071382,BALANCING
0.628,2.0520335030932357,-3.7890801114922916,96.16485221019663,0.21743808116108598,BALANCING
0.63,2.044460529368391,-3.7835893262295275,96.50180315031234,0.21781844327036673,BALANCING
0.632,2.036898541067055,-3.7780962057756207,96.83747910552765,0.21819692621410783,BALANCING
0.634,2.029347542744333,-3.7726008625811382,97.17188206872436,0.21857353140052718,BALANCING
0.636,2.0218075387406107,-3.7671033989369196,97.50501401982764,0.2189482604606389,BALANCING
0.638,2.014278533200681,-3.761603908164894,97.83687692738326,0.21932111522190428,BALANCING
0.64,2.006760530090628,-3.7561024756684893,98.16747274994772,0.21969209768498837,BALANCING
0.642,1.999253533212737,-3.7505991798591976,98.4968034373135,0.22006121000325518,BALANCING
0.644,1.9917575462186583,-3.745094092973896,98.82487093158866,0.22042845446467962,BALANCING
0.646,1.9842725726210348,-3.739587281795799,99.15167716814825,0.22079383347589043,BALANCING
0.648,1.976798615803771,-3.7340788082904157,99.47722407647241,0.22115734954809316,BALANCING
0.65,1.9693356790311056,-3.7285687301665207,99.80151358088455,0.22151900528465177,BALANCING
0.652,1.961883765455632,-3.7230571013709914,100.12454760120153,0.221878803370133,BALANCING
0.654,1.9544428781253818,-3.717543972525304,100.44632805330622,0.22223674656064085,BALANCING
0.656,1.947013019990091,-3.7120293913105638,100.76685684965122,0.2225928376752896,BALANCING
0.658,1.93959419390674,-3.7065134028071487,101.08613589970253,0.2229470795886805,BALANCING
0.66,1.9321864026444555,-3.7009960497943073,101.40416711032952,0.22329947522426466,BALANCING
0.662,1.9247896488888467,-3.6954773730144326,101.7209523861482,0.22365002754848642,BALANCING
0.664,1.9174039352458465,-3.68995741140619,102.03649362982269,0.22399873956561656,BALANCING
0.666,1.9100292642451124,-3.6844362023101542,102.35079274233038,0.2243456143131929,BALANCING
0.668,1.9026656383430405,-3.6789137816502095,102.66385162319462,0.22469065485799702,BALANCING
0.67,1.89531305992544,-3.6733901840935657,102.97567217068902,0.2250338642925046,BALANCING
0.672,1.887971531309903,-3.667865443191908,103.2862562820167,0.22537524573175222,BALANCING
0.674,1.8806410547479129,-3.6623395915059147,103.59560585346722,0.22571480231057264,BALANCING
0.676,1.8733216324267146,-3.6568126607150955,103.90372278055422,0.2260525371811545,BALANCING
0.678,1.8660132664709808,-3.651284681714684,104.2106089581356,0.22638845351088865,BALANCING
0.68,1.8587159589442945,-3.6457556847011117,104.51626628051868,0.22672255448046663,BALANCING
0.682,1.851429711850471,-3.6402256992474067,104.82069664155182,0.2270548432822024,BALANCING
0.684,1.8441545271347382,-3.634694754369712,105.12390193470442,0.22738532311855061,BALANCING
0.686,1.836890406684792,-3.629162878585961,105.42588405313626,0.2277139972007977,BALANCING
0.6880000000000001,1.82963735233174,-3.6236300999676416,105.72664488975778,0.22804086874790672,BALANCING
0.6900000000000001,1.8223953658509489,-3.618096446185464,106.02618633728237,0.2283659409854965,BALANCING
0.6920000000000001,1.8151644489628063,-3.6125619445496464,106.3245102882712,0.22868921714494014,BALANCING
0.6940000000000001,1.8079446033334057,-3.6070266220454563,106.6216186351721,0.22901070046256827,BALANCING
0.6960000000000001,1.800735830575164,-3.601490505364567,106.9175132703526,0.2293303941789649,BALANCING
0.6980000000000001,1.793538132247383,-3.595953620932723,107.21219608612829,0.22964830153834545,BALANCING
0.7000000000000001,1.7863515098567548,-3.590415994934148,107.5056689747867,0.2299644257880059,BALANCING
0.7020000000000001,1.779175964857825,-3.5848776533330775,107.7979338286075,0.23027877017783677,BALANCING
0.704,1.772011498653412,-3.579338621892763,108.08899253987919,0.23059133795989167,BALANCING
0.706,1.7648581125949931,-3.5737989261922363,108.37884700091304,0.23090213238800686,BALANCING
0.708,1.7577158079830588,-3.5682585916411043,108.66749910405426,0.23121115671746334,BALANCING
0.71,1.7505845860674367,-3.562717643492606,108.95495074169087,0.23151841420468786,BALANCING
0.712,1.7434644480475947,-3.5571761068551315,109.24120380626069,0.23182390810698797,BALANCING
0.714,1.7363553950729185,-3.551634006702393,109.52626019025642,0.23212764168231675,BALANCING
0.716,1.729257428242974,-3.546091367882396,109.8101217862292,0.23242961818906438,BALANCING
0.718,1.7221705486077494,-3.540548215125366,110.09279048679076,0.23272984088587256,BALANCING
0.72,1.7150947571678845,-3.535004573050737,110.37426818461437,0.23302831303146992,BALANCING
0.722,1.7080300548748855,-3.5294604661733278,110.65455677243472,0.23332503788452524,BALANCING
0.724,1.7009764426313292,-3.5239159189087945,110.93365814304687,0.23362001870351704,BALANCING
0.726,1.6939339212910565,-3.5183709555784435,111.21157418930439,0.23391325874661698,BALANCING
0.728,1.6869024916593567,-3.5128256004134824,111.48830680411665,0.2342047612715859,BALANCING
0.73,1.6798821544931437,-3.507279877558779,111.76385788044564,0.23449452953568078,BALANCING
0.732,1.672872910501126,-3.501733811076176,112.0382293113021,0.2347825667955716,BALANCING
0.734,1.6658747603439692,-3.4961874249474287,112.31142298974123,0.23506887630726642,BALANCING
0.736,1.6588877046344541,-3.4906407430767934,112.58344080885793,0.2353534613260444,BALANCING
0.738,1.6519117439376287,-3.4850937892933214,112.85428466178163,0.2356363251063952,BALANCING
0.74,1.644946878770958,-3.4795465873528886,113.1239564416709,0.23591747090196452,BALANCING
0.742,1.6379931096044662,-3.4739991609399845,113.39245804170767,0.23619690196550455,BALANCING
0.744,1.6310504368608807,-3.4684515336693065,113.65979135509116,0.2364746215488293,BALANCING
0.746,1.624118860915768,-3.462903729087161,113.92595827503175,0.23675063290277387,BALANCING
0.748,1.6171983820976703,-3.4573557706727143,114.19096069474448,0.23702493927715712,BALANCING
0.75,1.6102890006882387,-3.451807681839093,114.45480050744249,0.23729754392074784,BALANCING
0.752,1.603390716922364,-3.4462594859343665,114.71747960633027,0.23756845008123353,BALANCING
0.754,1.5965035309883058,-3.440711206242418,114.97899988459682,0.2378376610051915,BALANCING
0.756,1.5896274430278208,-3.435162865983717,115.23936323540862,0.2381051799380624,BALANCING
0.758,1.5827624531362885,-3.4296144883160045,115.49857155190266,0.2383710101241258,BALANCING
0.76,1.5759085613628354,-3.4240660963349097,115.75662672717918,0.23863515480647682,BALANCING
0.762,1.5690657677104602,-3.4185177130744933,116.01353065429453,0.23889761722700506,BALANCING
0.764,1.5622340721361552,-3.4129693615077348,116.26928522625386,0.23915840062637425,BALANCING
0.766,1.5554134745510284,-3.4074210645469685,116.5238923360038,0.2394175082440036,BALANCING
0.768,1.5486039748204246,-3.401872845044272,116.77735387642512,0.2396749433180497,BALANCING
0.77,1.541805572764045,-3.3963247257918177,117.02967174032533,0.2399307090853897,BALANCING
0.772,1.5350182681560678,-3.3907767295221847,117.28084782043118,0.24018480878160509,BALANCING
0.774,1.5282420607252662,-3.385228878908644,117.53088400938132,0.24043724564096633,BALANCING
0.776,1.5214769501551266,-3.379681196565412,117.77978219971878,0.24068802289641816,BALANCING
0.778,1.5147229360839674,-3.374133705047882,118.02754428388347,0.24093714377956532,BALANCING
0.78,1.5079800181050553,-3.3685864268528323,118.27417215420476,0.24118461152065887,BALANCING
0.782,1.501248195766724,-3.36303938441862,118.51966770289394,0.24143042934858316,BALANCING
0.784,1.494527468572489,-3.3574926001253513,118.76403282203674,0.2416746004908426,BALANCING
0.786,1.4878178359811647,-3.351946096295044,119.00726940358582,0.24191712817354966,BALANCING
0.788,1.4811192974069816,-3.346399895191771,119.24937933935333,0.24215801562141237,BALANCING
0.79,1.4744318522196997,-3.3408540190217972,119.49036452100334,0.24239726605772263,BALANCING
0.792,1.4677554997447262,-3.335308489933704,119.73022684004445,0.24263488270434458,BALANCING
0.794,1.4610902392632297,-3.329763330018505,119.9689681878223,0.24287086878170328,BALANCING
0.796,1.4544360700122552,-3.3242185613097535,120.20659045551203,0.2431052275087734,BALANCING
0.798,1.447792991184839,-3.318674205783645,120.44309553411094,0.24333796210306838,BALANCING
0.8,1.4411610019301242,-3.3131302853591134,120.67848531443093,0.24356907578062956,BALANCING
0.802,1.4345401013534733,-3.307586821897919,120.9127616870912,0.24379857175601555,BALANCING
0.804,1.4279302885165845,-3.3020438372047365,121.14592654251078,0.24402645324229155,BALANCING
0.806,1.4213315624376046,-3.296501353027232,121.37798177090109,0.24425272345101934,BALANCING
0.808,1.4147439220912426,-3.2909593910561465,121.60892926225857,0.2444773855922464,BALANCING
0.81,1.4081673664088852,-3.285417972925365,121.8387709063574,0.2447004428744963,BALANCING
0.812,1.4016018942787083,-3.279877120211992,122.06750859274202,0.24492189850475835,BALANCING
0.8140000000000001,1.3950475045457924,-3.2743368544364175,122.29514421071985,0.24514175568847754,BALANCING
0.8160000000000001,1.3885041960122344,-3.2687971970623892,122.52167964935406,0.24536001762954485,BALANCING
0.8180000000000001,1.381971967437262,-3.263258169497072,122.74711679745603,0.245576687530287,BALANCING
0.8200000000000001,1.3754508175373459,-3.257719793091113,122.97145754357835,0.2457917685914573,BALANCING
0.8220000000000001,1.3689407449863138,-3.2521820891387088,123.19470377600732,0.24600526401222533,BALANCING
0.8240000000000001,1.3624417484154625,-3.2466450788776586,123.41685738275582,0.2462171769901677,BALANCING
0.8260000000000001,1.3559538264136706,-3.2411087834894294,123.63792025155605,0.24642751072125815,BALANCING
0.8280000000000001,1.3494769775275113,-3.2355732240992134,123.85789426985237,0.2466362683998584,BALANCING
0.8300000000000001,1.3430112002613654,-3.230038421775985,124.07678132479393,0.24684345321870835,BALANCING
0.8320000000000001,1.3365564930775324,-3.2245043975325607,124.29458330322771,0.24704906836891666,BALANCING
0.834,1.3301128543963447,-3.2189711723256518,124.51130209169122,0.2472531170399516,BALANCING
0.836,1.3236802825962775,-3.2134387670559237,124.72693957640543,0.24745560241963147,BALANCING
0.838,1.3172587760140626,-3.2079072025680517,124.94149764326758,0.24765652769411542,BALANCING
0.84,1.3108483329447997,-3.2023764996507738,125.15497817784416,0.24785589604789426,BALANCING
0.842,1.3044489516420685,-3.1968466790369474,125.36738306536375,0.248053710663781,BALANCING
0.844,1.2980606303180395,-3.191317761403605,125.57871419071003,0.24824997472290203,BALANCING
0.846,1.2916833671435866,-3.1857897673720044,125.78897343841464,0.24844469140468756,BALANCING
0.848,1.2853171602483984,-3.1802627175076887,125.99816269265027,0.24863786388686293,BALANCING
0.85,1.2789620077210893,-3.1747366323205357,126.20628383722354,0.24882949534543933,BALANCING
0.852,1.272617907609311,-3.1692115322648142,126.41333875556809,0.24901958895470475,BALANCING
0.854,1.2662848579198631,-3.1636874377392368,126.61932933073756,0.24920814788721507,BALANCING
0.856,1.2599628566188057,-3.158164369087014,126.82425744539867,0.24939517531378516,BALANCING
0.858,1.2536519016315686,-3.1526423465959086,127.02812498182429,0.24958067440347978,BALANCING
0.86,1.2473519908430628,-3.147121390498287,127.23093382188652,0.2497646483236048,BALANCING
0.862,1.241063122097792,-3.1416015209711747,127.4326858470498,0.24994710023969843,BALANCING
0.864,1.2347852931999614,-3.1360827581363107,127.633382938364,0.2501280333155222,BALANCING
0.866,1.2285185019135907,-3.130565122060199,127.83302697645763,0.2503074507130523,BALANCING
0.868,1.2222627459626225,-3.1250486327541633,128.03161984153095,0.25048535559247087,BALANCING
0.87,1.2160180230310336,-3.1195333101744,128.22916341334923,0.250661751112157,BALANCING
0.872,1.2097843307629441,-3.1140191742220322,128.42565957123585,0.2508366404286785,BALANCING
0.874,1.2035616667627298,-3.1085062447431637,128.62111019406555,0.2510100266967828,BALANCING
0.876,1.1973500285951293,-3.102994541528933,128.81551716025777,0.25118191306938836,BALANCING
0.878,1.191149413785356,-3.0974840843155658,129.00888234776977,0.2513523026975766,BALANCING
0.88,1.1849598198192075,-3.091974892784429,129.20120763408997,0.25152119873058243,BALANCING
0.882,1.178781244143174,-3.0864669865620864,129.3924948962313,0.2516886043157866,BALANCING
0.884,1.1726136841645498,-3.080960385220351,129.58274601072443,0.25185452259870655,BALANCING
0.886,1.166457137251541,-3.0754551082763384,129.7719628536112,0.25201895672298846,BALANCING
0.888,1.1603116007333762,-3.0699511751925237,129.96014730043785,0.2521819098303982,BALANCING
0.89,1.154177071900415,-3.0644486053767928,130.14730122624852,0.2523433850608134,BALANCING
0.892,1.1480535480042566,-3.058947418182498,130.33342650557853,0.2525033855522149,BALANCING
0.894,1.1419410262578507,-3.0534476329085116,130.51852501244792,0.2526619144406784,BALANCING
0.896,1.1358395038356042,-3.0479492687992815,130.70259862035485,0.2528189748603661,BALANCING
0.898,1.1297489778734913,-3.0424523450448846,130.88564920226887,0.2529745699435184,BALANCING
0.9,1.1236694454691625,-3.0369568807810814,131.06767863062467,0.2531287028204458,BALANCING
0.902,1.1176009036820516,-3.0314628950893723,131.2486887773154,0.2532813766195203,BALANCING
0.904,1.111543349533486,-3.025970406997049,131.4286815136862,0.25343259446716776,BALANCING
0.906,1.1054967800067939,-3.0204794354772524,131.60765871052774,0.253582359487859,BALANCING
0.908,1.0994611920474124,-3.014989999449027,131.78562223806978,0.2537306748041023,BALANCING
0.91,1.093436582562997,-3.0095021177773744,131.96257396597468,0.2538775435364349,BALANCING
0.912,1.0874229484235283,-3.0040158092733082,132.1385157633311,0.254022968803415,BALANCING
0.914,1.0814202864614204,-2.9985310926939124,132.31344949864746,0.254166953721614,BALANCING
0.916,1.075428593471629,-2.9930479867423934,132.48737703984565,0.2543095014056079,BALANCING
0.918,1.0694478662117581,-2.9875665100681355,132.66030025425465,0.2544506149679697,BALANCING
0.92,1.0634781014021695,-2.9820866812667592,132.83222100860417,0.2545902975192614,BALANCING
0.922,1.0575192957260875,-2.9766085188801723,133.00314116901833,0.2547285521680259,BALANCING
0.924,1.0515714458297094,-2.97113204139663,133.17306260100946,0.25486538202077924,BALANCING
0.926,1.0456345483223104,-2.9656572672507866,133.34198716947162,0.2550007901820027,BALANCING
0.928,1.0397085997763515,-2.9601842148237543,133.50991673867443,0.2551347797541348,BALANCING
0.93,1.0337935967275869,-2.9547129024431573,133.6768531722569,0.2552673538375636,BALANCING
0.932,1.0278895356751707,-2.9492433483831886,133.84279833322114,0.25539851553061893,BALANCING
0.934,1.0219964130817634,-2.9437755708646645,134.00775408392605,0.2555282679295646,BALANCING
0.936,1.0161142253736388,-2.9383095880550836,134.17172228608126,0.2556566141285907,BALANCING
0.9380000000000001,1.0102429689407912,-2.9328454180686805,134.33470480074098,0.25578355721980556,BALANCING
0.9400000000000001,1.0043826401370406,-2.927383078966482,134.4967034882977,0.2559091002932286,BALANCING
0.9420000000000001,0.9985332352801399,-2.921922588756365,134.65772020847612,0.25603324643678244,BALANCING
0.9440000000000001,0.9926947506518813,-2.916463965393112,134.81775682032716,0.25615599873628503,BALANCING
0.9460000000000001,0.986867182498202,-2.9110072267784677,134.9768151822216,0.25627736027544257,BALANCING
0.9480000000000001,0.9810505270292905,-2.9055523907611964,135.13489715184423,0.2563973341358414,BALANCING
0.9500000000000001,0.9752447804196923,-2.900099475137137,135.29200458618774,0.25651592339694096,BALANCING
0.9520000000000001,0.9694499388084158,-2.8946484976492615,135.44813934154655,0.2566331311360659,BALANCING
0.9540000000000001,0.9636659982990381,-2.8891994759877306,135.60330327351096,0.25674896042839884,BALANCING
0.9560000000000001,0.9578929549598102,-2.8837524277899518,135.75749823696103,0.2568634143469728,BALANCING
0.9580000000000001,0.952130804823763,-2.8783073706406355,135.91072608606055,0.25697649596266375,BALANCING
0.96,0.946379543888812,-2.8728643220718513,136.06298867425127,0.2570882083441834,BALANCING
0.962,0.9406391681178631,-2.8674232995630886,136.21428785424678,0.25719855455807167,BALANCING
0.964,0.9349096734389178,-2.861984320541309,136.36462547802654,0.25730753766868936,BALANCING
0.966,0.9291910557451775,-2.8565474023810085,136.51400339683016,0.25741516073821097,BALANCING
0.968,0.9234833108951485,-2.8511125624042712,136.66242346115132,0.25752142682661716,BALANCING
0.97,0.9177864347127476,-2.845679817880828,136.80988752073193,0.2576263389916879,BALANCING
0.972,0.912100422987406,-2.8402491860281156,136.9563974245564,0.2577299002889948,BALANCING
0.974,0.9064252714741742,-2.8348206840113312,137.1019550208456,0.2578321137718943,BALANCING
0.976,0.9007609758938259,-2.829394328943495,137.24656215705122,0.25793298249152036,BALANCING
0.978,0.895107531932963,-2.8239701378855018,137.39022067984976,0.25803250949677703,BALANCING
0.98,0.8894649352441191,-2.8185481278461837,137.53293243513704,0.258130697834332,BALANCING
0.982,0.8838331814458643,-2.8131283157823668,137.6746992680221,0.2582275505486088,BALANCING
0.984,0.8782122661229087,-2.8077107185989285,137.81552302282165,0.25832307068178023,BALANCING
0.986,0.8726021848262062,-2.802295353148857,137.95540554305433,0.25841726127376113,BALANCING
0.988,0.8670029330730585,-2.7968822362333063,138.0943486714349,0.2585101253622014,BALANCING
0.99,0.8614145063472186,-2.7914713846016594,138.23235424986865,0.25860166598247913,BALANCING
0.992,0.8558369000989942,-2.7860628149515834,138.36942411944565,0.2586918861676936,BALANCING
0.994,0.8502701097453511,-2.780656543929088,138.50556012043512,0.25878078894865825,BALANCING
0.996,0.8447141306700167,-2.775252588128586,138.6407640922798,0.25886837735389384,BALANCING
0.998,0.8391689582235827,-2.7698509640929485,138.77503787359024,0.2589546544096219,BALANCING
1.0,0.8336345877236087,-2.7644516883135677,138.90838330213933,0.25903962313975737,BALANCING
1.002,0.8281110144547243,-2.7590547772304124,139.04080221485665,0.2591232865659022,BALANCING
1.004,0.8225982336687331,-2.7536602472320886,139.17229644782284,0.2592056477073385,BALANCING
1.006,0.8170962405847141,-2.748268114655898,139.30286783626414,0.2592867095810215,BALANCING
1.008,0.8116050303891247,-2.7428783957878964,139.4325182145468,0.25936647520157324,BALANCING
1.01,0.8061245982359039,-2.737491106862952,139.5612494161716,0.2594449475812757,BALANCING
1.012,0.8006549392465733,-2.732106264064809,139.68906327376826,0.2595221297300639,BALANCING
1.014,0.7951960485103403,-2.7267238835261396,139.81596161909016,0.25959802465551984,BALANCING
1.016,0.7897479210841999,-2.72134398132861,139.94194628300863,0.25967263536286517,BALANCING
1.018,0.7843105519930362,-2.7159665735029344,140.06701909550767,0.2597459648549553,BALANCING
1.02,0.7788839362297254,-2.7105916760289395,140.19118188567856,0.2598180161322723,BALANCING
1.022,0.773468068755236,-2.705219304835619,140.3144364817142,0.2598887921929186,BALANCING
1.024,0.7680629444987317,-2.6998494758011966,140.43678471090405,0.2599582960326105,BALANCING
1.026,0.7626685583576721,-2.694482204753184,140.55822839962843,0.2600265306446716,BALANCING
1.028,0.7572849051979145,-2.6891175074684424,140.67876937335345,0.26009349902002654,BALANCING
1.03,0.751911979853815,-2.6837553996732386,140.7984094566255,0.2601592041471943,BALANCING
1.032,0.7465497771283294,-2.678395897043309,140.91715047306602,0.26022364901228195,BALANCING
1.034,0.7411982917931148,-2.6730390152039165,141.03499424536602,0.26028683659897844,BALANCING
1.036,0.7358575185886299,-2.667684769729913,141.1519425952811,0.260348769888548,BALANCING
1.038,0.7305274522242361,-2.6623331761457965,141.2679973436259,0.26040945185982384,BALANCING
1.04,0.7252080873782979,-2.656984249925774,141.383160310269,0.2604688854892021,BALANCING
1.042,0.7198994186982836,-2.651638006493819,141.49743331412762,0.26052707375063533,BALANCING
1.044,0.7146014408008657,-2.646294461223735,141.61081817316241,0.26058401961562633,BALANCING
1.046,0.7093141482720214,-2.6409536294392124,141.72331670437237,0.26063972605322205,BALANCING
1.048,0.7040375356671322,-2.63561552641389,141.8349307237894,0.26069419603000743,BALANCING
1.05,0.6987715975110846,-2.630280167371418,141.9456620464735,0.2607474325100989,BALANCING
1.052,0.6935163282983693,-2.6249475674855147,142.0555124865073,0.26079943845513864,BALANCING
1.054,0.6882717224931819,-2.6196177418800284,142.16448385699107,0.26085021682428833,BALANCING
1.056,0.6830377745295217,-2.6142907056289997,142.27257797003767,0.2608997705742231,BALANCING
1.058,0.677814478811292,-2.6089664737567198,142.37979663676737,0.2609481026591254,BALANCING
1.06,0.6726018297123987,-2.6036450612377924,142.48614166730272,0.26099521603067904,BALANCING
1.062,0.6673998215768507,-2.5983264829971953,142.59161487076366,0.2610411136380632,BALANCING
1.064,0.6622084487188583,-2.593010753910339,142.69621805526236,0.2610857984279465,BALANCING
1.066,0.6570277054229324,-2.5876978888031292,142.79995302789814,0.261129273344481,BALANCING
1.068,0.6518575859439837,-2.5823879024520284,142.90282159475265,0.26117154132929626,BALANCING
1.07,0.6466980845074212,-2.5770808095841167,143.0048255608847,0.2612126053214935,BALANCING
1.072,0.6415491953092511,-2.5717766248771503,143.10596673032538,0.26125246825763965,BALANCING
1.074,0.6364109125161758,-2.5664753629596273,143.20624690607306,0.2612911330717616,BALANCING
1.076,0.6312832302656912,-2.5611770384108445,143.30566789008856,0.2613286026953405,BALANCING
1.078,0.6261661426661865,-2.5558816657609618,143.40423148329003,0.2613648800573057,BALANCING
1.08,0.6210596437970414,-2.5505892594910624,143.50193948554823,0.261399968084029,BALANCING
1.082,0.6159637277087243,-2.5452998340332136,143.59879369568154,0.2614338696993193,BALANCING
1.084,0.6108783884228907,-2.54001340377053,143.69479591145117,0.2614665878244166,BALANCING
1.086,0.605803619932481,-2.534729983037234,143.7899479295562,0.26149812537798617,BALANCING
1.088,0.6007394162018176,-2.5294495861187163,143.8842515456289,0.2615284852761131,BALANCING
1.09,0.5956857711667033,-2.5241722272516,143.97770855422968,0.26155767043229683,BALANCING
1.092,0.5906426787345184,-2.5188979206238,144.07032074884253,0.2615856837574452,BALANCING
1.094,0.585610132784318,-2.5136266803745877,144.16208992187012,0.2616125281598689,BALANCING
1.096,0.5805881271669293,-2.508358520594649,144.253017864629,0.2616382065452763,BALANCING
1.098,0.575576655705049,-2.50309345532615,144.3431063673449,0.2616627218167675,BALANCING
1.1,0.5705757121933396,-2.4978314985627956,144.43235721914803,0.26168607687482903,BALANCING
1.102,0.5655852903985268,-2.492572664249894,144.5207722080683,0.2617082746173282,BALANCING
1.104,0.5606053840594963,-2.4873169662844186,144.60835312103063,0.261729317939508,BALANCING
1.106,0.5556359868873904,-2.4820644185150678,144.69510174385027,0.2617492097339812,BALANCING
1.108,0.5506770925657036,-2.4768150347423292,144.78101986122817,0.26176795289072535,BALANCING
1.11,0.5457286947503805,-2.4715688287185427,144.8661092567463,0.26178555029707723,BALANCING
1.112,0.5407907870699108,-2.4663258141479605,144.95037171286302,0.2618020048377274,BALANCING
1.114,0.5358633631254259,-2.4610860046868113,145.03380901090839,0.26181731939471503,BALANCING
1.116,0.5309464164907948,-2.4558494139433598,145.11642293107974,0.26183149684742263,BALANCING
1.118,0.52603994071272,-2.450616055477973,145.19821525243697,0.26184454007257074,BALANCING
1.12,0.5211439293108334,-2.445385942803182,145.27918775289797,0.26185645194421237,BALANCING
1.122,0.5162583757777918,-2.4401590893837413,145.35934220923411,0.2618672353337283,BALANCING
1.124,0.5113832735793717,-2.4349355086366944,145.43868039706578,0.26187689310982154,BALANCING
1.1260000000000001,0.5065186161545662,-2.429715213931436,145.5172040908577,0.26188542813851223,BALANCING
1.1280000000000001,0.5016643969156787,-2.4244982185897745,145.5949150639145,0.2618928432831325,BALANCING
1.1300000000000001,0.49682060924841903,-2.4192845358859945,145.67181508837635,0.2618991414043212,BALANCING
1.1320000000000001,0.4919872465119979,-2.4140741790469193,145.74790593521436,0.2619043253600191,BALANCING
1.1340000000000001,0.4871643020392219,-2.408867161251975,145.82318937422613,0.2619083980054637,BALANCING
1.1360000000000001,0.4823517691365885,-2.403663495633253,145.89766717403143,0.26191136219318395,BALANCING
1.1380000000000001,0.47754964108438014,-2.398463195275571,145.9713411020676,0.26191322077299545,BALANCING
1.1400000000000001,0.4727579111367592,-2.393266273216539,146.04421292458537,0.2619139765919955,BALANCING
1.1420000000000001,0.4679765725218621,-2.388072742446621,146.11628440664424,0.2619136324945579,BALANCING
1.1440000000000001,0.46320561844189356,-2.3828826159091983,146.1875573121084,0.2619121913223282,BALANCING
1.1460000000000001,0.4584450420732208,-2.377695906500632,146.25803340364203,0.2619096559142185,BALANCING
1.1480000000000001,0.4536948365664675,-2.372512627070327,146.3277144427053,0.26190602910640304,BALANCING
1.1500000000000001,0.44895499504660746,-2.3673327904207953,146.39660218954978,0.2619013137323127,BALANCING
1.1520000000000001,0.4442255106130587,-2.3621564093077176,146.46469840321433,0.2618955126226307,BALANCING
1.154,0.43950637633977674,-2.35698349644001,146.53200484152072,0.26188862860528744,BALANCING
1.156,0.4347975852753481,-2.3518140644798846,146.5985232610694,0.2618806645054557,BALANCING
1.158,0.43009913044308384,-2.3466481260429135,146.6642554172352,0.2618716231455461,BALANCING
1.16,0.4254110048411127,-2.3414856936980937,146.72920306416313,0.2618615073452019,BALANCING
1.162,0.420733201442474,-2.3363267799679077,146.79336795476416,0.2618503199212949,BALANCING
1.164,0.4160657131952109,-2.3311713973283905,146.856751840711,0.26183806368792023,BALANCING
1.166,0.411408533022463,-2.3260195582091914,146.9193564724339,0.2618247414563917,BALANCING
1.168,0.40676165382255924,-2.3208712749936375,146.9811835991165,0.2618103560352372,BALANCING
1.17,0.4021250684691104,-2.3157265600187977,147.04223496869167,0.26179491023019447,BALANCING
1.172,0.39749876981110144,-2.3105854255755474,147.1025123278374,0.2617784068442058,BALANCING
1.174,0.39288275067298406,-2.3054478839086303,147.16201742197256,0.2617608486774139,BALANCING
1.176,0.38827700385476877,-2.300313947216725,147.220751995253,0.26174223852715717,BALANCING
1.178,0.3836815221321168,-2.295183627652506,147.27871779056719,0.2617225791879651,BALANCING
1.18,0.37909629825643254,-2.29005693732271,147.33591654953236,0.2617018734515541,BALANCING
1.182,0.37452132495495477,-2.2849338882881973,147.39235001249037,0.2616801241068224,BALANCING
1.184,0.36995659493084865,-2.2798144925640194,147.44801991850363,0.26165733393984625,BALANCING
1.186,0.36540210086329744,-2.2746987621194794,147.5029280053511,0.26163350573387495,BALANCING
1.188,0.3608578354075934,-2.2695867088781982,147.5570760095243,0.2616086422693266,BALANCING
1.19,0.3563237911952299,-2.264478344718178,147.61046566622332,0.2615827463237839,BALANCING
1.192,0.3517999608339916,-2.259373681471867,147.6630987093527,0.26155582067198957,BALANCING
1.194,0.3472863369080465,-2.254272730926223,147.7149768715177,0.26152786808584183,BALANCING
1.196,0.3427829119780361,-2.249175504822777,147.76610188402017,0.26149889133439047,BALANCING
1.198,0.3382896785811666,-2.2440820148577,147.81647547685463,0.2614688931838323,BALANCING
1.2,0.33380662923129945,-2.238992272681865,147.86609937870452,0.26143787639750693,BALANCING
1.202,0.3293337564190418,-2.2339062899009114,147.91497531693804,0.26140584373589243,BALANCING
1.204,0.32487105261183696,-2.2288240780753106,147.96310501760448,0.2613727979566011,BALANCING
1.206,0.3204185102540549,-2.22374564872043,148.0104902054302,0.2613387418143755,BALANCING
1.208,0.3159761217670819,-2.2186710133065968,148.05713260381486,0.26130367806108395,BALANCING
1.21,0.31154387954941115,-2.213600183259164,148.1030339348276,0.26126760944571653,BALANCING
1.212,0.3071217759767322,-2.2085331699585735,148.14819591920318,0.2612305387143808,BALANCING
1.214,0.3027098034020208,-2.203469984740421,148.1926202763381,0.261192468610298,BALANCING
1.216,0.2983079541556287,-2.1984106388955214,148.23630872428694,0.2611534018737984,BALANCING
1.218,0.2939162205453732,-2.193355143669972,148.27926297975847,0.26111334124231794,BALANCING
1.22,0.2895345948566261,-2.1883035102652193,148.321484758112,0.26107228945039346,BALANCING
1.222,0.2851630693524033,-2.1832557498381218,148.3629757733535,0.2610302492296593,BALANCING
1.224,0.28080163627345406,-2.1782118735010165,148.403737738132,0.2609872233088426,BALANCING
1.226,0.2764502878383493,-2.1731718923217804,148.44377236373577,0.2609432144137603,BALANCING
1.228,0.2721090162435714,-2.1681358173239,148.48308136008868,0.260898225267314,BALANCING
1.23,0.2677778136636021,-2.163103659486533,148.52166643574654,0.26085225858948696,BALANCING
1.232,0.26345667225101155,-2.1580754297445734,148.5595292978933,0.26080531709733984,BALANCING
1.234,0.25914558413654665,-2.1530511389887175,148.5966716523376,0.2607574035050068,BALANCING
1.236,0.25484454142921936,-2.148030798065528,148.63309520350893,0.26070852052369153,BALANCING
1.238,0.2505535362163949,-2.1430144177775006,148.66880165445417,0.2606586708616637,BALANCING
1.24,0.24627256056387997,-2.1380020088831264,148.70379270683384,0.2606078572242547,BALANCING
1.242,0.24200160651601046,-2.132993582096958,148.7380700609186,0.2605560823138545,BALANCING
1.244,0.23774066609573938,-2.127989148089677,148.7716354155857,0.26050334882990706,BALANCING
1.246,0.23348973130472467,-2.122988717488154,148.8044904683153,0.2604496594689073,BALANCING
1.248,0.22924879412341656,-2.1179923008755197,148.836636915187,0.26039501692439687,BALANCING
1.25,0.22501784651114498,-2.1129999087912257,148.86807645087634,0.26033942388696063,BALANCING
1.252,0.22079688040620707,-2.1080115517311118,148.8988107686512,0.260282883044223,BALANCING
1.254,0.21658588772595416,-2.103027240147469,148.9288415603684,0.2602253970808443,BALANCING
1.256,0.21238486036687887,-2.098046984449108,148.95817051647006,0.2601669686785169,BALANCING
1.258,0.2081937902047019,-2.093070795001422,148.9867993259803,0.2601076005159619,BALANCING
1.26,0.20401266909445903,-2.088098682126453,149.01472967650164,0.2600472952689252,BALANCING
1.262,0.19984148887058753,-2.0831306561029574,149.0419632542117,0.25998605561017435,BALANCING
1.264,0.19568024134701284,-2.0781667271664706,149.06850174385968,0.25992388420949447,BALANCING
1.266,0.1915289183172348,-2.0732069055093727,149.09434682876292,0.25986078373368504,BALANCING
1.268,0.187387511554414,-2.0682512012809537,149.11950019080362,0.25979675684655656,BALANCING
1.27,0.18325601281145787,-2.0632996245874793,149.1439635104253,0.25973180620892655,BALANCING
1.272,0.17913441382110667,-2.0583521854922564,149.1677384666296,0.2596659344786165,BALANCING
1.274,0.1750227062960194,-2.053408894015699,149.19082673697287,0.2595991443104483,BALANCING
1.276,0.17092088192885932,-2.048469760135392,149.2132299975627,0.2595314383562407,BALANCING
1.278,0.16682893239237978,-2.0435347937861588,149.2349499230548,0.25946281926480613,BALANCING
1.28,0.16274684933950959,-2.0386040048601255,149.25598818664966,0.25939328968194714,BALANCING
1.282,0.15867462440343835,-2.033677403206789,149.27634646008906,0.25932285225045304,BALANCING
1.284,0.1546122491977016,-2.028754998633077,149.296026413653,0.2592515096100967,BALANCING
1.286,0.150559715316266,-2.02383680090342,149.31502971615646,0.259179264397631,BALANCING
1.288,0.14651701433361417,-2.0189228197398132,149.3333580349459,0.259106119246786,BALANCING
1.29,0.14248413780482955,-2.014013064821884,149.3510130358963,0.259032076788265,BALANCING
1.292,0.13846107726568097,-2.0091075457869563,149.36799638340784,0.2589571396497418,BALANCING
1.294,0.1344478242327074,-2.0042062722301166,149.3843097404026,0.2588813104558573,BALANCING
1.296,0.13044437020330218,-1.99930925370428,149.39995476832155,0.2588045918282163,BALANCING
1.298,0.12645070665579733,-1.994416499720257,149.41493312712123,0.25872698638538427,BALANCING
1.3,0.12246682504954778,-1.9895280197468173,149.42924647527067,0.25864849674288426,BALANCING
1.302,0.1184927168250153,-1.9846438232107573,149.44289646974818,0.2585691255131936,BALANCING
1.304,0.1145283734038524,-1.9797639194969645,149.45588476603828,0.258488875305741,BALANCING
1.306,0.11057378618898611,-1.9748883179484842,149.46821301812855,0.25840774872690336,BALANCING
1.308,0.10662894656470162,-1.970017027866586,149.47988287850652,0.2583257483800025,BALANCING
1.31,0.10269384589672571,-1.9651500585108281,149.49089599815665,0.25824287686530245,BALANCING
1.312,0.09876847553231013,-1.9602874190991246,149.50125402655712,0.2581591367800061,BALANCING
1.314,0.09485282680031487,-1.9554291188078106,149.51095861167695,0.2580745307182523,BALANCING
1.316,0.09094689101129116,-1.9505751667717082,149.5200113999728,0.25798906127111293,BALANCING
1.318,0.08705065945756456,-1.9457255720841935,149.52841403638595,0.2579027310265897,BALANCING
1.32,0.08316412341331764,-1.940880343797261,149.53616816433941,0.25781554256961153,BALANCING
1.322,0.0792872741346728,-1.9360394909215908,149.5432754257349,0.2577274984820313,BALANCING
1.324,0.07542010285977481,-1.9312030224266137,149.54973746094961,0.2576386013426231,BALANCING
1.326,0.07156260080887318,-1.9263709472405781,149.55555590883355,0.2575488537270793,BALANCING
1.328,0.06771475918440456,-1.9215432742506158,149.5607324067065,0.25745825820800766,BALANCING
1.33,0.06387656917107482,-1.9167200123028079,149.5652685903549,0.2573668173549285,BALANCING
1.332,0.060048021935941116,-1.9119011702022506,149.5691660940291,0.2572745337342718,BALANCING
1.334,0.05622910862849385,-1.9070867567131218,149.57242655044044,0.2571814099093745,BALANCING
1.336,0.052419820380738356,-1.9022767805587475,149.57505159075822,0.2570874484404776,BALANCING
1.338,0.04862014830727661,-1.8974712504216664,149.5770428446069,0.25699265188472353,BALANCING
1.34,0.04483008350538868,-1.8926701749436978,149.5784019400632,0.25689702279615323,BALANCING
1.342,0.04104961705511419,-1.887873562726007,149.57913050365335,0.25680056372570353,BALANCING
1.344,0.037278740019333435,-1.8830814223291716,149.57923016035,0.2567032772212043,BALANCING
1.346,0.03351744344384862,-1.878293762273247,149.5787025335696,0.2566051658273759,BALANCING
1.348,0.029765718357464752,-1.8735105910378331,149.57754924516954,0.25650623208582674,BALANCING
1.35,0.026023555772070543,-1.868731917062142,149.57577191544527,0.2564064785350499,BALANCING
1.352,0.02229094668271908,-1.8639577487450611,149.5733721631276,0.2563059077104213,BALANCING
1.354,0.01856788206770845,-1.8591880944452217,149.57035160537984,0.2562045221441966,BALANCING
1.356,0.014854352888662147,-1.8544229624810638,149.5667118577951,0.25610232436550895,BALANCING
1.358,0.011150350090609414,-1.8496623611309049,149.56245453439354,0.255999316900366,BALANCING
1.36,0.007455864602065424,-1.8449062986330025,149.5575812476196,0.2558955022716477,BALANCING
1.362,0.0037708873351113325,-1.8401547831856233,149.55209360833925,0.25579088299910363,BALANCING
1.364,9.540918547418996e-05,-1.8354078229471082,149.54599322583744,0.25568546159935057,BALANCING
1.366,-0.003570578967393264,-1.830665426035939,149.53928170781512,0.2555792405858699,BALANCING
1.368,-0.007227086260232951,-1.8259276005308045,149.53196066038694,0.2554722224690052,BALANCING
1.37,-0.010874121845901932,-1.8211943544706668,149.5240316880782,0.25536440975595975,BALANCING
1.372,-0.014511694893293015,-1.8164656958548278,149.51549639382247,0.2552558049507942,BALANCING
1.374,-0.018139814587255502,-1.8117416326429954,149.50635637895886,0.25514641055442405,BALANCING
1.3760000000000001,-0.02175849012851606,-1.8070221727553493,149.49661324322932,0.2550362290646174,BALANCING
1.3780000000000001,-0.025367730733599745,-1.802307324072609,149.48626858477616,0.2549252629759923,BALANCING
1.3800000000000001,-0.028967545634751127,-1.797597094436098,149.47532400013938,0.2548135147800147,BALANCING
1.3820000000000001,-0.032557944079855565,-1.7928914916478114,149.4637810842541,0.254700986964996,BALANCING
1.3840000000000001,-0.036138935332360636,-1.7881905234704827,149.45164143044795,0.25458768201609067,BALANCING
1.3860000000000001,-0.03971052867119764,-1.7834941976276486,149.4389066304386,0.25447360241529404,BALANCING
1.3880000000000001,-0.04327273339070331,-1.7788025218037167,149.4255782743311,0.2543587506414401,BALANCING
1.3900000000000001,-0.04682555880054158,-1.7741155036440313,149.41165795061548,0.25424312917019903,BALANCING
1.3920000000000001,-0.050369014225625564,-1.76943315075494,149.39714724616417,0.25412674047407524,BALANCING
1.3940000000000001,-0.05390310900603959,-1.7647554707038604,149.3820477462294,0.2540095870224047,BALANCING
1.3960000000000001,-0.05742785249696142,-1.7600824710193455,149.36636103444096,0.25389167128135337,BALANCING
1.3980000000000001,-0.060943254068584606,-1.7554141591911507,149.35008869280338,0.2537729957139146,BALANCING
1.4000000000000001,-0.0644493231060409,-1.750750542670301,149.3332323016938,0.2536535627799069,BALANCING
1.4020000000000001,-0.06794606900932296,-1.7460916288691557,149.3157934398593,0.25353337493597217,BALANCING
1.4040000000000001,-0.07143350119320695,-1.7414374251614761,149.2977736844146,0.2534124346355733,BALANCING
1.4060000000000001,-0.07491162908717551,-1.7367879388824916,149.2791746108395,0.2532907443289921,BALANCING
1.408,-0.07838046213534074,-1.732143177328966,149.25999779297658,0.25316830646332744,BALANCING
1.41,-0.08184000979636731,-1.7275031477592637,149.24024480302876,0.2530451234824928,BALANCING
1.412,-0.08529028154339574,-1.7228678573934173,149.21991721155692,0.2529211978272145,BALANCING
1.414,-0.08873128686396578,-1.7182373134131919,149.19901658747753,0.25279653193502966,BALANCING
1.416,-0.09216303525993995,-1.7136115229621536,149.17754449806034,0.25267112824028404,BALANCING
1.418,-0.09558553624742726,-1.7089904931457338,149.1555025089259,0.25254498917413043,BALANCING
1.42,-0.09899879935670691,-1.7043742310312993,149.1328921840434,0.252418117164526,BALANCING
1.422,-0.1024028341321523,-1.6997627436482134,149.10971508572825,0.2522905146362311,BALANCING
1.424,-0.10579765013215504,-1.6951560379879076,149.08597277463977,0.2521621840108067,BALANCING
1.426,-0.10918325692904923,-1.6905541210039439,149.0616668097789,0.25203312770661307,BALANCING
1.428,-0.11255966410903567,-1.6859569996120842,149.03679874848604,0.2519033481388073,BALANCING
1.43,-0.11592688127210642,-1.6813646806903553,149.01137014643857,0.2517728477193419,BALANCING
1.432,-0.11928491803196928,-1.6767771710791148,148.98538255764885,0.25164162885696256,BALANCING
1.434,-0.12263378401597272,-1.6721944775811195,148.95883753446168,0.2515096939572066,BALANCING
1.436,-0.12597348886503057,-1.667616606961589,148.9317366275524,0.25137704542240114,BALANCING
1.438,-0.129304042233547,-1.6630435659482752,148.90408138592443,0.25124368565166094,BALANCING
1.44,-0.13262545378934176,-1.658475361231526,148.87587335690714,0.25110961704088713,BALANCING
1.442,-0.13593773321357544,-1.6539119994643536,148.8471140861537,0.2509748419827651,BALANCING
1.444,-0.13924089020067468,-1.6493534872625004,148.8178051176389,0.2508393628667628,BALANCING
1.446,-0.14253493445825796,-1.6447998312045051,148.78794799365693,0.250703182079129,BALANCING
1.448,-0.14581987570706104,-1.640251037831769,148.75754425481927,0.25056630200289187,BALANCING
1.45,-0.14909572368086288,-1.6357071136486228,148.72659544005253,0.2504287250178568,BALANCING
1.452,-0.15236248812641143,-1.631168065122393,148.6951030865964,0.2502904535006051,BALANCING
1.454,-0.15562017880334988,-1.6266338986834679,148.6630687300014,0.2501514898244921,BALANCING
1.456,-0.1588688054841427,-1.622104620725364,148.63049390412695,0.2500118363596459,BALANCING
1.458,-0.16210837795400201,-1.617580237604794,148.59738014113913,0.2498714954729652,BALANCING
1.46,-0.165338906010814,-1.6130607556417302,148.56372897150868,0.24973046952811806,BALANCING
1.462,-0.16856039946506557,-1.6085461811194737,148.52954192400895,0.24958876088554027,BALANCING
1.464,-0.17177286813977105,-1.6040365202847184,148.49482052571378,0.24944637190243368,BALANCING
1.466,-0.17497632187039902,-1.5995317793476196,148.4595663019956,0.24930330493276479,BALANCING
1.468,-0.17817077050479926,-1.5950319644818585,148.42378077652324,0.24915956232726313,BALANCING
1.47,-0.18135622390312994,-1.5905370818247102,148.38746547126001,0.24901514643341968,BALANCING
1.472,-0.18453269193778488,-1.5860471374771081,148.35062190646175,0.24887005959548553,BALANCING
1.474,-0.18770018449332088,-1.581562137503712,148.31325160067468,0.2487243041544703,BALANCING
1.476,-0.19085871146638522,-1.5770820879329739,148.27535607073364,0.24857788244814066,BALANCING
1.478,-0.19400828276564341,-1.5726069947572037,148.2369368317599,0.24843079681101907,BALANCING
1.48,-0.1971489083117069,-1.5681368639326363,148.19799539715942,0.248283049574382,BALANCING
1.482,-0.2002805980370609,-1.5636717013794972,148.1585332786208,0.2481346430662589,BALANCING
1.484,-0.20340336188599265,-1.5592115129820694,148.11855198611337,0.2479855796114306,BALANCING
1.486,-0.20651720981451943,-1.5547563045887596,148.07805302788526,0.247835861531428,BALANCING
1.488,-0.20962215179031696,-1.5503060820121641,148.03703791046158,0.24768549114453067,BALANCING
1.49,-0.2127181977926477,-1.545860851029136,147.99550813864238,0.24753447076576549,BALANCING
1.492,-0.21580535781228968,-1.5414206173808493,147.953465215501,0.2473828027069055,BALANCING
1.494,-0.21888364185146492,-1.5369853867728684,147.91091064238196,0.24723048927646835,BALANCING
1.496,-0.22195305992376854,-1.5325551648752114,147.86784591889932,0.24707753277971514,BALANCING
1.498,-0.22501362205409753,-1.5281299573224176,147.82427254293466,0.24692393551864922,BALANCING
1.5,-0.22806533827857994,-1.523709769713614,147.78019201063543,0.24676969979201482,BALANCING
1.502,-0.23110821864450423,-1.5192946076125808,147.73560581641297,0.24661482789529585,BALANCING
1.504,-0.2341422732102484,-1.5148844765478182,147.69051545294084,0.2464593221207147,BALANCING
1.506,-0.2371675120452096,-1.510479382012612,147.64492241115295,0.24630318475723104,BALANCING
1.508,-0.24018394522973396,-1.5060793294651,147.59882818024178,0.24614641809054055,BALANCING
1.51,-0.24319158285504602,-1.5016843243283386,147.5522342476567,0.24598902440307388,BALANCING
1.512,-0.24619043502317894,-1.4972943719903684,147.50514209910216,0.24583100597399546,BALANCING
1.514,-0.24918051184690432,-1.4929094778042802,147.45755321853582,0.2456723650792023,BALANCING
1.516,-0.2521618234496624,-1.4885296470882816,147.4094690881671,0.24551310399132295,BALANCING
1.518,-0.2551343799654925,-1.4841548851257633,147.3608911884552,0.24535322497971637,BALANCING
1.52,-0.2580981915389633,-1.4797851971653646,147.31182099810758,0.2451927303104708,BALANCING
1.522,-0.26105326832510345,-1.475420588421039,147.26225999407805,0.24503162224640276,BALANCING
1.524,-0.2639996204893324,-1.4710610640721216,147.21220965156536,0.24486990304705605,BALANCING
1.526,-0.2669372582073908,-1.4667066292633948,147.16167144401135,0.2447075749687006,BALANCING
1.528,-0.26986619166527204,-1.4623572891051533,147.11064684309926,0.2445446402643314,BALANCING
1.53,-0.27278643105915296,-1.4580130486732714,147.05913731875222,0.24438110118366774,BALANCING
1.532,-0.2756979865953251,-1.4536739130092682,147.00714433913157,0.24421695997315201,BALANCING
1.534,-0.2786008684901263,-1.4493398871203738,146.95466937063514,0.2440522188759488,BALANCING
1.536,-0.2814950869698718,-1.4450109759795953,146.9017138778958,0.24388688013194404,BALANCING
1.538,-0.2843806522707863,-1.4406871845257831,146.84827932377962,0.24372094597774385,BALANCING
1.54,-0.2872575746389352,-1.4363685176636964,146.7943671693846,0.24355441864667382,BALANCING
1.542,-0.2901258643301571,-1.4320549802640687,146.73997887403885,0.24338730036877806,BALANCING
1.544,-0.29298553160999524,-1.427746577163675,146.6851158952991,0.24321959337081825,BALANCING
1.546,-0.29583658675362995,-1.4234433131653963,146.62977968894913,0.2430512998762728,BALANCING
1.548,-0.2986790400458109,-1.4191451930382866,146.57397170899827,0.24288242210533606,BALANCING
1.55,-0.3015129017807895,-1.414852221517638,146.51769340767981,0.24271296227491737,BALANCING
1.552,-0.3043381822622513,-1.4105644033050466,146.4609462354496,0.24254292259864038,BALANCING
1.554,-0.30715489180324884,-1.4062817430684789,146.40373164098432,0.2423723052868421,BALANCING
1.556,-0.3099630407261345,-1.402004245442337,146.34605107118023,0.24220111254657214,BALANCING
1.558,-0.31276263936249327,-1.3977319150275243,146.28790597115147,0.2420293465815921,BALANCING
1.56,-0.31555369805307576,-1.3934647563915121,146.22929778422886,0.24185700959237452,BALANCING
1.562,-0.3183362271477317,-1.3892027740684043,146.17022795195805,0.24168410377610244,BALANCING
1.564,-0.32111023700534297,-1.3849459725590039,146.1106979140985,0.2415106313266685,BALANCING
1.566,-0.3238757379937573,-1.3806943563308778,146.05070910862162,0.2413365944346742,BALANCING
1.568,-0.3266327404897216,-1.3764479298184242,145.9902629717097,0.24116199528742935,BALANCING
1.57,-0.32938125487881603,-1.372206697422936,145.92936093775432,0.24098683606895124,BALANCING
1.572,-0.3321212915553875,-1.367970663512668,145.86800443935496,0.24081111895996418,BALANCING
1.574,-0.3348528609224839,-1.3637398324229024,145.80619490731755,0.24063484613789857,BALANCING
1.576,-0.3375759733917881,-1.3595142084560135,145.7439337706532,0.2404580197768905,BALANCING
1.578,-0.3402906393835522,-1.355293795881534,145.68122245657685,0.2402806420477811,BALANCING
1.58,-0.3429968693265321,-1.3510785989362208,145.61806239050568,0.24010271511811582,BALANCING
1.582,-0.34569467365792184,-1.3468686218241201,145.5544549960581,0.23992424115214392,BALANCING
1.584,-0.34838406282328804,-1.3426638687166321,145.49040169505207,0.239745222310818,BALANCING
1.586,-0.35106504727650517,-1.338464343752579,145.42590390750405,0.23956566075179317,BALANCING
1.588,-0.35373763747969,-1.3342700510382666,145.36096305162752,0.23938555862942695,BALANCING
1.59,-0.35640184390313706,-1.3300809946475534,145.2955805438317,0.23920491809477823,BALANCING
1.592,-0.3590576770252533,-1.3258971786219147,145.22975779872036,0.2390237412956072,BALANCING
1.594,-0.3617051473324939,-1.3217186069705071,145.16349622909036,0.2388420303763746,BALANCING
1.596,-0.36434426531929726,-1.317545283670235,145.09679724593053,0.23865978747824126,BALANCING
1.598,-0.36697504148802085,-1.3133772126658154,145.0296622584204,0.2384770147390679,BALANCING
1.6,-0.3695974863488768,-1.3092143978698434,144.96209267392877,0.23829371429341425,BALANCING
1.602,-0.3722116104198678,-1.3050568431628575,144.89408989801274,0.238109888272539,BALANCING
1.604,-0.37481742422672293,-1.300904552393405,144.8256553344163,0.23792553880439918,BALANCING
1.606,-0.37741493830283374,-1.296757529378107,144.75679038506914,0.2377406680136498,BALANCING
1.608,-0.3800041631891906,-1.2926157779017236,144.6874964500855,0.23755527802164353,BALANCING
1.61,-0.38258510943431895,-1.2884793017172194,144.6177749277629,0.2373693709464302,BALANCING
1.612,-0.38515778759421576,-1.284348104545828,144.54762721458104,0.23718294890275662,BALANCING
1.614,-0.38772220823228615,-1.2802221900771185,144.47705470520052,0.23699601400206602,BALANCING
1.616,-0.3902783819192801,-1.276101561969059,144.4060587924618,0.23680856835249792,BALANCING
1.618,-0.39282631923322947,-1.2719862238480828,144.334640867384,0.2366206140588877,BALANCING
1.62,-0.3953660307593848,-1.2678761793091526,144.26280231916365,0.23643215322276642,BALANCING
1.622,-0.3978975270901525,-1.263771431915827,144.19054453517376,0.23624318794236032,BALANCING
1.624,-0.40042081882503217,-1.2596719852003238,144.11786890096246,0.23605372031259078,BALANCING
1.6260000000000001,-0.4029359165705537,-1.2555778426635857,144.0447768002522,0.23586375242507396,BALANCING
1.6280000000000001,-0.4054428309402153,-1.2514890077753456,143.97126961493836,0.23567328636812057,BALANCING
1.6300000000000001,-0.4079415725544208,-1.2474054839741906,143.89734872508828,0.23548232422673568,BALANCING
1.6320000000000001,-0.41043215204041733,-1.2433272746676285,143.82301550894022,0.23529086808261848,BALANCING
1.6340000000000001,-0.41291458003223347,-1.239254383232151,143.74827134290217,0.2350989200141621,BALANCING
1.6360000000000001,-0.41538886717061724,-1.2351868130132992,143.673117601551,0.23490648209645335,BALANCING
1.6380000000000001,-0.4178550241029741,-1.2311245673257287,143.59755565763126,0.23471355640127273,BALANCING
1.6400000000000001,-0.4203130614833054,-1.227067649453274,143.52158688205404,0.2345201449970941,BALANCING
1.6420000000000001,-0.42276298997214673,-1.2230160626490134,143.44521264389627,0.23432624994908463,BALANCING
1.6440000000000001,-0.42520482023650663,-1.2189698101353337,143.36843431039935,0.2341318733191047,BALANCING
1.6460000000000001,-0.42763856294980496,-1.2149288951039945,143.2912532469684,0.23393701716570767,BALANCING
1.6480000000000001,-0.430064228791812,-1.2108933207161938,143.21367081717122,0.23374168354414002,BALANCING
1.6500000000000001,-0.43248182844858724,-1.206863090102632,143.13568838273713,0.23354587450634098,BALANCING
1.6520000000000001,-0.4348913726124185,-1.202838206363576,143.05730730355623,0.23334959210094272,BALANCING
1.6540000000000001,-0.4372928719817612,-1.1988186725689252,142.97852893767828,0.23315283837327003,BALANCING
1.6560000000000001,-0.43968633726117745,-1.1948044917582745,142.8993546413119,0.23295561536534062,BALANCING
1.6580000000000001,-0.4420717791612757,-1.1907956669409796,142.81978576882338,0.2327579251158648,BALANCING
1.6600000000000001,-0.4444492083986505,-1.1867922010962222,142.73982367273607,0.23255976966024564,BALANCING
1.6620000000000001,-0.44681863569582175,-1.1827940971730726,142.65946970372912,0.2323611510305788,BALANCING
1.6640000000000001,-0.4491800717811749,-1.1788013580905554,142.57872521063686,0.23216207125565289,BALANCING
1.666,-0.45153352738890074,-1.1748139867377139,142.49759154044776,0.2319625323609491,BALANCING
1.668,-0.4538790132589357,-1.1708319859736742,142.41607003830347,0.23176253636864147,BALANCING
1.67,-0.45621654013690205,-1.166855358627709,142.33416204749815,0.2315620852975969,BALANCING
1.672,-0.45854611877404783,-1.162884107499303,142.25186890947734,0.23136118116337528,BALANCING
1.674,-0.460867759927188,-1.158918235358216,142.16919196383733,0.23115982597822948,BALANCING
1.676,-0.46318147435864465,-1.1549577449445478,142.0861325483242,0.23095802175110555,BALANCING
1.678,-0.4654872728361877,-1.1510026389688028,142.00269199883297,0.23075577048764276,BALANCING
1.68,-0.46778516613297605,-1.1470529201119526,141.91887164940675,0.23055307419017376,BALANCING
1.682,-0.47007516502749835,-1.1431085910255019,141.83467283223607,0.2303499348577247,BALANCING
1.684,-0.4723572803035143,-1.1391696543315513,141.75009687765782,0.23014635448601542,BALANCING
1.686,-0.47463152274999576,-1.1352361126228618,141.66514511415468,0.22994233506745965,BALANCING
1.688,-0.4768979031610681,-1.1313079684629197,141.57981886835424,0.22973787859116507,BALANCING
1.69,-0.47915643233595195,-1.1273852243859988,141.49411946502818,0.2295329870429336,BALANCING
1.692,-0.4814071210789046,-1.1234678828972253,141.40804822709154,0.22932766240526165,BALANCING
1.694,-0.48364998019916194,-1.1195559464726423,141.32160647560198,0.22912190665734028,BALANCING
1.696,-0.48588502051088023,-1.1156494175592724,141.234795529759,0.22891572177505534,BALANCING
1.698,-0.4881122528330782,-1.1117482985751825,141.14761670690314,0.22870910973098801,BALANCING
1.7,-0.49033168798957916,-1.1078525919095474,141.06007132251543,0.22850207249441473,BALANCING
1.702,-0.4925433368089533,-1.1039622999227134,140.97216069021644,0.22829461203130774,BALANCING
1.704,-0.49474721012446005,-1.100077424946262,140.88388612176573,0.22808673030433507,BALANCING
1.706,-0.4969433187739907,-1.0961979692830737,140.79524892706112,0.2278784292728613,BALANCING
1.708,-0.49913167360001115,-1.0923239352073915,140.70625041413788,0.2276697108929474,BALANCING
1.71,-0.5013122854495043,-1.0884553249648845,140.61689188916827,0.22746057711735138,BALANCING
1.712,-0.5034851651739134,-1.0845921407727126,140.5271746564606,0.22725102989552848,BALANCING
1.714,-0.505650323629085,-1.080734384819588,140.43710001845878,0.22704107117363148,BALANCING
1.716,-0.5078077716752118,-1.0768820592658406,140.3466692757416,0.22683070289451135,BALANCING
1.718,-0.5099575201767764,-1.0730351662434798,140.25588372702205,0.22661992699771727,BALANCING
1.72,-0.5120995800024947,-1.0691937078562594,140.1647446691467,0.2264087454194973,BALANCING
1.722,-0.5142339620252586,-1.0653576861797402,140.0732533970951,0.2261971600927986,BALANCING
1.724,-0.5163606771220812,-1.0615271032613538,139.98141120397918,0.22598517294726803,BALANCING
1.726,-0.5184797361740394,-1.0577019611204654,139.88921938104255,0.22577278590925234,BALANCING
1.728,-0.5205911500662178,-1.0538822617484371,139.79667921766,0.2255600009017989,BALANCING
1.73,-0.5226949296876536,-1.0500680071086919,139.7037920013369,0.22534681984465596,BALANCING
1.732,-0.5247910859312803,-1.0462591991367762,139.61055901770854,0.22513324465427315,BALANCING
1.734,-0.526879629693872,-1.0424558397404227,139.5169815505397,0.22491927724380206,BALANCING
1.736,-0.5289605718759878,-1.0386579307996144,139.42306088172396,0.22470491952309665,BALANCING
1.738,-0.5310339233819165,-1.0348654741666472,139.32879829128322,0.22449017339871374,BALANCING
1.74,-0.533099695119621,-1.031078471666193,139.23419505736715,0.22427504077391372,BALANCING
1.742,-0.5351578980006838,-1.0272969250953625,139.13925245625265,0.22405952354866068,BALANCING
1.744,-0.537208542940251,-1.0235208362237682,139.04397176234335,0.22384362361962348,BALANCING
1.746,-0.5392516408569783,-1.019750206793588,138.94835424816904,0.22362734288017594,BALANCING
1.748,-0.5412872026729755,-1.015985038519627,138.8524011843853,0.22341068322039753,BALANCING
1.75,-0.543315239313752,-1.012225333089381,138.75611383977272,0.2231936465270739,BALANCING
1.752,-0.5453357617081627,-1.008471092163099,138.65949348123684,0.22297623468369757,BALANCING
1.754,-0.5473487807883524,-1.004722317373847,138.5625413738073,0.2227584495704685,BALANCING
1.756,-0.5493543074897032,-1.000979010327569,138.46525878063755,0.22254029306429465,BALANCING
1.758,-0.5513523527507787,-0.9972411726031504,138.3676469630044,0.22232176703879275,BALANCING
1.76,-0.553342927513271,-0.993508805752481,138.26970718030748,0.22210287336428886,BALANCING
1.762,-0.5553260427219463,-0.9897819113005175,138.17144069006883,0.2218836139078189,BALANCING
1.764,-0.5573017093245914,-0.9860604907453459,138.0728487479326,0.22166399053312957,BALANCING
1.766,-0.5592699382719594,-0.9823445455582435,137.97393260766444,0.2214440051006789,BALANCING
1.768,-0.561230740517717,-0.9786340771837421,137.87469352115116,0.22122365946763695,BALANCING
1.77,-0.5631841270183904,-0.9749290870396903,137.7751327384004,0.22100295548788654,BALANCING
1.772,-0.5651301087333124,-0.9712295765173157,137.67525150754014,0.22078189501202394,BALANCING
1.774,-0.567068696624569,-0.9675355469812871,137.57505107481836,0.22056047988735958,BALANCING
1.776,-0.5689999016569465,-0.963846999769777,137.47453268460268,0.2203387119579189,BALANCING
1.778,-0.5709237347978781,-0.9601639361945233,137.3736975793799,0.22011659306444306,BALANCING
1.78,-0.5728402070173921,-0.9564863575408932,137.27254699975575,0.2198941250443896,BALANCING
1.782,-0.5747493292880581,-0.9528142650679431,137.17108218445452,0.21967130973193327,BALANCING
1.784,-0.5766511125849352,-0.9491476600084823,137.06930437031872,0.21944814895796702,BALANCING
1.786,-0.5785455678855191,-0.9454865435691341,136.96721479230868,0.21922464455010243,BALANCING
1.788,-0.5804327061696903,-0.9418309169303982,136.86481468350226,0.2190007983326709,BALANCING
1.79,-0.5823125384196612,-0.9381807812467132,136.76210527509465,0.21877661212672422,BALANCING
1.792,-0.5841850756199249,-0.9345361376465182,136.6590877963979,0.21855208775003546,BALANCING
1.794,-0.5860503287572025,-0.9308969872323138,136.5557634748407,0.2183272270170999,BALANCING
1.796,-0.5879083088203917,-0.9272633310807251,136.45213353596807,0.21810203173913584,BALANCING
1.798,-0.589759026800515,-0.9236351702425631,136.34819920344114,0.21787650372408546,BALANCING
1.8,-0.5916024936906682,-0.9200125057428866,136.24396169903684,0.2176506447766157,BALANCING
1.802,-0.5934387204859688,-0.9163953385810631,136.13942224264764,0.21742445669811922,BALANCING
1.804,-0.595267718183505,-0.9127836697308322,136.0345820522812,0.2171979412867152,BALANCING
1.806,-0.597089497782284,-0.909177500140365,135.92944234406036,0.21697110033725037,BALANCING
1.808,-0.5989040702831816,-0.9055768307323275,135.82400433222267,0.2167439356412998,BALANCING
1.81,-0.6007114466888904,-0.9019816624039412,135.7182692291203,0.21651644898716801,BALANCING
1.812,-0.6025116380038698,-0.8983919960270449,135.61223824521977,0.2162886421598898,BALANCING
1.814,-0.6043046552342949,-0.8948078324481555,135.50591258910174,0.21606051694123135,BALANCING
1.816,-0.6060905093880057,-0.8912291724885308,135.39929346746084,0.2158320751096909,BALANCING
1.818,-0.6078692114744572,-0.8876560169442292,135.29238208510546,0.21560331844050015,BALANCING
1.82,-0.6096407725046686,-0.8840883665861722,135.18517964495754,0.21537424870562485,BALANCING
1.822,-0.6114052034911734,-0.8805262221602047,135.07768734805242,0.2151448676737661,BALANCING
1.824,-0.6131625154479691,-0.8769695843871569,134.96990639353868,0.2149151771103613,BALANCING
1.826,-0.6149127193904671,-0.8734184539629053,134.861837978678,0.21468517877758508,BALANCING
1.828,-0.6166558263354432,-0.8698728315584335,134.75348329884494,0.21445487443435043,BALANCING
1.83,-0.6183918473009881,-0.8663327178198938,134.64484354752682,0.2142242658363097,BALANCING
1.832,-0.6201207933064566,-0.8627981133686674,134.53591991632362,0.21399335473585576,BALANCING
1.834,-0.6218426753724198,-0.8592690188014257,134.42671359494793,0.21376214288212306,BALANCING
1.836,-0.6235575045206143,-0.855745434690192,134.3172257712246,0.21353063202098846,BALANCING
1.838,-0.6252652917738938,-0.8522273615824009,134.20745763109085,0.21329882389507282,BALANCING
1.84,-0.6269660481561796,-0.8487148000009602,134.0974103585961,0.21306672024374154,BALANCING
1.842,-0.628659784692412,-0.8452077504443112,133.98708513590185,0.21283432280310619,BALANCING
1.844,-0.630346512408501,-0.8417062133864898,133.87648314328163,0.21260163330602527,BALANCING
1.846,-0.6320262423312777,-0.8382101892771865,133.76560555912087,0.21236865348210557,BALANCING
1.848,-0.6336989854884457,-0.8347196785418076,133.65445355991693,0.21213538505770316,BALANCING
1.85,-0.6353647529085326,-0.8312346815815355,133.54302832027895,0.2119018297559247,BALANCING
1.852,-0.6370235556208417,-0.8277551987733891,133.4313310129278,0.2116679892966285,BALANCING
1.854,-0.6386754046554034,-0.8242812304702847,133.31936280869618,0.2114338653964258,BALANCING
1.856,-0.6403203110429276,-0.8208127770010958,133.20712487652835,0.21119945976868185,BALANCING
1.858,-0.6419582858147552,-0.8173498386707139,133.0946183834803,0.21096477412351722,BALANCING
1.86,-0.6435893400028105,-0.8138924157601087,132.9818444947196,0.21072981016780892,BALANCING
1.862,-0.645213484639553,-0.8104405085263884,132.8688043735255,0.2104945696051917,BALANCING
1.864,-0.6468307307579301,-0.8069941172028596,132.75549918128885,0.21025905413605928,BALANCING
1.866,-0.6484410893913298,-0.803553241999088,132.64193007751214,0.2100232654575655,BALANCING
1.868,-0.6500445715735326,-0.8001178831009577,132.52809821980946,0.2097872052636258,BALANCING
1.87,-0.6516411883386647,-0.7966880406707325,132.4140047639066,0.20955087524491808,BALANCING
1.872,-0.6532309507211507,-0.7932637148471144,132.29965086364103,0.20931427708888453,BALANCING
1.874,-0.6548138697556665,-0.7898449057453047,132.18503767096195,0.20907741247973244,BALANCING
1.8760000000000001,-0.6563899564770922,-0.7864316134570635,132.0701663359303,0.2088402830984357,BALANCING
1.8780000000000001,-0.6579592219204659,-0.7830238380507692,131.95503800671895,0.20860289062273607,BALANCING
1.8800000000000001,-0.6595216771209359,-0.779621579571479,131.83965382961247,0.20836523672714458,BALANCING
1.8820000000000001,-0.6610773331137154,-0.7762248380409882,131.72401494900754,0.20812732308294277,BALANCING
1.8840000000000001,-0.662626200934035,-0.7728336134578896,131.60812250741282,0.20788915135818398,BALANCING
1.8860000000000001,-0.6641682916170969,-0.7694479057976339,131.49197764544903,0.20765072321769487,BALANCING
1.8880000000000001,-0.6657036161980286,-0.7660677150125886,131.37558150184915,0.20741204032307664,BALANCING
1.8900000000000001,-0.6672321857118365,-0.7626930410320981,131.25893521345847,0.20717310433270641,BALANCING
1.8920000000000001,-0.6687540111933604,-0.7593238837625427,131.14203991523468,0.20693391690173862,BALANCING
1.8940000000000001,-0.6702691036772274,-0.7559602430873983,131.02489674024793,0.20669447968210647,BALANCING
1.8960000000000001,-0.6717774741978056,-0.7526021188672953,130.90750681968106,0.20645479432252323,BALANCING
1.8980000000000001,-0.6732791337891599,-0.7492495109400789,130.7898712828297,0.20621486246848367,BALANCING
1.9000000000000001,-0.6747740934850048,-0.7459024191208672,130.6719912571024,0.20597468576226557,BALANCING
1.9020000000000001,-0.6762623643186603,-0.7425608432021115,130.55386786802072,0.20573426584293103,BALANCING
1.9040000000000001,-0.6777439573230057,-0.7392247829536545,130.43550223921943,0.20549360434632788,BALANCING
1.9060000000000001,-0.6792188835304354,-0.7358942381227901,130.31689549244675,0.20525270290509137,BALANCING
1.9080000000000001,-0.6806871539728127,-0.732569208434322,130.19804874756434,0.2050115631486453,BALANCING
1.9100000000000001,-0.682148779681426,-0.7292496935906229,130.07896312254763,0.2047701867032037,BALANCING
1.9120000000000001,-0.6836037716869432,-0.7259356932716934,129.95963973348591,0.20452857519177234,BALANCING
1.9140000000000001,-0.6850521410193674,-0.722627207135221,129.8400796945826,0.20428673023414995,BALANCING
1.9160000000000001,-0.6864938987079926,-0.7193242348166387,129.72028411815538,0.20404465344693004,BALANCING
1.9180000000000001,-0.6879290557813583,-0.7160267759291841,129.6002541146364,0.20380234644350226,BALANCING
1.92,-0.6893576232672062,-0.7127348300639579,129.47999079257252,0.20355981083405378,BALANCING
1.922,-0.6907796121924354,-0.7094483967899823,129.35949525862557,0.20331704822557112,BALANCING
1.924,-0.6921950335830588,-0.7061674756542603,129.23876861757245,0.20307406022184135,BALANCING
1.926,-0.693603898464158,-0.7028920661818336,129.11781197230547,0.20283084842345395,BALANCING
1.928,-0.6950062178598412,-0.6996221678758416,128.99662642383262,0.20258741442780215,BALANCING
1.93,-0.6964020027931977,-0.6963577802175794,128.8752130712777,0.2023437598290845,BALANCING
1.932,-0.6977912642862555,-0.6930989026665564,128.75357301188063,0.20209988621830657,BALANCING
1.934,-0.699174013359937,-0.6898455346605548,128.63170734099785,0.20185579518328248,BALANCING
1.936,-0.7005502610340163,-0.6865976756156875,128.50961715210227,0.2016114883086364,BALANCING
1.938,-0.7019200183270755,-0.6833553249264569,128.38730353678392,0.20136696717580427,BALANCING
1.94,-0.7032832962564611,-0.6801184819658125,128.26476758475,0.2011222333630353,BALANCING
1.942,-0.7046401058382422,-0.6768871460852092,128.14201038382515,0.2008772884453937,BALANCING
1.944,-0.7059904580871664,-0.673661316614665,128.019033019952,0.20063213399476024,BALANCING
1.946,-0.7073343640166175,-0.6704409928628201,127.89583657719116,0.20038677157983395,BALANCING
1.948,-0.7086718346385725,-0.6672261741169937,127.77242213772179,0.20014120276613362,BALANCING
1.95,-0.7100028809635598,-0.6640168596432423,127.64879078184175,0.19989542911599956,BALANCING
1.952,-0.7113275140006156,-0.6608130486864173,127.52494358796804,0.19964945218859542,BALANCING
1.954,-0.7126457447572422,-0.6576147404702236,127.40088163263705,0.19940327353990955,BALANCING
1.956,-0.713957584239366,-0.6544219341972762,127.276605990505,0.1991568947227568,BALANCING
1.958,-0.7152630434512947,-0.6512346290491584,127.1521177343482,0.19891031728678038,BALANCING
1.96,-0.716562133395676,-0.6480528241864795,127.0274179350634,0.1986635427784533,BALANCING
1.962,-0.717854865073455,-0.6448765187489321,126.90250766166828,0.19841657274108035,BALANCING
1.964,-0.7191412494838331,-0.6417057118553497,126.77738798130167,0.1981694087147995,BALANCING
1.966,-0.7204212976242257,-0.6385404026037643,126.65205995922403,0.1979220522365839,BALANCING
1.968,-0.7216950204902215,-0.6353805900714633,126.5265246588178,0.19767450484024354,BALANCING
1.97,-0.72296242907554,-0.632226273315047,126.40078314158778,0.1974267680564269,BALANCING
1.972,-0.7242235343719912,-0.6290774513704863,126.27483646716149,0.19717884341262273,BALANCING
1.974,-0.7254783473694335,-0.625934123253179,126.1486856932897,0.19693073243316203,BALANCING
1.976,-0.7267268790557335,-0.6227962879580081,126.02233187584675,0.1966824366392195,BALANCING
1.978,-0.7279691404167243,-0.6196639444593978,125.89577606883094,0.19643395754881546,BALANCING
1.98,-0.729205142436165,-0.6165370917113708,125.76901932436505,0.19618529667681772,BALANCING
1.982,-0.7304348960956998,-0.613415728647606,125.64206269269668,0.1959364555349433,BALANCING
1.984,-0.7316584123748177,-0.6102998541814942,125.51490722219881,0.1956874356317601,BALANCING
1.986,-0.7328757022508113,-0.607189467206196,125.3875539593701,0.19543823847268907,BALANCING
1.988,-0.7340867766987375,-0.6040845665946979,125.26000394883539,0.19518886556000556,BALANCING
1.99,-0.7352916466913757,-0.6009851511998693,125.13225823334626,0.19493931839284154,BALANCING
1.992,-0.7364903231991892,-0.597891219854519,125.0043178537814,0.19468959846718736,BALANCING
1.994,-0.7376828171902838,-0.5948027713714523,124.87618384914705,0.19443970727589344,BALANCING
1.996,-0.7388691396303692,-0.5917198045435267,124.7478572565776,0.19418964630867225,BALANCING
1.998,-0.7400493014827174,-0.5886423181437093,124.61933911133596,0.19393941705210008,BALANCING
2.0,-0.7412233137081251,-0.5855703109251321,124.49063044681412,0.19368902098961913,BALANCING
2.0020000000000002,-0.7423911872648721,-0.58250378162115,124.36173229453362,0.1934384596015391,BALANCING
2.004,-0.7435529331086831,-0.5794427289453956,124.2326456841461,0.1931877343650393,BALANCING
2.0060000000000002,-0.7447085621926878,-0.5763871515918357,124.10337164343377,0.19293684675417047,BALANCING
2.008,-0.7458580854673817,-0.5733370482348285,123.97391119830989,0.19268579823985668,BALANCING
2.0100000000000002,-0.7470015138805872,-0.5702924175291786,123.8442653728194,0.19243459028989715,BALANCING
2.012,-0.748138858377414,-0.5672532581101934,123.71443518913937,0.19218322436896837,BALANCING
2.0140000000000002,-0.7492701299002205,-0.5642195685937396,123.58442166757956,0.19193170193862596,BALANCING
2.016,-0.7503953393885751,-0.5611913475762982,123.45422582658304,0.1916800244573065,BALANCING
2.0180000000000002,-0.7515144977792173,-0.5581685936350212,123.3238486827266,0.1914281933803296,BALANCING
2.02,-0.752627616006019,-0.5551513053277872,123.19329125072142,0.19117621015989983,BALANCING
2.0220000000000002,-0.7537347049999464,-0.552139481193257,123.06255454341357,0.19092407624510863,BALANCING
2.024,-0.7548357756890214,-0.5491331197509293,122.93163957178461,0.19067179308193624,BALANCING
2.0260000000000002,-0.7559308389982827,-0.5461322195011965,122.80054734495221,0.19041936211325394,BALANCING
2.028,-0.7570199058497491,-0.5431367789254006,122.66927887017064,0.19016678477882568,BALANCING
2.0300000000000002,-0.7581029871623799,-0.5401467964858876,122.53783515283143,0.18991406251531032,BALANCING
2.032,-0.7591800938520382,-0.5371622706260644,122.40621719646396,0.18966119675626356,BALANCING
2.0340000000000003,-0.7602512368314522,-0.5341831997704531,122.27442600273598,0.18940818893213987,BALANCING
2.036,-0.7613164270101779,-0.531209582324747,122.1424625714544,0.1891550404702947,BALANCING
2.0380000000000003,-0.7623756752945615,-0.5282414166758654,122.01032790056571,0.18890175279498628,BALANCING
2.04,-0.7634289925877019,-0.525278701192009,121.87802298615671,0.18864832732737785,BALANCING
2.0420000000000003,-0.7644763897894131,-0.5223214342227152,121.74554882245509,0.18839476548553954,BALANCING
2.044,-0.7655178777961873,-0.5193696140989127,121.61290640183014,0.1881410686844506,BALANCING
2.0460000000000003,-0.7665534675011572,-0.5164232391329775,121.48009671479328,0.18788723833600124,BALANCING
2.048,-0.7675831697940596,-0.5134823076187868,121.3471207499988,0.18763327584899478,BALANCING
2.05,-0.7686069955611982,-0.5105468178317744,121.21397949424446,0.18737918262914988,BALANCING
2.052,-0.7696249556854061,-0.5076167680289854,121.08067393247215,0.18712496007910245,BALANCING
2.054,-0.7706370610460107,-0.5046921564491313,120.94720504776859,0.1868706095984076,BALANCING
2.056,-0.7716433225187952,-0.5017729813126445,120.81357382136596,0.18661613258354212,BALANCING
2.058,-0.7726437509759633,-0.4988592408217327,120.67978123264264,0.18636153042790635,BALANCING
2.06,-0.7736383572861024,-0.4959509331604338,120.5458282591238,0.18610680452182612,BALANCING
2.062,-0.7746271523141478,-0.4930480564946702,120.41171587648213,0.18585195625255524,BALANCING
2.064,-0.7756101469213457,-0.49015060897230367,120.27744505853859,0.18559698700427738,BALANCING
2.066,-0.7765873519652176,-0.48725858872318933,120.14301677726306,0.18534189815810825,BALANCING
2.068,-0.7775587782995242,-0.4843719938592302,120.00843200277498,0.18508669109209777,BALANCING
2.07,-0.7785244367742301,-0.48149082247443126,119.87369170334425,0.1848313671812322,BALANCING
2.072,-0.7794843382354674,-0.4786150726449543,119.7387968453917,0.1845759277974362,BALANCING
2.074,-0.7804384935255,-0.475744742429171,119.60374839349005,0.1843203743095752,BALANCING
2.076,-0.7813869134826887,-0.4728798298677178,119.4685473103645,0.18406470808345743,BALANCING
2.078,-0.7823296089414555,-0.47002033298355,119.3331945568935,0.18380893048183605,BALANCING
2.08,-0.7832665907322478,-0.46716624978199517,119.1976910921095,0.1835530428644114,BALANCING
2.082,-0.7841978696815043,-0.4643175782508072,119.0620378731997,0.1832970465878333,BALANCING
2.084,-0.7851234566116185,-0.4614743163602208,118.92623585550677,0.18304094300570298,BALANCING
2.086,-0.7860433623409051,-0.4586364620630042,118.79028599252968,0.18278473346857543,BALANCING
2.088,-0.7869575976835641,-0.4558040132945134,118.65418923592439,0.18252841932396185,BALANCING
2.09,-0.7878661734496466,-0.4529769679727461,118.51794653550469,0.18227200191633142,BALANCING
2.092,-0.7887691004450199,-0.45015532399839486,118.38155883924293,0.18201548258711378,BALANCING
2.094,-0.7896663894713329,-0.4473390792549006,118.24502709327078,0.18175886267470123,BALANCING
2.096,-0.7905580513259822,-0.4445282316085062,118.1083522418801,0.18150214351445101,BALANCING
2.098,-0.7914440968020766,-0.44172277890831,117.97153522752367,0.18124532643868743,BALANCING
2.1,-0.7923245366884042,-0.43892271898631874,117.83457699081599,0.18098841277670424,BALANCING
2.102,-0.7931993817693972,-0.43612804965750107,117.69747847053414,0.1807314038547668,BALANCING
2.104,-0.7940686428250987,-0.433338768719841,117.56024060361852,0.1804743009961144,BALANCING
2.106,-0.7949323306311283,-0.4305548739543904,117.42286432517376,0.1802171055209626,BALANCING
2.108,-0.7957904559586483,-0.4277763631253226,117.2853505684694,0.1799598187465053,BALANCING
2.11,-0.7966430295743301,-0.4250032339799852,117.14770026494087,0.1797024419869172,BALANCING
2.112,-0.7974900622403208,-0.42223548424895285,117.0099143441902,0.17944497655335614,BALANCING
2.114,-0.7983315647142095,-0.4194731116460805,116.87199373398698,0.17918742375396518,BALANCING
2.116,-0.7991675477489937,-0.41671611386855567,116.73393936026909,0.1789297848938751,BALANCING
2.118,-0.7999980220930462,-0.4139644885969516,116.59575214714363,0.17867206127520666,BALANCING
2.12,-0.8008229984900824,-0.41121823349528003,116.45743301688773,0.17841425419707294,BALANCING
2.122,-0.8016424876791265,-0.4084773462110431,116.31898288994944,0.1781563649555816,BALANCING
2.124,-0.8024565003944789,-0.40574182437528694,116.18040268494855,0.1778983948438372,BALANCING
2.126,-0.8032650473656834,-0.40301166560265317,116.04169331867755,0.17764034515194377,BALANCING
2.128,-0.8040681393174941,-0.40028686749143205,115.90285570610241,0.17738221716700678,BALANCING
2.13,-0.8048657869698432,-0.3975674276236143,115.76389076036352,0.17712401217313578,BALANCING
2.132,-0.805658001037808,-0.39485334356494367,115.6247993927766,0.1768657314514467,BALANCING
2.134,-0.8064447922315792,-0.39214461286496893,115.48558251283347,0.17660737628006415,BALANCING
2.136,-0.8072261712564274,-0.3894412330570964,115.34624102820314,0.17634894793412384,BALANCING
2.138,-0.808002148812672,-0.3867432016586416,115.20677584473253,0.17609044768577498,BALANCING
2.14,-0.8087727355956483,-0.3840505161708816,115.06718786644754,0.17583187680418258,BALANCING
2.142,-0.8095379422956761,-0.3813631740791068,114.92747799555384,0.17557323655553,BALANCING
2.144,-0.8102977795980274,-0.3786811728526728,114.78764713243783,0.17531452820302115,BALANCING
2.146,-0.8110522581828943,-0.3760045099450524,114.64769617566758,0.175055753006883,BALANCING
2.148,-0.8118013887253579,-0.3733331827938873,114.50762602199379,0.17479691222436802,BALANCING
2.15,-0.8125451818953565,-0.37066718882103944,114.36743756635063,0.1745380071097566,BALANCING
2.152,-0.813283648357654,-0.36800652543264334,114.2271317018568,0.17427903891435928,BALANCING
2.154,-0.8140167987718083,-0.36535119001915695,114.08670931981638,0.17402000888651944,BALANCING
2.156,-0.8147446437921404,-0.36270117995541346,113.94617130971983,0.1737609182716156,BALANCING
2.158,-0.8154671940677031,-0.3600564926006725,113.80551855924494,0.173501768312064,BALANCING
2.16,-0.8161844602422496,-0.35741712529867226,113.66475195425778,0.1732425602473207,BALANCING
2.162,-0.8168964529542028,-0.35478307537767984,113.52387237881369,0.17298329531388448,BALANCING
2.164,-0.8176031828366245,-0.3521543401505427,113.38288071515822,0.17272397474529894,BALANCING
2.166,-0.8183046605171843,-0.3495309169147401,113.24177784372814,0.17246459977215525,BALANCING
2.168,-0.8190008966181292,-0.3469128029524342,113.10056464315241,0.1722051716220944,BALANCING
2.17,-0.819691901756253,-0.344299995530521,112.95924199025315,0.1719456915198097,BALANCING
2.172,-0.8203776865428652,-0.34169249190068085,112.81781076004664,0.17168616068704956,BALANCING
2.174,-0.8210582615837618,-0.3390902892994304,112.67627182574435,0.17142658034261946,BALANCING
2.176,-0.821733637479194,-0.33649338494817216,112.5346260587539,0.1711669517023849,BALANCING
2.178,-0.8224038248238386,-0.3339017760532461,112.3928743286801,0.17090727597927372,BALANCING
2.18,-0.8230688342067672,-0.33131545980598026,112.25101750332593,0.17064755438327855,BALANCING
2.182,-0.8237286762114175,-0.3287344333827411,112.10905644869355,0.17038778812145947,BALANCING
2.184,-0.8243833614155622,-0.32615869394498403,111.96699202898543,0.1701279783979464,BALANCING
2.186,-0.8250329003912799,-0.32358823863930436,111.82482510660522,0.1698681264139417,BALANCING
2.188,-0.825677303704925,-0.32102306459748714,111.68255654215888,0.16960823336772274,BALANCING
2.19,-0.8263165819170986,-0.31846316893655824,111.54018719445568,0.1693483004546442,BALANCING
2.192,-0.8269507455826187,-0.3159085487588337,111.39771792050927,0.1690883288671409,BALANCING
2.194,-0.827579805250491,-0.31335920115197063,111.25514957553871,0.1688283197947303,BALANCING
2.196,-0.8282037714638797,-0.31081512318901755,111.11248301296952,0.16856827442401487,BALANCING
2.198,-0.8288226547600779,-0.3082763119284637,110.96971908443474,0.16830819393868476,BALANCING
2.2,-0.8294364656704789,-0.30574276441428966,110.82685863977599,0.16804807951952047,BALANCING
2.202,-0.8300452147205476,-0.30321447767601717,110.68390252704454,0.16778793234439518,BALANCING
2.204,-0.8306489124297906,-0.3006914487287589,110.54085159250238,0.16752775358827757,BALANCING
2.206,-0.8312475693117284,-0.2981736745732683,110.39770668062326,0.16726754442323422,BALANCING
2.208,-0.8318411958738663,-0.29566115219598943,110.25446863409387,0.16700730601843233,BALANCING
2.21,-0.832429802617666,-0.29315387856910663,110.11113829381478,0.16674703954014222,BALANCING
2.212,-0.8330134000385168,-0.2906518506505942,109.96771649890165,0.16648674615173997,BALANCING
2.214,-0.8335919986257078,-0.2881550653842659,109.8242040866863,0.16622642701371,BALANCING
2.216,-0.834165608862399,-0.2856635196998242,109.68060189271773,0.16596608328364765,BALANCING
2.218,-0.8347342412255937,-0.28317721051290995,109.53691075076335,0.16570571611626192,BALANCING
2.22,-0.83529790618611,-0.28069613472515176,109.39313149281,0.1654453266633779,BALANCING
2.222,-0.835856614208553,-0.27822028922421504,109.24926494906505,0.16518491607393965,BALANCING
2.224,-0.8364103757512868,-0.27574967088385166,109.1053119479576,0.16492448549401242,BALANCING
2.226,-0.8369592012664073,-0.2732842765639483,108.96127331613953,0.16466403606678576,BALANCING
2.228,-0.8375031011997134,-0.27082410311057636,108.81714987848663,0.16440356893257582,BALANCING
2.23,-0.8380420859906806,-0.26836914735604034,108.67294245809981,0.16414308522882826,BALANCING
2.232,-0.8385761660724328,-0.2659194061189274,108.52865187630613,0.1638825860901205,BALANCING
2.234,-0.8391053518717151,-0.2634748762041556,108.38427895266001,0.1636220726481649,BALANCING
2.236,-0.8396296538088664,-0.26103555440302306,108.23982450494434,0.1633615460318109,BALANCING
2.238,-0.8401490822977928,-0.25860143749325654,108.09528934917165,0.16310100736704822,BALANCING
2.24,-0.8406636477459394,-0.2561725222390603,107.95067429958523,0.1628404577770089,BALANCING
2.242,-0.8411733605542644,-0.25374880539116446,107.80598016866034,0.16257989838197057,BALANCING
2.244,-0.8416782311172117,-0.2513302836868736,107.66120776710535,0.16231933029935885,BALANCING
2.246,-0.8421782698226841,-0.24891695385011542,107.51635790386288,0.16205875464374997,BALANCING
2.248,-0.8426734870520164,-0.24650881259148885,107.371431386111,0.16179817252687362,BALANCING
2.25,-0.8431638931799496,-0.24410585660831233,107.22642901926442,0.16153758505761556,BALANCING
2.2520000000000002,-0.8436494985746031,-0.2417080825846723,107.0813516069756,0.1612769933420204,BALANCING
2.254,-0.8441303135974499,-0.23931548719147147,106.93619995113603,0.1610163984832942,BALANCING
2.2560000000000002,-0.8446063486032885,-0.23692806708647654,106.79097485187735,0.1607558015818072,BALANCING
2.258,-0.8450776139402183,-0.2345458189143668,106.64567710757257,0.16049520373509657,BALANCING
2.2600000000000002,-0.8455441199496123,-0.23216873930678128,106.50030751483726,0.16023460603786924,BALANCING
2.262,-0.8460058769660918,-0.22979682488236744,106.35486686853075,0.15997400958200436,BALANCING
2.2640000000000002,-0.8464628953174999,-0.22743007224682874,106.20935596175734,0.15971341545655626,BALANCING
2.266,-0.8469151853248762,-0.2250684779929724,106.06377558586752,0.15945282474775707,BALANCING
2.2680000000000002,-0.8473627573024307,-0.22271203870075695,105.91812653045915,0.15919223853901956,BALANCING
2.27,-0.8478056215575185,-0.22036075093734028,105.77240958337872,0.15893165791093972,BALANCING
2.2720000000000002,-0.8482437883906134,-0.2180146112571267,105.62662553072255,0.15867108394129964,BALANCING
2.274,-0.8486772680952839,-0.2156736162018148,105.480775156838,0.15841051770507025,BALANCING
2.2760000000000002,-0.8491060709581661,-0.21333776230044457,105.3348592443248,0.15814996027441408,BALANCING
2.278,-0.8495302072589404,-0.2110070460694453,105.1888785740361,0.15788941271868792,BALANCING
2.2800000000000002,-0.849949687270304,-0.20868146401268212,105.04283392507986,0.1576288761044458,BALANCING
2.282,-0.8503645212579479,-0.20636101262150386,104.8967260748201,0.1573683514954414,BALANCING
2.2840000000000003,-0.8507747194805311,-0.20404568837478992,104.75055579887798,0.15710783995263128,BALANCING
2.286,-0.8511802921896552,-0.2017354877389973,104.60432387113332,0.1568473425341774,BALANCING
2.2880000000000003,-0.8515812496298405,-0.1994304071682078,104.45803106372557,0.15658686029544983,BALANCING
2.29,-0.8519776020385008,-0.1971304431041748,104.31167814705528,0.1563263942890297,BALANCING
2.2920000000000003,-0.8523693596459189,-0.1948355919763701,104.16526588978526,0.156065945564712,BALANCING
2.294,-0.8527565326752221,-0.19254585020203105,104.0187950588419,0.15580551516950833,BALANCING
2.2960000000000003,-0.8531391313423577,-0.19026121418620698,103.87226641941639,0.15554510414764963,BALANCING
2.298,-0.853517165856069,-0.187981680321806,103.72568073496605,0.15528471354058906,BALANCING
2.3000000000000003,-0.8538906464178702,-0.1857072449896413,103.57903876721554,0.15502434438700483,BALANCING
2.302,-0.8542595832220233,-0.18343790455847805,103.43234127615824,0.15476399772280303,BALANCING
2.3040000000000003,-0.8546239864555137,-0.18117365538507976,103.28558902005744,0.15450367458112038,BALANCING
2.306,-0.854983866298026,-0.17891449381425467,103.1387827554477,0.15424337599232707,BALANCING
2.308,-0.8553392329219202,-0.17666041617890205,102.99192323713612,0.15398310298402967,BALANCING
2.31,-0.8556900964922082,-0.1744114188000585,102.84501121820364,0.15372285658107382,BALANCING
2.312,-0.8560364671665298,-0.17216749798694378,102.69804745000633,0.1534626378055472,BALANCING
2.314,-0.8563783550951294,-0.16992865003700747,102.55103268217675,0.15320244767678243,BALANCING
2.316,-0.8567157704208322,-0.1676948712359748,102.40396766262516,0.15294228721135955,BALANCING
2.318,-0.8570487232790214,-0.16546615785789237,102.25685313754094,0.1526821574231094,BALANCING
2.32,-0.8573772237976137,-0.16324250616517447,102.10968985139388,0.152422059323116,BALANCING
2.322,-0.8577012820970377,-0.16102391240864858,101.96247854693543,0.15216199391971974,BALANCING
2.324,-0.8580209082902092,-0.15881037282760133,101.81521996520014,0.15190196221852004,BALANCING
2.326,-0.8583361124825093,-0.1566018836498239,101.66791484550693,0.15164196522237838,BALANCING
2.328,-0.8586469047717611,-0.15439844109165823,101.52056392546038,0.151382003931421,BALANCING
2.33,-0.8589532952482065,-0.1522000413580419,101.37316794095216,0.15112207934304195,BALANCING
2.332,-0.859255293994484,-0.1500066806425543,101.22572762616232,0.15086219245190569,BALANCING
2.334,-0.8595529110856054,-0.1478183551274611,101.07824371356062,0.1506023442499504,BALANCING
2.336,-0.8598461565889339,-0.14563506098376083,100.93071693390793,0.15034253572639042,BALANCING
2.338,-0.8601350405641613,-0.14345679437122902,100.78314801625754,0.15008276786771954,BALANCING
2.34,-0.8604195730632856,-0.14128355143846408,100.63553768795653,0.14982304165771354,BALANCING
2.342,-0.8606997641305886,-0.1391153283229322,100.48788667464711,0.14956335807743337,BALANCING
2.344,-0.8609756238026136,-0.1369521211510125,100.34019570026803,0.14930371810522783,BALANCING
2.346,-0.8612471621081437,-0.13479392603804188,100.19246548705588,0.14904412271673664,BALANCING
2.348,-0.8615143890681793,-0.13264073908836013,100.04469675554655,0.14878457288489325,BALANCING
2.35,-0.8617773146959169,-0.13049255639535468,99.89689022457652,0.14852506957992798,BALANCING
2.352,-0.8620359489967261,-0.12834937404150568,99.74904661128429,0.1482656137693704,BALANCING
2.354,-0.8622903019681285,-0.1262111880984299,99.60116663111171,0.14800620641805293,BALANCING
2.356,-0.8625403835997763,-0.1240779946269265,99.45325099780541,0.14774684848811323,BALANCING
2.358,-0.8627862038734301,-0.12194978967702061,99.3053004234182,0.14748754093899746,BALANCING
2.36,-0.8630277727629379,-0.11982656928800853,99.1573156183104,0.1472282847274631,BALANCING
2.362,-0.8632651002342131,-0.11770832948850193,99.0092972911513,0.14696908080758175,BALANCING
2.364,-0.863498196245214,-0.11559506629647194,98.86124614892051,0.1467099301307423,BALANCING
2.366,-0.8637270707459216,-0.1134867757192939,98.71316289690938,0.14645083364565376,BALANCING
2.368,-0.8639517336783192,-0.11138345375379155,98.56504823872245,0.1461917922983482,BALANCING
2.37,-0.8641721949763714,-0.10928509638628055,98.41690287627877,0.14593280703218367,BALANCING
2.372,-0.8643884645660024,-0.10719169959261339,98.26872750981336,0.14567387878784738,BALANCING
2.374,-0.8646005523650756,-0.10510325933822316,98.12052283787867,0.14541500850335823,BALANCING
2.376,-0.8648084682833729,-0.10301977157816711,97.97228955734589,0.14515619711407018,BALANCING
2.378,-0.8650122222225738,-0.10094123225717104,97.82402836340651,0.1448974455526751,BALANCING
2.38,-0.8652118240762349,-0.0988676373096729,97.67573994957363,0.14463875474920557,BALANCING
2.382,-0.865407283729769,-0.09679898265986638,97.52742500768342,0.14438012563103797,BALANCING
2.384,-0.8655986110604256,-0.09473526422174465,97.37908422789663,0.14412155912289568,BALANCING
2.386,-0.8657858159372691,-0.09267647789914438,97.23071829869988,0.14386305614685155,BALANCING
2.388,-0.8659689082211601,-0.0906226195857885,97.08232790690725,0.1436046176223314,BALANCING
2.39,-0.866147897764734,-0.0885736851653305,96.93391373766161,0.14334624446611663,BALANCING
2.392,-0.8663227944123814,-0.08652967051139687,96.78547647443615,0.1430879375923475,BALANCING
2.394,-0.8664936080002282,-0.08449057148763144,96.63701679903575,0.1428296979125259,BALANCING
2.396,-0.8666603483561156,-0.08245638394773798,96.48853539159849,0.1425715263355183,BALANCING
2.398,-0.8668230252995799,-0.08042710373552323,96.34003293059708,0.1423134237675592,BALANCING
2.4,-0.8669816486418334,-0.07840272668494079,96.19151009284033,0.14205539111225346,BALANCING
2.402,-0.867136228185744,-0.07638324862013318,96.04296755347464,0.1417974292705799,BALANCING
2.404,-0.8672867737258165,-0.07436866535547566,95.89440598598537,0.14153953914089396,BALANCING
2.406,-0.8674332950481725,-0.07235897269561858,95.74582606219842,0.1412817216189308,BALANCING
2.408,-0.8675758019305305,-0.0703541664355305,95.59722845228166,0.14102397759780835,BALANCING
2.41,-0.8677143041421883,-0.06835424236054077,95.44861382474635,0.14076630796803036,BALANCING
2.412,-0.8678488114440017,-0.06635919624638237,95.29998284644873,0.1405087136174893,BALANCING
2.414,-0.8679793335883669,-0.06436902385923422,95.15133618259138,0.14025119543146944,BALANCING
2.416,-0.8681058803192006,-0.06238372095576416,95.00267449672481,0.13999375429264996,BALANCING
2.418,-0.8682284613719213,-0.060403283283171114,94.85399845074885,0.13973639108110789,BALANCING
2.42,-0.8683470864734306,-0.058427706579227724,94.70530870491423,0.1394791066743211,BALANCING
2.422,-0.8684617653420941,-0.05645698657232242,94.556605917824,0.13922190194717143,BALANCING
2.424,-0.8685725076877225,-0.054491118981501725,94.40789074643511,0.13896477777194782,BALANCING
2.426,-0.8686793232115535,-0.052530099516512975,94.2591638460598,0.13870773501834904,BALANCING
2.428,-0.8687822216062329,-0.050573923877845574,94.11042587036721,0.13845077455348706,BALANCING
2.43,-0.8688812125557961,-0.04862258775677365,93.96167747138479,0.13819389724188996,BALANCING
2.432,-0.8689763057356499,-0.04667608683539798,93.81291929949988,0.1379371039455049,BALANCING
2.434,-0.8690675108125542,-0.04473441678668775,93.6641520034612,0.13768039552370132,BALANCING
2.436,-0.8691548374446034,-0.042797573274522195,93.51537623038035,0.13742377283327403,BALANCING
2.438,-0.8692382952812091,-0.040865551953733065,93.36659262573336,0.13716723672844602,BALANCING
2.44,-0.8693178939630808,-0.03893834847014571,93.21780183336216,0.13691078806087184,BALANCING
2.442,-0.869393643122209,-0.03701595846062102,93.06900449547614,0.13665442767964034,BALANCING
2.444,-0.8694655523818473,-0.03509837755309665,92.92020125265365,0.136398156431278,BALANCING
2.446,-0.8695336313564934,-0.033185601366628806,92.7713927438436,0.136141975159752,BALANCING
2.448,-0.8695978896518729,-0.03127762551143365,92.62257960636688,0.13588588470647303,BALANCING
2.45,-0.8696583368649208,-0.029374445588928697,92.47376247591798,0.1356298859102987,BALANCING
2.452,-0.8697149825837641,-0.027476057191773897,92.3249419865665,0.13537397960753633,BALANCING
2.454,-0.8697678363877044,-0.02558245590391297,92.1761187707587,0.13511816663194628,BALANCING
2.456,-0.8698169078472004,-0.023693637300614624,92.027293459319,0.13486244781474482,BALANCING
2.458,-0.8698622065238509,-0.021809596948513362,91.8784666814516,0.1346068239846074,BALANCING
2.46,-0.869903741970377,-0.019930330405650835,91.72963906474195,0.13435129596767165,BALANCING
2.462,-0.8699415237306056,-0.01805583322151658,91.58081123515838,0.13409586458754041,BALANCING
2.464,-0.8699755613394519,-0.016186100937088967,91.43198381705356,0.13384053066528495,BALANCING
2.466,-0.8700058643229026,-0.014321129084875695,91.28315743316621,0.133585295019448,BALANCING
2.468,-0.8700324421979989,-0.012460913188954955,91.13433270462244,0.13333015846604693,BALANCING
2.47,-0.8700553044728199,-0.010605448765015927,90.98551025093752,0.13307512181857667,BALANCING
2.472,-0.8700744606464655,-0.008754731320399153,90.83669069001733,0.13282018588801306,BALANCING
2.474,-0.8700899202090402,-0.006908756354137246,90.68787463815994,0.13256535148281573,BALANCING
2.476,-0.8701016926416362,-0.00506751935699535,90.53906271005724,0.1323106194089314,BALANCING
2.478,-0.8701097874163167,-0.0032310158115115436,90.39025551879642,0.13205599046979685,BALANCING
2.48,-0.8701142139961003,-0.0013992411920369212,90.24145367586164,0.1318014654663421,BALANCING
2.482,-0.8701149818349438,0.00042780903522412594,90.09265779113554,0.13154704519699362,BALANCING
2.484,-0.8701121003777266,0.0022501394121732833,89.94386847290089,0.13129273045767723,BALANCING
2.486,-0.8701055790602337,0.004067754488779048,89.79508632784206,0.1310385220418214,BALANCING
2.488,-0.8700954273091406,0.005880658823035945,89.64631196104672,0.1307844207403603,BALANCING
2.49,-0.8700816545419968,0.007688856980925047,89.4975459760074,0.1305304273417371,BALANCING
2.492,-0.8700642701672097,0.009492353536373663,89.34878897462306,0.1302765426319067,BALANCING
2.494,-0.870043283584029,0.011291153071216135,89.20004155720063,0.13002276739433924,BALANCING
2.496,-0.8700187041825311,0.013085260175153622,89.05130432245677,0.1297691024100232,BALANCING
2.498,-0.8699905413436029,0.01487467944571449,88.9025778675193,0.1295155484574683,BALANCING
2.5,-0.8699588044389266,0.01665941548821504,88.75386278792888,0.12926210631270887,BALANCING
2.5020000000000002,-0.8699235028309641,0.018439472915719422,88.60515967764063,0.12900877674930689,BALANCING
2.504,-0.8698846458729413,0.02021485634900047,88.45646912902566,0.12875556053835513,BALANCING
2.5060000000000002,-0.8698422429088333,0.021985570416500597,88.3077917328728,0.1285024584484804,BALANCING
2.508,-0.8697963032733481,0.023751619754291846,88.1591280783901,0.1282494712458465,BALANCING
2.5100000000000002,-0.8697468362919127,0.025513009006037198,88.01047875320647,0.1279965996941576,BALANCING
2.512,-0.8696938512806567,0.027269742822951026,87.86184434337336,0.1277438445546612,BALANCING
2.5140000000000002,-0.8696373575463979,0.02902182586376028,87.71322543336628,0.12749120658615135,BALANCING
2.516,-0.8695773643866276,0.03076926279466539,87.56462260608652,0.12723868654497195,BALANCING
2.5180000000000002,-0.8695138810894947,0.03251205828930073,87.41603644286269,0.12698628518501967,BALANCING
2.52,-0.8694469169337921,0.03425021702869665,87.26746752345241,0.12673400325774725,BALANCING
2.5220000000000002,-0.8693764811889406,0.03598374370123993,87.1189164260439,0.12648184151216665,BALANCING
2.524,-0.8693025831149759,0.03771264300263537,86.97038372725763,0.12622980069485223,BALANCING
2.5260000000000002,-0.8692252319625322,0.03943691963586675,86.82187000214793,0.1259778815499438,BALANCING
2.528,-0.8691444369728291,0.04115657831115878,86.67337582420465,0.12572608481914996,BALANCING
2.5300000000000002,-0.8690602073776563,0.04287162374593789,86.52490176535484,0.12547441124175115,BALANCING
2.532,-0.8689725523993597,0.04458206066479439,86.37644839596425,0.12522286155460288,BALANCING
2.5340000000000003,-0.8688814812508266,0.04628789379944369,86.2280162848391,0.12497143649213893,BALANCING
2.536,-0.8687870031354727,0.04798912788868754,86.07960599922772,0.12472013678637438,BALANCING
2.5380000000000003,-0.8686891272472262,0.04968576767837674,85.93121810482215,0.12446896316690897,BALANCING
2.54,-0.868587862770515,0.05137781792137217,85.78285316575976,0.12421791636093023,BALANCING
2.5420000000000003,-0.8684832188802526,0.0530652833775069,85.63451174462502,0.12396699709321658,BALANCING
2.544,-0.8683752047418236,0.05474816881354813,85.48619440245103,0.12371620608614059,BALANCING
2.5460000000000003,-0.8682638295110705,0.0564264790031593,85.33790169872123,0.12346554405967214,BALANCING
2.548,-0.8681491023342797,0.05810021872686183,85.18963419137107,0.12321501173138168,BALANCING
2.5500000000000003,-0.8680310323481676,0.059769392771997595,85.04139243678966,0.12296460981644328,BALANCING
2.552,-0.8679096286798674,0.06143400593269107,84.89317698982141,0.12271433902763794,BALANCING
2.5540000000000003,-0.8677849004469154,0.06309406300981144,84.74498840376772,0.12246420007535674,BALANCING
2.556,-0.8676568567572374,0.06474956881093509,84.59682723038866,0.12221419366760404,BALANCING
2.5580000000000003,-0.8675255067091355,0.06640052815030813,84.4486940199046,0.12196432051000071,BALANCING
2.56,-0.8673908593912751,0.06804694584880856,84.30058932099787,0.1217145813057872,BALANCING
2.562,-0.8672529238826708,0.06968882673390919,84.15251368081454,0.12146497675582693,BALANCING
2.564,-0.8671117092526743,0.07132617563964014,84.00446764496596,0.12121550755860937,BALANCING
2.566,-0.8669672245609605,0.0729589974065514,83.85645175753052,0.12096617441025327,BALANCING
2.568,-0.8668194788575151,0.07458729688167574,83.7084665610553,0.12071697800450987,BALANCING
2.57,-0.8666684811826209,0.07621107891849156,83.56051259655777,0.12046791903276609,BALANCING
2.572,-0.866514240566846,0.07783034837688574,83.41259040352745,0.12021899818404778,BALANCING
2.574,-0.8663567660310301,0.0794451101231166,83.2647005199276,0.1199702161450229,BALANCING
2.576,-0.8661960665862724,0.08105536902977702,83.116843482197,0.11972157360000477,BALANCING
2.578,-0.8660321512339186,0.0826611299757575,82.96901982525141,0.11947307123095516,BALANCING
2.58,-0.8658650289655486,0.08426239784620936,82.82123008248554,0.11922470971748765,BALANCING
2.582,-0.8656947087629637,0.08585917753250807,82.67347478577456,0.11897648973687082,BALANCING
2.584,-0.8655211995981746,0.08745147393221636,82.52575446547584,0.1187284119640314,BALANCING
2.586,-0.8653445104333888,0.08903929194904787,82.37806965043069,0.11848047707155755,BALANCING
2.588,-0.8651646502209981,0.0906226364928305,82.23042086796599,0.11823268572970207,BALANCING
2.59,-0.864981627903567,0.09220151247946974,82.08280864389594,0.11798503860638557,BALANCING
2.592,-0.8647954524138205,0.09377592483091271,81.93523350252379,0.11773753636719976,BALANCING
2.594,-0.8646061326746314,0.09534587847511139,81.78769596664347,0.11749017967541067,BALANCING
2.596,-0.8644136775990088,0.09691137834598673,81.64019655754134,0.1172429691919619,BALANCING
2.598,-0.8642180960900865,0.09847242938339212,81.49273579499791,0.11699590557547768,BALANCING
2.6,-0.8640193970411105,0.10002903653307763,81.34531419728954,0.11674898948226638,BALANCING
2.602,-0.8638175893354278,0.1015812047466535,81.19793228119013,0.11650222156632346,BALANCING
2.604,-0.8636126818464747,0.10312893898155442,81.05059056197288,0.11625560247933493,BALANCING
2.606,-0.8634046834377643,0.10467224420100382,80.90328955341197,0.11600913287068042,BALANCING
2.608,-0.8631936029628764,0.10621112537397769,80.75602976778427,0.11576281338743649,BALANCING
2.61,-0.862979449265445,0.10774558747516882,80.60881171587114,0.11551664467437989,BALANCING
2.612,-0.862762231179147,0.10927563548495134,80.46163590696005,0.11527062737399074,BALANCING
2.614,-0.8625419575276914,0.1108012743893448,80.31450284884637,0.11502476212645579,BALANCING
2.616,-0.8623186371248075,0.11232250917997882,80.16741304783504,0.11477904956967165,BALANCING
2.618,-0.862092278774234,0.11383934485405738,80.0203670087424,0.11453349033924806,BALANCING
2.62,-0.8618628912697079,0.11535178641432349,79.8733652348978,0.11428808506851114,BALANCING
2.622,-0.8616304833949534,0.11685983886902397,79.7264082281454,0.11404283438850651,BALANCING
2.624,-0.8613950639236708,0.11836350723187394,79.57949648884589,0.1137977389280028,BALANCING
2.626,-0.8611566416195258,0.11986279652202156,79.43263051587823,0.11355279931349456,BALANCING
2.628,-0.8609152252361383,0.12135771176401311,79.28581080664136,0.11330801616920579,BALANCING
2.63,-0.8606708235170725,0.12284825798775761,79.139037857056,0.11306339011709303,BALANCING
2.632,-0.860423445195825,0.12433444022849206,78.99231216156629,0.11281892177684863,BALANCING
2.634,-0.8601730989958154,0.12581626352674638,78.84563421314161,0.11257461176590407,BALANCING
2.636,-0.8599197936303749,0.12729373292830853,78.69900450327833,0.11233046069943312,BALANCING
2.638,-0.859663537802736,0.1287668534841895,78.55242352200149,0.11208646919035516,BALANCING
2.64,-0.8594043402060223,0.13023563025058907,78.40589175786664,0.11184263784933841,BALANCING
2.642,-0.8591422095232382,0.13170006828886055,78.25940969796147,0.11159896728480323,BALANCING
2.644,-0.8588771544272582,0.13316017266547647,78.11297782790768,0.11135545810292524,BALANCING
2.646,-0.8586091835808172,0.13461594845199407,77.96659663186263,0.11111211090763874,BALANCING
2.648,-0.8583383056365,0.1360674007250207,77.82026659252115,0.11086892630063988,BALANCING
2.65,-0.8580645292367316,0.13751453456617937,77.67398819111729,0.11062590488138983,BALANCING
2.652,-0.8577878630137665,0.13895735506207463,77.52776190742607,0.1103830472471183,BALANCING
2.654,-0.8575083155896799,0.14039586730425818,77.38158821976525,0.11014035399282658,BALANCING
2.656,-0.8572258955763566,0.14183007638919448,77.23546760499704,0.10989782571129084,BALANCING
2.658,-0.8569406115754823,0.14325998741822701,77.08940053852992,0.10965546299306538,BALANCING
2.66,-0.8566524721785331,0.1446856054975439,76.9433874943204,0.10941326642648602,BALANCING
2.662,-0.8563614859667664,0.14610693573814404,76.79742894487474,0.10917123659767324,BALANCING
2.664,-0.8560676615112107,0.14752398325580315,76.65152536125075,0.10892937409053541,BALANCING
2.666,-0.8557710073726568,0.1489367531710399,76.50567721305953,0.10868767948677224,BALANCING
2.668,-0.8554715321016477,0.1503452506090821,76.35988496846727,0.10844615336587779,BALANCING
2.67,-0.8551692442384696,0.151749480699833,76.21414909419701,0.10820479630514397,BALANCING
2.672,-0.8548641523131426,0.1531494485778376,76.06847005553043,0.1079636088796637,BALANCING
2.674,-0.8545562648454111,0.15454515938224925,75.92284831630953,0.10772259166233417,BALANCING
2.676,-0.8542455903447352,0.1559366182567958,75.77728433893854,0.10748174522386009,BALANCING
2.678,-0.8539321373102812,0.15732383034974645,75.63177858438563,0.1072410701327571,BALANCING
2.68,-0.8536159142309121,0.1587068008138782,75.48633151218463,0.10700056695535487,BALANCING
2.682,-0.8532969295851798,0.16008553480644244,75.34094358043696,0.10676023625580046,BALANCING
2.684,-0.8529751918413151,0.16146003748913193,75.1956152458132,0.10652007859606152,BALANCING
2.686,-0.8526507094572194,0.1628303140280476,75.05034696355511,0.10628009453592974,BALANCING
2.688,-0.8523234908804559,0.16419636959366526,74.9051391874772,0.10604028463302385,BALANCING
2.69,-0.8519935445482405,0.1655582093608027,74.75999236996867,0.10580064944279317,BALANCING
2.692,-0.8516608788874335,0.16691583850858654,74.61490696199509,0.10556118951852068,BALANCING
2.694,-0.8513255023145312,0.16826926222041957,74.46988341310023,0.10532190541132641,BALANCING
2.696,-0.8509874232356567,0.16961848568394786,74.32492217140789,0.10508279767017072,BALANCING
2.698,-0.8506466500465524,0.17096351409102753,74.1800236836236,0.10484386684185738,BALANCING
2.7,-0.8503031911325706,0.17230435263769278,74.03518839503649,0.1046051134710372,BALANCING
2.702,-0.8499570548686658,0.17364100652412276,73.89041674952101,0.10436653810021095,BALANCING
2.704,-0.8496082496193865,0.1749734809546091,73.7457091895388,0.10412814126973291,BALANCING
2.706,-0.8492567837388667,0.17630178113752346,73.60106615614043,0.10388992351781397,BALANCING
2.708,-0.8489026655708176,0.17762591228528501,73.45648808896726,0.10365188538052503,BALANCING
2.71,-0.8485459034485204,0.1789458796143281,73.31197542625313,0.10341402739180021,BALANCING
2.712,-0.8481865056948175,0.1802616883450699,73.16752860482623,0.10317635008344009,BALANCING
2.714,-0.8478244806221044,0.18157334370187833,73.02314806011094,0.10293885398511513,BALANCING
2.716,-0.847459836532323,0.18288085091303977,72.87883422612951,0.10270153962436879,BALANCING
2.718,-0.8470925817169526,0.1841842152107269,72.73458753550402,0.10246440752662096,BALANCING
2.72,-0.8467227244570025,0.1854834418309666,72.590408419458,0.10222745821517108,BALANCING
2.722,-0.8463502730230047,0.18677853601360841,72.44629730781841,0.10199069221120163,BALANCING
2.724,-0.8459752356750059,0.18806950300229217,72.30225462901734,0.1017541100337812,BALANCING
2.726,-0.8455976206625601,0.18935634804441628,72.15828081009384,0.10151771219986791,BALANCING
2.728,-0.8452174362247209,0.1906390763911062,72.01437627669573,0.10128149922431266,BALANCING
2.73,-0.8448346905900348,0.1919176932971823,71.87054145308144,0.10104547161986237,BALANCING
2.732,-0.8444493919765326,0.19319220402112866,71.72677676212177,0.10080962989716334,BALANCING
2.734,-0.8440615485917233,0.19446261382506116,71.58308262530173,0.10057397456476444,BALANCING
2.736,-0.8436711686325864,0.19572892797469638,71.43945946272234,0.10033850612912054,BALANCING
2.738,-0.8432782602855644,0.19699115173931955,71.29590769310246,0.10010322509459557,BALANCING
2.74,-0.8428828317265564,0.19824929039175393,71.15242773378061,0.09986813196346608,BALANCING
2.742,-0.8424848911209105,0.19950334920832877,71.00902000071675,0.09963322723592426,BALANCING
2.744,-0.8420844466234169,0.20075333346884877,70.86568490849413,0.09939851141008145,BALANCING
2.746,-0.8416815063783012,0.20199924845656247,70.72242287032111,0.09916398498197125,BALANCING
2.748,-0.8412760785192174,0.2032410994581311,70.57923429803293,0.09892964844555295,BALANCING
2.75,-0.8408681711692412,0.20447889176359788,70.43611960209361,0.09869550229271465,BALANCING
2.7520000000000002,-0.840457792440863,0.20571263066635692,70.29307919159771,0.09846154701327677,BALANCING
2.754,-0.8400449504359819,0.20694232146312208,70.15011347427217,0.09822778309499507,BALANCING
2.7560000000000002,-0.8396296532458981,0.20816796945389654,70.00722285647814,0.0979942110235642,BALANCING
2.758,-0.8392119089513073,0.20938957994194174,69.86440774321281,0.09776083128262082,BALANCING
2.7600000000000002,-0.8387917256222934,0.21060715823374673,69.72166853811119,0.0975276443537469,BALANCING
2.762,-0.8383691113183229,0.21182070963899763,69.57900564344801,0.09729465071647309,BALANCING
2.7640000000000002,-0.837944074088238,0.21303023947054686,69.43641946013949,0.0970618508482819,BALANCING
2.766,-0.8375166219702501,0.21423575304438294,69.29391038774519,0.09682924522461107,BALANCING
2.7680000000000002,-0.8370867629919344,0.21543725567959987,69.15147882446982,0.09659683431885686,BALANCING
2.77,-0.8366545051702229,0.21663475269836663,69.00912516716514,0.09636461860237727,BALANCING
2.7720000000000002,-0.8362198565113985,0.2178282494258972,68.86684981133166,0.09613259854449537,BALANCING
2.774,-0.8357828250110892,0.21901775119042002,68.7246531511206,0.09590077461250257,BALANCING
2.7760000000000002,-0.835343418654262,0.22020326332314805,68.5825355793357,0.09566914727166201,BALANCING
2.778,-0.8349016454152168,0.2213847911582483,68.44049748743494,0.0954377169852116,BALANCING
2.7800000000000002,-0.8344575132575807,0.22256234003281225,68.29853926553254,0.09520648421436759,BALANCING
2.782,-0.8340110301343018,0.22373591528682574,68.15666130240069,0.09497544941832768,BALANCING
2.7840000000000003,-0.8335622039876441,0.22490552226313876,68.01486398547141,0.09474461305427441,BALANCING
2.786,-0.8331110427491816,0.22607116630743587,67.87314770083837,0.09451397557737833,BALANCING
2.7880000000000003,-0.8326575543397918,0.22723285276820643,67.7315128332588,0.09428353744080137,BALANCING
2.79,-0.8322017466696516,0.22839058699671488,67.58995976615526,0.09405329909570016,BALANCING
2.7920000000000003,-0.8317436276382307,0.22954437434697095,67.44848888161748,0.0938232609912292,BALANCING
2.794,-0.8312832051342866,0.23069422017570027,67.30710056040422,0.0935934235745443,BALANCING
2.7960000000000003,-0.8308204870358586,0.23184012984231459,67.16579518194513,0.09336378729080569,BALANCING
2.798,-0.8303554812102637,0.23298210870888272,67.02457312434258,0.09313435258318149,BALANCING
2.8000000000000003,-0.82988819551409,0.23412016214010073,66.88343476437349,0.09290511989285086,BALANCING
2.802,-0.829418637793192,0.23525429550326288,66.74238047749115,0.09267608965900728,BALANCING
2.8040000000000003,-0.8289468158826858,0.23638451416823233,66.60141063782713,0.09244726231886201,BALANCING
2.806,-0.8284727376069434,0.23751082350741187,66.4605256181931,0.09221863830764716,BALANCING
2.8080000000000003,-0.827996410779588,0.23863322889571492,66.31972579008263,0.09199021805861912,BALANCING
2.81,-0.8275178432034886,0.23975173571053626,66.1790115236731,0.09176200200306175,BALANCING
2.8120000000000003,-0.8270370426707561,0.24086634933172332,66.03838318782753,0.09153399057028978,BALANCING
2.814,-0.8265540169627369,0.241977075141547,65.8978411500964,0.09130618418765196,BALANCING
2.816,-0.8260687738500095,0.24308391852467293,65.75738577671953,0.09107858328053445,BALANCING
2.818,-0.8255813210923788,0.24418688486813278,65.61701743262793,0.09085118827236405,BALANCING
2.82,-0.8250916664388718,0.2452859795612952,65.47673648144563,0.09062399958461152,BALANCING
2.822,-0.824599817627733,0.2463812079958374,65.33654328549152,0.09039701763679485,BALANCING
2.824,-0.8241057823864196,0.24747257556571656,65.19643820578128,0.0901702428464825,BALANCING
2.826,-0.823609568431597,0.2485600876671411,65.05642160202915,0.0899436756292968,BALANCING
2.828,-0.8231111834691348,0.2496437496985424,64.91649383264978,0.08971731639891703,BALANCING
2.83,-0.8226106351941014,0.25072356706054644,64.77665525476016,0.08949116556708295,BALANCING
2.832,-0.8221079312907607,0.25179954515594505,64.6369062241814,0.08926522354359792,BALANCING
2.834,-0.8216030794325669,0.25287168938966803,64.49724709544066,0.08903949073633222,BALANCING
2.836,-0.8210960872821614,0.2539400051687548,64.35767822177289,0.08881396755122632,BALANCING
2.838,-0.8205869624913672,0.2550044979023264,64.21819995512281,0.08858865439229421,BALANCING
2.84,-0.8200757127011856,0.2560651730015569,64.07881264614669,0.08836355166162661,BALANCING
2.842,-0.8195623455417923,0.25712203587964616,63.939516644214265,0.08813865975939436,BALANCING
2.844,-0.8190468686325328,0.2581750919517911,63.80031229741052,0.0879139790838515,BALANCING
2.846,-0.8185292895819188,0.2592243466351583,63.66119995253761,0.08768951003133882,BALANCING
2.848,-0.8180096159876243,0.26026980534885596,63.52217995511669,0.08746525299628688,BALANCING
2.85,-0.8174878554364813,0.26131147351390627,63.3832526493898,0.08724120837121951,BALANCING
2.852,-0.8169640155044767,0.2623493565532175,63.2444183783217,0.0870173765467569,BALANCING
2.854,-0.8164381037567481,0.2633834598915565,63.10567748360173,0.08679375791161899,BALANCING
2.856,-0.8159101277475801,0.2644137889555212,62.9670303056457,0.08657035285262873,BALANCING
2.858,-0.815380095020401,0.265440349173513,62.82847718359773,0.08634716175471535,BALANCING
2.86,-0.8148480131077787,0.2664631459757092,62.69001845533211,0.0861241850009176,BALANCING
2.862,-0.8143138895314178,0.2674821847940359,62.551654457455186,0.08590142297238709,BALANCING
2.864,-0.8137777318021557,0.26849747106214045,62.41338552530718,0.0856788760483915,BALANCING
2.866,-0.8132395474199593,0.26950901021536433,62.27521199296412,0.08545654460631792,BALANCING
2.868,-0.8126993438739216,0.27051680769071584,62.13713419323963,0.08523442902167608,BALANCING
2.87,-0.8121571286422585,0.271520868926843,61.99915245768687,0.0850125296681016,BALANCING
2.872,-0.8116129091923056,0.2725211993640066,61.861267116600324,0.08479084691735934,BALANCING
2.874,-0.8110666929805145,0.2735178044440531,61.723478499017745,0.08456938113934664,BALANCING
2.876,-0.8105184874524507,0.2745106896103876,61.58578693272195,0.08434813270209653,BALANCING
2.878,-0.8099683000427893,0.2754998603079473,61.448192744242746,0.08412710197178108,BALANCING
2.88,-0.8094161381753129,0.2764853219831742,61.31069625885875,0.08390628931271461,BALANCING
2.882,-0.8088620092629079,0.27746708008398885,61.17329780059928,0.08368569508735706,BALANCING
2.884,-0.8083059207075621,0.2784451400597633,61.03599769224624,0.08346531965631711,BALANCING
2.886,-0.8077478799003619,0.27941950736129456,60.898796255335945,0.08324516337835557,BALANCING
2.888,-0.807187894221489,0.28039018744077826,60.761693810161034,0.0830252266103886,BALANCING
2.89,-0.8066259710402176,0.281357185751782,60.6246906757723,0.08280550970749098,BALANCING
2.892,-0.8060621177149125,0.2823205077492186,60.48778716998061,0.08258601302289939,BALANCING
2.894,-0.8054963415930254,0.2832801588893202,60.3509836093587,0.08236673690801562,BALANCING
2.896,-0.8049286500110931,0.2842361446296121,60.21428030924313,0.08214768171240994,BALANCING
2.898,-0.8043590502947345,0.2851884704288857,60.07767758373609,0.0819288477838242,BALANCING
2.9,-0.8037875497586483,0.2861371417471732,59.941175745707305,0.08171023546817532,BALANCING
2.902,-0.8032141557066101,0.28708216404572096,59.80477510679591,0.08149184510955836,BALANCING
2.904,-0.802638875431471,0.2880235427869636,59.66847597741228,0.0812736770502498,BALANCING
2.906,-0.8020617162151542,0.2889612834344981,59.532278666739955,0.08105573163071098,BALANCING
2.908,-0.8014826853286531,0.28989539145305776,59.39618348273748,0.08083800918959107,BALANCING
2.91,-0.8009017900320291,0.2908258723084861,59.26019073214027,0.0806205100637306,BALANCING
2.912,-0.8003190375744095,0.29175273146771175,59.12430072046254,0.08040323458816456,BALANCING
2.914,-0.7997344351939852,0.29267597439872195,58.988513751999086,0.08018618309612574,BALANCING
2.916,-0.7991479901180086,0.29359560657053707,58.852830129827254,0.07996935591904786,BALANCING
2.918,-0.7985597095627918,0.29451163345318554,58.71725015580875,0.079752753386569,BALANCING
2.92,-0.7979696007337042,0.29542406051767756,58.58177413059152,0.07953637582653475,BALANCING
2.922,-0.7973776708251707,0.2963328932359799,58.44640235361166,0.07932022356500144,BALANCING
2.924,-0.7967839270206705,0.29723813708099067,58.31113512309526,0.07910429692623948,BALANCING
2.926,-0.7961883764927338,0.2981397975265137,58.17597273606028,0.07888859623273656,BALANCING
2.928,-0.7955910264029415,0.2990378800472332,58.04091548831844,0.07867312180520088,BALANCING
2.93,-0.7949918839019229,0.2999323901186888,57.90596367447708,0.07845787396256444,BALANCING
2.932,-0.7943909561293536,0.3008233332172499,57.771117587941056,0.07824285302198632,BALANCING
2.934,-0.7937882502139543,0.3017107148200911,57.636377520914586,0.07802805929885578,BALANCING
2.936,-0.7931837732734894,0.30259454040516676,57.50174376440314,0.07781349310679574,BALANCING
2.938,-0.792577532414765,0.30347481545118615,57.36721660821533,0.07759915475766581,BALANCING
2.94,-0.791969534733628,0.3043515454375885,57.23279634096477,0.07738504456156563,BALANCING
2.942,-0.7913597873149637,0.3052247358445181,57.098483250071936,0.07717116282683813,BALANCING
2.944,-0.7907482972326956,0.3060943921527995,56.96427762176609,0.07695750986007274,BALANCING
2.946,-0.7901350715497831,0.30696051984391287,56.8301797410871,0.07674408596610864,BALANCING
2.948,-0.789520117318221,0.307823124399969,56.696189891887386,0.07653089144803804,BALANCING
2.95,-0.7889034415790375,0.30868221130368506,56.562308356833704,0.07631792660720932,BALANCING
2.952,-0.7882850513622934,0.30953778603835974,56.42853541740911,0.07610519174323034,BALANCING
2.954,-0.7876649536870816,0.31038985408784897,56.29487135391477,0.07589268715397174,BALANCING
2.956,-0.7870431555615244,0.31123842093654125,56.161316445471925,0.07568041313557002,BALANCING
2.958,-0.7864196639827741,0.3120834920693335,56.02787097002364,0.0754683699824309,BALANCING
2.96,-0.7857944859370111,0.31292507297160654,55.89453520433681,0.07525655798723252,BALANCING
2.962,-0.7851676283994432,0.313763169129201,55.76130942400394,0.07504497744092867,BALANCING
2.964,-0.7845390983343049,0.31459778602839295,55.62819390344508,0.07483362863275199,BALANCING
2.966,-0.7839089026948561,0.31542892915586995,55.495188915909694,0.07462251185021727,BALANCING
2.968,-0.7832770484233816,0.31625660399870686,55.3622947334785,0.07441162737912464,BALANCING
2.97,-0.7826435424511905,0.3170808160443418,55.229511627065406,0.0742009755035628,BALANCING
2.972,-0.7820083916986152,0.3179015707805522,55.096839866419344,0.0739905565059122,BALANCING
2.974,-0.781371603075011,0.3187188736954311,54.96427972012614,0.07378037066684838,BALANCING
2.976,-0.780733183478755,0.3195327302773632,54.83183145561046,0.0735704182653451,BALANCING
2.978,-0.7800931397972463,0.32034314601500075,54.6994953391376,0.07336069957867764,BALANCING
2.98,-0.7794514789069048,0.3211501263972403,54.567271635815416,0.07315121488242587,BALANCING
2.982,-0.7788082076731713,0.3219536769131991,54.435160609596196,0.07294196445047774,BALANCING
2.984,-0.7781633329505067,0.322753803052191,54.303162523278516,0.07273294855503216,BALANCING
2.986,-0.7775168615823915,0.3235505103037033,54.17127763850914,0.07252416746660255,BALANCING
2.988,-0.7768688004013263,0.3243438041573734,54.03950621578489,0.07231562145401982,BALANCING
2.99,-0.7762191562288304,0.3251336901029649,53.90784851445454,0.07210731078443572,BALANCING
2.992,-0.7755679358754425,0.3259201736303447,53.776304792720644,0.07189923572332596,BALANCING
2.994,-0.7749151461407198,0.3267032602294596,53.64487530764147,0.07169139653449354,BALANCING
2.996,-0.7742607938132386,0.32748295539031286,53.51356031513286,0.07148379348007182,BALANCING
2.998,-0.7736048856705936,0.32825926460294147,53.38236006997007,0.07127642682052787,BALANCING
3.0,-0.7729474284793981,0.3290321933573924,53.2512748257897,0.07106929681466559,BALANCING
3.0020000000000002,-0.772288428995284,0.32980174714370025,53.12030483509155,0.07086240371962896,BALANCING
3.004,-0.7716278939629019,0.33056793145186375,52.98945034924051,0.0706557477909052,BALANCING
3.0060000000000002,-0.770965830115921,0.33133075177182314,52.85871161846837,0.07044932928232804,BALANCING
3.008,-0.7703022441770295,0.33209021359343704,52.72808889187582,0.07024314844608091,BALANCING
3.0100000000000002,-0.7696371428579348,0.3328463224064597,52.59758241743422,0.0700372055327001,BALANCING
3.012,-0.7689705328593633,0.3335990837005187,52.46719244198751,0.069831500791078,BALANCING
3.0140000000000002,-0.7683024208710613,0.33434850296509155,52.336919211254106,0.0696260344684663,BALANCING
3.016,-0.7676328135717945,0.3350945856894834,52.20676296982875,0.06942080681047914,BALANCING
3.0180000000000002,-0.7669617176293494,0.33583733736280463,52.07672396118441,0.06921581806109639,BALANCING
3.02,-0.7662891397005331,0.33657676347394816,51.94680242767413,0.06901106846266683,BALANCING
3.0220000000000002,-0.7656150864311737,0.3373128695115669,51.81699861053292,0.06880655825591127,BALANCING
3.024,-0.764939564456121,0.33804566096405136,51.68731274987964,0.06860228767992578,BALANCING
3.0260000000000002,-0.764262580399247,0.3387751433195077,51.55774508471887,0.06839825697218498,BALANCING
3.028,-0.7635841408734465,0.3395013220657349,51.42829585294275,0.06819446636854504,BALANCING
3.0300000000000002,-0.7629042524806379,0.3402242026902031,51.298965291332934,0.06799091610324706,BALANCING
3.032,-0.7622229218117634,0.3409437906800309,51.16975363556239,0.06778760640892012,BALANCING
3.0340000000000003,-0.7615401554467903,0.3416600915219637,51.0406611201973,0.06758453751658457,BALANCING
3.036,-0.7608559599547114,0.34237311070235144,50.91168797869896,0.06738170965565514,BALANCING
3.0380000000000003,-0.7601703418935462,0.34308285370712666,50.78283444342561,0.06717912305394412,BALANCING
3.04,-0.759483307810341,0.3437893260217826,50.65410074563433,0.06697677793766461,BALANCING
3.0420000000000003,-0.7587948642411708,0.3444925331313512,50.52548711548294,0.06677467453143364,BALANCING
3.044,-0.7581050177111394,0.34519248052038165,50.396993782031814,0.06657281305827539,BALANCING
3.0460000000000003,-0.7574137747343808,0.3458891736729183,50.268620973245824,0.06637119373962436,BALANCING
3.048,-0.7567211418140604,0.3465826180724789,50.140368915996156,0.06616981679532846,BALANCING
3.0500000000000003,-0.7560271254423754,0.3472728192020336,50.01223783606219,0.06596868244365234,BALANCING
3.052,-0.7553317321005569,0.3479597825439825,49.88422795813342,0.06576779090128046,BALANCING
3.0540000000000003,-0.7546349682588702,0.34864351358013473,49.75633950581127,0.06556714238332019,BALANCING
3.056,-0.7539368403766165,0.3493240177916869,49.628572701610985,0.0653667371033052,BALANCING
3.0580000000000003,-0.7532373549021336,0.35000130065920176,49.50092776696353,0.06516657527319844,BALANCING
3.06,-0.7525365182727981,0.35067536766258645,49.373404922217425,0.06496665710339537,BALANCING
3.0620000000000003,-0.751834336915026,0.3513462242810717,49.24600438664063,0.0647669828027271,BALANCING
3.064,-0.751130817244274,0.3520138759931905,49.118726378422416,0.06456755257846358,BALANCING
3.0660000000000003,-0.7504259656650417,0.35267832827675677,48.99157111467523,0.0643683666363168,BALANCING
3.068,-0.7497197885708723,0.3533395866088443,48.86453881143659,0.06416942518044381,BALANCING
3.0700000000000003,-0.7490122923443542,0.3539976564657659,48.73762968367092,0.06397072841345007,BALANCING
3.072,-0.7483034833571233,0.35465254332305224,48.61084394527144,0.06377227653639245,BALANCING
3.074,-0.7475933679698632,0.3553042526554309,48.48418180906204,0.06357406974878246,BALANCING
3.076,-0.7468819525323084,0.35595278993680557,48.357643486799105,0.06337610824858936,BALANCING
3.078,-0.7461692433832448,0.3565981606402352,48.23122918917347,0.06317839223224338,BALANCING
3.08,-0.7454552468505118,0.3572403702379132,48.1049391258122,0.06298092189463877,BALANCING
3.082,-0.7447399692510043,0.35787942420114693,47.97877350528051,0.06278369742913709,BALANCING
3.084,-0.7440234168906739,0.3585153280003369,47.85273253508361,0.06258671902757018,BALANCING
3.086,-0.7433055960645315,0.35914808710495605,47.726816421668595,0.062389986880243456,BALANCING
3.088,-0.7425865130566486,0.35977770698352945,47.60102537042627,0.06219350117593897,BALANCING
3.09,-0.7418661741401594,0.36040419310361377,47.47535958569307,0.061997262101918575,BALANCING
3.092,-0.7411445855772628,0.3610275509317769,47.349819270752874,0.06180126984392706,BALANCING
3.094,-0.7404217536192244,0.3616477859335775,47.224404627838915,0.06160552458619532,BALANCING
3.096,-0.7396976845063784,0.3622649035735446,47.09911585813562,0.061410026511443415,BALANCING
3.098,-0.7389723844681297,0.3628789093151577,46.97395316178048,0.06121477580088381,BALANCING
3.1,-0.7382458597229564,0.3634898086208262,46.848916737865906,0.061019772634224395,BALANCING
3.102,-0.7375181164784116,0.3640976069518696,46.72400678444111,0.0608250171896717,BALANCING
3.104,-0.7367891609311253,0.36470230976849716,46.59922349851395,0.06063050964393396,BALANCING
3.106,-0.7360589992668076,0.3653039225297881,46.474567076052814,0.06043625017222436,BALANCING
3.108,-0.7353276376602498,0.3659024506936715,46.35003771198848,0.060242238948263985,BALANCING
3.11,-0.7345950822753279,0.3664978997169064,46.22563560021593,0.06004847614428508,BALANCING
3.112,-0.733861339265004,0.36709027505506203,46.10136093359628,0.059854961931034095,BALANCING
3.114,-0.733126414771329,0.36767958216249796,45.97721390395863,0.05966169647777489,BALANCING
3.116,-0.7323903149254456,0.3682658264923445,45.853194702101845,0.05946867995229176,BALANCING
3.118,-0.7316530458475898,0.36884901349648264,45.72930351779655,0.059275912520892586,BALANCING
3.12,-0.7309146136470943,0.36942914862552495,45.60554053978686,0.05908339434841197,BALANCING
3.122,-0.7301750244223905,0.3700062373287956,45.481905955792314,0.05889112559821432,BALANCING
3.124,-0.7294342842610112,0.3705802850543113,45.35839995250972,0.058699106432196994,BALANCING
3.126,-0.7286923992395936,0.37115129724876117,45.235022715614996,0.05850733701079335,BALANCING
3.128,-0.7279493754238814,0.3717192793574879,45.11177442976505,0.0583158174929759,BALANCING
3.13,-0.7272052188687281,0.37228423682446826,44.98865527859963,0.05812454803625945,BALANCING
3.132,-0.7264599356180993,0.37284617509229395,44.86566544474316,0.05793352879670406,BALANCING
3.134,-0.7257135317050756,0.373405099602152,44.7428051098066,0.05774275992891834,BALANCING
3.136,-0.7249660131518557,0.37396101579380586,44.620074454389375,0.05755224158606239,BALANCING
3.138,-0.7242173859697587,0.3745139291055763,44.4974736580811,0.05736197391985096,BALANCING
3.14,-0.7234676561592278,0.3750638449743222,44.375002899463524,0.05717195708055658,BALANCING
3.142,-0.7227168297098326,0.3756107688354218,44.25266235611239,0.056982191217012555,BALANCING
3.144,-0.7219649126002724,0.3761547061227535,44.13045220459922,0.056792676476616184,BALANCING
3.146,-0.7212119107983788,0.3766956622686769,44.00837262049325,0.05660341300533172,BALANCING
3.148,-0.7204578302611194,0.3772336427040142,43.886423778363195,0.05641440094769357,BALANCING
3.15,-0.7197026769346004,0.3777686528580315,43.76460585177919,0.05622564044680931,BALANCING
3.152,-0.7189464567540702,0.37830069815841966,43.642919013314554,0.05603713164436279,BALANCING
3.154,-0.7181891756439217,0.3788297840312759,43.52136343454772,0.05584887468061718,BALANCING
3.156,-0.7174308395176968,0.37935591590108514,43.399939286064026,0.05566086969441813,BALANCING
3.158,-0.7166714542780883,0.37987909919070156,43.278646737457585,0.05547311682319676,BALANCING
3.16,-0.7159110258169442,0.38039933932132974,43.157485957333144,0.05528561620297281,BALANCING
3.162,-0.7151495600152704,0.3809166417125067,43.03645711330791,0.05509836796835767,BALANCING
3.164,-0.7143870627432345,0.381431011782083,42.915560372013424,0.05491137225255744,BALANCING
3.166,-0.7136235398601687,0.38194245494620466,42.794795899097366,0.054724629187376035,BALANCING
3.168,-0.7128589972145739,0.3824509766192949,42.67416385922544,0.054538138903218215,BALANCING
3.17,-0.7120934406441224,0.3829565822140359,42.55366441608322,0.054351901529092736,BALANCING
3.172,-0.7113268759756621,0.3834592771413503,42.43329773237796,0.054165917192615244,BALANCING
3.174,-0.7105593090252194,0.3839590668103836,42.31306396984046,0.05398018602001151,BALANCING
3.176,-0.7097907455980033,0.38445595662848575,42.19296328922692,0.05379470813612044,BALANCING
3.178,-0.7090211914884089,0.3849499520011931,42.072995850320744,0.05360948366439703,BALANCING
3.18,-0.7082506524800206,0.3854410583322106,41.953161811934436,0.05342451272691557,BALANCING
3.182,-0.7074791343456165,0.3859292810233938,41.83346133191139,0.05323979544437258,BALANCING
3.184,-0.7067066428471717,0.38641462547473115,41.71389456712777,0.05305533193608995,BALANCING
3.186,-0.7059331837358618,0.3868970970843259,41.5944616734943,0.052871122320017915,BALANCING
3.188,-0.7051587627520673,0.3873767012483786,41.475162805958185,0.05268716671273817,BALANCING
3.19,-0.7043833856253772,0.3878534433611692,41.35599811850486,0.05250346522946683,BALANCING
3.192,-0.7036070580745925,0.3883273288150399,41.23696776415988,0.05232001798405756,BALANCING
3.194,-0.7028297858077305,0.3887983630003768,41.118071894990734,0.05213682508900454,BALANCING
3.196,-0.7020515745220286,0.3892665513055929,40.99931066210871,0.05195388665544555,BALANCING
3.198,-0.7012724299039486,0.38973189911711065,40.880684215670705,0.05177120279316503,BALANCING
3.2,-0.7004923576291798,0.3901944118193443,40.762192704881045,0.051588773610596994,BALANCING
3.202,-0.6997113633626441,0.39065409479468244,40.64383627799336,0.05140659921482822,BALANCING
3.204,-0.6989294527584994,0.391110953423471,40.52561508231239,0.05122467971160116,BALANCING
3.206,-0.6981466314601438,0.3915649930839958,40.40752926419583,0.05104301520531701,BALANCING
3.208,-0.69736290510022,0.3920162191524654,40.289578969056144,0.050861605799038756,BALANCING
3.21,-0.6965782793006192,0.3924646370029938,40.17176434136241,0.05068045159449417,BALANCING
3.212,-0.6957927596724857,0.3929102520075835,40.05408552464216,0.05049955269207878,BALANCING
3.214,-0.6950063518162203,0.39335306953610844,39.93654266148319,0.05031890919085903,BALANCING
3.216,-0.6942190613214856,0.393793094956297,39.81913589353539,0.05013852118857515,BALANCING
3.218,-0.6934308937672098,0.3942303336337149,39.70186536151257,0.04995838878164423,BALANCING
3.22,-0.692641854721591,0.39466479093174855,39.58473120519431,0.04977851206516325,BALANCING
3.222,-0.6918519497421016,0.39509647221158795,39.467733563427764,0.04959889113291204,BALANCING
3.224,-0.6910611843754929,0.39552538283221006,39.35087257412948,0.04941952607735635,BALANCING
3.226,-0.6902695641577994,0.39595152815036216,39.23414837428725,0.04924041698965078,BALANCING
3.228,-0.6894770946143433,0.396374913520545,39.11756109996192,0.04906156395964185,BALANCING
3.23,-0.688683781259739,0.3967955442949961,39.00111088628918,0.04888296707587094,BALANCING
3.232,-0.6878896295978975,0.3972134258236735,38.88479786748147,0.048704626425577366,BALANCING
3.234,-0.6870946451220314,0.39762856345423886,38.7686221768297,0.048526542094701294,BALANCING
3.236,-0.6862988333146594,0.39804096253204135,38.65258394670516,0.048348714167886775,BALANCING
3.238,-0.6855021996476103,0.3984506284001009,38.53668330856125,0.04817114272848473,BALANCING
3.24,-0.6847047495820285,0.39885756639909214,38.42092039293541,0.04799382785855594,BALANCING
3.242,-0.6839064885683784,0.3992617818673277,38.30529532945081,0.047816769638874025,BALANCING
3.244,-0.6831074220464489,0.3996632801407423,38.18980824681828,0.04763996814892844,BALANCING
3.246,-0.6823075554453587,0.4000620665528765,38.074459272838055,0.04746342346692743,BALANCING
3.248,-0.6815068941835606,0.4004581464348604,37.95924853440161,0.047287135669801035,BALANCING
3.25,-0.6807054436688464,0.40085152511539746,37.8441761574935,0.047111104833204076,BALANCING
3.2520000000000002,-0.6799032092983525,0.40124220792074883,37.729242267193115,0.046935331031519104,BALANCING
3.254,-0.6791001964585635,0.40163020017471696,37.61444698767656,0.04675981433785939,BALANCING
3.2560000000000002,-0.6782964105253182,0.4020155071986298,37.49979044221842,0.04658455482407187,BALANCING
3.258,-0.6774918568638144,0.40239813431132493,37.38527275319358,0.04640955256074014,BALANCING
3.2600000000000002,-0.6766865408286135,0.4027780868291336,37.27089404207906,0.046234807617187415,BALANCING
3.262,-0.6758804677636457,0.403155370065865,37.15665442945577,0.04606032006147948,BALANCING
3.2640000000000002,-0.6750736430022153,0.40352998933279066,37.04255403501038,0.04588608996042767,BALANCING
3.266,-0.6742660718670054,0.40390194993862855,36.9285929775371,0.04571211737959179,BALANCING
3.2680000000000002,-0.6734577596700834,0.40427125718952744,36.81477137493947,0.045538402383283126,BALANCING
3.27,-0.672648711712906,0.40463791638905156,36.70108934423217,0.04536494503456737,BALANCING
3.2720000000000002,-0.6718389332863243,0.4050019328381647,36.587547001542866,0.04519174539526752,BALANCING
3.274,-0.6710284296705892,0.405363311835215,36.47414446211395,0.04501880352596694,BALANCING
