t,theta_deg,rate_dps,wheel_rpm,duty,phase
0.0,16.0,0.0,0.0,-1,SPINUP
0.002,16.0,0.0,-6.436476596174447,-1,SPINUP
0.004,16.0,0.0,-12.801832631651454,-1,SPINUP
0.006,16.0,0.0,-19.096853960939825,-1,SPINUP
0.008,16.0,0.0,-25.32231775516197,-1,SPINUP
0.01,16.0,0.0,-31.47899259800195,-1,SPINUP
0.012,16.0,0.0,-37.56763858059332,-1,SPINUP
0.014,16.0,0.0,-43.5890073953585,-1,SPINUP
0.016,16.0,0.0,-49.543842428811296,-1,SPINUP
0.018000000000000002,16.0,0.0,-55.43287885333392,-1,SPINUP
0.02,16.0,0.0,-61.256843717939944,-1,SPINUP
0.022,16.0,0.0,-67.0164560380344,-1,SPINUP
0.024,16.0,0.0,-72.71242688418201,-1,SPINUP
0.026000000000000002,16.0,0.0,-78.34545946989454,-1,SPINUP
0.028,16.0,0.0,-83.91624923844823,-1,SPINUP
0.03,16.0,0.0,-89.42548394874186,-1,SPINUP
0.032,16.0,0.0,-94.87384376020609,-1,SPINUP
0.034,16.0,0.0,-100.26200131677466,-1,SPINUP
0.036000000000000004,16.0,0.0,-105.59062182992774,-1,SPINUP
0.038,16.0,0.0,-110.86036316081756,-1,SPINUP
0.04,16.0,0.0,-116.07187590148673,-1,SPINUP
0.042,16.0,0.0,-121.22580345518911,-1,SPINUP
0.044,16.0,0.0,-126.322782115823,-1,SPINUP
0.046,16.0,0.0,-131.36344114648688,-1,SPINUP
0.048,16.0,0.0,-136.34840285716695,-1,SPINUP
0.05,16.0,0.0,-141.2782826815663,-1,SPINUP
0.052000000000000005,16.0,0.0,-146.15368925308528,-1,SPINUP
0.054,16.0,0.0,-150.97522447996198,-1,SPINUP
0.056,16.0,0.0,-155.74348361958283,-1,SPINUP
0.058,16.0,0.0,-160.45905535197187,-1,SPINUP
0.06,16.0,0.0,-165.12252185246808,-1,SPINUP
0.062,16.0,0.0,-169.73445886359957,-1,SPINUP
0.064,16.0,0.0,-174.29543576616356,-1,SPINUP
0.066,16.0,0.0,-178.80601564952127,-1,SPINUP
0.068,16.0,0.0,-183.26675538111556,-1,SPINUP
0.07,16.0,0.0,-187.67820567522088,-1,SPINUP
0.07200000000000001,16.0,0.0,-192.04091116093332,-1,SPINUP
0.074,16.0,0.0,-196.35541044940953,-1,SPINUP
0.076,16.0,0.0,-200.6222362003625,0.0,KICK
0.078,16.0,0.0,-199.95460874363,0.0,KICK
0.08,16.0,0.0,-199.28920300682952,0.0,KICK
0.082,16.0,0.0,-198.62601159655725,0.0,KICK
0.084,16.0,0.0,-197.96502714401282,0.0,KICK
0.08600000000000001,16.0,0.0,-197.30624230491782,0.0,KICK
0.088,16.0,0.0,-196.64964975943383,0.0,KICK
0.09,16.0,0.0,-195.99524221208145,0.0,KICK
0.092,16.0,0.0,-195.34301239165893,0.0,KICK
0.094,16.0,0.0,-194.69295305116157,0.0,KICK
0.096,16.0,0.0,-194.04505696770113,0.0,KICK
0.098,16.0,0.0,-193.3993169424256,1,KICK
0.1,15.998783407198875,-1.2136764173055445,-189.10067750451555,1,KICK
0.10200000000000001,15.995156830551535,-2.410048110215641,-184.82585318246348,1,KICK
0.10400000000000001,15.989154495477344,-3.5894983392072053,-180.57471203690775,1,KICK
0.106,15.98080986545362,-4.752405803130638,-176.34712285945085,1,KICK
0.108,15.970155651035705,-5.899144742140488,-172.14295516860972,1,KICK
0.11,15.957223818672716,-7.030085039076814,-167.96207920578857,1,KICK
0.112,15.942045599322054,-8.14559231933775,-163.80436593127394,1,KICK
0.114,15.924651496865641,-9.246028049283247,-159.66968702025198,1,KICK
0.116,15.905071296330792,-10.331749633209416,-155.55791485884785,1,KICK
0.11800000000000001,15.883334071918524,-11.40311050893234,-151.46892254018698,1,KICK
0.12,15.85946819484207,-12.460460242019632,-147.4025838604781,1,KICK
0.122,15.83350134097823,-13.504144618707485,-143.3587733151182,1,KICK
0.124,15.8054604983342,-14.534505737540334,-139.33736609481883,1,KICK
0.126,15.775371974332348,-15.551882099769696,-135.33823808175396,1,KICK
0.128,15.743261402915394,-16.556608698548168,-131.36126584572912,1,KICK
0.13,15.709153751474409,-17.549017106953958,-127.40632664037203,1,KICK
0.132,15.673073327601884,-18.529435564880785,-123.47329839934382,1,KICK
0.134,15.635043785672122,-19.498189064827333,-119.56205973257177,1,KICK
0.136,15.595088133251142,-20.45559943661993,-115.67248992250258,1,KICK
0.138,15.55322873733815,-21.40198543110154,-111.80446892037658,1,KICK
0.14,15.509487330440662,-22.337662802819537,-107.95787734252244,1,KICK
0.14200000000000002,15.46388501648522,-23.262944391744185,-104.13259646667252,1,KICK
0.14400000000000002,15.41644227656561,-24.178140204049278,-100.3285082282986,1,KICK
0.146,15.36717897453043,-25.08355749198569,-96.54549521696788,1,KICK
0.148,15.316114362411799,-25.979500832878117,-92.78344067271924,1,KICK
0.15,15.263267085696919,-26.86627220727482,-89.04222848245942,1,KICK
0.152,15.20865518844416,-27.744171076279518,-85.32174317637941,1,KICK
0.154,15.152296118245285,-28.613494458094138,-81.62186992439048,1,KICK
0.156,15.094206731035333,-29.474537003800595,-77.94249453258001,1,KICK
0.158,15.03440329575171,-30.32759107240934,-74.28350343968707,1,KICK
0.16,14.972901498843857,-31.17294680520172,-70.64478371359729,1,KICK
0.162,14.909716448634942,-32.01089219939296,-67.0262230478575,1,KICK
0.164,14.844862679536872,-32.84171318114199,-63.42770975820924,1,KICK
0.166,14.778354156119926,-33.66569367793368,-59.849132779141875,1,KICK
0.168,14.710204277038226,-34.48311569035908,-56.29038166046456,1,KICK
0.17,14.640425878812216,-35.29425936331817,-52.75134656389731,1,KICK
0.17200000000000001,14.569031239469313,-36.09940305666977,-49.23191825968089,1,KICK
0.17400000000000002,14.496032082043786,-36.89882341535244,-45.73198812320553,1,KICK
0.176,14.421439577936889,-37.69279543899992,-42.25144813165834,1,KICK
0.178,14.345264350138265,-38.481592551074414,-38.79019086068921,1,KICK
0.18,14.267516476309543,-39.26548666754005,-35.34810948109524,1,KICK
0.182,14.188205491731017,-40.044748265099365,-31.925097755523595,1,KICK
0.184,14.107340392112286,-40.819646449014265,-28.52105003519248,1,KICK
0.186,14.024929636267654,-41.590449020533384,-25.135861256630434,1,KICK
0.188,13.940981148657025,-42.35742254394682,-21.76942693843359,1,KICK
0.19,13.855502321793068,-43.12083241328913,-18.421643178040945,1,KICK
0.192,13.768500018515306,-43.880942918711135,-15.092406648527461,1,KICK
0.194,13.679980574131767,-44.6380173125405,-11.78161459541499,1,KICK
0.196,13.589949798428814,-45.392317875050985,-8.489164833500793,1,KICK
0.198,13.498412977549718,-46.14410597995979,-5.214955743703699,1,KICK
0.2,13.405374875742478,-46.893642159672055,-1.9588862699276834,1,KICK
0.202,13.310839736977403,-48.03878175074708,1.8173181018883056,1,KICK
0.20400000000000001,13.211648053359255,-51.14612242120677,8.233714040510337,1,KICK
0.20600000000000002,13.106281917749632,-54.21345608158849,14.579211301883578,1,KICK
0.20800000000000002,12.994820015212161,-57.24210918231455,20.8545932887911,1,KICK
0.21,12.87733839280767,-60.233393344544844,27.060634747720204,1,KICK
0.212,12.75391048884261,-63.18860576899641,33.1981018645111,1,KICK
0.214,12.624607161307528,-66.10902963707758,39.267752358948755,1,KICK
0.216,12.489496715520811,-68.99593450454532,45.270335578309464,1,KICK
0.218,12.348644930992405,-71.85057668788863,51.206592589873864,1,KICK
0.22,12.202115087521872,-74.67419964363602,57.077256272417614,1,KICK
0.222,12.049967990544767,-77.46803434077836,62.88305140669122,1,KICK
0.224,11.892261995740887,-80.23329962649329,68.62469476490004,1,KICK
0.226,11.729053032917614,-82.97120258534986,74.3028951991956,1,KICK
0.228,11.560394629181237,-85.682938892166,79.91835372918912,1,KICK
0.23,11.386337931408754,-88.36969315868475,85.471763628498,1,KICK
0.232,11.206931728032385,-91.03263927422688,90.96381051033606,1,KICK
0.234,11.022222470148671,-93.67294074047173,96.39517241215802,1,KICK
0.23600000000000002,10.832254291963753,-96.29175100050945,101.76651987936867,1,KICK
0.23800000000000002,10.637069030586174,-98.89021376230046,107.07851604810713,1,KICK
0.24,10.436706245178241,-101.46946331667054,112.33181672711633,1,KICK
0.242,10.23120323547677,-104.03062484996137,117.52707047870793,1,KICK
0.244,10.02059505969376,-106.57481475144866,122.66491869883244,1,KICK
0.246,9.8049145518074,-109.10314091563146,127.74599569626491,0.0,BALANCING
0.248,9.58822588798911,-107.59012037231793,127.32088462268838,0.0,BALANCING
0.25,9.374535799515348,-106.1045065529651,126.89718822691754,0.0,BALANCING
0.252,9.163789825157323,-104.64594817856411,126.4749018012103,0.0,BALANCING
0.254,8.955934200613697,-103.21409959558143,126.05402065349094,0.0,BALANCING
0.256,8.750915847290626,-101.80862074474818,125.63454010729788,0.0,BALANCING
0.258,8.548682361145472,-100.42917712861781,125.2164555017319,0.0,BALANCING
0.26,8.349182001596557,-99.07543977800552,124.79976219140417,0.0,BALANCING
0.262,8.152363680501036,-97.7470852174171,124.38445554638474,0.0,BALANCING
0.264,7.958176951202858,-96.44379542956925,123.97053095215105,0.0,BALANCING
0.266,7.766571997652512,-95.1652578190986,123.5579838095367,0.0,BALANCING
0.268,7.577499623600077,-93.91116517555123,123.14680953468027,-1,BALANCING
0.27,7.393499275312556,-90.09563519091483,119.23737966584315,-1,BALANCING
0.272,7.21709161452628,-86.31830845099186,115.3496086326934,-1,BALANCING
0.274,7.048201247234596,-82.57817388540784,111.48337644198931,-1,BALANCING
0.276,6.886754793143574,-78.87422882843873,107.63856376526991,-1,BALANCING
0.278,6.732680869005,-75.20547887572378,103.81505193517205,-1,BALANCING
0.28,6.585910072241722,-71.57093773528197,100.01272294176786,-1,BALANCING
0.28200000000000003,6.446374964876258,-67.96962707331609,96.23145942892232,-1,BALANCING
0.28400000000000003,6.314010057772625,-64.40057635525895,92.47114469067134,-1,BALANCING
0.28600000000000003,6.188751795200478,-60.862822682488975,88.73166266761952,-1,BALANCING
0.28800000000000003,6.070538539729807,-57.35541062511729,85.01289794335818,-1,BALANCING
0.29,5.959310557463671,-53.87739205122348,81.31473574090315,-0.9981066461516349,BALANCING
0.292,5.855005485218524,-50.43234026332894,77.64317210870888,-0.9173308412841955,BALANCING
0.294,5.757370099580944,-47.20737618895485,74.25262738346692,-0.84167290127292,BALANCING
0.296,5.665978394072281,-44.188351944288016,71.1250284177374,-0.7708133200679476,BALANCING
0.298,5.580431770386652,-41.362005913861424,68.2434332949038,-0.7044506308817693,BALANCING
0.3,5.500357316785332,-38.71591189721951,65.59196684607474,-0.6423008085463985,BALANCING
0.302,5.425406186309168,-36.23843014089516,63.155758452931714,-0.5840965787891158,BALANCING
0.304,5.355252070836207,-33.91866045770929,60.920882424248404,-0.5295866738070639,BALANCING
0.306,5.28958976670264,-31.746397540609806,58.874301105126364,-0.4785350617337512,BALANCING
0.308,5.228133827456859,-29.712088512167764,57.00381078806281,-0.43072016934209023,BALANCING
0.31,5.170617299280297,-27.806792704825764,55.297990432154755,-0.3859341114936454,BALANCING
0.312,5.11679053465035,-26.022143635166007,53.74615315311097,-0.34398193667814786,BALANCING
0.314,5.066420079915931,-24.35031311376102,52.33830041679467,-0.30468089499115814,BALANCING
0.316,5.019287632587453,-22.783977417736796,51.0650788489073,-0.2678597327303777,BALANCING
0.318,4.9751890642980445,-21.31628544399223,49.91773956041631,-0.23335801621725633,BALANCING
0.32,4.93393350556224,-19.940828755631784,48.88809988047418,-0.20102548630571146,BALANCING
0.322,4.895342488635968,-18.651613431532592,47.968507384458064,-0.1707214442076421,BALANCING
0.324,4.859249144962429,-17.443033628319576,47.151806103349806,-0.1423141686623323,BALANCING
0.326,4.8254974538691116,-16.309846764802412,46.4313048012191,-0.11568036404379392,BALANCING
0.328,4.793941539359348,-15.247150240723483,45.800747209510014,-0.09070463869292082,BALANCING
0.33,4.764445012015528,-14.250359604169114,45.25428410974894,-0.06727901254791153,BALANCING
0.332,4.736880353199466,-13.315188084980525,44.78644715988279,-0.04530245300307552,BALANCING
0.334,4.711128338897377,-12.437627414795456,44.392124363489444,-0.024680437835177035,BALANCING
0.336,4.687077500712238,-11.613929857830193,44.06653708540688,-0.005324543984667804,BALANCING
0.338,4.664623621654465,-10.84059138008056,43.805218521775295,0.0,BALANCING
0.34,4.643628219650224,-10.15530378698791,43.65944421885058,0.0,BALANCING
0.342,4.6240004908072185,-9.472889803619962,43.514155021310806,0.0,BALANCING
0.34400000000000003,4.605734858163651,-8.793179285703191,43.36934931483005,0.0,BALANCING
0.34600000000000003,4.588826084379676,-8.116002748735598,43.22502549045454,0.0,BALANCING
0.34800000000000003,4.573269270458738,-7.441191327132003,43.081181944584735,0.0,BALANCING
0.35000000000000003,4.559059854550491,-6.76857673348658,42.93781707895753,0.0,BALANCING
0.352,4.546193610835086,-6.097991217945538,42.79492930062851,0.0,BALANCING
0.354,4.53466664848861,-5.429267527682756,42.65251702195422,0.0,BALANCING
0.356,4.52447541072947,-4.762238866471173,42.51057866057453,0.0,BALANCING
0.358,4.515616673945552,-4.096738854342636,42.3691126393951,0.0,BALANCING
0.36,4.508087546901977,-3.4326014873289177,42.22811738656977,0.0,BALANCING
0.362,4.5018854700292925,-2.76966109727656,42.08759133548318,0.269123229076362,BALANCING
0.364,4.495966772971799,-3.147424467739938,43.354745201165784,0.2526545104813776,BALANCING
0.366,4.489380606782441,-3.4373081921528157,44.50189698812409,0.23939340496674158,BALANCING
0.368,4.482286392538008,-3.655617134136306,45.55101839913298,0.22871858608432166,BALANCING
0.37,4.474814099736066,-3.815504420866867,46.51983920506319,0.22014437574813234,BALANCING
0.372,4.467069865447251,-3.9276543890125715,47.42276721408574,0.21328592015166573,BALANCING
0.374,4.459140421644191,-4.00079180734595,48.27157393118168,0.2078349694478989,BALANCING
0.376,4.451096625586863,-4.042069839862963,49.07591674785851,0.203542516343773,BALANCING
0.378,4.442996301668893,-4.057370796723856,49.84374361559308,0.20020603315068924,BALANCING
0.38,4.434886546202508,-4.051542574249126,50.58161109936477,0.19765988888684993,BALANCING
0.382,4.42680560784437,-4.0285866720015555,51.29493723672448,0.1957680254190799,BALANCING
0.384,4.418784429164106,-3.9918091083216947,51.98820446302743,0.19441827617360788,BALANCING
0.386,4.4108479152859905,-3.943942490363648,52.66512372693625,0.19351790349672582,BALANCING
0.388,4.40301598114022,-3.8872453808263607,53.328768068837796,0.1929900560635806,BALANCING
0.39,4.395304418071892,-3.8235836104547154,53.98168192146519,0.1927709314558195,BALANCING
0.392,4.3877256123372375,-3.754497107983524,54.62597093978786,0.19280748630636368,BALANCING
0.394,4.3802891416671725,-3.68125502691261,55.26337609971677,0.1930555764496421,BALANCING
0.396,4.373002271113136,-3.6049013560249876,55.89533500716828,0.19347843805973675,BALANCING
0.398,4.3658703654669395,-3.5262927508781496,56.5230327535679,0.19404544147303907,BALANCING
0.4,4.358897232418412,-3.446129977693003,57.14744418842927,0.1947310646685629,BALANCING
0.402,4.352085408101323,-3.3649840920495446,57.76936911766767,0.19551404481113457,BALANCING
0.404,4.345436394645118,-3.283318263379667,58.38946165191338,0.1963766749313759,BALANCING
0.406,4.338950857695983,-3.2015059885989663,59.0082547036349,0.19730421946828558,BALANCING
0.40800000000000003,4.332628790518381,-3.119846304227739,59.62618045173187,0.19828442755940343,BALANCING
0.41000000000000003,4.32646965017749,-3.0385764985150305,60.24358744730583,0.1993071270035931,BALANCING
0.41200000000000003,4.320472470387533,-2.957882737762788,60.86075491696981,0.20036388501249977,BALANCING
0.41400000000000003,4.314635954853734,-2.877908949965353,61.47790472454657,0.201447724406665,BALANCING
0.41600000000000004,4.308958554307727,-2.79876425074073,62.0952113738977,0.2025528859479318,BALANCING
0.418,4.303438529914113,-2.7205291487797223,62.71281037148345,0.20367462914134896,BALANCING
0.42,4.298074005290841,-2.643260728677391,63.33080521438563,0.20480906517087352,BALANCING
0.422,4.292863009023018,-2.566996976460058,63.94927322581014,0.20595301671780894,BALANCING
0.424,4.287803509246125,-2.4917603861255295,64.56827042383414,0.2071039002986169,BALANCING
0.426,4.282893441620518,-2.4175609630702013,65.18783557902546,0.20825962748811175,BALANCING
0.428,4.278130731806068,-2.3443987215758733,65.8079935914525,0.209418521995417,BALANCING
0.43,4.273513313367061,-2.272265757917024,66.42875829664054,0.21057925005744993,BALANCING
0.432,4.2690391418875135,-2.201147967593832,67.05013479250286,0.21174076202722467,BALANCING
0.434,4.264706205950929,-2.1310264642625203,67.67212136459449,0.2129022433772557,BALANCING
0.436,4.260512535532604,-2.061878748766036,68.29471107472735,0.21406307362415455,BALANCING
0.438,4.256456208263505,-1.9936796689711527,68.91789306765081,0.21522279191914478,BALANCING
0.44,4.252535353949776,-1.9264022046503524,69.54165364181814,0.2163810682488101,BALANCING
0.442,4.248748157668948,-1.8600181062076602,70.16597712295582,0.21753767935759116,BALANCING
0.444,4.245092861710868,-1.7944984114702263,70.79084657300568,0.2186924886438003,BALANCING
0.446,4.241567766586828,-1.7298138609132518,71.41624436183498,0.21984542939872542,BALANCING
0.448,4.238171231292857,-1.6659352284391142,72.04215262474801,0.22099649085743783,BALANCING
0.45,4.234901672981661,-1.6028335820956605,72.66855362515878,0.22214570661327593,BALANCING
0.452,4.231757566171222,-1.5404804868126882,73.29543003868639,0.22329314501818603,BALANCING
0.454,4.2287374415958645,-1.4788481592918443,73.92276517232335,0.2244389012502764,BALANCING
0.456,4.225839884786981,-1.4179095835466127,74.55054313012502,0.2255830907798544,BALANCING
0.458,4.223063534454963,-1.3576385942079385,75.17874893501273,0.22672584400732784,BALANCING
0.46,4.220407080730867,-1.2980099335470778,75.80736861471786,0.22786730188190327,BALANCING
0.462,4.2178692633153805,-1.2389992871866287,76.43638925857617,0.22900761234003655,BALANCING
0.464,4.215448869573568,-1.180583302644806,77.06579905077079,0.23014692742794443,BALANCING
0.466,4.213144732606277,-1.122739594162815,77.69558728468695,0.2312854009939075,BALANCING
0.468,4.21095572932275,-1.0654467366803015,78.32574436225464,0.232423186854192,BALANCING
0.47000000000000003,4.2088807785337945,-1.008684251332201,78.9562617814936,0.23356043735170254,BALANCING
0.47200000000000003,4.206918839080477,-0.9524325844272988,79.58713211491865,0.23469730223939714,BALANCING
0.47400000000000003,4.205068908009783,-0.8966730815222953,80.21834898099691,0.2358339278313988,BALANCING
0.47600000000000003,4.203330018805702,-0.8413879579146841,80.8499070104563,0.23697045637395356,BALANCING
0.47800000000000004,4.20170123968185,-0.7865602666346307,81.4818018089178,0.23810702559615446,BALANCING
0.48,4.200181671939722,-0.7321738648128051,82.11402991704861,0.23924376840691844,BALANCING
0.482,4.1987704483951225,-0.6782133791315659,82.7465887692054,0.24038081271022751,BALANCING
0.484,4.1974667318740595,-0.624664170925674,83.37947665134512,0.24151828131531838,BALANCING
0.486,4.196269713778321,-0.5715123013813853,84.01269265882304,0.24265629192242447,BALANCING
0.488,4.195178612720213,-0.5187444971855181,84.6462366545652,0.243794957167986,BALANCING
0.49,4.194192673225264,-0.4663481168957241,85.28010922799406,0.24493438471602055,BALANCING
0.492,4.19331116450128,-0.41431111823700395,85.91431165499613,0.24607467738468294,BALANCING
0.494,4.192533379271697,-0.36262202647520214,86.54884585914651,0.2472159332990003,BALANCING
0.496,4.191858632671031,-0.31126990397386656,87.18371437434499,0.24835824606241177,BALANCING
0.498,4.191286261199933,-0.26024432100483447,87.81892030896907,0.24950170494111332,BALANCING
0.5,4.190815621737336,-0.20953532785382822,88.4544673116097,0.2506463950563561,BALANCING
0.502,4.190446090607079,-0.1591334282390597,89.09035953842327,0.25179239758080096,BALANCING
0.504,4.19017706269636,-0.10902955404235212,89.72660162210818,0.2529397899358295,BALANCING
0.506,4.190007950623451,-0.05921504133781401,90.36319864249421,0.2540886459873665,BALANCING
0.508,4.189938183952054,-0.00968160769188285,91.00015609871731,0.2552390362383208,BALANCING
0.51,4.1899672084498425,0.039578669299904085,91.63747988294044,0.25639102801619357,BALANCING
0.512,4.190094485388711,0.08857337228032643,92.27517625557235,0.2575446856547802,BALANCING
0.514,4.190319490884417,0.13730976324742178,92.91325182192966,0.2587000706691883,BALANCING
0.516,4.190641715273352,0.1857948015692467,93.55171351028336,0.2598572419236415,BALANCING
0.518,4.191060662524279,0.23403516094652926,94.19056855122795,0.2610162557917408,BALANCING
0.52,4.191575849683002,0.28203724537407565,94.82982445831007,0.26217716630900906,BALANCING
0.522,4.192186806347997,0.32980720415186165,95.46948900985291,0.2633400253176764,BALANCING
0.524,4.192893074175171,0.37735094599618507,96.10957023191358,0.2645048826037609,BALANCING
0.526,4.193694206409984,0.42467415230025923,96.75007638231085,0.2656717860265782,BALANCING
0.528,4.194589767445292,0.4717822895922742,97.39101593566326,0.26684078164087077,BALANCING
0.53,4.1955793324033435,0.5186806212373519,98.03239756937833,0.268011913811795,BALANCING
0.532,4.196662486740475,0.5653742184280219,98.67423015053691,0.2691852253230329,BALANCING
0.534,4.19783882587311,0.6118679705059424,99.31652272361822,0.2703607574783165,BALANCING
0.536,4.199107954823769,0.6581665946556066,99.959284499014,0.2715385501966692,BALANCING
0.538,4.200469487885891,0.7042746450087585,100.60252484228265,0.2727186421016735,BALANCING
0.54,4.20192304830629,0.7501965211962169,101.24625326409652,0.2739010706050749,BALANCING
0.542,4.203468267984216,0.7959364763818177,101.89047941083862,0.2750858719850326,BALANCING
0.544,4.205104787185977,0.8414986248112213,102.53521305580668,0.27627308145932045,BALANCING
0.546,4.206832254274225,0.886886948906426,103.18046409098562,0.2774627332537714,BALANCING
0.548,4.208650325450985,0.9321053059350038,103.82624251935165,0.2786548606662543,BALANCING
0.55,4.210558664513637,0.9771574342812906,104.47255844767285,0.2798494961264554,BALANCING
0.552,4.212556942623059,1.0220469593450912,105.11942207977442,0.2810466712517292,BALANCING
0.554,4.214644838083227,1.0667773990918414,105.76684371023761,0.28224641689926977,BALANCING
0.556,4.216822036131574,1.1113521692766413,106.41483371850416,0.28344876321483714,BALANCING
0.558,4.219088228739509,1.1557745883631414,107.06340256335949,0.2846537396782688,BALANCING
0.56,4.221443114422471,1.2000478821568834,107.71256077776981,0.2858613751459865,BALANCING
0.562,4.223886398058996,1.244175188171416,108.36231896404985,0.2870716978906981,BALANCING
0.5640000000000001,4.2264177907182505,1.288159559744307,109.01268778933947,0.288284735638486,BALANCING
0.5660000000000001,4.229037009495578,1.332003969919019,109.6636779813691,0.2895005156034553,BALANCING
0.5680000000000001,4.231743777355581,1.3757113151075695,110.31530032449487,0.29071906452011026,BALANCING
0.5700000000000001,4.234537822982317,1.41928441854789,110.96756565598596,0.29194040867361315,BALANCING
0.5720000000000001,4.237418880636233,1.4627260335688645,111.62048486254784,0.29316457392807027,BALANCING
0.5740000000000001,4.2403866900174325,1.506038846675166,112.27406887706576,0.29439158575298124,BALANCING
0.5760000000000001,4.243440996134951,1.5492254804631844,112.92832867555472,0.2956214692479766,BALANCING
0.578,4.246581549181707,1.592288496378595,113.58327527430224,0.2968542491659632,BALANCING
0.58,4.24980810441481,1.6352303973253923,114.2389197271916,0.29808994993478527,BALANCING
0.582,4.2531204220409595,1.6780536301355677,114.89527312319426,0.2993285956775045,BALANCING
0.584,4.256518267106639,1.720760587907992,115.55234658402036,0.3005702102313941,BALANCING
0.586,4.260001409392873,1.763353612224485,116.21015126191756,0.3018148171657344,BALANCING
0.588,4.263569623314303,1.8058349952505313,116.86869833760859,0.30306243979849273,BALANCING
0.59,4.267222687822344,1.848206981727599,117.52799901835914,0.3043131012119639,BALANCING
0.592,4.270960386312238,1.890471770863564,118.18806453616763,0.30556682426744275,BALANCING
0.594,4.274782506533781,1.9326315181273008,118.84890614606941,0.30682363161899356,BALANCING
0.596,4.278688840505556,1.9746883369531159,119.51053512454851,0.3080835457263791,BALANCING
0.598,4.282679184432486,2.0166443003603187,120.17296276804986,0.3093465888672044,BALANCING
0.6,4.286753338626549,2.0585014424928816,120.83620039158639,0.3106127831483308,BALANCING
0.602,4.2909111074304915,2.100261760083823,121.50025932743482,0.31188215051660706,BALANCING
0.604,4.295152299144409,2.141927213848638,122.16515092391504,0.3131547127689632,BALANCING
0.606,4.29947672595503,2.1834997298118335,122.8308865442478,0.3144304915619121,BALANCING
0.608,4.303884203867615,2.2249812005703675,123.49747756548636,0.31570950842049544,BALANCING
0.61,4.308374552640296,2.266373486497525,124.16493537751741,0.3169917847467113,BALANCING
0.612,4.312947595720785,2.307678416890581,124.83327138212724,0.3182773418274595,BALANCING
0.614,4.317603160185316,2.3488977910653475,125.5024969921295,0.31956620084203274,BALANCING
0.616,4.322341076679732,2.390033379400547,126.17262363055069,0.32085838286918655,BALANCING
0.618,4.327161179362607,2.4310869243347306,126.84366272987029,0.3221539088938129,BALANCING
0.62,4.3320633058503235,2.472060141318337,127.51562573131204,0.3234527998132443,BALANCING
0.622,4.337047297164003,2.5129547197232815,128.1885240841838,0.3247550764432116,BALANCING
0.624,4.342112997678224,2.553772323712364,128.86236924526307,0.32606075952347774,BALANCING
0.626,4.3472602550714345,2.594514593070604,129.53717267822532,0.3273698697231675,BALANCING
0.628,4.352488920277998,2.635183144000521,130.2129458531133,0.3286824276458136,BALANCING
0.63,4.357798847441783,2.6757795698832285,130.88970024584432,0.32999845383413484,BALANCING
0.632,4.36318989387126,2.716305442007116,131.5674473377541,0.33131796877456543,BALANCING
0.634,4.368661919996008,2.7567623102657857,132.24619861517442,0.3326409929015493,BALANCING
0.636,4.374214789324596,2.7971517038268017,132.92596556904346,0.33396754660161376,BALANCING
0.638,4.379848368403781,2.8374751317727434,133.60675969454638,0.33529765021723756,BALANCING
0.64,4.385562526778943,2.8777340837159304,134.28859249078494,0.6034473852854627,BALANCING
0.642,4.39008600247947,1.6491189367464119,136.68883079409636,0.5769593254473969,BALANCING
0.644,4.3922985287285785,0.5664673738092388,138.892057621332,0.5536930057945572,BALANCING
0.646,4.392474798544843,-0.38741773309696237,140.92118652790796,0.5332683805324591,BALANCING
0.648,4.390857141272495,-1.2277072920488346,142.79643172751156,0.5153501830375413,BALANCING
0.65,4.38765933576877,-1.9677847297002453,144.53562613886206,0.4996426497626559,BALANCING
0.652,4.3830699743045605,-2.619456600056804,146.15450195871995,0.4858848658081046,BALANCING
0.654,4.377255430116148,-3.1931383780582516,147.66693817655053,0.47384665890676925,BALANCING
0.656,4.370362475308143,-3.6980183619274465,149.0851789259781,0.46332497720374,BALANCING
0.658,4.362520590305141,-4.142202263697672,150.42002610920505,0.454140693825413,BALANCING
0.66,4.353844001195337,-4.532840763387032,151.68100932568987,0.4461357879502272,BALANCING
0.662,4.344433477027181,-4.876242034163776,152.87653577920722,0.439170858018808,BALANCING
0.664,4.334377915342426,-5.177971009317941,154.01402252232847,0.43312292794858925,BALANCING
0.666,4.3237557408964475,-5.442936953198772,155.10001311940428,0.42788351182929635,BALANCING
0.668,4.312636139576845,-5.675470714208997,156.140280563924,0.42335690664358944,BALANCING
0.67,4.301080146937883,-5.879392875568599,157.13991806981514,0.4194586861457355,BALANCING
0.672,4.2891416084804455,-6.058073876316044,158.10341916541918,0.4161143721968776,BALANCING
0.674,4.276868026788901,-6.214487048649163,159.03474835054124,0.41325826264815396,BALANCING
0.676,4.264301308855772,-6.351255406232063,159.93740342846334,0.41083239732652616,BALANCING
0.678,4.251478425354398,-6.470692919753828,160.81447049380563,0.4087856458514974,BALANCING
0.68,4.238431992234172,-6.574840929271582,161.66867244154685,0.4070729029281415,BALANCING
0.682,4.2251907837905405,-6.665500266339318,162.50241176056088,0.40565437845318925,BALANCING
0.684,4.211780185283608,-6.744259591410189,163.31780828508647,0.4044949712629726,BALANCING
0.686,4.198222592227935,-6.81252039244122,164.1167324982009,0.40356371666826124,BALANCING
0.6880000000000001,4.184537762636863,-6.87151903808823,164.9008349113739,0.4028332990821818,BALANCING
0.6900000000000001,4.1707431277644265,-6.9223462325282785,165.67157198243052,0.40227962207175066,BALANCING
0.6920000000000001,4.156854066234771,-6.965964178057801,166.43022897977684,0.40188142906719365,BALANCING
0.6940000000000001,4.142884145872872,-7.003221715543093,167.1779401526895,0.40161996876040146,BALANCING
0.6960000000000001,4.128845337042095,-7.034867680978547,167.91570652507647,0.4014786999271148,BALANCING
0.6980000000000001,4.1147482008457255,-7.061562688335978,168.64441159271837,0.40144303102782386,BALANCING
0.7000000000000001,4.100602055154085,-7.083889524123965,169.36483517100876,0.40150009048965024,BALANCING
0.7020000000000001,4.086415121069877,-7.1023623172294785,170.07766561110725,0.40163852405429495,BALANCING
0.704,4.072194652136594,-7.117434628341559,170.78351057674314,0.4018483160030493,BALANCING
0.706,4.057947048323253,-7.129506586254921,171.48290655125916,0.40212063144560595,BALANCING
0.708,4.0436779565791525,-7.138931183352856,172.17632722450116,0.40244767719087515,BALANCING
0.71,4.029392359541003,-7.14601982933727,172.86419089153455,0.40282257901042,BALANCING
0.712,4.015094653788383,-7.1510472506013585,173.5468669796167,0.40323927336308774,BALANCING
0.714,4.000788718878932,-7.1542558123431546,174.22468180613686,0.40369241187697497,BALANCING
0.716,3.986477978249671,-7.155859331434301,174.89792365813358,0.40417727708562484,BALANCING
0.718,3.9721654529427846,-7.156046440044761,175.56684727332345,0.4046897080924465,BALANCING
0.72,3.957853809001332,-7.154983552954717,176.23167779315682,0.405226034993587,BALANCING
0.722,3.9435453992806946,-7.152817485248402,176.89261425010855,0.40578302102730884,BALANCING
0.724,3.9292423003337293,-7.1496777615829314,177.5498326440809,0.40635781153951234,BALANCING
0.726,3.914946344950055,-7.145678653371676,178.20348865633142,0.40694788896230494,BALANCING
0.728,3.9006591508615167,-7.140920975940137,178.85372004363353,0.40755103309714313,BALANCING
0.73,3.8863821460655372,-7.135493673935083,179.500648750346,0.40816528607754354,BALANCING
0.732,3.8721165911648567,-7.129475219935633,180.14438277162813,0.4087889214600046,BALANCING
0.734,3.857863599075186,-7.122934848275386,180.78501779712147,0.40942041695673814,BALANCING
0.736,3.8436241524109103,-7.115933643491595,181.42263866096465,0.4100584303811231,BALANCING
0.738,3.8293991188224066,-7.108525500529662,182.05732062095927,0.4107017784273467,BALANCING
0.74,3.8151892645263366,-7.100757971813171,182.68913048701742,0.41134941795030033,BALANCING
0.742,3.800995266241814,-7.0926730145093355,183.31812761664847,0.4120004294511432,BALANCING
0.744,3.7868177217202823,-7.08430764974916,183.94436479315178,0.41265400250865303,BALANCING
0.746,3.7726571590347833,-7.075694544176109,184.5678890003345,0.41330942292710593,BALANCING
0.748,3.758514044774799,-7.066862522974805,185.18874210594691,0.4139660613984372,BALANCING
0.75,3.7443887912756146,-7.057837022453001,185.8069614645904,0.4146233635002664,BALANCING
0.752,3.7302817629959573,-7.048640489298886,186.42258044958584,0.41528084087238953,BALANCING
0.754,3.7161932821442583,-7.039292732796596,187.03562892217286,0.4159380634328881,BALANCING
0.756,3.7021236336420773,-7.029811235542597,187.64613364542384,0.4165946525113629,BALANCING
0.758,3.688073069502781,-7.02021142755247,188.2541186493864,0.417250274791235,BALANCING
0.76,3.674041812694374,-7.010506928071608,188.85960555320125,0.4179046369657846,BALANCING
0.762,3.6600300605472587,-7.000709758895051,189.4626138492641,0.4185574810238347,BALANCING
0.764,3.646037987760549,-6.990830532553346,190.06316115390436,0.4192085800908916,BALANCING
0.766,3.6320657490542234,-6.980878618325833,190.6612634285255,0.41985773476029525,BALANCING
0.768,3.618113481508863,-6.970862288693789,191.25693517468738,0.42050476985664736,BALANCING
0.77,3.604181306629769,-6.960788848538094,191.850189606201,0.42114953158058127,BALANCING
0.772,3.590269332167947,-6.950664749114506,192.4410388009438,0.42179188498994585,BALANCING
0.774,3.576377653726589,-6.940495688600128,193.02949383478534,0.42243171177776256,BALANCING
0.776,3.5625063561783437,-6.930286700793275,193.61556489973114,0.42306890831199134,BALANCING
0.778,3.548655514915656,-6.92004223336257,194.1992614081437,0.4237033839062569,BALANCING
0.78,3.5348251969538476,-6.909766216876613,194.780592084682,0.42433505929432225,BALANCING
0.782,3.521015461904289,-6.899462125700485,195.35956504740557,0.4249638652843042,BALANCING
0.784,3.50722636283297,-6.889133031717377,195.93618787932053,0.4255897415714523,BALANCING
0.786,3.49345794701797,-6.8787816517207085,196.51046769149372,0.42621263569080853,BALANCING
0.788,3.4797102566177376,-6.8684103892225,197.082411178728,0.42683250209326723,BALANCING
0.79,3.4659833292606925,-6.858021371335918,197.65202466867544,0.42744930133049447,BALANCING
0.792,3.4522771985654157,-6.847616481312336,198.2193141651618,0.42806299933588154,BALANCING
0.794,3.4385918945996083,-6.837197387244944,198.78428538640392,0.4286735667902178,BALANCING
0.796,3.4249274442850317,-6.826765567390569,199.34694379872218,0.42928097856209896,BALANCING
0.798,3.411283871754792,-6.816322332508157,199.9072946462786,0.42988521321426787,BALANCING
0.8,3.397661198668588,-6.805868845565421,200.46534297730872,0.43048625256811685,BALANCING
0.802,3.384059444490873,-6.795406139123765,201.02109366726106,0.4310840813195007,BALANCING
0.804,3.3704786267362947,-6.784935130675017,201.57455143920734,0.4316786866998132,BALANCING
0.806,3.356918761186276,-6.774456636171309,202.12572088184646,0.4322700581769951,BALANCING
0.808,3.343379862080136,-6.76397138196099,202.67460646538467,0.43285818719176783,BALANCING
0.81,3.329861942283739,-6.75348001531837,203.2212125555425,0.4334430669249434,BALANCING
0.812,3.316365013438341,-6.7429831137330005,203.76554342590944,0.43402469209214806,BALANCING
0.8140000000000001,3.3028890860919393,-6.732481193104605,204.30760326884075,0.43460305876273037,BALANCING
0.8160000000000001,3.2894341698152116,-6.721974714972644,204.84739620506824,0.43517816420000355,BALANCING
0.8180000000000001,3.276000273303844,-6.711464092894221,205.38492629217663,0.4357500067203094,BALANCING
0.8200000000000001,3.262587404468857,-6.700949698070691,205.92019753207904,0.43631858556868464,BALANCING
0.8220000000000001,3.249195570516341,-6.690431864311494,206.45321387760978,0.4368839008091752,BALANCING
0.8240000000000001,3.2358247780178537,-6.67991089241329,206.9839792383381,0.43744595322807156,BALANCING
0.8260000000000001,3.222475032972573,-6.669387054023298,207.51249748569487,0.4380047442485425,BALANCING
0.8280000000000001,3.209146340862179,-6.6588605950476,208.03877245749345,0.43856027585532514,BALANCING
0.8300000000000001,3.195838706699327,-6.648331738658033,208.56280796191555,0.43911255052828574,BALANCING
0.8320000000000001,3.182552135070452,-6.637800687944957,209.0846077810255,0.43966157118380644,BALANCING
0.834,3.169286630173591,-6.627267628257625,209.60417567386864,0.44020734112307547,BALANCING
0.836,3.1560421958517937,-6.616732729268957,210.1215153792022,0.4407498639864679,BALANCING
0.838,3.142818835622649,-6.606196146797195,210.63663061790285,0.44128914371329864,BALANCING
0.84,3.1296165527043853,-6.595658024413076,211.1495250950884,0.44182518450631564,BALANCING
0.842,3.116435350038945,-6.585118494857804,211.66020250198727,0.44235799080037425,BALANCING
0.844,3.103275230312387,-6.574577681294088,212.16866651758627,0.4428875672347995,BALANCING
0.846,3.0901361959729408,-6.564035698409953,212.67492081008163,0.44341391862900326,BALANCING
0.848,3.077018249246977,-6.553492653392618,213.17896903815748,0.44393704996097155,BALANCING
0.85,3.063921392153151,-6.542948646787805,213.68081485211167,0.4444569663482841,BALANCING
0.852,3.0508456265149224,-6.532403773257925,214.18046189484681,0.44497367303136803,BALANCING
0.854,3.0377909539716548,-6.521858122251093,214.67791380274275,0.44548717535872256,BALANCING
0.856,3.02475737598845,-6.511311778591451,215.17317420642422,0.4459974787738817,BALANCING
0.858,3.0117448938648756,-6.500764823000089,215.66624673143622,0.4465045888039117,BALANCING
0.86,2.99875350874271,-6.490217332554723,216.15713499883762,0.44700851104926015,BALANCING
0.862,2.985783221612823,-6.4796693810953565,216.64584262572325,0.4475092511747999,BALANCING
0.864,2.9728340333212913,-6.469121039582285,217.13237322568216,0.44800681490192557,BALANCING
0.866,2.9599059445748424,-6.458572376412054,217.6167304092004,0.44850120800157856,BALANCING
0.868,2.946998955945702,-6.4480234576963245,218.09891778401393,0.44899243628809227,BALANCING
0.87,2.9341130678759177,-6.437474347508024,218.5789389554186,0.4494805056137597,BALANCING
0.872,2.9212482806812186,-6.426925108098614,219.05679752654123,0.44996542186403915,BALANCING
0.874,2.9084045945544656,-6.416375800089911,219.5324970985771,0.45044719095332225,BALANCING
0.876,2.895582009568741,-6.4058264826434135,220.0060412709975,0.4509258188211987,BALANCING
0.878,2.88278052568012,-6.395277213609826,220.4774336417311,0.4514013114291585,BALANCING
0.88,2.8700001427301602,-6.384728049661087,220.94667780732172,0.4518736747576807,BALANCING
0.882,2.85724086044814,-6.374179046406964,221.41377736306603,0.4523429148036629,BALANCING
0.884,2.8445026784530825,-6.363630258498046,221.87873590313302,0.452809037578151,BALANCING
0.886,2.831785596255582,-6.353081739716712,222.34155702066738,0.4532720491043351,BALANCING
0.888,2.8190896132594587,-6.342533543057519,222.80224430787914,0.4537319554157784,BALANCING
0.89,2.806414728763264,-6.331985720798228,223.26080135612065,0.4541887625548525,BALANCING
0.892,2.793760941961652,-6.321438324562586,223.7172317559528,0.4546424765713564,BALANCING
0.894,2.7811282519466305,-6.310891405375833,224.17153909720165,0.4550931035212936,BALANCING
0.896,2.7685166577087092,-6.300345013713786,224.6237269690063,0.455540649465793,BALANCING
0.898,2.7559261581379557,-6.289799199546251,225.0737989598596,0.45598512047015377,BALANCING
0.9,2.743356752024969,-6.279254012375442,225.52175865764212,0.45642652260300115,BALANCING
0.902,2.7308084380617785,-6.268709501269987,225.96760964965037,0.4568648619355395,BALANCING
0.904,2.718281214842685,-6.258165714895036,226.4113555226197,0.45730014454088996,BALANCING
0.906,2.7057750808650374,-6.247622701538939,226.852999862743,0.45773237649350634,BALANCING
0.908,2.693290034529965,-6.237080509136889,227.29254625568512,0.4581615638686551,BALANCING
0.91,2.68082607414306,-6.226539185291891,227.7299982865941,0.4585877127419566,BALANCING
0.912,2.6683831979150257,-6.2159987772933665,228.16535954010908,0.4590108291889766,BALANCING
0.914,2.655961403962288,-6.205459332133675,228.5986336003655,0.4594309192848652,BALANCING
0.916,2.643560690307571,-6.194920896522796,229.02982405099817,0.4598479891040349,BALANCING
0.918,2.6311810548804515,-6.184383516901387,229.45893447514177,0.46026204471987503,BALANCING
0.92,2.6188224955178865,-6.173847239452403,229.8859684554302,0.4606730922044985,BALANCING
0.922,2.606485009964716,-6.16331211011146,230.31092957399343,0.4610811376285144,BALANCING
0.924,2.5941685958741503,-6.152778174576065,230.7338214124538,0.4614861870608271,BALANCING
0.926,2.5818732508082363,-6.142245478313876,231.15464755192036,0.4618882465684565,BALANCING
0.928,2.5695989722383126,-6.131714066570079,231.5734115729826,0.46228732221637614,BALANCING
0.93,2.5573457575454435,-6.121183984373994,231.9901170557029,0.4626834200673701,BALANCING
0.932,2.54511360402085,-6.110655276545011,232.40476757960835,0.4630765461819037,BALANCING
0.934,2.53290250886632,-6.1001279876979115,232.81736672368174,0.46346670661800704,BALANCING
0.936,2.520712469194615,-6.089602162247666,233.22791806635172,0.46385390743117133,BALANCING
0.9380000000000001,2.5085434820298635,-6.0790778444137645,233.63642518548292,0.4642381546742545,BALANCING
0.9400000000000001,2.4963955443079513,-6.068555078224125,234.04289165836485,0.46461945439739577,BALANCING
0.9420000000000001,2.484268652876898,-6.058033907518633,234.44732106170107,0.4649978126479393,BALANCING
0.9440000000000001,2.4721628044972315,-6.047514375952368,234.84971697159747,0.46537323547036374,BALANCING
0.9460000000000001,2.460077995842354,-6.036996526998533,235.2500829635506,0.46574572890621824,BALANCING
0.9480000000000001,2.4480142234989035,-6.026480403951126,235.64842261243538,0.4661152989940644,BALANCING
0.9500000000000001,2.4359714839671085,-6.015966049927394,236.0447394924928,0.4664819517694231,BALANCING
0.9520000000000001,2.4239497736611417,-6.005453507870086,236.4390371773174,0.46684569326472475,BALANCING
0.9540000000000001,2.4119490889094646,-5.994942820549524,236.8313192398445,0.4672065295092645,BALANCING
0.9560000000000001,2.3999694259551725,-5.984434030565522,237.2215892523373,0.4675644665291598,BALANCING
0.9580000000000001,2.3880107809563307,-5.973927180349159,237.6098507863738,0.4679195103473118,BALANCING
0.96,2.3760731499863144,-5.96342231216444,237.99610741283377,0.4682716669833686,BALANCING
0.962,2.3641565290341378,-5.952919468109829,238.38036270188542,0.46862094245369146,BALANCING
0.964,2.352260914004786,-5.942418690119702,238.76262022297217,0.4689673427713225,BALANCING
0.966,2.34038630071954,-5.931920019965703,239.14288354479936,0.4693108739459547,BALANCING
0.968,2.3285326849163024,-5.92142349925802,239.52115623532063,0.46965154198390335,BALANCING
0.97,2.316700062249919,-5.910929169446602,239.8974418617248,0.4699893528880786,BALANCING
0.972,2.3048884282924966,-5.900437071822299,240.27174399042207,0.4703243126579598,BALANCING
0.974,2.2930977785337223,-5.889947247517965,240.64406618703077,0.470656427289571,BALANCING
0.976,2.2813281083811767,-5.879459737509492,241.0144120163639,0.4709857027754566,BALANCING
0.978,2.2695794131606477,-5.868974582616814,241.38278504241538,0.47131214510465896,BALANCING
0.98,2.257851688116442,-5.858491823504862,241.7491888283468,0.47163576026269594,BALANCING
0.982,2.2461449284116926,-5.848011500684491,242.11362693647385,0.4719565542315399,BALANCING
0.984,2.2344591291286666,-5.837533654513363,242.47610292825277,0.472274532989597,BALANCING
0.986,2.2227942852690723,-5.827058325196811,242.83662036426708,0.4725897025116862,BALANCING
0.988,2.2111503917543605,-5.816585552788672,243.19518280421394,0.4729020687690207,BALANCING
0.99,2.19952744342603,-5.806115377192094,243.55179380689083,0.4732116377291881,BALANCING
0.992,2.1879254350459236,-5.795647838160328,243.90645693018215,0.4735184153561314,BALANCING
0.994,2.176344361296532,-5.785182975297484,244.25917573104587,0.47382240761013117,BALANCING
0.996,2.1647842167812885,-5.774720828059291,244.6099537655001,0.4741236204477868,BALANCING
0.998,2.1532449960248647,-5.764261435753817,244.95879458860995,0.474422059821999,BALANCING
1.0,2.1417266934734673,-5.753804837542194,245.305701754474,0.47471773168195225,BALANCING
1.002,2.1302293034951294,-5.743351072439312,245.65067881621133,0.47501064197309706,BALANCING
1.004,2.1187528203800032,-5.732900179314505,245.99372932594812,0.47530079663713354,BALANCING
1.006,2.1072972383406503,-5.722452196892235,246.33485683480467,0.47558820161199383,BALANCING
1.008,2.09586255151233,-5.712007163752741,246.674064892882,0.4758728628318259,BALANCING
1.01,2.084448753953289,-5.701565118332702,247.01135704924897,0.47615478622697655,BALANCING
1.012,2.073055839645046,-5.691126098925876,247.34673685192917,0.4764339777239755,BALANCING
1.014,2.0616838024926776,-5.680690143683728,247.6802078478878,0.4767104432455187,BALANCING
1.016,2.0503326363251024,-5.670257290616059,248.01177358301888,0.4769841887104524,BALANCING
1.018,2.039002334895364,-5.659827577591613,248.3414376021321,0.4772552200337574,BALANCING
1.02,2.0276928918809114,-5.649401042338688,248.66920344894007,0.47752354312653256,BALANCING
1.022,2.01640430088388,-5.638977722445736,248.99507466604533,0.47778916389597986,BALANCING
1.024,2.005136555431372,-5.628557655361943,249.31905479492778,0.47805208824538803,BALANCING
1.026,1.9938896489757323,-5.618140878397824,249.64114737593152,0.47831232207411745,BALANCING
1.028,1.9826635748948258,-5.607727428725793,249.9613559482525,0.4785698712775844,BALANCING
1.03,1.9714583264923138,-5.597317343380732,250.2796840499255,0.478824741747246,BALANCING
1.032,1.960273896997928,-5.586910659260558,250.59613521781168,0.4790769393705845,BALANCING
1.034,1.949110279567744,-5.576507413126777,250.91071298758592,0.47932647003109247,BALANCING
1.036,1.9379674672844533,-5.566107641605032,251.2234208937242,0.47957333960825765,BALANCING
1.038,1.9268454531576347,-5.555711381185657,251.53426246949113,0.47981755397754744,BALANCING
1.04,1.9157442301240248,-5.545318668224206,251.84324124692736,0.48005911901039466,BALANCING
1.042,1.9046637910477866,-5.534929538941989,252.1503607568373,0.4802980405741821,BALANCING
1.044,1.8936041287207765,-5.5245440294266075,252.45562452877658,0.48053432453222766,BALANCING
1.046,1.8825652358628138,-5.5141621756324675,252.75903609103966,0.4807679767437701,BALANCING
1.048,1.8715471051219437,-5.503784013381302,253.06059897064773,0.48099900306395377,BALANCING
1.05,1.8605497290747044,-5.493409578362683,253.3603166933361,0.4812274093438145,BALANCING
1.052,1.8495731002263893,-5.483038906134528,253.6581927835422,0.48145320143026454,BALANCING
1.054,1.8386172110113104,-5.472672032123605,253.95423076439334,0.4816763851660786,BALANCING
1.056,1.8276820537930614,-5.462308991626028,254.24843415769448,0.4818969663898788,BALANCING
1.058,1.8167676208647754,-5.4519498198077505,254.54080648391619,0.48211495093612067,BALANCING
1.06,1.8058739044493886,-5.441594551705054,254.83135126218258,0.482330344635079,BALANCING
1.062,1.795000896699896,-5.431243222225033,255.12007201025912,0.4825431533128334,BALANCING
1.064,1.7841485896996112,-5.420895866146077,255.40697224454092,0.4827533827912537,BALANCING
1.066,1.7733169754624223,-5.410552518118338,255.69205548004047,0.4829610388879866,BALANCING
1.068,1.7625060459330482,-5.400213212664207,255.97532523037603,0.483166127416441,BALANCING
1.07,1.7517157929872944,-5.389877984178781,256.2567850077595,0.48336865418577435,BALANCING
1.072,1.7409462084323057,-5.3795468669303235,256.5364383229848,0.48356862500087844,BALANCING
1.074,1.730197284006821,-5.369219895060722,256.8142886854159,0.48376604566236553,BALANCING
1.076,1.7194690113814244,-5.358897102585943,257.09033960297523,0.48396092196655477,BALANCING
1.078,1.708761382158797,-5.3485785233964815,257.36459458213193,0.4841532597054581,BALANCING
1.08,1.698074387873968,-5.33826419125781,257.63705712789016,0.48434306466676685,BALANCING
1.082,1.6874080199945625,-5.327954139810815,257.90773074377745,0.48453034263383754,BALANCING
1.084,1.6767622699210532,-5.31764840257224,258.17661893183316,0.484715099385679,BALANCING
1.086,1.666137128987005,-5.307347012935118,258.44372519259707,0.48489734069693824,BALANCING
1.088,1.6555325884593248,-5.297050004169203,258.70905302509743,0.48507707233788716,BALANCING
1.09,1.6449486395385056,-5.286757409421399,258.9726059268402,0.4852543000744092,BALANCING
1.092,1.6343852733588728,-5.276469261716175,259.2343873937969,0.4854290296679857,BALANCING
1.094,1.623842480988829,-5.266185593955995,259.4944009203938,0.48560126687568284,BALANCING
1.096,1.613320253431096,-5.255906438921728,259.7526499995001,0.4857710174501382,BALANCING
1.098,1.6028185816229594,-5.245631829273062,260.00913812241714,0.48593828713954773,BALANCING
1.1,1.5923374564365098,-5.235361797548915,260.2638687788667,0.4861030816876522,BALANCING
1.102,1.5818768686788836,-5.225096376167835,260.51684545698004,0.4862654068337246,BALANCING
1.104,1.571436809092504,-5.214835597428411,260.7680716432865,0.4864252683125568,BALANCING
1.106,1.56101726835532,-5.20457949350966,261.01755082270256,0.4865826718544463,BALANCING
1.108,1.550618237081046,-5.194328096471436,261.26528647852075,0.4867376231851841,BALANCING
1.11,1.540239705819398,-5.18408143825481,261.5112820923983,0.48689012802604076,BALANCING
1.112,1.5298816650563327,-5.173839550682469,261.7555411443464,0.48704019209375454,BALANCING
1.114,1.5195441052142833,-5.1636024654590935,261.9980671127191,0.4871878211005178,BALANCING
1.116,1.5092270166523942,-5.153370214171746,262.23886347420256,0.487333020753965,BALANCING
1.118,1.4989303896667576,-5.143142828290246,262.4779337038036,0.4874757967571594,BALANCING
1.12,1.4886542144906454,-5.132920339167551,262.71528127483964,0.48761615480858095,BALANCING
1.122,1.478398481294745,-5.122702778040125,262.95090965892706,0.4877541006021133,BALANCING
1.124,1.46816318018739,-5.112490176028311,263.1848223259709,0.4878896398270319,BALANCING
1.1260000000000001,1.457948301214793,-5.102282564136701,263.41702274415417,0.48802277816799067,BALANCING
1.1280000000000001,1.4477538343612764,-5.092079973254496,263.64751437992663,0.4881535213050105,BALANCING
1.1300000000000001,1.4375797695495032,-5.081882434155867,263.8763006979946,0.4882818749134662,BALANCING
1.1320000000000001,1.4274260966407066,-5.071689977500321,264.1033851613103,0.4884078446640746,BALANCING
1.1340000000000001,1.4172928054349185,-5.061502633833046,264.32877123106095,0.4885314362228824,BALANCING
1.1360000000000001,1.4071798856711986,-5.051320433585275,264.55246236665823,0.48865265525125356,BALANCING
1.1380000000000001,1.3970873270278612,-5.0411434070746255,264.77446202572827,0.48877150740585756,BALANCING
1.1400000000000001,1.3870151191227023,-5.030971584505455,264.99477366410053,0.4888879983386571,BALANCING
1.1420000000000001,1.3769632515132264,-5.020804995969201,265.2134007357977,0.4890021336968961,BALANCING
1.1440000000000001,1.3669317136968715,-5.010643671444726,265.4303466930252,0.48911391912308805,BALANCING
1.1460000000000001,1.3569204951112335,-5.000487640798657,265.6456149861608,0.48922336025500346,BALANCING
1.1480000000000001,1.3469295851342908,-4.990336933785718,265.8592090637445,0.48933046272565867,BALANCING
1.1500000000000001,1.3369589730846285,-4.980191580049068,266.07113237246784,0.48943523216330354,BALANCING
1.1520000000000001,1.3270086482216594,-4.970051609120633,266.28138835716396,0.48953767419141003,BALANCING
1.154,1.3170785997458483,-4.959917050421432,266.48998046079714,0.4896377944286602,BALANCING
1.156,1.3071688167989313,-4.9497879332619075,266.6969121244531,0.48973559848893483,BALANCING
1.158,1.297279288464139,-4.9396642868422465,266.90218678732805,0.48983109198130176,BALANCING
1.16,1.2874100037664145,-4.929546140252704,267.10580788671945,0.48992428051000403,BALANCING
1.162,1.277560951672634,-4.919433522473921,267.30777885801535,0.4900151696744489,BALANCING
1.164,1.2677321210918262,-4.909326462377243,267.5081031346846,0.490103765069196,BALANCING
1.166,1.2579235008753893,-4.899224988725035,267.7067841482667,0.490190072283946,BALANCING
1.168,1.2481350798173099,-4.889129130170991,267.9038253283622,0.4902740969035297,BALANCING
1.17,1.2383668466543793,-4.8790389152604465,268.0992301026223,0.49035584450789577,BALANCING
1.172,1.2286187900664103,-4.868954372430685,268.29300189673927,0.4904353206721009,BALANCING
1.174,1.2188908986764524,-4.858875530011245,268.48514413443655,0.49051253096629727,BALANCING
1.176,1.2091831610510078,-4.848802416224222,268.67566023745894,0.4905874809557224,BALANCING
1.178,1.1994955657002457,-4.838735059184571,268.8645536255628,0.4906601762006874,BALANCING
1.18,1.1898281010782157,-4.828673486900404,269.0518277165063,0.4907306222565663,BALANCING
1.182,1.1801807555830623,-4.818617727273286,269.2374859260397,0.49079882467378505,BALANCING
1.184,1.170553517557237,-4.808567808098533,269.4215316678959,0.49086478899781055,BALANCING
1.186,1.1609463752877103,-4.798523757065503,269.60396835378054,0.49092852076913973,BALANCING
1.188,1.1513593170061835,-4.788485601757887,269.78479939336245,0.4909900255232888,BALANCING
1.19,1.141792330889301,-4.778453369653994,269.9640281942643,0.49104930879078246,BALANCING
1.192,1.1322454050588584,-4.768427088127045,270.1416581620529,0.491106376097143,BALANCING
1.194,1.1227185275820148,-4.758406784445452,270.31769270022977,0.49116123296288006,BALANCING
1.196,1.1132116864715003,-4.7483924857731,270.49213521022165,0.4912138849034796,BALANCING
1.198,1.1037248696858257,-4.738384219169633,270.6649890913711,0.49126433742939357,BALANCING
1.2,1.0942580651294904,-4.728382011590727,270.83625774092746,0.49131259604602917,BALANCING
1.202,1.084811260653191,-4.718385889888374,271.0059445540368,0.4913586662537387,BALANCING
1.204,1.0753844440540266,-4.708395880811149,271.17405292373326,0.4914025535478088,BALANCING
1.206,1.0659776030757067,-4.698412011004487,271.34058624092955,0.4914442634184503,BALANCING
1.208,1.0565907254087574,-4.688434307010957,271.50554789440764,0.49148380135078806,BALANCING
1.21,1.0472237986907256,-4.678462795270526,271.66894127080974,0.49152117282485025,BALANCING
1.212,1.0378768105063854,-4.668497502120834,271.83076975462905,0.4915563833155585,BALANCING
1.214,1.0285497483879409,-4.658538453797453,271.99103672820064,0.49158943829271773,BALANCING
1.216,1.0192425998152321,-4.648585676434154,272.14974557169234,0.49162034322100573,BALANCING
1.218,1.0099553522159364,-4.638639196063172,272.3068996630957,0.4916491035599635,BALANCING
1.22,1.0006879929657722,-4.6286990386154665,272.462502378217,0.49167572476398497,BALANCING
1.222,0.9914405093887014,-4.618765229920976,272.6165570906682,0.49170021228230715,BALANCING
1.224,0.982212888757131,-4.608837795708882,272.76906717185824,0.49172257155900007,BALANCING
1.226,0.9730051182921136,-4.598916761607861,272.9200359909837,0.4917428080329572,BALANCING
1.228,0.9638171851635498,-4.589002153146339,273.0694669150203,0.4917609271378854,BALANCING
1.23,0.9546490764903869,-4.579093995752749,273.2173633087139,0.491776934302295,BALANCING
1.232,0.9455007793408197,-4.569192314755775,273.36372853457164,0.4917908349494907,BALANCING
1.234,0.9363722807324888,-4.5592971353846075,273.5085659528533,0.49180263449756123,BALANCING
1.236,0.9272635676326805,-4.549408482769189,273.65187892156246,0.49181233835937005,BALANCING
1.238,0.9181746269585239,-4.539526381940461,273.7936707964379,0.4918199519425458,BALANCING
1.24,0.9091054455771893,-4.529650857830612,273.9339449309448,0.49182548064947273,BALANCING
1.242,0.9000560103060855,-4.519781935273316,274.0727046762662,0.49182892987728105,BALANCING
1.244,0.8910263079130566,-4.509919639003977,274.2099533812944,0.491830305017838,BALANCING
1.246,0.8820163251165777,-4.500063993659973,274.3456943926223,0.49182961145773785,BALANCING
1.248,0.8730260485859515,-4.490215023780891,274.47993105453503,0.49182685457829306,BALANCING
1.25,0.8640554649415032,-4.4803727538087665,274.6126667090013,0.4918220397555248,BALANCING
1.252,0.8551045607547756,-4.470537208088321,274.74390469566504,0.4918151723601538,BALANCING
1.254,0.8461733225487235,-4.460708410867196,274.8736483518369,0.49180625775759085,BALANCING
1.256,0.837261736797907,-4.450886386296187,275.00190101248586,0.4917953013079285,BALANCING
1.258,0.8283697899286865,-4.441071158429476,275.12866601023103,0.49178230836593073,BALANCING
1.26,0.8194974683194136,-4.431262751224864,275.253946675333,0.49176728428102523,BALANCING
1.262,0.8106447583006255,-4.421461188544,275.37774633568597,0.4917502343972936,BALANCING
1.264,0.8018116461552361,-4.411666494152608,275.500068316809,0.4917311640534623,BALANCING
1.266,0.7929981181187278,-4.401878691720718,275.6209159418383,0.4917100785828944,BALANCING
1.268,0.7842041603793426,-4.392097804822888,275.7402925315186,0.4916869833135804,BALANCING
1.27,0.7754297590782734,-4.38232385693843,275.85820140419526,0.49166188356812934,BALANCING
1.272,0.7666749003098532,-4.3725568714516365,275.974645875806,0.4916347846637603,BALANCING
1.274,0.7579395701217463,-4.362796871652,276.089629259873,0.49160569191229325,BALANCING
1.276,0.7492237545151363,-4.3530438807344325,276.2031548674947,0.491574610620141,BALANCING
1.278,0.7405274394449158,-4.343297921799493,276.3152260073375,0.4915415460883001,BALANCING
1.28,0.7318506108198752,-4.333559017853596,276.42584598562854,0.49150650361234266,BALANCING
1.282,0.72319325450289,-4.323827191809236,276.53501810614694,0.4914694884824077,BALANCING
1.284,0.7145553563111086,-4.314102466485203,276.64274567021624,0.49143050598319243,BALANCING
1.286,0.70593690201614,-4.304384864606796,276.74903197669664,0.49138956139394413,BALANCING
1.288,0.6973378773442402,-4.29467440880604,276.8538803219767,0.49134665998845173,BALANCING
1.29,0.6887582679764988,-4.284971121621896,276.95729399996594,0.49130180703503756,BALANCING
1.292,0.6801980595490241,-4.275275025500478,277.059276302087,0.4912550077965489,BALANCING
1.294,0.67165723765313,-4.265586142795256,277.1598305172676,0.49120626753034974,BALANCING
1.296,0.6631357878355197,-4.255904495767275,277.258959931933,0.49115559148831284,BALANCING
1.298,0.6546336955984713,-4.246230106585359,277.3566678299985,0.4911029849168113,BALANCING
1.3,0.6461509464000214,-4.236562997326316,277.4529574928613,0.4910484530567108,BALANCING
1.302,0.6376875256541494,-4.226903189975152,277.54783219939327,0.49099200114336106,BALANCING
1.304,0.6292434187309607,-4.217250706425274,277.6412952259333,0.4909336344065885,BALANCING
1.306,0.6208186109568699,-4.20760556847869,277.7333498462795,0.4908733580706877,BALANCING
1.308,0.6124130876147826,-4.197967797846223,277.823999331682,0.4908111773544138,BALANCING
1.31,0.6040268339442789,-4.188337416147702,277.91324695083523,0.49074709747097467,BALANCING
1.312,0.5956598351417941,-4.178714444912174,278.0010959698704,0.49068112362802285,BALANCING
1.314,0.5873120763608006,-4.169098905578099,278.0875496523484,0.49061326102764796,BALANCING
1.316,0.5789835427119887,-4.159490819493553,278.1726112592519,0.49054351486636905,BALANCING
1.318,0.5706742192634473,-4.1498902079164255,278.25628404897844,0.4904718903351267,BALANCING
1.32,0.5623840910408436,-4.1402970920146185,278.3385712773329,0.49039839261927565,BALANCING
1.322,0.554113143027604,-4.130711492866244,278.41947619752017,0.49032302689857693,BALANCING
1.324,0.545861360165092,-4.1211334314598185,278.4990020601378,0.49024579834719056,BALANCING
1.326,0.5376287273527884,-4.111562928694462,278.577152113169,0.490166712133668,BALANCING
1.328,0.5294152294484694,-4.1020000053800905,278.6539296019753,0.4900857734209445,BALANCING
1.33,0.5212208512683848,-4.09244468223761,278.72933776928915,0.4900029873663321,BALANCING
1.332,0.5130455775874359,-4.082896979899109,278.80337985520725,0.48991835912151155,BALANCING
1.334,0.5048893931393532,-4.073356918908051,278.8760590971831,0.4898318938325261,BALANCING
1.336,0.4967522826168729,-4.063824519719469,278.9473787300198,0.48974359663977324,BALANCING
1.338,0.48863423067191425,-4.0542998027001484,279.01734198586337,0.4896534726779978,BALANCING
1.34,0.4805352219157553,-4.044782788128826,279.0859520941956,0.48956152707628486,BALANCING
1.342,0.47245524091920904,-4.035273496196369,279.15321228182677,0.4894677649580527,BALANCING
1.344,0.4643942722127991,-4.025771947005974,279.2191257728891,0.48937219144104543,BALANCING
1.346,0.4563523002869347,-4.0162781605733455,279.2836957888295,0.48927481163732595,BALANCING
1.348,0.4483293095920853,-4.006792156826885,279.3469255484031,0.4891756306532692,BALANCING
1.35,0.4403252845389556,-3.9973139556078783,279.4088182676657,0.48907465358955515,BALANCING
1.352,0.432340209498659,-3.9878435766706812,279.4693771599677,0.4889718855411616,BALANCING
1.354,0.4243740688028915,-3.9783810396828994,279.5286054359467,0.4888673315973577,BALANCING
1.356,0.4164268467441053,-3.968926364225578,279.5865063035211,0.4887609968416968,BALANCING
1.358,0.40849852757568117,-3.9594795697933787,279.6430829678832,0.4886528863520099,BALANCING
1.36,0.4005890955121015,-3.9500406757947646,279.6983386314924,0.4885430052003986,BALANCING
1.362,0.3926985347291222,-3.940609701552184,279.75227649406884,0.48843135845322894,BALANCING
1.364,0.384826829363945,-3.9311866663022466,279.8048997525863,0.48831795117112403,BALANCING
1.366,0.37697396351538853,-3.921771589195907,279.8562116012661,0.48820278840895803,BALANCING
1.368,0.36913992124405953,-3.9123644892986404,279.90621523157,0.48808587521584945,BALANCING
1.37,0.36132468657252387,-3.9029653855906266,279.954913832194,0.48796721663515435,BALANCING
1.372,0.3535282434854767,-3.8935742969669227,280.00231058906166,0.48784681770446015,BALANCING
1.374,0.34575057592991254,-3.884191242237645,280.0484086853176,0.48772468345557907,BALANCING
1.3760000000000001,0.3379916678152953,-3.874816240128142,280.0932113013213,0.4876008189145418,BALANCING
1.3780000000000001,0.3302515030137273,-3.8654493092791724,280.13672161464,0.48747522910159125,BALANCING
1.3800000000000001,0.32253006536011836,-3.856090468247081,280.17894280004316,0.48734791903117586,BALANCING
1.3820000000000001,0.3148273386523546,-3.8467397355039727,280.2198780294955,0.4872188937119436,BALANCING
1.3840000000000001,0.3071433066514666,-3.837397129437886,280.25953047215063,0.48708815814673573,BALANCING
1.3860000000000001,0.2994779530817974,-3.828062668352969,280.2979032943452,0.4869557173325809,BALANCING
1.3880000000000001,0.2918312616311701,-3.818736370469651,280.3349996595922,0.4868215762606884,BALANCING
1.3900000000000001,0.2842032159510553,-3.809418253924814,280.37082272857486,0.4866857399164423,BALANCING
1.3920000000000001,0.2765937996567377,-3.8001083367719652,280.40537565914036,0.4865482132793959,BALANCING
1.3940000000000001,0.26900299632748287,-3.7908066369814097,280.43866160629375,0.48640900132326476,BALANCING
1.3960000000000001,0.26143078950670373,-3.78151317244042,280.47068372219155,0.48626810901592177,BALANCING
1.3980000000000001,0.2538771627021259,-3.7722279609534053,280.50144515613596,0.4861255413193903,BALANCING
1.4000000000000001,0.24634209938595383,-3.7629510202420833,280.5309490545685,0.48598130318983906,BALANCING
1.4020000000000001,0.23882558299503553,-3.753682367945647,280.5591985610639,0.48583539957757566,BALANCING
1.4040000000000001,0.2313275969310278,-3.744422021620934,280.58619681632433,0.48568783542704125,BALANCING
1.4060000000000001,0.22384812456056066,-3.7351699987425966,280.6119469581731,0.48553861567680445,BALANCING
1.408,0.21638714921540153,-3.7259263167032652,280.63645212154876,0.48538774525955586,BALANCING
1.41,0.20894465419261912,-3.7166909928137173,280.6597154384992,0.4852352291021022,BALANCING
1.412,0.20152062275474703,-3.7074640443030464,280.68174003817563,0.4850810721253608,BALANCING
1.414,0.1941150381299469,-3.6982454883188227,280.7025290468268,0.4849252792443539,BALANCING
1.416,0.1867278835121713,-3.6890353419272626,280.72208558779295,0.4847678553682032,BALANCING
1.418,0.17935914206132628,-3.679833622113392,280.7404127815002,0.4846088054001242,BALANCING
1.42,0.17200879690343363,-3.6706403457812105,280.75751374545445,0.48444813423742095,BALANCING
1.422,0.16467683113079273,-3.6614555297538565,280.773391594236,0.48428584677148045,BALANCING
1.424,0.15736322780214215,-3.652279190773769,280.78804943949325,0.48412194788776713,BALANCING
1.426,0.15006796994282087,-3.6431113455028505,280.8014903899375,0.48395644246581787,BALANCING
1.428,0.1427910405449291,-3.6339520105226315,280.8137175513369,0.4837893353792365,BALANCING
1.43,0.1355324225674891,-3.624801202334432,280.824734026511,0.48362063149568835,BALANCING
1.432,0.12829209893660518,-3.615658937359521,280.8345429153249,0.4834503356768953,BALANCING
1.434,0.12107005254562381,-3.60652523193928,280.84314731468396,0.4832784527786304,BALANCING
1.436,0.11386626625529321,-3.5974001023353623,280.8505503185277,0.4831049876507128,BALANCING
1.438,0.10668072289392262,-3.588283564729853,280.8567550178249,0.4829299451370029,BALANCING
1.44,0.09951340525754133,-3.5791756352254316,280.86176450056746,0.4827533300753965,BALANCING
1.442,0.09236429611005724,-3.5700763298455267,280.86558185176534,0.4825751472978207,BALANCING
1.444,0.0852333781834153,-3.560985664534479,280.8682101534408,0.4823954016302284,BALANCING
1.446,0.07812063417775549,-3.551903655157697,280.86965248462326,0.48221409789259345,BALANCING
1.448,0.07102604676157055,-3.5428303175018168,280.86991192134354,0.4820312408989057,BALANCING
1.45,0.06394959857186337,-3.5337656672748605,280.8689915366288,0.48184683545716633,BALANCING
1.452,0.05689127221430402,-3.52470972010639,280.86689440049685,0.48166088636938253,BALANCING
1.454,0.04985105026338659,-3.5156624915476686,280.86362357995114,0.4814733984315634,BALANCING
1.456,0.04282891526258557,-3.506623997071814,280.8591821389753,0.4812843764337147,BALANCING
1.458,0.03582484972451203,-3.497594252073955,280.85357313852796,0.4810938251598343,BALANCING
1.46,0.02883883613106942,-3.4885732718713887,280.84679963653724,0.4809017493879074,BALANCING
1.462,0.021870856933609097,-3.479561071703735,280.8388646878959,0.4807081538899022,BALANCING
1.464,0.01492089455308553,-3.4705576667330904,280.82977134445605,0.48051304343176476,BALANCING
1.466,0.007988931380211175,-3.461563072044185,280.8195226550237,0.4803164227734151,BALANCING
1.468,0.0010749497756110853,-3.4525773026445328,280.808121665354,0.4801182966687421,BALANCING
1.47,-0.0058210679300228245,-3.443600373464591,280.79557141814604,0.4799186698655995,BALANCING
1.472,-0.012699139435777813,-3.434632299357908,280.7818749530376,0.47971754710580117,BALANCING
1.474,-0.01955928247036664,-3.4256730951012817,280.7670353066002,0.4795149331251167,BALANCING
1.476,-0.026401514791974213,-3.4167227753949088,280.7510555123341,0.47931083265326724,BALANCING
1.478,-0.033225854188104545,-3.407781354862537,280.7339386006636,0.4791052504139208,BALANCING
1.48,-0.040032318475427986,-3.39884884805162,280.71568759893125,0.4788981911246886,BALANCING
1.482,-0.04682092549962882,-3.3899252694334656,280.69630553139393,0.4786896594971203,BALANCING
1.484,-0.05359169313525307,-3.3810106334033923,280.6757954192172,0.47847966023669974,BALANCING
1.486,-0.060344639285556695,-3.3721049542808736,280.65416028047053,0.4782681980428411,BALANCING
1.488,-0.06707978188235406,-3.363208246309695,280.6314031301228,0.4780552776088847,BALANCING
1.49,-0.0737971388858667,-3.3543205236581004,280.60752698003716,0.47784090362209275,BALANCING
1.492,-0.08049672828457236,-3.3454418004189446,280.5825348389663,0.4776250807636453,BALANCING
1.494,-0.08717856809505437,-3.3365720906098417,280.55642971254764,0.4774078137086365,BALANCING
1.496,-0.09384267636185135,-3.3277114081733146,280.5292146032986,0.4771891071260702,BALANCING
1.498,-0.10048907115730712,-3.3188597669769457,280.5008925106119,0.4769689656788565,BALANCING
1.5,-0.10711777058142102,-3.3100171808135253,280.471466430751,0.47674739402380717,BALANCING
1.502,-0.11372879276169841,-3.3011836634011975,280.4409393568449,0.4765243968116325,BALANCING
1.504,-0.12032215585300156,-3.292359228383613,280.4093142788843,0.47629997868693696,BALANCING
1.506,-0.1268978780374008,-3.283543889330075,280.3765941837163,0.47607414428821565,BALANCING
1.508,-0.13345597752402602,-3.274737659735684,280.3427820550402,0.47584689824785054,BALANCING
1.51,-0.13999647254891823,-3.265940553021491,280.3078808734026,0.47561824519210644,BALANCING
1.512,-0.1465193813748819,-3.2571525825346392,280.2718936161933,0.4753881897411279,BALANCING
1.514,-0.15302472229133704,-3.2483737615485158,280.2348232576405,0.4751567365089349,BALANCING
1.516,-0.15951251361417187,-3.2396041032628946,280.19667276880625,0.4749238901034199,BALANCING
1.518,-0.1659827736855959,-3.230843620804084,280.1574451175822,0.47468965512634353,BALANCING
1.52,-0.17243552087399294,-3.222092327225072,280.1171432686851,0.4744540361733318,BALANCING
1.522,-0.17887077357377465,-3.213350235505675,280.0757701836523,0.47421703783387203,BALANCING
1.524,-0.18528855020523452,-3.2046173585526794,280.0333288208375,0.4739786646913097,BALANCING
1.526,-0.1916888692144017,-3.1958937091999897,279.9898221354063,0.4737389213228449,BALANCING
1.528,-0.1980717490728955,-3.187179300208771,279.94525307933196,0.4734978122995291,BALANCING
1.53,-0.20443720827778,-3.1784741442675974,279.89962460139105,0.4732553421862612,BALANCING
1.532,-0.21078526535141917,-3.1697782539925923,279.8529396471591,0.4730115155417852,BALANCING
1.534,-0.21711593884133193,-3.161091641927575,279.8052011590064,0.4727663369186862,BALANCING
1.536,-0.2234292473200477,-3.152414320544204,279.756412076094,0.4725198108633871,BALANCING
1.538,-0.22972520938496238,-3.1437463022421213,279.70657533436923,0.47227194191614613,BALANCING
1.54,-0.23600384365819413,-3.1350875993490965,279.65569386656136,0.47202273461105265,BALANCING
1.542,-0.24226516878644025,-3.1264382241211677,279.6037706021781,0.4717721934760247,BALANCING
1.544,-0.2485092034408334,-3.117798188742787,279.55080846750076,0.47152032303280583,BALANCING
1.546,-0.2547359663167988,-3.109167505326961,279.49681038558066,0.47126712779696184,BALANCING
1.548,-0.26094547613391134,-3.100546185915396,279.4417792762348,0.47101261227787766,BALANCING
1.55,-0.2671377516357535,-3.0919342424786374,279.3857180560419,0.4707567809787549,BALANCING
1.552,-0.2733128115897725,-3.0833316869162144,279.32862963833844,0.4704996383966082,BALANCING
1.554,-0.27947067478713916,-3.074738531056781,279.2705169332144,0.4702411890222626,BALANCING
1.556,-0.28561136004260557,-3.066154786658257,279.21138284750975,0.4699814373403507,BALANCING
1.558,-0.29173488619436444,-3.0575804654079692,279.1512302848101,0.4697203878293098,BALANCING
1.56,-0.29784127210390743,-3.0490155789227944,279.09006214544286,0.46945804496137905,BALANCING
1.562,-0.3039305366558848,-3.0404601387492987,279.02788132647356,0.4691944132025965,BALANCING
1.564,-0.3100026987579648,-3.031914156363879,278.96469072170174,0.4689294970127966,BALANCING
1.566,-0.31605777734069357,-3.023377643172904,278.90049322165726,0.4686633008456072,BALANCING
1.568,-0.322095791357355,-3.0148506105128523,278.8352917135964,0.46839582914844724,BALANCING
1.57,-0.32811675978383115,-3.006333069650456,278.76908908149807,0.4681270863625236,BALANCING
1.572,-0.33412070161846325,-2.997825031782838,278.70188820606,0.46785707692282913,BALANCING
1.574,-0.34010763588191206,-2.9893265080376525,278.63369196469523,0.46758580525813925,BALANCING
1.576,-0.34607758161701946,-2.9808375094732256,278.5645032315281,0.4673132757910103,BALANCING
1.578,-0.3520305578886697,-2.972358047078693,278.4943248773907,0.46703949293777636,BALANCING
1.58,-0.3579665837836514,-2.9638881317741403,278.42315976981905,0.4667644611085468,BALANCING
1.582,-0.3638856784105194,-2.9554277744107407,278.35101077304984,0.4664881847072045,BALANCING
1.584,-0.36978786089945714,-2.9469769857708967,278.27788074801634,0.4662106681314024,BALANCING
1.586,-0.3756731504021393,-2.938535776568374,278.2037725523451,0.46593191577256216,BALANCING
1.588,-0.3815415660915944,-2.930104157448444,278.1286890403522,0.46565193201587096,BALANCING
1.59,-0.38739312716206836,-2.921682138988021,278.05263306303993,0.46537072124027984,BALANCING
1.592,-0.39322785282888767,-2.9132697316957983,277.9756074680931,0.4650882878185009,BALANCING
1.594,-0.39904576232832306,-2.904866946012388,277.8976150998754,0.46480463611700557,BALANCING
1.596,-0.40484687491745364,-2.896473792310458,277.8186587994263,0.46451977049602183,BALANCING
1.598,-0.4106312098740309,-2.88809028089487,277.73874140445736,0.4642336953095325,BALANCING
1.6,-0.4163987864963436,-2.8797164220028164,277.65786574934873,0.463946414905273,BALANCING
1.602,-0.42214962410308216,-2.8713522258039568,277.57603466514604,0.463657933624729,BALANCING
1.604,-0.42788374203320395,-2.8629977024005564,277.4932509795566,0.46336825580313457,BALANCING
1.606,-0.4336011596457988,-2.8546528618276206,277.40951751694655,0.4630773857694699,BALANCING
1.608,-0.4393018963199541,-2.8463177140530345,277.32483709833707,0.4627853278464597,BALANCING
1.61,-0.44498597145462127,-2.837992268977696,277.23921254140134,0.4624920863505709,BALANCING
1.612,-0.45065340446848157,-2.8296765364356555,277.1526466604612,0.46219766559201064,BALANCING
1.614,-0.45630421479981265,-2.821370526194249,277.06514226648386,0.46190206987472476,BALANCING
1.616,-0.4619384219063552,-2.8130742479542366,276.97670216707866,0.4616053034963952,BALANCING
1.618,-0.46755604526517996,-2.804787711349935,276.88732916649394,0.4613073707484391,BALANCING
1.62,-0.47315710437255515,-2.7965109259493564,276.7970260656137,0.46100827591600596,BALANCING
1.622,-0.47874161874381355,-2.7882439012543423,276.70579566195465,0.46070802327797694,BALANCING
1.624,-0.48430960791322086,-2.7799866467006997,276.61364074966286,0.460406617106962,BALANCING
1.6260000000000001,-0.4898610914338434,-2.7717391716583344,276.5205641195107,0.46010406166929907,BALANCING
1.6280000000000001,-0.4953960888774163,-2.7635014854313877,276.4265685588939,0.45980036122505186,BALANCING
1.6300000000000001,-0.5009146198342125,-2.7552735972583715,276.33165685182826,0.45949552002800825,BALANCING
1.6320000000000001,-0.5064167039129115,-2.747055516312301,276.23583177894665,0.459189542325679,BALANCING
1.6340000000000001,-0.5119023607404681,-2.7388472517008307,276.13909611749614,0.4588824323592957,BALANCING
1.6360000000000001,-0.5173716099619828,-2.730648812466388,276.04145264133484,0.45857419436380953,BALANCING
1.6380000000000001,-0.5228244712405702,-2.722460207586308,275.942904120929,0.4582648325678897,BALANCING
1.6400000000000001,-0.5282609642572299,-2.7142814459729685,275.84345332334993,0.4579543511939216,BALANCING
1.6420000000000001,-0.5336811087107164,-2.706112536473921,275.7431030122713,0.4576427544580058,BALANCING
1.6440000000000001,-0.5390849243174092,-2.6979534878720264,275.641855947966,0.4573300465699564,BALANCING
1.6460000000000001,-0.5444724308111846,-2.689804308885589,275.53971488730343,0.4570162317332997,BALANCING
1.6480000000000001,-0.5498436479432857,-2.68166500816849,275.4366825837465,0.4567013141452726,BALANCING
1.6500000000000001,-0.5551985954821936,-2.6735355943103185,275.3327617873488,0.4563852979968215,BALANCING
1.6520000000000001,-0.5605372932135003,-2.6654160758365064,275.22795524475185,0.456068187472601,BALANCING
1.6540000000000001,-0.5658597609397789,-2.657306461208464,275.1222656991823,0.45574998675097245,BALANCING
1.6560000000000001,-0.5711660184804566,-2.649206758823707,275.0156958904493,0.45543070000400265,BALANCING
1.6580000000000001,-0.5764560856716869,-2.6411169770159937,274.90824855494134,0.45511033139746304,BALANCING
1.6600000000000001,-0.581729982366222,-2.6330371240554564,274.7999264256238,0.45478888509082793,BALANCING
1.6620000000000001,-0.586987728433286,-2.624967208148734,274.69073223203634,0.4544663652372739,BALANCING
1.6640000000000001,-0.5922293437584477,-2.616907237439105,274.58066870029006,0.4541427759836783,BALANCING
1.666,-0.5974548482434945,-2.608857220006617,274.4697385530648,0.4538181214706182,BALANCING
1.668,-0.6026642618063054,-2.6008171638682223,274.3579445096067,0.45349240583236944,BALANCING
1.67,-0.6078576043807253,-2.592787076977907,274.2452892857252,0.45316563319690556,BALANCING
1.672,-0.6130348959164396,-2.5847669672268263,274.1317755937911,0.4528378076858968,BALANCING
1.674,-0.6181961563788477,-2.576756842443431,274.01740614273325,0.45250893341470916,BALANCING
1.676,-0.6233414057489389,-2.568756710393604,273.9021836380365,0.45217901449240316,BALANCING
1.678,-0.6284706640231662,-2.560766578780789,273.786110781739,0.4518480550217333,BALANCING
1.68,-0.6335839512133224,-2.5527864552461224,273.6691902724298,0.4515160590991471,BALANCING
1.682,-0.6386812873464155,-2.5448163473685645,273.551424805246,0.45118303081478406,BALANCING
1.684,-0.643762692464544,-2.5368562626650304,273.4328170718709,0.4508489742524749,BALANCING
1.686,-0.6488281866247735,-2.528906208590521,273.3133697605311,0.45051389348974086,BALANCING
1.688,-0.6538777898990127,-2.5209661925382543,273.1930855559941,0.4501777925977931,BALANCING
1.69,-0.65891152237389,-2.5130362218397946,273.0719671395662,0.44984067564153135,BALANCING
1.692,-0.6639294041506303,-2.505116303765185,272.95001718908986,0.4495025466795439,BALANCING
1.694,-0.6689314553449325,-2.497206445523076,272.8272383789414,0.4491634097641064,BALANCING
1.696,-0.6739176960868458,-2.489306654260856,272.70363338002875,0.4488232689411816,BALANCING
1.698,-0.6788881465206489,-2.4814169370647843,272.57920485978906,0.4484821282504183,BALANCING
1.7,-0.683842826804726,-2.4735373009601163,272.45395548218653,0.44813999172515123,BALANCING
1.702,-0.6887817571114466,-2.4656677529112363,272.3278879077099,0.4477968633924003,BALANCING
1.704,-0.6937049576270429,-2.4578082998217883,272.2010047933705,0.4474527472728698,BALANCING
1.706,-0.6986124485514887,-2.4499589485348023,272.0733087926998,0.4471076473809484,BALANCING
1.708,-0.7035042500983785,-2.4421197058328277,271.94480255574734,0.4467615677247081,BALANCING
1.71,-0.7083803824948061,-2.4342905784380595,271.81548872907854,0.44641451230590434,BALANCING
1.712,-0.7132408659812448,-2.4264715730124697,271.68536995577244,0.446066485119975,BALANCING
1.714,-0.7180857208114266,-2.4186626961579356,271.5544488754197,0.44571749015604073,BALANCING
1.716,-0.7229149672522222,-2.410863954416368,271.42272812412034,0.4453675313969039,BALANCING
1.718,-0.727728625583521,-2.4030753542698426,271.29021033448174,0.4450166128190486,BALANCING
1.72,-0.7325267160981124,-2.395296902140727,271.15689813561664,0.4446647383926404,BALANCING
1.722,-0.7373092591015652,-2.3875286043918096,271.02279415314075,0.44431191208152593,BALANCING
1.724,-0.7420762749121097,-2.379770467326428,270.8879010091712,0.4439581378432324,BALANCING
1.726,-0.7468277838605183,-2.3720224971885995,270.75222132232403,0.44360341962896793,BALANCING
1.728,-0.7515638062899873,-2.364284700163146,270.6157577077128,0.443247761383621,BALANCING
1.73,-0.7562843625560185,-2.3565570823758257,270.47851277694593,0.4428911670457603,BALANCING
1.732,-0.760989473026301,-2.348839649893459,270.34048913812524,0.44253364054763467,BALANCING
1.734,-0.7656791580805943,-2.3411324087240577,270.2016893958439,0.44217518581517284,BALANCING
1.736,-0.7703534381106094,-2.333435364816952,270.0621161511844,0.4418158067679837,BALANCING
1.738,-0.7750123335198927,-2.3257485240629197,269.92177200171676,0.44145550731935573,BALANCING
1.74,-0.779655864723709,-2.318071892294312,269.78065954149673,0.44109429137625755,BALANCING
1.742,-0.7842840521489236,-2.3104054752851835,269.63878136106376,0.4407321628393374,BALANCING
1.744,-0.7888969162338876,-2.3027492787514174,269.4961400474394,0.4403691256029234,BALANCING
1.746,-0.7934944774283204,-2.295103308350854,269.35273818412526,0.4400051835550238,BALANCING
1.748,-0.7980767561931937,-2.2874675696834186,269.20857835110144,0.43964034057732665,BALANCING
1.75,-0.802643773000617,-2.2798420682912464,269.0636631248245,0.4392746005452001,BALANCING
1.752,-0.8071955483337206,-2.2722268096588127,268.91799507822606,0.4389079673276928,BALANCING
1.754,-0.8117321026865417,-2.264621799213057,268.77157678071075,0.4385404447875336,BALANCING
1.756,-0.8162534565639086,-2.2570270423235126,268.6244107981547,0.43817203678113203,BALANCING
1.758,-0.8207596304813265,-2.2494425443024295,268.4764996929039,0.43780274715857836,BALANCING
1.76,-0.8252506449648628,-2.2418683104049055,268.32784602377217,0.437432579763644,BALANCING
1.762,-0.8297265205510329,-2.2343043458290093,268.17845234604,0.43706153843378176,BALANCING
1.764,-0.8341872777866867,-2.2267506557159082,268.0283212114527,0.43668962700012587,BALANCING
1.766,-0.8386329372288942,-2.219207245149994,267.8774551682186,0.43631684928749287,BALANCING
1.768,-0.8430635194448329,-2.211674119159011,267.7258567610079,0.4359432091143811,BALANCING
1.77,-0.8474790450116739,-2.204151282714179,267.5735285309507,0.4355687102929723,BALANCING
1.772,-0.8518795345164694,-2.196638740730322,267.42047301563565,0.4351933566291304,BALANCING
1.774,-0.8562650085560399,-2.189136498065992,267.2666927491084,0.4348171519224036,BALANCING
1.776,-0.8606354877368618,-2.1816445595235967,267.1121902618702,0.43444009996602373,BALANCING
1.778,-0.8649909926749553,-2.1741629298495235,266.95696808087604,0.434062204546907,BALANCING
1.78,-0.8693315439957724,-2.1666916137342658,266.8010287295337,0.4336834694456549,BALANCING
1.782,-0.8736571623340851,-2.159230615812549,266.6443747277018,0.43330389843655415,BALANCING
1.784,-0.8779678683338744,-2.1517799406634555,266.4870085916889,0.4329234952875774,BALANCING
1.786,-0.8822636826482189,-2.1443395928105486,266.3289328342515,0.4325422637603843,BALANCING
1.788,-0.8865446259391836,-2.1369095767219997,266.17014996459307,0.43216020761032137,BALANCING
1.79,-0.8908107188777098,-2.1294898968107128,266.0106624883627,0.43177733058642337,BALANCING
1.792,-0.8950619821435042,-2.1220805574344475,265.8504729076534,0.4313936364314134,BALANCING
1.794,-0.8992984364249293,-2.1146815628959477,265.68958372100104,0.4310091288817036,BALANCING
1.796,-0.9035201024188926,-2.1072929174430626,265.52799742338306,0.43062381166739633,BALANCING
1.798,-0.9077270008307381,-2.0999146252688727,265.3657165062169,0.43023768851228456,BALANCING
1.8,-0.9119191523741357,-2.092546690511815,265.2027434573592,0.42985076313385284,BALANCING
1.802,-0.916096577770973,-2.085189117255807,265.03908076110395,0.42946303924327744,BALANCING
1.804,-0.9202592977512457,-2.07784190953037,264.8747308981817,0.4290745205454282,BALANCING
1.806,-0.9244073330529495,-2.070505071310756,264.70969634575823,0.42868521073886856,BALANCING
1.808,-0.9285407044219715,-2.0631786065180675,264.54397957743333,0.4282951135158569,BALANCING
1.81,-0.9326594326119814,-2.055862519019387,264.37758306323946,0.42790423256234694,BALANCING
1.812,-0.9367635383843244,-2.048556812627895,264.2105092696409,0.42751257155798916,BALANCING
1.814,-0.9408530425079135,-2.041261491102999,264.0427606595324,0.4271201341761315,BALANCING
1.816,-0.9449279657591215,-2.033976558150454,263.87433969223804,0.42672692408382007,BALANCING
1.818,-0.9489883289216746,-2.0267020174224872,263.7052488235102,0.42633294494180085,BALANCING
1.82,-0.9530341527865442,-2.0194378725179214,263.53549050552857,0.42593820040451996,BALANCING
1.822,-0.9570654581518417,-2.0121841269822993,263.36506718689884,0.425542694120125,BALANCING
1.824,-0.9610822658227112,-2.0049407843080047,263.19398131265183,0.42514642973046624,BALANCING
1.826,-0.9650845966112234,-1.9977078479343884,263.0222353242424,0.42474941087109735,BALANCING
1.828,-0.9690724713362696,-1.9904853212478888,262.84983165954833,0.4243516411712768,BALANCING
1.83,-0.9730459108234568,-1.9832732075821555,262.67677275286974,0.423953124253969,BALANCING
1.832,-0.9770049359050009,-1.9760715102181738,262.50306103492744,0.42355386373584547,BALANCING
1.834,-0.9809495674196225,-1.968880232384386,262.3286989328625,0.42315386322728554,BALANCING
1.836,-0.9848798262124415,-1.9616993772568139,262.15368887023527,0.4227531263323783,BALANCING
1.838,-0.9887957331348728,-1.9545289479591834,261.9780332670242,0.4223516566489232,BALANCING
1.84,-0.9926973090445211,-1.9473689475630442,261.80173453962504,0.42194945776843173,BALANCING
1.842,-0.9965845748050777,-1.9402193790878943,261.62479510085006,0.4215465332761285,BALANCING
1.844,-1.0004575512862153,-1.9330802455013016,261.4472173599272,0.4211428867509524,BALANCING
1.846,-1.0043162593634851,-1.9259515497190247,261.26900372249884,0.4207385217655585,BALANCING
1.848,-1.0081607199182137,-1.9188332946051387,261.0901565906216,0.42033344188631844,BALANCING
1.85,-1.0119909538373986,-1.911725482972153,260.9106783627649,0.41992765067332277,BALANCING
1.852,-1.0158069820136055,-1.9046281175811361,260.73057143381055,0.4195211516803818,BALANCING
1.854,-1.019608825344867,-1.8975412011418362,260.549838195052,0.4191139484550269,BALANCING
1.856,-1.023396504734578,-1.8904647363128024,260.3684810341932,0.4187060445385126,BALANCING
1.858,-1.027170041091395,-1.8833987257015077,260.1865023353483,0.4182974434658174,BALANCING
1.86,-1.0309294553291335,-1.8763431718644692,260.00390447904056,0.4178881487656453,BALANCING
1.862,-1.034674768366665,-1.869298077307371,259.82068984220194,0.41747816396042786,BALANCING
1.864,-1.0384060011278187,-1.862263444485183,259.6368607981722,0.417067492566325,BALANCING
1.866,-1.0421231745412762,-1.8552392758022849,259.45241971669844,0.41665613809322727,BALANCING
1.868,-1.0458263095404734,-1.8482255736125852,259.267368963934,0.4162441040447568,BALANCING
1.87,-1.0495154270634983,-1.841222340219644,259.08171090243843,0.4158313939182693,BALANCING
1.872,-1.0531905480529915,-1.8342295778767914,258.89544789117645,0.41541801120485555,BALANCING
1.874,-1.0568516934560437,-1.8272472887872513,258.7085822855174,0.415003959389343,BALANCING
1.8760000000000001,-1.0604988842240985,-1.8202754751042596,258.52111643723487,0.4145892419502975,BALANCING
1.8780000000000001,-1.06413214131285,-1.8133141389311862,258.3330526945058,0.41417386236002485,BALANCING
1.8800000000000001,-1.0677514856821453,-1.8063632823216544,258.14439340191024,0.413757824084573,BALANCING
1.8820000000000001,-1.071356938295883,-1.7994229072796628,257.95514090043065,0.4133411305837332,BALANCING
1.8840000000000001,-1.0749485201219162,-1.7924930157597037,257.7652975274513,0.4129237853110418,BALANCING
1.8860000000000001,-1.078526252131952,-1.785573609666885,257.5748656167581,0.41250579171378254,BALANCING
1.8880000000000001,-1.0820901553014537,-1.7786646908570496,257.38384749853765,0.4120871532329879,BALANCING
1.8900000000000001,-1.085640250609542,-1.771766261136895,257.19224549937724,0.4116678733034409,BALANCING
1.8920000000000001,-1.0891765590388969,-1.7648783222640931,257.000061942264,0.41124795535367725,BALANCING
1.8940000000000001,-1.0926991015756602,-1.758000875947411,256.8072991465847,0.410827402805987,BALANCING
1.8960000000000001,-1.096207899209337,-1.75113392384683,256.61395942812527,0.4104062190764166,BALANCING
1.8980000000000001,-1.099702972932699,-1.7442774675736652,256.42004509907053,0.4099844075747705,BALANCING
1.9000000000000001,-1.1031843437416868,-1.7374315086906846,256.2255584680036,0.40956197170461334,BALANCING
1.9020000000000001,-1.1066520326353133,-1.7305960487122292,256.0305018399055,0.409138914863272,BALANCING
1.9040000000000001,-1.1101060606155668,-1.7237710891043316,255.83487751615522,0.40871524044183705,BALANCING
1.9060000000000001,-1.1135464486873146,-1.7169566312848352,255.63868779452872,0.40829095182516556,BALANCING
1.9080000000000001,-1.1169732178582057,-1.7101526766235147,255.44193496919925,0.4078660523918824,BALANCING
1.9100000000000001,-1.120386389138577,-1.7033592264421924,255.24462133073663,0.4074405455143826,BALANCING
1.9120000000000001,-1.1237859835413555,-1.6965762820148598,255.04674916610722,0.4070144345588333,BALANCING
1.9140000000000001,-1.1271720220819639,-1.6898038445677948,254.84832075867345,0.406587722885176,BALANCING
1.9160000000000001,-1.130544525778224,-1.6830419152796798,254.6493383881938,0.4061604138471284,BALANCING
1.9180000000000001,-1.133903515650264,-1.6762904952817224,254.44980433082227,0.4057325107921869,BALANCING
1.92,-1.1372490127204207,-1.6695495856577711,254.2497208591085,0.40530401706162844,BALANCING
1.922,-1.1405810380131471,-1.6628191874444362,254.04909024199725,0.4048749359905126,BALANCING
1.924,-1.1438996125549172,-1.6560993016312069,253.8479147448284,0.40444527090768406,BALANCING
1.926,-1.1472047573741322,-1.6493899291605687,253.64619662933677,0.40401502513577464,BALANCING
1.928,-1.150496493501026,-1.6426910709281224,253.4439381536519,0.4035842019912056,BALANCING
1.93,-1.1537748419675726,-1.636002727782702,253.241141572298,0.40315280478418986,BALANCING
1.932,-1.1570398238073913,-1.629324900526492,253.03780913619366,0.40272083681873433,BALANCING
1.934,-1.1602914600556549,-1.6226575899151463,252.83394309265196,0.40228830139264193,BALANCING
1.936,-1.1635297717489956,-1.616000796657904,252.62954568538026,0.40185520179751427,BALANCING
1.938,-1.1667547799254134,-1.609354521417708,252.42461915448004,0.4014215413187538,BALANCING
1.94,-1.1699665056241826,-1.6027187648113228,252.21916573644714,0.4009873232355661,BALANCING
1.942,-1.17316496988576,-1.596093527409451,252.01318766417137,0.4005525508209624,BALANCING
1.944,-1.1763501937516931,-1.5894788097368509,251.80668716693668,0.40011722734176197,BALANCING
1.946,-1.1795221982645285,-1.5828746122724533,251.5996664704211,0.39968135605859434,BALANCING
1.948,-1.1826810044677192,-1.576280935449479,251.3921277966968,0.3992449402259019,BALANCING
1.95,-1.1858266334055345,-1.5696977796555551,251.18407336423,0.3988079830919422,BALANCING
1.952,-1.1889591061229683,-1.5631251452328325,250.97550538788107,0.3983704878987906,BALANCING
1.954,-1.1920784436656493,-1.5565630324781008,250.7664260789046,0.3979324578823429,BALANCING
1.956,-1.1951846670797486,-1.5500114416429076,250.5568376449494,0.39749389627231707,BALANCING
1.958,-1.1982777974118908,-1.5434703729336725,250.3467422900587,0.39705480629225703,BALANCING
1.96,-1.2013578557090634,-1.536939826511806,250.13614221467017,0.39661519115953414,BALANCING
1.962,-1.2044248630185268,-1.5304198024938225,249.92503961561593,0.39617505408535003,BALANCING
1.964,-1.2074788403877246,-1.523910300951459,249.7134366861229,0.39573439827473966,BALANCING
1.966,-1.2105198088641946,-1.5174113219117908,249.50133561581276,0.3952932269265733,BALANCING
1.968,-1.213547789495479,-1.5109228653573463,249.28873859070222,0.39485154323355953,BALANCING
1.97,-1.2165628033290354,-1.5044449312262236,249.07564779320313,0.3944093503822479,BALANCING
1.972,-1.2195648714121494,-1.4979775194122067,248.8620654021227,0.3939666515530311,BALANCING
1.974,-1.2225540147918441,-1.4915206297648798,248.64799359266365,0.39352344992014837,BALANCING
1.976,-1.225530254514793,-1.4850742620897437,248.43343453642456,0.393079748651688,BALANCING
1.978,-1.2284936116272316,-1.4786384161483315,248.21839040139992,0.39263555090958946,BALANCING
1.98,-1.23144410717487,-1.4722130916583227,248.00286335198055,0.392190859849647,BALANCING
1.982,-1.2343817622028048,-1.4657982882936602,247.78685554895372,0.3917456786215118,BALANCING
1.984,-1.2373065977554323,-1.459394005684663,247.5703691495036,0.3913000103686951,BALANCING
1.986,-1.2402186348763602,-1.453000243418144,247.3534063072113,0.39085385822857066,BALANCING
1.988,-1.2431178946083223,-1.4466170010375219,247.13596917205544,0.390407225332378,BALANCING
1.99,-1.246004397993091,-1.440244278042938,246.91805989041242,0.3899601148052249,BALANCING
1.992,-1.2488781660713903,-1.4338820738913707,246.69968060505653,0.3895125297660905,BALANCING
1.994,-1.2517392198828108,-1.427530387996749,246.4808334551606,0.3890644733278279,BALANCING
1.996,-1.2545875804657232,-1.4211892197300677,246.26152057629622,0.3886159485971672,BALANCING
1.998,-1.2574232688571918,-1.4148585684195012,246.0417441004341,0.38816695867471857,BALANCING
2.0,-1.2602463060928903,-1.4085384333505186,245.82150615594455,0.38771750665497473,BALANCING
2.0020000000000002,-1.2630567132070154,-1.4022288137659964,245.60080886759783,0.38726759562631463,BALANCING
2.004,-1.2658545112322028,-1.3959297088663343,245.37965435656457,0.38681722867100565,BALANCING
2.0060000000000002,-1.2686397211994411,-1.389641117809568,245.15804474041627,0.3863664088652069,BALANCING
2.008,-1.271412364137988,-1.3833630397114824,244.93598213312572,0.3859151392789723,BALANCING
2.0100000000000002,-1.2741724610752856,-1.377095473645726,244.71346864506742,0.38546342297625363,BALANCING
2.012,-1.2769200330368773,-1.3708384186439249,244.49050638301813,0.38501126301490346,BALANCING
2.0140000000000002,-1.2796551010463217,-1.3645918736957963,244.2670974501574,0.38455866244667786,BALANCING
2.016,-1.282377686125111,-1.3583558377492597,244.0432439460679,0.3841056243172403,BALANCING
2.0180000000000002,-1.2850878092925866,-1.352130309710553,243.81894796673618,0.38365215166616407,BALANCING
2.02,-1.2877854915658555,-1.345915288444344,243.594211604553,0.3831982475269355,BALANCING
2.0220000000000002,-1.290470753959708,-1.3397107727738433,243.36903694831412,0.38274391492695725,BALANCING
2.024,-1.2931436174865347,-1.333516761480918,243.1434260832206,0.38228915688755155,BALANCING
2.0260000000000002,-1.2958041031562435,-1.3273332533062043,242.91738109087953,0.38183397642396283,BALANCING
2.028,-1.298452231976178,-1.3211602469492194,242.69090404930463,0.38137837654536155,BALANCING
2.0300000000000002,-1.3010880249510348,-1.3149977410684746,242.4639970329169,0.3809223602548471,BALANCING
2.032,-1.303711503082782,-1.3088457342815882,242.23666211254496,0.38046593054945077,BALANCING
2.0340000000000003,-1.3063226873705764,-1.3027042251653973,242.0089013554262,0.3800090904201395,BALANCING
2.036,-1.3089215988106842,-1.2965732122560694,241.78071682520687,0.3795518428518187,BALANCING
2.0380000000000003,-1.3115082583963977,-1.2904526940492158,241.5521105819431,0.3790941908233358,BALANCING
2.04,-1.3140826871179554,-1.2843426690000035,241.32308468210155,0.37863613730748336,BALANCING
2.0420000000000003,-1.3166449059624612,-1.2782431355232653,241.09364117855998,0.3781776852710024,BALANCING
2.044,-1.319194935913803,-1.2721540919936134,240.86378212060796,0.37771883767458564,BALANCING
2.0460000000000003,-1.3217327979525735,-1.2660755367455514,240.63350955394773,0.3772595974728812,BALANCING
2.048,-1.3242585130559894,-1.2600074680735829,240.40282552069473,0.3767999676144954,BALANCING
2.05,-1.3267721021978116,-1.2539498842323271,240.17173205937857,0.3763399510419966,BALANCING
2.052,-1.3292735863482659,-1.2479027834366263,239.94023120494361,0.3758795506919183,BALANCING
2.054,-1.3317629864739626,-1.24186616386166,239.7083249887498,0.37541876949476255,BALANCING
2.056,-1.3342403235378193,-1.2358400236430536,239.47601543857348,0.37495761037500375,BALANCING
2.058,-1.3367056184989792,-1.2298243608769914,239.24330457860813,0.3744960762510915,BALANCING
2.06,-1.3391588923127344,-1.2238191736203263,239.01019442946526,0.3740341700354544,BALANCING
2.062,-1.3416001659304466,-1.2178244598906909,238.77668700817514,0.3735718946345036,BALANCING
2.064,-1.344029460299469,-1.2118402176666077,238.54278432818774,0.3731092529486358,BALANCING
2.066,-1.3464467963630675,-1.2058664448875995,238.30848839937346,0.37264624787223743,BALANCING
2.068,-1.348852195060344,-1.1999031394543018,238.07380122802414,0.3721828822936877,BALANCING
2.07,-1.3512456773261576,-1.1939502992285693,237.83872481685378,0.3717191590953622,BALANCING
2.072,-1.353627264091048,-1.1880079220335906,237.60326116499962,0.37125508115363665,BALANCING
2.074,-1.355996976281158,-1.1820760056539943,237.36741226802278,0.3707906513388901,BALANCING
2.076,-1.3583548348181553,-1.1761545478359614,237.1311801179095,0.37032587251550897,BALANCING
2.078,-1.3607008606191584,-1.1702435462873335,236.8945667030718,0.36986074754189013,BALANCING
2.08,-1.3630350745966575,-1.164342998677724,236.6575740083486,0.3693952792704451,BALANCING
2.082,-1.3653574976584397,-1.1584529026386265,236.4202040150065,0.36892947054760306,BALANCING
2.084,-1.3676681507075115,-1.152573255763525,236.18245870074094,0.3684633242138149,BALANCING
2.086,-1.3699670546420244,-1.1467040556080028,235.94434003967706,0.3679968431035569,BALANCING
2.088,-1.3722542303551983,-1.140845299689851,235.70585000237068,0.36753003004533413,BALANCING
2.09,-1.374529698735246,-1.1349969854891804,235.46699055580947,0.3670628878616844,BALANCING
2.092,-1.3767934806652984,-1.129159110448527,235.22776366341375,0.3665954193691818,BALANCING
2.094,-1.3790455970233293,-1.1233316719729627,234.98817128503762,0.36612762737844046,BALANCING
2.096,-1.3812860686820803,-1.1175146674302048,234.7482153769701,0.36565951469411834,BALANCING
2.098,-1.3835149165089866,-1.111708094150723,234.50789789193598,0.36519108411492096,BALANCING
2.1,-1.3857321613661022,-1.1059119494278478,234.26722077909707,0.3647223384336051,BALANCING
2.102,-1.3879378241100264,-1.100126230517881,234.02618598405323,0.36425328043698263,BALANCING
2.104,-1.3901319255918292,-1.0943509346402018,233.78479544884337,0.3637839129059245,BALANCING
2.106,-1.3923144866569777,-1.0885860589773761,233.5430511119467,0.36331423861536416,BALANCING
2.108,-1.3944855281452624,-1.0828316006752643,233.3009549082838,0.3628442603343017,BALANCING
2.11,-1.3966450708907252,-1.0770875568431297,233.05850876921772,0.3623739808258076,BALANCING
2.112,-1.398793135721584,-1.0713539245537445,232.81571462255505,0.3619034028470265,BALANCING
2.114,-1.4009297434601617,-1.0656307008435002,232.57257439254727,0.36143252914918117,BALANCING
2.116,-1.4030549149228138,-1.0599178827125129,232.32908999989178,0.36096136247757654,BALANCING
2.118,-1.4051686709198536,-1.0542154671247321,232.08526336173315,0.3604899055716032,BALANCING
2.12,-1.4072710322554827,-1.0485234510080472,231.8410963916642,0.36001816116474183,BALANCING
2.122,-1.409362019727717,-1.042841831254395,231.59659099972728,0.35954613198456664,BALANCING
2.124,-1.4114416541283166,-1.0371706047198677,231.35174909241556,0.3590738207527496,BALANCING
2.126,-1.413509956242712,-1.0315097682248175,231.1065725726741,0.3586012301850644,BALANCING
2.128,-1.4155669468499354,-1.0258593185539662,230.86106333990125,0.3581283629913904,BALANCING
2.13,-1.4176126467225476,-1.02021925245651,230.61522328994977,0.35765522187571647,BALANCING
2.132,-1.4196470766265674,-1.014589566646227,230.36905431512812,0.35718180953614526,BALANCING
2.134,-1.421670257321402,-1.0089702578015836,230.12255830420185,0.35670812866489693,BALANCING
2.136,-1.4236822095597745,-1.0033613225658404,229.8757371423947,0.3562341819483134,BALANCING
2.138,-1.4256829540876559,-0.9977627575471593,229.6285927113901,0.3557599720668624,BALANCING
2.14,-1.4276725116441924,-0.9921745593187085,229.38112688933225,0.3552855016951413,BALANCING
2.142,-1.4296509029616387,-0.986596724418769,229.13334155082774,0.3548107735018814,BALANCING
2.144,-1.431618148765285,-0.9810292493508408,228.88523856694653,0.354335790149952,BALANCING
2.146,-1.43357426977339,-0.9754721305837484,228.63681980522364,0.3538605542963645,BALANCING
2.148,-1.4355192866971107,-0.969925364551746,228.38808712966025,0.3533850685922764,BALANCING
2.15,-1.4374532202404333,-0.964388947654624,228.13904240072515,0.3529093356829956,BALANCING
2.152,-1.4393760911001046,-0.9588628762578132,227.88968747535625,0.3524333582079843,BALANCING
2.154,-1.4412879199655633,-0.9533471466924908,227.64002420696173,0.3519571388008636,BALANCING
2.156,-1.443188727518872,-0.9478417552556856,227.39005444542167,0.3514806800894171,BALANCING
2.158,-1.4450785344346477,-0.942346698210382,227.13978003708928,0.3510039846955955,BALANCING
2.16,-1.4469573613799962,-0.9368619717856265,226.88920282479248,0.3505270552355208,BALANCING
2.162,-1.4488252290144412,-0.9313875721766313,226.63832464783522,0.35004989431949035,BALANCING
2.164,-1.4506821579898599,-0.9259234955448795,226.387147341999,0.34957250455198097,BALANCING
2.166,-1.4525281689504135,-0.9204697380182288,226.13567273954428,0.3490948885316534,BALANCING
2.168,-1.4543632825324808,-0.9150262956910166,225.883902669212,0.3486170488513566,BALANCING
2.17,-1.4561875193645915,-0.9095931646241646,225.631838956225,0.34813898809813176,BALANCING
2.172,-1.4580009000673586,-0.9041703408452817,225.37948342228964,0.347660708853217,BALANCING
2.174,-1.459803445253413,-0.8987578203487695,225.1268378855971,0.3471822136920511,BALANCING
2.176,-1.4615951755273364,-0.8933555990959245,224.87390416082505,0.34670350518427834,BALANCING
2.178,-1.4633761114855957,-0.8879636730150436,224.6206840591391,0.34622458589375243,BALANCING
2.18,-1.4651462737164764,-0.882582038001527,224.3671793881945,0.34574545837854104,BALANCING
2.182,-1.466905682800018,-0.8772106899179808,224.1133919521374,0.34526612519093003,BALANCING
2.184,-1.4686543593079475,-0.8718496245943212,223.85932355160662,0.34478658887742825,BALANCING
2.186,-1.4703923238036147,-0.8664988378278788,223.60497598373522,0.3443068519787711,BALANCING
2.188,-1.4721195968419267,-0.8611583253835001,223.35035104215194,0.34382691702992557,BALANCING
2.19,-1.4738361989692836,-0.8558280829936511,223.0954505169829,0.34334678656009443,BALANCING
2.192,-1.4755421507235131,-0.8505081063585204,222.84027619485326,0.34286646309272073,BALANCING
2.194,-1.4772374726338073,-0.8451983911461214,222.58482985888864,0.34238594914549175,BALANCING
2.196,-1.478922185220657,-0.8398989329923953,222.32911328871685,0.3419052472303445,BALANCING
2.198,-1.4805963089957885,-0.8346097275013143,222.07312826046962,0.34142435985346875,BALANCING
2.2,-1.4822598644620992,-0.8293307702449823,221.81687654678413,0.3409432895153127,BALANCING
2.202,-1.4839128721135955,-0.8240620567637384,221.56035991680457,0.3404620387105869,BALANCING
2.204,-1.4855553524353267,-0.8188035825662585,221.30358013618405,0.33998060992826873,BALANCING
2.206,-1.4871873259033244,-0.8135553431296584,221.04653896708612,0.33949900565160707,BALANCING
2.208,-1.4888088129845378,-0.8083173338995934,220.78923816818644,0.33901722835812675,BALANCING
2.21,-1.490419834136772,-0.8030895502903624,220.53167949467453,0.33853528051963283,BALANCING
2.212,-1.4920204098086245,-0.7978719876850082,220.27386469825552,0.33805316460221574,BALANCING
2.214,-1.4936105604394232,-0.7926646414354189,220.01579552715174,0.3375708830662551,BALANCING
2.216,-1.4951903064591643,-0.7874675068624301,219.75747372610456,0.3370884383664249,BALANCING
2.218,-1.4967596682884499,-0.7822805792559252,219.49890103637605,0.3366058329516975,BALANCING
2.22,-1.4983186663384267,-0.7771038538749376,219.2400791957508,0.33612306926534874,BALANCING
2.222,-1.499867321010724,-0.7719373259477502,218.9810099385377,0.33564014974496226,BALANCING
2.224,-1.501405652697393,-0.7667809906719975,218.72169499557154,0.3351570768224341,BALANCING
2.226,-1.5029336817808439,-0.7616348432147655,218.46213609421494,0.33467385292397733,BALANCING
2.228,-1.5044514286337873,-0.7564988787126926,218.20233495836015,0.33419048047012695,BALANCING
2.23,-1.5059589136191716,-0.7513730922720705,217.94229330843075,0.33370696187574395,BALANCING
2.232,-1.5074561570901228,-0.7462574789689432,217.68201286138353,0.3332232995500207,BALANCING
2.234,-1.508943179389885,-0.7411520338492091,217.42149533071023,0.33273949589648494,BALANCING
2.236,-1.510420000851759,-0.736056751928719,217.16074242643947,0.33225555331300477,BALANCING
2.238,-1.511886641799043,-0.7309716281933775,216.89975585513858,0.33177147419179365,BALANCING
2.24,-1.5133431225449725,-0.7258966575992428,216.63853731991532,0.33128726091941424,BALANCING
2.242,-1.5147894633926609,-0.7208318350726248,216.3770885204199,0.3308029158767842,BALANCING
2.244,-1.51622568463504,-0.7157771555101863,216.11541115284675,0.33031844143917993,BALANCING
2.246,-1.5176518065548013,-0.7107326137790423,215.8535069099364,0.3298338399762419,BALANCING
2.248,-1.519067849424336,-0.7056982047168576,215.59137748097746,0.3293491138519793,BALANCING
2.25,-1.5204738335056769,-0.7006739231319487,215.32902455180837,0.32886426542477454,BALANCING
2.2520000000000002,-1.5218697790504403,-0.6956597638033797,215.06644980481943,0.32837929704738833,BALANCING
2.254,-1.523255706299766,-0.6906557214810635,214.80365491895466,0.3278942110669643,BALANCING
2.2560000000000002,-1.5246316354842608,-0.6856617908858598,214.54064156971373,0.32740900982503396,BALANCING
2.258,-1.5259975868239395,-0.6806779667096737,214.27741142915397,0.3269236956575211,BALANCING
2.2600000000000002,-1.5273535805281673,-0.6757042436155538,214.0139661658921,0.32643827089474703,BALANCING
2.262,-1.5286996367956023,-0.6707406162377914,213.75030744510647,0.32595273786143525,BALANCING
2.2640000000000002,-1.5300357758141385,-0.6657870791820178,213.48643692853886,0.3254670988767162,BALANCING
2.266,-1.5313620177608476,-0.6608436270253037,213.22235627449643,0.32498135625413227,BALANCING
2.2680000000000002,-1.5326783828019224,-0.6559102543162553,212.95806713785376,0.3244955123016425,BALANCING
2.27,-1.5339848910926204,-0.6509869555751134,212.69357117005487,0.3240095693216274,BALANCING
2.2720000000000002,-1.5352815627772072,-0.6460737252938515,212.42887001911515,0.3235235296108943,BALANCING
2.274,-1.5365684179888988,-0.6411705579362728,212.1639653296235,0.3230373954606815,BALANCING
2.2760000000000002,-1.537845476849807,-0.636277447938106,211.89885874274407,0.32255116915666365,BALANCING
2.278,-1.5391127594708827,-0.6313943897071058,211.63355189621868,0.32206485297895676,BALANCING
2.2800000000000002,-1.5403702859518595,-0.6265213776231475,211.36804642436852,0.32157844920212264,BALANCING
2.282,-1.5416180763811986,-0.6216584060383253,211.10234395809636,0.32109196009517427,BALANCING
2.2840000000000003,-1.5428561508360337,-0.616805469277049,210.83644612488862,0.3206053879215805,BALANCING
2.286,-1.5440845293821146,-0.6119625616361402,210.57035454881736,0.32011873493927107,BALANCING
2.2880000000000003,-1.5453032320737539,-0.607129677384929,210.3040708505424,0.3196320034006417,BALANCING
2.29,-1.5465122789537695,-0.6023068107653516,210.03759664731334,0.31914519555255877,BALANCING
2.2920000000000003,-1.5477116900534331,-0.5974939559920458,209.7709335529718,0.31865831363636454,BALANCING
2.294,-1.5489014853924128,-0.5926911072524467,209.50408317795333,0.31817135988788214,BALANCING
2.2960000000000003,-1.5500816849787207,-0.5878982587068838,209.23704712928972,0.3176843365374205,BALANCING
2.298,-1.5512523088086583,-0.583115404488677,208.96982701061089,0.3171972458097793,BALANCING
2.3000000000000003,-1.5524133768667616,-0.578342538704232,208.70242442214723,0.3167100899242539,BALANCING
2.302,-1.553564909125749,-0.5735796554331353,208.43484096073166,0.316222871094641,BALANCING
2.3040000000000003,-1.5547069255464665,-0.568826748728251,208.16707821980174,0.3157355915292426,BALANCING
2.306,-1.555839446077835,-0.5640838126158156,207.89913778940183,0.31524825343087215,BALANCING
2.308,-1.556962490656797,-0.5593508410955335,207.63102125618525,0.31476085899685896,BALANCING
2.31,-1.558076079208263,-0.5546278281406721,207.3627302034166,0.3142734104190533,BALANCING
2.312,-1.5591802316450607,-0.549914767698157,207.0942662109737,0.31378590988383204,BALANCING
2.314,-1.5602749678678793,-0.5452116536886665,206.82563085534994,0.3132983595721026,BALANCING
2.316,-1.56136030776522,-0.5405184800067263,206.5568257096564,0.31281076165930943,BALANCING
2.318,-1.5624362712133426,-0.5358352405208047,206.2878523436242,0.3123231183154382,BALANCING
2.32,-1.5635028780762126,-0.5311619290734069,206.01871232360645,0.3118354317050212,BALANCING
2.322,-1.5645601482054514,-0.526498539481169,205.7494072125807,0.3113477039871423,BALANCING
2.324,-1.5656081014402825,-0.5218450655349526,205.47993857015118,0.3108599373154425,BALANCING
2.326,-1.566646757607482,-0.5172015009999387,205.21030795255083,0.31037213383812456,BALANCING
2.328,-1.5676761365213263,-0.5125678396157213,204.94051691264372,0.3098842956979586,BALANCING
2.33,-1.5686962579835404,-0.507944075096402,204.67056699992727,0.3093964250322869,BALANCING
2.332,-1.5697071417832484,-0.5033302011306835,204.40045976053457,0.3089085239730294,BALANCING
2.334,-1.570708807696922,-0.4987262113819626,204.1301967372365,0.3084205946466886,BALANCING
2.336,-1.5717012754883304,-0.4941320994884234,203.85977946944416,0.30793263917435504,BALANCING
2.338,-1.572684564908489,-0.4895478590631324,203.5892094932111,0.30744465967171214,BALANCING
2.34,-1.5736586956956111,-0.4849734836941292,203.3184883412356,0.3069566582490417,BALANCING
2.342,-1.5746236875750559,-0.48040896694452057,203.04761754286304,0.30646863701122934,BALANCING
2.344,-1.5755795602592797,-0.47585430235257403,202.77659862408814,0.3059805980577689,BALANCING
2.346,-1.576526333447787,-0.47130948343180973,202.50543310755734,0.30549254348276855,BALANCING
2.348,-1.5774640268270799,-0.46677450367109297,202.2341225125711,0.30500447537495556,BALANCING
2.35,-1.578392660070609,-0.46224935653472693,201.9626683550862,0.3045163958176818,BALANCING
2.352,-1.5793122528387256,-0.4577340354625449,201.69107214771824,0.30402830688892885,BALANCING
2.354,-1.5802228247786312,-0.45322853387000267,201.4193353997438,0.30354021066131337,BALANCING
2.356,-1.5811243955243302,-0.448732845148271,201.14745961710287,0.3030521092020922,BALANCING
2.358,-1.5820169846965804,-0.44424696266432584,200.87544630240131,0.30256400457316784,BALANCING
2.36,-1.5829006119028455,-0.43977087976104157,200.60329695491316,0.3020758988310938,BALANCING
2.362,-1.5837752967372465,-0.43530458975728287,200.33101307058297,0.3015877940270797,BALANCING
2.364,-1.5846410587805142,-0.4308480859479951,200.05859614202822,0.3010996922069966,BALANCING
2.366,-1.5854979175999406,-0.42640136160429615,199.7860476585419,0.3006115954113827,BALANCING
2.368,-1.586345892749333,-0.421964409973568,199.5133691060946,0.30012350567544815,BALANCING
2.37,-1.5871850037689643,-0.4175372242795471,199.24056196733716,0.29963542502908064,BALANCING
2.372,-1.5880152701855281,-0.41311979772241625,198.96762772160307,0.2991473554968508,BALANCING
2.374,-1.5888367115120898,-0.40871212347889413,198.69456784491078,0.2986592990980175,BALANCING
2.376,-1.589649347248041,-0.4043141947023276,198.42138380996636,0.2981712578465333,BALANCING
2.378,-1.590453196879053,-0.3999260045227807,198.1480770861656,0.29768323375104955,BALANCING
2.38,-1.5912482798770289,-0.3955475460471261,197.8746491395969,0.29719522881492216,BALANCING
2.382,-1.5920346157000587,-0.39117881235913493,197.60110143304334,0.2967072450362166,BALANCING
2.384,-1.5928122237923725,-0.38681979651956677,197.3274354259854,0.2962192844077136,BALANCING
2.386,-1.593581123584295,-0.38247049156625995,197.05365257460335,0.29573134891691455,BALANCING
2.388,-1.5943413344921993,-0.37813089051422133,196.7797543317797,0.2952434405460466,BALANCING
2.39,-1.595092875918462,-0.37380098635571596,196.50574214710178,0.2947555612720686,BALANCING
2.392,-1.5958357672514165,-0.36948077206035645,196.23161746686415,0.2942677130666759,BALANCING
2.394,-1.5965700278653097,-0.36517024057519315,195.95738173407125,0.2937798978963063,BALANCING
2.396,-1.5972956771202549,-0.3608693848248026,195.68303638843963,0.29329211772214536,BALANCING
2.398,-1.5980127343621886,-0.35657819771137655,195.40858286640082,0.2928043745001317,BALANCING
2.4,-1.5987212189228255,-0.3522966721148124,195.13402260110365,0.29231667018096263,BALANCING
2.402,-1.5994211501196127,-0.3480248008928005,194.85935702241676,0.2918290067100995,BALANCING
2.404,-1.6001125472556874,-0.3437625768809132,194.58458755693133,0.2913413860277734,BALANCING
2.406,-1.600795429619831,-0.33950999289269446,194.30971562796347,0.29085381006899036,BALANCING
2.408,-1.601469816486426,-0.3352670417197473,194.03474265555673,0.29036628076353693,BALANCING
2.41,-1.6021357271154129,-0.33103371613182253,193.75967005648494,0.2898788000359859,BALANCING
2.412,-1.6027931807522446,-0.32681000887690687,193.4844992442544,0.28939136980570146,BALANCING
2.414,-1.6034421966278445,-0.32259591268131105,193.20923162910682,0.28890399198684497,BALANCING
2.416,-1.6040827939585636,-0.318391420249758,192.93386861802168,0.2884166684883803,BALANCING
2.418,-1.6047149919461354,-0.3141965242654693,192.65841161471883,0.28792940121407967,BALANCING
2.42,-1.6053388097776353,-0.3100112173902552,192.38286201966125,0.28744219206252875,BALANCING
2.422,-1.605954266625437,-0.30583549226460016,192.10722123005746,0.2869550429271325,BALANCING
2.424,-1.6065613816471684,-0.30166934150775077,191.83149063986434,0.28646795569612055,BALANCING
2.426,-1.6071601739856722,-0.2975127577178027,191.5556716397895,0.28598093225255317,BALANCING
2.428,-1.6077506627689613,-0.2933657334717889,191.27976561729415,0.2854939744743262,BALANCING
2.43,-1.6083328671101773,-0.2892282613257647,191.00377395659552,0.28500708423417703,BALANCING
2.432,-1.6089068061075498,-0.28510033381489663,190.72769803866976,0.2845202633996903,BALANCING
2.434,-1.609472498844353,-0.2809819434535481,190.45153924125427,0.2840335138333029,BALANCING
2.436,-1.6100299643888654,-0.2768730827353658,190.17529893885066,0.2835468373923102,BALANCING
2.438,-1.6105792217943278,-0.2727737441333657,189.89897850272718,0.2830602359288715,BALANCING
2.44,-1.6111202900989028,-0.26868392010002057,189.62257930092153,0.2825737112900152,BALANCING
2.442,-1.6116531883256326,-0.26460360306734504,189.34610269824347,0.28208726531764505,BALANCING
2.444,-1.6121779354824002,-0.2605327854469821,189.06955005627748,0.2816008998485453,BALANCING
2.446,-1.6126945505618862,-0.2564714596302885,188.7929227333855,0.28111461671438664,BALANCING
2.448,-1.6132030525415306,-0.2524196179884213,188.51622208470963,0.28062841774173153,BALANCING
2.45,-1.6137034603834908,-0.2483772528724224,188.23944946217478,0.28014230475204,BALANCING
2.452,-1.6141957930346025,-0.2443443566133037,187.96260621449142,0.27965627956167555,BALANCING
2.454,-1.6146800694263397,-0.24032092152213433,187.68569368715825,0.2791703439819102,BALANCING
2.456,-1.615156308474774,-0.2363069398901236,187.40871322246494,0.27868449981893084,BALANCING
2.458,-1.615624529080536,-0.2323024039887075,187.13166615949487,0.27819874887384427,BALANCING
2.46,-1.6160847501287756,-0.22830730606963257,186.8545538341279,0.2777130929426835,BALANCING
2.462,-1.6165369904891218,-0.22432163836504165,186.57737757904295,0.27722753381641263,BALANCING
2.464,-1.616981269015645,-0.22034539308755707,186.300138723721,0.2767420732809335,BALANCING
2.466,-1.6174176045468174,-0.21637856243036632,186.0228385944476,0.27625671311709055,BALANCING
2.468,-1.6178460159054733,-0.21242113856730577,185.7454785143157,0.27577145510067697,BALANCING
2.47,-1.6182665218987724,-0.20847311365294474,185.46805980322853,0.27528630100244045,BALANCING
2.472,-1.6186791413181598,-0.20453447982267056,185.1905837779022,0.2748012525880883,BALANCING
2.474,-1.619083892939328,-0.20060522919277077,184.91305175186864,0.27431631161829406,BALANCING
2.476,-1.6194807955221802,-0.19668535386051816,184.6354650354782,0.27383147984870254,BALANCING
2.478,-1.6198698678107897,-0.19277484590425403,184.35782493590264,0.2733467590299358,BALANCING
2.48,-1.6202511285333645,-0.1888736973834714,184.0801327571377,0.27286215090759897,BALANCING
2.482,-1.6206245964022086,-0.18498190033889875,183.80238980000613,0.2723776572222856,BALANCING
2.484,-1.6209902901136848,-0.18109944679258255,183.5245973621603,0.2718932797095839,BALANCING
2.486,-1.6213482283481773,-0.1772263287479709,183.24675673808517,0.2714090201000823,BALANCING
2.488,-1.621698429770055,-0.17336253818999622,182.96886921910095,0.2709248801193751,BALANCING
2.49,-1.6220409130276334,-0.16950806708515848,182.69093609336613,0.27044086148806845,BALANCING
2.492,-1.62237569675314,-0.16566290738160688,182.41295864588005,0.269956965921786,BALANCING
2.494,-1.622702799562675,-0.1618270510092236,182.13493815848602,0.2694731951311744,BALANCING
2.496,-1.6230222400561773,-0.15800048987970466,181.85687590987396,0.26898955082190973,BALANCING
2.498,-1.6233340368173863,-0.1541832158866432,181.57877317558325,0.26850603469470263,BALANCING
2.5,-1.6236382084138072,-0.15037522090561128,181.30063122800576,0.26802264844530455,BALANCING
2.5020000000000002,-1.623934773396674,-0.1465764967942416,181.02245133638843,0.2675393937645134,BALANCING
2.504,-1.6242237503009143,-0.14278703539231008,180.7442347668364,0.26705627233817925,BALANCING
2.5060000000000002,-1.6245051576451137,-0.13900682852181626,180.46598278231582,0.26657328584721024,BALANCING
2.508,-1.6247790139314797,-0.13523586798706594,180.18769664265662,0.26609043596757836,BALANCING
2.5100000000000002,-1.6250453376458072,-0.1314741455747516,179.90937760455543,0.2656077243703253,BALANCING
2.512,-1.625304147257443,-0.12772165305403385,179.63102692157858,0.2651251527215685,BALANCING
2.5140000000000002,-1.625555461219251,-0.12397838217662331,179.35264584416475,0.26464272268250644,BALANCING
2.516,-1.6257992979675768,-0.12024432467686128,179.07423561962818,0.26416043590942495,BALANCING
2.5180000000000002,-1.6260356759222139,-0.11651947227179979,178.79579749216137,0.2636782940537029,BALANCING
2.52,-1.626264613486368,-0.11280381666128277,178.51733270283802,0.263196298761818,BALANCING
2.5220000000000002,-1.6264861290466248,-0.10909734952802672,178.238842489616,0.26271445167535273,BALANCING
2.524,-1.626700240972913,-0.10540006253770105,177.96032808734012,0.2622327544310002,BALANCING
2.5260000000000002,-1.6269069676184729,-0.10171194733900825,177.68179072774532,0.2617512086605699,BALANCING
2.528,-1.6271063273198205,-0.09803299556376388,177.4032316394594,0.26126981599099375,BALANCING
2.5300000000000002,-1.6272983383967157,-0.09436319882697727,177.12465204800597,0.26078857804433164,BALANCING
2.532,-1.6274830191521268,-0.0907025487269294,176.84605317580753,0.260307496437778,BALANCING
2.5340000000000003,-1.6276603878721987,-0.08705103684525506,176.56743624218817,0.2598265727836668,BALANCING
2.536,-1.6278304628262192,-0.08340865474702062,176.2888024633768,0.2593458086894781,BALANCING
2.5380000000000003,-1.6279932622665858,-0.0797753939808048,176.01015305250996,0.2588652057578438,BALANCING
2.54,-1.6281488044287722,-0.07615124607877752,175.73148921963477,0.258384765586553,BALANCING
2.5420000000000003,-1.6282971075312973,-0.07253620255677777,175.45281217171194,0.25790448976855884,BALANCING
2.544,-1.6284381897756908,-0.06893025491439404,175.17412311261876,0.25742437989198375,BALANCING
2.5460000000000003,-1.628572069346462,-0.06533339463504288,174.89542324315207,0.25694443754012547,BALANCING
2.548,-1.6286987644110669,-0.061745613186047044,174.61671376103112,0.2564646642914632,BALANCING
2.5500000000000003,-1.6288182931198758,-0.05816690201871567,174.33799586090086,0.2559850617196632,BALANCING
2.552,-1.6289306736061429,-0.054597252568420275,174.0592707343346,0.2555056313935849,BALANCING
2.5540000000000003,-1.6290359239859726,-0.051036656254674795,173.7805395698372,0.255026374877287,BALANCING
2.556,-1.6291340623582888,-0.04748510448121385,173.50180355284806,0.254547293730033,BALANCING
2.5580000000000003,-1.6292251068048038,-0.043942588636069486,173.22306386574402,0.2540683895062974,BALANCING
2.56,-1.629309075389986,-0.04040910009164999,172.94432168784252,0.25358966375577163,BALANCING
2.562,-1.6293859861610294,-0.03688463020481762,172.6655781954046,0.25311111802336994,BALANCING
2.564,-1.6294558571478226,-0.0333691703169652,172.38683456163776,0.25263275384923556,BALANCING
2.566,-1.6295187063629177,-0.02986271175409534,172.10809195669918,0.2521545727687463,BALANCING
2.568,-1.6295745518014995,-0.026365245826896387,171.8293515476987,0.2516765763125207,BALANCING
2.57,-1.6296234114413555,-0.022876763830819925,171.55061449870175,0.25119876600642416,BALANCING
2.572,-1.6296653032428445,-0.019397257046158203,171.2718819707326,0.25072114337157453,BALANCING
2.574,-1.6297002451488682,-0.015926716738120333,170.99315512177725,0.25024370992434847,BALANCING
2.576,-1.6297282550848384,-0.012465134156909417,170.71443510678645,0.24976646717638723,BALANCING
2.578,-1.62974935095865,-0.009012500537799492,170.43572307767897,0.24928941663460266,BALANCING
2.58,-1.6297635506606487,-0.005568807101211513,170.15702018334449,0.24881255980118328,BALANCING
2.582,-1.6297708720636033,-0.0021340450527900074,169.8783275696466,0.2483358981736001,BALANCING
2.584,-1.6297713330226749,0.0012917944165204175,169.59964637942608,0.24785943324461276,BALANCING
2.586,-1.629764951375388,0.004708720130399782,169.3209777525039,0.24738316650227554,BALANCING
2.588,-1.6297517449416024,0.008116740927076274,169.0423228256842,0.24690709942994327,BALANCING
2.59,-1.6297317315234818,0.011515865659250795,168.7636827327576,0.24643123350627738,BALANCING
2.592,-1.6297049289054675,0.014906103194021194,168.4850586045039,0.24595557020525188,BALANCING
2.594,-1.6296713548542483,0.01828746241280689,168.20645156869566,0.2454801109961596,BALANCING
2.596,-1.6296310271187315,0.021659952211272794,167.92786275010087,0.24500485734361785,BALANCING
2.598,-1.6295839634300162,0.025023581499254734,167.64929327048642,0.24452981070757465,BALANCING
2.6,-1.629530181501363,0.028378359200684357,167.37074424862095,0.2440549725433148,BALANCING
2.602,-1.6294696990281674,0.03172429425351427,167.09221680027798,0.2435803443014658,BALANCING
2.604,-1.6294025336879314,0.03506139560964244,166.8137120382393,0.2431059274280039,BALANCING
2.606,-1.6293287031402355,0.03838967223483861,166.53523107229762,0.2426317233642603,BALANCING
2.608,-1.629248225026711,0.041709133108668785,166.25677500926017,0.24215773354692685,BALANCING
2.61,-1.629161116971013,0.045019787224421834,165.97834495295155,0.24168395940806245,BALANCING
2.612,-1.6290673965787923,0.04832164358903445,165.69994200421692,0.24121040237509903,BALANCING
2.614,-1.6289670814376689,0.05161471122301688,165.42156726092526,0.2407370638708473,BALANCING
2.616,-1.6288601891172039,0.05489899916038008,165.14322181797226,0.24026394531350329,BALANCING
2.618,-1.6287467371688742,0.05817451644856054,164.86490676728377,0.23979104811665403,BALANCING
2.62,-1.6286267431260444,0.06144127214834728,164.58662319781874,0.23931837368928374,BALANCING
2.622,-1.6285002245039402,0.06469927533380847,164.3083721955724,0.23884592343578,BALANCING
2.624,-1.6283671987996229,0.0679485350922172,164.03015484357954,0.23837369875593956,BALANCING
2.626,-1.628227683491962,0.07118906052397966,163.75197222191753,0.2379017010449748,BALANCING
2.628,-1.6280816960416096,0.07442086074255996,163.47382540770965,0.23742993169351945,BALANCING
2.63,-1.6279292538909742,0.07764394487440877,163.19571547512805,0.23695839208763478,BALANCING
2.632,-1.627770374464195,0.08085832205888976,162.9176434953972,0.23648708360881585,BALANCING
2.634,-1.6276050751671156,0.08406400144820712,162.63961053679668,0.23601600763399724,BALANCING
2.636,-1.6274333733872595,0.08726099220733305,162.36161766466486,0.2355451655355597,BALANCING
2.638,-1.6272552864938032,0.09044930351393447,162.08366594140165,0.2350745586813356,BALANCING
2.64,-1.6270708318375517,0.09362894455830152,161.805756426472,0.23460418843461542,BALANCING
2.642,-1.6268800267509138,0.09679992454327548,161.52789017640887,0.23413405615415384,BALANCING
2.644,-1.6266828885478757,0.09996225268417629,161.25006824481665,0.2336641631941757,BALANCING
2.646,-1.6264794345239777,0.1031159382087311,160.9722916823741,0.23319451090438226,BALANCING
2.648,-1.6262696819562878,0.10626099035700182,160.69456153683782,0.23272510062995708,BALANCING
2.65,-1.6260536481033794,0.10939741838131399,160.41687885304535,0.23225593371157238,BALANCING
2.652,-1.6258313502053041,0.1125252315461852,160.13924467291832,0.23178701148539502,BALANCING
2.654,-1.6256028054835694,0.11564443912825396,159.8616600354658,0.23131833528309267,BALANCING
2.656,-1.6253680311411134,0.11875505041620767,159.58412597678742,0.23084990643183984,BALANCING
2.658,-1.6251270443622823,0.12185707471071297,159.30664353007666,0.23038172625432415,BALANCING
2.66,-1.624879862312804,0.12495052132434355,159.02921372562406,0.2299137960687524,BALANCING
2.662,-1.6246265021397668,0.12803539958150967,158.75183759082046,0.22944611718885652,BALANCING
2.664,-1.624366980971595,0.13111171881838804,158.47451615016024,0.2289786909239001,BALANCING
2.666,-1.6241013159180246,0.13417948838285026,158.1972504252445,0.22851151857868407,BALANCING
2.668,-1.6238295240700809,0.13723871763439338,157.9200414347845,0.22804460145355324,BALANCING
2.67,-1.6235516225000552,0.14028941594406902,157.64289019460463,0.22757794084440205,BALANCING
2.672,-1.6232676282614817,0.1433315926944141,157.36579771764593,0.22711153804268103,BALANCING
2.674,-1.6229775583891146,0.14636525727937993,157.08876501396912,0.22664539433540282,BALANCING
2.676,-1.6226814298989052,0.1493904191042632,156.81179309075807,0.22617951100514833,BALANCING
2.678,-1.6223792597879791,0.15240708758563548,156.5348829523229,0.22571388933007294,BALANCING
2.68,-1.6220710650346146,0.15541527215127382,156.25803560010334,0.22524853058391245,BALANCING
2.682,-1.6217568625982193,0.15841498224009218,155.98125203267193,0.2247834360359895,BALANCING
2.684,-1.6214366694193085,0.16140622730207113,155.70453324573737,0.2243186069512196,BALANCING
2.686,-1.6211105024194834,0.16438901679818918,155.42788023214774,0.22385404459011732,BALANCING
2.688,-1.6207783785014083,0.16736336020035342,155.15129398189387,0.22338975020880228,BALANCING
2.69,-1.6204403145487893,0.1703292669913311,154.87477548211248,0.2229257250590057,BALANCING
2.692,-1.620096327426353,0.17328674666468083,154.59832571708964,0.22246197038807616,BALANCING
2.694,-1.6197464339798247,0.17623580872468397,154.32194566826388,0.221998487438986,BALANCING
2.696,-1.6193906510359064,0.17917646268627577,154.04563631422965,0.22153527745033738,BALANCING
2.698,-1.6190289954022568,0.18210871807497764,153.7693986307405,0.22107234165636871,BALANCING
2.7,-1.6186614838674693,0.18503258442682768,153.49323359071244,0.2206096812869604,BALANCING
2.702,-1.6182881332010512,0.1879480712883144,153.21714216422728,0.22014729756764126,BALANCING
2.704,-1.6179089601534031,0.19085518821630812,152.9411253185358,0.2196851917195948,BALANCING
2.706,-1.6175239814557982,0.19375394477799293,152.66518401806124,0.2192233649596652,BALANCING
2.708,-1.6171332138203613,0.1966443505507989,152.3893192244025,0.21876181850036372,BALANCING
2.71,-1.6167366739400488,0.1995264151223353,152.1135318963375,0.2183005535498746,BALANCING
2.712,-1.6163343784886284,0.20240014809032222,151.8378229898264,0.21783957131206141,BALANCING
2.714,-1.6159263441206588,0.20526555906252433,151.56219345801512,0.21737887298647326,BALANCING
2.716,-1.61551258747147,0.2081226576566834,151.28664425123856,0.21691845976835106,BALANCING
2.718,-1.6150931251571428,0.210971453500451,151.01117631702382,0.21645833284863342,BALANCING
2.72,-1.6146679737744893,0.21381195623132201,150.73579060009374,0.21599849341396316,BALANCING
2.722,-1.6142371499010342,0.21664417549656795,150.46048804237012,0.21553894264669332,BALANCING
2.724,-1.6138006700949934,0.21946812095317061,150.18526958297704,0.21507968172489347,BALANCING
2.726,-1.6133585508952566,0.22228380226775502,149.9101361582443,0.21462071182235587,BALANCING
2.728,-1.612910808821367,0.2250912291165236,149.63508870171069,0.21416203410860157,BALANCING
2.73,-1.6124574603735027,0.22789041118519024,149.3601281441273,0.2137036497488868,BALANCING
2.732,-1.6119985220324569,0.23068135816891386,149.08525541346097,0.21324555990420907,BALANCING
2.734,-1.6115340102596203,0.2334640797722324,148.81047143489764,0.21278776573131336,BALANCING
2.736,-1.6110639414969616,0.23623858570899767,148.53577713084562,0.2123302683826984,BALANCING
2.738,-1.6105883321670091,0.23900488570230902,148.26117342093897,0.21187306900662273,BALANCING
2.74,-1.6101071986728324,0.24176298948444877,147.98666122204094,0.21141616874711114,BALANCING
2.742,-1.609620557398024,0.24451290679681634,147.7122414482473,0.2109595687439607,BALANCING
2.744,-1.6091284247066813,0.2472546473898629,147.43791501088964,0.21050327013274714,BALANCING
2.746,-1.6086308169433883,0.2499882210230265,147.16368281853886,0.21004727404483078,BALANCING
2.748,-1.6081277504331979,0.2527136374646672,146.8895457770084,0.20959158160736308,BALANCING
2.75,-1.6076192414816137,0.2554309064920023,146.6155047893578,0.20913619394329266,BALANCING
2.7520000000000002,-1.6071053063745737,0.2581400378910416,146.34156075589587,0.20868111217137156,BALANCING
2.754,-1.6065859613784308,0.2608410414565228,146.06771457418424,0.20822633740616145,BALANCING
2.7560000000000002,-1.6060612227399367,0.2635339269918474,145.79396713904066,0.20777187075804,BALANCING
2.758,-1.6055311066862243,0.26621870430901573,145.52031934254248,0.20731771333320684,BALANCING
2.7600000000000002,-1.6049956294247911,0.26889538322856377,145.24677207402985,0.20686386623368994,BALANCING
2.762,-1.6044548071434812,0.27156397357949863,144.97332622010933,0.2064103305573519,BALANCING
2.7640000000000002,-1.603908656010469,0.2742244851992348,144.69998266465717,0.205957107397896,BALANCING
2.766,-1.6033571921742424,0.27687692793353047,144.4267422888227,0.20550419784487264,BALANCING
2.7680000000000002,-1.6028004317635869,0.2795213116364239,144.1536059710318,0.2050516029836854,BALANCING
2.77,-1.602238390887567,0.28215764617016986,143.88057458699018,0.20459932389559732,BALANCING
2.7720000000000002,-1.6016710856355125,0.2847859414051765,143.60764900968698,0.20414736165773711,BALANCING
2.774,-1.6010985320770006,0.28740620721994214,143.33483010939798,0.2036957173431055,BALANCING
2.7760000000000002,-1.6005207462618398,0.2900184535009922,143.06211875368913,0.20324439202058125,BALANCING
2.778,-1.5999377442200549,0.2926226901428164,142.78951580741992,0.20279338675492772,BALANCING
2.7800000000000002,-1.59934954196187,0.2952189270478056,142.51702213274677,0.20234270260679874,BALANCING
2.782,-1.5987561554776935,0.2978071741261898,142.24463858912657,0.2018923406327452,BALANCING
2.7840000000000003,-1.5981576007381024,0.30038744129597456,141.97236603331993,0.20144230188522083,BALANCING
2.786,-1.5975538936938267,0.30295973848288005,141.7002053193947,0.20099258741258896,BALANCING
2.7880000000000003,-1.5969450502757339,0.3055240756202777,141.42815729872942,0.20054319825912845,BALANCING
2.79,-1.5963310863948137,0.30808046264912853,141.1562228200166,0.20009413546503993,BALANCING
2.7920000000000003,-1.5957120179421636,0.31062890951792105,140.8844027292664,0.19964540006645218,BALANCING
2.794,-1.5950878607889731,0.31316942618260923,140.6126978698098,0.19919699309542827,BALANCING
2.7960000000000003,-1.5944586307865092,0.3157020226065514,140.3411090823022,0.19874891557997185,BALANCING
2.798,-1.5938243437661015,0.31822670876044773,140.06963720472683,0.19830116854403332,BALANCING
2.8000000000000003,-1.5931850155391278,0.3207434946222801,139.7982830723981,0.19785375300751618,BALANCING
2.802,-1.5925406618969995,0.3232523901772494,139.52704751796514,0.19740666998628323,BALANCING
2.8040000000000003,-1.591891298611147,0.3257534054177151,139.25593137141522,0.1969599204921628,BALANCING
2.806,-1.591236941433006,0.32824655034313405,138.98493546007714,0.19651350553295494,BALANCING
2.8080000000000003,-1.5905776060940031,0.3307318349599999,138.71406060862483,0.19606742611243783,BALANCING
2.81,-1.589913308305541,0.33320926928178174,138.44330763908053,0.1956216832303739,BALANCING
2.8120000000000003,-1.5892440637589857,0.33567886332886365,138.17267737081852,0.1951762778825161,BALANCING
2.814,-1.5885698881256531,0.3381406271284843,137.9021706205684,0.19473121106061417,BALANCING
2.816,-1.5878907970567937,0.34059457071467625,137.63178820241862,0.1942864837524208,BALANCING
2.818,-1.58720680618358,0.34304070412820636,137.36153092781993,0.1938420969416981,BALANCING
2.82,-1.586517931117094,0.3454790374165149,137.09139960558878,0.19339805160822351,BALANCING
2.822,-1.5858241874483123,0.34790958063365635,136.82139504191088,0.19295434872779646,BALANCING
2.824,-1.5851255907480937,0.35033234384023854,136.55151804034458,0.19251098927224425,BALANCING
2.826,-1.5844221565671663,0.35274733710336365,136.28176940182436,0.19206797420942842,BALANCING
2.828,-1.5837139004361143,0.3551545704965688,136.01214992466436,0.19162530450325127,BALANCING
2.83,-1.583000837865365,0.35755405409976565,135.74266040456172,0.19118298111366164,BALANCING
2.832,-1.5822829843451773,0.3599457979991819,135.47330163460015,0.19074100499666147,BALANCING
2.834,-1.5815603553456272,0.36232981228730166,135.20407440525344,0.190299377104312,BALANCING
2.836,-1.5808329663165974,0.36470610706280693,134.93497950438874,0.18985809838473997,BALANCING
2.838,-1.5801008326877628,0.3670746924305181,134.66601771727034,0.18941716978214396,BALANCING
2.84,-1.57936396986858,0.36943557850133507,134.3971898265628,0.1889765922368005,BALANCING
2.842,-1.578622393248275,0.3717887753921791,134.12849661233474,0.18853636668507057,BALANCING
2.844,-1.5778761181958307,0.3741342932259336,133.85993885206216,0.1880964940594054,BALANCING
2.846,-1.5771251600599747,0.3764721421313865,133.5915173206319,0.18765697528835332,BALANCING
2.848,-1.5763695341691686,0.3788023322431712,133.32323279034523,0.18721781129656553,BALANCING
2.85,-1.5756092558315955,0.3811248737017091,133.05508603092133,0.18677900300480257,BALANCING
2.852,-1.5748443403351489,0.3834397766531509,132.7870778095006,0.18634055132994057,BALANCING
2.854,-1.5740748029474216,0.38574705124931896,132.51920889064843,0.1859024571849773,BALANCING
2.856,-1.5733006589156935,0.3880467076476501,132.2514800363585,0.18546472147903884,BALANCING
2.858,-1.5725219234669214,0.390338756011137,131.98389200605627,0.18502734511738536,BALANCING
2.86,-1.5717386118077272,0.39262320650827126,131.7164455566026,0.18459032900141775,BALANCING
2.862,-1.5709507391243873,0.39490006931298577,131.4491414422972,0.18415367402868357,BALANCING
2.864,-1.570158320582822,0.3971693546045982,131.181980414882,0.18371738109288355,BALANCING
2.866,-1.5693613713285848,0.39943107256775245,130.91496322354485,0.1832814510838776,BALANCING
2.868,-1.5685599064868507,0.4016852333923632,130.6480906149229,0.18284588488769135,BALANCING
2.87,-1.5677539411624075,0.40393184727355796,130.3813633331061,0.1824106833865222,BALANCING
2.872,-1.5669434904396438,0.40617092441162095,130.1147821196408,0.18197584745874554,BALANCING
2.874,-1.5661285693825402,0.4084024750119363,129.84834771353317,0.18154137797892111,BALANCING
2.876,-1.565309193034658,0.41062650928493133,129.58206085125272,0.18110727581779937,BALANCING
2.878,-1.5644853764191298,0.41284303744602063,129.31592226673584,0.18067354184232734,BALANCING
2.88,-1.5636571345386494,0.4150520697155497,129.04993269138924,0.1802401769156553,BALANCING
2.882,-1.5628244823754613,0.41725361631873864,128.78409285409361,0.1798071818971428,BALANCING
2.884,-1.5619874348913532,0.41944768748562644,128.51840348120695,0.17937455764236485,BALANCING
2.886,-1.561146007027643,0.4216342934510151,128.25286529656825,0.17894230500311847,BALANCING
2.888,-1.5603002137051731,0.4238134444544139,127.9874790215009,0.17851042482742863,BALANCING
2.89,-1.5594500698242983,0.42598515073998394,127.72224537481624,0.17807891795955452,BALANCING
2.892,-1.5585955902648776,0.4281494225564827,127.45716507281705,0.17764778523999603,BALANCING
2.894,-1.5577367898862648,0.43030627015720857,127.19223882930115,0.1772170275054998,BALANCING
2.896,-1.5568736835272998,0.43245570379994547,126.92746735556484,0.17678664558906557,BALANCING
2.898,-1.5560062860062998,0.43459773374690824,126.66285136040648,0.17635664031995227,BALANCING
2.9,-1.5551346121210494,0.43673237026468764,126.39839155012996,0.17592701252368442,BALANCING
2.902,-1.5542586766487934,0.438859623624195,126.13408862854828,0.17549776302205836,BALANCING
2.904,-1.5533784943462277,0.44097950410060827,125.86994329698705,0.17506889263314834,BALANCING
2.906,-1.5524940799494897,0.4430920219733171,125.60595625428802,0.17464040217131302,BALANCING
2.908,-1.551605448174152,0.4451971875258685,125.3421281968126,0.17421229244720143,BALANCING
2.91,-1.5507126137152123,0.4472950110459127,125.07845981844542,0.17378456426775948,BALANCING
2.912,-1.5498155912470861,0.4493855028251486,124.81495181059782,0.173357218436236,BALANCING
2.914,-1.5489143954235989,0.45146867315926986,124.55160486221142,0.172930255752189,BALANCING
2.916,-1.5480090408779776,0.45354453234791137,124.28841965976166,0.1725036770114921,BALANCING
2.918,-1.5470995422228433,0.455613090694595,124.02539688726127,0.17207748300634046,BALANCING
2.92,-1.5461859140502028,0.45767435850667615,123.76253722626387,0.1716516745252573,BALANCING
2.922,-1.5452681709314418,0.45972834609529006,123.49984135586752,0.17122625235309996,BALANCING
2.924,-1.5443463274173173,0.4617750637752986,123.23730995271819,0.17080121727106623,BALANCING
2.926,-1.5434203980379495,0.4638145218652372,122.97494369101335,0.17037657005670062,BALANCING
2.928,-1.5424903973028152,0.4658467306872607,122.7127432425055,0.16995231148390028,BALANCING
2.93,-1.5415563397007406,0.4678717005670917,122.45070927650568,0.16952844232292175,BALANCING
2.932,-1.5406182396998935,0.46988944183396636,122.18884245988708,0.16910496334038672,BALANCING
2.934,-1.5396761117477777,0.47189996482058294,121.92714345708853,0.16868187529928858,BALANCING
2.936,-1.5387299702712245,0.473903279863048,121.66561293011806,0.16825917895899847,BALANCING
2.938,-1.5377798296763872,0.47589939730082437,121.40425153855644,0.16783687507527156,BALANCING
2.94,-1.5368257043487337,0.47788832747667875,121.14305993956071,0.1674149644002533,BALANCING
2.942,-1.5358676086530403,0.4798700807366297,120.88203878786778,0.16699344768248559,BALANCING
2.944,-1.5349055569333854,0.48184466742989474,120.62118873579794,0.1665723256669131,BALANCING
2.946,-1.533939563513143,0.4838120979088389,120.36051043325841,0.16615159909488936,BALANCING
2.948,-1.5329696426949757,0.48577238252892296,120.10000452774688,0.1657312687041832,BALANCING
2.95,-1.5319958087608303,0.4877255316486511,119.83967166435505,0.16531133522898458,BALANCING
2.952,-1.5310180759719298,0.48967155562951986,119.5795124857723,0.16489179939991142,BALANCING
2.954,-1.5300364585687691,0.49161046483596593,119.31952763228902,0.16447266194401505,BALANCING
2.956,-1.5290509707711082,0.49354226963531567,119.0597177418004,0.1640539235847872,BALANCING
2.958,-1.5280616267779665,0.49546698039773246,118.8000834498098,0.16363558504216558,BALANCING
2.96,-1.5270684407676178,0.4973846074961674,118.54062538943244,0.16321764703254055,BALANCING
2.962,-1.5260714268975848,0.4992951613063069,118.28134419139883,0.162800110268761,BALANCING
2.964,-1.5250705993046325,0.5011986522065218,118.0222404840584,0.1623829754601409,BALANCING
2.966,-1.5240659721047642,0.5030950905778173,117.76331489338308,0.16196624331246512,BALANCING
2.968,-1.5230575593932154,0.5049844868037819,117.50456804297083,0.16154991452799605,BALANCING
2.97,-1.5220453752444498,0.506866851270537,117.24600055404913,0.1611339898054794,BALANCING
2.972,-1.5210294337121528,0.5087421943666862,116.98761304547867,0.1607184698401508,BALANCING
2.974,-1.5200097488292277,0.5106105264832655,116.72940613375677,0.16030335532374165,BALANCING
2.976,-1.5189863346077905,0.5124718580136928,116.47138043302105,0.15988864694448562,BALANCING
2.978,-1.5179592050391653,0.5143261993537176,116.21353655505294,0.15947434538712466,BALANCING
2.98,-1.5169283740938797,0.5161735609013718,115.95587510928125,0.1590604513329152,BALANCING
2.982,-1.5158938557216597,0.5180139530569198,115.69839670278573,0.15864696545963453,BALANCING
2.984,-1.5148556638514266,0.5198473862228079,115.44110194030061,0.15823388844158684,BALANCING
2.986,-1.5138138123912914,0.5216738708036159,115.18399142421823,0.15782122094960943,BALANCING
2.988,-1.5127683152285514,0.5234934172060072,114.92706575459253,0.15740896365107893,BALANCING
2.99,-1.5117191862296853,0.5253060358386792,114.67032552914264,0.15699711720991752,BALANCING
2.992,-1.5106664392403502,0.5271117371123144,114.41377134325644,0.15658568228659908,BALANCING
2.994,-1.5096100880853764,0.5289105314395316,114.15740378999415,0.1561746595381554,BALANCING
2.996,-1.5085501465687652,0.5307024292348366,113.90122346009186,0.1557640496181823,BALANCING
2.998,-1.5074866284736839,0.5324874409145738,113.64523094196511,0.155353853176846,BALANCING
3.0,-1.5064195475624622,0.5342655768968768,113.38942682171248,0.1549440708608891,BALANCING
3.0020000000000002,-1.50534891757659,0.5360368476016205,113.13381168311912,0.15453470331363678,BALANCING
3.004,-1.5042747522367121,0.5378012634503726,112.8783861076603,0.1541257511750032,BALANCING
3.0060000000000002,-1.5031970652426265,0.5395588348663446,112.62315067450506,0.15371721508149744,BALANCING
3.008,-1.50211587027328,0.5413095722743445,112.36810596051967,0.15330909566622972,BALANCING
3.0100000000000002,-1.5010311809867654,0.5430534861007283,112.11325254027129,0.15290139355891766,BALANCING
3.012,-1.4999430110203191,0.5447905867733519,111.85859098603149,0.15249410938589245,BALANCING
3.0140000000000002,-1.4988513739903175,0.5465208847215232,111.6041218677798,0.15208724377010488,BALANCING
3.016,-1.497756283492274,0.5482443903759552,111.34984575320735,0.15168079733113168,BALANCING
3.0180000000000002,-1.4966577531008365,0.5499611141687173,111.09576320772038,0.15127477068518166,BALANCING
3.02,-1.4955557963697852,0.5516710665331884,110.84187479444381,0.1508691644451017,BALANCING
3.0220000000000002,-1.4944504268320293,0.5533742579040098,110.58818107422483,0.1504639792203832,BALANCING
3.024,-1.4933416579996048,0.5550706987170374,110.33468260563649,0.15005921561716795,BALANCING
3.0260000000000002,-1.492229503363672,0.5567603994092947,110.0813799449812,0.14965487423825455,BALANCING
3.028,-1.4911139763945143,0.5584433704189259,109.82827364629435,0.1492509556831044,BALANCING
3.0300000000000002,-1.4899950905415333,0.5601196221851491,109.5753642613479,0.14884746054784784,BALANCING
3.032,-1.4888728592332503,0.5617891651482096,109.32265233965394,0.1484443894252904,BALANCING
3.0340000000000003,-1.4877472958773013,0.5634520097493333,109.07013842846817,0.14804174290491903,BALANCING
3.036,-1.4866184138604368,0.5651081664306794,108.81782307279363,0.147639521572908,BALANCING
3.0380000000000003,-1.4854862265485191,0.5667576456352953,108.56570681538412,0.14723772601212518,BALANCING
3.04,-1.4843507472865216,0.5684004578070694,108.31379019674789,0.14683635680213836,BALANCING
3.0420000000000003,-1.4832119893985254,0.5700366133906851,108.0620737551511,0.146435414519221,BALANCING
3.044,-1.4820699661877197,0.5716661228315749,107.81055802662154,0.1460348997363587,BALANCING
3.0460000000000003,-1.4809246909363996,0.5732889965758748,107.559243544952,0.14563481302325526,BALANCING
3.048,-1.4797761769059639,0.5749052450703777,107.30813084170403,0.14523515494633873,BALANCING
3.0500000000000003,-1.4786244373369153,0.5765148787624883,107.05722044621139,0.14483592606876766,BALANCING
3.052,-1.4774694854488581,0.5781179081001774,106.8065128855837,0.1444371269504371,BALANCING
3.0540000000000003,-1.4763113344404977,0.5797143435319364,106.55600868470995,0.14403875814798484,BALANCING
3.056,-1.4751499974896394,0.5813041955067321,106.30570836626211,0.14364082021479752,BALANCING
3.0580000000000003,-1.4739854877531873,0.5828874744739615,106.05561245069869,0.1432433137010167,BALANCING
3.06,-1.4728178183671443,0.5844641908834065,105.80572145626829,0.14284623915354508,BALANCING
3.0620000000000003,-1.4716470024466104,0.5860343551851888,105.5560358990132,0.14244959711605246,BALANCING
3.064,-1.4704730530857824,0.5875979778297257,105.306556292773,0.14205338812898202,BALANCING
3.0660000000000003,-1.4692959833579537,0.5891550692676852,105.05728314918802,0.14165761272955635,BALANCING
3.068,-1.4681158063155135,0.5907056399499405,104.80821697770304,0.14126227145178363,BALANCING
3.0700000000000003,-1.4669325349899467,0.5922497003275264,104.55935828557078,0.14086736482646361,BALANCING
3.072,-1.465746182391833,0.5937872608515948,104.31070757785551,0.14047289338119393,BALANCING
3.074,-1.4645567615108475,0.5953183319733699,104.0622653574366,0.1400788576403759,BALANCING
3.076,-1.46336428531576,0.5968429241441053,103.8140321250121,0.13968525812522103,BALANCING
3.078,-1.4621687667544359,0.5983610478150381,103.56600837910229,0.13929209535375675,BALANCING
3.08,-1.4609702187538347,0.5998727134373464,103.31819461605328,0.1388993698408327,BALANCING
3.082,-1.459768654220012,0.6013779314621052,103.07059133004056,0.13850708209812676,BALANCING
3.084,-1.4585640860381182,0.6028767123402426,102.82319901307258,0.13811523263415126,BALANCING
3.086,-1.4573565270723998,0.6043690665224958,102.57601815499433,0.13772382195425886,BALANCING
3.088,-1.4561459901662,0.6058550044593687,102.32904924349087,0.1373328505606488,BALANCING
3.09,-1.4549324881419576,0.6073345366010878,102.08229276409094,0.13694231895237302,BALANCING
3.092,-1.45371603380121,0.6088076733975589,101.83574920017048,0.13655222762534203,BALANCING
3.094,-1.4524966399245918,0.6102744252983243,101.5894190329563,0.1361625770723312,BALANCING
3.096,-1.4512743192718365,0.61173480275252,101.34330274152948,0.13577336778298676,BALANCING
3.098,-1.4500490845817777,0.613188816208832,101.09740080282916,0.13538460024383187,BALANCING
3.1,-1.4488209485723493,0.614636476115455,100.85171369165586,0.13499627493827274,BALANCING
3.102,-1.4475899239405874,0.6160777929200477,100.60624188067524,0.13460839234660443,BALANCING
3.104,-1.4463560233626296,0.6175127770696928,100.3609858404216,0.1342209529460175,BALANCING
3.106,-1.445119259493719,0.6189414390108523,100.11594603930142,0.13383395721060345,BALANCING
3.108,-1.4438796449682028,0.6203637891893262,99.87112294359694,0.13344740561136112,BALANCING
3.11,-1.4426371923995356,0.621779838050211,99.6265170174698,0.1330612986162027,BALANCING
3.112,-1.4413919143802796,0.6231895960378563,99.38212872296444,0.13267563668995974,BALANCING
3.114,-1.4401438234821071,0.6245930735958233,99.13795852001185,0.13229042029438923,BALANCING
3.116,-1.4388929322558008,0.6259902811668437,98.894006866433,0.1319056498881796,BALANCING
3.118,-1.4376392532312574,0.6273812291927768,98.65027421794251,0.1315213259269569,BALANCING
3.12,-1.4363827989174878,0.6287659281145688,98.40676102815208,0.13113744886329057,BALANCING
3.122,-1.4351235818026196,0.6301443883722108,98.16346774857419,0.13075401914669985,BALANCING
3.124,-1.4338616143538987,0.6315166204046981,97.9203948286256,0.13037103722365953,BALANCING
3.126,-1.4325969090176924,0.6328826346499881,97.67754271563088,0.12998850353760613,BALANCING
3.128,-1.43132947821949,0.6342424415449591,97.43491185482601,0.12960641852894383,BALANCING
3.13,-1.430059334363906,0.6355960515253704,97.19250268936199,0.12922478263505058,BALANCING
3.132,-1.4287864898346818,0.6369434750258202,96.95031566030829,0.1288435962902841,BALANCING
3.134,-1.427510956994689,0.6382847224797055,96.70835120665646,0.12846285992598794,BALANCING
3.136,-1.426232748185931,0.6396198043191805,96.46660976532375,0.12808257397049738,BALANCING
3.138,-1.4249518757295454,0.6409487309751172,96.22509177115658,0.12770273884914557,BALANCING
3.14,-1.4236683519258078,0.6422715128770642,95.98379765693416,0.12732335498426955,BALANCING
3.142,-1.4223821890541324,0.6435881604532061,95.74272785337197,0.1269444227952161,BALANCING
3.144,-1.4210933993730774,0.6448986841303246,95.50188278912542,0.1265659426983479,BALANCING
3.146,-1.419801995120346,0.6462030943337564,95.26126289079332,0.12618791510704958,BALANCING
3.148,-1.4185079885127894,0.6475014014873551,95.0208685829215,0.12581034043173356,BALANCING
3.15,-1.4172113917464106,0.6487936160134494,94.7807002880063,0.12543321907984611,BALANCING
3.152,-1.4159122169963672,0.650079748332805,94.54075842649817,0.1250565514558734,BALANCING
3.154,-1.4146104764169742,0.6513598088645836,94.30104341680523,0.12468033796134739,BALANCING
3.156,-1.4133061821417086,0.6526338080263044,94.06155567529679,0.12430457899485191,BALANCING
3.158,-1.4119993462832099,0.6539017562338043,93.82229561630687,0.12392927495202866,BALANCING
3.16,-1.410689980933287,0.6551636639011978,93.58326365213792,0.1235544262255831,BALANCING
3.162,-1.4093780981629187,0.6564195414408385,93.34446019306412,0.1231800332052904,BALANCING
3.164,-1.4080637100222597,0.6576693992632799,93.10588564733514,0.12280609627800167,BALANCING
3.166,-1.4067468285406421,0.6589132477772365,92.86754042117956,0.12243261582764955,BALANCING
3.168,-1.4054274657265806,0.6601510973895441,92.6294249188085,0.12205959223525452,BALANCING
3.17,-1.404105633567776,0.6613829585051223,92.3915395424191,0.12168702587893065,BALANCING
3.172,-1.402781344031118,0.6626088415269347,92.15388469219816,0.1213149171338917,BALANCING
3.174,-1.4014546090626916,0.6638287568559507,91.91646076632554,0.12094326637245692,BALANCING
3.176,-1.4001254405877783,0.6650427148911071,91.67926816097787,0.12057207396405722,BALANCING
3.178,-1.398793850510862,0.66625072602927,91.44230727033198,0.12020134027524094,BALANCING
3.18,-1.397459850715632,0.6674528006651957,91.20557848656848,0.11983106566967984,BALANCING
3.182,-1.3961234530649893,0.6686489491914935,90.9690821998753,0.11946125050817509,BALANCING
3.184,-1.3947846694010484,0.6698391819985872,90.73281879845123,0.1190918951486632,BALANCING
3.186,-1.3934435115451431,0.671023509474677,90.49678866850951,0.11872299994622199,BALANCING
3.188,-1.3920999912978311,0.6722019420057024,90.26099219428124,0.11835456525307637,BALANCING
3.19,-1.3907541204388985,0.6733744899753037,90.0254297580191,0.11798659141860449,BALANCING
3.192,-1.3894059107273629,0.6745411637647852,89.79010174000071,0.11761907878934348,BALANCING
3.194,-1.388055373901481,0.6757019737530771,89.55500851853228,0.11725202770899555,BALANCING
3.196,-1.3867025216787505,0.6768569303166978,89.32015046995213,0.11688543851843369,BALANCING
3.198,-1.3853473657559172,0.6780060438297182,89.08552796863418,0.1165193115557079,BALANCING
3.2,-1.3839899178089785,0.6791493246637227,88.85114138699156,0.11615364715605073,BALANCING
3.202,-1.382630189493189,0.6802867831877732,88.61699109548002,0.11578844565188351,BALANCING
3.204,-1.3812681924430654,0.6814184297683719,88.38307746260162,0.11542370737282204,BALANCING
3.206,-1.379903938272392,0.6825442747694244,88.14940085490811,0.11505943264568262,BALANCING
3.208,-1.3785374385742255,0.6836643285522033,87.91596163700461,0.11469562179448792,BALANCING
3.21,-1.3771687049209005,0.6847786014753111,87.682760171553,0.11433227514047287,BALANCING
3.212,-1.3757977488640345,0.6858871038946442,87.44979681927552,0.1139693930020905,BALANCING
3.214,-1.3744245819345349,0.6869898461633562,87.21707193895828,0.11360697569501792,BALANCING
3.216,-1.3730492156426017,0.6880868386318215,86.98458588745483,0.11324502353216209,BALANCING
3.218,-1.3716716614777367,0.6891780916475996,86.7523390196896,0.11288353682366588,BALANCING
3.22,-1.3702919309087451,0.6902636155553986,86.52033168866149,0.11252251587691378,BALANCING
3.222,-1.3689100353837451,0.6913434206970392,86.28856424544736,0.11216196099653784,BALANCING
3.224,-1.3675259863301712,0.6924175174114191,86.0570370392056,0.11180187248442353,BALANCING
3.226,-1.366139795154781,0.6934859160344771,85.82575041717956,0.1114422506397156,BALANCING
3.228,-1.3647514732436608,0.6945486268991574,85.59470472470119,0.11108309575882394,BALANCING
3.23,-1.3633610319622325,0.6956056603353747,85.36390030519443,0.11072440813542954,BALANCING
3.232,-1.361968482655258,0.6966570266699776,85.13333750017883,0.11036618806049017,BALANCING
3.234,-1.3605738366468474,0.697702736226714,84.90301664927297,0.11000843582224631,BALANCING
3.236,-1.3591771052404642,0.698742799326196,84.67293809019812,0.10965115170622705,BALANCING
3.238,-1.3577782997189312,0.699777226285864,84.4431021587816,0.10929433599525588,BALANCING
3.24,-1.3563774313444372,0.7008060274199532,84.21350918896034,0.10893798896945653,BALANCING
3.242,-1.3549745113585447,0.7018292130394569,83.98415951278449,0.10858211090625879,BALANCING
3.244,-1.3535695509821941,0.7028467934520931,83.75505346042075,0.10822670208040443,BALANCING
3.246,-1.3521625614157124,0.7038587789622688,83.52619136015603,0.10787176276395286,BALANCING
