t,theta_deg,rate_dps,wheel_rpm,duty,phase
0.0,16.0,0.0,0.0,-1,SPINUP
0.002,16.0,0.0,-6.436476596174447,-1,SPINUP
0.004,16.0,0.0,-12.801832631651454,-1,SPINUP
0.006,16.0,0.0,-19.096853960939825,-1,SPINUP
0.008,16.0,0.0,-25.32231775516197,-1,SPINUP
0.01,16.0,0.0,-31.47899259800195,-1,SPINUP
0.012,16.0,0.0,-37.56763858059332,-1,SPINUP
0.014,16.0,0.0,-43.5890073953585,-1,SPINUP
0.016,16.0,0.0,-49.543842428811296,-1,SPINUP
0.018000000000000002,16.0,0.0,-55.43287885333392,-1,SPINUP
0.02,16.0,0.0,-61.256843717939944,-1,SPINUP
0.022,16.0,0.0,-67.0164560380344,-1,SPINUP
0.024,16.0,0.0,-72.71242688418201,-1,SPINUP
0.026000000000000002,16.0,0.0,-78.34545946989454,-1,SPINUP
0.028,16.0,0.0,-83.91624923844823,-1,SPINUP
0.03,16.0,0.0,-89.42548394874186,-1,SPINUP
0.032,16.0,0.0,-94.87384376020609,-1,SPINUP
0.034,16.0,0.0,-100.26200131677466,-1,SPINUP
0.036000000000000004,16.0,0.0,-105.59062182992774,-1,SPINUP
0.038,16.0,0.0,-110.86036316081756,-1,SPINUP
0.04,16.0,0.0,-116.07187590148673,-1,SPINUP
0.042,16.0,0.0,-121.22580345518911,-1,SPINUP
0.044,16.0,0.0,-126.322782115823,-1,SPINUP
0.046,16.0,0.0,-131.36344114648688,-1,SPINUP
0.048,16.0,0.0,-136.34840285716695,-1,SPINUP
0.05,16.0,0.0,-141.2782826815663,-1,SPINUP
0.052000000000000005,16.0,0.0,-146.15368925308528,-1,SPINUP
0.054,16.0,0.0,-150.97522447996198,-1,SPINUP
0.056,16.0,0.0,-155.74348361958283,-1,SPINUP
0.058,16.0,0.0,-160.45905535197187,-1,SPINUP
0.06,16.0,0.0,-165.12252185246808,-1,SPINUP
0.062,16.0,0.0,-169.73445886359957,-1,SPINUP
0.064,16.0,0.0,-174.29543576616356,-1,SPINUP
0.066,16.0,0.0,-178.80601564952127,-1,SPINUP
0.068,16.0,0.0,-183.26675538111556,-1,SPINUP
0.07,16.0,0.0,-187.67820567522088,-1,SPINUP
0.07200000000000001,16.0,0.0,-192.04091116093332,-1,SPINUP
0.074,16.0,0.0,-196.35541044940953,-1,SPINUP
0.076,16.0,0.0,-200.6222362003625,0.0,KICK
0.078,16.0,0.0,-199.95460874363,1,KICK
0.08,15.995562760131914,-4.4254991807303306,-191.308711562234,1,KICK
0.082,15.98234435074935,-8.781475026380447,-182.75834817888506,1,KICK
0.084,15.960481993834215,-13.069748083598663,-174.30246298230557,1,KICK
0.08600000000000001,15.930109294904499,-17.29211437885455,-165.94001202531166,1,KICK
0.088,15.891356291404172,-21.4503460665469,-157.66996289592944,1,KICK
0.09,15.844349499811019,-25.546192062949352,-149.49129458993536,1,KICK
0.092,15.789211961490555,-29.581378666260925,-141.40299738480516,1,KICK
0.094,15.726063287323498,-33.557610163039946,-133.4040727150553,1,KICK
0.096,15.655019701133739,-37.47656942130899,-125.4935330489621,1,KICK
0.098,15.576194081943209,-41.339918470625136,-117.67040176664312,1,KICK
0.1,15.48969600507936,-45.14929906941511,-109.93371303948527,1,KICK
0.10200000000000001,15.39563178216049,-48.9063332598778,-102.28251171090572,1,KICK
0.10400000000000001,15.294104499983428,-52.61262391075857,-94.71585317843001,1,KICK
0.106,15.18521405833753,-56.26975524829976,-87.23280327707332,1,KICK
0.108,15.069057206768385,-59.87929337567075,-79.83243816401024,1,KICK
0.11,14.945727580313882,-63.442786781178725,-72.51384420451893,1,KICK
0.112,14.815315734234861,-66.96176683555777,-65.27611785918553,1,KICK
0.114,14.677909177761851,-70.43774827862947,-58.11836557235499,1,KICK
0.116,14.53359240687887,-73.87222969562342,-51.03970366181438,1,KICK
0.11800000000000001,14.3824469361647,-77.26669398343914,-44.03925820969521,1,KICK
0.12,14.22455132971145,-80.62260880712503,-37.11616495458124,1,KICK
0.122,14.059981231139744,-83.9414270468418,-30.26956918480839,1,KICK
0.124,13.888809392729259,-87.22458723557027,-23.498625632943764,1,KICK
0.126,13.711105703682904,-90.47351398781451,-16.80249837143053,1,KICK
0.128,13.526937217542386,-93.6896184195424,-10.180360709385944,1,KICK
0.13,13.33636817877248,-96.87429855959593,-3.6313950905396744,1,KICK
0.132,13.1394600485308,-100.02893975279403,2.8452070077000817,1,KICK
0.134,12.936271529639516,-103.15491505493993,9.250245174065247,1,KICK
0.136,12.726858590774963,-106.25358561993451,15.584510162143527,1,KICK
0.138,12.511274489890772,-109.32630107918645,21.84878398800333,1,KICK
0.14,12.28956979688973,-112.37439991349818,28.043840026739936,1,KICK
0.14200000000000002,12.061792415559246,-115.39920981759542,34.17044310795489,1,KICK
0.14400000000000002,11.82798760478499,-118.40204805745633,40.2293496101804,1,KICK
0.146,11.588197999056952,-121.38422182058369,46.22130755426033,1,KICK
0.148,11.342463628281898,-124.34702855935191,52.14705669569942,1,KICK
0.15,11.090821936915965,-127.29175632754779,58.00732861599208,1,KICK
0.152,10.833307802430886,-130.2196841102108,63.80284681294201,1,KICK
0.154,10.569953553127151,-133.13208214686668,69.53432678998382,1,KICK
0.156,10.300788985307259,-136.0302122482333,75.2024761445177,1,KICK
0.158,10.025841379822005,-138.91532810646646,80.80799465526808,1,KICK
0.16,9.745135518002707,-141.78867559899678,86.35157436867682,0.0,BALANCING
0.162,9.462963966896528,-140.3887546333818,86.06421498582641,-1,BALANCING
0.164,9.188813343913782,-133.77757755753996,78.67676231845564,-1,BALANCING
0.166,8.927791576413957,-127.25952322956653,71.37093812715848,-1,BALANCING
0.168,8.67971466574977,-120.83234910536207,64.14584044905192,-1,BALANCING
0.17,8.444403072603754,-114.49383836428666,57.00057728759163,-1,BALANCING
0.17200000000000001,8.22168166576085,-108.24179968477904,49.934266502447905,-1,BALANCING
0.17400000000000002,8.01137967135805,-102.07406699215547,42.946035700598216,-1,BALANCING
0.176,7.8133306226639725,-95.98849918131314,36.03502212862334,-1,BALANCING
0.178,7.627372310435989,-89.9829798168766,29.200372566193472,-1,BALANCING
0.18,7.453346733897643,-84.0554168131496,22.44124322073129,-1,BALANCING
0.182,7.291100052374513,-78.20374209607122,15.756799623238974,-1,BALANCING
0.184,7.140482537622438,-72.42591124921952,9.146216525276262,-1,BALANCING
0.186,7.001348526878096,-66.7199031457628,2.6086777970769033,-1,BALANCING
0.188,6.873556376658257,-61.08371956812241,-3.8566236732091563,-1,BALANCING
0.19,6.756968417330616,-55.515384816985275,-10.25048607916023,-1,BALANCING
0.192,6.651450908475976,-50.01294531118589,-16.57369879462633,-0.9318170586215393,BALANCING
0.194,6.556549165734605,-44.89870475581711,-22.388184564742918,-0.8174591494602904,BALANCING
0.196,6.47127224628141,-40.38682939947308,-27.402360524748058,-0.7164275920252342,BALANCING
0.198,6.39448658963681,-36.406301998904645,-31.710844537484636,-0.6271517097484351,BALANCING
0.2,6.3251922795879265,-32.89447754398876,-35.397099352275745,-0.5482459916283959,BALANCING
0.202,6.262507288771554,-29.79609632586034,-38.534747678421226,-0.47848826488166657,BALANCING
0.20400000000000001,6.205653580547488,-27.06241332956866,-41.18873223642699,-0.4168004402106271,BALANCING
0.20600000000000002,6.153944849248923,-24.650430244649982,-43.416339058486535,-0.36223152656842317,BALANCING
0.20800000000000002,6.106775705692353,-22.522218001093965,-45.268100156822534,-0.31394264799370963,BALANCING
0.21,6.06361213758724,-20.644319162440183,-46.788589779102224,-0.2711938265828492,BALANCING
0.212,6.023983094562825,-18.987220764432465,-48.01712679445019,-0.23333232345739924,BALANCING
0.214,5.987473065241535,-17.524889296450983,-48.98839427527934,-0.19978235410479936,BALANCING
0.216,5.953715529413592,-16.234360501206524,-49.73298603601485,-0.17003601610408828,BALANCING
0.218,5.922387182151593,-15.095377531258256,-50.27788873929685,-0.14364528633534845,BALANCING
0.22,5.893202838863627,-14.090071762349854,-50.646907165323206,-0.1202149616108106,BALANCING
0.222,5.865910941010326,-13.202681235305757,-50.86103934466886,-0.09939643152150845,BALANCING
0.224,5.840289591673899,-12.419302290842323,-50.93880746510687,-0.08088218539936623,BALANCING
0.226,5.81614305851456,-11.727670484442937,-50.896549766227814,-0.06440096685659799,BALANCING
0.228,5.7932986890132865,-11.116967329640993,-50.74867802104369,-0.04971349956404554,BALANCING
0.23,5.771604189395442,-10.577649824904128,-50.50790466159247,-0.03660871692797832,BALANCING
0.232,5.750925224359723,-10.101300078217418,-50.185443127296246,-0.024900436262459986,BALANCING
0.234,5.731143299791425,-9.680492660070277,-49.79118459293617,-0.014424425056541549,BALANCING
0.23600000000000002,5.712153895097712,-9.30867759484414,-49.33385386094961,-0.005035813112462675,BALANCING
0.23800000000000002,5.69386481573567,-8.980077146972338,-48.82114687446616,0.0,BALANCING
0.24,5.676490096452379,-8.394933471418849,-48.65868064569772,0.01777244570343949,BALANCING
0.242,5.659921032886992,-8.17357940704856,-48.00662923633298,0.023822801543020425,BALANCING
0.244,5.6437691555623966,-7.977695220443419,-47.32283976744116,0.02930601911161777,BALANCING
0.246,5.627986535616122,-7.804276479621837,-46.611313304432535,0.03428855218344729,BALANCING
0.248,5.612530898060805,-7.650672979383262,-45.87557897433973,0.03882902013368182,BALANCING
0.25,5.5973649551833375,-7.514546978432825,-45.11874960647915,0.042979131603441814,BALANCING
0.252,5.582455818535432,-7.393836360256449,-44.34357081315666,0.04678449926685941,BALANCING
0.254,5.567774480249838,-7.286722137253869,-43.55246428382147,0.050285358538867314,BALANCING
0.256,5.553295355508842,-7.191599786073735,-42.74756597489059,0.05351720154876626,BALANCING
0.258,5.53899587895532,-7.107053962463574,-41.930759797034504,0.05651133636946484,BALANCING
0.26,5.524856148686591,-7.031836197199123,-41.10370733076569,0.05929538031453002,BALANCING
0.262,5.510858612221145,-6.964845221631347,-40.26787403858634,0.06189369507627551,BALANCING
0.264,5.496987789489686,-6.905109612825335,-39.424552386746115,0.06432777056168595,BALANCING
0.266,5.483230028485389,-6.851772484816193,-38.57488224096237,0.06661656347458444,BALANCING
0.268,5.4695732897228675,-6.804077984748782,-37.71986885749955,0.06877679597936653,BALANCING
0.27,5.456006956109353,-6.761359381108808,-36.86039875311196,0.07082321915260623,BALANCING
0.272,5.442521665232005,-6.723028556340388,-35.997253703929715,0.07276884537398048,BALANCING
0.274,5.429109161418498,-6.688566738275106,-35.13112309388383,0.07462515331851441,BALANCING
0.276,5.415762165239658,-6.657516324318485,-34.26261480725805,0.07640226878041027,BALANCING
0.278,5.402474258397721,-6.629473669559227,-33.39226483701408,0.07810912417788166,BALANCING
0.28,5.38923978218626,-6.604082725155909,-32.52054576029926,0.07975359925247366,BALANCING
0.28200000000000003,5.376053747921711,-6.581029426754398,-31.64787421469535,0.08134264518001724,BALANCING
0.28400000000000003,5.36291175793502,-6.560036744508133,-30.77461749302053,0.08288239404896715,BALANCING
0.28600000000000003,5.349809935878408,-6.540860316698938,-29.90109936060647,0.08437825543129313,BALANCING
0.28800000000000003,5.3367448652489795,-6.52328459815238,-29.027605186720592,0.0858350015677009,BALANCING
0.29,5.323713535160435,-6.507119462753806,-28.154386470995394,0.08725684250954333,BALANCING
0.292,5.310713292508316,-6.49219720652691,-27.28166483619334,0.08864749240151923,BALANCING
0.294,5.297741799775006,-6.478369904048795,-26.409635550226216,0.0900102279496556,BALANCING
0.296,5.28479699780954,-6.465507076543346,-25.538470632929744,0.09134793999592201,BALANCING
0.298,5.271877072995722,-6.453493634906226,-24.66832159655075,0.09266317901220265,BALANCING
0.3,5.258980428291133,-6.4422280652471615,-23.799321863132118,0.09395819523052863,BALANCING
0.302,5.246105657680689,-6.431620828356857,-22.931588896889302,0.09523497404195468,BALANCING
0.304,5.233251523642138,-6.421592947876873,-22.065226085180846,0.09649526722190419,BALANCING
0.306,5.2204169372684195,-6.4120747649244745,-21.200324397713704,0.0977406204740404,BALANCING
0.308,5.207600940733621,-6.403004839547406,-20.336963850129543,0.09897239772670896,BALANCING
0.31,5.194802691826224,-6.394328981697422,-19.475214795035452,0.10019180256482267,BALANCING
0.312,5.182021450305919,-6.3859993964522825,-18.615139060823488,0.10139989713491913,BALANCING
0.314,5.169256565868974,-6.377973930016369,-17.756790956224705,0.10259761882130382,BALANCING
0.316,5.15650746753251,-6.370215404618091,-16.900218156427687,0.1037857949560679,BALANCING
0.318,5.143773654270409,-6.362691031823174,-16.04546248472509,0.10496515579478598,BALANCING
0.32,5.131054686753263,-6.35537189501858,-15.192560602005562,0.10613634596237134,BALANCING
0.322,5.118350180062221,-6.34823249291183,-14.34154461495603,0.10729993454945609,BALANCING
0.324,5.105659797261885,-6.34125033685202,-13.492442612558499,0.10845642401840025,BALANCING
0.326,5.092983243731003,-6.3344055956269205,-12.645279139335434,0.10960625805927439,BALANCING
0.328,5.0803202621615835,-6.327680782138734,-11.80007561280113,0.1107498285196141,BALANCING
0.33,5.067670628147646,-6.321060477020995,-10.956850691697191,0.11188748151714885,BALANCING
0.332,5.055034146294081,-6.314531084841232,-10.115620600814724,0.11301952283183354,BALANCING
0.334,5.0424106467843,-6.308080619047542,-9.27639941752169,0.11414622266215169,BALANCING
0.336,5.029799982352579,-6.301698512270122,-8.439199324510401,0.11526781982064455,BALANCING
0.338,5.017202025613385,-6.295375448988433,-7.604030832747823,0.11638452543478028,BALANCING
0.34,5.004616666705605,-6.289103217927043,-6.7709029781418275,0.11749652621148497,BALANCING
0.342,4.99204381121453,-6.28287458185415,-5.939823495022257,0.11860398731677896,BALANCING
0.34400000000000003,4.979483378338873,-6.276683162730983,-5.1107989691703954,0.11970705491589902,BALANCING
0.34600000000000003,4.966935299273906,-6.2705233404022165,-4.283834972808085,0.12080585841393382,BALANCING
0.34800000000000003,4.9543995157852505,-6.26439016323089,-3.458936183673461,0.1219005124322836,BALANCING
0.35000000000000003,4.941875978950842,-6.258279269269571,-2.63610649005951,0.12299111855209013,BALANCING
0.352,4.929364648051233,-6.252186816725536,-1.815349083470456,0.12407776685211136,BALANCING
0.354,4.916865489590753,-6.246109422624188,-0.9966665403558256,0.12516053726527537,BALANCING
0.356,4.904378476434093,-6.240044108704132,-0.1800608942099596,0.12623950077529267,BALANCING
0.358,4.891903587044711,-6.233988253691301,0.6344663008271121,0.1273147204721832,BALANCING
0.36,4.879440804813038,-6.227939551200016,1.44691391386544,0.1283862524833521,BALANCING
0.362,4.866990117463931,-6.221895972597584,2.257281187773697,0.12945414679488773,BALANCING
0.364,4.854551516533981,-6.215855734247198,3.0655676955208504,0.13051844797602452,BALANCING
0.366,4.842124996910481,-6.209817268612961,3.8717733016632296,0.13157919581818758,BALANCING
0.368,4.829710556424779,-6.20377919877167,4.675898128370339,0.13263642589869004,BALANCING
0.37,4.817308195493566,-6.197740315929692,5.4779425254543,0.1336901700779668,BALANCING
0.372,4.8049179168025065,-6.191699559590648,6.277907043930894,0.1347404569381807,BALANCING
0.374,4.792539725027168,-6.1856560000613605,7.07579241269581,0.13578731217011328,BALANCING
0.376,4.780173626586882,-6.179608823020371,7.871599517948838,0.13683075891443747,BALANCING
0.378,4.767819629427643,-6.173557315905869,8.665329385042009,0.13787081806275092,BALANCING
0.38,4.755477742830616,-6.167500855908497,9.456983162465887,0.1389075085231143,BALANCING
0.382,4.7431479772432565,-6.161438899379842,10.246562107721957,0.13994084745427848,BALANCING
0.384,4.730830344130342,-6.155370972489669,11.034067574858698,0.14097085047229382,BALANCING
0.386,4.718524855842599,-6.149296662984702,11.819501003475224,0.14199753183275626,BALANCING
0.388,4.706231525500835,-6.143215612919053,12.60286390901945,0.14302090459156405,BALANCING
0.39,4.693950366893746,-6.137127512241749,13.384157874228162,0.14404098074671728,BALANCING
0.392,4.681681394387799,-6.131032093140311,14.16338454157437,0.14505777136339665,BALANCING
0.394,4.669424622847756,-6.1249291250512305,14.940545606603173,0.1460712866842922,BALANCING
0.396,4.657180067566581,-6.118818410258725,15.71564281205139,0.14708153622692083,BALANCING
0.398,4.644947744203643,-6.112699780012417,16.48867794265855,0.14808852886946744,BALANCING
0.4,4.632727668730212,-6.106573091102739,17.259652820587743,0.14909227292650212,BALANCING
0.402,4.620519857381405,-6.100438222840115,18.02856930138439,0.1500927762157674,BALANCING
0.404,4.608324326613818,-6.094295074390302,18.79542927040958,0.15109004611708785,BALANCING
0.406,4.596141093068173,-6.088143562423903,19.560234639691966,0.152084089624332,BALANCING
0.40800000000000003,4.58397017353638,-6.0819836190430125,20.322987345148903,0.15307491339124418,BALANCING
0.41000000000000003,4.571811584932512,-6.075815189952311,21.083689344133262,0.15406252377187024,BALANCING
0.41200000000000003,4.559665344267215,-6.0696382328458,21.842342613267622,0.15504692685621435,BALANCING
0.41400000000000003,4.547531468625155,-6.063452715983742,22.598949146531808,0.15602812850168832,BALANCING
0.41600000000000004,4.535409975145145,-6.057258616937389,23.353510953574038,0.15700613436085062,BALANCING
0.418,4.52330088100263,-6.05105592148171,24.106030058219257,0.15798094990587205,BALANCING
0.42,4.511204203394262,-6.044844622618669,24.856508497151438,0.1589525804501138,BALANCING
0.422,4.4991199595243065,-6.038624719715668,25.604948318749308,0.15992103116715872,BALANCING
0.424,4.4870481665926745,-6.032396217745567,26.35135158205746,0.1608863071075959,BALANCING
0.426,4.474988841784384,-6.0261591266163155,27.09572035587684,0.16184841321382368,BALANCING
0.428,4.462942002260279,-6.019913460579613,27.83805671796057,0.1628073543331039,BALANCING
0.43,4.450907665148871,-6.013659237709309,28.578362754302713,0.16376313522907548,BALANCING
0.432,4.438885847539149,-6.007396479441284,29.316640558508954,0.16471576059190624,BALANCING
0.434,4.426876566474268,-6.001125210167598,30.0528922312396,0.16566523504724606,BALANCING
0.436,4.414879838945993,-5.994845456878488,30.787119879716368,0.1666115631641213,BALANCING
0.438,4.402895681889814,-5.988557248846566,31.519325617285435,0.16755474946189555,BALANCING
0.44,4.390924112180673,-5.982260617348268,32.2495115630301,0.1684947984164073,BALANCING
0.442,4.378965146629188,-5.975955595418144,32.977679841427225,0.1694317144653806,BALANCING
0.444,4.367018801978366,-5.969642217632109,33.70383258204238,0.17036550201319572,BALANCING
0.446,4.355085094900705,-5.963320519916267,34.427971919258916,0.1712961654350941,BALANCING
0.448,4.343164041995664,-5.956990539378266,35.15009999203724,0.1722237090808848,BALANCING
0.45,4.33125565978745,-5.950652314158545,35.870218943700515,0.1731481372782117,BALANCING
0.452,4.319359964723086,-5.944305883299121,36.58833092174378,0.17406945433543192,BALANCING
0.454,4.307476973170716,-5.937951286627844,37.304438077663775,0.17498766454415293,BALANCING
0.456,4.295606701418145,-5.931588564656309,38.01854256680682,0.17590277218146722,BALANCING
0.458,4.283749165671558,-5.925217758489797,38.73064654823294,0.17681478151192134,BALANCING
0.46,4.27190438205441,-5.918838909747849,39.44075218459401,0.17772369678924943,BALANCING
0.462,4.260072366606471,-5.912452060494189,40.148861642024535,0.1786295222579002,BALANCING
0.464,4.248253135282996,-5.906057253174937,40.85497709004334,0.17953226215438076,BALANCING
0.466,4.236446703954022,-5.89965453056408,41.55910070146512,0.18043192070843958,BALANCING
0.468,4.224653088403752,-5.893243935715398,42.26123465232047,0.1813285021441074,BALANCING
0.47000000000000003,4.212872304330041,-5.8868255119200485,42.961381121783575,0.182222010680612,BALANCING
0.47200000000000003,4.201104367343963,-5.8803993026691606,43.65954229210656,0.18311245053318365,BALANCING
0.47400000000000003,4.189349292969436,-5.873965351620833,44.355720348559736,0.18399982591376154,BALANCING
0.47600000000000003,4.177607096642926,-5.867523702571035,45.04991747937708,0.18488414103161555,BALANCING
0.47800000000000004,4.165877793713189,-5.861074399427936,45.74213587570631,0.185765400093891,BALANCING
0.48,4.154161399441076,-5.854617486189266,46.432377731562994,0.18664360730608714,BALANCING
0.482,4.14245792899937,-5.8481530069223435,47.12064524378828,0.1875187668724763,BALANCING
0.484,4.130767397472664,-5.841681005746468,47.8069406120098,0.18839088299647117,BALANCING
0.486,4.119089819857277,-5.835201526817383,48.49126603860528,0.18925995988094585,BALANCING
0.488,4.107425211061189,-5.828714614313583,49.17362372866878,0.19012600172851676,BALANCING
0.49,4.095773585904013,-5.822220312424226,49.85401588997894,0.19098901274178734,BALANCING
0.492,4.084134959116978,-5.815718665338481,50.53244473296927,0.19184899712356188,BALANCING
0.494,4.072509345342949,-5.809209717236135,51.208912470700106,0.192705959077031,BALANCING
0.496,4.06089675913644,-5.802693512279306,51.88342131883206,0.19355990280593274,BALANCING
0.498,4.04929721496367,-5.796170094605137,52.55597349560083,0.19441083251469224,BALANCING
0.5,4.03771072720261,-5.789639508319353,53.226571221793144,0.19525875240854246,BALANCING
0.502,4.026137310143056,-5.783101797490587,53.89521672072379,0.1961036666936274,BALANCING
0.504,4.014576977986709,-5.776557006145363,54.56191221821355,0.19694557957709138,BALANCING
0.506,4.00302974484726,-5.770005178263692,55.22665994256793,0.19778449526715472,BALANCING
0.508,3.991495624750488,-5.763446357775176,55.88946212455663,0.1986204179731779,BALANCING
0.51,3.979974631634368,-5.7568805885555765,56.55032099739368,0.1994533519057159,BALANCING
0.512,3.9684667793491757,-5.750307914423795,57.209238796718104,0.20028330127656319,BALANCING
0.514,3.956972081657611,-5.743728379139209,57.866217760575076,0.20111027029879133,BALANCING
0.516,3.9454905522349115,-5.737142026399325,58.521260129397604,0.20193426318677885,BALANCING
0.518,3.9340222046689846,-5.73054889983771,59.174368145988524,0.20275528415623584,BALANCING
0.52,3.922567052460535,-5.7239490430221736,59.825544055502895,0.20357333742422254,BALANCING
0.522,3.9111251090231978,-5.717342499453161,60.4747901054307,0.2043884272091635,BALANCING
0.524,3.8996963876836728,-5.710729312562346,61.122108545579806,0.20520055773085732,BALANCING
0.526,3.8882809016818674,-5.704109525711385,61.767501628059236,0.2060097332104827,BALANCING
0.528,3.8768786641710347,-5.697483182190826,62.41097160726259,0.20681595787060186,BALANCING
0.53,3.8654896882179175,-5.690850325219146,63.052520739851715,0.20761923593515977,BALANCING
0.532,3.854113986802894,-5.684210997941908,63.69215128474056,0.2084195716294824,BALANCING
0.534,3.842751572820122,-5.677565243431019,64.32986550307916,0.2092169691802715,BALANCING
0.536,3.8314024590776903,-5.670913104684073,64.9656656582378,0.2100114328155983,BALANCING
0.538,3.8200666582977654,-5.664254624623786,65.59955401579124,0.21080296676489507,BALANCING
0.54,3.8087441831167435,-5.6575898460974905,66.23153284350323,0.21159157525894481,BALANCING
0.542,3.797435046085399,-5.650918811876694,66.86160441131089,0.21237726252987082,BALANCING
0.544,3.7861392596690404,-5.6442415646566975,67.48977099130944,0.2131600328111237,BALANCING
0.546,3.7748568362476598,-5.637558147056257,68.11603485773679,0.2139398903374683,BALANCING
0.548,3.7635877881160873,-5.6308686016172915,68.74039828695837,0.21471683934496927,BALANCING
0.55,3.7523321274841464,-5.624172970804627,69.36286355745202,0.2154908840709761,BALANCING
0.552,3.741089866476807,-5.617471297005769,69.98343294979288,0.21626202875410738,BALANCING
0.554,3.729861017134339,-5.610763622530718,70.60210874663838,0.21703027763423421,BALANCING
0.556,3.71864559141247,-5.604049989611791,71.21889323271331,0.21779563495246396,BALANCING
0.558,3.7074436011825407,-5.597330440403485,71.83378869479492,0.21855810495112202,BALANCING
0.56,3.696255058231658,-5.59060501698235,72.44679742169812,0.21931769187373495,BALANCING
0.562,3.685079974262854,-5.583873761346882,73.05792170426064,0.22007439996501188,BALANCING
0.5640000000000001,3.673918360895241,-5.577136715417431,73.6671638353283,0.22082823347082642,BALANCING
0.5660000000000001,3.6627702296641664,-5.5703939210361275,74.27452610974038,0.22157919663819772,BALANCING
0.5680000000000001,3.651635592021373,-5.563645419966812,74.88001082431487,0.2223272937152721,BALANCING
0.5700000000000001,3.640514459335152,-5.556891253894986,75.48362027783394,0.22307252895130358,BALANCING
0.5720000000000001,3.629406842890501,-5.550131464427767,76.08535677102932,0.22381490659663483,BALANCING
0.5740000000000001,3.6183127538892803,-5.543366093093849,76.6852226065678,0.22455443090267807,BALANCING
0.5760000000000001,3.6072322034503737,-5.536595181343478,77.2832200890367,0.22529110612189512,BALANCING
0.578,3.596165202609838,-5.529818770548432,77.87935152492943,0.2260249365077784,BALANCING
0.58,3.5851117623210658,-5.523036902001995,78.47361922263102,0.22675592631483094,BALANCING
0.582,3.5740718934549416,-5.516249616918961,79.06602549240378,0.22748407979854673,BALANCING
0.584,3.563045606799997,-5.509456956435617,79.6565726463729,0.22820940121539113,BALANCING
0.586,3.5520329130625696,-5.502658961609744,80.24526299851215,0.22893189482278103,BALANCING
0.588,3.541033822866958,-5.4958556734206185,80.83209886462951,0.22965156487906488,BALANCING
0.59,3.530048346755581,-5.489047132769021,81.41708256235299,0.2303684156435031,BALANCING
0.592,3.519076495189134,-5.482233380477235,82.00021641111627,0.231082451376248,BALANCING
0.594,3.5081182785467435,-5.4754144572890695,82.58150273214467,0.23179367633832407,BALANCING
0.596,3.4971737071261293,-5.468590403869858,83.16094384844075,0.23250209479160816,BALANCING
0.598,3.4862427911437552,-5.461761260806484,83.73854208477037,0.2332077109988095,BALANCING
0.6,3.4753255407349912,-5.454927068607389,84.31429976764838,0.23391052922344988,BALANCING
0.602,3.4644219659542674,-5.448087867702597,84.88821922532462,0.23461055372984396,BALANCING
0.604,3.4535320767752316,-5.4412436984437305,85.46030278776985,0.2353077887830793,BALANCING
0.606,3.4426558830909064,-5.43439460110403,86.03055278666169,0.23600223864899667,BALANCING
0.608,3.4317933947138455,-5.427540615878377,86.59897155537065,0.23669390759417017,BALANCING
0.61,3.42094462137629,-5.420681782883317,87.16556142894605,0.23738279988588776,BALANCING
0.612,3.410109572730327,-5.4138181421570835,87.73032474410216,0.23806891979213132,BALANCING
0.614,3.3992882583480437,-5.406949733659619,88.29326383920424,0.23875227158155696,BALANCING
0.616,3.3884806877216858,-5.400076597272606,88.85438105425459,0.23943285952347546,BALANCING
0.618,3.377686870263813,-5.3931987727994875,89.41367873087871,0.24011068788783285,BALANCING
0.62,3.366906815307457,-5.386316299965496,89.97115921231156,0.24078576094519047,BALANCING
0.622,3.3561405321062736,-5.3794292184176795,90.5268248433835,0.24145808296670568,BALANCING
0.624,3.3453880298347065,-5.372537567724931,91.0806779705067,0.24212765822411236,BALANCING
0.626,3.334649317588136,-5.365641387378016,91.6327209416613,0.24279449098970138,BALANCING
0.628,3.32392440438304,-5.358740716789598,92.18295610638167,0.24345858553630106,BALANCING
0.63,3.3132132991571477,-5.351835595294272,92.7313858157427,0.24411994613725818,BALANCING
0.632,3.3025160107695983,-5.344926062148588,93.27801242234611,0.2447785770664183,BALANCING
0.634,3.2918325480010946,-5.338012156531088,93.8228382803068,0.24543448259810657,BALANCING
0.636,3.28116291955406,-5.33109391754233,94.36586574523918,0.24608766700710852,BALANCING
0.638,3.270507134052794,-5.32417138420492,94.90709717424365,0.2467381345686508,BALANCING
0.64,3.259865200043629,-5.317244595463545,95.44653492589292,0.24738588955838195,BALANCING
0.642,3.2492371259950854,-5.310313590184998,95.98418136021854,0.24803093625235356,BALANCING
0.644,3.2386229202980283,-5.303378407158215,96.52003883869727,0.2486732789270008,BALANCING
0.646,3.228022591265821,-5.296439085094304,97.05410972423773,0.24931292185912382,BALANCING
0.648,3.2174361471344826,-5.289495662626579,97.58639638116681,0.24994986932586827,BALANCING
0.65,3.206863596062844,-5.282548178310584,98.11690117521621,0.2505841256047068,BALANCING
0.652,3.1963049461327024,-5.275596670624134,98.64562647350913,0.25121569497341983,BALANCING
0.654,3.1857602053489753,-5.2686411779673445,99.17257464454678,0.251844581710077,BALANCING
0.656,3.1752293816398587,-5.261681738662661,99.69774805819506,0.252470790093018,BALANCING
0.658,3.164712482856981,-5.254718390954894,100.2211490856712,0.25309432440083424,BALANCING
0.66,3.1542095167755577,-5.247751173011254,100.74278009953049,0.2537151889123497,BALANCING
0.662,3.1437204910945487,-5.240780122921379,101.26264347365293,0.25433338790660254,BALANCING
0.664,3.13324541343681,-5.233805278697375,101.78074158322997,0.25494892566282623,BALANCING
0.666,3.122784291349253,-5.226826678273841,102.29707680475137,0.25556180646043136,BALANCING
0.668,3.1123371323029954,-5.219844359507909,102.81165151599187,0.2561720345789867,BALANCING
0.67,3.1019039436935185,-5.212858360179277,103.3244680959981,0.25677961429820073,BALANCING
0.672,3.0914847328408226,-5.205868717990242,103.8355289250754,0.25738454989790355,BALANCING
0.674,3.0810795069895787,-5.198875470565732,104.34483638477467,0.2579868456580282,BALANCING
0.676,3.0706882733092873,-5.191878655453342,104.8523928578793,0.2585865058585922,BALANCING
0.678,3.060311038894429,-5.184878310123373,105.35820072839206,0.2591835347796794,BALANCING
0.68,3.049947810764623,-5.177874471968856,105.86226238152213,0.25977793670142185,BALANCING
0.682,3.0395985958647773,-5.170867178305598,106.36458020367196,0.2603697159039813,BALANCING
0.684,3.029263401065248,-5.163856466372212,106.86515658242442,0.26095887666753104,BALANCING
0.686,3.018942233161989,-5.156842373330151,107.36399390652967,0.26154542327223806,BALANCING
0.6880000000000001,3.008635098876709,-5.149824936263745,107.86109456589236,0.2621293599982446,BALANCING
0.6900000000000001,2.998342004857027,-5.14280419218024,108.35646095155865,0.2627106911256505,BALANCING
0.6920000000000001,2.988062957676622,-5.135780178009824,108.85009545570333,0.2632894209344946,BALANCING
0.6940000000000001,2.977797963835391,-5.128752930605673,109.34200047161693,0.2638655537047375,BALANCING
0.6960000000000001,2.967547029759601,-5.121722486743983,109.83217839369298,0.2644390937162434,BALANCING
0.6980000000000001,2.9573101618020456,-5.114688883124005,110.3206316174151,0.2650100452487617,BALANCING
0.7000000000000001,2.947087366242194,-5.107652156368083,110.80736253934425,0.2655784125819101,BALANCING
0.7020000000000001,2.93687864928635,-5.100612343021689,111.29237355710599,0.26614419999515615,BALANCING
0.704,2.926684017067802,-5.093569479553465,111.77566706937777,0.26670741176779983,BALANCING
0.706,2.9165034756469788,-5.086523602355249,112.25724547587615,0.2672680521789557,BALANCING
0.708,2.906337031011603,-5.079474747742124,112.73711117734423,0.26782612550753554,BALANCING
0.71,2.8961846890768417,-5.072422951952448,113.21526657553892,0.26838163603223036,BALANCING
0.712,2.886046455685465,-5.065368251147895,113.69171407321835,0.2689345880314932,BALANCING
0.714,2.8759223366079945,-5.058310681413487,114.16645607412927,0.2694849857835216,BALANCING
0.716,2.8658123375428595,-5.0512502787576405,114.63949498299449,0.27003283356623964,BALANCING
0.718,2.8557164641165493,-5.044187079112194,115.11083320550031,0.2705781356572815,BALANCING
0.72,2.8456347218837656,-5.037121118332455,115.58047314828406,0.2711208963339733,BALANCING
0.722,2.835567116327577,-5.030052432197235,116.04841721892154,0.27166111987331576,BALANCING
0.724,2.825513652859571,-5.0229810564088835,116.51466782591459,0.2721988105519676,BALANCING
0.726,2.8154743368200057,-5.015907026593334,116.97922737867867,0.2727339726462276,BALANCING
0.728,2.8054491734779674,-5.008830378300138,117.44209828753043,0.27326661043201794,BALANCING
0.73,2.7954381680315166,-5.001751147002506,117.90328296367535,0.27379672818486667,BALANCING
0.732,2.785441325607845,-4.994669368097343,118.36278381919533,0.27432433017989083,BALANCING
0.734,2.775458651263428,-4.987585076905292,118.82060326703642,0.2748494206917794,BALANCING
0.736,2.7654901499841755,-4.980498308670772,119.27674372099648,0.2753720039947762,BALANCING
0.738,2.7555358266855854,-4.973409098562015,119.73120759571295,0.27589208436266294,BALANCING
0.74,2.745595686212895,-4.96631748167111,120.18399730665047,0.2764096660687423,BALANCING
0.742,2.735669733341235,-4.959223493014037,120.63511527008885,0.2769247533858214,BALANCING
0.744,2.7257579727757797,-4.952127167530716,121.08456390311072,0.27743735058619434,BALANCING
0.746,2.715860409151901,-4.945028540085037,121.53234562358942,0.2779474619416259,BALANCING
0.748,2.7059770470353177,-4.9379276454649075,121.97846285017683,0.27845509172333466,BALANCING
0.75,2.6961078909222516,-4.930824518382288,122.4229180022913,0.2789602442019763,BALANCING
0.752,2.6862529452395743,-4.9237191934732385,122.8657135001055,0.27946292364762687,BALANCING
0.754,2.676412214344964,-4.916611705297955,123.30685176453437,0.27996313432976655,BALANCING
0.756,2.6665857025270534,-4.909502088340809,123.7463352172231,0.2804608805172625,BALANCING
0.758,2.6567734140055834,-4.902390377010395,124.18416628053515,0.28095616647835286,BALANCING
0.76,2.6469753529315527,-4.895276605639565,124.62034737754017,0.2814489964806301,BALANCING
0.762,2.6371915233873726,-4.888160808485476,125.05488093200208,0.2819393747910245,BALANCING
0.764,2.627421929387015,-4.881043019729625,125.48776936836721,0.2824273056757879,BALANCING
0.766,2.6176665748761647,-4.873923273477899,125.91901511175229,0.2829127934004773,BALANCING
0.768,2.6079254637323714,-4.866801603760608,126.3486205879326,0.2833958422299387,BALANCING
0.77,2.5981985997652,-4.859678044532536,126.77658822333015,0.2838764564282906,BALANCING
0.772,2.588485986716383,-4.852552629672975,127.20292044500187,0.28435464025890805,BALANCING
0.774,2.578787628259969,-4.845425392985773,127.62761968062767,0.28483039798440635,BALANCING
0.776,2.569103528002475,-4.838296368199377,128.05068835849886,0.28530373386662494,BALANCING
0.778,2.5594336894830385,-4.831165588966872,128.47212890750626,0.2857746521666114,BALANCING
0.78,2.549778116173565,-4.8240330888660266,128.89194375712856,0.2862431571446054,BALANCING
0.782,2.5401368114788814,-4.816898901399335,129.31013533742052,0.2867092530600227,BALANCING
0.784,2.5305097787368855,-4.80976305999406,129.72670607900145,0.2871729441714392,BALANCING
0.786,2.520897021218696,-4.802625598002279,130.14165841304344,0.287634234736575,BALANCING
0.788,2.5112985421288037,-4.795486548700926,130.55499477125983,0.28809312901227896,BALANCING
0.79,2.501714344605221,-4.788345945291834,130.96671758589352,0.28854963125451194,BALANCING
0.792,2.492144431719633,-4.781203820901782,131.37682928970548,0.28900374571833226,BALANCING
0.794,2.4825888064775463,-4.774060208582536,131.7853323159633,0.2894554766578789,BALANCING
0.796,2.47304747181844,-4.766915141310894,132.1922290984294,0.28990482832635667,BALANCING
0.798,2.4635204306159153,-4.759768651988733,132.5975220713499,0.29035180497602,BALANCING
0.8,2.454007685677845,-4.752620773443051,133.0012136694429,0.2907964108581576,BALANCING
0.802,2.444509239746524,-4.745471538426015,133.40330632788712,0.2912386502230769,BALANCING
0.804,2.435025095498818,-4.738320979614999,133.80380248231052,0.29167852732008864,BALANCING
0.806,2.4255552555463145,-4.7311691296126375,134.20270456877896,0.2921160463974911,BALANCING
0.808,2.416099722435469,-4.724016020946865,134.6000150237847,0.2925512117025551,BALANCING
0.81,2.4066584986477597,-4.716861686070965,134.99573628423525,0.29298402748150826,BALANCING
0.812,2.397231586599831,-4.709706157363614,135.38987078744194,0.29341449797951996,BALANCING
0.8140000000000001,2.3878189886436467,-4.702549467128926,135.78242097110873,0.29384262744068596,BALANCING
0.8160000000000001,2.3784207070666374,-4.695391647596502,136.17338927332088,0.29426842010801313,BALANCING
0.8180000000000001,2.3690367440918503,-4.68823273092147,136.5627781325338,0.2946918802234042,BALANCING
0.8200000000000001,2.359667101878097,-4.6810727491845405,136.95058998756178,0.2951130120276429,BALANCING
0.8220000000000001,2.3503117825201034,-4.6739117343920435,137.33682727756695,0.29553181976037834,BALANCING
0.8240000000000001,2.340970788048658,-4.666749718475982,137.721492442048,0.2959483076601106,BALANCING
0.8260000000000001,2.3316441204307594,-4.659586733294075,138.1045879208291,0.296362479964175,BALANCING
0.8280000000000001,2.322331781569768,-4.6524228106298064,138.48611615404883,0.29677434090872773,BALANCING
0.8300000000000001,2.3130337733055506,-4.645257982192469,138.86607958214915,0.29718389472873075,BALANCING
0.8320000000000001,2.303750097414632,-4.638092279617214,139.24448064586426,0.2975911456579365,BALANCING
0.834,2.2944807556103406,-4.630925734465102,139.62132178620968,0.2979960979288737,BALANCING
0.836,2.285225749542957,-4.623758378223143,139.99660544447124,0.29839875577283215,BALANCING
0.838,2.2759850807998654,-4.61659024230435,140.37033406219413,0.2987991234198478,BALANCING
0.84,2.2667587509056966,-4.609421358047785,140.74251008117184,0.2991972050986887,BALANCING
0.842,2.2575467613224793,-4.602251756718608,141.11313594343545,0.29959300503683967,BALANCING
0.844,2.2483491134497866,-4.595081469508122,141.48221409124264,0.2999865274604877,BALANCING
0.846,2.2391658086248833,-4.587910527533824,141.84974696706686,0.300377776594508,BALANCING
0.848,2.2299968481228745,-4.5807389618394545,142.21573701358642,0.3007667566624487,BALANCING
0.85,2.2208422331568527,-4.573566803395047,142.58018667367386,0.30115347188651687,BALANCING
0.852,2.2117019648780447,-4.56639408309697,142.94309839038496,0.3015379264875636,BALANCING
0.854,2.20257604437596,-4.559220831767985,143.3044746069482,0.3019201246850703,BALANCING
0.856,2.1934644726785355,-4.5520470801572905,143.66431776675384,0.3023000706971333,BALANCING
0.858,2.184367250752287,-4.54487285894057,144.0226303133433,0.3026777687404506,BALANCING
0.86,2.1752843795024517,-4.537698198720049,144.37941469039862,0.3030532230303067,BALANCING
0.862,2.166215859773137,-4.530523130024536,144.73467334173154,0.30342643778055894,BALANCING
0.864,2.1571616923474672,-4.523347683309477,145.08840871127313,0.3037974172036232,BALANCING
0.866,2.148121877947731,-4.516171888957007,145.44062324306302,0.3041661655104591,BALANCING
0.868,2.139096417235527,-4.5089957772759925,145.79131938123894,0.304532686910557,BALANCING
0.87,2.1300853108119093,-4.501819378502094,146.1404995700261,0.304896985611923,BALANCING
0.872,2.121088559217536,-4.494642722797804,146.48816625372675,0.3052590658210654,BALANCING
0.874,2.1121061629328155,-4.487465840252505,146.8343218767096,0.3056189317429803,BALANCING
0.876,2.10313812237805,-4.480288760882522,147.17896888339942,0.30597658758113827,BALANCING
0.878,2.094184437913584,-4.473111514631165,147.5221097182666,0.3063320375374698,BALANCING
0.88,2.0852451098399496,-4.465934131368788,147.86374682581663,0.30668528581235177,BALANCING
0.882,2.0763201383980125,-4.458756640892838,148.20388265057989,0.30703633660459356,BALANCING
0.884,2.067409523769117,-4.4515790729279034,148.54251963710115,0.3073851941114233,BALANCING
0.886,2.058513266075233,-4.444401457125771,148.87966022992924,0.30773186252847423,BALANCING
0.888,2.049631365379101,-4.437223823065476,149.21530687360683,0.3080763460497707,BALANCING
0.89,2.040763821684376,-4.430046200253348,149.54946201266003,0.30841864886771475,BALANCING
0.892,2.0319106349357763,-4.422868618123072,149.88212809158824,0.3087587751730726,BALANCING
0.894,2.0230718050192253,-4.415691106035738,150.21330755485383,0.3090967291549606,BALANCING
0.896,2.014247331761999,-4.408513693279888,150.54300284687196,0.3094325150008325,BALANCING
0.898,2.005437214932869,-4.401336409071575,150.87121641200042,0.30976613689646526,BALANCING
0.9,1.9966414542422501,-4.394159282554415,151.19795069452942,0.31009759902594575,BALANCING
0.902,1.9878600493423422,-4.386982342799635,151.52320813867152,0.31042690557165764,BALANCING
0.904,1.979092999827277,-4.379805618806131,151.8469911885515,0.31075406071426764,BALANCING
0.906,1.9703403052332624,-4.37262913950052,152.16930228819623,0.3110790686327127,BALANCING
0.908,1.9616019650387266,-4.365452933737193,152.49014388152477,0.31140193350418616,BALANCING
0.91,1.9528779786644623,-4.3582770302983675,152.80951841233812,0.3117226595041249,BALANCING
0.912,1.944168345473771,-4.351101457894143,153.12742832430942,0.31204125080619616,BALANCING
0.914,1.9354730647726082,-4.343926245162552,153.4438760609738,0.312357711582284,BALANCING
0.916,1.9267921358097262,-4.336751420669621,153.75886406571854,0.31267204600247644,BALANCING
0.918,1.9181255577768197,-4.329577012909414,154.07239478177314,0.3129842582350526,BALANCING
0.92,1.9094733298086672,-4.322403050304095,154.3844706521994,0.3132943524464696,BALANCING
0.922,1.9008354509832768,-4.315229561203979,154.69509411988153,0.313602332801349,BALANCING
0.924,1.8922119203220298,-4.308056573887588,155.00426762751633,0.3139082034624648,BALANCING
0.926,1.8836027367898225,-4.300884116561705,155.31199361760324,0.3142119685907297,BALANCING
0.928,1.875007899295212,-4.293712217361432,155.61827453243484,0.3145136323451826,BALANCING
0.93,1.8664274066905575,-4.286540904350237,155.9231128140867,0.314813198882976,BALANCING
0.932,1.857861257772165,-4.279370205520017,156.22651090440795,0.31511067235936274,BALANCING
0.934,1.849309451280429,-4.2722001487911525,156.52847124501136,0.31540605692768375,BALANCING
0.936,1.8407719858999765,-4.265030762012557,156.82899627726368,0.31569935673935473,BALANCING
0.9380000000000001,1.8322488602598102,-4.257862072961743,157.12808844227612,0.31599057594385427,BALANCING
0.9400000000000001,1.8237400729334505,-4.250694109344867,157.42575018089445,0.3162797186887107,BALANCING
0.9420000000000001,1.8152456224390778,-4.243526898796792,157.72198393368964,0.3165667891194896,BALANCING
0.9440000000000001,1.806765507239676,-4.236360468881143,158.01679214094798,0.31685179137978137,BALANCING
0.9460000000000001,1.7982997257431743,-4.229194847090361,158.3101772426618,0.31713472961118855,BALANCING
0.9480000000000001,1.78984827630259,-4.222030060845762,158.60214167851976,0.31741560795331375,BALANCING
0.9500000000000001,1.7814111572161704,-4.214866137497592,158.89268788789735,0.31769443054374685,BALANCING
0.9520000000000001,1.7729883667275346,-4.207703104325081,159.18181830984742,0.31797120151805286,BALANCING
0.9540000000000001,1.7645799030258162,-4.20054098853651,159.46953538309066,0.31824592500975935,BALANCING
0.9560000000000001,1.7561857642458047,-4.193379817269255,159.75584154600628,0.31851860515034447,BALANCING
0.9580000000000001,1.7478059484680872,-4.186219617589853,160.04073923662244,0.3187892460692245,BALANCING
0.96,1.7394404537191905,-4.179060416494057,160.32423089260698,0.3190578518937417,BALANCING
0.962,1.731089277971722,-4.17190224090689,160.60631895125795,0.31932442674915207,BALANCING
0.964,1.7227524191445112,-4.1647451176827115,160.8870058494944,0.3195889747586135,BALANCING
0.966,1.7144298751027518,-4.157589073605264,161.1662940238469,0.3198515000431733,BALANCING
0.968,1.7061216436581417,-4.150434135387741,161.4441859104483,0.32011200672175616,BALANCING
0.97,1.6978277225690246,-4.143280329672837,161.7206839450247,0.32037049891115277,BALANCING
0.972,1.6895481095405316,-4.136127683032814,161.9957905628857,0.3206269807260069,BALANCING
0.974,1.6812828022247208,-4.128976221969551,162.26950819891576,0.32088145627880443,BALANCING
0.976,1.6730317982207186,-4.1218259729146105,162.54183928756453,0.32113392967986054,BALANCING
0.978,1.6647950950748605,-4.11467696222929,162.81278626283805,0.3213844050373088,BALANCING
0.98,1.6565726902808313,-4.107529216204688,163.0823515582893,0.3216328864570885,BALANCING
0.982,1.6483645812798056,-4.100382761061759,163.35053760700933,0.3218793780429335,BALANCING
0.984,1.640170765460588,-4.093237622951371,163.617346841618,0.3221238838963602,BALANCING
0.986,1.6319912401597525,-4.086093827954369,163.88278169425504,0.32236640811665607,BALANCING
0.988,1.6238260026617843,-4.078951402081631,164.14684459657096,0.32260695480086776,BALANCING
0.99,1.6156750501992174,-4.0718103712741325,164.40953797971792,0.32284552804378946,BALANCING
0.992,1.6075383799527763,-4.064670761402997,164.670864274341,0.3230821319379519,BALANCING
0.994,1.5994159890515145,-4.057532598269566,164.9308259105689,0.32331677057360997,BALANCING
0.996,1.5913078745729548,-4.050395907605453,165.18942531800533,0.3235494480387319,BALANCING
0.998,1.5832140335432274,-4.043260715072606,165.44666492571986,0.32378016841898777,BALANCING
1.0,1.5751344629372113,-4.036127046263367,165.70254716223906,0.3240089357977373,BALANCING
1.002,1.5670691596786708,-4.028994926700532,165.9570744555378,0.3242357542560197,BALANCING
1.004,1.5590181206403972,-4.021864381837413,166.21024923303017,0.3244606278725416,BALANCING
1.006,1.550981342644346,-4.014735437057896,166.46207392156086,0.3246835607236658,BALANCING
1.008,1.5429588224617756,-4.007608117676506,166.7125509473962,0.32490455688340003,BALANCING
1.01,1.5349505568133874,-4.000482448938467,166.9616827362156,0.32512362042338616,BALANCING
1.012,1.5269565423694633,-3.9933584560197564,167.20947171310263,0.3253407554128884,BALANCING
1.014,1.518976775750004,-3.9862361640271784,167.45592030253624,0.3255559659187826,BALANCING
1.016,1.5110112535248676,-3.9791155979984145,167.70103092838235,0.32576925600554507,BALANCING
1.018,1.5030599722139084,-3.971996782902092,167.94480601388491,0.3259806297352413,BALANCING
1.02,1.4951229282871141,-3.9648797436378427,168.18724798165744,0.32619009116751524,BALANCING
1.022,1.4872001181647438,-3.9577645050363643,168.42835925367422,0.32639764435957835,BALANCING
1.024,1.4792915382174658,-3.950651091859485,168.66814225126186,0.32660329336619837,BALANCING
1.026,1.4713971847664966,-3.9435395288002235,168.90659939509072,0.32680704223968854,BALANCING
1.028,1.4635170540837361,-3.9364298404828517,169.14373310516626,0.327008895029897,BALANCING
1.03,1.4556511423919072,-3.929322051462957,169.37954580082052,0.32720885578419545,BALANCING
1.032,1.4477994458646917,-3.922216186227507,169.61403990070377,0.32740692854746906,BALANCING
1.034,1.4399619606268683,-3.915112269194909,169.84721782277595,0.3276031173621048,BALANCING
1.036,1.4321386827544493,-3.9080103247150744,170.07908198429814,0.3277974262679819,BALANCING
1.038,1.4243296082748178,-3.900910377069482,170.30963480182422,0.3279898593024601,BALANCING
1.04,1.416534733166864,-3.893812450471241,170.53887869119256,0.3281804205003697,BALANCING
1.042,1.4087540533611225,-3.886716569065154,170.7668160675174,0.32836911389400064,BALANCING
1.044,1.4009875647399084,-3.8796227569277795,170.9934493451808,0.3285559435130922,BALANCING
1.046,1.3932352631374538,-3.872531038067497,171.21878093782405,0.3287409133848222,BALANCING
1.048,1.385497144340045,-3.86544143642457,171.4428132583395,0.3289240275337968,BALANCING
1.05,1.3777732040861568,-3.85835397587121,171.6655487188623,0.32910528998204,BALANCING
1.052,1.3700634380665901,-3.85126868021164,171.8869897307621,0.329284704748983,BALANCING
1.054,1.3623678419246077,-3.8441855731821595,172.1071387046348,0.3294622758514542,BALANCING
1.056,1.3546864112560693,-3.8371046784512073,172.32599805029434,0.32963800730366877,BALANCING
1.058,1.3470191416095676,-3.830026019619427,172.5435701767647,0.329811903117218,BALANCING
1.06,1.3393660284865643,-3.822949620219731,172.75985749227144,0.3299839673010597,BALANCING
1.062,1.3317270673415245,-3.8158755037173657,172.9748624042338,0.33015420386150757,BALANCING
1.064,1.3241022535820528,-3.8088036935099745,173.18858731925653,0.3303226168022211,BALANCING
1.066,1.3164915825690284,-3.801734212927666,173.40103464312176,0.33048921012419546,BALANCING
1.068,1.3088950496167395,-3.7946670852330744,173.612206780781,0.33065398782575145,BALANCING
1.07,1.3013126499930188,-3.78760233362143,173.8221061363471,0.33081695390252536,BALANCING
1.072,1.2937443789193779,-3.7805399812206204,174.0307351130861,0.3309781123474591,BALANCING
1.074,1.2861902315711422,-3.7734800510912567,174.23809611340954,0.33113746715079,BALANCING
1.076,1.2786502030775853,-3.7664225662267405,174.44419153886622,0.3312950223000412,BALANCING
1.078,1.2711242885220628,-3.759367549553328,174.64902379013435,0.3314507817800113,BALANCING
1.08,1.263612482942148,-3.7523150239301963,174.85259526701364,0.3316047495727649,BALANCING
1.082,1.2561147813297644,-3.74526501214951,175.05490836841747,0.33175692965762255,BALANCING
1.084,1.2486311786313202,-3.7382175369364874,175.25596549236494,0.3319073260111511,BALANCING
1.086,1.2411616697478427,-3.731172620949464,175.455769035973,0.3320559426071536,BALANCING
1.088,1.2337062495351114,-3.7241302867799617,175.6543213954488,0.3322027834166604,BALANCING
1.09,1.2262649128037917,-3.7170905569527557,175.8516249660816,0.3323478524079183,BALANCING
1.092,1.218837654319568,-3.7100534539259384,176.04768214223537,0.33249115354638187,BALANCING
1.094,1.2114244688032783,-3.703019000090988,176.24249531734068,0.33263269079470337,BALANCING
1.096,1.2040253509310455,-3.6959872177728332,176.43606688388724,0.3327724681127235,BALANCING
1.098,1.196640295334412,-3.688958129229924,176.62839923341608,0.33291048945746143,BALANCING
1.1,1.1892692966004712,-3.6819317566542953,176.8194947565119,0.3330467587831059,BALANCING
1.102,1.181912349272002,-3.674908122171635,177.00935584279537,0.33318128004100506,BALANCING
1.104,1.1745694478476,-3.6678872478413527,177.19798488091564,0.3333140571796577,BALANCING
1.106,1.1672405867818108,-3.6608691556566444,177.38538425854253,0.33344509414470347,BALANCING
1.108,1.1599257604852613,-3.653853867544563,177.5715563623591,0.33357439487891355,BALANCING
1.11,1.1526249633247934,-3.6468414053660854,177.75650357805404,0.33370196332218166,BALANCING
1.112,1.1453381896235948,-3.639831790916178,177.94022829031414,0.3338278034115143,BALANCING
1.114,1.1380654336613323,-3.632825045923866,178.1227328828168,0.3339519190810221,BALANCING
1.116,1.130806689674282,-3.625821192052304,178.30401973822248,0.3340743142619101,BALANCING
1.118,1.1235619518554625,-3.6188202508988407,178.4840912381673,0.33419499288246873,BALANCING
1.12,1.1163312143547652,-3.611822243995088,178.66294976325563,0.33431395886806486,BALANCING
1.122,1.109114471279087,-3.6048271928069915,178.84059769305253,0.3344312161411327,BALANCING
1.124,1.10191171669246,-3.5978351187348947,179.01703740607653,0.3345467686211644,BALANCING
1.1260000000000001,1.0947229446161841,-3.590846043113613,179.19227127979212,0.33466062022470144,BALANCING
1.1280000000000001,1.0875481490289571,-3.5838599872124983,179.36630169060248,0.33477277486532553,BALANCING
1.1300000000000001,1.0803873238670065,-3.576876972235511,179.53913101384214,0.3348832364536493,BALANCING
1.1320000000000001,1.0732404630242185,-3.569897019321287,179.71076162376968,0.3349920088973082,BALANCING
1.1340000000000001,1.0661075603522707,-3.562920149543206,179.88119589356046,0.3350990961009508,BALANCING
1.1360000000000001,1.0589886096607606,-3.555946383909464,180.05043619529928,0.33520450196623025,BALANCING
1.1380000000000001,1.0518836047173377,-3.5489757433631404,180.21848489997333,0.33530823039179575,BALANCING
1.1400000000000001,1.044792539247832,-3.5420082487822677,180.3853443774648,0.3354102852732835,BALANCING
1.1420000000000001,1.0377154069363859,-3.5350439209799016,180.55101699654384,0.3355106705033078,BALANCING
1.1440000000000001,1.030652201425582,-3.5280827807041897,180.7155051248613,0.335609389971453,BALANCING
1.1460000000000001,1.0236029163165739,-3.521124848638444,180.8788111289416,0.33570644756426404,BALANCING
1.1480000000000001,1.0165675451692162,-3.5141701454012066,181.0409373741757,0.3358018471652384,BALANCING
1.1500000000000001,1.009546081502194,-3.5072186915463246,181.20188622481393,0.33589559265481744,BALANCING
1.1520000000000001,1.0025385187931504,-3.500270507563016,181.3616600439589,0.3359876879103775,BALANCING
1.154,0.9955448504788185,-3.4933256138759434,181.52026119355855,0.3360781368062218,BALANCING
1.156,0.9885650699551484,-3.486384030845282,181.67769203439906,0.33616694321357155,BALANCING
1.158,0.9815991705774367,-3.4794457787667916,181.83395492609785,0.33625411100055824,BALANCING
1.16,0.9746471456604554,-3.4725108778718865,181.9890522270967,0.3363396440322143,BALANCING
1.162,0.9677089884785803,-3.465579348327706,182.14298629465458,0.3364235461704652,BALANCING
1.164,0.9607846922659198,-3.458651210237187,182.295759484841,0.3365058212741213,BALANCING
1.166,0.9538742502164431,-3.4517264836391326,182.44737415252888,0.3365864731988694,BALANCING
1.168,0.9469776554841083,-3.444805188508285,182.59783265138776,0.3366655057972639,BALANCING
1.17,0.9400949011829901,-3.4378873447553957,182.74713733387696,0.33674292291871954,BALANCING
1.172,0.9332259803874087,-3.4309729722272975,182.89529055123865,0.33681872840950267,BALANCING
1.174,0.926370886132057,-3.424062090706976,183.04229465349113,0.33689292611272287,BALANCING
1.176,0.9195296114121279,-3.417154719913639,183.188151989422,0.33696551986832546,BALANCING
1.178,0.9127021491834421,-3.410250879502792,183.3328649065814,0.3370365135130828,BALANCING
1.18,0.905888492362576,-3.403350589066307,183.47643575127518,0.33710591088058667,BALANCING
1.182,0.8990886338269877,-3.3964538681324945,183.6188668685583,0.33717371580123984,BALANCING
1.184,0.8923025664151452,-3.3895607361661764,183.76016060222818,0.3372399321022487,BALANCING
1.186,0.8855302829266524,-3.3826712125687597,183.90031929481768,0.3373045636076144,BALANCING
1.188,0.8787717761223768,-3.375785316678304,184.03934528758887,0.3373676141381259,BALANCING
1.19,0.8720270387245753,-3.3689030677695984,184.17724092052612,0.3374290875113513,BALANCING
1.192,0.865296063417021,-3.3620244850542313,184.31400853232955,0.3374889875416305,BALANCING
1.194,0.8585788428451299,-3.3551495876806645,184.44965046040858,0.33754731804006727,BALANCING
1.196,0.8518753696160862,-3.348278394734305,184.58416904087517,0.33760408281452126,BALANCING
1.198,0.8451856362989693,-3.3414109252375757,184.71756660853728,0.3376592856696005,BALANCING
1.2,0.838509635424879,-3.3345471981499926,184.84984549689256,0.3377129304066534,BALANCING
1.202,0.8318473594870616,-3.327687232368234,184.9810080381216,0.3377650208237617,BALANCING
1.204,0.8251988009410354,-3.320831046726216,185.1110565630816,0.33781556071573193,BALANCING
1.206,0.8185639522047163,-3.313978659995163,185.23999340129996,0.3378645538740884,BALANCING
1.208,0.811942805658543,-3.3071300908836827,185.36782088096763,0.33791200408706573,BALANCING
1.21,0.805335353645602,-3.30028535803784,185.49454132893294,0.3379579151396007,BALANCING
1.212,0.7987415884717529,-3.293444480041229,185.62015707069506,0.33800229081332545,BALANCING
1.214,0.792161502405753,-3.2866074754150465,185.74467043039766,0.3380451348865594,BALANCING
1.216,0.7855950876793825,-3.279774362618167,185.86808373082272,0.33808645113430225,BALANCING
1.218,0.7790423364875684,-3.2729451600472146,185.9903992933839,0.3381262433282263,BALANCING
1.22,0.7725032409885095,-3.2661198860366385,186.11161943812058,0.3381645152366693,BALANCING
1.222,0.7659777933038006,-3.259298558858786,186.23174648369132,0.3382012706246269,BALANCING
1.224,0.7594659855185563,-3.252481196723977,186.35078274736782,0.33823651325374543,BALANCING
1.226,0.752967809681535,-3.2456678177805767,186.46873054502845,0.3382702468823148,BALANCING
1.228,0.7464832578052636,-3.238858440115072,186.58559219115222,0.33830247526526086,BALANCING
1.23,0.7400123218661598,-3.2320530817521447,186.7013699988126,0.33833320215413853,BALANCING
1.232,0.7335549938046569,-3.2252517606547455,186.81606627967125,0.3383624312971248,BALANCING
1.234,0.7271112655253263,-3.2184544947241687,186.92968334397185,0.33839016643901093,BALANCING
1.236,0.7206811288970013,-3.211661301800128,187.04222350053416,0.33841641132119593,BALANCING
1.238,0.7142645757529,-3.2048721996608287,187.15368905674777,0.33844116968167937,BALANCING
1.24,0.7078615978907483,-3.198087206023045,187.26408231856607,0.3384644452550542,BALANCING
1.242,0.7014721870729024,-3.1913063385421934,187.37340559050014,0.3384862417725,BALANCING
1.244,0.6950963350264718,-3.1845296148124094,187.4816611756128,0.3385065629617755,BALANCING
1.246,0.6887340334434418,-3.1777570523666188,187.58885137551255,0.33852541254721225,BALANCING
1.248,0.6823852739807955,-3.1709886686766176,187.69497849034758,0.3385427942497074,BALANCING
1.25,0.6760500482606365,-3.1642244811531435,187.80004481879976,0.3385587117867168,BALANCING
1.252,0.6697283478703104,-3.157464507145953,187.90405265807883,0.3385731688722483,BALANCING
1.254,0.6634201643625272,-3.150708763943897,188.00700430391626,0.33858616921685486,BALANCING
1.256,0.6571254892554826,-3.143957268774995,188.1089020505596,0.3385977165276278,BALANCING
1.258,0.6508443140329798,-3.137210038806513,188.2097481907664,0.33860781450819,BALANCING
1.26,0.644576630144551,-3.1304670911450363,188.30954501579836,0.33861646685868935,BALANCING
1.262,0.6383224290055787,-3.1237284428365464,188.40829481541567,0.33862367727579185,BALANCING
1.264,0.6320817019974165,-3.1169941108664982,188.505999877871,0.3386294494526752,BALANCING
1.266,0.6258544404675108,-3.110264112159895,188.60266248990374,0.33863378707902203,BALANCING
1.268,0.6196406357295206,-3.103538463581363,188.69828493673427,0.33863669384101325,BALANCING
1.27,0.6134402790634389,-3.0968171819352306,188.7928695020582,0.3386381734213219,BALANCING
1.272,0.6072533617157134,-3.0901002839656013,188.88641846804072,0.33863822949910616,BALANCING
1.274,0.6010798748993664,-3.083387786356433,188.9789341153106,0.33863686575000296,BALANCING
1.276,0.5949198097941151,-3.076679705731612,189.07041872295488,0.33863408584612187,BALANCING
1.278,0.5887731575464915,-3.069976058655031,189.16087456851295,0.33862989345603833,BALANCING
1.28,0.5826399092699632,-3.0632768616306647,189.250303927971,0.33862429224478746,BALANCING
1.282,0.5765200560450521,-3.056582131102647,189.33870907575636,0.3386172858738576,BALANCING
1.284,0.5704135889194544,-3.049891883455348,189.42609228473188,0.33860887800118383,BALANCING
1.286,0.5643204989081602,-3.0432061350134494,189.51245582619038,0.33859907228114217,BALANCING
1.288,0.5582407769935727,-3.036524902042023,189.59780196984914,0.33858787236454285,BALANCING
1.29,0.5521744141256274,-3.029848200746606,189.6821329838443,0.33857528189862435,BALANCING
1.292,0.546121401221911,-3.0231760472732807,189.76545113472523,0.3385613045270471,BALANCING
1.294,0.5400817291677803,-3.016508457708749,189.84775868744927,0.3385459438898871,BALANCING
1.296,0.5340553888164807,-3.009845448080411,189.92905790537606,0.3385292036236305,BALANCING
1.298,0.5280423709892652,-3.003187034356441,190.00935105026218,0.3385110873611664,BALANCING
1.3,0.5220426664755122,-2.996533232445867,190.0886403822557,0.33849159873178203,BALANCING
1.302,0.5160562660328442,-2.9898840581986454,190.16692815989074,0.3384707413611557,BALANCING
1.304,0.5100831603872455,-2.983239527405741,190.2442166400821,0.3384485188713513,BALANCING
1.306,0.5041233402331806,-2.976599655799204,190.32050807811984,0.3384249348808122,BALANCING
1.308,0.4981767962337112,-2.9699644590522465,190.395804727664,0.3383999930043552,BALANCING
1.31,0.4922435190206146,-2.963333952779321,190.47010884073924,0.338373696853165,BALANCING
1.312,0.4863234991945005,-2.956708152536199,190.54342266772957,0.3383460500347878,BALANCING
1.314,0.4804167273249288,-2.9500870738200478,190.61574845737292,0.33831705615312585,BALANCING
1.316,0.4745231939505264,-2.943470732069508,190.68708845675607,0.3382867188084316,BALANCING
1.318,0.4686428895791044,-2.9368591426647743,190.75744491130925,0.33825504159730135,BALANCING
1.32,0.4627758046877746,-2.93025232092767,190.82682006480098,0.33822202811267055,BALANCING
1.322,0.45692192972306667,-2.9236502821217285,190.89521615933288,0.3381876819438071,BALANCING
1.324,0.451081255101044,-2.917053041452268,190.96263543533442,0.3381520066763059,BALANCING
1.326,0.44525377120742077,-2.910460614066474,191.0290801315578,0.3381150058920838,BALANCING
1.328,0.43943946839767767,-2.903873015053475,191.09455248507285,0.3380766831693731,BALANCING
1.33,0.4336383369971779,-2.897290259444421,191.1590547312618,0.33803704208271645,BALANCING
1.332,0.4278503673012835,-2.890712362212563,191.22258910381427,0.3379960862029611,BALANCING
1.334,0.42207554957547055,-2.884139338273331,191.28515783472216,0.3379538190972535,BALANCING
1.336,0.4163138740554451,-2.877571202484414,191.34676315427456,0.33791024432903377,BALANCING
1.338,0.41056533094725844,-2.871007969645837,191.40740729105272,0.3378653654580299,BALANCING
1.34,0.4048299104274223,-2.8644496545000413,191.4670924719251,0.3378191860402529,BALANCING
1.342,0.3991076026430241,-2.857896271731962,191.52582092204224,0.3377717096279907,BALANCING
1.344,0.39339839771184165,-2.851347835969108,191.58359486483192,0.33772293976980344,BALANCING
1.346,0.38770228572245835,-2.84480436178164,191.64041652199407,0.3376728800105175,BALANCING
1.348,0.3820192567343773,-2.838265863682453,191.69628811349594,0.33762153389122057,BALANCING
1.35,0.37634930077813605,-2.83173235612725,191.7512118575671,0.33756890494925623,BALANCING
1.352,0.37069240785542096,-2.825203853514626,191.80518997069458,0.3375149967182185,BALANCING
1.354,0.36504856793918106,-2.8186803701861445,191.85822466761806,0.33745981272794723,BALANCING
1.356,0.3594177709737423,-2.8121619204264183,191.9103181613248,0.33740335650452186,BALANCING
1.358,0.3538000068749213,-2.8056485184631876,191.96147266304504,0.33734563157025726,BALANCING
1.36,0.34819526553013896,-2.7991401784674026,192.0116903822471,0.3372866414436979,BALANCING
1.362,0.34260353679853406,-2.7926369145532983,192.06097352663247,0.3372263896396131,BALANCING
1.364,0.3370248105110766,-2.7861387407784783,192.1093243021312,0.3371648796689917,BALANCING
1.366,0.33145907647068085,-2.7796456711439923,192.1567449128971,0.33710211503903736,BALANCING
1.368,0.3259063244523186,-2.773157719594417,192.20323756130287,0.33703809925316297,BALANCING
1.37,0.3203665442031318,-2.7666749000179345,192.24880444793558,0.3369728358109862,BALANCING
1.372,0.31483972544254546,-2.7601972262464147,192.29344777159181,0.33690632820832406,BALANCING
1.374,0.30932585786238015,-2.753724712055491,192.33716972927306,0.33683857993718846,BALANCING
1.3760000000000001,0.30382493112696435,-2.7472573711646464,192.3799725161811,0.3367695944857808,BALANCING
1.3780000000000001,0.29833693487324664,-2.7407952172372867,192.4218583257133,0.3366993753384875,BALANCING
1.3800000000000001,0.2928618587109079,-2.7343382638808267,192.46282934945793,0.33662792597587476,BALANCING
1.3820000000000001,0.2873996922224732,-2.727886524646766,192.50288777718976,0.33655524987468416,BALANCING
1.3840000000000001,0.2819504249634233,-2.7214400130307714,192.54203579686526,0.3364813505078274,BALANCING
1.3860000000000001,0.27651404646230676,-2.714998742472757,192.58027559461826,0.336406231344382,BALANCING
1.3880000000000001,0.2710905462208508,-2.708562726356965,192.61760935475522,0.3363298958495863,BALANCING
1.3900000000000001,0.265679913714073,-2.702131978012044,192.65403925975082,0.33625234748483457,BALANCING
1.3920000000000001,0.26028213839039205,-2.695706510711131,192.68956749024343,0.33617358970767275,BALANCING
1.3940000000000001,0.25489720967173907,-2.689286337671934,192.72419622503057,0.3360936259717936,BALANCING
1.3960000000000001,0.249525116953668,-2.6828714720568074,192.75792764106458,0.3360124597270319,BALANCING
1.3980000000000001,0.2441658496054666,-2.6764619269728374,192.7907639134481,0.3359300944193603,BALANCING
1.4000000000000001,0.23881939697026672,-2.6700577154719207,192.82270721542963,0.3358465334908842,BALANCING
1.4020000000000001,0.2334857483651545,-2.6636588505508456,192.85375971839917,0.33576178037983784,BALANCING
1.4040000000000001,0.22816489308128082,-2.6572653451513717,192.88392359188379,0.3356758385205791,BALANCING
1.4060000000000001,0.2228568203839709,-2.650877212160313,192.91320100354326,0.3355887113435855,BALANCING
1.408,0.21756151951283442,-2.6444944644096164,192.9415941191659,0.33550040227544975,BALANCING
1.41,0.21227897968187504,-2.6381171146764446,192.9691051026639,0.335410914738875,BALANCING
1.412,0.2070091900795999,-2.6317451756832564,192.99573611606934,0.3353202521526709,BALANCING
1.414,0.20175213986912893,-2.6253786600978866,193.02148931952973,0.33522841793174873,BALANCING
1.416,0.19650781818830415,-2.6190175805336287,193.04636687130377,0.3351354154871174,BALANCING
1.418,0.19127621414979853,-2.6126619495493157,193.07037092775718,0.3350412482258791,BALANCING
1.42,0.18605731684122487,-2.6063117796494013,193.0935036433584,0.33494591955122505,BALANCING
1.422,0.18085111532524445,-2.59996708328404,193.11576717067427,0.3348494328624309,BALANCING
1.424,0.17565759863967573,-2.5936278728491704,193.13716366036616,0.334751791554853,BALANCING
1.426,0.1704767557976024,-2.5872941606865947,193.15769526118544,0.33465299901992396,BALANCING
1.428,0.1653085757874819,-2.580965959084061,193.17736411996958,0.33455305864514845,BALANCING
1.43,0.16015304757325313,-2.574643280275345,193.1961723816379,0.3344519738140991,BALANCING
1.432,0.15501016009444463,-2.5683261364403323,193.21412218918744,0.33434974790641236,BALANCING
1.434,0.14987990226628203,-2.5620145397050953,193.23121568368904,0.33424638429778475,BALANCING
1.436,0.14476226297979577,-2.555708502141982,193.24745500428295,0.334141886359968,BALANCING
1.438,0.13965723110192835,-2.5494080357696904,193.2628422881751,0.3340362574607659,BALANCING
1.44,0.1345647954756416,-2.543113152553357,193.27737967063283,0.33392950096402985,BALANCING
1.442,0.12948494492002374,-2.5368238644046337,193.29106928498103,0.3338216202296548,BALANCING
1.444,0.12441766823039625,-2.53054018318177,193.303913262598,0.3337126186135756,BALANCING
1.446,0.11936295417842063,-2.524262120689697,193.31591373291155,0.3336024994677629,BALANCING
1.448,0.1143207915122049,-2.5179896886801085,193.32707282339507,0.33349126614021923,BALANCING
1.45,0.10929116895641003,-2.5117228988515414,193.33739265956345,0.3333789219749753,BALANCING
1.452,0.10427407521235617,-2.505461762849458,193.34687536496935,0.3332654703120861,BALANCING
1.454,0.09926949895812873,-2.4992062922663307,193.35552306119908,0.33315091448762674,BALANCING
1.456,0.09427742884868426,-2.49295649864172,193.36333786786892,0.33303525783368937,BALANCING
1.458,0.08929785351595622,-2.4867123934623594,193.37032190262101,0.33291850367837866,BALANCING
1.46,0.08433076156896052,-2.4804739881622373,193.37647728111983,0.33280065534580877,BALANCING
1.462,0.079376141593901,-2.4742412941226766,193.381806117048,0.332681716156099,BALANCING
1.464,0.07443398215427459,-2.468014322672419,193.38631052210272,0.3325616894253706,BALANCING
1.466,0.06950427179097643,-2.4617930850877094,193.3899926059919,0.332440578465743,BALANCING
1.468,0.06458699902240483,-2.4555775925923715,193.3928544764303,0.3323183865853299,BALANCING
1.47,0.05968215234456596,-2.4493678563578976,193.39489823913596,0.33219511708823607,BALANCING
1.472,0.05478972023117851,-2.443163887503525,193.3961259978263,0.3320707732745535,BALANCING
1.474,0.049909691133778036,-2.4369656970963227,193.3965398542144,0.3319453584403583,BALANCING
1.476,0.04504205348182128,-2.43077329615127,193.39614190800546,0.3318188758777063,BALANCING
1.478,0.04018679568279025,-2.4245866956313433,193.39493425689284,0.3316913288746306,BALANCING
1.48,0.03534390612229614,-2.4184059064475942,193.39291899655467,0.33156272071513726,BALANCING
1.482,0.03051337316418311,-2.412230939459234,193.39009822065006,0.33143305467920253,BALANCING
1.484,0.025695185150631874,-2.406061805473717,193.38647402081548,0.331302334042769,BALANCING
1.486,0.020889330402263154,-2.399898515246821,193.38204848666112,0.3311705620777422,BALANCING
1.488,0.01609579721824093,-2.3937410794827323,193.3768237057674,0.33103774205198755,BALANCING
1.49,0.011314573876375569,-2.3875895088341257,193.3708017636813,0.3309038772293269,BALANCING
1.492,0.006545648633226739,-2.3814438139022487,193.36398474391285,0.3307689708695351,BALANCING
1.494,0.0017890097242062063,-2.3753040052370054,193.35637472793152,0.3306330262283368,BALANCING
1.496,-0.0029553546363195677,-2.3691700933370363,193.3479737951628,0.33049604655740333,BALANCING
1.498,-0.007687456254926978,-2.3630420886498027,193.3387840229846,0.3303580351043491,BALANCING
1.5,-0.012407306959032995,-2.3569200015716696,193.32880748672386,0.3302189951127289,BALANCING
1.502,-0.01711491859679306,-2.350803842447989,193.31804625965296,0.33007892982203424,BALANCING
1.504,-0.02181030303699913,-2.3446936215731795,193.30650241298642,0.3299378424676907,BALANCING
1.506,-0.026493472168977895,-2.3385893491908147,193.29417801587735,0.3297957362810543,BALANCING
1.508,-0.031164437902489173,-2.3324910354937005,193.28107513541403,0.32965261448940875,BALANCING
1.51,-0.03582321216762444,-2.3263986906239613,193.26719583661665,0.3295084803159622,BALANCING
1.512,-0.04046980691470558,-2.320312324673123,193.2525421824337,0.3293633369798442,BALANCING
1.514,-0.045104234114183725,-2.3142319476821935,193.23711623373887,0.3292171876961029,BALANCING
1.516,-0.04972650575653832,-2.308157569641749,193.2209200493275,0.3290700356757017,BALANCING
1.518,-0.05433663385217638,-2.3020892004920137,193.20395568591343,0.32892188412551654,BALANCING
1.52,-0.05893463043133177,-2.296026850122945,193.18622519812544,0.3287727362483328,BALANCING
1.522,-0.06352050754396486,-2.289970528374316,193.16773063850425,0.3286225952428426,BALANCING
1.524,-0.06809427725966216,-2.2839202450357994,193.14847405749907,0.3284714643036417,BALANCING
1.526,-0.07265595166753623,-2.2778760098470485,193.1284575034644,0.3283193466212266,BALANCING
1.528,-0.07720554287612573,-2.271837832497783,193.10768302265672,0.3281662453819918,BALANCING
1.53,-0.08174306301329563,-2.2658057226278694,193.0861526592314,0.328012163768227,BALANCING
1.532,-0.08626852422613755,-2.259779689827407,193.06386845523932,0.32785710495811415,BALANCING
1.534,-0.09078193868087037,-2.2537597436368086,193.04083245062392,0.327701072125725,BALANCING
1.536,-0.09528331856274086,-2.2477458935468855,193.0170466832178,0.327544068441018,BALANCING
1.538,-0.09977267607592466,-2.24173814899893,192.99251318873968,0.32738609706983574,BALANCING
1.54,-0.10425002344342718,-2.2357365193847976,192.96723400079128,0.32722716117390216,BALANCING
1.542,-0.10871537290698499,-2.2297410140469935,192.9412111508542,0.32706726391082014,BALANCING
1.544,-0.11316873672696702,-2.223751642278752,192.91444666828673,0.32690640843406854,BALANCING
1.546,-0.11761012718227622,-2.217768413324123,192.88694258032086,0.32674459789299964,BALANCING
1.548,-0.12203955657025123,-2.2117913363780533,192.8587009120592,0.32658183543283675,BALANCING
1.55,-0.12645703720656826,-2.20582042058647,192.82972368647188,0.32641812419467153,BALANCING
1.552,-0.13086258142514312,-2.1998556750463667,192.80001292439363,0.3262534673154612,BALANCING
1.554,-0.13525620157803345,-2.1938971088058823,192.76957064452066,0.32608786792802635,BALANCING
1.556,-0.13963791003534112,-2.1879447308643885,192.73839886340767,0.3259213291610483,BALANCING
1.558,-0.14400771918511468,-2.1819985501725707,192.70649959546495,0.3257538541390667,BALANCING
1.56,-0.14836564143325215,-2.176058575632513,192.67387485295535,0.3255854459824769,BALANCING
1.562,-0.15271168920340392,-2.1701248160977804,192.64052664599132,0.3254161078075276,BALANCING
1.564,-0.15704587493687572,-2.1641972803735037,192.60645698253202,0.32524584272631873,BALANCING
1.566,-0.16136821109253194,-2.1582759772164612,192.57166786838044,0.32507465384679846,BALANCING
1.568,-0.16567871014669883,-2.1523609153351635,192.53616130718046,0.32490254427276155,BALANCING
1.57,-0.16997738459306816,-2.1464521033899366,192.49993930041393,0.32472951710384657,BALANCING
1.572,-0.17426424694260106,-2.1405495499930067,192.46300384739789,0.32455557543553354,BALANCING
1.574,-0.1785393097234316,-2.1346532637085804,192.42535694528166,0.32438072235914195,BALANCING
1.576,-0.1828025854807711,-2.1287632530529317,192.3870005890441,0.3242049609618283,BALANCING
1.578,-0.18705408677681218,-2.122879526494484,192.3479367714907,0.3240282943265842,BALANCING
1.58,-0.19129382619063326,-2.117002092453895,192.3081674832508,0.32385072553223326,BALANCING
1.582,-0.19552181631810303,-2.111130959304137,192.26769471277493,0.3236722576534302,BALANCING
1.584,-0.1997380697717852,-2.1052661353705857,192.22652044633185,0.3234928937606576,BALANCING
1.586,-0.20394259918084334,-2.0994076289310972,192.184646668006,0.32331263692022433,BALANCING
1.588,-0.20813541719094603,-2.0935554482160987,192.14207535969467,0.3231314901942632,BALANCING
1.59,-0.21231653646417195,-2.087709601408667,192.0988085011052,0.32294945664072877,BALANCING
1.592,-0.2164859696789153,-2.081870096644614,192.05484806975252,0.3227665393133958,BALANCING
1.594,-0.22064372952979153,-2.0760369420125695,192.01019604095632,0.32258274126185665,BALANCING
1.596,-0.2247898287275427,-2.0702101455540673,191.96485438783827,0.32239806553151934,BALANCING
1.598,-0.22892427999894369,-2.0643897152636255,191.91882508131974,0.3222125151636059,BALANCING
1.6,-0.2330470960867081,-2.0585756590888327,191.87211009011875,0.32202609319514985,BALANCING
1.602,-0.2371582897493945,-2.05276798493043,191.82471138074763,0.3218388026589949,BALANCING
1.604,-0.24125787376131294,-2.0469667006423955,191.77663091751032,0.3216506465837924,BALANCING
1.606,-0.24534586091243119,-2.0411718140320287,191.72787066249978,0.3214616279939997,BALANCING
1.608,-0.24942226400828182,-2.035383332860032,191.67843257559556,0.3212717499098784,BALANCING
1.61,-0.2534870958698689,-2.029601264840597,191.628318614461,0.3210810153474922,BALANCING
1.612,-0.25754036933357505,-2.023825617641487,191.577530734541,0.32088942731870546,BALANCING
1.614,-0.2615820972510688,-2.0180563988841183,191.5260708890592,0.3206969888311807,BALANCING
1.616,-0.26561229248921175,-2.01229361614365,191.4739410290158,0.3205037028883776,BALANCING
1.618,-0.2696309679299664,-2.0065372769490604,191.4211431031847,0.3203095724895507,BALANCING
1.62,-0.27363813647030366,-2.000787388783237,191.3676790581114,0.3201146006297479,BALANCING
1.622,-0.27763381102211093,-1.9950439590830555,191.31355083811033,0.3199187902998085,BALANCING
1.624,-0.2816180045121,-1.989306995239467,191.25876038526246,0.3197221444863617,BALANCING
1.6260000000000001,-0.2855907298817154,-1.9835765045975793,191.20330963941294,0.319524666171825,BALANCING
1.6280000000000001,-0.2895520000870427,-1.977852494456741,191.14720053816853,0.31932635833440215,BALANCING
1.6300000000000001,-0.29350182809871705,-1.9721349720706272,191.09043501689547,0.31912722394808196,BALANCING
1.6320000000000001,-0.2974402269018322,-1.9664239446473206,191.0330150087169,0.3189272659826363,BALANCING
1.6340000000000001,-0.30136720949584894,-1.960719419349397,190.9749424445105,0.31872648740361886,BALANCING
1.6360000000000001,-0.3052827888945046,-1.9550214032940079,190.91621925290636,0.31852489117236343,BALANCING
1.6380000000000001,-0.30918697812572205,-1.949329903552965,190.85684736028443,0.3183224802459821,BALANCING
1.6400000000000001,-0.313079790231519,-1.943644927152823,190.79682869077234,0.3181192575773642,BALANCING
1.6420000000000001,-0.31696123826791783,-1.9379664810749646,190.73616516624296,0.3179152261151745,BALANCING
1.6440000000000001,-0.32083133530485536,-1.9322945722556832,190.67485870631234,0.31771038880385166,BALANCING
1.6460000000000001,-0.3246900944260923,-1.926629207586267,190.6129112283373,0.31750474858360717,BALANCING
1.6480000000000001,-0.32853752872912395,-1.9209703939130818,190.5503246474132,0.31729830839042333,BALANCING
1.6500000000000001,-0.33237365132508984,-1.9153181380376567,190.48710087637167,0.31709107115605234,BALANCING
1.6520000000000001,-0.33619847533868463,-1.9096724467167654,190.4232418257786,0.3168830398080148,BALANCING
1.6540000000000001,-0.3400120139080683,-1.9040333266625122,190.3587494039316,0.3166742172695978,BALANCING
1.6560000000000001,-0.3438142801847772,-1.8984007845424131,190.29362551685813,0.3164646064598546,BALANCING
1.6580000000000001,-0.3476052873336348,-1.8927748269794824,190.2278720683132,0.31625421029360234,BALANCING
1.6600000000000001,-0.3513850485326627,-1.8871554605523135,190.16149095977715,0.31604303168142134,BALANCING
1.6620000000000001,-0.35515357697299205,-1.8815426917951652,190.09448409045368,0.3158310735296532,BALANCING
1.6640000000000001,-0.3589108858587748,-1.8759365271980428,190.02685335726756,0.3156183387404003,BALANCING
1.666,-0.3626569884070954,-1.8703369732067838,189.95860065486255,0.3154048302115241,BALANCING
1.668,-0.36639189784788256,-1.8647440362231409,189.8897278755995,0.3151905508366438,BALANCING
1.67,-0.3701156274238209,-1.8591577226048646,189.82023690955398,0.31497550350513565,BALANCING
1.672,-0.37382819039026344,-1.8535780386657883,189.75012964451443,0.31475969110213103,BALANCING
1.674,-0.3775296000151435,-1.8480049906759115,189.67940796598003,0.31454311650851596,BALANCING
1.676,-0.3812198695788873,-1.8424385848614824,189.6080737571587,0.31432578260092986,BALANCING
1.678,-0.38489901237432655,-1.836878827405083,189.53612889896502,0.31410769225176394,BALANCING
1.68,-0.38856704170661094,-1.8313257244457113,189.46357527001834,0.31388884832916075,BALANCING
1.682,-0.39222397089312155,-1.8257792820788663,189.3904147466407,0.3136692536970126,BALANCING
1.684,-0.39586981326338333,-1.8202395063566308,189.31664920285485,0.3134489112149609,BALANCING
1.686,-0.3995045821589789,-1.8147064032877542,189.2422805103824,0.3132278237383946,BALANCING
1.688,-0.40312829093346164,-1.8091799788377376,189.16731053864171,0.31300599411844987,BALANCING
1.69,-0.40674095295226936,-1.8036602389289154,189.0917411547462,0.3127834252020087,BALANCING
1.692,-0.41034258159263803,-1.7981471894405412,189.01557422350223,0.31256011983169785,BALANCING
1.694,-0.41393319024351577,-1.7926408362088695,188.93881160740727,0.31233608084588815,BALANCING
1.696,-0.41751279230547683,-1.7871411850272392,188.86145516664806,0.3121113110786934,BALANCING
1.698,-0.421081401190636,-1.781648241646158,188.78350675909863,0.3118858133599695,BALANCING
1.7,-0.4246390303225628,-1.7761620117733856,188.7049682403186,0.3116595905153137,BALANCING
1.702,-0.42818569313619625,-1.770682501074017,188.6258414635513,0.3114326453660634,BALANCING
1.704,-0.4317214030777597,-1.7652097151705652,188.54612827972178,0.3112049807292958,BALANCING
1.706,-0.4352461736046754,-1.7597436596430465,188.4658305374353,0.31097659941782657,BALANCING
1.708,-0.4387600181854799,-1.754284340029061,188.38495008297528,0.31074750424020936,BALANCING
1.71,-0.4422629502997392,-1.7488317618238793,188.30348876030163,0.310517698000735,BALANCING
1.712,-0.44575498343796427,-1.743385930480524,188.22144841104898,0.3102871834994304,BALANCING
1.714,-0.4492361311015264,-1.7379468514098522,188.13883087452493,0.3100559635320583,BALANCING
1.716,-0.4527064068025733,-1.7325145299806408,188.05563798770828,0.30982404089011617,BALANCING
1.718,-0.4561658240639445,-1.727088971519669,187.97187158524736,0.30959141836083576,BALANCING
1.72,-0.4596143964190882,-1.7216701813118007,187.88753349945833,0.3093580987271821,BALANCING
1.722,-0.4630521374119767,-1.7162581646000699,187.8026255603234,0.3091240847678533,BALANCING
1.724,-0.4664790605970233,-1.7108529265857615,187.71714959548925,0.30888937925727933,BALANCING
1.726,-0.4698951795389989,-1.705454472428496,187.63110743026527,0.30865398496562196,BALANCING
1.728,-0.4733005078129485,-1.7000628072463124,187.54450088762215,0.3084179046587738,BALANCING
1.73,-0.4766950590041086,-1.6946779361157522,187.45733178818983,0.30818114109835765,BALANCING
1.732,-0.4800788467078233,-1.6892998640719405,187.36960195025628,0.3079436970417263,BALANCING
1.734,-0.48345188452946297,-1.6839285961086712,187.28131318976568,0.3077055752419616,BALANCING
1.736,-0.4868141860843403,-1.6785641371784885,187.19246732031687,0.3074667784478745,BALANCING
1.738,-0.4901657649976287,-1.6732064921927723,187.10306615316176,0.30722730940400345,BALANCING
1.74,-0.49350663490428,-1.6678556660218185,187.01311149720394,0.3069871708506153,BALANCING
1.742,-0.4968368094489419,-1.6625116634949244,186.92260515899673,0.30674636552370366,BALANCING
1.744,-0.5001563022858766,-1.65717448940047,186.8315489427422,0.30650489615498927,BALANCING
1.746,-0.5034651270788787,-1.6518441484860025,186.73994465028903,0.30626276547191905,BALANCING
1.748,-0.5067632975011938,-1.6465206454583183,186.64779408113156,0.3060199761976658,BALANCING
1.75,-0.5100508272354368,-1.641203984983546,186.55509903240795,0.3057765310511281,BALANCING
1.752,-0.5133277299735111,-1.63589417168723,186.46186129889887,0.30553243274692965,BALANCING
1.754,-0.5165940194165272,-1.6305912101544127,186.36808267302592,0.30528768399541895,BALANCING
1.756,-0.5198497092747216,-1.625295104929718,186.27376494485026,0.3050422875026689,BALANCING
1.758,-0.5230948132673767,-1.6200058605174337,186.1789099020711,0.3047962459704767,BALANCING
1.76,-0.5263293451227397,-1.614723481381595,186.08351933002436,0.3045495620963635,BALANCING
1.762,-0.5295533185779419,-1.6094479719460666,185.98759501168126,0.3043022385735741,BALANCING
1.764,-0.5327667473789192,-1.6041793365946255,185.89113872764685,0.3040542780910763,BALANCING
1.766,-0.5359696452803315,-1.5989175796710449,185.7941522561587,0.3038056833335616,BALANCING
1.768,-0.5391620260454831,-1.5936627054791752,185.69663737308537,0.30355645698144385,BALANCING
1.77,-0.5423439034462425,-1.5884147182830282,185.59859585192538,0.30330660171086,BALANCING
1.772,-0.545515291262963,-1.5831736223068587,185.5000294638056,0.3030561201936692,BALANCING
1.774,-0.5486762032844036,-1.5779394217352483,185.40093997747988,0.30280501509745317,BALANCING
1.776,-0.5518266533076491,-1.5727121207131864,185.30132915932805,0.302553289085516,BALANCING
1.778,-0.5549666551380316,-1.5674917233461554,185.20119877335426,0.30230094481688335,BALANCING
1.78,-0.5580962225890512,-1.5622782337002101,185.10055058118596,0.30204798494630325,BALANCING
1.782,-0.5612153694822974,-1.557071655802063,184.99938634207248,0.30179441212424557,BALANCING
1.784,-0.5643241096473705,-1.551871993639165,184.89770781288385,0.30154022899690197,BALANCING
1.786,-0.5674224569218028,-1.5466792511597882,184.79551674810946,0.3012854382061857,BALANCING
1.788,-0.5705104251509812,-1.5414934322731095,184.692814899857,0.30103004238973197,BALANCING
1.79,-0.5735880281880678,-1.536314540849292,184.589604017851,0.30077404418089765,BALANCING
1.792,-0.5766552798939231,-1.5311425807195667,184.48588584943184,0.30051744620876125,BALANCING
1.794,-0.579712194137028,-1.525977555676317,184.38166213955444,0.300260251098123,BALANCING
1.796,-0.5827587847934054,-1.5208194694731594,184.2769346307871,0.300002461469505,BALANCING
1.798,-0.5857950657465437,-1.5156683258250254,184.17170506331036,0.2997440799391511,BALANCING
1.8,-0.5888210508873192,-1.5105241284082458,184.06597517491585,0.29948510911902704,BALANCING
1.802,-0.5918367541139187,-1.5053868808606305,183.95974670100514,0.2992255516168207,BALANCING
1.804,-0.5948421893317627,-1.5002565867815525,183.85302137458856,0.29896541003594185,BALANCING
1.806,-0.597837370453429,-1.4951332497320293,183.7458009262842,0.29870468697552266,BALANCING
1.808,-0.6008223113985756,-1.4900168732348047,183.6380870843167,0.29844338503041756,BALANCING
1.81,-0.6037970260938641,-1.4849074607744321,183.52988157451625,0.2981815067912037,BALANCING
1.812,-0.606761528472884,-1.4798050157973552,183.4211861203175,0.2979190548441808,BALANCING
1.814,-0.6097158324760761,-1.4747095417119913,183.3120024427583,0.29765603177137145,BALANCING
1.816,-0.6126599520506567,-1.4696210418888114,183.2023322604791,0.2973924401505217,BALANCING
1.818,-0.6155939011505419,-1.464539519660425,183.09217728972143,0.2971282825551005,BALANCING
1.82,-0.6185176937362715,-1.4594649783216591,182.9815392443272,0.2968635615543008,BALANCING
1.822,-0.621431343774934,-1.4543974211296415,182.87041983573752,0.2965982797130393,BALANCING
1.824,-0.6243348652400913,-1.449336851303883,182.7588207729918,0.296332439591957,BALANCING
1.826,-0.6272282721117031,-1.444283272026358,182.6467437627268,0.29606604374741924,BALANCING
1.828,-0.6301115783760523,-1.4392366864415886,182.53419050917546,0.2957990947315161,BALANCING
1.83,-0.6329847980256699,-1.4341970976567222,182.42116271416617,0.2955315950920631,BALANCING
1.832,-0.6358479450592606,-1.4291645087416176,182.30766207712173,0.2952635473726012,BALANCING
1.834,-0.6387010334816283,-1.424138922728924,182.1936902950584,0.29499495411239696,BALANCING
1.836,-0.6415440773036016,-1.4191203426141639,182.07924906258498,0.29472581784644347,BALANCING
1.838,-0.6443770905419595,-1.4141087713558136,181.96434007190197,0.2944561411054605,BALANCING
1.84,-0.6472000872193576,-1.4091042118753854,181.8489650128006,0.2941859264158947,BALANCING
1.842,-0.6500130813642544,-1.4041066670575089,181.73312557266198,0.29391517629992053,BALANCING
1.844,-0.6528160870108374,-1.3991161397500127,181.61682343645626,0.29364389327544044,BALANCING
1.846,-0.6556091181989495,-1.3941326327640056,181.50006028674173,0.29337207985608504,BALANCING
1.848,-0.658392188974016,-1.389156148873958,181.382837803664,0.2930997385512143,BALANCING
1.85,-0.6611653133869707,-1.3841866908177838,181.26515766495513,0.29282687186591744,BALANCING
1.852,-0.6639285054941839,-1.3792242612969203,181.1470215459329,0.29255348230101375,BALANCING
1.854,-0.6666817793573886,-1.3742688629764102,181.02843111949986,0.2922795723530532,BALANCING
1.856,-0.6694251490436082,-1.369320498484984,180.9093880561427,0.29200514451431664,BALANCING
1.858,-0.6721586286250839,-1.3643791704151391,180.78989402393137,0.29173020127281674,BALANCING
1.86,-0.6748822321792026,-1.3594448813232225,180.6699506885183,0.2914547451122985,BALANCING
1.862,-0.6775959737884242,-1.3545176337295113,180.54955971313774,0.2911787785122397,BALANCING
1.864,-0.6802998675402095,-1.3495974301182934,180.42872275860486,0.2909023039478516,BALANCING
1.866,-0.6829939275269491,-1.3446842729379487,180.3074414833152,0.29062532389007983,BALANCING
1.868,-0.6856781678458908,-1.3397781646010307,180.18571754324378,0.2903478408056046,BALANCING
1.87,-0.688352602599068,-1.3348791074843467,180.06355259194456,0.29006985715684186,BALANCING
1.872,-0.6910172458932295,-1.3299871039290383,179.94094828054955,0.2897913754019435,BALANCING
1.874,-0.6936721118397667,-1.3251021562406637,179.8179062577683,0.28951239799479844,BALANCING
1.8760000000000001,-0.6963172145546433,-1.3202242666892772,179.69442816988717,0.2892329273850332,BALANCING
1.8780000000000001,-0.6989525681583246,-1.3153534375095102,179.57051566076856,0.2889529660180126,BALANCING
1.8800000000000001,-0.701578186775706,-1.310489670900652,179.44617037185054,0.28867251633484065,BALANCING
1.8820000000000001,-0.7041940845360433,-1.30563296902673,179.32139394214587,0.2883915807723613,BALANCING
1.8840000000000001,-0.706800275572881,-1.300783334016592,179.19618800824165,0.288110161763159,BALANCING
1.8860000000000001,-0.7093967740239837,-1.295940767963984,179.0705542042985,0.28782826173555964,BALANCING
1.8880000000000001,-0.7119835940312643,-1.2911052729276322,178.94449416205018,0.28754588311363183,BALANCING
1.8900000000000001,-0.7145607497407154,-1.2862768509313247,178.8180095108028,0.2872630283171867,BALANCING
1.8920000000000001,-0.7171282553023384,-1.2814555039639894,178.6911018774344,0.2869796997617799,BALANCING
1.8940000000000001,-0.7196861248700747,-1.2766412339797761,178.56377288639425,0.2866958998587117,BALANCING
1.8960000000000001,-0.722234372601736,-1.2718340428981358,178.43602415970244,0.2864116310150281,BALANCING
1.8980000000000001,-0.7247730126589343,-1.2670339326039017,178.3078573169492,0.28612689563352184,BALANCING
1.9000000000000001,-0.7273020592070141,-1.2622409049473697,178.17927397529445,0.285841696112733,BALANCING
1.9020000000000001,-0.7298215264149819,-1.257454961744377,178.0502757494673,0.2855560348469504,BALANCING
1.9040000000000001,-0.7323314284554386,-1.2526761047763837,177.92086425176547,0.28526991422621223,BALANCING
1.9060000000000001,-0.7348317795045103,-1.2479043357905526,177.7910410920549,0.2849833366363069,BALANCING
1.9080000000000001,-0.7373225937417794,-1.243139656499829,177.66080787776917,0.2846963044587744,BALANCING
1.9100000000000001,-0.7398038853502171,-1.2383820685830196,177.53016621390913,0.284408820070907,BALANCING
1.9120000000000001,-0.7422756685161146,-1.2336315736848749,177.39911770304224,0.2841208858457504,BALANCING
1.9140000000000001,-0.7447379574290152,-1.2288881734161672,177.2676639453024,0.2838325041521044,BALANCING
1.9160000000000001,-0.7471907662816463,-1.22415186935377,177.13580653838932,0.2835436773545247,BALANCING
1.9180000000000001,-0.7496341092698522,-1.2194226630407399,177.0035470775682,0.2832544078133231,BALANCING
1.92,-0.7520680005925259,-1.2147005559863941,176.87088715566918,0.28296469788456924,BALANCING
1.922,-0.754492454451542,-1.2099855496663916,176.7378283630872,0.2826745499200911,BALANCING
1.924,-0.7569074850516895,-1.2052776455228114,176.6043722877813,0.28238396626747686,BALANCING
1.926,-0.7593131066006048,-1.2005768449642338,176.47052051527442,0.282092949270075,BALANCING
1.928,-0.7617093333087044,-1.1958831493658189,176.33627462865297,0.28180150126699627,BALANCING
1.93,-0.7640961793891184,-1.1911965600693848,176.20163620856658,0.28150962459311457,BALANCING
1.932,-0.7664736590576242,-1.1865170783834897,176.06660683322767,0.2812173215790682,BALANCING
1.934,-0.7688417865325795,-1.1818447055835093,175.93118807841103,0.2809245945512606,BALANCING
1.936,-0.7712005760348563,-1.177179442911717,175.79538151745365,0.28063144583186195,BALANCING
1.938,-0.7735500417877745,-1.1725212915773622,175.6591887212544,0.2803378777388105,BALANCING
1.94,-0.7758901980170368,-1.16787025275675,175.5226112582736,0.2800438925858136,BALANCING
1.942,-0.7782210589506615,-1.1632263275933215,175.38565069453293,0.2797494926823485,BALANCING
1.944,-0.7805426388189183,-1.1585895171977307,175.24830859361487,0.2794546803336643,BALANCING
1.946,-0.7828549518542615,-1.1539598226479246,175.11058651666275,0.2791594578407829,BALANCING
1.948,-0.7851580122912656,-1.149337244989223,174.9724860223803,0.2788638275005003,BALANCING
1.95,-0.7874518343665601,-1.1447217852343954,174.83400866703147,0.27856779160538786,BALANCING
1.952,-0.7897364323187634,-1.140113444363742,174.69515600444012,0.2782713524437937,BALANCING
1.954,-0.7920118203884197,-1.1355122233251704,174.55592958598993,0.27797451229984377,BALANCING
1.956,-0.7942780128179325,-1.130918123034277,174.41633096062407,0.27767727345344356,BALANCING
1.958,-0.7965350238515014,-1.1263311443744233,174.2763616748451,0.2773796381802793,BALANCING
1.96,-0.7987828677350569,-1.1217512881968146,174.13602327271468,0.27708160875181903,BALANCING
1.962,-0.8010215587161966,-1.1171785553205809,173.99531729585345,0.27678318743531444,BALANCING
1.964,-0.8032511110441211,-1.1126129465328525,173.8542452834409,0.276484376493802,BALANCING
1.966,-0.8054715389695695,-1.1080544625888404,173.71280877221508,0.27618517818610444,BALANCING
1.968,-0.8076828567447566,-1.103503104211914,173.57100929647262,0.2758855947668322,BALANCING
1.97,-0.8098850786233087,-1.0989588720936798,173.4288483880685,0.2755856284863847,BALANCING
1.972,-0.8120782188602003,-1.0944217668940592,173.28632757641594,0.27528528159095195,BALANCING
1.974,-0.8142622917116904,-1.0898917892413664,173.14344838848623,0.274984556322516,BALANCING
1.976,-0.8164373114352602,-1.0853689397323885,173.0002123488088,0.2746834549188523,BALANCING
1.978,-0.8186032922895493,-1.0808532189324607,172.8566209794709,0.27438197961353156,BALANCING
1.98,-0.8207602485342936,-1.0763446273755468,172.71267580011775,0.27408013263592074,BALANCING
1.982,-0.822908194430262,-1.0718431655643161,172.56837832795222,0.27377791621118464,BALANCING
1.984,-0.8250471442391941,-1.0673488339702217,172.423730077735,0.27347533256028794,BALANCING
1.986,-0.8271771122237381,-1.0628616330335774,172.27873256178444,0.2731723838999962,BALANCING
1.988,-0.8292981126473884,-1.058381563163637,172.13338728997644,0.2728690724428777,BALANCING
1.99,-0.8314101597744236,-1.053908624738671,171.9876957697446,0.2725654003973049,BALANCING
1.992,-0.8335132678698443,-1.0494428181060447,171.84165950608002,0.27226136996745604,BALANCING
1.994,-0.8356074511993119,-1.044984143582296,171.6952800015315,0.2719569833533168,BALANCING
1.996,-0.8376927240290868,-1.0405326014532121,171.54855875620524,0.2716522427506818,BALANCING
1.998,-0.8397691006259668,-1.0360881919739078,171.4014972677652,0.2713471503511564,BALANCING
2.0,-0.8418365952572259,-1.031650915368903,171.25409703143285,0.2710417083421583,BALANCING
2.0020000000000002,-0.8438952221905537,-1.0272207718322,171.10635953998735,0.27073591890691895,BALANCING
2.004,-0.8459449956939935,-1.02279776152736,170.95828628376555,0.2704297842244855,BALANCING
2.0060000000000002,-0.8479859300358823,-1.0183818845875812,170.809878750662,0.27012330646972255,BALANCING
2.008,-0.8500180394847899,-1.0139731411157769,170.6611384261291,0.26981648781331324,BALANCING
2.0100000000000002,-0.8520413383094583,-1.0095715311846496,170.51206679317713,0.26950933042176195,BALANCING
2.012,-0.8540558407787413,-1.0051770548367713,170.3626653323743,0.269201836457395,BALANCING
2.0140000000000002,-0.8560615611615445,-1.000789712084659,170.212935521847,0.26889400807836333,BALANCING
2.016,-0.8580585137267654,-0.9964095029108517,170.06287883727956,0.2685858474386433,BALANCING
2.0180000000000002,-0.8600467127432333,-0.9920364272679878,169.91249675191483,0.2682773566880391,BALANCING
2.02,-0.8620261724796493,-0.9876704850788808,169.76179073655393,0.2679685379721846,BALANCING
2.0220000000000002,-0.8639969072045275,-0.9833116762365974,169.61076225955657,0.2676593934325444,BALANCING
2.024,-0.8659589311861347,-0.9789600006045334,169.45941278684114,0.26734992520641665,BALANCING
2.0260000000000002,-0.8679122586924319,-0.9746154580164905,169.30774378188482,0.26704013542693394,BALANCING
2.028,-0.8698569039910147,-0.9702780482767531,169.1557567057239,0.2667300262230656,BALANCING
2.0300000000000002,-0.8717928813490545,-0.9659477711601644,169.0034530169537,0.26641959971961937,BALANCING
2.032,-0.8737202050332397,-0.9616246264122028,168.85083417172905,0.26610885803724366,BALANCING
2.0340000000000003,-0.875638889309717,-0.9573086137490587,168.69790162376427,0.2657978032924287,BALANCING
2.036,-0.8775489484440332,-0.9529997328577107,168.5446568243334,0.2654864375975089,BALANCING
2.0380000000000003,-0.8794503967010762,-0.9486979833960011,168.39110122227058,0.2651747630606647,BALANCING
2.04,-0.8813432483450174,-0.9444033649927128,168.23723626397006,0.26486278178592443,BALANCING
2.0420000000000003,-0.8832275176392537,-0.9401158772476459,168.0830633933865,0.2645504958731662,BALANCING
2.044,-0.8851032188463488,-0.9358355197316923,167.92858405203535,0.2642379074181197,BALANCING
2.0460000000000003,-0.8869703662279765,-0.931562291986913,167.7737996789929,0.2639250185123684,BALANCING
2.048,-0.8888289740448626,-0.9272961935266127,167.6187117108967,0.26361183124335136,BALANCING
2.05,-0.8906790565567274,-0.9230372238354178,167.46332158194565,0.2632983476943651,BALANCING
2.052,-0.8925206280222284,-0.9187853823693491,167.30763072390053,0.2629845699445657,BALANCING
2.054,-0.8943537026989037,-0.9145406685559,167.1516405660841,0.26267050006897086,BALANCING
2.056,-0.8961782948431142,-0.9103030817941111,166.99535253538147,0.2623561401384617,BALANCING
2.058,-0.8979944187099876,-0.9060726214546461,166.8387680562404,0.262041492219785,BALANCING
2.06,-0.8998020885533609,-0.9018492868798669,166.68188855067166,0.261726558375555,BALANCING
2.062,-0.9016013186257245,-0.897633077383909,166.52471543824927,0.2614113406642556,BALANCING
2.064,-0.9033921231781656,-0.8934239922527579,166.3672501361109,0.2610958411402422,BALANCING
2.066,-0.9051745164603124,-0.889222030744323,166.20949405895823,0.26078006185374414,BALANCING
2.068,-0.9069485127202769,-0.8850271920885137,166.05144861905728,0.26046400485086635,BALANCING
2.07,-0.9087141262045999,-0.8808394754873137,165.89311522623882,0.2601476721735917,BALANCING
2.072,-0.9104713711581953,-0.8766588801148568,165.73449528789868,0.2598310658597832,BALANCING
2.074,-0.9122202618242943,-0.872485405117503,165.57559020899814,0.2595141879431856,BALANCING
2.076,-0.9139608124443891,-0.8683190496139104,165.41640139206444,0.2591970404534281,BALANCING
2.078,-0.9156930372581791,-0.8641598126951127,165.25693023719103,0.25887962541602627,BALANCING
2.08,-0.9174169505035142,-0.8600076934245938,165.0971781420381,0.2585619448523838,BALANCING
2.082,-0.9191325664163414,-0.8558626908383606,164.93714650183293,0.2582440007797954,BALANCING
2.084,-0.9208398992306484,-0.8517248039450203,164.77683670937034,0.25792579521144837,BALANCING
2.086,-0.9225389631784093,-0.8475940317258523,164.61625015501315,0.25760733015642495,BALANCING
2.088,-0.9242297724895309,-0.8434703731348848,164.45538822669263,0.25728860761970485,BALANCING
2.09,-0.925912341391797,-0.839353827098969,164.294252309909,0.2569696296021668,BALANCING
2.092,-0.927586684110815,-0.8352443925178521,164.13284378773182,0.25665039810059137,BALANCING
2.094,-0.9292528148699616,-0.8311420682642532,163.97116404080046,0.25633091510766276,BALANCING
2.096,-0.9309107478903287,-0.8270468531839364,163.80921444732465,0.25601118261197137,BALANCING
2.098,-0.932560497390669,-0.8229587460957858,163.64699638308497,0.2556912025980157,BALANCING
2.1,-0.9342020775873437,-0.818877745791879,163.4845112214333,0.255370977046205,BALANCING
2.102,-0.9358355026942676,-0.8148038510375613,163.32176033329347,0.2550505079328613,BALANCING
2.104,-0.9374607869228565,-0.8107370605715195,163.15874508716158,0.25472979723022177,BALANCING
2.106,-0.9390779444819738,-0.8066773731058563,162.99546684910672,0.25440884690644094,BALANCING
2.108,-0.9406869895778769,-0.8026247873261635,162.8319269827713,0.25408765892559304,BALANCING
2.11,-0.9422879364141652,-0.7985793018915966,162.66812684937196,0.2537662352476744,BALANCING
2.112,-0.9438807991917264,-0.794540915434947,162.50406780769964,0.2534445778286056,BALANCING
2.114,-0.9454655921086845,-0.7905096265627165,162.33975121412055,0.25312268862023396,BALANCING
2.116,-0.9470423293603469,-0.7864854338551912,162.17517842257658,0.252800569570336,BALANCING
2.118,-0.9486110251391522,-0.7824683358665142,162.0103507845859,0.2524782226226194,BALANCING
2.12,-0.9501716936346181,-0.7784583311247595,161.8452696492436,0.25215564971672577,BALANCING
2.122,-0.9517243490332888,-0.7744554181320048,161.67993636322214,0.25183285278823286,BALANCING
2.124,-0.953269005518684,-0.7704595953644049,161.51435227077218,0.2515098337686569,BALANCING
2.126,-0.9548056772712461,-0.7664708612722645,161.34851871372305,0.2511865945854552,BALANCING
2.128,-0.9563343784682895,-0.7624892142801128,161.18243703148346,0.25086313716202846,BALANCING
2.13,-0.9578551232839486,-0.7585146527867742,161.01610856104202,0.250539463417723,BALANCING
2.132,-0.9593679258891266,-0.7545471751654428,160.8495346369681,0.25021557526783356,BALANCING
2.134,-0.960872800451444,-0.7505867797637549,160.68271659141215,0.24989147462360542,BALANCING
2.136,-0.9623697611351881,-0.7466334649038613,160.51565575410675,0.24956716339223714,BALANCING
2.138,-0.9638588221012621,-0.7426872288825006,160.34835345236698,0.24924264347688285,BALANCING
2.14,-0.9653399975071335,-0.7387480699710717,160.18081101109127,0.24891791677665467,BALANCING
2.142,-0.9668133015067846,-0.7348159864157061,160.01302975276195,0.2485929851866255,BALANCING
2.144,-0.9682787482506612,-0.7308909764373405,159.8450109974462,0.24826785059783124,BALANCING
2.146,-0.9697363518856229,-0.7269730382317889,159.67675606279633,0.24794251489727326,BALANCING
2.148,-0.9711861265548926,-0.7230621699698154,159.508266264051,0.24761697996792129,BALANCING
2.15,-0.9726280863980065,-0.7191583697972067,159.3395429140355,0.2472912476887154,BALANCING
2.152,-0.9740622455507638,-0.7152616358348428,159.17058732316266,0.2469653199345692,BALANCING
2.154,-0.9754886181451783,-0.7113719661787711,159.00140079943378,0.24663919857637168,BALANCING
2.156,-0.9769072183094272,-0.7074893589002763,158.83198464843903,0.2463128854809905,BALANCING
2.158,-0.9783180601678027,-0.7036138120459545,158.66234017335842,0.24598638251127397,BALANCING
2.16,-0.9797211578406622,-0.6997453236377833,158.49246867496248,0.24565969152605394,BALANCING
2.162,-0.9811165254443793,-0.6958838916731944,158.3223714516131,0.24533281438014826,BALANCING
2.164,-0.9825041770912948,-0.6920295141251452,158.1520497992642,0.24500575292436347,BALANCING
2.166,-0.9838841268896679,-0.6881821889421904,157.98150501146267,0.24467850900549742,BALANCING
2.168,-0.9852563889436273,-0.6843419140485535,157.810738379349,0.24435108446634182,BALANCING
2.17,-0.9866209773531227,-0.6805086873441981,157.6397511916583,0.24402348114568495,BALANCING
2.172,-0.9879779062138764,-0.6766825067048997,157.4685447347208,0.2436957008783143,BALANCING
2.174,-0.9893271896173349,-0.6728633699823167,157.29712029246298,0.24336774549501908,BALANCING
2.176,-0.9906688416506204,-0.6690512750040618,157.1254791464082,0.243039616822593,BALANCING
2.178,-0.9920028763964838,-0.6652462195737728,156.9536225756776,0.24271131668383705,BALANCING
2.18,-0.9933293079332558,-0.6614482014711844,156.78155185699103,0.2423828468975621,BALANCING
2.182,-0.9946481503347997,-0.6576572184521986,156.6092682646677,0.2420542092785913,BALANCING
2.184,-0.9959594176704634,-0.6538732682489554,156.4367730706272,0.2417254056377634,BALANCING
2.186,-0.9972631240050325,-0.6500963485699046,156.26406754439037,0.2413964377819349,BALANCING
2.188,-0.9985592833986825,-0.6463264570998757,156.09115295308007,0.2410673075139829,BALANCING
2.19,-0.999847909906932,-0.6425635915001487,155.9180305614221,0.2407380166328082,BALANCING
2.192,-1.0011290175805951,-0.6388077494085255,155.74470163174627,0.2404085669333375,BALANCING
2.194,-1.0024026204657355,-0.6350589284393988,155.5711674239869,0.24007896020652658,BALANCING
2.196,-1.0036687326036187,-0.6313171261838247,155.39742919568417,0.23974919823936275,BALANCING
2.198,-1.0049273680306663,-0.6275823402095911,155.22348820198474,0.23941928281486782,BALANCING
2.2,-1.0061785407784087,-0.6238545680612889,155.04934569564278,0.2390892157121009,BALANCING
2.202,-1.0074222648734397,-0.6201338072603823,154.87500292702094,0.238758998706161,BALANCING
2.204,-1.0086585543373687,-0.6164200553052785,154.70046114409112,0.23842863356818997,BALANCING
2.206,-1.0098874231867772,-0.6127133096713985,154.52572159243567,0.2380981220653753,BALANCING
2.208,-1.0111088854331705,-0.6090135678112458,154.35078551524805,0.23776746596095286,BALANCING
2.21,-1.0123229550829334,-0.6053208271544778,154.17565415333408,0.2374366670142099,BALANCING
2.212,-1.0135296461372834,-0.601635085107974,154.00032874511268,0.23710572698048765,BALANCING
2.214,-1.014728972592227,-0.5979563390559075,153.82481052661694,0.23677464761118422,BALANCING
2.216,-1.015920948438512,-0.5942845863598128,153.64910073149522,0.23644343065375778,BALANCING
2.218,-1.0171055876615847,-0.5906198243586571,153.47320059101185,0.23611207785172889,BALANCING
2.22,-1.0182829042415429,-0.5869620503689079,153.29711133404837,0.23578059094468376,BALANCING
2.222,-1.019452912153092,-0.5833112616846048,153.12083418710446,0.23544897166827697,BALANCING
2.224,-1.0206156253654999,-0.579667455577426,152.94437037429898,0.2351172217542345,BALANCING
2.226,-1.0217710578425527,-0.5760306292967605,152.76772111737097,0.23478534293035636,BALANCING
2.228,-1.0229192235425095,-0.5724007800697746,152.5908876356806,0.2344533369205198,BALANCING
2.23,-1.0240601364180593,-0.5687779051014823,152.41387114621037,0.23412120544468223,BALANCING
2.232,-1.0251938104162743,-0.565162001574815,152.23667286356599,0.23378895021888368,BALANCING
2.234,-1.0263202594785692,-0.5615530666506885,152.05929399997757,0.23345657295525032,BALANCING
2.236,-1.0274394975406544,-0.5579510974680735,151.8817357653006,0.23312407536199709,BALANCING
2.238,-1.0285515385324935,-0.5543560911440631,151.7039993670169,0.23279145914343072,BALANCING
2.24,-1.0296563963782592,-0.550768044773943,151.526086010236,0.23245872599995268,BALANCING
2.242,-1.0307540849962902,-0.5471869554312585,151.34799689769594,0.23212587762806217,BALANCING
2.244,-1.0318446182990473,-0.5436128201678838,151.16973322976443,0.2317929157203591,BALANCING
2.246,-1.0329280101930705,-0.5400456360140902,150.99129620444,0.231459841965547,BALANCING
2.248,-1.0340042745789355,-0.5364853999786147,150.81268701735306,0.23112665804843618,BALANCING
2.25,-1.035073425351211,-0.5329321090487279,150.63390686176697,0.2307933656499466,BALANCING
2.2520000000000002,-1.0361354763984156,-0.5293857601903026,150.4549569285793,0.2304599664471109,BALANCING
2.254,-1.0371904416029756,-0.5258463503478813,150.27583840632272,0.2301264621130774,BALANCING
2.2560000000000002,-1.0382383348411814,-0.5223138764447447,150.09655248116636,0.2297928543171133,BALANCING
2.258,-1.039279169983146,-0.5187883353829792,149.91710033691677,0.22945914472460754,BALANCING
2.2600000000000002,-1.0403129608927624,-0.5152697240435453,149.73748315501916,0.22912533499707385,BALANCING
2.262,-1.0413397214276614,-0.5117580392863451,149.55770211455857,0.22879142679215386,BALANCING
2.2640000000000002,-1.0423594654391695,-0.5082532779502895,149.3777583922609,0.2284574217636202,BALANCING
2.266,-1.0433722067722666,-0.5047554368533664,149.19765316249422,0.22812332156137952,BALANCING
2.2680000000000002,-1.0443779592655453,-0.501264512792708,149.01738759726982,0.2277891278314756,BALANCING
2.27,-1.045376736751168,-0.4977805025446583,148.8369628662435,0.22745484221609233,BALANCING
2.2720000000000002,-1.0463685530548261,-0.4943034028648401,148.65638013671668,0.227120466353557,BALANCING
2.274,-1.0473534219956993,-0.4908332104882225,148.47564057363755,0.22678600187834325,BALANCING
2.2760000000000002,-1.0483313573864121,-0.4873699221291882,148.29474533960243,0.22645145042107417,BALANCING
2.278,-1.0493023730329956,-0.48391353448160035,148.1136955948568,0.22611681360852567,BALANCING
2.2800000000000002,-1.0502664827348438,-0.4804640442188698,147.9324924972966,0.22578209306362926,BALANCING
2.282,-1.0512237002846752,-0.47702144799402163,147.75113720246944,0.22544729040547537,BALANCING
2.2840000000000003,-1.0521740394684904,-0.4735857424397621,147.56963086357578,0.22511240724931658,BALANCING
2.286,-1.0531175140655322,-0.4701569241685458,147.38797463147029,0.22477744520657048,BALANCING
2.2880000000000003,-1.054054137848245,-0.4667349897726417,147.2061696546629,0.22444240588482323,BALANCING
2.29,-1.0549839245822348,-0.4633199358242001,147.02421707932015,0.22410729088783235,BALANCING
2.2920000000000003,-1.0559068880262283,-0.4599117588753191,146.8421180492665,0.22377210181553017,BALANCING
2.294,-1.0568230419320337,-0.45651045545811064,146.65987370598546,0.22343684026402694,BALANCING
2.2960000000000003,-1.0577324000445005,-0.45311602208476776,146.477485188621,0.22310150782561383,BALANCING
2.298,-1.058634976101479,-0.4497284552476295,146.2949536339786,0.22276610608876643,BALANCING
2.3000000000000003,-1.0595307838337829,-0.446347751419248,146.1122801765268,0.22243063663814777,BALANCING
2.302,-1.0604198369651463,-0.4429739070524541,145.92946594839827,0.22209510105461164,BALANCING
2.3040000000000003,-1.061302149212188,-0.4396069185804239,145.74651207939124,0.22175950091520558,BALANCING
2.306,-1.062177734284369,-0.4362467824167438,145.56341969697067,0.22142383779317454,BALANCING
2.308,-1.063046605883956,-0.4328934949554772,145.3801899262697,0.2210881132579637,BALANCING
2.31,-1.063908777705981,-0.4295470525712294,145.19682389009083,0.22075232887522195,BALANCING
2.312,-1.0647642634382024,-0.42620745161921364,145.0133227089073,0.22041648620680504,BALANCING
2.314,-1.0656130767610672,-0.422874688435317,144.82968750086448,0.22008058681077888,BALANCING
2.316,-1.066455231347672,-0.4195487593361651,144.64591938178097,0.2197446322414228,BALANCING
2.318,-1.0672907408637238,-0.4162296606191879,144.46201946515023,0.21940862404923286,BALANCING
2.32,-1.0681196189675026,-0.4129173885626851,144.27798886214174,0.2190725637809251,BALANCING
2.322,-1.068941879309823,-0.40961193942589097,144.09382868160236,0.21873645297943872,BALANCING
2.324,-1.0697575355339963,-0.40631330944903965,143.90954003005774,0.2184002931839397,BALANCING
2.326,-1.0705666012757913,-0.40302149485343053,143.7251240117137,0.2180640859298237,BALANCING
2.328,-1.0713690901633988,-0.39973649184149246,143.54058172845745,0.2177278327487197,BALANCING
2.33,-1.0721650158173919,-0.3964582965968493,143.35591427985918,0.21739153516849313,BALANCING
2.332,-1.072954391850689,-0.39318690528438444,143.1711227631733,0.21705519471324924,BALANCING
2.334,-1.0737372318685177,-0.38992231405030525,142.98620827333977,0.2167188129033365,BALANCING
2.336,-1.0745135494683749,-0.386664519022208,142.80117190298566,0.21638239125534978,BALANCING
2.338,-1.0752833582399923,-0.3834135163091421,142.61601474242647,0.2160459312821339,BALANCING
2.34,-1.076046671765298,-0.3801693020016748,142.4307378796675,0.21570943449278687,BALANCING
2.342,-1.076803503618379,-0.3769318721719554,142.24534240040526,0.21537290239266324,BALANCING
2.344,-1.0775538673654461,-0.3737012228737794,142.059829388029,0.2150363364833775,BALANCING
2.346,-1.0782977765647965,-0.37047735014265254,141.87419992362192,0.2146997382628075,BALANCING
2.348,-1.0790352447667766,-0.36726024999585544,141.68845508596286,0.21436310922509783,BALANCING
2.35,-1.0797662855137464,-0.3640499184325071,141.5025959515275,0.21402645086066302,BALANCING
2.352,-1.0804909123400435,-0.3608463514336289,141.31662359449,0.21368976465619122,BALANCING
2.354,-1.081209138771946,-0.3576495449622085,141.13053908672424,0.2133530520946473,BALANCING
2.356,-1.0819209783276373,-0.3544594949632632,140.94434349780545,0.21301631465527668,BALANCING
2.358,-1.0826264445171698,-0.35127619736390425,140.75803789501157,0.2126795538136082,BALANCING
2.36,-1.0833255508424293,-0.34809964807339977,140.57162334332475,0.21234277104145816,BALANCING
2.362,-1.0840183107970995,-0.3449298429832384,140.38510090543284,0.21200596780693315,BALANCING
2.364,-1.0847047378666268,-0.3417667779671933,140.19847164173078,0.21166914557443384,BALANCING
2.366,-1.0853848455281834,-0.3386104488813841,140.01173661032217,0.21133230580465845,BALANCING
2.368,-1.0860586472506342,-0.3354608515643412,139.82489686702073,0.21099544995460598,BALANCING
2.37,-1.0867261564945006,-0.3323179818370685,139.63795346535176,0.2106585794775798,BALANCING
2.372,-1.087387386711925,-0.32918183550310653,139.45090745655375,0.21032169582319113,BALANCING
2.374,-1.088042351346637,-0.3260524083485951,139.2637598895797,0.20998480043736248,BALANCING
2.376,-1.0886910638339182,-0.32292969614233646,139.07651181109878,0.20964789476233112,BALANCING
2.378,-1.0893335376005675,-0.31981369463585796,138.88916426549784,0.20931098023665254,BALANCING
2.38,-1.0899697860648663,-0.3167043995634749,138.7017182948828,0.20897405829520393,BALANCING
2.382,-1.0905998226365452,-0.3136018066423524,138.51417493908036,0.20863713036918782,BALANCING
2.384,-1.0912236607167487,-0.3105059115725689,138.32653523563937,0.20830019788613538,BALANCING
2.386,-1.0918413136980014,-0.30741671003717774,138.1388002198325,0.20796326226991002,BALANCING
2.388,-1.092452794964175,-0.30433419770227,137.95097092465767,0.2076263249407109,BALANCING
2.39,-1.093058117890452,-0.3012583702170362,137.76304838083968,0.20728938731507654,BALANCING
2.392,-1.0936572958432949,-0.2981892232138293,137.57503361683175,0.2069524508058881,BALANCING
2.394,-1.0942503421804104,-0.29512675230822544,137.38692765881703,0.20661551682237322,BALANCING
2.396,-1.0948372702507172,-0.2920709530990873,137.1987315307103,0.20627858677010938,BALANCING
2.398,-1.095418093394312,-0.2890218211686251,137.0104462541593,0.20594166205102737,BALANCING
2.4,-1.0959928249424364,-0.28597935208245845,136.82207284854655,0.20560474406341508,BALANCING
2.402,-1.0965614782174438,-0.28294354138967837,136.63361233099087,0.20526783420192082,BALANCING
2.404,-1.0971240665327662,-0.27991438462290846,136.44506571634884,0.20493093385755706,BALANCING
2.406,-1.0976806031928816,-0.27689187729836695,136.25643401721655,0.20459404441770393,BALANCING
2.408,-1.0982311014932817,-0.27387601491592783,136.06771824393113,0.2042571672661127,BALANCING
2.41,-1.098775574720438,-0.270866792959182,135.87891940457231,0.20392030378290954,BALANCING
2.412,-1.0993140361517708,-0.26786420689549867,135.69003850496418,0.20358345534459898,BALANCING
2.414,-1.0998464990556154,-0.26486825217608695,135.50107654867662,0.20324662332406754,BALANCING
2.416,-1.1003729766911907,-0.2618789242360559,135.31203453702702,0.20290980909058737,BALANCING
2.418,-1.1008934823085677,-0.2588962184944765,135.12291346908196,0.20257301400981975,BALANCING
2.42,-1.1014080291486352,-0.25592013035444217,134.93371434165866,0.20223623944381885,BALANCING
2.422,-1.101916630443071,-0.25295065520312937,134.74443814932678,0.2018994867510352,BALANCING
2.424,-1.102419299414307,-0.24998778841185862,134.55508588441006,0.2015627572863194,BALANCING
2.426,-1.1029160492755,-0.24703152533615505,134.3656585369878,0.20122605240092564,BALANCING
2.428,-1.103406893230499,-0.24408186131580864,134.17615709489672,0.20088937344251553,BALANCING
2.43,-1.1038918444738144,-0.24113879167493513,133.9865825437325,0.2005527217551616,BALANCING
2.432,-1.1043709161905855,-0.238202311722036,133.79693586685144,0.20021609867935086,BALANCING
2.434,-1.104844121556551,-0.23527241675005878,133.60721804537215,0.19987950555198877,BALANCING
2.436,-1.1053114737380167,-0.23234910203645745,133.41743005817727,0.19954294370640244,BALANCING
2.438,-1.1057729858918253,-0.22943236284325227,133.22757288191502,0.1992064144723447,BALANCING
2.44,-1.1062286711653249,-0.22652219441708984,133.03764749100102,0.19886991917599753,BALANCING
2.442,-1.106678542696339,-0.22361859198930317,132.8476548576199,0.19853345913997583,BALANCING
2.444,-1.107122613613136,-0.22072155077597136,132.65759595172696,0.19819703568333102,BALANCING
2.446,-1.1075608970343978,-0.21783106597797894,132.46747174105002,0.19786065012155482,BALANCING
2.448,-1.10799340606919,-0.21494713278107602,132.27728319109093,0.19752430376658298,BALANCING
2.45,-1.1084201538169325,-0.21206974635593803,132.0870312651274,0.19718799792679864,BALANCING
2.452,-1.1088411533673685,-0.20919890185822435,131.89671692421462,0.1968517339070365,BALANCING
2.454,-1.1092564178005342,-0.20633459442863847,131.7063411271871,0.19651551300858616,BALANCING
2.456,-1.1096659601867298,-0.20347681919298666,131.51590483066033,0.19617933652919614,BALANCING
2.458,-1.1100697935864898,-0.20062557126223765,131.32540898903244,0.19584320576307712,BALANCING
2.46,-1.110467931050552,-0.19778084573258112,131.13485455448603,0.19550712200090634,BALANCING
2.462,-1.1108603856198307,-0.19494263768548759,130.9442424769898,0.1951710865298306,BALANCING
2.464,-1.1112471703253841,-0.19211094218776625,130.75357370430046,0.19483510063347054,BALANCING
2.466,-1.1116282981883872,-0.1892857542916247,130.56284918196434,0.19449916559192407,BALANCING
2.468,-1.112003782220102,-0.18646706903472696,130.3720698533191,0.19416328268177033,BALANCING
2.47,-1.1123736354218487,-0.18365488144025285,130.18123665949562,0.1938274531760732,BALANCING
2.472,-1.1127378707849764,-0.18084918651695592,129.9903505394197,0.19349167834438522,BALANCING
2.474,-1.113096501290835,-0.1780499792592221,129.7994124298138,0.19315595945275124,BALANCING
2.476,-1.113449539910745,-0.17525725464712805,129.60842326519884,0.19282029776371234,BALANCING
2.478,-1.1137969996059713,-0.1724710076464997,129.41738397789595,0.19248469453630934,BALANCING
2.48,-1.1141388933276926,-0.16969123320897003,129.22629549802826,0.19214915102608687,BALANCING
2.482,-1.1144752340169741,-0.16691792627203725,129.03515875352275,0.19181366848509687,BALANCING
2.484,-1.1148060346047393,-0.164151081759123,128.84397467011186,0.19147824816190254,BALANCING
2.486,-1.1151313080117418,-0.1613906945796302,128.65274417133546,0.1911428913015821,BALANCING
2.488,-1.115451067148537,-0.1586367596290008,128.46146817854256,0.19080759914573248,BALANCING
2.49,-1.1157653249154544,-0.1558892717887735,128.2701476108932,0.19047237293247327,BALANCING
2.492,-1.1160740942025704,-0.15314822592664126,128.07878338536005,0.1901372138964504,BALANCING
2.494,-1.1163773878896799,-0.1504136168965094,127.88737641673053,0.18980212326884005,BALANCING
2.496,-1.1166752188462694,-0.14768543953855237,127.6959276176083,0.18946710227735225,BALANCING
2.498,-1.1169675999314888,-0.14496368867927156,127.5044378984153,0.18913215214623494,BALANCING
2.5,-1.117254543994125,-0.14224835913155234,127.31290816739352,0.18879727409627767,BALANCING
2.5020000000000002,-1.1175360638725744,-0.1395394456947214,127.12133933060676,0.18846246934481542,BALANCING
2.504,-1.1178121723948156,-0.13683694315460396,126.92973229194259,0.1881277391057324,BALANCING
2.5060000000000002,-1.1180828823783824,-0.13414084628358036,126.73808795311403,0.18779308458946603,BALANCING
2.508,-1.1183482066303378,-0.13145114984064324,126.54640721366152,0.18745850700301056,BALANCING
2.5100000000000002,-1.1186081579472464,-0.1287678485714545,126.35469097095474,0.18712400754992103,BALANCING
2.512,-1.1188627491151482,-0.12609093720840164,126.16294012019436,0.18678958743031715,BALANCING
2.5140000000000002,-1.1191119929095317,-0.12342041047065497,125.97115555441407,0.1864552478408871,BALANCING
2.516,-1.119355902095308,-0.12075626306422359,125.77933816448227,0.1861209899748913,BALANCING
2.5180000000000002,-1.1195944894267853,-0.11809848968201204,125.58748883910404,0.1857868150221664,BALANCING
2.52,-1.1198277676476398,-0.11544708500387693,125.39560846482293,0.18545272416912917,BALANCING
2.5220000000000002,-1.1200557494908936,-0.11280204369668281,125.20369792602293,0.18511871859878018,BALANCING
2.524,-1.1202784476788858,-0.11016336041435859,125.01175810493027,0.18478479949070784,BALANCING
2.5260000000000002,-1.1204958749232483,-0.10753102979795356,124.81978988161525,0.18445096802109226,BALANCING
2.528,-1.1207080439248789,-0.10490504647569379,124.62779413399431,0.18411722536270897,BALANCING
2.5300000000000002,-1.1209149673739172,-0.10228540506303713,124.4357717378317,0.18378357268493295,BALANCING
2.532,-1.1211166579497176,-0.09967210016272977,124.24372356674151,0.18345001115374257,BALANCING
2.5340000000000003,-1.1213131283208253,-0.0970651263648619,124.05165049218951,0.18311654193172328,BALANCING
2.536,-1.1215043911449496,-0.09446447824692314,123.8595533834951,0.18278316617807175,BALANCING
2.5380000000000003,-1.1216904590689398,-0.09187015037385823,123.66743310783312,0.18244988504859955,BALANCING
2.54,-1.1218713447287603,-0.08928213729812239,123.4752905302359,0.18211669969573716,BALANCING
2.5420000000000003,-1.1220470607494648,-0.08670043355973663,123.28312651359504,0.18178361126853795,BALANCING
2.544,-1.122217619745172,-0.08412503368634343,123.09094191866338,0.18145062091268188,BALANCING
2.5460000000000003,-1.1223830343190413,-0.08155593219326131,122.89873760405692,0.18111772977047963,BALANCING
2.548,-1.122543317063247,-0.07899312358354024,122.70651442625676,0.18078493898087644,BALANCING
2.5500000000000003,-1.1226984805589555,-0.07643660234801691,122.51427323961101,0.18045224967945597,BALANCING
2.552,-1.1228485373762993,-0.07388636296536905,122.3220148963367,0.18011966299844434,BALANCING
2.5540000000000003,-1.122993500074354,-0.07134239990217077,122.12974024652178,0.179787180066714,BALANCING
2.556,-1.123133381201113,-0.06880470761294695,121.93745013812698,0.17945480200978767,BALANCING
2.5580000000000003,-1.123268193293465,-0.06627328054022827,121.7451454169878,0.1791225299498422,BALANCING
2.56,-1.123397948877168,-0.06374811311460499,121.55282692681648,0.17879036500571274,BALANCING
2.562,-1.1235226604668276,-0.06122919975478232,121.3604955092039,0.17845830829289652,BALANCING
2.564,-1.1236423405658718,-0.05871653486763416,121.16815200362159,0.17812636092355671,BALANCING
2.566,-1.1237570016665281,-0.05621011284825789,120.9757972474236,0.1777945240065266,BALANCING
2.568,-1.1238666562497996,-0.053709928080027815,120.78343207584858,0.1774627986473134,BALANCING
2.57,-1.1239713167854422,-0.05121597493464984,120.59105732202168,0.1771311859481023,BALANCING
2.572,-1.1240709957319404,-0.04872824777221538,120.39867381695649,0.1767996870077603,BALANCING
2.574,-1.1241657055364853,-0.04624674094125519,120.20628238955712,0.17646830292184035,BALANCING
2.576,-1.1242554586349505,-0.043771448778793215,120.01388386662005,0.17613703478258516,BALANCING
2.578,-1.1243402674518694,-0.041302365610400044,119.82147907283621,0.17580588367893135,BALANCING
2.58,-1.1244201444004132,-0.03883948575024704,119.62906883079293,0.17547485069651322,BALANCING
2.582,-1.1244951018823668,-0.036382803501159494,119.43665396097593,0.17514393691766694,BALANCING
2.584,-1.1245651522881068,-0.03393231315467019,119.2442352817713,0.17481314342143447,BALANCING
2.586,-1.1246303079965794,-0.03148800899107296,119.0518136094675,0.17448247128356736,BALANCING
2.588,-1.1246905813752772,-0.029049885279475447,118.85938975825742,0.1741519215765311,BALANCING
2.59,-1.124745984780218,-0.02661793627785299,118.66696454024031,0.17382149536950878,BALANCING
2.592,-1.1247965305559204,-0.024192156233100972,118.47453876542379,0.17349119372840538,BALANCING
2.594,-1.1248422310353847,-0.021772539381088408,118.28211324172588,0.17316101771585146,BALANCING
2.596,-1.1248830985400686,-0.019359079946710486,118.08968877497706,0.17283096839120746,BALANCING
2.598,-1.1249191453798661,-0.016951772143941567,117.89726616892223,0.17250104681056755,BALANCING
2.6,-1.1249503838530857,-0.014550610175887588,117.7048462252227,0.17217125402676373,BALANCING
2.602,-1.1249768262464284,-0.012155588234839493,117.51242974345833,0.17184159108936964,BALANCING
2.604,-1.1249984848349672,-0.009766700502324588,117.32001752112944,0.171512059044705,BALANCING
2.606,-1.125015371882124,-0.007383941149160125,117.12761035365895,0.17118265893583912,BALANCING
2.608,-1.1250274996396494,-0.00500730433550471,116.9352090343943,0.17085339180259537,BALANCING
2.61,-1.1250348803476016,-0.0026367842109113874,116.74281435460958,0.1705242586815549,BALANCING
2.612,-1.1250375262343237,-0.0002723749143794177,116.55042710350753,0.17019526060606086,BALANCING
2.614,-1.1250354495164248,0.0020859294255940273,116.35804806822159,0.1698663986062223,BALANCING
2.616,-1.1250286623987573,0.004438134690961111,116.16567803381797,0.16953767370891837,BALANCING
2.618,-1.1250171770743966,0.006784246774071771,115.97331778329767,0.16920908693780218,BALANCING
2.62,-1.1250010057246216,0.009124271577622134,115.78096809759857,0.16888063931330502,BALANCING
2.622,-1.1249801605188912,0.011458215014602424,115.58862975559748,0.1685523318526403,BALANCING
2.624,-1.124954653614827,0.013786083008245586,115.39630353411216,0.16822416556980754,BALANCING
2.626,-1.1249244971581904,0.016107881491975902,115.20399020790344,0.16789614147559667,BALANCING
2.628,-1.1248897032828642,0.018423616409356733,115.01169054967728,0.16756826057759178,BALANCING
2.63,-1.1248502841108303,0.02073329371404042,114.81940533008682,0.16724052388017546,BALANCING
2.632,-1.1248062517521518,0.023036919369715754,114.62713531773447,0.16691293238453261,BALANCING
2.634,-1.1247576183049506,0.025334499350057747,114.43488127917398,0.16658548708865464,BALANCING
2.636,-1.1247043958553902,0.027626039638676214,114.24264397891253,0.16625818898734368,BALANCING
2.638,-1.1246465964776533,0.029911546229064563,114.05042417941283,0.16593103907221635,BALANCING
2.64,-1.124584232233924,0.03219102512454924,113.85822264109518,0.165604038331708,BALANCING
2.642,-1.1245173151743668,0.03446448233823892,113.66604012233957,0.16527718775107675,BALANCING
2.644,-1.1244458573371083,0.03673192389297344,113.47387737948776,0.16495048831240774,BALANCING
2.646,-1.124369870748217,0.0389933558212734,113.28173516684544,0.16462394099461686,BALANCING
2.648,-1.1242893674216838,0.04124878416528981,113.08961423668424,0.16429754677345518,BALANCING
2.65,-1.1242043593594038,0.04349821497675325,112.89751533924391,0.16397130662151282,BALANCING
2.652,-1.124114858551156,0.04574165431692394,112.70543922273438,0.1636452215082232,BALANCING
2.654,-1.1240208769745854,0.04797910825654108,112.5133866333379,0.16331929239986687,BALANCING
2.656,-1.1239224265951833,0.05021058287577306,112.32135831521111,0.16299352025957603,BALANCING
2.658,-1.1238195193662688,0.052436084264166946,112.12935501048726,0.1626679060473382,BALANCING
2.66,-1.12371216722897,0.054655618520599046,111.93737745927814,0.16234245072000056,BALANCING
2.662,-1.1236003821122058,0.05686919175322457,111.74542639967642,0.16201715523127408,BALANCING
2.664,-1.1234841759326668,0.05907681007942773,111.5535025677576,0.16169202053173742,BALANCING
2.666,-1.1233635605947967,0.061278479625772396,111.36160669758227,0.1613670475688412,BALANCING
2.668,-1.1232385479907754,0.06347420652795258,111.16973952119814,0.16104223728691217,BALANCING
2.67,-1.123109150000499,0.06566399693074218,110.97790176864224,0.16071759062715707,BALANCING
2.672,-1.1229753784915628,0.06784785698794642,110.78609416794298,0.160393108527667,BALANCING
2.674,-1.1228372453192434,0.07002579286235189,110.5943174451224,0.1600687919234214,BALANCING
2.676,-1.1226947623264798,0.07219781072567737,110.40257232419823,0.15974464174629233,BALANCING
2.678,-1.1225479413438566,0.07436391675852494,110.21085952718606,0.15942065892504836,BALANCING
2.68,-1.1223967941895856,0.0765241171503305,110.01917977410149,0.15909684438535876,BALANCING
2.682,-1.122241332669489,0.07867841809931515,109.82753378296223,0.1587731990497978,BALANCING
2.684,-1.1220815685769805,0.08082682581243615,109.63592226979038,0.15844972383784872,BALANCING
2.686,-1.1219175136930493,0.08296934650533808,109.44434594861447,0.15812641966590785,BALANCING
2.688,-1.1217491797862424,0.08510598640230431,109.25280553147164,0.15780328744728891,BALANCING
2.69,-1.1215765786126466,0.08723675173620772,109.06130172840984,0.1574803280922269,BALANCING
2.692,-1.1213997219158722,0.089361648748463,108.86983524748996,0.15715754250788244,BALANCING
2.694,-1.121218621427036,0.0914806836889778,108.67840679478802,0.1568349315983458,BALANCING
2.696,-1.1210332888647438,0.09359386281610446,108.48701707439733,0.15651249626464117,BALANCING
2.698,-1.1208437359350736,0.09570119239659154,108.29566678843065,0.15619023740473062,BALANCING
2.7,-1.1206499743315597,0.09780267870553586,108.1043566370224,0.1558681559135184,BALANCING
2.702,-1.1204520157351752,0.09989832802633442,107.91308731833084,0.15554625268285502,BALANCING
2.704,-1.1202498718143155,0.10198814665063637,107.72185952854016,0.15522452860154143,BALANCING
2.706,-1.1200435542247822,0.10407214087829499,107.53067396186279,0.1549029845553331,BALANCING
2.708,-1.1198330746097667,0.10615031701732003,107.3395313105415,0.15458162142694437,BALANCING
2.71,-1.1196184445998338,0.10822268138382982,107.14843226485162,0.1542604400960523,BALANCING
2.712,-1.119399675812906,0.11028924030200374,106.95737751310324,0.15393944143930113,BALANCING
2.714,-1.1191767798542458,0.11235000010403479,106.76636774164336,0.15361862633030626,BALANCING
2.716,-1.118949768316442,0.11440496713008194,106.57540363485816,0.15329799563965846,BALANCING
2.718,-1.1187186527793926,0.11645414772822289,106.38448587517513,0.15297755023492804,BALANCING
2.72,-1.118483444810289,0.11849754825440666,106.1936151430653,0.15265729098066907,BALANCING
2.722,-1.1182441559636003,0.12053517507240652,106.00279211704546,0.15233721873842343,BALANCING
2.724,-1.1180007977810578,0.12256703455377294,105.81201747368031,0.1520173343667251,BALANCING
2.726,-1.1177533817916403,0.12459313307778642,105.62129188758476,0.1516976387211042,BALANCING
2.728,-1.117501919511557,0.12661347703141088,105.43061603142606,0.1513781326540914,BALANCING
2.73,-1.1172464224442338,0.1286280728092463,105.239990575926,0.1510588170152217,BALANCING
2.732,-1.1169869020802974,0.13063692681348263,105.04941618986325,0.15073969265103906,BALANCING
2.734,-1.1167233698975598,0.1326400454538526,104.85889354007546,0.15042076040510033,BALANCING
2.736,-1.1164558373610038,0.13463743514758547,104.6684232914615,0.15010202111797935,BALANCING
2.738,-1.1161843159227682,0.13662910231936054,104.47800610698368,0.14978347562727132,BALANCING
2.74,-1.1159088170221323,0.13861505340126073,104.28764264767008,0.1494651247675969,BALANCING
2.742,-1.1156293520855016,0.14059529483272634,104.09733357261662,0.1491469693706065,BALANCING
2.744,-1.1153459325263928,0.14256983306050858,103.9070795389894,0.14882901026498427,BALANCING
2.746,-1.1150585697454203,0.14453867453862393,103.71688120202687,0.14851124827645237,BALANCING
2.748,-1.1147672751302797,0.14650182572830786,103.52673921504211,0.14819368422777532,BALANCING
2.75,-1.1144720600557354,0.14845929309796885,103.33665422942505,0.14787631893876393,BALANCING
2.7520000000000002,-1.1141729358836054,0.15041108312314255,103.1466268946447,0.1475591532262797,BALANCING
2.754,-1.113869913962747,0.15235720228644622,102.9566578582514,0.14724218790423885,BALANCING
2.7560000000000002,-1.1135630056290429,0.15429765707753315,102.76674776587909,0.14692542378361673,BALANCING
2.758,-1.1132522222053873,0.1562324539930466,102.57689726124748,0.14660886167245177,BALANCING
2.7600000000000002,-1.1129375750016717,0.15816159953657488,102.38710698616438,0.14629250237584987,BALANCING
2.762,-1.1126190753147709,0.1600851002186057,102.19737758052793,0.14597634669598852,BALANCING
2.7640000000000002,-1.1122967344285302,0.16200296255648072,102.0077096823288,0.14566039543212103,BALANCING
2.766,-1.111970563613751,0.16391519307435048,101.81810392765254,0.14534464938058067,BALANCING
2.7680000000000002,-1.1116405741281763,0.16582179830312951,101.62856095068173,0.145029109334785,BALANCING
2.77,-1.1113067772164793,0.16772278478045088,101.43908138369835,0.14471377608523986,BALANCING
2.7720000000000002,-1.1109691841102487,0.16961815905062166,101.24966585708592,0.14439865041954386,BALANCING
2.774,-1.1106278060279753,0.17150792766457784,101.06031499933185,0.1440837331223924,BALANCING
2.7760000000000002,-1.1102826541750392,0.17339209717983947,100.87102943702973,0.1437690249755819,BALANCING
2.778,-1.109933739743697,0.17527067416046624,100.6818097948815,0.14345452675801404,BALANCING
2.7800000000000002,-1.109581073913068,0.17714366517701283,100.49265669569976,0.1431402392457001,BALANCING
2.782,-1.109224667849122,0.17901107680648395,100.3035707604101,0.14282616321176478,BALANCING
2.7840000000000003,-1.1088645327046656,0.18087291563229083,100.11455260805326,0.1425122994264509,BALANCING
2.786,-1.1085006796193297,0.1827291882442061,99.92560285578752,0.1421986486571233,BALANCING
2.7880000000000003,-1.108133119719558,0.18457990123832002,99.73672211889091,0.14188521166827323,BALANCING
2.79,-1.1077618641185927,0.18642506121699606,99.5479110107635,0.14157198922152242,BALANCING
2.7920000000000003,-1.107386923916463,0.1882646747888269,99.35917014292973,0.14125898207562734,BALANCING
2.794,-1.1070083101999726,0.19009874856859071,99.17050012504059,0.14094619098648356,BALANCING
2.7960000000000003,-1.106626034042687,0.19192728917720694,98.981901564876,0.14063361670712973,BALANCING
2.798,-1.1062401065049212,0.19375030324169287,98.79337506834706,0.14032125998775208,BALANCING
2.8000000000000003,-1.1058505386337283,0.1955677973951195,98.60492123949834,0.14000912157568834,BALANCING
2.802,-1.1054573414628868,0.19737977827656833,98.4165406805102,0.1396972022154323,BALANCING
2.8040000000000003,-1.105060526012889,0.1991862525310876,98.22823399170102,0.1393855026486377,BALANCING
2.806,-1.1046601032909285,0.20098722680964903,98.04000177152955,0.13907402361412274,BALANCING
2.8080000000000003,-1.1042560842908888,0.20278270776910426,97.85184461659719,0.13876276584787406,BALANCING
2.81,-1.1038484799933324,0.20457270207214168,97.6637631216503,0.13845173008305123,BALANCING
2.8120000000000003,-1.1034373013654872,0.20635721638724344,97.47575787958249,0.1381409170499908,BALANCING
2.814,-1.1030225593612373,0.2081362573886419,97.28782948143686,0.13783032747621038,BALANCING
2.816,-1.1026042649211094,0.20990983175627742,97.09997851640844,0.1375199620864134,BALANCING
2.818,-1.102182428972263,0.21167794617575464,96.9122055718464,0.13720982160249273,BALANCING
2.82,-1.1017570624284783,0.21344060733830011,96.72451123325637,0.1368999067435354,BALANCING
2.822,-1.1013281761901452,0.21519782194071949,96.53689608430273,0.13659021822582632,BALANCING
2.824,-1.1008957811442521,0.21694959668535507,96.34936070681098,0.1362807567628532,BALANCING
2.826,-1.1004598881643757,0.21869593828004272,96.16190568077003,0.13597152306531013,BALANCING
2.828,-1.1000205081106682,0.2204368534380699,95.97453158433449,0.13566251784110214,BALANCING
2.83,-1.0995776518298486,0.22217234887813297,95.78723899382699,0.13535374179534942,BALANCING
2.832,-1.0991313301551904,0.22390243132429544,95.60002848374052,0.13504519563039152,BALANCING
2.834,-1.0986815539065116,0.22562710750594503,95.41290062674074,0.13473688004579157,BALANCING
2.836,-1.0982283338901635,0.22734638415775202,95.22585599366829,0.13442879573834052,BALANCING
2.838,-1.0977716808990214,0.22906026801962726,95.03889515354113,0.1341209434020614,BALANCING
2.84,-1.0973116057124728,0.23076876583668013,94.85201867355686,0.1338133237282136,BALANCING
2.842,-1.0968481190964077,0.2324718843591763,94.66522711909501,0.13350593740529712,BALANCING
2.844,-1.0963812318032082,0.23416963034249652,94.47852105371946,0.13319878511905656,BALANCING
2.846,-1.0959109545717387,0.2358620105470948,94.29190103918066,0.1328918675524857,BALANCING
2.848,-1.095437298127335,0.2375490317384567,94.10536763541803,0.1325851853858316,BALANCING
2.85,-1.094960273181795,0.23923070068705804,93.91892140056225,0.13227873929659886,BALANCING
2.852,-1.0944798904333686,0.2409070241683232,93.73256289093766,0.13197252995955366,BALANCING
2.854,-1.0939961605667476,0.2425780089625842,93.54629266106448,0.13166655804672853,BALANCING
2.856,-1.093509094253056,0.24424366185503868,93.36011126366128,0.13136082422742593,BALANCING
2.858,-1.0930187021498408,0.24590398963570984,93.17401924964726,0.13105532916822302,BALANCING
2.86,-1.0925249949010614,0.24755899909940443,92.98801716814454,0.1307500735329756,BALANCING
2.862,-1.0920279831370812,0.24920869704567244,92.80210556648053,0.1304450579828225,BALANCING
2.864,-1.0915276774746574,0.2508530902787659,92.6162849901904,0.13014028317618984,BALANCING
2.866,-1.0910240885169318,0.2524921856075977,92.43055598301916,0.12983574976879506,BALANCING
2.868,-1.0905172268534216,0.25412598984570167,92.24491908692428,0.1295314584136515,BALANCING
2.87,-1.0900071030600103,0.2557545098111917,92.0593748420779,0.12922740976107244,BALANCING
2.872,-1.0894937276989385,0.25737775232672044,91.87392378686913,0.1289236044586753,BALANCING
2.874,-1.0889771113187947,0.25899572421944017,91.6885664579065,0.128620043151386,BALANCING
2.876,-1.0884572644545067,0.2606084323209613,91.5033033900203,0.1283167264814433,BALANCING
2.878,-1.0879341976273322,0.26221588346731245,91.3181351162649,0.12801365508840273,BALANCING
2.88,-1.0874079213448506,0.26381808449890065,91.13306216792105,0.12771082960914112,BALANCING
2.882,-1.086878446100954,0.26541504226047086,90.9480850744984,0.12740825067786088,BALANCING
2.884,-1.0863457823758382,0.2670067636010656,90.76320436373766,0.12710591892609394,BALANCING
2.886,-1.0858099406359953,0.2685932553739858,90.57842056161309,0.12680383498270628,BALANCING
2.888,-1.0852709313342035,0.27017452443675016,90.39373419233483,0.12650199947390212,BALANCING
2.89,-1.08472876490952,0.2717505776510561,90.20914577835124,0.12620041302322807,BALANCING
2.892,-1.084183451787273,0.27332142188273967,90.02465584035127,0.12589907625157748,BALANCING
2.894,-1.083635002379052,0.2748870640017362,89.84026489726685,0.12559798977719475,BALANCING
2.896,-1.0830834270827008,0.27644751088203995,89.65597346627517,0.12529715421567925,BALANCING
2.898,-1.0825287362823086,0.27800276940166635,89.47178206280117,0.12499657017999004,BALANCING
2.9,-1.0819709403482034,0.27955284644261125,89.28769120051982,0.12469623828044982,BALANCING
2.902,-1.0814100496369423,0.28109774889081196,89.10370139135848,0.12439615912474924,BALANCING
2.904,-1.0808460744913049,0.2826374836361083,88.91981314549933,0.12409633331795109,BALANCING
2.906,-1.0802790252402854,0.28417205757220365,88.73602697138172,0.12379676146249469,BALANCING
2.908,-1.0797089121990842,0.28570147759662573,88.55234337570448,0.12349744415820006,BALANCING
2.91,-1.0791357456691009,0.2872257506106877,88.36876286342837,0.12319838200227216,BALANCING
2.912,-1.0785595359379267,0.28874488351944944,88.18528593777846,0.12289957558930517,BALANCING
2.914,-1.0779802932793372,0.29025888323167853,88.00191310024641,0.12260102551128671,BALANCING
2.916,-1.077398027953284,0.2917677566598122,87.81864485059297,0.12230273235760214,BALANCING
2.918,-1.0768127502058886,0.2932715107199182,87.63548168685023,0.12200469671503872,BALANCING
2.92,-1.0762244702694348,0.2947701523316566,87.45242410532408,0.12170691916778992,BALANCING
2.922,-1.075633198362361,0.2962636884182412,87.26947260059661,0.12140940029745972,BALANCING
2.924,-1.075038944689254,0.2977521259064015,87.08662766552841,0.1211121406830668,BALANCING
2.926,-1.0744417194408415,0.2992354717263442,86.903889791261,0.12081514090104872,BALANCING
2.928,-1.073841532793985,0.30071373281171526,86.72125946721923,0.12051840152526633,BALANCING
2.93,-1.0732383949116737,0.30218691609956183,86.53873718111359,0.12022192312700782,BALANCING
2.932,-1.0726323159430173,0.30365502853029425,86.3563234189427,0.11992570627499319,BALANCING
2.934,-1.0720233060232387,0.30511807704764804,86.17401866499557,0.11962975153537832,BALANCING
2.936,-1.0714113752736683,0.30657606859864617,85.99182340185412,0.11933405947175928,BALANCING
2.938,-1.0707965338017376,0.30802901013356176,85.80973811039544,0.11903863064517664,BALANCING
2.94,-1.0701787917009715,0.3094769086058796,85.62776326979431,0.11874346561411961,BALANCING
2.942,-1.0695581590509835,0.3109197709722596,85.44589935752546,0.11844856493453039,BALANCING
2.944,-1.0689346459174682,0.31235760419249825,85.26414684936604,0.11815392915980824,BALANCING
2.946,-1.0683082623521956,0.31379041522949236,85.08250621939797,0.117859558840814,BALANCING
2.948,-1.0676790183930043,0.31521821104920095,84.90097794001039,0.11756545452587407,BALANCING
2.95,-1.0670469240637968,0.31664099862060857,84.71956248190197,0.11727161676078485,BALANCING
2.952,-1.0664119893745323,0.31805878491568773,84.53826031408342,0.11697804608881687,BALANCING
2.954,-1.0657742243212205,0.3194715769093621,84.35707190387971,0.11668474305071909,BALANCING
2.956,-1.0651336388859172,0.32087938157946977,84.17599771693264,0.11639170818472311,BALANCING
2.958,-1.0644902430367174,0.3222822059067259,83.99503821720317,0.11609894202654744,BALANCING
2.96,-1.063844046727749,0.32368005687468626,83.81419386697378,0.11580644510940173,BALANCING
2.962,-1.0631950598991693,0.3250729414697106,83.63346512685088,0.11551421796399096,BALANCING
2.964,-1.0625432924771574,0.3264608666809257,83.4528524557673,0.11522226111851988,BALANCING
2.966,-1.061888754373909,0.3278438395001893,83.27235631098455,0.11493057509869699,BALANCING
2.968,-1.0612314554876325,0.32922186692205313,83.09197714809531,0.11463916042773895,BALANCING
2.97,-1.0605714057025415,0.33059495594372695,82.91171542102585,0.11434801762637477,BALANCING
2.972,-1.059908614888851,0.33196311356504216,82.73157158203831,0.11405714721285004,BALANCING
2.974,-1.059243092902772,0.3333263467884155,82.55154608173326,0.1137665497029312,BALANCING
2.976,-1.058574849586506,0.3346846626188132,82.371639369052,0.11347622560990978,BALANCING
2.978,-1.0579038947682395,0.3360380680637145,82.19185189127899,0.1131861754446066,BALANCING
2.98,-1.0572302382621406,0.33738657013307605,82.01218409404424,0.11289639971537604,BALANCING
2.982,-1.0565538898683522,0.33873017583929615,81.83263642132579,0.11260689892811028,BALANCING
2.984,-1.0558748593729883,0.3400688921971786,81.65320931545199,0.11231767358624353,BALANCING
2.986,-1.0551931565481294,0.34140272622389733,81.473903217104,0.1120287241907562,BALANCING
2.988,-1.054508791151817,0.34273168493896045,81.2947185653182,0.11174005124017929,BALANCING
2.99,-1.0538217729280488,0.3440557753641753,81.11565579748856,0.1114516552305985,BALANCING
2.992,-1.0531321116067758,0.3453750045236123,80.93671534936902,0.11116353665565847,BALANCING
2.994,-1.0524398169038958,0.34668937944357003,80.75789765507602,0.1108756960065671,BALANCING
2.996,-1.0517448985212499,0.34799890715253984,80.57920314709075,0.11058813377209965,BALANCING
2.998,-1.0510473661466189,0.3493035946811706,80.4006322562617,0.1103008504386031,BALANCING
3.0,-1.0503472294537173,0.35060344906223384,80.22218541180696,0.11001384649000029,BALANCING
3.0020000000000002,-1.0496444981021904,0.3518984773305884,80.04386304131673,0.10972712240779424,BALANCING
3.004,-1.0489391817376104,0.35318868652314545,79.86566557075567,0.1094406786710723,BALANCING
3.0060000000000002,-1.0482312899914705,0.354474083678834,79.68759342446533,0.10915451575651036,BALANCING
3.008,-1.0475208324811829,0.3557546758385658,79.50964702516659,0.10886863413837722,BALANCING
3.0100000000000002,-1.0468078188100745,0.3570304700452008,79.33182679396198,0.10858303428853865,BALANCING
3.012,-1.0460922585673813,0.3583014733435122,79.15413315033825,0.10829771667646172,BALANCING
3.0140000000000002,-1.0453741613282477,0.3595676927801523,78.97656651216866,0.108012681769219,BALANCING
3.016,-1.0446535366537193,0.3608291354036183,78.79912729571541,0.10772793003149271,BALANCING
3.0180000000000002,-1.0439303940907423,0.36208580826421705,78.62181591563211,0.10744346192557913,BALANCING
3.02,-1.0432047431721583,0.36333771841403134,78.44463278496617,0.10715927791139258,BALANCING
3.0220000000000002,-1.0424765934167006,0.36458487290688574,78.2675783151612,0.10687537844646985,BALANCING
3.024,-1.0417459543289915,0.3658272787983124,78.09065291605947,0.10659176398597431,BALANCING
3.0260000000000002,-1.0410128353995391,0.3670649431455168,77.91385699590425,0.10630843498270016,BALANCING
3.028,-1.040277246104733,0.3682978730073441,77.73719096134235,0.10602539188707667,BALANCING
3.0300000000000002,-1.0395391959068419,0.3695260754442447,77.5606552174264,0.10574263514717232,BALANCING
3.032,-1.0387986942540097,0.3707495575182413,77.38425016761737,0.10546016520869907,BALANCING
3.0340000000000003,-1.0380557505802535,0.37196832629289456,77.20797621378696,0.10517798251501666,BALANCING
3.036,-1.0373103743054595,0.37318238883326943,77.03183375622002,0.10489608750713665,BALANCING
3.0380000000000003,-1.0365625748353808,0.37439175220590193,76.85582319361696,0.10461448062372675,BALANCING
3.04,-1.0358123615616333,0.37559642347876565,76.67994492309619,0.10433316230111508,BALANCING
3.0420000000000003,-1.0350597438616944,0.37679640972123807,76.50419934019651,0.10405213297329419,BALANCING
3.044,-1.0343047310988993,0.3779917180040674,76.32858683887957,0.10377139307192547,BALANCING
3.0460000000000003,-1.0335473326224387,0.37918235539933953,76.15310781153231,0.10349094302634322,BALANCING
3.048,-1.0327875577673555,0.38036832898044454,75.97776264896926,0.10321078326355901,BALANCING
3.0500000000000003,-1.0320254158545434,0.3815496458220439,75.80255174043515,0.10293091420826568,BALANCING
3.052,-1.0312609161907427,0.38272631300003745,75.62747547360715,0.10265133628284176,BALANCING
3.0540000000000003,-1.03049406806854,0.3838983375915303,75.45253423459742,0.10237204990735552,BALANCING
3.056,-1.0297248807663635,0.3850657266748001,75.27772840795551,0.1020930554995692,BALANCING
3.0580000000000003,-1.0289533635484829,0.3862284873292645,75.10305837667072,0.10181435347494332,BALANCING
3.06,-1.0281795256650055,0.3873866266354483,74.92852452217458,0.10153594424664075,BALANCING
3.0620000000000003,-1.0274033763518746,0.3885401516749508,74.75412722434328,0.10125782822553096,BALANCING
3.064,-1.0266249248308679,0.38968906953041327,74.57986686150008,0.10098000582019424,BALANCING
3.0660000000000003,-1.0258441803095946,0.390833387285487,74.4057438104177,0.10070247743692586,BALANCING
3.068,-1.025061151981494,0.3919731120248003,74.23175844632081,0.10042524347974027,BALANCING
3.0700000000000003,-1.0242758490258332,0.3931082508339266,74.0579111428884,0.10014830435037539,BALANCING
3.072,-1.0234882806077057,0.39423881079935214,73.88420227225626,0.09987166044829658,BALANCING
3.074,-1.0226984558780288,0.3953647990084441,73.71063220501935,0.09959531217070111,BALANCING
3.076,-1.021906383973543,0.39648622254941834,73.53720131023425,0.09931925991252215,BALANCING
3.078,-1.0211120740168094,0.3976030885113073,73.3639099554216,0.099043504066433,BALANCING
3.08,-1.0203155351162083,0.3987154039839288,73.19075850656851,0.09876804502285137,BALANCING
3.082,-1.0195167763659385,0.3998231760578534,73.01774732813098,0.09849288316994345,BALANCING
3.084,-1.0187158068460145,0.4009264118243733,72.84487678303633,0.09821801889362816,BALANCING
3.086,-1.0179126356222656,0.4020251183754705,72.67214723268566,0.09794345257758132,BALANCING
3.088,-1.0171072717463354,0.40311930280378533,72.49955903695623,0.0976691846032398,BALANCING
3.09,-1.0162997242556795,0.4042089722025849,72.32711255420388,0.09739521534980575,BALANCING
3.092,-1.015490002173564,0.4052941336657317,72.15480814126555,0.09712154519425079,BALANCING
3.094,-1.0146781145090658,0.40637479428765255,71.98264615346157,0.09684817451132013,BALANCING
3.096,-1.0138640702570703,0.407450961163307,71.81062694459821,0.09657510367353676,BALANCING
3.098,-1.0130478783982702,0.4085226413881563,71.63875086697003,0.09630233305120572,BALANCING
3.1,-1.0122295478991659,0.4095898420581326,71.46701827136233,0.09602986301241809,BALANCING
3.102,-1.0114090877120632,0.4106525702696075,71.29542950705357,0.09575769392305532,BALANCING
3.104,-1.0105865067750732,0.4117108331193617,71.12398492181784,0.09548582614679336,BALANCING
3.106,-1.0097618140121112,0.41276463770455346,70.95268486192722,0.09521426004510677,BALANCING
3.108,-1.008935018332896,0.4138139911226887,70.78152967215426,0.094942995977273,BALANCING
3.11,-1.0081061286329491,0.4148589004715895,70.61051969577439,0.09467203430037645,BALANCING
3.112,-1.0072751537935953,0.415899372849364,70.43965527456831,0.09440137536931266,BALANCING
3.114,-1.00644210268196,0.4169354153543759,70.26893674882452,0.09413101953679254,BALANCING
3.116,-1.0056069841509707,0.41796703508521355,70.0983644573416,0.0938609671533464,BALANCING
3.118,-1.0047698070393551,0.4189942391406603,69.92793873743078,0.09359121856732827,BALANCING
3.12,-1.003930580171642,0.42001703461966355,69.75765992491829,0.09332177412491993,BALANCING
3.122,-1.0030893123581606,0.42103542862130494,69.58752835414778,0.09305263417013517,BALANCING
3.124,-1.0022460123950394,0.42204942824477004,69.41754435798278,0.09278379904482378,BALANCING
3.126,-1.001400689064207,0.42305904058931854,69.24770826780914,0.09251526908867592,BALANCING
3.128,-1.0005533511333922,0.42406427275425396,69.0780204135374,0.09224704463922609,BALANCING
3.13,-0.9997040073561229,0.425065131838894,68.90848112360527,0.0919791260318574,BALANCING
3.132,-0.9988526664717265,0.4260616249425407,68.73909072498003,0.09171151359980563,BALANCING
3.134,-0.997999337205331,0.4270537591644505,68.56984954316097,0.09144420767416347,BALANCING
3.136,-0.9971440282678631,0.42804154160380475,68.40075790218178,0.09117720858388453,BALANCING
3.138,-0.9962867483560505,0.42902497935968026,68.23181612461305,0.09091051665578767,BALANCING
3.14,-0.9954275061524206,0.4300040795310195,68.06302453156462,0.09064413221456094,BALANCING
3.142,-0.994566310325302,0.4309788492166013,67.89438344268805,0.09037805558276582,BALANCING
3.144,-0.9937031695288234,0.4319492955150118,67.72589317617904,0.09011228708084143,BALANCING
3.146,-0.9928380924029155,0.43291542552461443,67.55755404877986,0.0898468270271085,BALANCING
3.148,-0.9919710875733105,0.43387724634352165,67.38936637578172,0.08958167573777367,BALANCING
3.15,-0.9911021636515431,0.4348347650695651,67.2213304710273,0.08931683352693347,BALANCING
3.152,-0.990231329234951,0.4357879888002667,67.05344664691305,0.08905230070657852,BALANCING
3.154,-0.9893585929066754,0.4367369246328102,66.88571521439175,0.08878807758659776,BALANCING
3.156,-0.9884839632356616,0.4376815796640116,66.71813648297483,0.0885241644747824,BALANCING
3.158,-0.9876074487766607,0.43862196099029077,66.55071076073482,0.08826056167683008,BALANCING
3.16,-0.9867290580702293,0.43955807570764255,66.3834383543078,0.0879972694963491,BALANCING
