t,theta_deg,rate_dps,wheel_rpm,duty,phase
0.0,16.0,0.0,0.0,-1,SPINUP
0.002,16.0,0.0,-6.436476596174447,-1,SPINUP
0.004,16.0,0.0,-12.801832631651454,-1,SPINUP
0.006,16.0,0.0,-19.096853960939825,-1,SPINUP
0.008,16.0,0.0,-25.32231775516197,-1,SPINUP
0.01,16.0,0.0,-31.47899259800195,-1,SPINUP
0.012,16.0,0.0,-37.56763858059332,-1,SPINUP
0.014,16.0,0.0,-43.5890073953585,-1,SPINUP
0.016,16.0,0.0,-49.543842428811296,-1,SPINUP
0.018000000000000002,16.0,0.0,-55.43287885333392,-1,SPINUP
0.02,16.0,0.0,-61.256843717939944,-1,SPINUP
0.022,16.0,0.0,-67.0164560380344,-1,SPINUP
0.024,16.0,0.0,-72.71242688418201,-1,SPINUP
0.026000000000000002,16.0,0.0,-78.34545946989454,-1,SPINUP
0.028,16.0,0.0,-83.91624923844823,-1,SPINUP
0.03,16.0,0.0,-89.42548394874186,-1,SPINUP
0.032,16.0,0.0,-94.87384376020609,-1,SPINUP
0.034,16.0,0.0,-100.26200131677466,0.0,KICK
0.036000000000000004,16.0,0.0,-99.92835103845167,1,KICK
0.038,15.996380833038861,-3.608922155542848,-92.38770506494282,1,KICK
0.04,15.985604773953636,-7.157148590776488,-84.93038029390299,1,KICK
0.042,15.967791682713013,-10.646207154776642,-77.55545605848143,1,KICK
0.044,15.943058385146378,-14.077604226159663,-70.26202186483769,1,KICK
0.046,15.91151871535819,-17.452825237753448,-63.04917727973384,1,KICK
0.048,15.873283557104104,-20.77333519024061,-55.91603181936867,1,KICK
0.05,15.828460884150614,-24.04057915502676,-48.861704839440314,1,KICK
0.052000000000000005,15.777155799639532,-27.25598276659059,-41.88532542642361,1,KICK
0.054,15.719470574478054,-30.420952704575004,-34.986032290048804,1,KICK
0.056,15.655504684774705,-33.536877165879844,-28.16297365696834,1,KICK
0.058,15.58535484834086,-36.60512632701748,-21.415307165598545,1,KICK
0.06,15.509115060277079,-39.62705279699177,-14.742199762123327,1,KICK
0.062,15.426876627662962,-42.603992060959825,-8.142827597646955,1,KICK
0.064,15.33872820336865,-45.53726291493383,-1.6163759264832758,1,KICK
0.066,15.244755819005709,-48.42816789177763,4.83796099443121,1,KICK
0.068,15.145042917034475,-51.277993678749525,11.220980005012818,1,KICK
0.07,15.039670382044594,-54.08801152683865,17.533469140407,1,KICK
0.07200000000000001,14.928716571224879,-56.85947765213864,23.776207728277623,1,KICK
0.074,14.812257344038176,-59.593633629496864,29.949966485021257,1,KICK
0.076,14.690366091116482,-62.291706778673216,36.05550761091833,1,KICK
0.078,14.563113762391012,-64.9549105432364,42.093584884232904,1,KICK
0.08,14.430568894471595,-67.58444486242068,48.06494375427264,1,KICK
0.082,14.292797637289164,-70.18149653615963,53.970321433420565,1,KICK
0.084,14.149863780014869,-72.74723958350746,59.810446988149856,1,KICK
0.08600000000000001,14.001828776268765,-75.28283559465261,65.586041429033,1,KICK
0.088,13.848751768630718,-77.78943407672101,71.29781779975634,1,KICK
0.09,13.690689612465764,-80.26817279356077,76.94648126515108,1,KICK
0.092,13.527696899075755,-82.7201780996926,82.53272919825149,1,KICK
0.094,13.359825978188784,-85.14656526860385,88.05725126639139,1,KICK
0.096,13.187126979797554,-87.54843881555695,93.520729516349,1,KICK
0.098,13.009647835357464,-89.92689281507634,98.92383845855112,1,KICK
0.1,12.827434298354907,-92.28301121327051,104.26724515034701,1,KICK
0.10200000000000001,12.640529964255983,-94.61786813513916,109.55160927836184,1,KICK
0.10400000000000001,12.44897628984547,-96.93252818700793,114.7775832399404,1,KICK
0.106,12.252812611965705,-99.2280467542264,119.94581222369075,1,KICK
0.108,12.052076165664683,-101.50547029425735,125.05693428913808,1,KICK
0.11,11.846802101762492,-103.76583662527857,130.1115804454982,1,KICK
0.112,11.637023503844938,-106.01017521041086,135.11037472958066,1,KICK
0.114,11.422771404692988,-108.23950743767868,140.05393428283128,1,KICK
0.116,11.204074802156489,-110.45484689580258,144.94286942752316,1,KICK
0.11800000000000001,10.980960674480395,-112.65719964591524,149.77778374210578,1,KICK
0.12,10.75345399509154,-114.84756448928553,154.55927413572186,1,KICK
0.122,10.521577746853932,-117.02693323112724,159.28793092190037,1,KICK
0.124,10.28535293580025,-119.19629094056246,163.96433789143563,1,KICK
0.126,10.044798604347225,-121.35661620680092,168.58907238446093,1,KICK
0.128,9.7999318440024,-123.50888139159022,173.1627053617258,0.0,BALANCING
0.13,9.554541635111796,-121.88657313720911,172.58645729086834,-1,BALANCING
0.132,9.318115741300781,-114.5555655015416,164.2429675287318,-1,BALANCING
0.134,9.096255240237234,-107.32075970002361,155.9916700803853,-1,BALANCING
0.136,8.88877024301074,-100.17964562433856,147.83154625665142,-1,BALANCING
0.138,8.69547585312411,-93.12974092152947,139.7615886244717,-1,BALANCING
0.14,8.516192111281095,-86.16859069063501,131.78080088253074,-1,BALANCING
0.14200000000000002,8.350743940809268,-79.29376715144679,123.88819773825483,-1,BALANCING
0.14400000000000002,8.198961093770633,-72.50286928850836,116.08280478616962,-1,BALANCING
0.146,8.060678097806564,-65.79352247325988,108.36365838760192,-1,BALANCING
0.148,7.935734203758046,-59.1633780670291,100.72980555171073,-0.8545924743437889,BALANCING
0.15,7.823280600334601,-53.30158049791038,94.1162159536267,-0.7236313148909299,BALANCING
0.152,7.7218592320525685,-48.12966391757373,88.41863238378815,-0.6079332932656459,BALANCING
0.154,7.630171841738549,-43.56629825444639,83.52869250276846,-0.5056996598573322,BALANCING
0.156,7.547073224455381,-39.539740765414784,79.35080894257776,-0.41534370198438075,BALANCING
0.158,7.4715531853230255,-35.98670597896987,75.80066337747078,-0.3354657515436022,BALANCING
0.16,7.402720623995426,-32.85136881189373,72.80387809736561,-0.26483113783292234,BALANCING
0.162,7.339789495167329,-30.084485171624117,70.29484416599969,-0.202350738627972,BALANCING
0.164,7.282066424010426,-27.642616202946133,68.21568771002246,-0.14706382342120947,BALANCING
0.166,7.22893978148793,-25.487443967214777,66.5153580592809,-0.0981229187645095,BALANCING
0.168,7.17987004747924,-23.585167780302193,65.14882337666808,-0.05478045745364539,BALANCING
0.17,7.134381309922492,-21.90597170433489,64.07636110816054,-0.01637700135171284,BALANCING
0.17200000000000001,7.092053766070613,-20.42355480787534,63.26293207662775,0.0,BALANCING
0.17400000000000002,7.052239506534678,-19.391609321357095,63.05240670691958,0.041483856066767494,BALANCING
0.176,7.014646737672628,-18.20252003122059,62.62271202750848,0.06903128971596229,BALANCING
0.178,6.979292856837589,-17.15242625491673,62.37507371899444,0.09349942877772147,BALANCING
0.18,6.945916296317369,-16.22493991197421,62.28766032180801,0.11525073214550004,BALANCING
0.182,6.914286328372569,-15.405604956362772,62.34121456369385,0.1346049284955203,BALANCING
0.184,6.884199429424104,-14.681669609602835,62.51874988389995,0.15184405372032347,BALANCING
0.186,6.8554760728664546,-14.04188544425273,62.8052827339794,0.16721689452628805,BALANCING
0.188,6.827957899977737,-13.47633015271654,63.18759643767569,0.18094290819430264,BALANCING
0.19,6.801505224353976,-12.976251209358638,63.65403288951202,0.1932156802526347,BALANCING
0.192,6.7759948305491555,-12.533927962996549,64.19430881026071,0.2042059745330077,BALANCING
0.194,6.751318032237599,-12.142549987149176,64.79935366433273,0.21406442366050016,BALANCING
0.196,6.727378959303805,-11.796109771510636,65.46116668539207,0.22292390236409723,BALANCING
0.198,6.704093046871536,-11.489308064031517,66.17269075753943,0.23090162099842046,BALANCING
0.2,6.681385702465484,-11.21747037227528,66.92770116496324,0.23810097225970972,BALANCING
0.202,6.659191130305321,-10.976473308514906,67.72070745720798,0.24461316019113902,BALANCING
0.20400000000000001,6.6374512942076125,-10.762679618111555,68.5468668838476,0.2505186371428189,BALANCING
0.20600000000000002,6.616115002754875,-10.572880867514868,69.40190803463159,0.25588837132635966,BALANCING
0.20800000000000002,6.595137102317487,-10.404246888897532,70.28206348196298,0.26078496493501546,BALANCING
0.21,6.574477765213403,-10.254281184885482,71.18401036440486,0.2652636404461531,BALANCING
0.212,6.55410186178966,-10.120781590745874,72.10481797502875,0.269373110646038,BALANCING
0.214,6.533978406531878,-10.001805574226783,73.0419015287856,0.2731563460849714,BALANCING
0.216,6.514080069474372,-9.895639626310142,73.99298138043619,0.2766512520548138,BALANCING
0.218,6.494382745212368,-9.800772260593588,74.95604705045771,0.279891265755422,BALANCING
0.22,6.474865172725414,-9.715870195872933,75.92932549209773,0.2829058830590638,BALANCING
0.222,6.455508600021657,-9.639757346650601,76.91125309957168,0.28572112317264897,BALANCING
0.224,6.43629648831889,-9.571396290536512,77.90045101634658,0.28835993851914576,BALANCING
0.226,6.417214251101204,-9.509871920533717,78.89570335445059,0.2908425762964357,BALANCING
0.228,6.398249023939637,-9.454377024626114,79.89593798161596,0.29318689741048903,BALANCING
0.23,6.379389461449887,-9.404199565452386,80.90020957352233,0.29540865780813375,BALANCING
0.232,6.360625558187814,-9.358711459637169,81.90768466409814,0.2975217566422527,BALANCING
0.234,6.341948490660561,-9.317358679979463,82.91762845831963,0.2995384551796474,BALANCING
0.23600000000000002,6.323350477963897,-9.279652524541623,83.92939319971886,0.3014695699008236,BALANCING
0.23800000000000002,6.304824658849834,-9.245161915068417,84.9424079093083,0.30332464283430927,BALANCING
0.24,6.286364983287482,-9.21350660338426,85.95616933423926,0.3051120918094178,BALANCING
0.242,6.267966116808445,-9.184351178723169,86.97023396357245,0.306839342994952,BALANCING
0.244,6.249623356129533,-9.15739978156603,87.98421098535356,0.30851294781223576,BALANCING
0.246,6.231332554723251,-9.132391440691832,88.99775607401817,0.3101386860646507,BALANCING
0.248,6.213090057163256,-9.109095959969304,90.0105659102346,0.31172165690867837,BALANCING
0.25,6.19489264121026,-9.087310290077449,91.02237334683299,0.3132663590998659,BALANCING
0.252,6.176737466725817,-9.06685532798436,92.03294314465052,0.314776761778149,BALANCING
0.254,6.158622030609011,-9.047573093753776,93.04206821110184,0.31625636690789,BALANCING
0.256,6.140544127045967,-9.029324240194313,94.04956628220569,0.3177082643564993,BALANCING
0.258,6.122501812445843,-9.0119858561108,95.05527699578616,0.3191351804795156,BALANCING
0.26,6.104493374510762,-8.995449528543459,96.05905930973054,0.3205395209777007,BALANCING
0.262,6.086517304952322,-8.979619633461448,97.06078922462325,0.32192340870145086,BALANCING
0.264,6.068572275424774,-8.964411827977047,98.06035777487082,0.32328871699821454,BALANCING
0.266,6.050657116295615,-8.94975172032208,99.05766925666421,0.32463709912837385,BALANCING
0.268,6.032770797919091,-8.935573696629222,100.05263966485596,0.3259700142131009,BALANCING
0.27,6.014912414117527,-8.92181988603154,101.04519531412205,0.3272887501230542,BALANCING
0.272,5.9970811676101725,-8.908439247773133,102.03527162268198,0.3285944436685772,BALANCING
0.274,5.97927635715998,-8.89538676594627,103.02281203941195,0.32988809840953875,BALANCING
0.276,5.9614973662357595,-8.882622739166303,104.00776709744565,0.3311706003654526,BALANCING
0.278,5.943743653011059,-8.870112153991547,104.99009357935027,0.3324427318734226,BALANCING
0.28,5.926014741542179,-8.857824132214938,105.96975378072327,0.3337051838122781,BALANCING
0.28200000000000003,5.908310213986297,-8.845731443318265,106.94671486060646,0.33495856638551946,BALANCING
0.28400000000000003,5.890629703737076,-8.833810074406525,107.92094826848206,0.3362034186329848,BALANCING
0.28600000000000003,5.872972889369604,-8.822038850845757,108.89242923882165,0.3374402168211161,BALANCING
0.28800000000000003,5.855339489299221,-8.810399101626533,109.86113634522411,0.33866938184403506,BALANCING
0.29,5.837729257070097,-8.798874364180154,110.82705110711683,0.3398912857520494,BALANCING
0.292,5.820141977199284,-8.787450123996177,111.79015764282344,0.3411062575104634,BALANCING
0.294,5.802577461510783,-8.776113584938345,112.7504423635314,0.34231458807943693,BALANCING
0.296,5.785035545901835,-8.764853466639657,113.70789370333756,0.3435165348949386,BALANCING
0.298,5.767516087490487,-8.753659825784034,114.662501881118,0.3447123258214032,BALANCING
0.3,5.750018962099476,-8.742523898458423,115.6142586904706,0.34590216263837653,BALANCING
0.302,5.732544062036783,-8.731437961091222,116.56315731442004,0.34708622411609036,BALANCING
0.304,5.715091294137881,-8.72039520778572,117.50919216196638,0.3482646687284302,BALANCING
0.306,5.697660578038823,-8.709389642115655,118.4523587239015,0.34943763704604675,BALANCING
0.308,5.680251844652954,-8.69841598167783,119.39265344562196,0.3506052538473215,BALANCING
0.31,5.662865034827238,-8.687469573897767,120.33007361493446,0.3517676299804501,BALANCING
0.312,5.645500098157034,-8.676546321761702,121.2646172630862,0.35292486400598677,BALANCING
0.314,5.62815699194062,-8.665642618304632,122.196283077461,0.3540770436457312,BALANCING
0.316,5.610835680257013,-8.654755288822093,123.12507032456591,0.3552242470607924,BALANCING
0.318,5.593536133152533,-8.643881539895046,124.05097878209494,0.35636654397896583,BALANCING
0.32,5.57625832592329,-8.633018914424664,124.97400867899984,0.3575039966891928,BALANCING
0.322,5.5590022384822975,-8.622165251968402,125.89416064262377,0.35863666091876933,BALANCING
0.324,5.54176785480122,-8.611318653752425,126.81143565206553,0.35976458660713184,BALANCING
0.326,5.524555162417966,-8.600477451808969,127.7258349970392,0.3608878185884089,BALANCING
0.328,5.507364152002357,-8.589640181752383,128.63736024158186,0.3620063971934992,BALANCING
0.33,5.490194816973031,-8.57880555876484,129.5460131920375,0.36312035878116083,BALANCING
0.332,5.473047153159535,-8.567972456413278,130.45179586881298,0.3642297362064826,BALANCING
0.334,5.455921158504279,-8.557139887963814,131.35471048146147,0.36533455923411856,BALANCING
0.336,5.4388168327996596,-8.546306989899154,132.2547594067009,0.36643485490280064,BALANCING
0.338,5.421734177456194,-8.535473007379284,133.15194516902167,0.3675306478468708,BALANCING
0.34,5.404673195298019,-8.524637281416334,134.04627042357777,0.36862196057990093,BALANCING
0.342,5.38763389038253,-8.513799237561493,134.93773794109293,0.36970881374487197,BALANCING
0.34400000000000003,5.3706162678412905,-8.502958375925752,135.8263505945435,0.3707912263348523,BALANCING
0.34600000000000003,5.353620333739748,-8.49211426237717,136.712111347409,0.3718692158876549,BALANCING
0.34800000000000003,5.336646094953494,-8.48126652077598,137.5950232433054,0.3729427986575413,BALANCING
0.35000000000000003,5.319693559059146,-8.47041482612518,138.47508939683806,0.3740119897666777,BALANCING
0.352,5.302762734238113,-8.459558898528645,139.3523129855306,0.3750768033387313,BALANCING
0.354,5.2858536291917435,-8.44869849786159,140.22669724270298,0.3761372526167118,BALANCING
0.356,5.268966253066484,-8.437833419069376,141.09824545118644,0.3771933500669157,BALANCING
0.358,5.252100615387904,-8.426963488020581,141.96696093777734,0.37824510747061196,BALANCING
0.36,5.235256726002505,-8.416088557848996,142.83284706834203,0.37929253600491514,BALANCING
0.362,5.218434595026435,-8.405208505726891,143.6959072434966,0.38033564631411904,BALANCING
0.364,5.201634232800255,-8.39432323001873,144.55614489479348,0.3813744485726164,BALANCING
0.366,5.1848556498490765,-8.38343264777043,145.41356348135486,0.38240895254039825,BALANCING
0.368,5.168098856847416,-8.372536692494673,146.26816648690107,0.38343916761200464,BALANCING
0.37,5.151363864588217,-8.361635312217299,147.1199574171264,0.38446510285970115,BALANCING
0.372,5.134650683955554,-8.350728467754049,147.96893979738192,0.3854867670715616,BALANCING
0.374,5.117959325900576,-8.339816131190464,148.8151171706293,0.38650416878505667,BALANCING
0.376,5.101289801420308,-8.328898284541017,149.65849309563302,0.38751731631667974,BALANCING
0.378,5.084642121538983,-8.31797491856633,150.49907114536353,0.38852621778807483,BALANCING
0.38,5.068016297291589,-8.307046031729833,151.33685490558608,0.3895308811490822,BALANCING
0.382,5.0514123397093895,-8.296111629277442,152.17184797361367,0.39053131419806186,BALANCING
0.384,5.034830259807176,-8.285171722425748,153.00405395720423,0.39152752459981854,BALANCING
0.386,5.0182700685720345,-8.274226327645902,153.83347647358582,0.3925195199014087,BALANCING
0.388,5.00173177695348,-8.263275466031947,154.66011914859385,0.3935073075460815,BALANCING
0.39,4.98521539585476,-8.252319162743614,155.48398561590815,0.39449089488557165,BALANCING
0.392,4.968720936125222,-8.241357446514817,156.30507951637688,0.3954702891909403,BALANCING
0.394,4.952248408553598,-8.230390349220098,157.12340449741842,0.3964454976621331,BALANCING
0.396,4.935797823862106,-8.219417905492183,157.93896421249076,0.39741652743640915,BALANCING
0.398,4.91936919270127,-8.208440152384636,158.75176232062148,0.398383385595772,BALANCING
0.4,4.902962525645379,-8.197457129074284,159.5618024859904,0.39934607917352094,BALANCING
0.402,4.886577833188507,-8.186468876598715,160.3690883775593,0.400304615160027,BALANCING
0.404,4.870215125741011,-8.175475437624753,161.17362366874275,0.4012590005078242,BALANCING
0.406,4.853874413626494,-8.1644768562442,161.97541203711526,0.4022092421360965,BALANCING
0.40800000000000003,4.837555707079123,-8.153473177793682,162.77445716415085,0.4031553469346337,BALANCING
0.41000000000000003,4.821259016241306,-8.14246444869572,163.57076273499052,0.4040973217673158,BALANCING
0.41200000000000003,4.804984351161653,-8.131450716318554,164.3643324382352,0.40503517347518475,BALANCING
0.41400000000000003,4.7887317217932175,-8.120432028852488,165.1551699657604,0.40596890887914944,BALANCING
0.41600000000000004,4.772501137991956,-8.109408435200804,165.94327901255042,0.4068985347823688,BALANCING
0.418,4.756292609515398,-8.098379984883561,166.72866327654987,0.4078240579723506,BALANCING
0.42,4.740106146021504,-8.087346727952712,167.51132645853005,0.40874548522279947,BALANCING
0.422,4.723941757067666,-8.07630871491725,168.29127226196908,0.4096628232952433,BALANCING
0.424,4.707799452109871,-8.065265996677162,169.06850439294345,0.4105760789404648,BALANCING
0.426,4.69167924050197,-8.054218624465191,169.84302656003018,0.4114852588997608,BALANCING
0.428,4.6755811314950675,-8.04316664979544,170.6148424742182,0.41239036990605,BALANCING
0.43,4.6595051342369995,-8.032110124418056,171.38395584882764,0.41329141868484603,BALANCING
0.432,4.64345125777191,-8.021049100279253,172.15037039943667,0.41418841195511374,BALANCING
0.434,4.627419511039886,-8.009983629486042,172.91408984381405,0.4150813564300194,BALANCING
0.436,4.611409902876669,-7.998913764275129,173.67511790185793,0.4159702588175908,BALANCING
0.438,4.595422442013428,-7.987839556985476,174.43345829553894,0.4168551258212955,BALANCING
0.44,4.579457137076573,-7.976761060034095,175.18911474884825,0.41773596414054753,BALANCING
0.442,4.5635139965876235,-7.9656783258947055,175.94209098774888,0.4186127804711509,BALANCING
0.444,4.547593028963115,-7.954591407078903,176.6923907401309,0.41948558150568827,BALANCING
0.446,4.531694242514536,-7.943500356119543,177.44001773576917,0.4203543739338595,BALANCING
0.448,4.515817645448306,-7.932405225556102,178.18497570628418,0.42121916444277796,BALANCING
0.45,4.499963245865766,-7.921306067921744,178.92726838510492,0.422079959717228,BALANCING
0.452,4.484131051763215,-7.910202935731935,179.6668995074339,0.4229367664398892,BALANCING
0.454,4.468321071031944,-7.899095881474378,180.40387281021393,0.4237895912915303,BALANCING
0.456,4.452533311458307,-7.887984957600157,181.13819203209673,0.424638440951178,BALANCING
0.458,4.436767780723802,-7.876870216515906,181.86986091341274,0.42548332209626155,BALANCING
0.46,4.4210244864051615,-7.86575171057692,182.59888319614234,0.4263242414027385,BALANCING
0.462,4.405303435974469,-7.854629492081073,183.3252626238882,0.42716120554520026,BALANCING
0.464,4.389604636799271,-7.843503613263444,184.04900294184836,0.4279942211969644,BALANCING
0.466,4.373928096142716,-7.832374126291596,184.77010789679062,0.42882329503015104,BALANCING
0.468,4.358273821163687,-7.821241083261395,185.48858123702738,0.42964843371574807,BALANCING
0.47000000000000003,4.342641818916951,-7.81010453619334,186.20442671239127,0.4304696439236648,BALANCING
0.47200000000000003,4.327032096353312,-7.798964537029312,186.91764807421148,0.43128693232277704,BALANCING
0.47400000000000003,4.311444660319776,-7.787821137629715,187.62824907529057,0.4321003055809624,BALANCING
0.47600000000000003,4.295879517559706,-7.776674389770954,188.33623346988162,0.4329097703651296,BALANCING
0.47800000000000004,4.280336674713007,-7.765524345143214,189.04160501366619,0.43371533334124024,BALANCING
0.48,4.264816138316286,-7.754371055348499,189.74436746373223,0.4345170011743251,BALANCING
0.482,4.249317914803037,-7.743214571898902,190.44452457855277,0.4353147805284959,BALANCING
0.484,4.2338420105038255,-7.732054946215084,191.1420801179645,0.4361086780669514,BALANCING
0.486,4.218388431646465,-7.720892229624935,191.83703784314685,0.4368987004519812,BALANCING
0.488,4.202957184356209,-7.709726473362387,192.5294015166014,0.43768485434496435,BALANCING
0.49,4.18754827465594,-7.698557728566378,193.2191749021314,0.43846714640636636,BALANCING
0.492,4.172161708466358,-7.687386046279931,193.9063617648215,0.4392455832957328,BALANCING
0.494,4.156797491606172,-7.676211477449349,194.5909658710175,0.44002017167168045,BALANCING
0.496,4.1414556297923015,-7.665034072923501,195.27299098830665,0.44079091819188704,BALANCING
0.498,4.126136128640065,-7.653853883453203,195.95244088549788,0.4415578295130785,BALANCING
0.5,4.110838993663374,-7.642670959690663,196.62931933260197,0.44232091229101467,BALANCING
0.502,4.095564230274943,-7.631485352188996,197.3036301008123,0.4430801731804747,BALANCING
0.504,4.080311843786475,-7.620297111401805,197.9753769624854,0.44383561883523936,BALANCING
0.506,4.065081839408869,-7.6091062876828035,198.64456369112145,0.44458725590807374,BALANCING
0.508,4.0498742222524164,-7.59791293128549,199.31119406134547,0.44533509105070856,BALANCING
0.51,4.034688997327002,-7.58671709236286,199.97527184888799,0.44607913091382073,BALANCING
0.512,4.01952616954231,-7.575518820967156,200.63680083056607,0.44681938214701283,BALANCING
0.514,4.004385743708018,-7.5643181670496435,201.29578478426447,0.44755585139879267,BALANCING
0.516,3.9892677245340034,-7.553115180460428,201.95222748891675,0.4482885453165514,BALANCING
0.518,3.9741721166305486,-7.541909910948275,202.60613272448654,0.44901747054654223,BALANCING
0.52,3.959098924508538,-7.530702408160472,203.25750427194873,0.4497426337338577,BALANCING
0.522,3.9440481525796653,-7.519492721642705,203.90634591327097,0.4504640415224073,BALANCING
0.524,3.9290198051566345,-7.508280900838937,204.55266143139488,0.4511817005548945,BALANCING
0.526,3.914013886453365,-7.4970669950913225,205.19645461021776,0.4518956174727936,BALANCING
0.528,3.8990304005851946,-7.485851053640125,205.83772923457403,0.4526057989163265,BALANCING
0.53,3.884069351569084,-7.474633125623642,206.47648909021666,0.4533122515244387,BALANCING
0.532,3.869130743323819,-7.46341326007815,207.11273796379913,0.45401498193477624,BALANCING
0.534,3.8542145796702187,-7.452191505937852,207.74647964285677,0.45471399678366137,BALANCING
0.536,3.839320864331334,-7.440967912034836,208.37771791578874,0.45540930270606855,BALANCING
0.538,3.824449600932656,-7.429742527099038,209.0064565718397,0.4561009063356009,BALANCING
0.54,3.8096007930023195,-7.418515399758219,209.63269940108162,0.45678881430446566,BALANCING
0.542,3.794774443971307,-7.407286578537935,210.2564501943957,0.4574730332434499,BALANCING
0.544,3.779970557173654,-7.396056111861521,210.87771274345442,0.4581535697818971,BALANCING
0.546,3.7651891358466503,-7.384824048050078,211.49649084070322,0.4588304305476822,BALANCING
0.548,3.750430183131049,-7.373590435322464,212.11278827934262,0.4595036221671876,BALANCING
0.55,3.7356937020712686,-7.362355321795291,212.7266088533105,0.46017315126527886,BALANCING
0.552,3.720979695615598,-7.3511187554829105,213.33795635726386,0.46083902446528097,BALANCING
0.554,3.706288166616399,-7.33988078429743,213.94683458656104,0.4615012483889534,BALANCING
0.556,3.6916191178303164,-7.328641456048699,214.55324733724413,0.4621598296564664,BALANCING
0.558,3.6769725519184746,-7.317400818444329,215.15719840602083,0.4628147748863765,BALANCING
0.56,3.66234847144669,-7.306158919089688,215.75869159024697,0.463466090695603,BALANCING
0.562,3.647746878885669,-7.294915805487914,216.3577306879087,0.46411378369940304,BALANCING
0.5640000000000001,3.633167776611217,-7.283671525039928,216.95431949760487,0.46475786051134793,BALANCING
0.5660000000000001,3.61861116690444,-7.272426125044438,217.54846181852932,0.4653983277432995,BALANCING
0.5680000000000001,3.6040770519519514,-7.261179652697961,218.14016145045352,0.46603519200538557,BALANCING
0.5700000000000001,3.5895654338460745,-7.249932155094829,218.72942219370867,0.466668459905976,BALANCING
0.5720000000000001,3.5750763145850475,-7.238683679227213,219.3162478491686,0.4672981380516594,BALANCING
0.5740000000000001,3.560609696073227,-7.227434271985132,219.90064221823198,0.46792423304721864,BALANCING
0.5760000000000001,3.546165580121295,-7.216183980156472,220.4826091028051,0.4685467514956077,BALANCING
0.578,3.5317439684464595,-7.204932850427008,221.06215230528446,0.4691656999979273,BALANCING
0.58,3.5173448626726613,-7.193680929380416,221.63927562853928,0.46978108515340167,BALANCING
0.582,3.502968264330778,-7.1824282634983,222.2139828758944,0.470392913559355,BALANCING
0.584,3.488614174858826,-7.17117489916021,222.78627785111286,0.47100119181118766,BALANCING
0.586,3.4742825956021686,-7.159920882643659,223.3561643583788,0.47160592650235283,BALANCING
0.588,3.4599735278137156,-7.14866626012415,223.92364620228022,0.47220712422433314,BALANCING
0.59,3.44568697265413,-7.137411077675195,224.48872718779177,0.4728047915666172,BALANCING
0.592,3.4314229311920315,-7.126155381268341,225.05141112025768,0.4733989351166762,BALANCING
0.594,3.4171814044041997,-7.114899216773187,225.61170180537482,0.47398956145994126,BALANCING
0.596,3.402962393175779,-7.103642629957416,226.16960304917546,0.47457667717977936,BALANCING
0.598,3.3887658983004827,-7.092385666486811,226.72511865801044,0.4751602888574711,BALANCING
0.6,3.3745919204807944,-7.081128371925287,227.27825243853212,0.475740403072187,BALANCING
0.602,3.360440460328175,-7.069870791734908,227.82900819767758,0.47631702640096524,BALANCING
0.604,3.346311518363264,-7.058612971275923,228.37738974265164,0.4768901654186879,BALANCING
0.606,3.3322050950160844,-7.047354955806782,228.92340088091,0.4774598266980588,BALANCING
0.608,3.318121190626245,-7.036096790484166,229.46704542014263,0.4780260168095805,BALANCING
0.61,3.3040598054431456,-7.024838520363017,230.0083271682568,0.4785887423215314,BALANCING
0.612,3.2900209396261793,-7.013580190396558,230.54724993336052,0.4791480097999435,BALANCING
0.614,3.2760045932449358,-7.002321845436327,231.08381752374575,0.4797038258085794,BALANCING
0.616,3.2620107662794062,-6.9910635302322035,231.61803374787186,0.48025619690891025,BALANCING
0.618,3.2480394586201844,-6.97980528943243,232.14990241434893,0.4808051296600929,BALANCING
0.62,3.2340906700686722,-6.96854716758365,232.6794273319213,0.48135063061894756,BALANCING
0.622,3.2201644003372807,-6.9572892091309315,233.2066123094509,0.4818927063399358,BALANCING
0.624,3.206260649049634,-6.946031458417797,233.73146115590094,0.4824313633751381,BALANCING
0.626,3.1923794157407737,-6.934773959686254,234.2539776803194,0.48296660827423166,BALANCING
0.628,3.1785206998573603,-6.923516757076821,234.77416569182247,0.4834984475844683,BALANCING
0.63,3.1646845007578763,-6.912259894628566,235.29202899957852,0.48402688785065245,BALANCING
0.632,3.15087081771283,-6.901003416279127,235.80757141279136,0.4845519356151193,BALANCING
0.634,3.1370796499049582,-6.88974736586475,236.3207967406843,0.4850735974177125,BALANCING
0.636,3.123310996429427,-6.878491787120318,236.8317087924838,0.48559187979576285,BALANCING
0.638,3.1095648562940377,-6.8672367236793805,237.3403113774031,0.4861067892840661,BALANCING
0.64,3.0958412284194265,-6.855982219074189,237.84660830462627,0.48661833241486147,BALANCING
0.642,3.08214011163927,-6.844728316735727,238.35060338329194,0.48712651571780985,BALANCING
0.644,3.0684615047004846,-6.833475059993742,238.8523004224773,0.4876313457199724,BALANCING
0.646,3.0548054062634313,-6.82222249207678,239.35170323118192,0.48813282894578897,BALANCING
0.648,3.041171814902117,-6.81097065611222,239.8488156183119,0.4886309719170564,BALANCING
0.65,3.027560729104398,-6.7997195951263,240.34364139266373,0.48912578115290783,BALANCING
0.652,3.0139721472721797,-6.788469352044161,240.83618436290845,0.4896172631697906,BALANCING
0.654,3.000406067721621,-6.777219969689874,241.32644833757578,0.4901054244814454,BALANCING
0.656,2.9868624886833373,-6.7659714907864785,241.8144371250381,0.4905902715988851,BALANCING
0.658,2.9733414083025993,-6.754723957956013,242.30015453349486,0.4910718110303737,BALANCING
0.66,2.959842824639537,-6.743477413719556,242.7836043709566,0.491550049281405,BALANCING
0.662,2.946366735669343,-6.732231900497254,243.26479044522932,0.49202499285468193,BALANCING
0.664,2.9329131392824705,-6.720987460608367,243.7437165638987,0.4924966482500954,BALANCING
0.666,2.9194820332848392,-6.709744136271293,244.22038653431454,0.4929650219647038,BALANCING
0.668,2.906073415398034,-6.698501969603614,244.694804163575,0.49343012049271173,BALANCING
0.67,2.892687283259508,-6.687261002622129,245.16697325851115,0.4938919503254496,BALANCING
0.672,2.8793236344227835,-6.676021277242891,245.6368976256713,0.4943505179513532,BALANCING
0.674,2.865982466357654,-6.664782835281243,246.1045810713056,0.49480582985594246,BALANCING
0.676,2.852663776450386,-6.65354571845186,246.57002740135047,0.49525789252180163,BALANCING
0.678,2.8393675620039183,-6.6423099683687825,247.03324042141324,0.49570671242855846,BALANCING
0.68,2.8260938202380657,-6.631075626545458,247.4942239367567,0.49615229605286393,BALANCING
0.682,2.812842548289718,-6.619842734394779,247.95298175228385,0.4965946498683718,BALANCING
0.684,2.7996137432130426,-6.608611333229118,248.40951767252244,0.4970337803457185,BALANCING
0.686,2.786407401979686,-6.597381464260375,248.8638355016098,0.497469693952503,BALANCING
0.6880000000000001,2.773223521478972,-6.586153168600011,249.31593904327758,0.49790239715326645,BALANCING
0.6900000000000001,2.760062098518106,-6.57492648725909,249.76583210083655,0.49833189640947256,BALANCING
0.6920000000000001,2.7469231298223726,-6.563701461148315,250.2135184771614,0.498758198179487,BALANCING
0.6940000000000001,2.7338066120353393,-6.552478131078081,250.65900197467565,0.49918130891855794,BALANCING
0.6960000000000001,2.7207125417190543,-6.5412565377585,251.10228639533668,0.49960123507879606,BALANCING
0.6980000000000001,2.7076409153542493,-6.530036721799454,251.54337554062042,0.5000179831091549,BALANCING
0.7000000000000001,2.694591729340538,-6.51881872371063,251.98227321150662,0.500431559455411,BALANCING
0.7020000000000001,2.6815649799966184,-6.507602583901568,252.41898320846377,0.5008419705601437,BALANCING
0.704,2.668560663560471,-6.4963883426816995,252.8535093314341,0.5012492228627168,BALANCING
0.706,2.6555787761895613,-6.485176040260386,253.28585537981886,0.5016533227992582,BALANCING
0.708,2.642619313961038,-6.473965716746974,253.71602515246335,0.5020542768026401,BALANCING
0.71,2.6296822728719333,-6.462757412150826,254.1440224476421,0.5024520913024606,BALANCING
0.712,2.6167676488393643,-6.45155116638137,254.5698510630442,0.5028467727250233,BALANCING
0.714,2.603875437700731,-6.4403470192481445,254.99351479575847,0.5032383274933189,BALANCING
0.716,2.591005635213917,-6.429145010460838,255.4150174422588,0.5036267620270056,BALANCING
0.718,2.5781582370574894,-6.417945179629337,255.83436279838955,0.5040120827423898,BALANCING
0.72,2.565333238830897,-6.406747566263775,256.2515546593508,0.5043942960524077,BALANCING
0.722,2.552530636054672,-6.395552209774567,256.666596819684,0.5047734083666051,BALANCING
0.724,2.539750424170627,-6.384359149472465,257.07949307325714,0.50514942609112,BALANCING
0.726,2.5269925985420554,-6.373168424568601,257.4902472132504,0.5055223556286621,BALANCING
0.728,2.514257154453932,-6.361980074174531,257.8988630321419,0.5058922033784953,BALANCING
0.73,2.5015440871131105,-6.350794137302285,258.30534432169276,0.5062589757364181,BALANCING
0.732,2.488853391648521,-6.339610652864408,258.70969487293326,0.5066226790947455,BALANCING
0.734,2.4761850631113727,-6.328429659674017,259.11191847614816,0.5069833198422902,BALANCING
0.736,2.46353909647535,-6.31725119644484,259.5120189208625,0.5073409043643433,BALANCING
0.738,2.4509154866368124,-6.306075301791268,259.9099999958274,0.5076954390426573,BALANCING
0.74,2.438314228414992,-6.294902014228403,260.3058654890055,0.5080469302554262,BALANCING
0.742,2.425735316552193,-6.283731372172104,260.6996191875574,0.5083953843772682,BALANCING
0.744,2.413178745713991,-6.27256341393904,261.09126487782686,0.5087408077792064,BALANCING
0.746,2.4006445104894283,-6.261398177746738,261.480806345327,0.5090832068286515,BALANCING
0.748,2.3881326053912155,-6.250235701713627,261.8682473747262,0.5094225878893833,BALANCING
0.75,2.3756430248559286,-6.239076023859098,262.25359174983413,0.5097589573215322,BALANCING
0.752,2.363175763244206,-6.227919182103546,262.63684325358764,0.5100923214815619,BALANCING
0.754,2.3507308148409476,-6.216765214268426,263.01800566803666,0.5104226867222503,BALANCING
0.756,2.338308173855512,-6.205614158076298,263.39708277433067,0.5107500593926732,BALANCING
0.758,2.3259078344219137,-6.194466051150883,263.77407835270446,0.5110744458381846,BALANCING
0.76,2.313529790599023,-6.183320931017116,264.14899618246454,0.5113958524004004,BALANCING
0.762,2.3011740363707616,-6.172178835101192,264.52184004197505,0.5117142854171799,BALANCING
0.764,2.2888405656463,-6.161039800730625,264.8926137086443,0.5120297512226081,BALANCING
0.766,2.276529372260255,-6.1499038651342905,265.2613209589109,0.5123422561469787,BALANCING
0.768,2.264240449972889,-6.138771065442492,265.6279655682299,0.5126518065167758,BALANCING
0.77,2.251973792470304,-6.127641438687004,265.9925513110596,0.512958408654657,BALANCING
0.772,2.2397293933646396,-6.116515021801128,266.35508196084726,0.5132620688794357,BALANCING
0.774,2.2275072461942713,-6.105391851619747,266.71556129001624,0.5135627935060639,BALANCING
0.776,2.215307344424006,-6.094271964879385,267.073993069952,0.5138605888456146,BALANCING
0.778,2.2031296814452794,-6.083155398218249,267.4303810709888,0.5141554612052649,BALANCING
0.78,2.190974250576351,-6.072042188176295,267.7847290623961,0.5144474168882789,BALANCING
0.782,2.1788410450625024,-6.06093237119528,268.1370408123651,0.51473646219399,BALANCING
0.784,2.166730058076233,-6.049825983618815,268.4873200879958,0.5150226034177849,BALANCING
0.786,2.154641282717457,-6.038723061692425,268.835570655283,0.5153058468510854,BALANCING
0.788,2.1425747120136966,-6.027623641563601,269.1817962791035,0.5155861987813325,BALANCING
0.79,2.1305303389202823,-6.016527759281859,269.52600072320246,0.5158636654919688,BALANCING
0.792,2.1185081563205466,-6.005435450798797,269.86818775018054,0.5161382532624226,BALANCING
0.794,2.1065081570260173,-5.994346751968152,270.20836112148044,0.5164099683680897,BALANCING
0.796,2.0945303337766195,-5.983261698545857,270.5465245973739,0.5166788170803186,BALANCING
0.798,2.0825746792408646,-5.972180326190097,270.8826819369483,0.5169448056663924,BALANCING
0.8,2.0706411860160503,-5.961102670461373,271.216836898094,0.517207940389513,BALANCING
0.802,2.0587298466284527,-5.950028766822551,271.54899323749106,0.5174682275087843,BALANCING
0.804,2.046840653533524,-5.9389586506389325,271.87915471059614,0.5177256732791959,BALANCING
0.806,2.034973599116087,-5.927892357178303,272.2073250716298,0.5179802839516068,BALANCING
0.808,2.0231286756905282,-5.916829921610996,272.5335080735633,0.5182320657727292,BALANCING
0.81,2.0113058755009954,-5.905771379009957,272.85770746810596,0.5184810249851117,BALANCING
0.812,1.999505190721591,-5.894716764350795,273.17992700569215,0.5187271678271239,BALANCING
0.8140000000000001,1.9877266134565663,-5.883666112511848,273.5001704354685,0.5189705005329399,BALANCING
0.8160000000000001,1.975970135740517,-5.872619458274244,273.81844150528116,0.5192110293325221,BALANCING
0.8180000000000001,1.9642357495385765,-5.861576836321962,274.13474396166305,0.5194487604516053,BALANCING
0.8200000000000001,1.9525234467466113,-5.850538281241891,274.44908154982113,0.5196837001116811,BALANCING
0.8220000000000001,1.9408332191914146,-5.839503827523893,274.76145801362384,0.5199158545299818,BALANCING
0.8240000000000001,1.9291650586308995,-5.828473509560866,275.07187709558826,0.5201452299194645,BALANCING
0.8260000000000001,1.917518956754294,-5.817447361648806,275.3803425368679,0.5203718324887953,BALANCING
0.8280000000000001,1.905894905182335,-5.806425417986869,275.6868580772396,0.5205956684423337,BALANCING
0.8300000000000001,1.894292895467461,-5.795407712677434,275.9914274550917,0.5208167439801177,BALANCING
0.8320000000000001,1.8827129190940048,-5.784394279726168,276.29405440741084,0.5210350652978465,BALANCING
0.834,1.8711549674783896,-5.773385153042088,276.5947426697701,0.5212506385868668,BALANCING
0.836,1.8596190319693198,-5.762380366437623,276.8934959763164,0.5214634700341566,BALANCING
0.838,1.8481051038479752,-5.751379953628683,277.190318059758,0.5216735658223094,BALANCING
0.84,1.8366131743282035,-5.740383948234721,277.48521265135247,0.5218809321295196,BALANCING
0.842,1.8251432345567133,-5.729392383778798,277.7781834808941,0.5220855751295671,BALANCING
0.844,1.8136952756132678,-5.718405293687648,278.0692342767018,0.5222875009918018,BALANCING
0.846,1.8022692885108758,-5.7074227112917475,278.35836876560705,0.5224867158811282,BALANCING
0.848,1.7908652641959844,-5.696444669825372,278.6455906729413,0.5226832259579912,BALANCING
0.85,1.7794831935486732,-5.685471202426671,278.9309037225243,0.5228770373783609,BALANCING
0.852,1.7681230673828443,-5.674502342137734,279.2143116366518,0.5230681562937165,BALANCING
0.854,1.7567848764464153,-5.663538121904651,279.49581813608324,0.5232565888510329,BALANCING
0.856,1.7454686114215112,-5.6525785745775865,279.77542694003034,0.5234423411927649,BALANCING
0.858,1.7341742629246562,-5.641623732910844,280.0531417661444,0.5236254194568329,BALANCING
0.86,1.722901821506965,-5.630673629562933,280.328966330505,0.5238058297766078,BALANCING
0.862,1.7116512776543353,-5.619728297096637,280.6029043476075,0.5239835782808967,BALANCING
0.864,1.7004226217876381,-5.608787767979087,280.8749595303517,0.524158671093928,BALANCING
0.866,1.6892158442629093,-5.597852074581823,281.1451355900296,0.524331114335337,BALANCING
0.868,1.6780309353715412,-5.586921249180865,281.4134362363139,0.5245009141201515,BALANCING
0.87,1.666867885340473,-5.575995323956787,281.67986517724586,0.5246680765587772,BALANCING
0.872,1.655726684332382,-5.565074330994783,281.9444261192241,0.5248326077569833,BALANCING
0.874,1.644607322445874,-5.554158302284736,282.20712276699237,0.5249945138158884,BALANCING
0.876,1.6335097897156738,-5.543247269721289,282.4679588236283,0.5251538008319462,BALANCING
0.878,1.6224340761128162,-5.532341265103917,282.7269379905316,0.525310474896931,BALANCING
0.88,1.6113801715448361,-5.521440320136999,282.9840639674125,0.5254645420979241,BALANCING
0.882,1.600348065855958,-5.5105444664298835,283.23934045228026,0.5256160085172993,BALANCING
0.884,1.589337748827286,-5.499653735496967,283.4927711414316,0.5257648802327093,BALANCING
0.886,1.578349210176995,-5.488768158757763,283.7443597294393,0.5259111633170708,BALANCING
0.888,1.567382439560519,-5.477887767536971,283.9941099091406,0.5260548638385519,BALANCING
0.89,1.556437426570741,-5.4670125930645534,284.2420253716262,0.5261959878605575,BALANCING
0.892,1.5455141607381833,-5.456142666475809,284.48810980622847,0.5263345414417153,BALANCING
0.894,1.5346126315311948,-5.44527801881144,284.73236690051027,0.5264705306358629,BALANCING
0.896,1.5237328283561424,-5.434418681017631,284.9748003402539,0.5266039614920335,BALANCING
0.898,1.5128747405575984,-5.423564683946121,285.21541380944956,0.5267348400544423,BALANCING
0.9,1.50203835741853,-5.412716058354277,285.4542109902842,0.526863172362473,BALANCING
0.902,1.4912236681604882,-5.401872834905167,285.6911955631304,0.5269889644506651,BALANCING
0.904,1.480430661943795,-5.391035044167641,285.92637120653524,0.5271122223486986,BALANCING
0.906,1.4696593278677337,-5.380202716616394,286.1597415972093,0.527232952081383,BALANCING
0.908,1.4589096549707354,-5.3693758826320535,286.39131041001525,0.5273511596686419,BALANCING
0.91,1.4481816322305687,-5.358554572501247,286.6210813179572,0.5274668511255008,BALANCING
0.912,1.4374752485645261,-5.3477388164166815,286.8490579921696,0.5275800324620743,BALANCING
0.914,1.4267904928296131,-5.336928644477219,287.0752441019062,0.5276907096835516,BALANCING
0.916,1.4161273538227346,-5.32612408668795,287.2996433145292,0.5277988887901844,BALANCING
0.918,1.405485820280883,-5.315325172960279,287.5222592954983,0.5279045757772737,BALANCING
0.92,1.3948658808813257,-5.304531933111987,287.74309570836,0.5280077766351566,BALANCING
0.922,1.3842675242417921,-5.293744396867321,287.9621562147366,0.5281084973491939,BALANCING
0.924,1.3736907389206603,-5.282962593857067,288.17944447431563,0.5282067438997563,BALANCING
0.926,1.3631355134171446,-5.27218655361863,288.3949641448389,0.5283025222622126,BALANCING
0.928,1.3526018361714813,-5.261416305596109,288.60871888209215,0.5283958384069163,BALANCING
0.93,1.3420896955651163,-5.250651879140375,288.8207123398939,0.5284866982991933,BALANCING
0.932,1.3315990799208903,-5.239893303509155,289.03094817008514,0.5285751078993288,BALANCING
0.934,1.321129977503226,-5.229140607867108,289.2394300225187,0.5286610731625553,BALANCING
0.936,1.310682376518314,-5.218393821285901,289.4461615450488,0.5287446000390394,BALANCING
0.9380000000000001,1.300256265114298,-5.207652972744295,289.6511463835202,0.52882569447387,BALANCING
0.9400000000000001,1.2898516313814616,-5.19691809112822,289.85438818175794,0.5289043624070453,BALANCING
0.9420000000000001,1.2794684633524132,-5.186189205230858,290.05589058155704,0.5289806097734612,BALANCING
0.9440000000000001,1.2691067490022714,-5.175466343752721,290.25565722267174,0.529054442502898,BALANCING
0.9460000000000001,1.2587664762488506,-5.164749535301732,290.4536917428054,0.5291258665200091,BALANCING
0.9480000000000001,1.248447632952846,-5.154038808393315,290.64999777760005,0.5291948877443081,BALANCING
0.9500000000000001,1.2381502069180184,-5.143334191450458,290.84457896062605,0.5292615120901569,BALANCING
0.9520000000000001,1.2278741858913793,-5.132635712803813,291.03743892337195,0.5293257454667541,BALANCING
0.9540000000000001,1.2176195575633753,-5.121943400691766,291.22858129523416,0.5293875937781222,BALANCING
0.9560000000000001,1.207386309568072,-5.111257283260527,291.41800970350675,0.5294470629230958,BALANCING
0.9580000000000001,1.1971744294833395,-5.100577388564207,291.60572777337137,0.5295041587953107,BALANCING
0.96,1.1869839048310353,-5.089903744564902,291.791739127887,0.5295588872831901,BALANCING
0.962,1.1768147230771893,-5.0792363791327775,291.97604738798,0.5296112542699349,BALANCING
0.964,1.1666668716321869,-5.068575320046154,292.15865617243384,0.5296612656335101,BALANCING
0.966,1.1565403378509524,-5.057920594991583,292.33956909787946,0.5297089272466349,BALANCING
0.968,1.146435109033134,-5.04727223156394,292.5187897787848,0.5297542449767692,BALANCING
0.97,1.1363511724232847,-5.036630257266501,292.6963218274454,0.5297972246861036,BALANCING
0.972,1.1262885152110473,-5.025994699511034,292.87216885397385,0.5298378722315468,BALANCING
0.974,1.1162471245313368,-5.015365585617876,293.0463344662906,0.5298761934647152,BALANCING
0.976,1.1062269874645227,-5.004742942816027,293.2188222701135,0.5299121942319198,BALANCING
0.978,1.0962280910366127,-4.994126798243226,293.3896358689484,0.529945880374157,BALANCING
0.98,1.0862504222194334,-4.983517178946043,293.5587788640793,0.5299772577270953,BALANCING
0.982,1.0762939679308143,-4.972914111879965,293.7262548545583,0.5300063321210652,BALANCING
0.984,1.0663587150347693,-4.962317623909475,293.89206743719654,0.5300331093810476,BALANCING
0.986,1.0564446503416784,-4.951727741808148,294.0562202065539,0.5300575953266632,BALANCING
0.988,1.0465517606084693,-4.941144492258733,294.21871675492963,0.5300797957721601,BALANCING
0.99,1.0366800325387995,-4.930567901853236,294.3795606723528,0.5300997165264042,BALANCING
0.992,1.0268294527832371,-4.919997997093013,294.53875554657276,0.5301173633928677,BALANCING
0.994,1.0170000079394432,-4.909434804388858,294.69630496304933,0.5301327421696177,BALANCING
0.996,1.007191684552351,-4.8988783500610875,294.85221250494374,0.5301458586493059,BALANCING
0.998,0.9974044691143485,-4.888328660339627,295.00648175310886,0.5301567186191575,BALANCING
1.0,0.9876383480654586,-4.877785761364103,295.1591162860798,0.5301653278609606,BALANCING
1.002,0.9778933077935192,-4.867249679183932,295.3101196800647,0.5301716921510553,BALANCING
1.004,0.9681693346343637,-4.856720439758408,295.4594955089352,0.5301758172603231,BALANCING
1.006,0.9584664148720017,-4.846198068956786,295.60724734421734,0.5301777089541764,BALANCING
1.008,0.9487845347387983,-4.835682592558382,295.7533787550819,0.5301773729925476,BALANCING
1.01,0.9391236804156544,-4.825174036252655,295.8978933083355,0.5301748151298793,BALANCING
1.012,0.929483838032186,-4.814672425639298,296.04079456841123,0.5301700411151128,BALANCING
1.014,0.9198649936669041,-4.80417778622833,296.1820860973597,0.5301630566916786,BALANCING
1.016,0.9102671333473933,-4.793690143440185,296.3217714548394,0.5301538675974856,BALANCING
1.018,0.9006902430504914,-4.783209522605804,296.4598541981081,0.530142479564911,BALANCING
1.02,0.8911343087024682,-4.772735948966724,296.59633788201353,0.53012889832079,BALANCING
1.022,0.881599316179204,-4.762269447675171,296.7312260589843,0.5301131295864056,BALANCING
1.024,0.8720852513063685,-4.7518100437941495,296.86452227902106,0.530095179077478,BALANCING
1.026,0.8625920998595987,-4.741357762297536,296.99623008968746,0.5300750525041554,BALANCING
1.028,0.8531198475646777,-4.730912628070168,297.126353036101,0.5300527555710036,BALANCING
1.03,0.8436684800977122,-4.7204746659079415,297.2548946609246,0.5300282939769956,BALANCING
1.032,0.8342379830853103,-4.710043900517897,297.3818585043572,0.5300016734155021,BALANCING
1.034,0.8248283421047594,-4.699620356518319,297.50724810412527,0.5299728995742815,BALANCING
1.036,0.8154395426842036,-4.689204058438822,297.6310669954739,0.52994197813547,BALANCING
1.038,0.8060715703028206,-4.678795030720447,297.75331871115793,0.529908914775572,BALANCING
1.04,0.7967244103909991,-4.668393297715756,297.8740067814336,0.5298737151654505,BALANCING
1.042,0.7873980483305154,-4.657998883688924,297.99313473404925,0.5298363849703166,BALANCING
1.044,0.7780924694547108,-4.647611812815835,298.1107060942371,0.529796929849721,BALANCING
1.046,0.768807659048667,-4.637232109184171,298.22672438470465,0.5297553554575438,BALANCING
1.048,0.7595436023493833,-4.626859796793514,298.3411931256256,0.5297116674419847,BALANCING
1.05,0.7503002845459523,-4.616494899555433,298.4541158346318,0.5296658714455545,BALANCING
1.052,0.7410776907797358,-4.606137441293586,298.5654960268046,0.5296179731050645,BALANCING
1.054,0.731875806144541,-4.595787445743808,298.6753372146661,0.5295679780516183,BALANCING
1.056,0.7226946156867953,-4.585444936554213,298.783642908171,0.529515891910601,BALANCING
1.058,0.7135341044057222,-4.5751099372852835,298.89041661469787,0.5294617203016718,BALANCING
1.06,0.7043942572535168,-4.564782471409973,298.99566183904113,0.5294054688387535,BALANCING
1.062,0.6952750591355196,-4.554462562313797,299.09938208340225,0.5293471431300231,BALANCING
1.064,0.6861764949103926,-4.544150233294931,299.2015808473818,0.5292867487779038,BALANCING
1.066,0.6770985493902929,-4.533845507564306,299.30226162797095,0.5292242913790554,BALANCING
1.068,0.6680412073410478,-4.523548408245706,299.4014279195432,0.5291597765243644,BALANCING
1.07,0.6590044534823284,-4.513258958375865,299.4990832138462,0.5290932097989371,BALANCING
1.072,0.6499882724878242,-4.502977180904568,299.5952309999936,0.5290245967820887,BALANCING
1.074,0.6409926489854165,-4.492703098694743,299.6898747644568,0.528953943047335,BALANCING
1.076,0.6320175675573521,-4.482436734522558,299.7830179910569,0.5288812541623844,BALANCING
1.078,0.6230630127404168,-4.4721781110775245,299.87466416095657,0.5288065356891279,BALANCING
1.08,0.6141289690261085,-4.461927250962593,299.96481675265176,0.5287297931836313,BALANCING
1.082,0.6052154208608106,-4.45168417669425,300.05347924196417,0.5286510321961262,BALANCING
1.084,0.5963223526459643,-4.441448910702618,300.14065510203284,0.5285702582710013,BALANCING
1.086,0.5874497487382416,-4.431221475331556,300.2263478033062,0.528487476946794,BALANCING
1.088,0.5785975934497175,-4.421001892838755,300.31056081353444,0.5284026937561815,BALANCING
1.09,0.5697658710480428,-4.4107901853958404,300.39329759776126,0.528315914225973,BALANCING
1.092,0.5609545657566151,-4.400586375088469,300.47456161831616,0.5282271438771008,BALANCING
1.094,0.5521636617547515,-4.390390483916432,300.55435633480676,0.528136388224612,BALANCING
1.096,0.5433931431778604,-4.380202533793751,300.6326852041106,0.5280436527776599,BALANCING
1.098,0.5346429941176121,-4.370022546548783,300.7095516803677,0.5279489430394965,BALANCING
1.1,0.5259131986221103,-4.359850543924314,300.7849592149729,0.5278522645074634,BALANCING
1.102,0.5172037406960638,-4.349686547577668,300.85891125656764,0.5277536226729844,BALANCING
1.104,0.5085146043009566,-4.3395305790808,300.93141125103296,0.5276530230215567,BALANCING
1.106,0.499845773355219,-4.329382659920404,301.0024626414813,0.527550471032743,BALANCING
1.108,0.4911972317343976,-4.31924281149801,301.07206886824935,0.527445972180164,BALANCING
1.11,0.48256896327132576,-4.309111055130084,301.14023336889,0.5273395319314894,BALANCING
1.112,0.47396095175629366,-4.2989874120481355,301.20695957816525,0.5272311557484312,BALANCING
1.114,0.46537318093721824,-4.288871903398814,301.2722509280383,0.5271208490867344,BALANCING
1.116,0.45680563451981243,-4.278764550244014,301.33611084766653,0.5270086173961706,BALANCING
1.118,0.4482582961677551,-4.268665373560977,301.39854276339355,0.5268944661205289,BALANCING
1.12,0.43973114950285974,-4.258574394242395,301.4595500987421,0.5267784006976093,BALANCING
1.122,0.4312241781052438,-4.248491633096507,301.5191362744067,0.526660426559214,BALANCING
1.124,0.42273736551349733,-4.238417110847213,301.5773047082461,0.5265405491311406,BALANCING
1.1260000000000001,0.41427069522485166,-4.228350848134167,301.6340588152761,0.5264187738331737,BALANCING
1.1280000000000001,0.4058241506953477,-4.218292865512887,301.6894020076621,0.526295106079078,BALANCING
1.1300000000000001,0.39739771534000445,-4.2082431834548535,301.7433376947122,0.5261695512765907,BALANCING
1.1320000000000001,0.3889913725329863,-4.198201822347618,301.79586928286955,0.5260421148274135,BALANCING
1.1340000000000001,0.3806051056077715,-4.1881688024949035,301.84700017570543,0.5259128021272056,BALANCING
1.1360000000000001,0.3722388978573192,-4.178144144116713,301.896733773912,0.5257816185655764,BALANCING
1.1380000000000001,0.3638927325342372,-4.168127867349426,301.9450734752952,0.5256485695260782,BALANCING
1.1400000000000001,0.35556659285094877,-4.158119992245913,301.9920226747677,0.5255136603861984,BALANCING
1.1420000000000001,0.34726046197985977,-4.148120538775633,302.03758476434166,0.525376896517353,BALANCING
1.1440000000000001,0.3389743230535253,-4.138129526824738,302.0817631331219,0.5252382832848789,BALANCING
1.1460000000000001,0.33070815916481616,-4.128146976196188,302.1245611672989,0.525097826048027,BALANCING
1.1480000000000001,0.3224619533670852,-4.118172906609844,302.1659822501415,0.5249555301599549,BALANCING
1.1500000000000001,0.31423568867433355,-4.10820733770258,302.2060297619904,0.52481140096772,BALANCING
1.1520000000000001,0.30602934806137616,-4.098250289028389,302.2447070802511,0.5246654438122729,BALANCING
1.154,0.2978429144640078,-4.088301780058487,302.2820175793868,0.5245176640284493,BALANCING
1.156,0.28967637077916836,-4.078361830181419,302.31796463091183,0.5243680669449645,BALANCING
1.158,0.28152969986510795,-4.068430458703167,302.3525516033849,0.5242166578844057,BALANCING
1.16,0.27340288454155226,-4.058507684847258,302.38578186240187,0.5240634421632251,BALANCING
1.162,0.26529590758986715,-4.048593527754863,302.41765877058964,0.5239084250917336,BALANCING
1.164,0.2572087517532232,-4.038688006484914,302.44818568759877,0.5237516119740939,BALANCING
1.166,0.2491413997367603,-4.0287911400142065,302.47736597009725,0.5235930081083138,BALANCING
1.168,0.2410938342077516,-4.018902947237502,302.5052029717637,0.5234326187862394,BALANCING
1.17,0.23306603779576768,-4.009023446967646,302.53170004328075,0.5232704492935486,BALANCING
1.172,0.22505799309284008,-3.9991526579356664,302.5568605323284,0.523106504909745,BALANCING
1.174,0.21706968265362506,-3.9892905987908858,302.58068778357756,0.5229407909081506,BALANCING
1.176,0.20910108899556665,-3.9794372881010274,302.6031851386833,0.5227733125559,BALANCING
1.178,0.20115219459905992,-3.9695927443523242,302.62435593627856,0.5226040751139339,BALANCING
1.18,0.19322298190761386,-3.959756985949629,302.64420351196776,0.5224330838369923,BALANCING
1.182,0.18531343332801395,-3.9499300312165198,302.6627311983199,0.5222603439736085,BALANCING
1.184,0.17742353123048463,-3.9401118983954095,302.67994232486274,0.5220858607661033,BALANCING
1.186,0.16955325794885157,-3.9303026056476575,302.69584021807594,0.5219096394505774,BALANCING
1.188,0.16170259578070362,-3.920502171053675,302.710428201385,0.521731685256907,BALANCING
1.19,0.15387152698755466,-3.9107106126130344,302.7237095951548,0.5215520034087362,BALANCING
1.192,0.1460600337950051,-3.9009279482445836,302.7356877166833,0.5213705991234715,BALANCING
1.194,0.13826809839290333,-3.891154195786547,302.74636588019536,0.521187477612276,BALANCING
1.196,0.13049570293550675,-3.881389372996646,302.75574739683645,0.5210026440800628,BALANCING
1.198,0.12274282954164266,-3.871633497552198,302.76383557466664,0.5208161037254895,BALANCING
1.2,0.11500946029486914,-3.8618865870502357,302.77063371865404,0.5206278617409519,BALANCING
1.202,0.10729557724363531,-3.8521486590076095,302.77614513066897,0.5204379233125787,BALANCING
1.204,0.0996011624014417,-3.8424197308611046,302.78037310947775,0.5202462936202248,BALANCING
1.206,0.09192619774700027,-3.832699819967546,302.78332095073665,0.5200529778374667,BALANCING
1.208,0.08427066522439416,-3.8229889436039155,302.7849919469859,0.5198579811315954,BALANCING
1.21,0.07663454674323733,-3.8132871189674553,302.78538938764336,0.5196613086636116,BALANCING
1.212,0.06901782417883393,-3.803594363175784,302.784516558999,0.51946296558822,BALANCING
1.214,0.061420479372337376,-3.793910693267008,302.7823767442086,0.5192629570538231,BALANCING
1.216,0.05384249413090939,-3.7842361261998287,302.77897322328795,0.5190612882025165,BALANCING
1.218,0.04628385022787857,-3.7745706788536597,302.77430927310684,0.5188579641700823,BALANCING
1.22,0.03874452940289895,-3.764914368028732,302.7683881673834,0.5186529900859848,BALANCING
1.222,0.031224513362108203,-3.755267210446213,302.76121317667804,0.5184463710733639,BALANCING
1.224,0.023723783778285705,-3.745629222748311,302.7527875683877,0.5182381122490306,BALANCING
1.226,0.0162423222910103,-3.7360004214983955,302.7431146067402,0.5180282187234613,BALANCING
1.228,0.008780110506817911,-3.7263808231811018,302.73219755278825,0.5178166956007922,BALANCING
1.23,0.0013371299993588798,-3.716770444202448,302.7200396644039,0.5176035479788147,BALANCING
1.232,-0.00608663769044491,-3.7071693008899484,302.70664419627275,0.5173887809489691,BALANCING
1.234,-0.013491211054243129,-3.6975774094927205,302.6920143998884,0.5171723995963408,BALANCING
1.236,-0.020876608616100308,-3.687994786181604,302.6761535235468,0.516954408999654,BALANCING
1.238,-0.028242848932339405,-3.678421447049272,302.6590648123405,0.5167348142312672,BALANCING
1.24,-0.035589950591385575,-3.668857408110343,302.640751508153,0.5165136203571677,BALANCING
1.242,-0.04291793221361018,-3.659302685301494,302.6212168496537,0.5162908324369674,BALANCING
1.244,-0.05022681245117499,-3.649757294481576,302.6004640722918,0.5160664555238966,BALANCING
1.246,-0.05751660998787667,-3.640221251431728,302.578496408291,0.5158404946648,BALANCING
1.248,-0.06478734353899146,-3.630694571855487,302.5553170866444,0.5156129549001317,BALANCING
1.25,-0.07203903185112007,-3.621177271378906,302.5309293331083,0.5153838412639496,BALANCING
1.252,-0.07927169370203277,-3.6116693655506658,302.5053363701976,0.5151531587839119,BALANCING
1.254,-0.08648534790051492,-3.6021708698421886,302.47854141718,0.5149209124812709,BALANCING
1.256,-0.09368001328621235,-3.5926817996477562,302.45054769007055,0.5146871073708694,BALANCING
1.258,-0.1008557087294774,-3.5832021702846193,302.42135840162666,0.5144517484611353,BALANCING
1.26,-0.10801245313121477,-3.573731996993115,302.39097676134264,0.5142148407540772,BALANCING
1.262,-0.11515026542272794,-3.564271294936782,302.35940597544436,0.5139763892452799,BALANCING
1.264,-0.12226916456556562,-3.554820079202473,302.32664924688424,0.5137363989238997,BALANCING
1.266,-0.12936916955136857,-3.5453783648004733,302.29270977533577,0.5134948747726599,BALANCING
1.268,-0.13645029940171644,-3.5359461666646124,302.25759075718855,0.5132518217678461,BALANCING
1.27,-0.1435125731679751,-3.526523499652381,302.2212953855431,0.5130072448793025,BALANCING
1.272,-0.15055600993114407,-3.517110378545047,302.18382685020566,0.5127611490704261,BALANCING
1.274,-0.15758062880170398,-3.5077068180477675,302.14518833768307,0.5125135392981641,BALANCING
1.276,-0.16458644891946475,-3.4983128327897104,302.10538303117795,0.512264420513008,BALANCING
1.278,-0.17157348945341355,-3.4889284373241645,302.06441411058336,0.5120137976589904,BALANCING
1.28,-0.1785417696015633,-3.4795536461286587,302.02228475247796,0.5117616756736799,BALANCING
1.282,-0.18549130859080093,-3.4701884736050777,301.97899813012106,0.5115080594881779,BALANCING
1.284,-0.1924221256767367,-3.460832934079776,301.9345574134475,0.5112529540271132,BALANCING
1.286,-0.19933424014355278,-3.4514870418036967,301.88896576906296,0.510996364208639,BALANCING
1.288,-0.20622767130385286,-3.4421508109524863,301.8422263602388,0.5107382949444284,BALANCING
1.29,-0.21310243849851151,-3.432824255626612,301.79434234690746,0.5104787511396698,BALANCING
1.292,-0.21995856109652404,-3.4235073898514785,301.74531688565736,0.5102177376930639,BALANCING
1.294,-0.22679605849485637,-3.4142002275775436,301.69515312972834,0.509955259496819,BALANCING
1.296,-0.2336149501182953,-3.4049027826804354,301.64385422900665,0.5096913214366473,BALANCING
1.298,-0.2404152554192991,-3.3956150689610713,301.5914233300204,0.5094259283917612,BALANCING
1.3,-0.24719699387784785,-3.3863371001457714,301.5378635759347,0.509159085234869,BALANCING
1.302,-0.2539601850012949,-3.37706888988638,301.48317810654686,0.5088907968321713,BALANCING
1.304,-0.2607048483242174,-3.3678104517603784,301.42737005828195,0.5086210680433578,BALANCING
1.306,-0.26743100340826825,-3.358561799271006,301.37044256418807,0.5083499037216024,BALANCING
1.308,-0.27413866984202734,-3.3493229458473763,301.3123987539316,0.5080773087135605,BALANCING
1.31,-0.28082786724085357,-3.3400939048445935,301.2532417537928,0.5078032878593648,BALANCING
1.312,-0.2874986152467371,-3.3308746895438723,301.19297468666105,0.5075278459926222,BALANCING
1.314,-0.29415093352815136,-3.321665313152655,301.1316006720306,0.5072509879404097,BALANCING
1.316,-0.30078484177990583,-3.312465788804729,301.0691228259956,0.5069727185232707,BALANCING
1.318,-0.3074003597229988,-3.303276129560345,301.00554426124614,0.5066930425552127,BALANCING
1.32,-0.31399750710447033,-3.2940963484063355,300.9408680870634,0.5064119648437022,BALANCING
1.322,-0.32057630369725587,-3.284926458256233,300.8750974093154,0.5061294901896625,BALANCING
1.324,-0.32713676930003927,-3.275766471950389,300.80823533045253,0.5058456233874694,BALANCING
1.326,-0.3336789237371069,-3.2666164022560893,300.74028494950335,0.5055603692249492,BALANCING
1.328,-0.3402027868582013,-3.2574762618676782,300.6712493620698,0.5052737324833735,BALANCING
1.33,-0.346708378538376,-3.248346063406672,300.6011316603234,0.5049857179374577,BALANCING
1.332,-0.3531957186778493,-3.2392258194218813,300.5299349330007,0.5046963303553565,BALANCING
1.334,-0.3596648272018595,-3.230115542389526,300.4576622653989,0.5044055744986617,BALANCING
1.336,-0.3661157240605194,-3.2210152447133593,300.38431673937185,0.5041134551223982,BALANCING
1.338,-0.3725484292286719,-3.2119249387247826,300.30990143332576,0.5038199769750211,BALANCING
1.34,-0.3789629627057451,-3.2028446366829666,300.23441942221484,0.5035251447984133,BALANCING
1.342,-0.385359344515608,-3.1937743507749703,300.1578737775374,0.503228963327881,BALANCING
1.344,-0.39173759470642666,-3.1847140931158595,300.0802675673315,0.5029314372921524,BALANCING
1.346,-0.39809773335052007,-3.1756638757488274,300.00160385617085,0.5026325714133735,BALANCING
1.348,-0.40443978054421653,-3.1666237106453132,299.921885705161,0.5023323704071057,BALANCING
1.35,-0.4107637564077103,-3.1575936097051223,299.84111617193486,0.5020308389823225,BALANCING
1.352,-0.4170696810849185,-3.148573584756546,299.75929831064906,0.5017279818414072,BALANCING
1.354,-0.4233575747433381,-3.139563647556481,299.67643517197973,0.5014238036801496,BALANCING
1.356,-0.4296274575739036,-3.1305638097905497,299.5925298031184,0.5011183091877435,BALANCING
1.358,-0.4358793497908439,-3.121574083073219,299.5075852477684,0.5008115030467835,BALANCING
1.36,-0.4421132716315408,-3.112594478947921,299.42160454614066,0.5005033899332629,BALANCING
1.362,-0.44832924335638663,-3.103625008887174,299.33459073494987,0.5001939745165705,BALANCING
1.364,-0.4545272852486427,-3.0946656842927025,299.2465468474106,0.4998832614594885,BALANCING
1.366,-0.4607074176142979,-3.085716516495556,299.1574759132336,0.4995712554181892,BALANCING
1.368,-0.4668696607819274,-3.0767775167562292,299.06738095862164,0.4992579610422328,BALANCING
1.37,-0.47301403510255136,-3.0678486962647864,298.97626500626603,0.4989433829745651,BALANCING
1.372,-0.47914056094949475,-3.058930066140977,298.88413107534274,0.4986275258515144,BALANCING
1.374,-0.4852492587182465,-3.0500216374343583,298.7909821815086,0.49831039430278967,BALANCING
1.3760000000000001,-0.4913401488263191,-3.041123421124417,298.6968213368976,0.49799199295147756,BALANCING
1.3780000000000001,-0.497413251713109,-3.0322354281206887,298.6016515501172,0.4976723264140405,BALANCING
1.3800000000000001,-0.5034685878397565,-3.023357669262879,298.5054758262449,0.49735139930031397,BALANCING
1.3820000000000001,-0.5095061776890062,-3.0144901553209844,298.40829716682396,0.4970292162135043,BALANCING
1.3840000000000001,-0.5155260417650679,-3.0056328969954134,298.3101185698605,0.4967057817501864,BALANCING
1.3860000000000001,-0.5215282005934777,-2.996785904917107,298.21094302981953,0.4963811005003015,BALANCING
1.3880000000000001,-0.5275126747209583,-2.9879491896476607,298.1107735376213,0.49605517704715496,BALANCING
1.3900000000000001,-0.5334794847152817,-2.9791227616794456,298.009613080638,0.49572801596741395,BALANCING
1.3920000000000001,-0.5394286511651297,-2.970306631435728,297.9074646426902,0.49539962183110553,BALANCING
1.3940000000000001,-0.5453601946799569,-2.9615008092707935,297.8043312040431,0.49506999920161426,BALANCING
1.3960000000000001,-0.5512741358898516,-2.9527053054700656,297.7002157414034,0.49473915263568036,BALANCING
1.3980000000000001,-0.5571704954453996,-2.9439201302502287,297.5951212279156,0.49440708668339756,BALANCING
1.4000000000000001,-0.5630492940175458,-2.9351452937593496,297.48905063315885,0.494073805888211,BALANCING
1.4020000000000001,-0.5689105522974571,-2.926380806076998,297.3820069231432,0.49373931478691546,BALANCING
1.4040000000000001,-0.5747542909963864,-2.917626677214369,297.2739930603065,0.4934036179096533,BALANCING
1.4060000000000001,-0.5805805308455352,-2.908882917114405,297.1650120035109,0.49306671977991257,BALANCING
1.408,-0.5863892925959173,-2.900149535651917,297.05506670803976,0.492728624914525,BALANCING
1.41,-0.5921805970182231,-2.8914265426337056,296.944160125594,0.49238933782366445,BALANCING
1.412,-0.597954464902683,-2.882713947798684,296.83229520428915,0.49204886301084483,BALANCING
1.414,-0.6037109170589324,-2.8740117608180005,296.7194748886519,0.49170720497291853,BALANCING
1.416,-0.6094499743158759,-2.865319991295159,296.60570211961704,0.49136436820007445,BALANCING
1.418,-0.6151716575215522,-2.85663864876614,296.49097983452407,0.49102035717583675,BALANCING
1.42,-0.6208759875429996,-2.847967742699528,296.3753109671142,0.4906751763770625,BALANCING
1.422,-0.6265629852661203,-2.8393072824966255,296.25869844752714,0.4903288302739406,BALANCING
1.424,-0.6322326715955473,-2.8306572774915826,296.1411452022978,0.48998132332999,BALANCING
1.426,-0.6378850674545091,-2.8220177369515147,296.02265415435363,0.48963266000205813,BALANCING
1.428,-0.6435201937846963,-2.8133886700766273,295.90322822301107,0.4892828447403193,BALANCING
1.43,-0.6491380715461277,-2.8047700860003366,295.7828703239727,0.48893188198827325,BALANCING
1.432,-0.6547387217170172,-2.7961619937893927,295.66158336932426,0.48857977618274384,BALANCING
1.434,-0.6603221652936401,-2.787564402444002,295.5393702675316,0.48822653175387715,BALANCING
1.436,-0.6658884232902001,-2.778977320897949,295.4162339234376,0.48787215312514076,BALANCING
1.438,-0.6714375167386976,-2.7704007580187207,295.29217723825934,0.48751664471332173,BALANCING
1.44,-0.6769694666887955,-2.761834722607627,295.1672031095852,0.48716001092852557,BALANCING
1.442,-0.6824842942076886,-2.7532792233999235,295.0413144313719,0.48680225617417505,BALANCING
1.444,-0.6879820203799707,-2.744734269064937,294.9145140939414,0.4864433848470087,BALANCING
1.446,-0.6934626663075031,-2.736199868206183,294.7868049839784,0.4860834013370797,BALANCING
1.448,-0.6989262531092829,-2.727676029361494,294.6581899845272,0.4857223100277544,BALANCING
1.45,-0.7043728019213125,-2.719162761003138,294.52867197498927,0.4853601152957116,BALANCING
1.452,-0.7098023338964674,-2.7106600715379447,294.3982538311198,0.48499682151094115,BALANCING
1.454,-0.7152148702043666,-2.7021679693074243,294.2669384250258,0.4846324330367428,BALANCING
1.456,-0.7206104320312412,-2.693686462587895,294.1347286251625,0.48426695422972527,BALANCING
1.458,-0.7259890405798048,-2.685215559590602,294.0016272963313,0.483900389439805,BALANCING
1.46,-0.7313507170691231,-2.676755268461844,293.8676372996767,0.4835327430102053,BALANCING
1.462,-0.7366954827344842,-2.6683055972830916,293.7327614926836,0.4831640192774555,BALANCING
1.464,-0.7420233588272688,-2.6598665540711153,293.597002729175,0.48279422257138954,BALANCING
1.466,-0.7473343666148217,-2.651438146778105,293.4603638593089,0.48242335721514557,BALANCING
1.468,-0.7526285273803219,-2.6430203832917956,293.32284772957627,0.4820514275251646,BALANCING
1.47,-0.7579058624226545,-2.6346132714355868,293.18445718279776,0.4816784378111901,BALANCING
1.472,-0.7631663930562815,-2.6262168189686705,293.04519505812175,0.4813043923762667,BALANCING
1.474,-0.7684101406111139,-2.6178310335861505,292.9050641910215,0.4809292955167401,BALANCING
1.476,-0.7736371264323839,-2.6094559229191674,292.76406741329276,0.48055315152225525,BALANCING
1.478,-0.7788473718805163,-2.601091494535021,292.6222075530513,0.4801759646757567,BALANCING
1.48,-0.784040898331002,-2.5927377559372946,292.47948743473023,0.4797977392534872,BALANCING
1.482,-0.7892177271742695,-2.584394714565977,292.3359098790778,0.47941847952498723,BALANCING
1.484,-0.7943778798155586,-2.5760623777975864,292.19147770315493,0.4790381897530946,BALANCING
1.486,-0.7995213776747939,-2.5677407529452942,292.0461937203326,0.47865687419394337,BALANCING
1.488,-0.8046482421864574,-2.559429847259048,291.9000607402899,0.4782745370969637,BALANCING
1.49,-0.8097584947994622,-2.551129667925694,291.7530815690113,0.4778911827048812,BALANCING
1.492,-0.8148521569770272,-2.5428402220691013,291.60525900878423,0.47750681525371613,BALANCING
1.494,-0.8199292501965509,-2.5345615167502866,291.4565958581974,0.4771214389727833,BALANCING
1.496,-0.8249897959494854,-2.5262935589675353,291.3070949121376,0.47673505808469147,BALANCING
1.498,-0.8300338157412116,-2.518036355656526,291.1567589617884,0.47634767680534285,BALANCING
1.5,-0.8350613310909137,-2.5097899136904536,291.00559079462715,0.4759592993439328,BALANCING
1.502,-0.840072363531455,-2.5015542398801536,290.8535931944231,0.47556992990294944,BALANCING
1.504,-0.8450669346092523,-2.4933293409742245,290.70076894123525,0.47517957267817335,BALANCING
1.506,-0.8500450658841525,-2.485115223659153,290.5471208114099,0.47478823185867713,BALANCING
1.508,-0.855006778929308,-2.476911894559434,290.3926515775788,0.4743959116268254,BALANCING
1.51,-0.8599520953310531,-2.4687193602377,290.2373640086569,0.4740026161582742,BALANCING
1.512,-0.8648810366887801,-2.460537627194838,290.08126086984015,0.4736083496219711,BALANCING
1.514,-0.869793624614816,-2.4523667018701176,289.92434492260344,0.4732131161801548,BALANCING
1.516,-0.8746898807342997,-2.444206590641313,289.7666189246989,0.4728169199883552,BALANCING
1.518,-0.8795698266850587,-2.4360572998248267,289.6080856301531,0.4724197651953929,BALANCING
1.52,-0.8844334841174869,-2.427918835675813,289.44874778926584,0.4720216559433797,BALANCING
1.522,-0.8892808746944219,-2.4197912043883028,289.2886081486076,0.47162259636771764,BALANCING
1.524,-0.8941120200910229,-2.4116744120953237,289.1276694510178,0.47122259059710003,BALANCING
1.526,-0.8989269419946492,-2.4035684648690285,288.9659344356028,0.4708216427535106,BALANCING
1.528,-0.903725662104738,-2.395473368720815,288.8034058377338,0.47041975695222393,BALANCING
1.53,-0.9085082021326835,-2.387389129601451,288.6400863890454,0.4700169373018054,BALANCING
1.532,-0.9132745838017151,-2.3793157534011984,288.4759788174331,0.4696131879041113,BALANCING
1.534,-0.9180248288467776,-2.3712532459499354,288.31108584705174,0.4692085128542888,BALANCING
1.536,-0.9227589590144096,-2.3632016130172824,288.14541019831387,0.4688029162407763,BALANCING
1.538,-0.9274769960626236,-2.355160860312722,287.9789545878875,0.46839640214530354,BALANCING
1.54,-0.9321789617607856,-2.3471309934857274,287.8117217286943,0.4679889746428916,BALANCING
1.542,-0.9368648778894952,-2.339112018125881,287.64371432990833,0.4675806378018534,BALANCING
1.544,-0.9415347662404661,-2.3311039397630022,287.4749350969538,0.4671713956837938,BALANCING
1.546,-0.9461886486164067,-2.3231067638672687,287.30538673150335,0.4667612523436098,BALANCING
1.548,-0.9508265468309007,-2.31512049584934,287.1350719314766,0.46635021182949116,BALANCING
1.55,-0.9554484827082885,-2.3071451410604826,286.9639933910382,0.4659382781829202,BALANCING
1.552,-0.9600544780835486,-2.2991807047926915,286.79215380059617,0.465525455438673,BALANCING
1.554,-0.9646445548021785,-2.291227192278816,286.6195558468005,0.4651117476248189,BALANCING
1.556,-0.9692187347200774,-2.2832846086926826,286.44620221254115,0.4646971587627213,BALANCING
1.558,-0.9737770397034275,-2.2753529591492168,286.2720955769467,0.4642816928670383,BALANCING
1.56,-0.9783194916285772,-2.267432248704569,286.0972386153826,0.4638653539457229,BALANCING
1.562,-0.9828461123819228,-2.259522482356237,285.9216339994496,0.46344814600002354,BALANCING
1.564,-0.9873569238597919,-2.2516236650431902,285.7452843969824,0.4630300730244849,BALANCING
1.566,-0.9918519479683263,-2.243735801645991,285.5681924720479,0.46261113900694806,BALANCING
1.568,-0.9963312066233652,-2.2358588969869215,285.39036088494356,0.4621913479285514,BALANCING
1.57,-1.0007947217503286,-2.2279929558301057,285.2117922921964,0.46177070376373086,BALANCING
1.572,-1.0052425152841016,-2.220137982881631,285.03248934656096,0.46134921048022115,BALANCING
1.574,-1.0096746091689184,-2.212293982789675,284.85245469701823,0.46092687203905586,BALANCING
1.576,-1.0140910253582462,-2.204460960144627,284.6716909887741,0.4605036923945684,BALANCING
1.578,-1.01849178581467,-2.196638919479212,284.4902008632579,0.46007967549439266,BALANCING
1.58,-1.0228769125097772,-2.1888278652686135,284.307986958121,0.4596548252794639,BALANCING
1.582,-1.0272464274240427,-2.181027801930598,284.12505190723556,0.4592291456840194,BALANCING
1.584,-1.0316003525467148,-2.1732387338256385,283.9413983406931,0.45880264063559933,BALANCING
1.586,-1.0359387098756994,-2.165460665257035,283.7570288848032,0.45837531405504744,BALANCING
1.588,-1.0402615214174478,-2.157693600471043,283.57194616209205,0.45794716985651207,BALANCING
1.59,-1.0445688091868401,-2.149937543656992,283.38615279130136,0.45751821194744696,BALANCING
1.592,-1.048860595207074,-2.142192498947411,283.1996513873869,0.45708844422861217,BALANCING
1.594,-1.05313690150955,-2.134458470418153,283.01244456151755,0.4566578705940751,BALANCING
1.596,-1.057397750133758,-2.126735462088515,282.8245349210737,0.4562264949312113,BALANCING
1.598,-1.061643163127165,-2.1190234779213637,282.63592506964625,0.45579432112070567,BALANCING
1.6,-1.065873162545102,-2.111322521823259,282.44661760703525,0.4553613530365531,BALANCING
1.602,-1.0700877704506515,-2.103632597644576,282.25661512924916,0.4549275945460601,BALANCING
1.604,-1.0742870089145355,-2.095953709179628,282.065920228503,0.45449304950984515,BALANCING
1.606,-1.078470900015004,-2.0882858601667906,281.87453549321793,0.4540577217818405,BALANCING
1.608,-1.0826394658377205,-2.0806290542886248,281.68246350801957,0.45362161520929284,BALANCING
1.61,-1.086792728475655,-2.0729832951719986,281.4897068537373,0.45318473363276446,BALANCING
1.612,-1.090930710028969,-2.0653485863882133,281.2962681074029,0.4527470808861346,BALANCING
1.614,-1.095053432604906,-2.0577249314531225,281.10214984224984,0.4523086607966005,BALANCING
1.616,-1.0991609183176805,-2.0501123338272578,280.90735462771175,0.45186947718467896,BALANCING
1.618,-1.103253189288368,-2.042510796915951,280.7118850294219,0.4514295338642071,BALANCING
1.62,-1.1073302676447936,-2.034920324069458,280.51574360921194,0.4509888346423438,BALANCING
1.622,-1.111392175521423,-2.027340918583079,280.3189329251108,0.45054738331957117,BALANCING
1.624,-1.1154389350592524,-2.0197725836972853,280.12145553134417,0.4501051836896958,BALANCING
1.6260000000000001,-1.1194705684056985,-2.0122153225978385,279.9233139783331,0.44966223953984996,BALANCING
1.6280000000000001,-1.12348709771449,-2.004669138415915,279.7245108126933,0.44921855465049315,BALANCING
1.6300000000000001,-1.1274885451455579,-1.99713403422823,279.52504857723426,0.44877413279541345,BALANCING
1.6320000000000001,-1.131474932864927,-1.9896100130571577,279.32492981095834,0.4483289777417288,BALANCING
1.6340000000000001,-1.1354462830446073,-1.9820970778708555,279.1241570490597,0.44788309324988873,BALANCING
1.6360000000000001,-1.1394026178624856,-1.9745952315833872,278.9227328229238,0.4474364830736757,BALANCING
1.6380000000000001,-1.143343959502218,-1.9671044770548438,278.72065966012644,0.44698915096020625,BALANCING
1.6400000000000001,-1.1472703301531209,-1.9596248170914674,278.5179400844328,0.44654110064993324,BALANCING
1.6420000000000001,-1.1511817520100647,-1.9521562544457736,278.31457661579674,0.44609233587664693,BALANCING
1.6440000000000001,-1.1550782472733654,-1.9446987918166745,278.11057177036025,0.44564286036747647,BALANCING
1.6460000000000001,-1.1589598381486785,-1.9372524318495998,277.90592806045237,0.4451926778428917,BALANCING
1.6480000000000001,-1.1628265468468912,-1.9298171771366197,277.7006479945886,0.4447417920167049,BALANCING
1.6500000000000001,-1.166678395584017,-1.922393030216569,277.4947340774703,0.44429020659607216,BALANCING
1.6520000000000001,-1.1705154065810874,-1.9149799935751677,277.2881888099837,0.443837925281495,BALANCING
1.6540000000000001,-1.1743376020640488,-1.9075780696451423,277.0810146891996,0.4433849517668226,BALANCING
1.6560000000000001,-1.178145004263653,-1.9001872608063513,276.87321420837236,0.44293128973925266,BALANCING
1.6580000000000001,-1.1819376354153546,-1.8928075693859034,276.6647898569395,0.44247694287933403,BALANCING
1.6600000000000001,-1.1857155177592043,-1.8854389976582848,276.4557441205209,0.4420219148609679,BALANCING
1.6620000000000001,-1.1894786735397433,-1.8780815478454755,276.24607948091835,0.44156620935140967,BALANCING
1.6640000000000001,-1.1932271250059001,-1.8707352221170757,276.035798416115,0.441109830011271,BALANCING
1.666,-1.1969608944108843,-1.8634000225904266,275.8249034002744,0.4406527804945215,BALANCING
1.668,-1.2006800040120824,-1.8560759513307312,275.6133969037407,0.4401950644484904,BALANCING
1.67,-1.2043844760709543,-1.8487630103511776,275.4012813930371,0.43973668551386874,BALANCING
1.672,-1.2080743328529295,-1.8414612016130603,275.1885593308664,0.43927764732471125,BALANCING
1.674,-1.2117495966273024,-1.8341705270259023,274.97523317610967,0.4388179535084381,BALANCING
1.676,-1.2154102896671295,-1.826890988447577,274.7613053838263,0.43835760768583687,BALANCING
1.678,-1.2190564342491268,-1.8196225876844292,274.54677840525324,0.4378966134710648,BALANCING
1.68,-1.2226880526535655,-1.8123653264913975,274.3316546878047,0.4374349744716505,BALANCING
1.682,-1.2263051671641707,-1.805119206572136,274.11593667507174,0.4369726942884959,BALANCING
1.684,-1.229907800068018,-1.7978842295791355,273.8996268068217,0.4365097765158787,BALANCING
1.686,-1.2334959736554316,-1.7906603971138446,273.682727518998,0.4360462247414541,BALANCING
1.688,-1.2370697102198829,-1.783447710726792,273.4652412437196,0.4355820425462571,BALANCING
1.69,-1.2406290320578877,-1.7762461719177076,273.24717040928095,0.4351172335047043,BALANCING
1.692,-1.2441739614689056,-1.7690557821356436,273.02851744015123,0.4346518011845965,BALANCING
1.694,-1.2477045207552382,-1.7618765427790959,272.80928475697436,0.43418574914712044,BALANCING
1.696,-1.2512207322219284,-1.7547084551961252,272.5894747765685,0.4337190809468513,BALANCING
1.698,-1.2547226181766602,-1.7475515206844796,272.3690899119259,0.43325180013175457,BALANCING
1.7,-1.2582102009296567,-1.740405740491713,272.14813257221266,0.43278391024318863,BALANCING
1.702,-1.2616835027935813,-1.7332711158153087,271.9266051627682,0.43231541481590685,BALANCING
1.704,-1.2651425460834371,-1.7261476478027988,271.7045100851054,0.4318463173780598,BALANCING
1.706,-1.268587353116467,-1.719035337551886,271.4818497369102,0.4313766214511975,BALANCING
1.708,-1.2720179462120544,-1.7119341861105644,271.2586265120413,0.430906330550272,BALANCING
1.71,-1.2754343476916241,-1.7048441944772397,271.03484280053027,0.43043544818363955,BALANCING
1.712,-1.2788365798785424,-1.6977653636008496,270.8105009885811,0.42996397785306295,BALANCING
1.714,-1.2822246650980191,-1.690697694380987,270.5856034585702,0.4294919230537138,BALANCING
1.716,-1.285598625677009,-1.6836411876680175,270.36015258904627,0.4290192872741753,BALANCING
1.718,-1.2889584839441128,-1.6765958442632016,270.13415075473006,0.42854607399644445,BALANCING
1.72,-1.2923042622294798,-1.6695616649188156,269.90760032651445,0.42807228669593417,BALANCING
1.722,-1.2956359828647093,-1.6625386503382704,269.68050367146435,0.42759792884147635,BALANCING
1.724,-1.2989536681827538,-1.655526801176233,269.4528631528164,0.42712300389532404,BALANCING
1.726,-1.3022573405178213,-1.6485261180387472,269.22468112997933,0.42664751531315404,BALANCING
1.728,-1.3055470222052779,-1.6415366014833526,268.9959599585335,0.42617146654406923,BALANCING
1.73,-1.308822735581551,-1.6345582520192055,268.76670199023124,0.42569486103060145,BALANCING
1.732,-1.3120845029840333,-1.627591070107199,268.5369095729966,0.4252177022087139,BALANCING
1.734,-1.3153323467509854,-1.6206350561600829,268.30658505092555,0.4247399935078038,BALANCING
1.736,-1.3185662892214403,-1.6136902105425839,268.0757307642859,0.4242617383507048,BALANCING
1.738,-1.3217863527351075,-1.6067565335715248,267.84434904951746,0.42378294015369,BALANCING
1.74,-1.3249925596322767,-1.5998340255159447,267.61244223923205,0.4233036023264743,BALANCING
1.742,-1.3281849322537234,-1.5929226865972195,267.38001266221346,0.4228237282722172,BALANCING
1.744,-1.331363492940612,-1.58602251698918,267.1470626434179,0.42234332138752556,BALANCING
1.746,-1.334528264034403,-1.5791335168182328,266.9135945039737,0.42186238506245616,BALANCING
1.748,-1.3376792678767566,-1.5722556861634798,266.67961056118173,0.4213809226805186,BALANCING
1.75,-1.3408165268094387,-1.5653890250568365,266.44511312851546,0.420898937618678,BALANCING
1.752,-1.3439400631742275,-1.5585335334831525,266.2101045156212,0.42041643324735783,BALANCING
1.754,-1.3470498993128175,-1.5516892113803304,265.9745870283181,0.4199334129304427,BALANCING
1.756,-1.3501460575667281,-1.5448560586394446,265.73856296859856,0.419449880025281,BALANCING
1.758,-1.353228560277208,-1.5380340751048613,265.5020346346283,0.41896583788268815,BALANCING
1.76,-1.3562974297851436,-1.5312232605743572,265.26500432074664,0.41848128984694916,BALANCING
1.762,-1.3593526884309646,-1.5244236147992385,265.02747431746684,0.4179962392558215,BALANCING
1.764,-1.362394358554552,-1.5176351374844594,264.7894469114762,0.4175106894405383,BALANCING
1.766,-1.365422462495145,-1.5108578282887415,264.55092438563645,0.417024643725811,BALANCING
1.768,-1.3684370225912494,-1.5040916868246927,264.311909018984,0.4165381054298323,BALANCING
1.77,-1.3714380611805446,-1.497336712658925,264.0724030867303,0.4160510778642793,BALANCING
1.772,-1.3744256005997921,-1.4905929053121738,263.8324088602621,0.41556356433431646,BALANCING
1.774,-1.3773996631847443,-1.483860264259417,263.59192860714177,0.4150755681385984,BALANCING
1.776,-1.3803602712700522,-1.4771387889299914,263.35096459110787,0.41458709256927323,BALANCING
1.778,-1.383307447189175,-1.4704284787077135,263.10951907207516,0.41409814091198544,BALANCING
1.78,-1.3862412132742894,-1.4637293329309962,262.8675943061354,0.4136087164458789,BALANCING
1.782,-1.3891615918561975,-1.4570413508929674,262.62519254555735,0.4131188224436001,BALANCING
1.784,-1.3920686052642377,-1.4503645318415883,262.3823160387876,0.4126284621713011,BALANCING
1.786,-1.3949622758261944,-1.4436988749797712,262.1389670304506,0.41213763888864297,BALANCING
1.788,-1.3978426258682073,-1.4370443794654981,261.8951477613494,0.41164635584879833,BALANCING
1.79,-1.4007096777146824,-1.4304010444119373,261.650860468466,0.4111546162984552,BALANCING
1.792,-1.4035634536882018,-1.4237688688875618,261.4061073849619,0.4106624234778198,BALANCING
1.794,-1.4064039761094351,-1.4171478519162677,261.16089074017844,0.41016978062061965,BALANCING
1.796,-1.4092312672970497,-1.4105379924774906,260.9152127596375,0.4096766909541074,BALANCING
1.798,-1.4120453495676228,-1.403939289506324,260.66907566504193,0.4091831576990633,BALANCING
1.8,-1.414846245235552,-1.3973517418936368,260.42248167427607,0.4086891840697987,BALANCING
1.802,-1.4176339766129673,-1.3907753484861891,260.1754330014064,0.40819477327415987,BALANCING
1.804,-1.4204085660096435,-1.3842101080867517,259.92793185668205,0.4076999285135305,BALANCING
1.806,-1.4231700357329116,-1.3776560194542218,259.6799804465353,0.4072046529828356,BALANCING
1.808,-1.4259184080875713,-1.3711130813037407,259.4315809735824,0.4067089498705444,BALANCING
1.81,-1.4286537053758044,-1.36458129230681,259.18273563662393,0.4062128223586741,BALANCING
1.812,-1.4313759498970864,-1.3580606510914097,258.9334466306457,0.405716273622793,BALANCING
1.814,-1.4340851639481005,-1.3515511562421136,258.68371614681905,0.4052193068320241,BALANCING
1.816,-1.4367813698226504,-1.3450528063002078,258.43354637250195,0.4047219251490482,BALANCING
1.818,-1.439464589811574,-1.3385655997638053,258.1829394912393,0.40422413173010735,BALANCING
1.82,-1.442134846202658,-1.3320895350879642,257.93189768276375,0.4037259297250088,BALANCING
1.822,-1.44479216128055,-1.3256246106848033,257.6804231229965,0.403227322277128,BALANCING
1.824,-1.4474365573266745,-1.3191708249236187,257.4285179840478,0.40272831252341185,BALANCING
1.826,-1.4500680566191468,-1.3127281761309992,257.176184434218,0.4022289035943832,BALANCING
1.828,-1.4526866814326873,-1.3062966625909442,256.92342463799787,0.4017290986141431,BALANCING
1.83,-1.4552924540385372,-1.299876282544979,256.67024075606986,0.40122890070037526,BALANCING
1.832,-1.4578853967043728,-1.2934670341922698,256.4166349453084,0.40072831296434913,BALANCING
1.834,-1.4604655316942217,-1.2870689156897404,256.16260935878097,0.40022733851092385,BALANCING
1.836,-1.463032881268378,-1.2806819251521886,255.90816614574902,0.3997259804385514,BALANCING
1.838,-1.4655874676833183,-1.2743060606524002,255.65330745166835,0.3992242418392806,BALANCING
1.84,-1.4681293131916175,-1.2679413202212666,255.39803541819037,0.3987221257987606,BALANCING
1.842,-1.470658440041866,-1.2615877018478991,255.14235218316276,0.3982196353962443,BALANCING
1.844,-1.473174870478585,-1.2552452034797446,254.8862598806303,0.3977167737045923,BALANCING
1.846,-1.475678626742144,-1.2489138230226995,254.62976064083585,0.3972135437902766,BALANCING
1.848,-1.478169731068678,-1.2425935583412278,254.37285659022123,0.3967099487133841,BALANCING
1.85,-1.4806482056900045,-1.236284407258474,254.11554985142794,0.39620599152762037,BALANCING
1.852,-1.483114072833541,-1.2299863675563791,253.85784254329837,0.39570167528031336,BALANCING
1.854,-1.4855673547222228,-1.2236994369757943,253.59973678087655,0.3951970030124174,BALANCING
1.856,-1.4880080735744199,-1.2174236132165972,253.34123467540903,0.3946919777585165,BALANCING
1.858,-1.4904362516038574,-1.211158893937806,253.08233833434605,0.39418660254682847,BALANCING
1.86,-1.4928519110195317,-1.2049052767576929,252.82304986134238,0.39368088039920895,BALANCING
1.862,-1.4952550740256307,-1.1986627592539012,252.5633713562583,0.3931748143311544,BALANCING
1.864,-1.4976457628214515,-1.1924313389635575,252.3033049151606,0.39266840735180686,BALANCING
1.866,-1.50002399960132,-1.1862110133833865,252.04285263032367,0.3921616624639573,BALANCING
1.868,-1.5023898065545105,-1.180001779969826,251.78201659023046,0.39165458266404934,BALANCING
1.87,-1.5047432058651644,-1.1738036361391397,251.5207988795735,0.39114717094218365,BALANCING
1.872,-1.507084219712211,-1.1676165792675326,251.25920157925609,0.39063943028212145,BALANCING
1.874,-1.5094128702692868,-1.161440606691263,250.99722676639314,0.3901313636612887,BALANCING
1.8760000000000001,-1.511729179704656,-1.1552757157067588,250.7348765143125,0.38962297405077967,BALANCING
1.8780000000000001,-1.5140331701811305,-1.1491219035707287,250.47215289255584,0.3891142644153611,BALANCING
1.8800000000000001,-1.5163248638559916,-1.1429791675002772,250.20905796687984,0.38860523771347644,BALANCING
1.8820000000000001,-1.5186042828809099,-1.136847504673018,249.94559379925747,0.3880958968972492,BALANCING
1.8840000000000001,-1.5208714494018667,-1.130726912227187,249.6817624478788,0.3875862449124876,BALANCING
1.8860000000000001,-1.5231263855590753,-1.124617387261755,249.41756596715246,0.3870762846986882,BALANCING
1.8880000000000001,-1.5253691134869034,-1.1185189268365427,249.15300640770656,0.3865660191890399,BALANCING
1.8900000000000001,-1.5275996553137938,-1.1124315279723314,248.8880858163901,0.3860554513104283,BALANCING
1.8920000000000001,-1.529818033162187,-1.1063551876509776,248.62280623627385,0.3855445839834393,BALANCING
1.8940000000000001,-1.5320242691484431,-1.1002899028155246,248.35716970665192,0.3850334201223641,BALANCING
1.8960000000000001,-1.5342183853827647,-1.0942356703703169,248.0911782630426,0.3845219626352016,BALANCING
1.8980000000000001,-1.5364004039691201,-1.0881924871811108,247.82483393718985,0.3840102144236646,BALANCING
1.9000000000000001,-1.5385703470051646,-1.082160350075189,247.55813875706454,0.3834981783831823,BALANCING
1.9020000000000001,-1.5407282365821653,-1.0761392558414709,247.29109474686544,0.3829858574029051,BALANCING
1.9040000000000001,-1.5428740947849235,-1.0701292012306258,247.02370392702073,0.38247325436570867,BALANCING
1.9060000000000001,-1.5450079436916992,-1.064130182955186,246.75596831418932,0.3819603721481984,BALANCING
1.9080000000000001,-1.5471298053741338,-1.0581421976896568,246.48788992126183,0.3814472136207131,BALANCING
1.9100000000000001,-1.5492397018971755,-1.052165242070631,246.21947075736225,0.38093378164732933,BALANCING
1.9120000000000001,-1.5513376553190021,-1.0461993126968978,245.95071282784903,0.380420079085866,BALANCING
1.9140000000000001,-1.553423687690947,-1.040244406129557,245.68161813431647,0.3799061087878882,BALANCING
1.9160000000000001,-1.5554978210574226,-1.03430051889213,245.41218867459608,0.3793918735987117,BALANCING
1.9180000000000001,-1.5575600774558462,-1.0283676474706702,245.1424264427579,0.37887737635740665,BALANCING
1.92,-1.5596104789165648,-1.0224457883138758,244.87233342911193,0.37836261989680287,BALANCING
1.922,-1.5616490474627807,-1.0165349378331996,244.60191162020936,0.3778476070434932,BALANCING
1.924,-1.5636758051104767,-1.0106350924029617,244.33116299884415,0.3773323406178383,BALANCING
1.926,-1.5656907738683425,-1.0047462483604597,244.06008954405434,0.37681682343397105,BALANCING
1.928,-1.5676939757377004,-0.9988684020060798,243.78869323112343,0.37630105829980043,BALANCING
1.93,-1.5696854327124319,-0.9930015496034074,243.5169760315819,0.3757850480170163,BALANCING
1.932,-1.5716651667789032,-0.9871456873793379,243.24493991320853,0.3752687953810937,BALANCING
1.934,-1.573633199915894,-0.9813008115241882,242.97258684003197,0.37475230318129693,BALANCING
1.936,-1.5755895540945222,-0.9754669181918052,242.69991877233213,0.3742355742006844,BALANCING
1.938,-1.5775342512781725,-0.9696440034996783,242.42693766664166,0.37371861121611266,BALANCING
1.94,-1.579467313422423,-0.9638320635290482,242.15364547574754,0.3732014169982411,BALANCING
1.942,-1.5813887624749738,-0.9580310943250173,241.8800441486924,0.37268399431153637,BALANCING
1.944,-1.5832986203755741,-0.9522410918966604,241.60613563077624,0.3721663459142766,BALANCING
1.946,-1.58519690905595,-0.9464620522171338,241.33192186355768,0.37164847455855604,BALANCING
1.948,-1.5870836504397328,-0.9406939712237854,241.05740478485586,0.37113038299028966,BALANCING
1.95,-1.588958866442389,-0.9349368448182644,240.78258632875162,0.37061207394921736,BALANCING
1.952,-1.5908225789711472,-0.9291906688666304,240.5074684255894,0.37009355016890894,BALANCING
1.954,-1.5926748099249277,-0.9234554391994637,240.23205300197844,0.3695748143767679,BALANCING
1.956,-1.5945155811942717,-0.9177311516119736,239.95634198079475,0.3690558692940369,BALANCING
1.958,-1.5963449146612707,-0.9120178018641081,239.68033728118246,0.3685367176358016,BALANCING
1.96,-1.5981628321994958,-0.9063153856806634,239.4040408185554,0.36801736211099534,BALANCING
1.962,-1.5999693556739285,-0.9006238987513918,239.12745450459897,0.3674978054224043,BALANCING
1.964,-1.6017645069408886,-0.8949433367311116,238.85058024727147,0.36697805026667124,BALANCING
1.966,-1.603548307847967,-0.8892736952398147,238.57341995080597,0.36645809933430074,BALANCING
1.968,-1.6053207802339546,-0.8836149698627763,238.29597551571183,0.36593795530966355,BALANCING
1.97,-1.6070819459287728,-0.8779671561506625,238.01824883877646,0.3654176208710015,BALANCING
1.972,-1.6088318267534059,-0.8723302496196395,237.7402418130669,0.3648970986904317,BALANCING
1.974,-1.6105704445198303,-0.8667042457514804,237.46195632793155,0.36437639143395156,BALANCING
1.976,-1.6122978210309478,-0.8610891399936751,237.1833942690019,0.36385550176144343,BALANCING
1.978,-1.614013978080515,-0.8554849277595366,236.90455751819428,0.3633344323266793,BALANCING
1.98,-1.6157189374530767,-0.8498916044283099,236.62544795371136,0.36281318577732535,BALANCING
1.982,-1.6174127209238975,-0.8443091653452799,236.3460674500442,0.36229176475494673,BALANCING
1.984,-1.6190953502588938,-0.8387376058218781,236.0664178779737,0.36177017189501254,BALANCING
1.986,-1.620766847214566,-0.8331769211357903,235.78650110457264,0.36124840982690026,BALANCING
1.988,-1.6224272335379313,-0.827627106531065,235.50631899320717,0.36072648117390055,BALANCING
1.99,-1.6240765309664569,-0.8220881572182188,235.2258734035388,0.3602043885532223,BALANCING
1.992,-1.6257147612279927,-0.8165600683743457,234.94516619152608,0.3596821345759972,BALANCING
1.994,-1.6273419460407046,-0.8110428351432222,234.6641992094264,0.35915972184728434,BALANCING
1.996,-1.6289581071130077,-0.8055364526354152,234.38297430579792,0.35863715296607557,BALANCING
1.998,-1.6305632661435008,-0.8000409159283881,234.1014933255012,0.3581144305252999,BALANCING
2.0,-1.6321574448208993,-0.7945562200666082,233.81975810970118,0.35759155711182833,BALANCING
2.0020000000000002,-1.6337406648239698,-0.7890823600616526,233.53777049586895,0.357068535306479,BALANCING
2.004,-1.635312947821465,-0.7836193308923144,233.25553231778372,0.35654536768402173,BALANCING
2.0060000000000002,-1.636874315472057,-0.7781671275047097,232.9730454055345,0.3560220568131832,BALANCING
2.008,-1.6384247894242734,-0.7727257448123835,232.6903115855221,0.35549860525665167,BALANCING
2.0100000000000002,-1.6399643913164308,-0.7672951776964152,232.40733268046105,0.3549750155710817,BALANCING
2.012,-1.6414931427765713,-0.7618754210055239,232.1241105093814,0.3544512903070995,BALANCING
2.0140000000000002,-1.6430110654223975,-0.7564664695561761,231.84064688763067,0.3539274320093076,BALANCING
2.016,-1.6445181808612075,-0.7510683181326898,231.55694362687572,0.35340344321628975,BALANCING
2.0180000000000002,-1.6460145106898312,-0.7456809614873403,231.27300253510487,0.3528793264606159,BALANCING
2.02,-1.6475000764945669,-0.7403043943404651,230.9888254166296,0.3523550842688474,BALANCING
2.0220000000000002,-1.6489748998511164,-0.7349386113805705,230.70441407208656,0.35183071916154157,BALANCING
2.024,-1.6504390023245223,-0.729583607264435,230.41977029843977,0.3513062336532572,BALANCING
2.0260000000000002,-1.651892405469104,-0.7242393766172158,230.13489588898213,0.3507816302525588,BALANCING
2.028,-1.653335130828395,-0.7189059140325523,229.84979263333787,0.35025691146202254,BALANCING
2.0300000000000002,-1.6547671999350801,-0.7135832140726717,229.56446231746423,0.3497320797782406,BALANCING
2.032,-1.6561886343109322,-0.708271271268493,229.27890672365368,0.34920713769182643,BALANCING
2.0340000000000003,-1.6575994554667504,-0.7029700801197323,228.9931276305357,0.34868208768741976,BALANCING
2.036,-1.6589996849022972,-0.697679635095006,228.70712681307901,0.3481569322436918,BALANCING
2.0380000000000003,-1.660389344106236,-0.6923999306319357,228.42090604259354,0.34763167383335014,BALANCING
2.04,-1.6617684545560707,-0.6871309611372522,228.13446708673243,0.347106314923144,BALANCING
2.0420000000000003,-1.6631370377180825,-0.6818727209868995,227.84781170949407,0.34658085797386895,BALANCING
2.044,-1.6644951150472693,-0.6766252045261381,227.5609416712243,0.34605530544037266,BALANCING
2.0460000000000003,-1.6658427079872842,-0.6713884060696492,227.27385872861834,0.34552965977155947,BALANCING
2.048,-1.6671798379703742,-0.666162319901638,226.98656463472292,0.34500392341039576,BALANCING
2.05,-1.6685065264173198,-0.6609469402759373,226.69906113893842,0.34447809879391506,BALANCING
2.052,-1.669822794737374,-0.65574226141611,226.41134998702088,0.3439521883532231,BALANCING
2.054,-1.6711286643282024,-0.6505482775155537,226.12343292108426,0.34342619451350337,BALANCING
2.056,-1.6724241565758222,-0.6453649827376026,225.83531167960234,0.34290011969402157,BALANCING
2.058,-1.6737092928545427,-0.6401923712156306,225.54698799741115,0.3423739663081315,BALANCING
2.06,-1.6749840945269052,-0.6350304370531537,225.2584636057108,0.34184773676327995,BALANCING
2.062,-1.6762485829436238,-0.6298791743239338,224.9697402320679,0.34132143346101196,BALANCING
2.064,-1.677502779443526,-0.6247385770720798,224.68081960041752,0.340795058796976,BALANCING
2.066,-1.6787467053534921,-0.6196086393121508,224.39170343106557,0.3402686151609294,BALANCING
2.068,-1.679980381988399,-0.6144893550292582,224.10239344069075,0.33974210493674317,BALANCING
2.07,-1.6812038306510586,-0.6093807181791674,223.81289134234694,0.3392155305024077,BALANCING
2.072,-1.6824170726321608,-0.6042827226884,223.5231988454653,0.33868889423003795,BALANCING
2.074,-1.6836201292102146,-0.5991953624543361,223.2333176558564,0.33816219848587836,BALANCING
2.076,-1.6848130216514903,-0.5941186313453151,222.94324947571275,0.3376354456303085,BALANCING
2.078,-1.6859957712099605,-0.5890525232007373,222.65299600361064,0.33710863801784846,BALANCING
2.08,-1.687168399127244,-0.5839970318311661,222.36255893451263,0.33658177799716377,BALANCING
2.082,-1.6883309266325468,-0.578952151018429,222.07193995976976,0.33605486791107103,BALANCING
2.084,-1.6894833749426053,-0.5739178745157182,221.7811407671238,0.3355279100965432,BALANCING
2.086,-1.6906257652616292,-0.5688941960476922,221.49016304070938,0.33500090688471473,BALANCING
2.088,-1.6917581187812445,-0.5638811093105767,221.19900846105656,0.3344738606008873,BALANCING
2.09,-1.692880456680436,-0.5588786079722646,220.90767870509282,0.3339467735645346,BALANCING
2.092,-1.6939928001254925,-0.5538866856724174,220.61617544614555,0.33341964808930846,BALANCING
2.094,-1.6950951702699484,-0.5489053360225651,220.32450035394425,0.33289248648304354,BALANCING
2.096,-1.696187588254529,-0.5439345526062073,220.03265509462287,0.33236529104776324,BALANCING
2.098,-1.6972700752070935,-0.5389743289789125,219.74064133072218,0.3318380640796846,BALANCING
2.1,-1.6983426522425804,-0.5340246586684188,219.44846072119213,0.3313108078692244,BALANCING
2.102,-1.699405340462951,-0.5290855351747337,219.15611492139405,0.33078352470100375,BALANCING
2.104,-1.700458160957134,-0.5241569519702334,218.86360558310304,0.33025621685385426,BALANCING
2.106,-1.7015011348009716,-0.519238902499763,218.57093435451048,0.3297288866008231,BALANCING
2.108,-1.7025342830571628,-0.514331380180736,218.27810288022624,0.3292015362091785,BALANCING
2.11,-1.7035576267752095,-0.5094343784032335,217.9851128012811,0.3286741679404153,BALANCING
2.112,-1.7045711869913625,-0.5045478905301031,217.6919657551292,0.32814678405026043,BALANCING
2.114,-1.7055749847285662,-0.4996719098970591,217.3986633756503,0.32761938678867825,BALANCING
2.116,-1.706569040996405,-0.49480642981278034,217.10520729315232,0.3270919783998761,BALANCING
2.118,-1.7075533767910482,-0.4899514435590089,216.81159913437372,0.32656456112231,BALANCING
2.12,-1.7085280130951987,-0.4851069443906502,216.51784052248587,0.32603713718869004,BALANCING
2.122,-1.7094929708780366,-0.4802729255358701,216.22393307709552,0.3255097088259858,BALANCING
2.124,-1.7104482710951678,-0.47544938019619437,215.9298784142472,0.32498227825543186,BALANCING
2.126,-1.7113939346885696,-0.4706363015466061,215.63567814642582,0.3244548476925335,BALANCING
2.128,-1.7123299825865388,-0.46583368273564413,215.34133388255884,0.32392741934707237,BALANCING
2.13,-1.713256435703638,-0.46104151688550127,215.04684722801903,0.32339999542311176,BALANCING
2.132,-1.714173314940643,-0.4562597970921223,214.75221978462676,0.3228725781190022,BALANCING
2.134,-1.715080641184492,-0.4514885164253008,214.45745315065258,0.32234516962738735,BALANCING
2.136,-1.7159784353082308,-0.44672766792877816,214.16254892081966,0.32181777213520923,BALANCING
2.138,-1.7168667181709634,-0.44197724462033955,213.86750868630625,0.32129038782371394,BALANCING
2.14,-1.7177455106177975,-0.4372372394919122,213.57233403474828,0.3207630188684575,BALANCING
2.142,-1.7186148334797957,-0.43250764550966264,213.27702655024186,0.320235667439311,BALANCING
2.144,-1.7194747075739218,-0.42778845561409234,212.98158781334578,0.31970833570046675,BALANCING
2.146,-1.7203251537029913,-0.42307966272013664,212.68601940108397,0.31918102581044355,BALANCING
2.148,-1.7211661926556192,-0.41838125971725976,212.39032288694818,0.3186537399220923,BALANCING
2.15,-1.721997845206169,-0.4136932394695524,212.09449984090045,0.3181264801826021,BALANCING
2.152,-1.7228201321147034,-0.40901559481582783,211.79855182937567,0.31759924873350537,BALANCING
2.154,-1.7236330741269323,-0.4043483185697184,211.50248041528423,0.31707204771068387,BALANCING
2.156,-1.724436691974164,-0.399691403519771,211.20628715801436,0.31654487924437447,BALANCING
2.158,-1.7252310063732539,-0.395044842429545,210.90997361343503,0.3160177454591744,BALANCING
2.16,-1.7260160380265555,-0.3904086280377063,210.61354133389835,0.31549064847404723,BALANCING
2.162,-1.7267918076218696,-0.3857827530581232,210.31699186824216,0.3149635904023285,BALANCING
2.164,-1.727558335832396,-0.38116721017996263,210.02032676179272,0.31443657335173186,BALANCING
2.166,-1.7283156433166844,-0.37656199206778596,209.7235475563672,0.313909599424354,BALANCING
2.168,-1.7290637507185835,-0.37196709136164396,209.42665579027656,0.31338267071668097,BALANCING
2.17,-1.7298026786671936,-0.36738250067717143,209.12965299832786,0.3128557893195938,BALANCING
2.172,-1.7305324477768178,-0.3628082126056827,208.83254071182708,0.3123289573183742,BALANCING
2.174,-1.7312530786469127,-0.3582442197142671,208.5353204585817,0.3118021767927102,BALANCING
2.176,-1.7319645918620405,-0.353690514545883,208.23799376290353,0.3112754498167023,BALANCING
2.178,-1.7326670079918214,-0.34914708961945273,207.940562145611,0.3107487784588689,BALANCING
2.18,-1.733360347590884,-0.34461393742995705,207.6430271240323,0.31022216478215203,BALANCING
2.182,-1.7340446311988198,-0.34009105044852955,207.34539021200763,0.3096956108439234,BALANCING
2.184,-1.7347198793401333,-0.3355784211225506,207.04765291989213,0.3091691186959902,BALANCING
2.186,-1.735386112524196,-0.33107604187574136,206.7498167545585,0.30864269038460057,BALANCING
2.188,-1.7360433512451992,-0.32658390510825863,206.45188321939978,0.30811632795044996,BALANCING
2.19,-1.7366916159821062,-0.32210200319678745,206.15385381433188,0.3075900334286865,BALANCING
2.192,-1.7373309271986057,-0.3176303284946358,205.85573003579654,0.30706380884891693,BALANCING
2.194,-1.737961305343066,-0.31316887333182686,205.55751337676378,0.3065376562352124,BALANCING
2.196,-1.7385827708484871,-0.3087176300151934,205.25920532673484,0.30601157760611475,BALANCING
2.198,-1.7391953441324555,-0.30427659082847053,204.9608073717449,0.30548557497464174,BALANCING
2.2,-1.739799045597098,-0.29984574803238906,204.66232099436564,0.30495965034829337,BALANCING
2.202,-1.7403938956290348,-0.29542509386476823,204.36374767370822,0.30443380572905737,BALANCING
2.204,-1.740979914599335,-0.29101462054060817,204.06508888542592,0.3039080431134156,BALANCING
2.206,-1.7415571228634708,-0.2866143202521836,203.76634610171695,0.30338236449234945,BALANCING
2.208,-1.7421255407612712,-0.28222418516913483,203.4675207913272,0.30285677185134596,BALANCING
2.21,-1.7426851886168784,-0.2778442074385613,203.168614419553,0.3023312671704038,BALANCING
2.212,-1.7432360867387013,-0.2734743791851138,202.86962844824401,0.30180585242403885,BALANCING
2.214,-1.743778255419372,-0.2691146925110855,202.5705643358059,0.3012805295812905,BALANCING
2.216,-1.7443117149356997,-0.26476513949650465,202.27142353720313,0.3007553006057272,BALANCING
2.218,-1.7448364855486278,-0.2604257121992261,201.97220750396198,0.30023016745545306,BALANCING
2.22,-1.7453525875031886,-0.2560964026550234,201.67291768417311,0.299705132083113,BALANCING
2.222,-1.7458600410284597,-0.25177720287768035,201.37355552249457,0.29918019643589894,BALANCING
2.224,-1.7463588663375202,-0.24746810485908083,201.07412246015448,0.29865536245555624,BALANCING
2.226,-1.7468490836274064,-0.2431691005693018,200.77461993495402,0.29813063207838897,BALANCING
2.228,-1.7473307130790692,-0.23888018195670394,200.47504938127014,0.2976060072352662,BALANCING
2.23,-1.7478037748573299,-0.23460134094802154,200.1754122300585,0.2970814898516282,BALANCING
2.232,-1.7482682891108372,-0.23033256944845498,199.87570990885638,0.29655708184749197,BALANCING
2.234,-1.7487242759720252,-0.2260738593417599,199.57594384178532,0.2960327851374574,BALANCING
2.236,-1.749171755557069,-0.22182520249033832,199.27611544955428,0.2955086016307137,BALANCING
2.238,-1.749610747965843,-0.21758659073532902,198.97622614946235,0.29498453323104457,BALANCING
2.24,-1.750041273281879,-0.2133580158966973,198.67627735540168,0.294460581836835,BALANCING
2.242,-1.750463351572323,-0.2091394697733259,198.37627047786032,0.2939367493410768,BALANCING
2.244,-1.750877002887893,-0.20493094414310384,198.07620692392527,0.2934130376313747,BALANCING
2.246,-1.7512822472628384,-0.20073243076301703,197.77608809728522,0.29288944858995286,BALANCING
2.248,-1.7516791047148967,-0.19654392136923715,197.4759153982336,0.29236598409366005,BALANCING
2.25,-1.7520675952452534,-0.19236540767721175,197.17569022367132,0.2918426460139765,BALANCING
2.2520000000000002,-1.7524477388384994,-0.18819688138175392,196.87541396710992,0.29131943621701945,BALANCING
2.254,-1.7528195554625905,-0.18403833415713042,196.5750880186744,0.29079635656354935,BALANCING
2.2560000000000002,-1.7531830650688067,-0.17988975765715065,196.27471376510607,0.2902734089089761,BALANCING
2.258,-1.7535382875917107,-0.1757511435152571,195.97429258976572,0.2897505951033651,BALANCING
2.2600000000000002,-1.7538852429491074,-0.17162248334461308,195.67382587263631,0.28922791699144285,BALANCING
2.262,-1.7542239510420037,-0.16750376873819084,195.3733149903262,0.2887053764126036,BALANCING
2.2640000000000002,-1.754554431754568,-0.16339499126886073,195.0727613160719,0.2881829752009153,BALANCING
2.266,-1.7548767049540905,-0.1592961424894794,194.7721662197411,0.2876607151851255,BALANCING
2.2680000000000002,-1.7551907904909425,-0.1552072139329779,194.47153106783574,0.2871385981886677,BALANCING
2.27,-1.7554967081985373,-0.1511281971124499,194.17085722349492,0.2866166260296674,BALANCING
2.2720000000000002,-1.7557944778932904,-0.14705908352123934,193.87014604649787,0.2860948005209481,BALANCING
2.274,-1.7560841193745798,-0.14299986463302786,193.56939889326702,0.28557312347003744,BALANCING
2.2760000000000002,-1.7563656524247075,-0.13895053190192352,193.26861711687096,0.2850515966791735,BALANCING
2.278,-1.7566390968088599,-0.13491107676254652,192.96780206702746,0.28453022194531097,BALANCING
2.2800000000000002,-1.7569044722750686,-0.13088149063011847,192.6669550901065,0.2840090010601267,BALANCING
2.282,-1.7571617985541728,-0.12686176490054796,192.36607752913326,0.2834879358100268,BALANCING
2.2840000000000003,-1.7574110953597797,-0.12285189095051824,192.06517072379123,0.28296702797615203,BALANCING
2.286,-1.7576523823882262,-0.11885186013757403,191.76423601042507,0.28244627933438426,BALANCING
2.2880000000000003,-1.7578856793185413,-0.11486166380020811,191.46327472204393,0.2819256916553527,BALANCING
2.29,-1.7581110058124085,-0.11088129325794817,191.16228818832423,0.2814052667044399,BALANCING
2.2920000000000003,-1.758328381514126,-0.10691073981144306,190.86127773561284,0.28088500624178797,BALANCING
2.294,-1.7585378260505715,-0.10294999474254887,190.56024468693022,0.28036491202230496,BALANCING
2.2960000000000003,-1.7587393590311626,-0.09899904931441542,190.25919036197322,0.27984498579567074,BALANCING
2.298,-1.7589330000478212,-0.09505789477157212,189.95811607711852,0.27932522930634335,BALANCING
2.3000000000000003,-1.7591187686749348,-0.09112652234001348,189.65702314542534,0.27880564429356536,BALANCING
2.302,-1.7592966844693207,-0.08720492322728558,189.35591287663888,0.2782862324913699,BALANCING
2.3040000000000003,-1.759466766970189,-0.08329308862257119,189.05478657719306,0.2777669956285866,BALANCING
2.306,-1.7596290356991051,-0.07939100969677453,188.7536455502139,0.27724793542884846,BALANCING
2.308,-1.7597835101599544,-0.07549867760260778,188.45249109552242,0.27672905361059746,BALANCING
2.31,-1.759930209838905,-0.07161608347467528,188.15132450963793,0.27621035188709137,BALANCING
2.312,-1.7600691542043725,-0.06774321842955909,187.85014708578097,0.27569183196640923,BALANCING
2.314,-1.7602003627069833,-0.06388007356590296,187.54896011387655,0.2751734955514583,BALANCING
2.316,-1.7603238547795395,-0.06002663996449769,187.24776488055716,0.27465534433998,BALANCING
2.318,-1.760439649836982,-0.0561829086883662,186.94656266916613,0.27413738002455623,BALANCING
2.32,-1.760547767276357,-0.05234887078284663,186.64535475976047,0.27361960429261534,BALANCING
2.322,-1.7606482264767789,-0.04852451727567716,186.3441424291142,0.2731020188264391,BALANCING
2.324,-1.7607410467993962,-0.04470983917708065,186.0429269507215,0.2725846253031679,BALANCING
2.326,-1.7608262475873566,-0.04090482747984733,185.74170959479966,0.27206742539480816,BALANCING
2.328,-1.7609038481657715,-0.03710947315942019,185.44049162829253,0.2715504207682378,BALANCING
2.33,-1.7609738678416818,-0.033323767173977156,185.13927431487357,0.271033613085213,BALANCING
2.332,-1.7610363259040238,-0.029547700464516047,184.83805891494887,0.2705170040023739,BALANCING
2.334,-1.7610912416235944,-0.025781263954935765,184.53684668566052,0.2700005951712517,BALANCING
2.336,-1.7611386342530173,-0.022024448552122215,184.2356388808897,0.2694843882382744,BALANCING
2.338,-1.761178523026709,-0.018277245146029814,183.93443675125994,0.26896838484477315,BALANCING
2.34,-1.7612109271608447,-0.014539644609764155,183.63324154414016,0.2684525866269886,BALANCING
2.342,-1.7612358658533256,-0.010811637799665466,183.33205450364807,0.26793699521607767,BALANCING
2.344,-1.761253358283744,-0.007093215555391545,183.0308768706532,0.2674216122381189,BALANCING
2.346,-1.7612634236133515,-0.0033843686999992318,182.72970988278018,0.2669064393141196,BALANCING
2.348,-1.7612660809850251,0.0003149119599726149,182.4285547744119,0.2663914780600219,BALANCING
2.35,-1.761261349523234,0.004004635634421038,182.12741277669292,0.2658767300867091,BALANCING
2.352,-1.7612492483340079,0.007684811549596593,181.8262851175324,0.265362197000012,BALANCING
2.354,-1.761229796504903,0.01135544894802201,181.52517302160751,0.2648478804007151,BALANCING
2.356,-1.7612030131049707,0.015016557088410362,181.22407771036669,0.2643337818845633,BALANCING
2.358,-1.761168917184725,0.018668145245582624,180.9230004020327,0.2638199030422679,BALANCING
2.36,-1.7611275277761094,0.022310222710387507,180.62194231160615,0.263306245459513,BALANCING
2.362,-1.7610788638924662,0.025942798789619186,180.32090465086844,0.262792810716962,BALANCING
2.364,-1.7610229445285046,0.02956588280593674,180.01988862838522,0.2622796003902641,BALANCING
2.366,-1.7609597886602684,0.033179484097782125,179.71889544950963,0.2617666160500602,BALANCING
2.368,-1.7608894152451045,0.036783612019300804,179.41792631638543,0.2612538592619897,BALANCING
2.37,-1.7608118432216322,0.040378275940259514,179.11698242795043,0.26074133158669655,BALANCING
2.372,-1.7607270915097117,0.04396348524596698,178.81606497993968,0.2602290345798362,BALANCING
2.374,-1.7606351790104136,0.04753924933719196,178.51517516488872,0.25971696979208103,BALANCING
2.376,-1.7605361246059863,0.05110557763008495,178.214314172137,0.2592051387691279,BALANCING
2.378,-1.760429947159828,0.05466247955609573,177.91348318783093,0.25869354305170333,BALANCING
2.38,-1.7603166655164542,0.05820996456189545,177.61268339492747,0.258182184175571,BALANCING
2.382,-1.7601962985014679,0.06174804210929524,177.31191597319716,0.25767106367153736,BALANCING
2.384,-1.7600688649215295,0.06527672167516761,177.0111820992276,0.2571601830654585,BALANCING
2.386,-1.759934383564327,0.06879601275136592,176.7104829464266,0.2566495438782463,BALANCING
2.388,-1.7597928731985455,0.07230592484464574,176.4098196850257,0.256139147625875,BALANCING
2.39,-1.759644352573838,0.07580646747658518,176.1091934820833,0.25562899581938753,BALANCING
2.392,-1.7594888404207958,0.07929765018350549,175.80860550148813,0.25511908996490207,BALANCING
2.394,-1.7593263554509182,0.08277948251639244,175.50805690396237,0.2546094315636181,BALANCING
2.396,-1.759156916356585,0.08625197404081818,175.2075488470652,0.25410002211182325,BALANCING
2.398,-1.758980541811026,0.08971513433686136,174.90708248519599,0.2535908631008997,BALANCING
2.4,-1.7587972504682925,0.09316897299902882,174.60665896959776,0.2530819560173303,BALANCING
2.402,-1.7586070609632283,0.09661349963617746,174.3062794483604,0.25257330234270525,BALANCING
2.404,-1.7584099919114415,0.10004872387143644,174.00594506642412,0.2520649035537287,BALANCING
2.406,-1.758206061909276,0.1034746553421275,173.70565696558265,0.2515567611222245,BALANCING
2.408,-1.757995289533783,0.10689130369968919,173.40541628448682,0.2510488765151437,BALANCING
2.41,-1.7577776933426927,0.11029867860959758,173.10522415864776,0.2505412511945701,BALANCING
2.412,-1.7575532918743866,0.11369678975128862,172.80508172044034,0.25003388661772735,BALANCING
2.414,-1.7573221036478694,0.11708564681808098,172.5049900991065,0.2495267842369848,BALANCING
2.416,-1.757084147162742,0.12046525951709874,172.20495042075862,0.24901994549986453,BALANCING
2.418,-1.7568394408991728,0.12383563756919395,171.90496380838292,0.24851337184904745,BALANCING
2.42,-1.7565880033178711,0.1271967907088696,171.60503138184288,0.24800706472238004,BALANCING
2.422,-1.7563298528600604,0.1305487286842026,171.30515425788252,0.2475010255528805,BALANCING
2.424,-1.7560650079474498,0.13389146125676724,171.00533355012993,0.2469952557687456,BALANCING
2.426,-1.7557934869822085,0.1372249982015581,170.70557036910057,0.24648975679335683,BALANCING
2.428,-1.7555153083469386,0.14054934930691387,170.40586582220072,0.2459845300452872,BALANCING
2.43,-1.7552304904046478,0.14386452437444083,170.1062210137308,0.24547957693830733,BALANCING
2.432,-1.7549390514987244,0.14717053321893694,169.8066370448889,0.24497489888139243,BALANCING
2.434,-1.7546410099529095,0.15046738566831502,169.50711501377415,0.2444704972787284,BALANCING
2.436,-1.7543363840712716,0.15375509156352798,169.20765601539006,0.2439663735297186,BALANCING
2.438,-1.754025192138181,0.15703366075849182,168.90826114164804,0.24346252902899,BALANCING
2.44,-1.753707452418283,0.16030310312001084,168.60893148137083,0.2429589651664001,BALANCING
2.442,-1.7533831831564726,0.16356342852770184,168.30966812029575,0.24245568332704312,BALANCING
2.444,-1.753052402577869,0.1668146468739185,168.01047214107842,0.24195268489125682,BALANCING
2.446,-1.7527151288877914,0.17005676806367676,167.71134462329601,0.24144997123462864,BALANCING
2.448,-1.7523713802717307,0.1732898020145794,167.4122866434507,0.24094754372800253,BALANCING
2.45,-1.7520211748953274,0.17651375865674107,167.11329927497312,0.24044540373748527,BALANCING
2.452,-1.7516645309043455,0.17972864793271387,166.81438358822584,0.23994355262445316,BALANCING
2.454,-1.7513014664246478,0.18293447979741187,166.51554065050686,0.23944199174555839,BALANCING
2.456,-1.7509319995621706,0.1861312642180381,166.21677152605295,0.23894072245273562,BALANCING
2.458,-1.7505561484029002,0.18931901117400865,165.91807727604322,0.2384397460932087,BALANCING
2.46,-1.7501739310128486,0.19249773065687945,165.61945895860245,0.23793906400949666,BALANCING
2.462,-1.7497853654380284,0.1956674326702719,165.32091762880475,0.23743867753942102,BALANCING
2.464,-1.7493904697044291,0.19882812722979903,165.0224543386769,0.2369385880161116,BALANCING
2.466,-1.7489892618179932,0.20197982436299217,164.72407013720183,0.23643879676801371,BALANCING
2.468,-1.7485817597645934,0.20512253410922612,164.4257660703221,0.23593930511889405,BALANCING
2.47,-1.7481679815100073,0.20825626651964693,164.12754318094352,0.23544011438784776,BALANCING
2.472,-1.7477479449998952,0.2113810316570982,163.82940250893836,0.2349412258893048,BALANCING
2.474,-1.747321668159776,0.21449683959604748,163.5313450911491,0.23444264093303635,BALANCING
2.476,-1.7468891688950046,0.21760370042251373,163.23337196139184,0.23394436082416167,BALANCING
2.478,-1.7464504650907489,0.2207016242339942,162.93548415045976,0.23344638686315436,BALANCING
2.48,-1.7460055746119663,0.22379062113939188,162.63768268612657,0.23294872034584907,BALANCING
2.482,-1.7455545153033813,0.22687070125894257,162.33996859315025,0.23245136256344814,BALANCING
2.484,-1.7450973049894636,0.2299418747241426,162.0423428932762,0.23195431480252787,BALANCING
2.486,-1.7446339614744042,0.23300415167767674,161.74480660524117,0.23145757834504546,BALANCING
2.488,-1.7441645025420947,0.23605754227334574,161.4473607447764,0.23096115446834536,BALANCING
2.49,-1.7436889459561036,0.2391020566759941,161.1500063246113,0.23046504444516583,BALANCING
2.492,-1.7432073094596559,0.2421377050614388,160.85274435447698,0.22996924954364556,BALANCING
2.494,-1.7427196107756096,0.24516449761639678,160.55557584110986,0.2294737710273302,BALANCING
2.496,-1.742225867606435,0.24818244453841445,160.25850178825493,0.22897861015517917,BALANCING
2.498,-1.7417260976341933,0.2511915560357949,159.96152319666956,0.2284837681815718,BALANCING
2.5,-1.7412203185205144,0.25419184232752756,159.66464106412693,0.2279892463563144,BALANCING
2.5020000000000002,-1.740708547906576,0.2571833136432166,159.36785638541946,0.22749504592464634,BALANCING
2.504,-1.7401908034130822,0.2601659802230104,159.0711701523626,0.22700116812724724,BALANCING
2.5060000000000002,-1.7396671026402433,0.2631398523175294,158.77458335379814,0.22650761420024287,BALANCING
2.508,-1.7391374631677532,0.2661049401877972,158.4780969755978,0.22601438537521223,BALANCING
2.5100000000000002,-1.738601902554771,0.2690612541051686,158.18171200066698,0.2255214828791941,BALANCING
2.512,-1.7380604383398985,0.2720088043512596,157.885429408948,0.22502890793469332,BALANCING
2.5140000000000002,-1.737513088041161,0.27494760121787726,157.589250177424,0.2245366617596878,BALANCING
2.516,-1.7369598691559855,0.2778776550069488,157.2931752801221,0.2240447455676348,BALANCING
2.5180000000000002,-1.7364007991611825,0.28079897603045256,156.99720568811748,0.2235531605674776,BALANCING
2.52,-1.7358358955129245,0.2837115746103479,156.70134236953632,0.2230619079636522,BALANCING
2.5220000000000002,-1.7352651756467266,0.28661546107850455,156.40558628955995,0.2225709889560938,BALANCING
2.524,-1.7346886569774265,0.2895106457766343,156.1099384104281,0.22208040474024363,BALANCING
2.5260000000000002,-1.7341063568991655,0.2923971390562207,155.81439969144253,0.22159015650705513,BALANCING
2.528,-1.7335182927853685,0.2952749512784499,155.5189710889707,0.22110024544300097,BALANCING
2.5300000000000002,-1.7329244819887248,0.2981440928141418,155.22365355644916,0.2206106727300795,BALANCING
2.532,-1.732324941841169,0.30100457404368064,154.92844804438744,0.22012143954582128,BALANCING
2.5340000000000003,-1.7317196896538616,0.3038564053569465,154.63335550037135,0.2196325470632959,BALANCING
2.536,-1.7311087427171705,0.3066995971532463,154.33837686906662,0.21914399645111837,BALANCING
2.5380000000000003,-1.7304921183006523,0.3095341598412447,154.0435130922227,0.21865578887345571,BALANCING
2.54,-1.729869833653033,0.31236010383889723,153.7487651086761,0.21816792549003405,BALANCING
2.5420000000000003,-1.7292419060021902,0.31517743957337974,153.4541338543542,0.21768040745614448,BALANCING
2.544,-1.7286083525551346,0.31798617748102254,153.15962026227862,0.21719323592265027,BALANCING
2.5460000000000003,-1.7279691904979912,0.3207863280072406,152.86522526256903,0.21670641203599317,BALANCING
2.548,-1.7273244369959821,0.32357790160646643,152.57094978244672,0.21621993693820032,BALANCING
2.5500000000000003,-1.7266741091934075,0.32636090874208235,152.2767947462381,0.21573381176689055,BALANCING
2.552,-1.7260182242136288,0.3291353598863527,151.98276107537848,0.2152480376552813,BALANCING
2.5540000000000003,-1.7253567991590508,0.3319012655203562,151.68884968841553,0.2147626157321949,BALANCING
2.556,-1.7246898511111028,0.33465863613391933,151.39506150101295,0.21427754712206554,BALANCING
2.5580000000000003,-1.724017397130224,0.33740748222554817,151.1013974259542,0.2137928329449457,BALANCING
2.56,-1.7233394542558425,0.3401478143023624,150.8078583731459,0.21330847431651284,BALANCING
2.562,-1.722656039506362,0.3428796428800272,150.5144452496217,0.21282447234807597,BALANCING
2.564,-1.7219671698791412,0.34560297848268784,150.22115895954573,0.2123408281465824,BALANCING
2.566,-1.7212728623504798,0.34831783164290203,149.92800040421633,0.21185754281462432,BALANCING
2.568,-1.7205731338756003,0.3510242129015736,149.63497048206963,0.21137461745044525,BALANCING
2.57,-1.7198680013886314,0.35372213280788684,149.34207008868324,0.210892053147947,BALANCING
2.572,-1.7191574818025919,0.35641160191923954,149.04930011677985,0.21040985099669607,BALANCING
2.574,-1.718441592009374,0.35909263080117737,148.75666145623083,0.2099280120819303,BALANCING
2.576,-1.7177203488797275,0.36176523002732774,148.46415499406004,0.20944653748456565,BALANCING
2.578,-1.7169937692632435,0.3644294101793341,148.1717816144472,0.20896542828120276,BALANCING
2.58,-1.716261869988338,0.36708518184679023,147.87954219873185,0.2084846855441334,BALANCING
2.582,-1.7155246678622373,0.369732555627175,147.5874376254168,0.20800431034134753,BALANCING
2.584,-1.7147821796709608,0.3723715421257866,147.29546877017182,0.20752430373653943,BALANCING
2.586,-1.7140344221793062,0.375002151955678,147.00363650583733,0.20704466678911482,BALANCING
2.588,-1.713281412130834,0.37762439573759116,146.71194170242805,0.20656540055419714,BALANCING
2.59,-1.7125231662478526,0.38023828409989235,146.4203852271366,0.20608650608263435,BALANCING
2.592,-1.7117597012314019,0.38284382767850766,146.12896794433732,0.20560798442100559,BALANCING
2.594,-1.7109910337612397,0.38544103711685807,145.83769071558973,0.20512983661162779,BALANCING
2.596,-1.7102171804958262,0.3880299230657947,145.54655439964236,0.20465206369256225,BALANCING
2.598,-1.7094381580723084,0.3906104961835349,145.25555985243636,0.20417466669762144,BALANCING
2.6,-1.7086539831065068,0.3931827671355976,144.96470792710915,0.20369764665637538,BALANCING
2.602,-1.7078646721929,0.39574674659473963,144.67399947399812,0.20322100459415865,BALANCING
2.604,-1.7070702419046109,0.3983024452408915,144.38343534064433,0.20274474153207658,BALANCING
2.606,-1.706270708793391,0.4008498737610939,144.0930163717961,0.20226885848701248,BALANCING
2.608,-1.7054660893896088,0.4033890428494334,143.8027434094128,0.20179335647163368,BALANCING
2.61,-1.7046564002022329,0.40591996320697943,143.51261729266855,0.20131823649439856,BALANCING
2.612,-1.7038416577188207,0.4084426455417208,143.22263885795573,0.20084349955956304,BALANCING
2.614,-1.7030218784055022,0.41095710056850226,142.93280893888883,0.20036914666718736,BALANCING
2.616,-1.7021970787069687,0.41346333900896154,142.64312836630805,0.19989517881314256,BALANCING
2.618,-1.7013672750464572,0.4159613715914665,142.3535979682831,0.19942159698911732,BALANCING
2.62,-1.7005324838257383,0.41845120905105176,142.06421857011682,0.19894840218262427,BALANCING
2.622,-1.699692721425103,0.42093286212935654,141.77499099434877,0.19847559537700715,BALANCING
2.624,-1.698848004203349,0.42340634157456203,141.48591606075917,0.19800317755144697,BALANCING
2.626,-1.697998348497767,0.42587165814132855,141.19699458637237,0.19753114968096888,BALANCING
2.628,-1.6971437706241295,0.42832882259073385,140.9082273854607,0.19705951273644895,BALANCING
2.63,-1.696284286876677,0.43077784569021027,140.61961526954804,0.19658826768462054,BALANCING
2.632,-1.6954199135281056,0.4332187382134831,140.33115904741376,0.19611741548808104,BALANCING
2.634,-1.694550666829554,0.4356515109405092,140.04285952509608,0.19564695710529867,BALANCING
2.636,-1.6936765630105923,0.4380761746574144,139.75471750589614,0.19517689349061895,BALANCING
2.638,-1.6927976182792082,0.44049274015643236,139.4667337903814,0.1947072255942715,BALANCING
2.64,-1.6919138488217957,0.44290121823584255,139.17890917638957,0.19423795436237642,BALANCING
2.642,-1.6910252708031435,0.44530161969991006,138.8912444590322,0.19376908073695132,BALANCING
2.644,-1.690131900366422,0.4476939553588234,138.6037404306985,0.19330060565591756,BALANCING
2.646,-1.689233753633172,0.45007823602863384,138.31639788105895,0.1928325300531074,BALANCING
2.648,-1.6883308467032938,0.45245447253119414,138.02921759706908,0.19236485485827004,BALANCING
2.65,-1.6874231956550347,0.4548226756940984,137.74220036297316,0.19189758099707876,BALANCING
2.652,-1.6865108165449778,0.4571828563506211,137.455346960308,0.19143070939113746,BALANCING
2.654,-1.6855937254080304,0.45953502533965623,137.1686581679065,0.190964240957987,BALANCING
2.656,-1.684671938257414,0.4618791935056576,136.88213476190163,0.19049817661111237,BALANCING
2.658,-1.6837454710846518,0.4642153716985778,136.5957775157299,0.19003251725994874,BALANCING
2.66,-1.6828143398595585,0.46654357077380904,136.3095872001353,0.18956726380988873,BALANCING
2.662,-1.68187856053023,0.46886380159212276,136.02356458317283,0.1891024171622886,BALANCING
2.664,-1.6809381490230313,0.4711760750196093,135.73771043021247,0.18863797821447498,BALANCING
2.666,-1.6799931212425872,0.473480401927619,135.45202550394265,0.18817394785975175,BALANCING
2.668,-1.6790434930717715,0.4757767931927023,135.16651056437422,0.18771032698740636,BALANCING
2.67,-1.678089280371696,0.4780652596965503,134.88116636884408,0.18724711648271672,BALANCING
2.672,-1.6771304989817015,0.48034581232593543,134.5959936720188,0.18678431722695774,BALANCING
2.674,-1.6761671647193468,0.4826184619726526,134.31099322589864,0.18632193009740794,BALANCING
2.676,-1.6751992933803985,0.4848832195334599,134.02616577982104,0.1858599559673562,BALANCING
2.678,-1.6742269007388222,0.48714009591001983,133.7415120804645,0.18539839570610833,BALANCING
2.68,-1.6732500025467718,0.4893891020088405,133.45703287185222,0.1849372501789937,BALANCING
2.682,-1.6722686145345804,0.4916302487412173,133.172728895356,0.184476520247372,BALANCING
2.684,-1.6712827524107507,0.4938635470231738,132.8886008896998,0.1840162067686397,BALANCING
2.686,-1.6702924318619452,0.4960890077754041,132.60464959096365,0.18355631059623675,BALANCING
2.688,-1.6692976685529775,0.4983066419232145,132.32087573258724,0.18309683257965337,BALANCING
2.69,-1.6682984781268027,0.500516460396465,132.03728004537388,0.1826377735644365,BALANCING
2.692,-1.6672948762045086,0.5027184741295121,131.75386325749406,0.18217913439219657,BALANCING
2.694,-1.6662868783853069,0.5049126940611498,131.47062609448923,0.18172091590061396,BALANCING
2.696,-1.6652745002465237,0.5070991311345535,131.18756927927572,0.18126311892344585,BALANCING
2.698,-1.6642577573435917,0.5092777962972215,130.90469353214826,0.18080574429053273,BALANCING
2.7,-1.6632366652100414,0.5114487005009173,130.62199957078394,0.18034879282780508,BALANCING
2.702,-1.662211239357492,0.5136118547016136,130.33948811024584,0.17989226535729005,BALANCING
2.704,-1.6611814952756434,0.5157672698594338,130.0571598629868,0.17943616269711787,BALANCING
2.706,-1.6601474484322685,0.5179149569385959,129.7750155388532,0.1789804856615288,BALANCING
2.708,-1.6591091142732044,0.5200549269073557,129.4930558450889,0.1785252350608796,BALANCING
2.71,-1.6580665082223447,0.5221871907379487,129.21128148633858,0.17807041170165003,BALANCING
2.712,-1.6570196456816313,0.5243117594065358,128.92969316465195,0.1776160163864498,BALANCING
2.714,-1.655968542031047,0.5264286438931451,128.64829157948725,0.17716204991402493,BALANCING
2.716,-1.6549132126286077,0.5285378551816158,128.36707742771506,0.1767085130792645,BALANCING
2.718,-1.6538536728103543,0.5306394042595425,128.08605140362218,0.17625540667320716,BALANCING
2.72,-1.6527899378903466,0.5327333021182192,127.80521419891525,0.175802731483048,BALANCING
2.722,-1.651722023160654,0.5348195597525827,127.52456650272458,0.17535048829214483,BALANCING
2.724,-1.6506499438913504,0.5368981881611576,127.24410900160795,0.1748986778800252,BALANCING
2.726,-1.649573715330506,0.5389691983459998,126.96384237955436,0.17444730102239253,BALANCING
2.728,-1.6484933527041792,0.5410326013126421,126.68376731798776,0.17399635849113332,BALANCING
2.73,-1.647408871216412,0.5430884080700376,126.4038844957709,0.17354585105432335,BALANCING
2.732,-1.646320286049222,0.5451366296305049,126.12419458920901,0.17309577947623425,BALANCING
2.734,-1.6452276123625953,0.5471772770096734,125.84469827205369,0.17264614451734053,BALANCING
2.736,-1.6441308652944808,0.5492103612264282,125.56539621550658,0.17219694693432575,BALANCING
2.738,-1.6430300599607834,0.5512358933028544,125.2862890882232,0.1717481874800895,BALANCING
2.74,-1.6419252114553573,0.5532538842641833,125.00737755631668,0.1712998669037537,BALANCING
2.742,-1.6408163348500007,0.5552643451387375,124.72866228336163,0.17085198595066953,BALANCING
2.744,-1.6397034451944488,0.5572672869578761,124.45014393039776,0.1704045453624237,BALANCING
2.746,-1.6385865575163678,0.5592627207559407,124.17182315593382,0.16995754587684525,BALANCING
2.748,-1.63746568682135,0.5612506575702018,123.8937006159513,0.16951098822801228,BALANCING
2.75,-1.6363408480929067,0.563231108440803,123.61577696390825,0.1690648731462583,BALANCING
2.7520000000000002,-1.6352120562924632,0.5652040844107091,123.33805285074295,0.168619201358179,BALANCING
2.754,-1.6340793263593534,0.5671695965256505,123.06052892487791,0.16817397358663874,BALANCING
2.7560000000000002,-1.6329426732108134,0.5691276558340709,122.7832058322234,0.16772919055077729,BALANCING
2.758,-1.631802111741978,0.5710782733870728,122.50608421618146,0.16728485296601636,BALANCING
2.7600000000000002,-1.630657656825873,0.5730214602383648,122.22916471764951,0.16684096154406608,BALANCING
2.762,-1.6295093233134117,0.574957227444208,121.95244797502424,0.16639751699293193,BALANCING
2.7640000000000002,-1.6283571260333896,0.5768855860633622,121.67593462420537,0.16595452001692096,BALANCING
2.766,-1.627201079792479,0.5788065471570342,121.39962529859942,0.1655119713166486,BALANCING
2.7680000000000002,-1.6260411993752244,0.5807201217888233,121.12352062912352,0.1650698715890452,BALANCING
2.77,-1.6248774995440383,0.5826263210246704,120.84762124420917,0.16462822152736264,BALANCING
2.7720000000000002,-1.6237099950391956,0.5845251559328036,120.57192776980605,0.1641870218211809,BALANCING
2.774,-1.6225387005788297,0.5864166375836868,120.29644082938584,0.16374627315641463,BALANCING
2.7760000000000002,-1.6213636308589279,0.5883007770499666,120.02116104394592,0.16330597621531973,BALANCING
2.778,-1.6201848005533277,0.5901775854064213,119.74608903201326,0.16286613167650013,BALANCING
2.7800000000000002,-1.6190022243137114,0.5920470737299065,119.47122540964814,0.16242674021491396,BALANCING
2.782,-1.6178159167696027,0.5939092530993055,119.19657079044796,0.16198780250188058,BALANCING
2.7840000000000003,-1.616625892528363,0.5957641345954763,118.92212578555107,0.16154931920508683,BALANCING
2.786,-1.615432166175187,0.5976117293011998,118.64789100364051,0.16111129098859384,BALANCING
2.7880000000000003,-1.6142347522730989,0.5994520483011282,118.37386705094782,0.16067371851284343,BALANCING
2.79,-1.613033665362949,0.601285102681734,118.10005453125684,0.1602366024346648,BALANCING
2.7920000000000003,-1.6118289199634102,0.603110903531258,117.82645404590751,0.15979994340728093,BALANCING
2.794,-1.610620530570974,0.6049294619396589,117.55306619379962,0.15936374208031548,BALANCING
2.7960000000000003,-1.6094085116599477,0.6067407889985615,117.27989157139667,0.158927999099799,BALANCING
2.798,-1.608192877682451,0.6085448958012057,117.00693077272965,0.1584927151081757,BALANCING
2.8000000000000003,-1.6069736430684118,0.6103417934423966,116.73418438940075,0.15805789074431004,BALANCING
2.802,-1.6057508222255652,0.612131493018452,116.46165301058726,0.15762352664349308,BALANCING
2.8040000000000003,-1.6045244295394487,0.6139140056271543,116.18933722304534,0.15718962343744924,BALANCING
2.806,-1.6032944793734,0.6156893423676973,115.9172376111138,0.15675618175434286,BALANCING
2.8080000000000003,-1.6020609860685546,0.6174575143406383,115.64535475671788,0.15632320221878457,BALANCING
2.81,-1.6008239639438422,0.6192185326478465,115.37368923937305,0.155890685451838,BALANCING
2.8120000000000003,-1.5995834272959848,0.6209724083924532,115.10224163618886,0.15545863207102645,BALANCING
2.814,-1.5983393903994942,0.6227191526788016,114.8310125218727,0.155027042690339,BALANCING
2.816,-1.5970918675066699,0.6244587766123979,114.56000246873354,0.15459591792023766,BALANCING
2.818,-1.5958408728475957,0.6261912912998606,114.28921204668582,0.15416525836766332,BALANCING
2.82,-1.5945864206301388,0.6279167078488717,114.01864182325323,0.15373506463604275,BALANCING
2.822,-1.5933285250399472,0.6296350373681264,113.74829236357245,0.1533053373252949,BALANCING
2.824,-1.5920672002404472,0.631346290967285,113.478164230397,0.15287607703183753,BALANCING
2.826,-1.590802460372843,0.6330504797569221,113.208257984101,0.15244728434859361,BALANCING
2.828,-1.5895343195561134,0.6347476148484793,112.93857418268301,0.15201895986499817,BALANCING
2.83,-1.5882627918870107,0.6364377073542147,112.66911338176983,0.1515911041670044,BALANCING
2.832,-1.5869878914400593,0.6381207683871554,112.39987613462023,0.15116371783709054,BALANCING
2.834,-1.585709632267554,0.639796809061048,112.13086299212881,0.15073680145426627,BALANCING
2.836,-1.5844280283995584,0.64146584049031,111.8620745028298,0.1503103555940792,BALANCING
2.838,-1.5831430938439046,0.6431278737899817,111.59351121290081,0.14988438082862138,BALANCING
2.84,-1.5818548425861905,0.6447829200756784,111.32517366616666,0.14945887772653596,BALANCING
2.842,-1.5805632885897798,0.6464309904635408,111.0570624041032,0.14903384685302354,BALANCING
2.844,-1.579268445795801,0.6480720960701883,110.78917796584105,0.14860928876984875,BALANCING
2.846,-1.5779703281231456,0.6497062480126705,110.52152088816948,0.14818520403534685,BALANCING
2.848,-1.5766689494684683,0.6513334574084192,110.2540917055401,0.14776159320443016,BALANCING
2.85,-1.575364323706186,0.6529537353752011,109.98689095007079,0.1473384568285945,BALANCING
2.852,-1.5740564646884763,0.65456709303107,109.71991915154932,0.14691579545592573,BALANCING
2.854,-1.5727453862452785,0.6561735414943198,109.45317683743735,0.14649360963110641,BALANCING
2.856,-1.5714311021842922,0.6577730918834367,109.1866645328741,0.1460718998954221,BALANCING
2.858,-1.5701136262909767,0.6593657553170518,108.92038276068018,0.14565066678676802,BALANCING
2.86,-1.568792972328552,0.6609515429138947,108.65433204136137,0.1452299108396553,BALANCING
2.862,-1.5674691540379975,0.6625304657927463,108.38851289311242,0.1448096325852177,BALANCING
2.864,-1.5661421851380521,0.6641025350723921,108.12292583182092,0.14438983255121815,BALANCING
2.866,-1.5648120793252152,0.665667761871575,107.85757137107096,0.14397051126205487,BALANCING
2.868,-1.5634788502737451,0.6672261573089494,107.59245002214706,0.1435516692387684,BALANCING
2.87,-1.5621425116356609,0.6687777325030341,107.32756229403788,0.14313330699904744,BALANCING
2.872,-1.5608030770407424,0.6703224985721666,107.06290869344006,0.14271542505723597,BALANCING
2.874,-1.5594605600965297,0.6718604666344569,106.79848972476202,0.14229802392433935,BALANCING
2.876,-1.5581149743883247,0.6733916478077404,106.53430589012768,0.1418811041080307,BALANCING
2.878,-1.5567663334791908,0.6749160532095335,106.27035768938038,0.14146466611265773,BALANCING
2.88,-1.5554146509099547,0.6764336939569864,106.00664562008656,0.14104871043924894,BALANCING
2.882,-1.5540599401992061,0.6779445811668384,105.74317017753961,0.14063323758552018,BALANCING
2.884,-1.5527022148432992,0.6794487259553718,105.47993185476368,0.14021824804588104,BALANCING
2.886,-1.5513414883163534,0.6809461394383659,105.21693114251741,0.1398037423114414,BALANCING
2.888,-1.5499777740702545,0.6824368327310533,104.95416852929782,0.1393897208700179,BALANCING
2.89,-1.5486110855346564,0.6839208169480727,104.69164450134402,0.13897618420614022,BALANCING
2.892,-1.5472414361169804,0.6853981032034256,104.42935954264101,0.1385631328010578,BALANCING
2.894,-1.5458688392024191,0.6868687026104298,104.16731413492353,0.1381505671327459,BALANCING
2.896,-1.5444933081539363,0.6883326262816757,103.9055087576798,0.1377384876759126,BALANCING
2.898,-1.543114856312268,0.6897898853289808,103.64394388815533,0.13732689490200464,BALANCING
2.9,-1.541733496995926,0.6912404908633455,103.38262000135673,0.13691578927921427,BALANCING
2.902,-1.5403492435011972,0.6926844539949086,103.12153757005542,0.13650517127248557,BALANCING
2.904,-1.5389621091021475,0.6941217858329028,102.86069706479155,0.1360950413435208,BALANCING
2.906,-1.5375721070506219,0.6955524974856102,102.60009895387768,0.1356853999507869,BALANCING
2.908,-1.5361792505762477,0.696976600060319,102.33974370340262,0.13527624754952203,BALANCING
2.91,-1.5347835528864362,0.6983941046632781,102.0796317772352,0.1348675845917417,BALANCING
2.912,-1.5333850271663845,0.699805022399655,101.81976363702813,0.1344594115262455,BALANCING
2.914,-1.531983686579078,0.7012093643734904,101.56013974222162,0.13405172879862332,BALANCING
2.916,-1.530579544265292,0.7026071416876553,101.30076055004734,0.13364453685126176,BALANCING
2.918,-1.5291726133435959,0.7039983654438079,101.04162651553216,0.1332378361233508,BALANCING
2.92,-1.5277629069103535,0.7053830467423492,100.78273809150183,0.13283162705088983,BALANCING
2.922,-1.5263504380397273,0.7067611966823805,100.52409572858494,0.1324259100666943,BALANCING
2.924,-1.5249352197836794,0.7081328263616594,100.26569987521658,0.13202068560040206,BALANCING
2.926,-1.5235172651719764,0.7094979468765582,100.00755097764214,0.13161595407847973,BALANCING
2.928,-1.5220965872121903,0.7108565693220193,99.74964947992116,0.13121171592422912,BALANCING
2.93,-1.5206731988897026,0.7122087047915137,99.49199582393103,0.13080797155779367,BALANCING
2.932,-1.519247113167706,0.7135543643769973,99.23459044937084,0.1304047213961647,BALANCING
2.934,-1.5178183429872099,0.7148935591688689,98.97743379376509,0.130001965853188,BALANCING
2.936,-1.51638690126704,0.7162263002559279,98.72052629246754,0.12959970533956994,BALANCING
2.938,-1.5149528009038449,0.7175525987253313,98.46386837866498,0.12919794026288414,BALANCING
2.94,-1.5135160547720978,0.7188724656625521,98.20746048338096,0.12879667102757764,BALANCING
2.942,-1.5120766757241004,0.7201859121513369,97.95130303547961,0.12839589803497728,BALANCING
2.944,-1.5106346765899856,0.7214929492736639,97.69539646166943,0.1279956216832962,BALANCING
2.946,-1.509190070177722,0.7227935881097016,97.43974118650702,0.12759584236764013,BALANCING
2.948,-1.5077428692731174,0.724087839737766,97.18433763240088,0.12719656048001368,BALANCING
2.95,-1.5062930866398219,0.7253757152342798,96.92918621961523,0.12679777640932682,BALANCING
2.952,-1.5048407350193327,0.7266572256737306,96.6742873662737,0.12639949054140115,BALANCING
2.954,-1.5033858271309972,0.7279323821286297,96.41964148836318,0.12600170325897633,BALANCING
2.956,-1.5019283756720176,0.7292011956694701,96.16524899973754,0.12560441494171626,BALANCING
2.958,-1.5004683933174547,0.7304636773646866,95.91111031212142,0.1252076259662156,BALANCING
2.96,-1.4990058927202317,0.731719838280614,95.65722583511402,0.1248113367060061,BALANCING
2.962,-1.4975408865111393,0.7329696894814458,95.40359597619286,0.12441554753156278,BALANCING
2.964,-1.4960733872988392,0.734213242029194,95.15022114071753,0.12402025881031045,BALANCING
2.966,-1.4946034076698693,0.7354505069836483,94.8971017319335,0.12362547090662991,BALANCING
2.968,-1.493130960188647,0.7366814954023355,94.64423815097582,0.1232311841818643,BALANCING
2.97,-1.4916560573974758,0.7379062183404792,94.391630796873,0.12283739899432551,BALANCING
2.972,-1.490178711816547,0.7391246868509586,94.13928006655063,0.12244411569930035,BALANCING
2.974,-1.4886989359439473,0.7403369119842695,93.88718635483525,0.12205133464905699,BALANCING
2.976,-1.4872167422556624,0.7415429047884834,93.63535005445812,0.12165905619285115,BALANCING
2.978,-1.485732143205581,0.7427426763092078,93.3837715560589,0.12126728067693263,BALANCING
2.98,-1.484245151225502,0.7439362375895462,93.13245124818951,0.12087600844455133,BALANCING
2.982,-1.482755778725137,0.7451235996700583,92.8813895173178,0.12048523983596371,BALANCING
2.984,-1.4812640380921176,0.7463047735887205,92.63058674783136,0.12009497518843908,BALANCING
2.986,-1.4797699416919992,0.7474797703808859,92.38004332204129,0.11970521483626584,BALANCING
2.988,-1.478273501868267,0.748648601079246,92.12975962018594,0.11931595911075787,BALANCING
2.99,-1.476774730942341,0.7498112767137901,91.87973602043465,0.1189272083402606,BALANCING
2.992,-1.4752736412135812,0.7509678083117668,91.62997289889154,0.11853896285015761,BALANCING
2.994,-1.4737702449592944,0.7521182068976446,91.38047062959924,0.11815122296287663,BALANCING
2.996,-1.4722645544347386,0.7532624834930733,91.13122958454268,0.11776398899789589,BALANCING
2.998,-1.4707565818731285,0.7544006491168451,90.88225013365278,0.11737726127175047,BALANCING
3.0,-1.469246339485642,0.7555327147848554,90.63353264481022,0.11699104009803848,BALANCING
3.0020000000000002,-1.4677338394614265,0.7566586915100648,90.3850774838493,0.11660532578742737,BALANCING
3.004,-1.4662190939676032,0.7577785903024601,90.1368850145615,0.11622011864766016,BALANCING
3.0060000000000002,-1.4647021151492743,0.7588924221690159,89.88895559869937,0.11583541898356163,BALANCING
3.008,-1.463182915129529,0.7600001981136572,89.64128959598021,0.11545122709704478,BALANCING
3.0100000000000002,-1.461661506009449,0.7611019291372197,89.39388736408988,0.11506754328711678,BALANCING
3.012,-1.4601378998681156,0.7621976262374134,89.14674925868647,0.11468436784988548,BALANCING
3.0140000000000002,-1.4586121087626154,0.7632873004087832,88.8998756334041,0.1143017010785655,BALANCING
3.016,-1.4570841447280463,0.7643709626426721,88.65326683985661,0.11391954326348447,BALANCING
3.0180000000000002,-1.4555540197775252,0.7654486239271832,88.40692322764136,0.11353789469208932,BALANCING
3.02,-1.4540217459021931,0.7665202952471415,88.16084514434293,0.11315675564895246,BALANCING
3.0220000000000002,-1.452487335071223,0.7675859875840576,87.91503293553683,0.11277612641577799,BALANCING
3.024,-1.4509507992318256,0.7686457119160892,87.66948694479336,0.11239600727140803,BALANCING
3.0260000000000002,-1.4494121503092565,0.7696994792180042,87.42420751368121,0.11201639849182872,BALANCING
3.028,-1.4478714002068225,0.7707473004611438,87.17919498177123,0.11163730035017666,BALANCING
3.0300000000000002,-1.4463285608058896,0.7717891866133854,86.93444968664025,0.11125871311674496,BALANCING
3.032,-1.4447836439658885,0.7728251486391052,86.68997196387464,0.1108806370589895,BALANCING
3.0340000000000003,-1.4432366615243233,0.773855197499142,86.44576214707426,0.11050307244153512,BALANCING
3.036,-1.441687625296777,0.7748793441507601,86.201820567856,0.11012601952618183,BALANCING
3.0380000000000003,-1.4401365470769198,0.7758975995476128,85.95814755585758,0.10974947857191092,BALANCING
3.04,-1.438583438636516,0.776909974639706,85.71474343874132,0.1093734498348913,BALANCING
3.0420000000000003,-1.437028311725431,0.7779164803733616,85.47160854219779,0.10899793356848546,BALANCING
3.044,-1.4354711780716394,0.7789171276911815,85.22874318994957,0.10862293002325588,BALANCING
3.0460000000000003,-1.4339120493812318,0.7799119275320114,84.986147703755,0.10824843944697105,BALANCING
3.048,-1.4323509373384231,0.7809008908309047,84.74382240341183,0.1078744620846117,BALANCING
3.0500000000000003,-1.4307878536055594,0.7818840285190863,84.50176760676104,0.10750099817837694,BALANCING
3.052,-1.429222809823126,0.7828613515239173,84.25998362969042,0.10712804796769038,BALANCING
3.0540000000000003,-1.4276558176097551,0.7838328707688589,84.01847078613845,0.10675561168920639,BALANCING
3.056,-1.426086888562234,0.7847985971734367,83.7772293880979,0.10638368957681615,BALANCING
3.0580000000000003,-1.4245160342555123,0.7857585416532059,83.53625974561953,0.10601228186165385,BALANCING
3.06,-1.4229432662427106,0.7867127151197152,83.29556216681591,0.10564138877210277,BALANCING
3.0620000000000003,-1.421368596055128,0.7876611284804718,83.05513695786505,0.10527101053380156,BALANCING
3.064,-1.419792035202251,0.7886037926389059,82.81498442301412,0.10490114736965021,BALANCING
3.0660000000000003,-1.4182135951717607,0.7895407184943364,82.57510486458318,0.10453179949981621,BALANCING
3.068,-1.4166332874295413,0.7904719169419353,82.33549858296888,0.10416296714174084,BALANCING
3.0700000000000003,-1.4150511234196894,0.791397398872693,82.09616587664816,0.10379465051014501,BALANCING
3.072,-1.413467114564521,0.7923171751733836,81.85710704218191,0.10342684981703563,BALANCING
3.074,-1.4118812722645808,0.7932312567265307,81.61832237421879,0.10305956527171165,BALANCING
3.076,-1.410293607898651,0.7941396544103718,81.37981216549878,0.10269279708076998,BALANCING
3.078,-1.4087041328237586,0.7950423790988252,81.14157670685701,0.1023265454481119,BALANCING
3.08,-1.4071128583751862,0.7959394416614549,80.90361628722735,0.10196081057494892,BALANCING
3.082,-1.4055197958664785,0.7968308529634365,80.6659311936462,0.10159559265980897,BALANCING
3.084,-1.4039249565894523,0.7977166238655232,80.42852171125612,0.10123089189854254,BALANCING
3.086,-1.4023283518142056,0.798596765224012,80.19138812330955,0.10086670848432859,BALANCING
3.088,-1.400729992789126,0.7994712878907099,79.9545307111725,0.10050304260768089,BALANCING
3.09,-1.3991298907408996,0.8003402027128992,79.7179497543282,0.10013989445645381,BALANCING
3.092,-1.3975280568745208,0.8012035205333055,79.48164553038086,0.09977726421584858,BALANCING
3.094,-1.3959245023733005,0.8020612521900625,79.24561831505929,0.09941515206841936,BALANCING
3.096,-1.3943192383988763,0.8029134085166797,79.0098683822206,0.09905355819407913,BALANCING
3.098,-1.3927122760912214,0.8037600003420086,78.77439600385392,0.09869248277010596,BALANCING
3.1,-1.3911036265686534,0.8046010384902095,78.53920145008404,0.09833192597114894,BALANCING
3.102,-1.3894933009278447,0.8054365337807181,78.3042849891751,0.09797188796923426,BALANCING
3.104,-1.387881310243831,0.8062664970282137,78.06964688753425,0.09761236893377118,BALANCING
3.106,-1.386267665570022,0.8070909390425846,77.83528740971539,0.09725336903155823,BALANCING
3.108,-1.3846523779382096,0.8079098706288964,77.60120681842275,0.09689488842678919,BALANCING
3.11,-1.3830354583585789,0.808723302587359,77.36740537451465,0.09653692728105887,BALANCING
3.112,-1.3814169178197173,0.8095312457132943,77.13388333700706,0.09617948575336953,BALANCING
3.114,-1.379796767288624,0.8103337107971029,76.90064096307745,0.0958225640001367,BALANCING
3.116,-1.378175017710721,0.8111307086242328,76.66767850806824,0.09546616217519513,BALANCING
3.118,-1.3765516800098618,0.8119222499751462,76.4349962254906,0.09511028042980493,BALANCING
3.12,-1.3749267650883419,0.8127083456252882,76.20259436702811,0.0947549189126575,BALANCING
3.122,-1.3733002838269093,0.8134890063450538,75.97047318254037,0.09440007776988159,BALANCING
3.124,-1.3716722470847738,0.8142642428997569,75.7386329200667,0.09404575714504924,BALANCING
3.126,-1.3700426656996179,0.8150340660495978,75.50707382582975,0.09369195717918183,BALANCING
3.128,-1.368411550487607,0.8157984865496314,75.27579614423921,0.09333867801075595,BALANCING
