t,theta_deg,rate_dps,wheel_rpm,duty,phase
0.0,16.0,0.0,0.0,-1,SPINUP
0.002,16.0,0.0,-6.436476596174447,-1,SPINUP
0.004,16.0,0.0,-12.801832631651454,-1,SPINUP
0.006,16.0,0.0,-19.096853960939825,-1,SPINUP
0.008,16.0,0.0,-25.32231775516197,-1,SPINUP
0.01,16.0,0.0,-31.47899259800195,-1,SPINUP
0.012,16.0,0.0,-37.56763858059332,-1,SPINUP
0.014,16.0,0.0,-43.5890073953585,-1,SPINUP
0.016,16.0,0.0,-49.543842428811296,-1,SPINUP
0.018000000000000002,16.0,0.0,-55.43287885333392,-1,SPINUP
0.02,16.0,0.0,-61.256843717939944,-1,SPINUP
0.022,16.0,0.0,-67.0164560380344,-1,SPINUP
0.024,16.0,0.0,-72.71242688418201,-1,SPINUP
0.026000000000000002,16.0,0.0,-78.34545946989454,-1,SPINUP
0.028,16.0,0.0,-83.91624923844823,-1,SPINUP
0.03,16.0,0.0,-89.42548394874186,-1,SPINUP
0.032,16.0,0.0,-94.87384376020609,-1,SPINUP
0.034,16.0,0.0,-100.26200131677466,0.0,KICK
0.036000000000000004,16.0,0.0,-99.92835103845167,0.0,KICK
0.038,16.0,0.0,-99.5958110761683,0.0,KICK
0.04,16.0,0.0,-99.26437773503264,0.0,KICK
0.042,16.0,0.0,-98.9340473324486,0.0,KICK
0.044,16.0,0.0,-98.60481619807497,0.0,KICK
0.046,16.0,0.0,-98.27668067378468,0.0,KICK
0.048,16.0,0.0,-97.94963711362406,0.0,KICK
0.05,16.0,0.0,-97.62368188377242,0.0,KICK
0.052000000000000005,16.0,0.0,-97.29881136250161,0.0,KICK
0.054,16.0,0.0,-96.97502194013585,0.0,KICK
0.056,16.0,0.0,-96.65231001901155,0.0,KICK
0.058,16.0,0.0,-96.33067201343736,1,KICK
0.06,15.999181083827406,-0.8163597526028755,-92.56980762238835,1,KICK
0.062,15.996744693079599,-1.6175210253611252,-88.82977899169855,1,KICK
0.064,15.992720947381978,-2.403760475214357,-85.11047068808863,1,KICK
0.066,15.987139417085816,-3.1753507314340945,-81.41176791779719,1,KICK
0.068,15.980029131251497,-3.932560467509121,-77.73355652303772,1,KICK
0.07,15.97141858548924,-4.675654471800315,-74.07572297847518,1,KICK
0.07200000000000001,15.961335749659689,-5.404893716992775,-70.43815438772214,1,KICK
0.074,15.9498080754368,-6.120535428372502,-66.82073847985431,1,KICK
0.076,15.936862503735329,-6.822833150954367,-63.22336360594543,1,KICK
0.078,15.922525472005166,-7.51203681548759,-59.645918735621215,1,KICK
0.08,15.906822921394793,-8.188392803364403,-56.08829345363253,1,KICK
0.082,15.889780303785981,-8.85214401045711,-52.55037795644754,1,KICK
0.084,15.871422588701869,-9.50352990990818,-49.03206304886262,1,KICK
0.08600000000000001,15.851774270090475,-10.142786613897568,-45.5332401406322,1,KICK
0.088,15.830859372985703,-10.770146934410922,-42.05380124311718,1,KICK
0.09,15.808701460047772,-11.385840443031864,-38.59363896595191,1,KICK
0.092,15.78532363798503,-11.990093529781028,-35.15264651372971,1,KICK
0.094,15.760748563859005,-12.58312946102412,-31.730717682706672,1,KICK
0.096,15.734998451274583,-13.165168436470704,-28.327746857523774,1,KICK
0.098,15.70809507645705,-13.73642764528504,-24.94362900794714,1,KICK
0.1,15.680059784217805,-14.297121321329824,-21.578259685626357,1,KICK
0.10200000000000001,15.650913493810423,-14.847460797563201,-18.231535020870737,1,KICK
0.10400000000000001,15.620676704678756,-15.38765455960905,-14.90335171944348,1,KICK
0.106,15.589369502098705,-15.917908298520064,-11.593607059373547,1,KICK
0.108,15.557011562715266,-16.438424962752737,-8.302198887785234,1,KICK
0.11,15.52362215997638,-16.949404809372986,-5.029025617745304,1,KICK
0.112,15.489220169465142,-17.45104545451071,-1.7739862251275584,1,KICK
0.114,15.453824074131823,-18.341011721295704,2.0010235170883828,1,KICK
0.116,15.41428973783584,-21.18533779966077,8.415389582388116,1,KICK
0.11800000000000001,15.369114247558832,-23.982375458250022,14.758879399749048,1,KICK
0.12,15.31839092739542,-26.733374579417603,21.032276124119107,1,KICK
0.122,15.262210618713684,-29.43956807544888,27.236354256888934,1,KICK
0.124,15.200661713689408,-32.102172293106534,33.371879741510305,1,KICK
0.126,15.133830188039244,-34.722387410220065,39.43961005805804,1,KICK
0.128,15.06179963296843,-37.30139782454083,45.440294316746986,1,KICK
0.13,14.984651286348392,-39.8403725350821,51.3746733504158,1,KICK
0.132,14.902464063138968,-42.340465516160855,57.24347980598861,1,KICK
0.134,14.815314585069686,-44.802816084354504,63.04743823492631,1,KICK
0.136,14.723277209594027,-47.22854925858249,68.78726518267815,1,KICK
0.138,14.626424058130242,-49.61877611351852,74.46366927714517,1,KICK
0.14,14.524825043601828,-51.9745941265353,80.07735131616595,1,KICK
0.14200000000000002,14.418547897290436,-54.297087518379165,85.62900435403574,1,KICK
0.14400000000000002,14.307658195013529,-56.58732758776754,91.11931378706969,1,KICK
0.146,14.192219382638752,-58.846373040097596,96.54895743822043,1,KICK
0.148,14.07229280094665,-61.07527031044942,101.91860564076089,1,KICK
0.15,13.947937709852907,-63.27505388106241,107.22892132104224,1,KICK
0.152,13.819211312001034,-65.44674659345851,112.4805600803376,1,KICK
0.154,13.686168775736009,-67.59135995538055,117.67417027578118,1,KICK
0.156,13.548863257469101,-69.70989444270955,122.81039310041331,1,KICK
0.158,13.407345923443735,-71.80333979651866,127.88986266234082,1,KICK
0.16,13.261665970911995,-73.87267531541738,132.9132060630228,1,KICK
0.162,13.111870648731022,-75.91887014333349,137.8810434746914,1,KICK
0.164,12.958005277388288,-77.94288355287549,142.79398821691694,1,KICK
0.166,12.80011326846445,-79.94566522441288,147.65264683232738,1,KICK
0.168,12.638236143542223,-81.92815552100662,152.4576191614906,1,KICK
0.17,12.47241355256942,-83.89128575931657,157.20949841696992,1,KICK
0.17200000000000001,12.302683291684119,-85.8359784766078,161.90887125656056,1,KICK
0.17400000000000002,12.129081320509593,-87.76314769397237,166.55631785571765,1,KICK
0.176,11.951641778926524,-89.67369917587787,171.15241197918334,1,KICK
0.178,11.77039700332967,-91.56853068614933,175.69772105182267,1,KICK
0.18,11.585377542376069,-93.44853224048536,180.19280622867697,1,KICK
0.182,11.396612172231592,-95.31458635560472,184.6382224642427,1,KICK
0.184,11.204127911322498,-97.16756829511434,189.03451858098515,1,KICK
0.186,11.007950034598448,-99.00834631218464,193.3822373370952,1,KICK
0.188,10.808102087313312,-100.83778188911302,197.68191549349683,1,KICK
0.19,10.604605898329885,-102.65672997385134,201.93408388011485,1,KICK
0.192,10.39748159295452,-104.46603921356825,206.13926746141007,1,KICK
0.194,10.186747605307568,-106.26655218531192,210.2979854011903,1,KICK
0.196,9.972420690235314,-108.0591056238341,214.41075112670543,0.0,BALANCING
0.198,9.758053879195575,-106.31237164604623,213.69723847136913,0.0,BALANCING
0.2,9.547152677640002,-104.59342720936237,212.98610023199214,0.0,BALANCING
0.202,9.3396619181785,-102.90186156091099,212.27732850703117,0.0,BALANCING
0.20400000000000001,9.135527249303797,-101.2372695644462,211.57091542123752,0.0,BALANCING
0.20600000000000002,8.934695124196553,-99.59925166169597,210.86685312556963,0.0,BALANCING
0.20800000000000002,8.737112789609476,-97.9874138320316,210.1651337971059,0.0,BALANCING
0.21,8.54272827483366,-96.40136755059422,209.46574963895767,0.0,BALANCING
0.212,8.35149038075011,-94.84072974500683,208.76869288018264,0.0,BALANCING
0.214,8.163348668969153,-93.3051227507937,208.07395577569855,0.0,BALANCING
0.216,7.978253451060205,-91.7941742656227,207.38153060619706,0.0,BALANCING
0.218,7.796155777874141,-90.30751730247984,206.6914096780581,-1,BALANCING
0.22,7.619732218611634,-86.12265322972291,202.3191300260602,-1,BALANCING
0.222,7.451639093731237,-81.97689679387129,197.9710734678993,-1,BALANCING
0.224,7.291799301789468,-77.86913561114291,193.6471058039537,-1,BALANCING
0.226,7.140137957482202,-73.79826590020302,189.34709357808808,-1,BALANCING
0.228,6.996582374596686,-69.76319232410378,185.0709040735344,-1,BALANCING
0.23,6.861062049286342,-65.76282782567108,180.8184053087956,-0.9252474747232742,BALANCING
0.232,6.733330250408316,-61.974325371318,176.83070572560587,-0.8432508721413636,BALANCING
0.234,6.612947990205446,-58.41294253036837,173.1297162219026,-0.7660914563820359,BALANCING
0.23600000000000002,6.49947463226672,-55.06509719578149,169.69823791821142,-0.6934801295945511,BALANCING
0.23800000000000002,6.392495891435813,-51.91801899235047,166.5201001896378,-0.6251450700793,BALANCING
0.24,6.291622258872218,-48.95970082376436,163.58009921596877,-0.5608307013249405,BALANCING
0.242,6.1964875211303925,-46.17885330347603,160.8639401993166,-0.500296722368914,BALANCING
0.244,6.106747367659906,-43.56486189895153,158.35818303108454,-0.4433171958627128,BALANCING
0.246,6.022078081460598,-41.107746628766975,156.05019120292158,-0.3896796904324384,BALANCING
0.248,5.942175307938404,-38.79812416136287,153.92808376847307,-0.3391844741229643,BALANCING
0.25,5.866752897301111,-36.62717217308975,151.9806901741698,-0.2916437559008776,BALANCING
0.252,5.795541816109663,-34.586595831507935,150.1975077880663,-0.2468809723678386,BALANCING
0.254,5.728289123860865,-32.668596277762724,148.5686619658784,-0.20473011700258406,BALANCING
0.256,5.664757010722264,-30.86584098926794,147.0848685029166,-0.16503510940697325,BALANCING
0.258,5.604721892770508,-29.171435910919655,145.73739832959657,-0.12764920217972517,BALANCING
0.26,5.547973561301489,-27.57889924964903,144.51804431666577,-0.09243442318129368,BALANCING
0.262,5.49431438298469,-26.082136833331163,143.41909006424447,-0.059261051085090735,BALANCING
0.264,5.443558547826304,-24.675418940915474,142.43328055626992,-0.02800712223445382,BALANCING
0.266,5.39553136208642,-23.35335851615236,141.55379456897955,0.0,BALANCING
0.268,5.349840311866161,-22.338827042720066,141.08273412399208,0.0,BALANCING
0.27,5.306171597381882,-21.330980508876287,140.6132412663908,0.0,BALANCING
0.272,5.2645121018456535,-20.329566086567397,140.14531077958355,0.0,BALANCING
0.274,5.2248492125661,-19.334332497511806,139.67893746433788,0.0,BALANCING
0.276,5.187170817907489,-18.3450299545939,139.2141161387233,0.0,BALANCING
0.278,5.1514653043658445,-17.361410103458407,138.7508416380536,0.0,BALANCING
0.28,5.117721553761662,-16.38322596430109,138.28910881482958,0.0,BALANCING
0.28200000000000003,5.085928940548857,-15.41023187385146,137.82891253868178,0.0,BALANCING
0.28400000000000003,5.056077329239559,-14.442183427542734,137.37024769631353,0.0,BALANCING
0.28600000000000003,5.028157071944386,-13.478837421863968,136.91310919144405,0.0,BALANCING
0.28800000000000003,5.002159006027824,-12.519951796889028,136.45749194475192,0.24704409700350022,BALANCING
0.29,4.977677865347225,-11.961581319110914,136.539783329613,0.2601552284992031,BALANCING
0.292,4.954248692000049,-11.467848565169321,136.70555491772845,0.2718326194368325,BALANCING
0.294,4.9317498485230296,-11.031131945544498,136.94465604780376,0.28224484381746734,BALANCING
0.296,4.910074040098414,-10.644708470831224,137.24813324201278,0.2915406013335489,BALANCING
0.298,4.889126623526704,-10.302647806695061,137.608089057064,0.29985106054844274,BALANCING
0.3,4.868824115571848,-9.99971881958866,138.01755757672817,0.307291925819289,BALANCING
0.302,4.849092877173153,-9.731307140620773,138.47039458382528,0.3139652605325069,BALANCING
0.304,4.829867952789404,-9.493342448577321,138.9611806809814,0.3199610953817209,BALANCING
0.306,4.811092046585196,-9.282234326235796,139.48513583350618,0.3253588470308785,BALANCING
0.308,4.792714619325854,-9.094815679203103,140.03804398773062,0.33022856951761637,BALANCING
0.31,4.774691091749408,-8.928292825670724,140.61618657691116,0.3346320581164077,BALANCING
0.312,4.756982141861964,-8.780201470596909,141.21628386685714,0.33862382305620514,BALANCING
0.314,4.73955308508289,-8.648367870549396,141.83544321697673,0.34225194843653894,BALANCING
0.316,4.722373327471776,-8.530874577234652,142.47111344141186,0.34555884987704033,BALANCING
0.318,4.7054158834207875,-8.426030219889455,143.12104455105805,0.34858194283963356,BALANCING
0.32,4.688656950211881,-8.332342850354513,143.78325224205958,0.3513542321550389,BALANCING
0.322,4.672075532734476,-8.248496430790444,144.45598657116633,0.3539048320435737,BALANCING
0.324,4.6556531124496034,-8.173330093518386,145.13770432431755,0.35625942482496664,BALANCING
0.326,4.639373355383816,-8.105819846150997,145.82704464301696,0.3584406655457594,BALANCING
0.328,4.623221854551216,-8.045062433713122,146.52280752440174,0.3604685389006275,BALANCING
0.33,4.6071859027444555,-7.990261103441683,147.22393485619304,0.36236067407218947,BALANCING
0.332,4.591254292114191,-7.940713047937564,147.9294936876622,0.3641326224507417,BALANCING
0.334,4.575417137378551,-7.895798328790292,148.63866147298256,0.36579810261040413,BALANCING
0.336,4.559665719876651,-7.854970106126305,149.35071305441988,0.3673692164021749,BALANCING
0.338,4.543992350008551,-7.817746020110935,150.06500918023136,0.3688566395692408,BALANCING
0.34,4.528390245893906,-7.783700588587383,150.7809863763282,0.3702697898883971,BALANCING
0.342,4.512853426337065,-7.752458501048763,151.49814801209087,0.37161697548727823,BALANCING
0.34400000000000003,4.497376616411876,-7.723688703264294,152.21605641954395,0.37290552567469526,BALANCING
0.34600000000000003,4.4819551641782995,-7.697099179340301,152.93432594169735,0.3741419063458124,BALANCING
0.34800000000000003,4.466584967218376,-7.672432348987382,153.65261680050355,0.37533182178081004,BALANCING
0.35000000000000003,4.451262407833807,-7.6494610074598635,154.370629687796,0.3764803044412662,BALANCING
0.352,4.435984295883959,-7.627984744185581,155.08810099396808,0.3775917941793437,BALANCING
0.354,4.420747818363414,-7.607826783647488,155.8047985992012,0.3786702081080325,BALANCING
0.356,4.405550494924523,-7.588831198732812,156.52051816091654,0.3797190022335264,BALANCING
0.358,4.39039013864398,-7.570860452635125,157.23507983894413,0.3807412258209931,BALANCING
0.36,4.375264821415152,-7.553793230572246,157.94832540680184,0.38173956935048503,BALANCING
0.362,4.360172843420793,-7.537522527150118,158.6601157035604,0.3827164068187264,BALANCING
0.364,4.34511270620502,-7.521953959231413,159.370328386139,0.3836738330534099,BALANCING
0.366,4.3300830889202215,-7.507004277721397,160.0788559466097,0.38461369662803796,BALANCING
0.368,4.315082827374548,-7.492600054818241,160.78560396326537,0.3855376288960145,BALANCING
0.37,4.300110895549788,-7.47867652604011,161.49048955789,0.3864470696015364,BALANCING
0.372,4.2851663892983725,-7.465176568780504,162.19344003491938,0.38734328947088786,BALANCING
0.374,4.270248511962575,-7.452049801294809,162.894391681047,0.3882274101401549,BALANCING
0.376,4.255356561689283,-7.439251787918938,163.5932887063581,0.3891004217334033,BALANCING
0.378,4.2404899202404165,-7.426743337995036,164.29008231030497,0.38996319836833565,BALANCING
0.38,4.225648043122665,-7.41448988745592,164.9847298578052,0.3908165118337826,BALANCING
0.382,4.210830450880981,-7.402460953322602,165.67719415247817,0.3916610436545745,BALANCING
0.384,4.196036721418623,-7.390629652518217,166.3674427955673,0.39249739573392545,BALANCING
0.386,4.181266483222722,-7.378972277415306,167.05544762044585,0.39332609974104454,BALANCING
0.388,4.166519409388596,-7.367467921427408,167.74118419379352,0.39414762539191467,BALANCING
0.39,4.151795212348637,-7.356098148744607,168.42463137558468,0.39496238775373965,BALANCING
0.392,4.137093639222719,-7.344846703008345,169.1057709309532,0.3957707536881701,BALANCING
0.394,4.122414467716823,-7.333699250334429,169.7845871878175,0.39657304753484884,BALANCING
0.396,4.107757502505246,-7.32264315263448,170.4610667348708,0.39736955612484487,BALANCING
0.398,4.093122572039406,-7.311667267663574,171.13519815517765,0.3981605332029837,BALANCING
0.4,4.078509525732903,-7.300761772642929,171.80697179117792,0.3989462033287672,BALANCING
0.402,4.063918231478502,-7.28991800867811,172.47637953739562,0.3997267653173585,BALANCING
0.404,4.049348573457907,-7.2791283435208705,173.14341465758633,0.4005023952748601,BALANCING
0.406,4.034800450209778,-7.268386050511864,173.80807162344135,0.4012732492757185,BALANCING
0.40800000000000003,4.020273772925568,-7.257685201796447,174.47034597230711,0.4020394657244517,BALANCING
0.41000000000000003,4.005768463946317,-7.24702057413073,175.1302341816781,0.4028011674389159,BALANCING
0.41200000000000003,3.9912844554366873,-7.236387565793452,175.78773355848537,0.4035584634879458,BALANCING
0.41400000000000003,3.9768216882153773,-7.2257821232942465,176.4428421414363,0.4043114508123271,BALANCING
0.41600000000000004,3.9623801107234433,-7.215200676723288,177.09555861486695,0.4050602156546472,BALANCING
0.418,3.9479596781142914,-7.204640082723465,177.74588223274927,0.4058048348205588,BALANCING
0.42,3.9335603514509834,-7.19409757418635,178.3938127516564,0.4065453767913318,BALANCING
0.422,3.9191820969982083,-7.183570715879221,179.0393503716293,0.40728190270522935,BALANCING
0.424,3.9048248855977574,-7.17305736530383,179.68249568401356,0.40801446722317225,BALANCING
0.426,3.890488692117653,-7.162555638170078,180.32324962544436,0.40874311929233537,BALANCING
0.428,3.8761734949662565,-7.152063877940492,180.9616134372548,0.40946790281971013,BALANCING
0.43,3.8618792756636844,-7.14158062896553,181.59758862966802,0.4101888572662491,BALANCING
0.432,3.84760601846378,-7.131104612786345,182.23117695020935,0.41090601817095435,BALANCING
0.434,3.8333537100206816,-7.12063470723156,182.86238035584046,0.4116194176131723,BALANCING
0.436,3.8191223390947253,-7.110169927978618,183.49120098837747,0.412329084620378,BALANCING
0.438,3.804911896293046,-7.09970941228913,184.11764115280485,0.41303504552787773,BALANCING
0.44,3.790722373840789,-7.089252404661895,184.74170329814444,0.413737324296099,BALANCING
0.442,3.776553765379316,-7.078798244177509,185.36339000057816,0.41443594279046614,BALANCING
0.444,3.7624060657882312,-7.068346353335075,185.9827039485584,0.4151309210282765,BALANCING
0.446,3.7482792710284105,-7.057896228205142,186.59964792967196,0.4158222773964646,BALANCING
0.448,3.734173378003565,-7.047447429743646,187.21422481905108,0.41651002884368943,BALANCING
0.45,3.7200883844381467,-7.03699957612998,187.8264375691485,0.4171941910497697,BALANCING
0.452,3.7060242887696777,-7.026552336008448,188.4362892007164,0.41787477857514005,BALANCING
0.454,3.6919810900537913,-7.016105422526582,189.04378279484652,0.4185518049926832,BALANCING
0.456,3.677958787880499,-7.0056585880763675,189.64892148594745,0.4192252830040145,BALANCING
0.458,3.6639573823003473,-6.995211619655515,190.25170845554734,0.41989522454205475,BALANCING
0.46,3.6499768737593095,-6.984764334775656,190.8521469268257,0.42056164086150516,BALANCING
0.462,3.636017263041374,-6.974316577852986,191.45024015978777,0.4212245426186532,BALANCING
0.464,3.622078551217925,-6.96386821702447,192.04599144700597,0.4218839399417659,BALANCING
0.466,3.608160739603117,-6.953419141339443,192.6394041098614,0.42253984249318,BALANCING
0.468,3.59426382971453,-6.942969258282322,193.2304814952266,0.4231922595240702,BALANCING
0.47000000000000003,3.5803878232384934,-6.9325184915874285,193.81922697253748,0.42384119992275543,BALANCING
0.47200000000000003,3.5665327219995144,-6.92206677931143,194.40564393120835,0.424486672257309,BALANCING
0.47400000000000003,3.5526985279333387,-6.9116140721330765,194.98973577835014,0.4251286848131401,BALANCING
0.47600000000000003,3.538885243063209,-6.9011603318534025,195.57150593675527,0.4257672456261427,BALANCING
0.47800000000000004,3.5250928694789465,-6.890705530072758,196.1509578431186,0.42640236251193325,BALANCING
0.48,3.511321409318522,-6.880249647023838,196.72809494646575,0.42703404309163845,BALANCING
0.482,3.4975708647518213,-6.869792670542306,197.3029207067652,0.4276622948146392,BALANCING
0.484,3.4838412379663515,-6.85933459515878,197.87543859370194,0.4282871249786315,BALANCING
0.486,3.470132531154653,-6.848875421297899,198.4456520855937,0.4289085407473183,BALANCING
0.488,3.456444746503218,-6.838415154571808,199.01356466843316,0.4295265491660135,BALANCING
0.49,3.4427778861827427,-6.827953805156963,199.57917983504112,0.4301411571754031,BALANCING
0.492,3.4291319523395467,-6.81749138724441,200.14250108431767,0.43075237162368113,BALANCING
0.494,3.4155069470880317,-6.807027918554888,200.70353192057962,0.431360199277253,BALANCING
0.496,3.401902872504052,-6.796563419911099,201.26227585297428,0.43196464683017294,BALANCING
0.498,3.388319730619084,-6.786097914860425,201.8187363949604,0.4325657209124671,BALANCING
0.5,3.3747575234151155,-6.7756314293421225,202.3729170638483,0.43316342809747244,BALANCING
0.502,3.361216252820154,-6.765163991393768,202.9248213803926,0.4337577749083076,BALANCING
0.504,3.3476959207042882,-6.754695630892312,203.47445286843077,0.4343487678235782,BALANCING
0.506,3.3341965288762414,-6.744226379325672,204.02181505456275,0.4349364132824077,BALANCING
0.508,3.320718079080348,-6.733756269591261,204.56691146786616,0.43552071768887113,BALANCING
0.51,3.3072605729939153,-6.723285335818275,205.10974563964328,0.43610168741590477,BALANCING
0.512,3.293824012224916,-6.71281361321093,205.6503211031962,0.43667932880875165,BALANCING
0.514,3.280408398309977,-6.702341137910197,206.18864139362643,0.43725364818799844,BALANCING
0.516,3.267013732712627,-6.691867946871833,206.7247100476562,0.437824651852252,BALANCING
0.518,3.2536400168217763,-6.68139407775881,207.25853060346927,0.43839234608049715,BALANCING
0.52,3.240287251950397,-6.670919568846417,207.79010660056835,0.43895673713417505,BALANCING
0.522,3.226955439334381,-6.6604444589385645,208.31944157964762,0.43951783125901245,BALANCING
0.524,3.213644580131561,-6.6499687872939575,208.84653908247847,0.44007563468663463,BALANCING
0.526,3.200354675420859,-6.6394925935609805,209.37140265180676,0.44063015363598385,BALANCING
0.528,3.187085726201571,-6.629015917720259,209.89403583126054,0.44118139431456976,BALANCING
0.53,3.173837733392751,-6.6185388000340035,210.41444216526662,0.4417293629195685,BALANCING
0.532,3.1606106978326913,-6.608061281001327,210.93262519897516,0.44227406563879035,BALANCING
0.534,3.14740462027849,-6.597583401318837,211.44858847819165,0.44281550865153135,BALANCING
0.536,3.134219501405691,-6.587105201845872,211.96233554931456,0.44335369812932085,BALANCING
0.538,3.1210553418079874,-6.576626723573855,212.47386995927894,0.44388864023657965,BALANCING
0.54,3.107912141996986,-6.566148007599249,212.9831952555049,0.4444203411311973,BALANCING
0.542,3.0947899024020207,-6.555669095099718,213.49031498584986,0.44494880696503936,BALANCING
0.544,3.0816886233700123,-6.545190027313095,213.99523269856527,0.4454740438843922,BALANCING
0.546,3.068608305165364,-6.534710845518839,214.49795194225612,0.44599605803035325,BALANCING
0.548,3.055548947969897,-6.524231591021683,214.99847626584383,0.4465148555391722,BALANCING
0.55,3.042510551882814,-6.513752305137208,215.49680921853133,0.4470304425425501,BALANCING
0.552,3.02949311692069,-6.503273029179137,215.99295434977086,0.44754282516790095,BALANCING
0.554,3.016496643017486,-6.492793804448113,216.48691520923356,0.4480520095385796,BALANCING
0.556,3.003521130024587,-6.482314672221821,216.97869534678082,0.44855800177408023,BALANCING
0.558,2.990566577710857,-6.471835673746267,217.46829831243755,0.44906080799021014,BALANCING
0.56,2.9776329857627077,-6.4613568502281025,217.95572765636646,0.4495604342992394,BALANCING
0.562,2.9647203537841853,-6.450878242827849,218.4409869288438,0.45005688681003125,BALANCING
0.5640000000000001,2.9518286812970693,-6.440399892653927,218.92407968023628,0.45055017162815447,BALANCING
0.5660000000000001,2.9389579677409814,-6.4299218407574,219.4050094609787,0.45104029485598046,BALANCING
0.5680000000000001,2.926108212473505,-6.4194441281273384,219.88377982155282,0.45152726259276627,BALANCING
0.5700000000000001,2.9132794147703134,-6.408966795686736,220.36039431246658,0.45201108093472564,BALANCING
0.5720000000000001,2.9004715738253046,-6.398489884288912,220.83485648423434,0.45249175597508906,BALANCING
0.5740000000000001,2.887684688750746,-6.388013434714343,221.30716988735765,0.4529692938041551,BALANCING
0.5760000000000001,2.8749187585774205,-6.377537487667875,221.7773380723064,0.45344370050933264,BALANCING
0.578,2.8621737822547813,-6.367062083776269,222.2453645895007,0.4539149821751763,BALANCING
0.58,2.8494497586511107,-6.356587263586039,222.71125298929294,0.454383144883415,BALANCING
0.582,2.8367466865536826,-6.346113067561549,223.17500682195043,0.45484819471297566,BALANCING
0.584,2.824064564668926,-6.3356395360833435,223.6366296376383,0.45531013774000073,BALANCING
0.586,2.8114033916225987,-6.325166709446679,224.09612498640263,0.45576898003786226,BALANCING
0.588,2.798763165959955,-6.314694627860232,224.55349641815403,0.4562247276771717,BALANCING
0.59,2.7861438861459207,-6.304223331444966,225.00874748265133,0.456677386725786,BALANCING
0.592,2.7735455505652724,-6.2937528602331385,225.4618817294855,0.45712696324881164,BALANCING
0.594,2.7609681575228135,-6.283283254167426,225.91290270806383,0.45757346330860493,BALANCING
0.596,2.748411705243553,-6.272814553100163,226.3618139675943,0.4580168929647708,BALANCING
0.598,2.7358761918728893,-6.262346796792675,226.80861905706993,0.45845725827415873,BALANCING
0.6,2.7233616154767923,-6.25188002491469,227.25332152525368,0.4588945652908581,BALANCING
0.602,2.7108679740419857,-6.241414277043833,227.6959249206629,0.45932882006619025,BALANCING
0.604,2.6983952654761336,-6.230949592665181,228.13643279155448,0.4597600286487013,BALANCING
0.606,2.685943487608024,-6.220486011170874,228.57484868590976,0.46018819708415176,BALANCING
0.608,2.6735126381877574,-6.210023571859788,229.01117615141968,0.46061333141550614,BALANCING
0.61,2.661102714886931,-6.199562313937233,229.44541873546996,0.46103543768292155,BALANCING
0.612,2.648713715298828,-6.189102276514714,229.87757998512643,0.461454521923735,BALANCING
0.614,2.6363456369386045,-6.178643498609711,230.30766344712038,0.4618705901724508,BALANCING
0.616,2.6239984772434783,-6.168186019145495,230.73567266783405,0.46228364846072634,BALANCING
0.618,2.6116722335729174,-6.157729876950974,231.16161119328612,0.46269370281735833,BALANCING
0.62,2.599366903208829,-6.147275110760556,231.58548256911746,0.46310075926826805,BALANCING
0.622,2.5870824833557475,-6.136821759214046,232.00729034057665,0.46350482383648584,BALANCING
0.624,2.574818971141025,-6.126369860856545,232.42703805250565,0.463905902542136,BALANCING
0.626,2.5625763636150216,-6.115919454138382,232.8447292493258,0.46430400140242106,BALANCING
0.628,2.550354657751292,-6.105470577415052,233.26036747502354,0.4646991264316056,BALANCING
0.63,2.538153850446779,-6.095023268947167,233.6739562731362,0.46509128364099994,BALANCING
0.632,2.525973938522,-6.0845775669004185,234.08549918673825,0.465480479038944,BALANCING
0.634,2.513814918721239,-6.074133509345558,234.4949997584269,0.4658667186307905,BALANCING
0.636,2.501676787712736,-6.0636911342583755,234.9024615303085,0.46625000841888825,BALANCING
0.638,2.4895595420888763,-6.0532504795196935,235.3078880439844,0.4666303544025653,BALANCING
0.64,2.477463178366381,-6.042811582915364,235.71128284053728,0.4670077625781122,BALANCING
0.642,2.465387692986497,-6.032374482136277,236.112649460517,0.4673822389387648,BALANCING
0.644,2.4533330823151873,-6.021939214778362,236.51199144392731,0.46775378947468726,BALANCING
0.646,2.44129934264332,-6.011505818342617,236.90931233021163,0.46812242017295497,BALANCING
0.648,2.429286470186858,-6.001074330235119,237.30461565823973,0.4684881370175375,BALANCING
0.65,2.417294461087051,-5.990644787767051,237.6979049662938,0.46885094598928106,BALANCING
0.652,2.4053233114106214,-5.980217228154726,238.0891837920551,0.4692108530658921,BALANCING
0.654,2.3933730171499588,-5.969791688519624,238.47845567259017,0.4695678642219193,BALANCING
0.656,2.3814435742233058,-5.959368205888421,238.86572414433738,0.4699219854287371,BALANCING
0.658,2.369534978474949,-5.9489468171930255,239.2509927430935,0.47027322265452787,BALANCING
0.66,2.357647225675408,-5.938527559270614,239.63426500400013,0.47062158186426567,BALANCING
0.662,2.3457803115216276,-5.92811046886368,240.01554446153037,0.47096706901969804,BALANCING
0.664,2.3339342316371616,-5.917695582620062,240.39483464947543,0.47130969007933,BALANCING
0.666,2.3221089815723674,-5.907282937093001,240.77213910093133,0.47164945099840627,BALANCING
0.668,2.3103045568045935,-5.896872568741174,241.14746134828536,0.4719863577288946,BALANCING
0.67,2.298520952738366,-5.886464513928751,241.52080492320326,0.47232041621946835,BALANCING
0.672,2.286758164705582,-5.876058808925432,241.89217335661553,0.47265163241549024,BALANCING
0.674,2.275016187965695,-5.865655489906503,242.26157017870455,0.4729800122589949,BALANCING
0.676,2.263295017705905,-5.855254592952882,242.62899891889134,0.47330556168867216,BALANCING
0.678,2.251594649041348,-5.844856154051171,242.99446310582238,0.47362828663985024,BALANCING
0.68,2.2399150770152834,-5.834460209093705,243.35796626735657,0.47394819304447905,BALANCING
0.682,2.2282562965992816,-5.824066793878609,243.71951193055224,0.47426528683111335,BALANCING
0.684,2.2166183026934156,-5.813675944109847,244.07910362165413,0.47457957392489614,BALANCING
0.686,2.2050010901264465,-5.803287695397275,244.4367448660803,0.474891060247542,BALANCING
0.6880000000000001,2.193404653656012,-5.792902083256696,244.7924391884094,0.4751997517173207,BALANCING
0.6900000000000001,2.181828987968815,-5.782519143109919,245.14619011236755,0.4755056542490404,BALANCING
0.6920000000000001,2.170274087680813,-5.772138910284805,245.49800116081568,0.47580877375403124,BALANCING
0.6940000000000001,2.1587399473374025,-5.76176142001533,245.84787585573656,0.47610911614012924,BALANCING
0.6960000000000001,2.1472265614136092,-5.751386707441642,246.19581771822212,0.4764066873116594,BALANCING
0.6980000000000001,2.1357339243142763,-5.741014807610111,246.5418302684606,0.47670149316942007,BALANCING
0.7000000000000001,2.124262030374249,-5.730645755473394,246.8859170257239,0.47699353961066604,BALANCING
0.7020000000000001,2.1128108738585656,-5.720279585890485,247.2280815083549,0.4772828325290928,BALANCING
0.704,2.101380448962641,-5.709916333626779,247.56832723375476,0.4775693778148201,BALANCING
0.706,2.0899707498124567,-5.699556033354129,247.90665771837033,0.47785318135437627,BALANCING
0.708,2.0785817704647465,-5.6891987196509,248.24307647768165,0.4781342490306816,BALANCING
0.71,2.0672135049071843,-5.678844427002035,248.57758702618932,0.47841258672303294,BALANCING
0.712,2.0558659470585705,-5.668493189799112,248.910192877402,0.4786882003070876,BALANCING
0.714,2.0445390907690175,-5.658145042340401,249.2408975438241,0.4789610956548472,BALANCING
0.716,2.033232929820138,-5.647800018830927,249.56970453694302,0.47923127863464215,BALANCING
0.718,2.0219474579252315,-5.637458153382531,249.89661736721717,0.4794987551111162,BALANCING
0.72,2.0106826687294683,-5.6271194800139295,250.2216395440633,0.47976353094521,BALANCING
0.722,1.9994385558100787,-5.616784032650773,250.54477457584423,0.48002561199414623,BALANCING
0.724,1.9882151126765366,-5.606451845125714,250.86602596985674,0.48028500411141334,BALANCING
0.726,1.9770123327707478,-5.596122951178464,251.18539723231908,0.48054171314675065,BALANCING
0.728,1.9658302094672329,-5.585797384455855,251.50289186835894,0.4807957449461325,BALANCING
0.73,1.9546687360733161,-5.575475178511905,251.81851338200116,0.48104710535175293,BALANCING
0.732,1.9435279058293091,-5.565156366807878,252.1322652761556,0.4812958002020106,BALANCING
0.734,1.9324077119086964,-5.55484098271235,252.44415105260506,0.4815418353314931,BALANCING
0.736,1.9213081474183207,-5.5445290595012695,252.75417421199316,0.4817852165709615,BALANCING
0.738,1.9102292053985697,-5.5342206303580195,253.06233825381238,0.48202594974733626,BALANCING
0.74,1.8991708788235586,-5.523915728373488,253.368646676392,0.48226404068368095,BALANCING
0.742,1.8881331606013168,-5.513614386546126,253.67310297688607,0.4824994951991877,BALANCING
0.744,1.8771160435739724,-5.503316637782013,253.9757106512616,0.48273231910916214,BALANCING
0.746,1.8661195205179368,-5.493022514894923,254.27647319428664,0.4829625182250086,BALANCING
0.748,1.855143584144089,-5.482732050606391,254.57539409951832,0.4831900983542148,BALANCING
0.75,1.8441882270979608,-5.4724452775457735,254.87247685929108,0.4834150653003374,BALANCING
0.752,1.8332534419599196,-5.462162228250319,255.16772496470495,0.4836374248629871,BALANCING
0.754,1.8223392212453537,-5.451882935165231,255.4611419056136,0.48385718283781387,BALANCING
0.756,1.8114455574048574,-5.441607430643735,255.75273117061286,0.48407434501649227,BALANCING
0.758,1.800572442824412,-5.431335746947146,256.04249624702885,0.4842889171867068,BALANCING
0.76,1.7897198698255725,-5.4210679162449305,256.3304406209064,0.4845009051321377,BALANCING
0.762,1.7788878306656486,-5.410803970614781,256.61656777699744,0.4847103146324459,BALANCING
0.764,1.7680763175378909,-5.4005439420426775,256.9008811987494,0.4849171514632589,BALANCING
0.766,1.7572853225716722,-5.390287862422956,257.1833843682937,0.4851214213961565,BALANCING
0.768,1.7465148378326716,-5.380035763558378,257.464080766434,0.48532313019865597,BALANCING
0.77,1.7357648553230571,-5.369787677160197,257.74297387263516,0.48552228363419825,BALANCING
0.772,1.7250353669816698,-5.359543634848228,258.0200671650116,0.48571888746213376,BALANCING
0.774,1.7143263646842044,-5.349303668150914,258.2953641203156,0.4859129474377077,BALANCING
0.776,1.703637840243395,-5.3390678085053995,258.5688682139263,0.4861044693120464,BALANCING
0.778,1.6929697854091945,-5.328836087257593,258.8405829198383,0.4862934588321434,BALANCING
0.78,1.6823221918689595,-5.318608535662244,259.11051171065037,0.48647992174084487,BALANCING
0.782,1.6716950512476305,-5.3083851848830035,259.3786580575538,0.48666386377683607,BALANCING
0.784,1.661088355107916,-5.298166065992502,259.6450254303218,0.48684529067462745,BALANCING
0.786,1.6505020949504732,-5.287951209972418,259.90961729729787,0.48702420816454073,BALANCING
0.788,1.6399362622140898,-5.2777406477135465,260.17243712538465,0.48720062197269515,BALANCING
0.79,1.6293908482758668,-5.267534410015868,260.43348838003305,0.48737453782099377,BALANCING
0.792,1.6188658444513986,-5.257332527588626,260.6927745252309,0.4875459614271096,BALANCING
0.794,1.6083612419949556,-5.2471350310503935,260.95029902349205,0.4877148985044724,BALANCING
0.796,1.597877032099665,-5.236941950929143,261.2060653358451,0.48788135476225475,BALANCING
0.798,1.5874132058976922,-5.226753317662324,261.4600769218228,0.48804533590535853,BALANCING
0.8,1.5769697544604213,-5.216569161596932,261.7123372394508,0.4882068476344019,BALANCING
0.802,1.566546668798636,-5.206389512989578,261.9628497452367,0.4883658956457054,BALANCING
0.804,1.5561439398627013,-5.196214402006566,262.21161789415953,0.48852248563127887,BALANCING
0.806,1.5457615585427424,-5.186043858723965,262.4586451396583,0.48867662327880823,BALANCING
0.808,1.5353995156688265,-5.175877913127678,262.70393493362184,0.488828314271642,BALANCING
0.81,1.5250578020111425,-5.165716595113523,262.94749072637745,0.4889775642887782,BALANCING
0.812,1.5147364082801809,-5.155559934487296,263.1893159666805,0.4891243790048517,BALANCING
0.8140000000000001,1.5044353251269145,-5.1454079609648575,263.4294141017037,0.48926876409012016,BALANCING
0.8160000000000001,1.4941545431429772,-5.135260704172197,263.66778857702604,0.489410725210452,BALANCING
0.8180000000000001,1.4838940528608449,-5.125118193645511,263.9044428366228,0.48955026802731283,BALANCING
0.8200000000000001,1.4736538447540137,-5.114980458831279,264.13938032285427,0.4896873981977528,BALANCING
0.8220000000000001,1.4634339092371802,-5.104847529086334,264.37260447645565,0.4898221213743938,BALANCING
0.8240000000000001,1.4532342366664206,-5.0947194336779456,264.6041187365262,0.48995444320541626,BALANCING
0.8260000000000001,1.4430548173393694,-5.084596201783887,264.83392654051886,0.490084369334547,BALANCING
0.8280000000000001,1.4328956414953988,-5.074477862492516,265.06203132422996,0.49021190540104614,BALANCING
0.8300000000000001,1.4227566993157967,-5.064364444802849,265.28843652178836,0.4903370570396945,BALANCING
0.8320000000000001,1.4126379809239462,-5.054255977624637,265.51314556564535,0.4904598298807811,BALANCING
0.834,1.4025394763855035,-5.044152489778446,265.7361618865642,0.4905802295500905,BALANCING
0.836,1.3924611757085767,-5.034054009995726,265.9574889136098,0.4906982616688906,BALANCING
0.838,1.3824030688439035,-5.023960566918899,266.1771300741384,0.49081393185391986,BALANCING
0.84,1.3723651456850292,-5.013872189101424,266.39508879378724,0.49092724571737517,BALANCING
0.842,1.3623473960684847,-5.003788905007886,266.61136849646437,0.4910382088668994,BALANCING
0.844,1.3523498097739641,-4.993710743014065,266.82597260433863,0.4911468269055693,BALANCING
0.846,1.3423723765245028,-4.983637731407017,267.038904537829,0.4912531054318831,BALANCING
0.848,1.3324150859866541,-4.973569898385155,267.25016771559507,0.4913570500397484,BALANCING
0.85,1.3224779277706664,-4.963507272058326,267.45976555452637,0.4914586663184701,BALANCING
0.852,1.3125608914306612,-4.953449880447888,267.6677014697328,0.4915579598527384,BALANCING
0.854,1.3026639664648088,-4.943397751486789,267.8739788745341,0.4916549362226165,BALANCING
0.856,1.2927871423155062,-4.933350913019651,268.0786011804503,0.4917496010035292,BALANCING
0.858,1.2829304083695523,-4.923309392802842,268.2815717971914,0.49184195976625045,BALANCING
0.86,1.2730937539583262,-4.913273218504565,268.4828941326478,0.49193201807689174,BALANCING
0.862,1.263277168357962,-4.903242417704928,268.68257159288,0.49201978149689035,BALANCING
0.864,1.253480640789525,-4.893217017896034,268.8806075821089,0.4921052555829975,BALANCING
0.866,1.2437041604191879,-4.883197046482054,269.07700550270613,0.4921884458872667,BALANCING
0.868,1.2339477163584074,-4.87318253077931,269.27176875518404,0.49226935795704224,BALANCING
0.87,1.2242112976640984,-4.863173498016361,269.4649007381859,0.4923479973349474,BALANCING
0.872,1.2144948933388109,-4.853169975334076,269.6564048484764,0.4924243695588729,BALANCING
0.874,1.2047984923309034,-4.843171989785721,269.8462844809318,0.4924984801619657,BALANCING
0.876,1.1951220835347205,-4.83317956833704,270.0345430285301,0.49257033467261724,BALANCING
0.878,1.1854656557907655,-4.823192737866336,270.2211838823418,0.4926399386144523,BALANCING
0.88,1.175829197885877,-4.8132115251645535,270.40621043151987,0.4927072975063176,BALANCING
0.882,1.1662126985534023,-4.803235956935361,270.5896260632905,0.49277241686227036,BALANCING
0.884,1.1566161464733726,-4.7932660597952355,270.77143416294354,0.4928353021915672,BALANCING
0.886,1.1470395302726775,-4.78330186027354,270.9516381138227,0.4928959589986533,BALANCING
0.888,1.137482838525238,-4.773343384812615,271.1302412973164,0.49295439278315056,BALANCING
0.89,1.1279460597521815,-4.763390659767857,271.30724709284823,0.493010609039847,BALANCING
0.892,1.1184291824220158,-4.753443711407799,271.4826588778675,0.4930646132586859,BALANCING
0.894,1.1089321949508015,-4.743502565914202,271.65648002783996,0.4931164109247544,BALANCING
0.896,1.099455085702327,-4.733567249382135,271.8287139162383,0.49316600751827266,BALANCING
0.898,1.0899978429882804,-4.723637787820057,271.9993639145332,0.49321340851458334,BALANCING
0.9,1.0805604550684238,-4.7137142071499065,272.16843339218354,0.49325861938414045,BALANCING
0.902,1.071142910150766,-4.703796533207185,272.3359257166276,0.4933016455924988,BALANCING
0.904,1.0617451963917341,-4.69388479174104,272.5018442532737,0.4933424926003028,BALANCING
0.906,1.052367301896348,-4.683979008414352,272.66619236549093,0.49338116586327635,BALANCING
0.908,1.0430092147183916,-4.6740792088038186,272.82897341460006,0.4934176708322121,BALANCING
0.91,1.0336709228605856,-4.664185418400043,272.99019075986473,0.4934520129529608,BALANCING
0.912,1.0243524142747593,-4.65429766260762,273.14984775848177,0.49348419766642077,BALANCING
0.914,1.0150536768620229,-4.644415966745217,273.3079477655728,0.4935142304085272,BALANCING
0.916,1.0057746984729385,-4.634540356045665,273.46449413417474,0.4935421166102423,BALANCING
0.918,0.9965154669076934,-4.624670855656048,273.6194902152311,0.49356786169754446,BALANCING
0.92,0.9872759699162692,-4.614807490637782,273.7729393575829,0.49359147109141815,BALANCING
0.922,0.978056195198615,-4.604950285966709,273.9248449079599,0.49361295020784357,BALANCING
0.924,0.9688561304048171,-4.595099266533181,274.0752102109715,0.4936323044577865,BALANCING
0.926,0.9596757631352711,-4.58525445714215,274.22403860909816,0.49364953924718796,BALANCING
0.928,0.950515080940852,-4.575415882513252,274.3713334426823,0.4936646599769543,BALANCING
0.93,0.9413740713230844,-4.5655835672809015,274.51709804991987,0.4936776720429471,BALANCING
0.932,0.9322527217343134,-4.555757535994371,274.6613357668511,0.49368858083597295,BALANCING
0.934,0.9231510195778748,-4.545937813117887,274.8040499273523,0.4936973917417737,BALANCING
0.936,0.9140689522082646,-4.536124423030715,274.94524386312696,0.49370411014101645,BALANCING
0.9380000000000001,0.9050065069313097,-4.526317390027251,275.0849209036969,0.4937087414092837,BALANCING
0.9400000000000001,0.8959636710043367,-4.516516738317106,275.22308437639396,0.49371129091706367,BALANCING
0.9420000000000001,0.8869404316363421,-4.506722492025203,275.3597376063513,0.49371176402974004,BALANCING
0.9440000000000001,0.8779367759881607,-4.4969346751918575,275.4948839164947,0.4937101661075827,BALANCING
0.9460000000000001,0.8689526911726356,-4.487153311772876,275.6285266275343,0.4937065025057381,BALANCING
0.9480000000000001,0.859988164254787,-4.477378425639638,275.7606690579559,0.4937007785742192,BALANCING
0.9500000000000001,0.8510431822519804,-4.467610040579192,275.8913145240125,0.49369299965789615,BALANCING
0.9520000000000001,0.8421177321340958,-4.457848180294345,276.020466339716,0.49368317109648685,BALANCING
0.9540000000000001,0.8332118008236958,-4.44809286840375,276.14812781682866,0.4936712982245474,BALANCING
0.9560000000000001,0.824325375196194,-4.438344128442002,276.2743022648549,0.4936573863714624,BALANCING
0.9580000000000001,0.8154584420800227,-4.428601983859724,276.39899299103274,0.49364144086143597,BALANCING
0.96,0.8066109882568011,-4.418866458023661,276.52220330032577,0.4936234670134821,BALANCING
0.962,0.7977830004615029,-4.40913757421677,276.6439364954146,0.4936034701414156,BALANCING
0.964,0.7889744653826235,-4.399415355638317,276.7641958766888,0.49358145555384264,BALANCING
0.966,0.780185369662348,-4.3896998254039605,276.88298474223865,0.4935574285541517,BALANCING
0.968,0.7714156998967173,-4.37999100654585,277.00030638784693,0.49353139444050437,BALANCING
0.97,0.7626654426357962,-4.3702889220127155,277.1161641069808,0.4935033585058261,BALANCING
0.972,0.7539345843838391,-4.360593594669959,277.23056119078376,0.49347332603779753,BALANCING
0.974,0.7452231115994573,-4.3509050472997535,277.34350092806733,0.49344130231884514,BALANCING
0.976,0.736531010695785,-4.341223302601127,277.45498660530325,0.49340729262613225,BALANCING
0.978,0.7278582680406454,-4.331548383190062,277.5650215066154,0.4933713022315507,BALANCING
0.98,0.7192048699567172,-4.321880311599588,277.6736089137717,0.4933333364017109,BALANCING
0.982,0.7105708027217,-4.312219110279874,277.7807521061763,0.4932934003979343,BALANCING
0.984,0.7019560525684803,-4.3025648015983196,277.88645436086153,0.49325149947624347,BALANCING
0.986,0.6933606056852963,-4.292917407839655,277.99071895248005,0.4932076388873542,BALANCING
0.988,0.6847844482159039,-4.28327695120603,278.093549153297,0.49316182387666635,BALANCING
0.99,0.6762275662597413,-4.273643453817113,278.19494823318223,0.4931140596842555,BALANCING
0.992,0.667689945872094,-4.264016937710179,278.2949194596023,0.493064351544864,BALANCING
0.994,0.6591715730642596,-4.254397424840211,278.3934660976129,0.493012704687893,BALANCING
0.996,0.6506724338037121,-4.244784937079992,278.4905914098511,0.4929591243373933,BALANCING
0.998,0.6421925140142664,-4.235179496220199,278.5862986565275,0.49290361571205776,BALANCING
1.0,0.6337317995762424,-4.2255811239695005,278.68059109541866,0.49284618402521185,BALANCING
1.002,0.6252902763266286,-4.215989841954652,278.77347198185936,0.49278683448480604,BALANCING
1.004,0.6168679300592466,-4.20640567172059,278.8649445687352,0.49272557229340724,BALANCING
1.006,0.6084647465249137,-4.1968286347305295,278.9550121064748,0.49266240264819083,BALANCING
1.008,0.6000807114316068,-4.187258752366059,279.04367784304213,0.49259733074093187,BALANCING
1.01,0.5917158104446257,-4.177696045927238,279.1309450239295,0.4925303617579975,BALANCING
1.012,0.5833700291867557,-4.168140536632692,279.2168168921494,0.4924615008803386,BALANCING
1.014,0.5750433532384306,-4.158592245619712,279.3012966882275,0.4923907532834814,BALANCING
1.016,0.5667357681378948,-4.149051193944346,279.3843876501952,0.4923181241375202,BALANCING
1.018,0.5584472593813669,-4.139517402581504,279.4660930135818,0.49224361860710864,BALANCING
1.02,0.5501778124232001,-4.129990892425047,279.5464160114078,0.49216724185145216,BALANCING
1.022,0.5419274126760459,-4.12047168428789,279.6253598741769,0.49208899902430003,BALANCING
1.024,0.5336960455110151,-4.110959798902096,279.7029278298691,0.49200889527393743,BALANCING
1.026,0.5254836962578392,-4.101455256918979,279.7791231039332,0.4919269357431777,BALANCING
1.028,0.5172903502050323,-4.091958078909196,279.8539489192799,0.49184312556935467,BALANCING
1.03,0.5091159926000522,-4.082468285362846,279.927408496274,0.49175746988431485,BALANCING
1.032,0.5009606086494612,-4.072985896689574,279.99950505272767,0.4916699738144096,BALANCING
1.034,0.4928241835190872,-4.063510933218664,280.07024180389317,0.4915806424804878,BALANCING
1.036,0.48470670233418406,-4.054043415199138,280.13962196245564,0.4914894809978882,BALANCING
1.038,0.47660815017959224,-4.044583362799859,280.20764873852625,0.4913964944764318,BALANCING
1.04,0.468528512099899,-4.035130796109623,280.27432533963463,0.4913016880204143,BALANCING
1.042,0.46046777309959813,-4.025685735137268,280.3396549707223,0.4912050667285989,BALANCING
1.044,0.4524259181432506,-4.016248199811761,280.40364083413556,0.49110663569420865,BALANCING
1.046,0.4444029321556431,-4.00681820998231,280.46628612961825,0.49100640000491924,BALANCING
1.048,0.4363988000219482,-3.9973957854184565,280.5275940543052,0.4909043647428516,BALANCING
1.05,0.4284135065878834,-3.9879809458101767,280.58756780271494,0.4908005349845648,BALANCING
1.052,0.42044703665987027,-3.978573710767982,280.6462105667431,0.49069491580104846,BALANCING
1.054,0.41249937500519296,-3.96917409982302,280.7035255356553,0.49058751225771613,BALANCING
1.056,0.4045705063521572,-3.959782132427173,280.7595158960804,0.49047832941439756,BALANCING
1.058,0.39666041539024866,-3.950397827953161,280.81418483200395,0.4903673723253321,BALANCING
1.06,0.3887690867702909,-3.9410212056946397,280.86753552476085,0.49025464603916125,BALANCING
1.062,0.38089650510460377,-3.931652284866304,280.9195711530293,0.4901401555989221,BALANCING
1.064,0.373042654967161,-3.922291084603989,280.9702948928236,0.4900239060420396,BALANCING
1.066,0.3652075208937479,-3.9129376239647686,281.0197099174874,0.48990590240032095,BALANCING
1.068,0.35739108738211894,-3.903591921927059,281.0678193976875,0.4897861496999472,BALANCING
1.07,0.3495933388921546,-3.894253997390722,281.114626501407,0.4896646529614675,BALANCING
1.072,0.3418142598460187,-3.884923869177162,281.16013439393834,0.4895414171997919,BALANCING
1.074,0.33405383462831506,-3.875601556029432,281.2043462378774,0.4894164474241846,BALANCING
1.076,0.3263120475862443,-3.866287076612335,281.2472651931165,0.4892897486382576,BALANCING
1.078,0.3185888830297601,-3.8569804495125237,281.288894416838,0.4891613258399633,BALANCING
1.08,0.31088432523172504,-3.8476816932386066,281.3292370635078,0.48903118402158874,BALANCING
1.082,0.3031983584280675,-3.838390826221248,281.3682962848689,0.4888993281697484,BALANCING
1.084,0.29553096681793667,-3.8291078668132705,281.40607522993514,0.488765763265378,BALANCING
1.086,0.2878821345638582,-3.8198328332897606,281.4425770449845,0.4886304942837279,BALANCING
1.088,0.28025184579189005,-3.810565743848169,281.477804873553,0.48849352619435654,BALANCING
1.09,0.27264008459177724,-3.8013066166084144,281.51176185642817,0.4883548639611244,BALANCING
1.092,0.2650468350171069,-3.7920554696129867,281.54445113164286,0.4882145125421872,BALANCING
1.094,0.25747208108546316,-3.782812320827053,281.575875834469,0.4880724768899897,BALANCING
1.096,0.24991580677858152,-3.773577188138557,281.6060390974112,0.48792876195126,BALANCING
1.098,0.24237799604250337,-3.7643500893583264,281.63494405020066,0.4877833726670023,BALANCING
1.1,0.23485863278773,-3.755131042220174,281.6625938197889,0.4876363139724912,BALANCING
1.102,0.22735770088937657,-3.745920064381005,281.68899153034164,0.487487590797266,BALANCING
1.104,0.21987518418732577,-3.736717173420917,281.7141403032327,0.4873372080651239,BALANCING
1.106,0.21241106648638153,-3.727522386843308,281.7380432570376,0.48718517069411393,BALANCING
1.108,0.20496533155642202,-3.7183357220749795,281.76070350752804,0.4870314835965317,BALANCING
1.11,0.197537963132553,-3.7091571964662418,281.78212416766536,0.4868761516789127,BALANCING
1.112,0.19012894491526064,-3.6999868272910184,281.80230834759476,0.48671917984202645,BALANCING
1.114,0.18273826057056405,-3.6908246317469495,281.82125915463916,0.48656057298087074,BALANCING
1.116,0.17536589373016798,-3.6816706269555,281.83897969329337,0.4864003359846658,BALANCING
1.118,0.1680118279916148,-3.6725248299620628,281.85547306521806,0.4862384737368485,BALANCING
1.12,0.16067604691843682,-3.6633872577360633,281.8707423692339,0.48607499111506625,BALANCING
1.122,0.15335853404030794,-3.654257927171069,281.88479070131564,0.48590989299117165,BALANCING
1.124,0.14605927285319534,-3.6451368550848895,281.8976211545863,0.4857431842312168,BALANCING
1.1260000000000001,0.1387782468195108,-3.6360240582196868,281.90923681931133,0.4855748696954473,BALANCING
1.1280000000000001,0.13151543936826207,-3.626919553242079,281.91964078289277,0.4854049542382967,BALANCING
1.1300000000000001,0.12427083389520367,-3.6178233567432465,281.9288361298636,0.4852334427083814,BALANCING
1.1320000000000001,0.11704441376298783,-3.608735485239039,281.93682594188186,0.48506033994849473,BALANCING
1.1340000000000001,0.10983616230131486,-3.5996559551700833,281.943613297725,0.4848856507956011,BALANCING
1.1360000000000001,0.1026460628070837,-3.590584782901884,281.9492012732841,0.4847093800808314,BALANCING
1.1380000000000001,0.0954740985445419,-3.581521984724938,281.95359294155844,0.4845315326294769,BALANCING
1.1400000000000001,0.08832025274543563,-3.572467576854835,281.95679137264966,0.4843521132609842,BALANCING
1.1420000000000001,0.08118450860915931,-3.5634215754323666,281.95879963375626,0.48417112678894975,BALANCING
1.1440000000000001,0.0740668493029052,-3.5543839965236343,281.959620789168,0.4839885780211147,BALANCING
1.1460000000000001,0.06696725796181262,-3.545354856120155,281.95925790026024,0.48380447175935964,BALANCING
1.1480000000000001,0.05988571768911698,-3.536334170138969,281.95771402548866,0.48361881279969904,BALANCING
1.1500000000000001,0.05282221155629874,-3.5273219544227468,281.9549922203836,0.4834316059322767,BALANCING
1.1520000000000001,0.04577672260323193,-3.5183182247398976,281.95109553754446,0.48324285594135996,BALANCING
1.154,0.03874923383833263,-3.5093229967846766,281.94602702663474,0.48305256760533516,BALANCING
1.156,0.031739728238707174,-3.5003362861772915,281.93978973437606,0.48286074569670223,BALANCING
1.158,0.024748188750300125,-3.4913581084640115,281.93238670454315,0.48266739498206984,BALANCING
1.16,0.017774598288042048,-3.482388479117276,281.9238209779583,0.4824725202221504,BALANCING
1.162,0.010818939735997074,-3.4734274135358008,281.91409559248626,0.482276126171755,BALANCING
1.164,0.0038811959475102452,-3.4644749270446877,281.9032135830286,0.48207821757978875,BALANCING
1.166,-0.0030386502546453733,-3.455531034895532,281.8911779815188,0.4818787991892458,BALANCING
1.168,-0.009940616078121774,-3.446595752266533,281.8779918169167,0.48167787573720433,BALANCING
1.17,-0.016824718760849327,-3.437669094262599,281.8636581152034,0.4814754519548221,BALANCING
1.172,-0.0236909755708903,-3.42875107591546,281.8481798993762,0.48127153256733163,BALANCING
1.174,-0.03053940380629261,-3.4198417121837723,281.8315601894432,0.48106612229403534,BALANCING
1.176,-0.03737002079494377,-3.410941017953232,281.81380200241836,0.4808592258483009,BALANCING
1.178,-0.04418284389442508,-3.40204900803668,281.7949083523161,0.4806508479375569,BALANCING
1.18,-0.050977890491866046,-3.393165697174214,281.7748822501466,0.4804409932632878,BALANCING
1.182,-0.05775517800379896,-3.384291100033295,281.7537267039105,0.48022966652103,BALANCING
1.184,-0.06451472387601374,-3.3754252312088604,281.7314447185939,0.4800168724003665,BALANCING
1.186,-0.07125654558341302,-3.3665681052234295,281.7080392961633,0.47980261558492326,BALANCING
1.188,-0.07798066062986737,-3.3577197365272164,281.6835134355607,0.47958690075236426,BALANCING
1.19,-0.08468708654807088,-3.3488801394982373,281.6578701326988,0.4793697325743872,BALANCING
1.192,-0.09137584089939671,-3.3400493284424213,281.6311123804557,0.47915111571671937,BALANCING
1.194,-0.09804694127375323,-3.3312273175937204,281.6032431686703,0.47893105483911297,BALANCING
1.196,-0.10470040528943998,-3.3224141211142197,281.5742654841373,0.4787095545953411,BALANCING
1.198,-0.1113362505930042,-3.3136097530942474,281.5441823106025,0.4784866196331935,BALANCING
1.2,-0.11795449485909727,-3.304814227552484,281.51299662875766,0.47826225459447214,BALANCING
1.202,-0.12455515579033169,-3.2960275584360743,281.48071141623603,0.4780364641149872,BALANCING
1.204,-0.13113825111713795,-3.2872497596207366,281.4473296476075,0.47780925282455294,BALANCING
1.206,-0.1377037985976219,-3.278480844910873,281.4128542943736,0.47758062534698364,BALANCING
1.208,-0.14425181601742224,-3.269720828039682,281.3772883249632,0.47735058630008953,BALANCING
1.21,-0.15078232118956802,-3.2609697226692678,281.3406347047277,0.47711914029567265,BALANCING
1.212,-0.1572953319543369,-3.2522275423907487,281.30289639593593,0.4768862919395229,BALANCING
1.214,-0.1637908661791129,-3.243494300724374,281.26407635777014,0.47665204583141435,BALANCING
1.216,-0.17026894175824508,-3.234770011119629,281.224177546321,0.476416406565101,BALANCING
1.218,-0.17672957661290603,-3.22605468695535,281.1832029145833,0.476179378728313,BALANCING
1.22,-0.18317278869095052,-3.217348341539834,281.14115541245087,0.47594096690275295,BALANCING
1.222,-0.1895985959667748,-3.20865098811095,281.09803798671265,0.47570117566409204,BALANCING
1.224,-0.19600701644117566,-3.1999626398362495,281.05385358104786,0.47546000958196616,BALANCING
1.226,-0.20239806814120992,-3.1912833098130817,281.0086051360214,0.47521747321997215,BALANCING
1.228,-0.2087717691200542,-3.182613011068699,280.9622955890799,0.47497357113566474,BALANCING
1.23,-0.21512813745686485,-3.173951756560375,280.9149278745465,0.4747283078805518,BALANCING
1.232,-0.22146719125663797,-3.1652995591755118,280.86650492361724,0.4744816880000918,BALANCING
1.234,-0.22778894865006996,-3.156656431731754,280.8170296643562,0.4742337160336893,BALANCING
1.236,-0.23409342779341796,-3.1480223869770985,280.7665050216913,0.4739843965146923,BALANCING
1.238,-0.24038064686836075,-3.1393974375900107,280.7149339174098,0.47373373397038804,BALANCING
1.24,-0.24665062408185973,-3.1307815961795327,280.6623192701543,0.4734817329219998,BALANCING
1.242,-0.2529033776660203,-3.122174875285395,280.6086639954181,0.4732283978846835,BALANCING
1.244,-0.2591389258779531,-3.113577287378133,280.55397100554137,0.4729737333675243,BALANCING
1.246,-0.2653572869996362,-3.1049888448591956,280.49824320970646,0.47271774387353294,BALANCING
1.248,-0.2715584793377764,-3.0964095600610584,280.44148351393403,0.472460433899643,BALANCING
1.25,-0.27774252122367193,-3.0878394452473374,280.3836948210787,0.472201807936707,BALANCING
1.252,-0.2839094310130746,-3.079278512612901,280.32488003082494,0.47194187046949365,BALANCING
1.254,-0.2900592270860523,-3.070726774283982,280.26504203968295,0.4716806259766841,BALANCING
1.256,-0.2961919278468523,-3.062184242318291,280.2041837409846,0.47141807893086923,BALANCING
1.258,-0.3023075517237637,-3.05365092870513,280.14230802487924,0.47115423379854615,BALANCING
1.26,-0.30840611716898125,-3.045126845365502,280.0794177783297,0.4708890950401154,BALANCING
1.262,-0.31448764265846857,-3.036612004152228,280.01551588510824,0.47062266710987766,BALANCING
1.264,-0.3205521466918219,-3.028106416850059,279.9506052257927,0.4703549544560308,BALANCING
1.266,-0.32659964779213424,-3.019610095175788,279.88468867776214,0.4700859615206666,BALANCING
1.268,-0.33263016450585936,-3.011123050778362,279.81776911519336,0.46981569273976836,BALANCING
1.27,-0.3386437154026764,-3.0026452952389997,279.7498494090565,0.4695441525432072,BALANCING
1.272,-0.34464031907535436,-2.994176840071301,279.68093242711154,0.46927134535473974,BALANCING
1.274,-0.35061999413961703,-2.9857176967213603,279.6110210339042,0.46899727559200505,BALANCING
1.276,-0.3565827592340082,-2.9772678765678826,279.54011809076206,0.46872194766652187,BALANCING
1.278,-0.36252863301975674,-2.968827390922297,279.46822645579084,0.46844536598368536,BALANCING
1.28,-0.3684576341806425,-2.960396251028865,279.39534898387046,0.46816753494276514,BALANCING
1.282,-0.37436978142286165,-2.951974468064802,279.3214885266513,0.4678884589369019,BALANCING
1.284,-0.38026509347489323,-2.9435620531403854,279.2466479325507,0.46760814235310477,BALANCING
1.286,-0.386143589087365,-2.93515901729907,279.1708300467486,0.4673265895722491,BALANCING
1.288,-0.3920052870329199,-2.9267653715176025,279.0940377111845,0.4670438049690732,BALANCING
1.29,-0.397850206106083,-2.918381126706135,279.01627376455343,0.46675979291217645,BALANCING
1.292,-0.4036783651231282,-2.91000629370834,278.9375410423022,0.4664745577640159,BALANCING
1.294,-0.40948978292194554,-2.901640883301521,278.8578423766261,0.4661881038809044,BALANCING
1.296,-0.41528447836190835,-2.893284906196731,278.77718059646475,0.465900435613008,BALANCING
1.298,-0.4210624703237412,-2.8849383730388847,278.6955585274992,0.46561155730434306,BALANCING
1.3,-0.4268237777093875,-2.8766012944068717,278.6129789921478,0.4653214732927743,BALANCING
1.302,-0.43256841944187746,-2.8682736808136724,278.5294448095628,0.4650301879100122,BALANCING
1.304,-0.43829641446519674,-2.859955542706473,278.4449587956269,0.4647377054816107,BALANCING
1.306,-0.4440077817441545,-2.8516468904667764,278.3595237629499,0.4644440303269648,BALANCING
1.308,-0.44970254026425266,-2.843347734410521,278.27314252086467,0.46414916675930806,BALANCING
1.31,-0.45538070903155453,-2.8350580847881917,278.1858178754244,0.4638531190857109,BALANCING
1.312,-0.4610423070725542,-2.8267779517849374,278.09755262939865,0.46355589160707783,BALANCING
1.314,-0.46668735343404577,-2.818507345520683,278.00834958227034,0.4632574886181454,BALANCING
1.316,-0.4723158671829932,-2.810246276050246,277.91821153023193,0.4629579144074803,BALANCING
1.318,-0.47792786740640014,-2.8019947533634504,277.82714126618254,0.46265717325747674,BALANCING
1.32,-0.48352337321118016,-2.7937527873852406,277.7351415797241,0.4623552694443547,BALANCING
1.322,-0.48910240372402697,-2.785520387975798,277.6422152571585,0.4620522072381579,BALANCING
1.324,-0.4946649780912849,-2.7772975649306564,277.5483650814842,0.4617479909027513,BALANCING
1.326,-0.5002111154788201,-2.7690843279808126,277.4535938323926,0.4614426246958198,BALANCING
1.328,-0.5057408350718913,-2.760880686792847,277.3579042862652,0.4611361128688655,BALANCING
1.33,-0.5112541560750208,-2.752686650969034,277.26129921617047,0.4608284596672066,BALANCING
1.332,-0.516751097711867,-2.7445022300474595,277.16378139186014,0.4605196693299747,BALANCING
1.334,-0.5222316792250948,-2.7363274335021375,277.06535357976645,0.4602097460901132,BALANCING
1.336,-0.5276959198762485,-2.7281622707431197,276.966018542999,0.45989869417437584,BALANCING
1.338,-0.5331438389456239,-2.720006751116617,276.8657790413412,0.4595865178033243,BALANCING
1.34,-0.5385754557321398,-2.71186088390511,276.7646378312479,0.4592732211913268,BALANCING
1.342,-0.5439907895532123,-2.703724678327468,276.66259766584153,0.45895880854655624,BALANCING
1.344,-0.5493898597446264,-2.695598143539062,276.5596612949096,0.4586432840709884,BALANCING
1.346,-0.5547726856604093,-2.687481288631879,276.4558314649012,0.45832665196040046,BALANCING
1.348,-0.5601392866727042,-2.6793741226346413,276.3511109189246,0.4580089164043689,BALANCING
1.35,-0.5654896821716435,-2.6712766545129174,276.2455023967436,0.45769008158626856,BALANCING
1.352,-0.5708238915652231,-2.6631888931692407,276.13900863477505,0.4573701516832704,BALANCING
1.354,-0.5761419342791754,-2.655110847443224,276.03163236608566,0.45704913086634047,BALANCING
1.356,-0.5814438297568448,-2.647042526111675,275.9233763203892,0.4567270233002379,BALANCING
1.358,-0.5867295974590615,-2.6389839378887108,275.8142432240434,0.4564038331435138,BALANCING
1.36,-0.5919992568640164,-2.630935091425876,275.7042358000474,0.4560795645485094,BALANCING
1.362,-0.597252827467136,-2.6228959953122546,275.5933567680385,0.4557542216613551,BALANCING
1.364,-0.6024903287809579,-2.6148666580745896,275.4816088442897,0.4554278086219686,BALANCING
1.366,-0.6077117803350056,-2.6068470881773966,275.36899474170673,0.45510032956405366,BALANCING
1.368,-0.6129172016756649,-2.5988372940230793,275.25551716982517,0.4547717886150991,BALANCING
1.37,-0.618106612366059,-2.5908372839520464,275.1411788348077,0.45444218989637697,BALANCING
1.372,-0.6232800319859257,-2.582847066242827,275.0259824394417,0.45411153752294153,BALANCING
1.374,-0.6284374801314925,-2.574866649112185,274.90993068313594,0.4537798356036281,BALANCING
1.3760000000000001,-0.6335789764153542,-2.566896040715237,274.7930262619184,0.4534470882410514,BALANCING
1.3780000000000001,-0.6387045404663492,-2.558935249145567,274.67527186843324,0.453113299531605,BALANCING
1.3800000000000001,-0.6438141919294366,-2.5509842824353424,274.5566701919385,0.45277847356545964,BALANCING
1.3820000000000001,-0.6489079504655736,-2.5430431485554306,274.43722391830306,0.45244261442656225,BALANCING
1.3840000000000001,-0.6539858357515931,-2.5351118554155136,274.3169357300043,0.45210572619263484,BALANCING
1.3860000000000001,-0.6590478674800812,-2.5271904108642045,274.19580830612534,0.4517678129351737,BALANCING
1.3880000000000001,-0.6640940653592552,-2.5192788226891656,274.0738443223528,0.45142887871944776,BALANCING
1.3900000000000001,-0.669124449112842,-2.5113770986172193,273.9510464509737,0.4510889276044983,BALANCING
1.3920000000000001,-0.6741390384799565,-2.5034852463144697,273.82741736087354,0.45074796364313724,BALANCING
1.3940000000000001,-0.6791378532149802,-2.4956032733864157,273.7029597175333,0.4504059908819469,BALANCING
1.3960000000000001,-0.68412091308744,-2.4877311873780674,273.5776761830273,0.45006301336127824,BALANCING
1.3980000000000001,-0.6890882378818878,-2.4798689957740616,273.45156941602045,0.4497190351152511,BALANCING
1.4000000000000001,-0.6940398473977789,-2.4720167059987794,273.3246420717661,0.4493740601717519,BALANCING
1.4020000000000001,-0.6989757614493528,-2.464174325416461,273.1968968021034,0.4490280925524344,BALANCING
1.4040000000000001,-0.7038959998655123,-2.4563418613313233,273.06833625545516,0.4486811362727176,BALANCING
1.4060000000000001,-0.7088005824897038,-2.4485193209876743,272.938963076825,0.4483331953417853,BALANCING
1.408,-0.7136895291797972,-2.4407067115700287,272.8087799077956,0.44798427376258587,BALANCING
1.41,-0.7185628598079672,-2.4329040402032276,272.67778938652583,0.44763437553183105,BALANCING
1.412,-0.7234205942605736,-2.4251113139525513,272.54599414774873,0.44728350463999517,BALANCING
1.414,-0.728262752438042,-2.417328539823836,272.41339682276936,0.4469316650713149,BALANCING
1.416,-0.7330893542547455,-2.409555724763592,272.28000003946204,0.44657886080378834,BALANCING
1.418,-0.7379004196388861,-2.4017928756591176,272.14580642226855,0.44622509580917435,BALANCING
1.42,-0.7426959685323762,-2.3940399993386157,272.0108185921957,0.4458703740529923,BALANCING
1.422,-0.7474760208907208,-2.3862971025713122,271.8750391668132,0.44551469949452116,BALANCING
1.424,-0.7522405966828994,-2.378564192067568,271.73847076025146,0.4451580760867992,BALANCING
1.426,-0.7569897158912484,-2.370841274479,271.60111598319935,0.4448005077766234,BALANCING
1.428,-0.7617233985113441,-2.3631283563985934,271.46297744290206,0.44444199850454913,BALANCING
1.43,-0.7664416645518847,-2.3554254443608214,271.3240577431592,0.44408255220488957,BALANCING
1.432,-0.7711445340345746,-2.3477325448417576,271.18435948432233,0.4437221728057153,BALANCING
1.434,-0.7758320269940066,-2.3400496642591966,271.0438852632932,0.44336086422885396,BALANCING
1.436,-0.7805041634775461,-2.3323768089727666,270.90263767352155,0.44299863038989007,BALANCING
1.438,-0.7851609635452148,-2.3247139852840464,270.760619305003,0.4426354751981643,BALANCING
1.44,-0.7898024472695746,-2.317061199436684,270.61783274427717,0.4422714025567738,BALANCING
1.442,-0.7944286347356116,-2.3094184576165095,270.47428057442556,0.441906416362571,BALANCING
1.444,-0.7990395460406214,-2.301785765951655,270.3299653750698,0.4415405205061645,BALANCING
1.446,-0.8036352012940927,-2.294163130512667,270.1848897223692,0.441173718871918,BALANCING
1.448,-0.8082156206175933,-2.286550557312625,270.0390561890194,0.4408060153379504,BALANCING
1.45,-0.8127808241446546,-2.2789480523072583,269.8924673442501,0.4404374137761358,BALANCING
1.452,-0.8173308320206573,-2.2713556213950596,269.7451257538233,0.4400679180521032,BALANCING
1.454,-0.8218656644027166,-2.2637732704174045,269.5970339800311,0.43969753202523626,BALANCING
1.456,-0.8263853414595691,-2.256201005158665,269.44819458169445,0.4393262595486736,BALANCING
1.458,-0.8308898833714576,-2.248638831346328,269.29861011416074,0.4389541044693083,BALANCING
1.46,-0.835379310330019,-2.241086754651109,269.14828312930223,0.43858107062778845,BALANCING
1.462,-0.8398536425381689,-2.233544780687071,268.99721617551427,0.4382071618585165,BALANCING
1.464,-0.8443129002099902,-2.2260129150117387,268.84541179771355,0.43783238198964985,BALANCING
1.466,-0.8487571035706192,-2.2184911631262154,268.6928725373361,0.4374567348431006,BALANCING
1.468,-0.8531862728561331,-2.2109795304753,268.53960093233576,0.43708022423453574,BALANCING
1.47,-0.8576004283134377,-2.2034780224476025,268.3855995171826,0.43670285397337727,BALANCING
1.472,-0.8619995902001548,-2.1959866443756586,268.2308708228607,0.4363246278628023,BALANCING
1.474,-0.8663837787845102,-2.18850540153605,268.0754173768672,0.4359455496997432,BALANCING
1.476,-0.8707530143452223,-2.1810342991495153,267.91924170320993,0.43556562327488785,BALANCING
1.478,-0.87510731717139,-2.1735733423810704,267.7623463224063,0.43518485237267995,BALANCING
1.48,-0.8794467075623817,-2.1661225363401226,267.6047337514814,0.43480324077131915,BALANCING
1.482,-0.8837712058277244,-2.1586818860805885,267.44640650396633,0.4344207922427612,BALANCING
1.484,-0.8880808322869921,-2.151251396601006,267.2873670898969,0.4340375105527184,BALANCING
1.486,-0.8923756072696958,-2.1438310728446566,267.127618015812,0.4336533994606599,BALANCING
1.488,-0.8966555511151733,-2.136420919699675,266.9671617847518,0.4332684627198123,BALANCING
1.49,-0.900920684172478,-2.12902094199917,266.8060008962564,0.43288270407715956,BALANCING
1.492,-0.90517102680027,-2.1216311445213383,266.6441378463646,0.4324961272734436,BALANCING
1.494,-0.9094065993667061,-2.1142515319895816,266.4815751276118,0.432108736043165,BALANCING
1.496,-0.91362742224933,-2.1068821090726213,266.318315229029,0.4317205341145829,BALANCING
1.498,-0.9178335158349633,-2.0995228803846153,266.15436063614135,0.43133152520971607,BALANCING
1.5,-0.9220249005195965,-2.092173850485274,265.9897138309665,0.43094171304434303,BALANCING
1.502,-0.9262015967082803,-2.0848350238799767,265.82437729201325,0.4305511013280027,BALANCING
1.504,-0.9303636248150167,-2.0775064050198853,265.6583534942803,0.43015969376399493,BALANCING
1.506,-0.9345110052626513,-2.0701879983020635,265.49164490925466,0.4297674940493812,BALANCING
1.508,-0.9386437584827647,-2.06287980806959,265.32425400491053,0.4293745058749849,BALANCING
1.51,-0.9427619049155646,-2.055581838611676,265.1561832457079,0.42898073292539257,BALANCING
1.512,-0.9468654650097786,-2.048294094163781,264.987435092591,0.42858617887895395,BALANCING
1.514,-0.9509544592225466,-2.041016578907727,264.8180120029873,0.42819084740778285,BALANCING
1.516,-0.9550289080193135,-2.0337492969718154,264.6479164308062,0.42779474217775804,BALANCING
1.518,-0.9590888318737227,-2.0264922524309426,264.47715082643765,0.42739786684852366,BALANCING
1.52,-0.9631342512675086,-2.0192454493067165,264.3057176367509,0.4270002250734905,BALANCING
1.522,-0.9671651866903911,-2.012008891567571,264.13361930509336,0.4266018204998362,BALANCING
1.524,-0.9711816586399687,-2.0047825831288826,263.96085827128945,0.4262026567685063,BALANCING
1.526,-0.9751836876216128,-1.9975665278530854,263.78743697163924,0.42580273751421527,BALANCING
1.528,-0.9791712941483619,-1.990360729549786,263.61335783891747,0.425402066365447,BALANCING
1.53,-0.9831444987408159,-1.9831651919758821,263.43862330237226,0.4250006469444558,BALANCING
1.532,-0.987103321927031,-1.9759799188356741,263.2632357877241,0.4245984828672676,BALANCING
1.534,-0.9910477842424146,-1.9688049137809833,263.0871977171646,0.4241955777436805,BALANCING
1.536,-0.9949779062296205,-1.961640180411267,262.91051150935556,0.42379193517726593,BALANCING
1.538,-0.9988937084384436,-1.954485722273733,262.7331795794277,0.4233875587653695,BALANCING
1.54,-1.0027952114257168,-1.9473415428634555,262.5552043389799,0.422982452099112,BALANCING
1.542,-1.0066824357552058,-1.9402076456234911,262.3765881960777,0.42257661876339087,BALANCING
1.544,-1.0105554019975054,-1.9330840339449937,262.1973335552529,0.42217006233688037,BALANCING
1.546,-1.0144141307299364,-1.9259707111673294,262.01744281750194,0.42176278639203346,BALANCING
1.548,-1.0182586425364413,-1.9188676805781923,261.83691838028534,0.42135479449508256,BALANCING
1.55,-1.0220889580074817,-1.9117749454137192,261.6557626375265,0.42094609020604074,BALANCING
1.552,-1.0259050977399344,-1.904692508858606,261.4739779796108,0.4205366770787028,BALANCING
1.554,-1.0297070823369907,-1.8976203740462216,261.291566793385,0.42012655866064635,BALANCING
1.556,-1.0334949324080511,-1.8905585440587243,261.10853146215567,0.41971573849323346,BALANCING
1.558,-1.0372686685686248,-1.8835070219271755,260.9248743656888,0.4193042201116112,BALANCING
1.56,-1.0410283114402272,-1.8764658106316554,260.74059788020884,0.4188920070447134,BALANCING
1.562,-1.044773881650278,-1.869434913101378,260.5557043783977,0.41847910281526174,BALANCING
1.564,-1.0485053998319998,-1.8624143322148066,260.37019622939414,0.418065510939767,BALANCING
1.566,-1.052222886624316,-1.8554040707997677,260.18407579879255,0.41765123492853057,BALANCING
1.568,-1.0559263626717506,-1.8484041316335666,259.99734544864265,0.41723627828564525,BALANCING
1.57,-1.059615848624327,-1.841414517443103,259.8100075374483,0.4168206445089975,BALANCING
1.572,-1.063291365137467,-1.8344352309049834,259.62206442016685,0.41640433709026775,BALANCING
1.574,-1.0669529328718896,-1.8274662746456385,259.4335184482086,0.41598735951493276,BALANCING
1.576,-1.0706005724935133,-1.8205076512414362,259.2443719694356,0.4155697152622665,BALANCING
1.578,-1.074234304673353,-1.8135593632187974,259.05462732816136,0.4151514078053417,BALANCING
1.58,-1.0778541500874224,-1.8066214130543097,258.86428686515006,0.41473244061103137,BALANCING
1.582,-1.081460129416633,-1.7996938031748426,258.6733529176156,0.4143128171400103,BALANCING
1.584,-1.0850522633466968,-1.7927765359576622,258.4818278192213,0.4138925408467565,BALANCING
1.586,-1.0886305725680243,-1.7858696137305443,258.2897139000789,0.4134716151795529,BALANCING
1.588,-1.0921950777756282,-1.7789730387718912,258.0970134867483,0.41305004358048863,BALANCING
1.59,-1.0957457996690236,-1.7720868133108438,257.9037289022367,0.41262782948546106,BALANCING
1.592,-1.0992827589521297,-1.7652109395273972,257.70986246599796,0.4122049763241767,BALANCING
1.594,-1.1028059763331717,-1.7583454195525143,257.5154164939321,0.41178148752015375,BALANCING
1.596,-1.1063154725245827,-1.7514902554682414,257.32039329838483,0.41135736649072285,BALANCING
1.598,-1.1098112682429064,-1.7446454493078214,257.12479518814683,0.4109326166470292,BALANCING
1.6,-1.1132933842086996,-1.7378110030558067,256.9286244684534,0.41050724139403444,BALANCING
1.602,-1.1167618411464342,-1.7309869186481757,256.7318834409837,0.41008124413051794,BALANCING
1.604,-1.1202166597844008,-1.7241731979724453,256.5345744038606,0.40965462824907883,BALANCING
1.606,-1.1236578608546115,-1.7173698428677857,256.3366996516497,0.4092273971361374,BALANCING
1.608,-1.127085465092704,-1.7105768551251337,256.13826147535946,0.40879955417193753,BALANCING
1.61,-1.1304994932378447,-1.7037942364873064,255.93926216244023,0.4083711027305479,BALANCING
1.612,-1.1338999660326328,-1.6970219886491165,255.73970399678416,0.4079420461798639,BALANCING
1.614,-1.1372869042230038,-1.690260113257484,255.53958925872462,0.4075123878816097,BALANCING
1.616,-1.1406603285581347,-1.6835086119115512,255.33892022503585,0.40708213119134024,BALANCING
1.618,-1.1440202597903482,-1.6767674861627961,255.13769916893256,0.40665127945844254,BALANCING
1.62,-1.1473667186750172,-1.6700367375151461,254.93592836006954,0.40621983602613804,BALANCING
1.622,-1.1506997259704705,-1.6633163674250915,254.73361006454144,0.4057878042314846,BALANCING
1.624,-1.1540193024378975,-1.6566063773017978,254.53074654488228,0.4053551874053782,BALANCING
1.6260000000000001,-1.1573254688412535,-1.649906768507222,254.32734006006518,0.4049219888725551,BALANCING
1.6280000000000001,-1.160618245947166,-1.643217542356223,254.1233928655021,0.40448821195159357,BALANCING
1.6300000000000001,-1.16389765452484,-1.6365387001166762,253.91890721304352,0.4040538599549163,BALANCING
1.6320000000000001,-1.1671637153459649,-1.6298702430095866,253.7138853509782,0.4036189361887921,BALANCING
1.6340000000000001,-1.1704164491846203,-1.6232121722092026,253.50832952403286,0.40318344395333816,BALANCING
1.6360000000000001,-1.173655876817182,-1.6165644888431274,253.30224197337202,0.40274738654252196,BALANCING
1.6380000000000001,-1.176882019022231,-1.609927193992434,253.09562493659774,0.4023107672441636,BALANCING
1.6400000000000001,-1.1800948965804576,-1.6033002886917773,252.88848064774947,0.40187358933993766,BALANCING
1.6420000000000001,-1.1832945302745714,-1.5966837739295066,252.6808113373037,0.40143585610537563,BALANCING
1.6440000000000001,-1.1864809408892067,-1.5900776506477796,252.4726192321741,0.40099757080986764,BALANCING
1.6460000000000001,-1.1896541492108317,-1.583481919742674,252.26390655571097,0.40055873671666514,BALANCING
1.6480000000000001,-1.1928141760276554,-1.576896582064301,252.0546755277014,0.4001193570828829,BALANCING
1.6500000000000001,-1.1959610421295368,-1.5703216384169179,251.844928364369,0.39967943515950105,BALANCING
1.6520000000000001,-1.1990947683078925,-1.5637570895590407,251.63466727837383,0.3992389741913675,BALANCING
1.6540000000000001,-1.2022153753556055,-1.5572029362035562,251.4238944788123,0.39879797741720013,BALANCING
1.6560000000000001,-1.2053228840669343,-1.5506591790178348,251.21261217121716,0.3983564480695895,BALANCING
1.6580000000000001,-1.2084173152374216,-1.5441258186238431,251.0008225575573,0.3979143893750002,BALANCING
1.6600000000000001,-1.2114986896638043,-1.5376028555982562,250.78852783623785,0.3974718045537742,BALANCING
1.6620000000000001,-1.2145670281439218,-1.5310902904725692,250.57573020209998,0.39702869682013253,BALANCING
1.6640000000000001,-1.2176223514766278,-1.5245881237332104,250.362431846421,0.3965850693821779,BALANCING
1.666,-1.2206646804616976,-1.5180963558216534,250.14863495691444,0.3961409254418972,BALANCING
1.668,-1.2236940358997408,-1.5116149871345284,249.93434171772984,0.39569626819516357,BALANCING
1.67,-1.2267104385921097,-1.5051440180237345,249.71955430945295,0.3952511008317391,BALANCING
1.672,-1.2297139093408118,-1.4986834487965524,249.5042749091057,0.3948054265352769,BALANCING
1.674,-1.2327044689484192,-1.4922332797157547,249.28850569014637,0.39435924848332415,BALANCING
1.676,-1.2356821382179803,-1.4857935109997193,249.07224882246942,0.39391256984732426,BALANCING
1.678,-1.2386469379529312,-1.4793641428225397,248.85550647240592,0.3934653937926192,BALANCING
1.68,-1.2415988889570075,-1.4729451753141378,248.63828080272336,0.39301772347845226,BALANCING
1.682,-1.2445380120341547,-1.466536608560375,248.4205739726259,0.3925695620579706,BALANCING
1.684,-1.2474643279884425,-1.4601384426031638,248.20238813775455,0.39212091267822763,BALANCING
1.686,-1.2503778576239746,-1.453750677440578,247.98372545018717,0.3916717784801858,BALANCING
1.688,-1.2532786217448029,-1.4473733130269661,247.76458805843885,0.39122216259871895,BALANCING
1.69,-1.2561666411548393,-1.4410063492730616,247.54497810746182,0.3907720681626151,BALANCING
1.692,-1.2590419366577688,-1.434649786046094,247.32489773864592,0.39032149829457924,BALANCING
1.694,-1.2619045290569626,-1.4283036231698998,247.1043490898186,0.3898704561112356,BALANCING
1.696,-1.2647544391553915,-1.4219678604250336,246.8833342952453,0.3894189447231305,BALANCING
1.698,-1.2675916877555393,-1.4156424975488804,246.66185548562956,0.3889669672347352,BALANCING
1.7,-1.2704162956593164,-1.4093275342357638,246.43991478811336,0.3885145267444483,BALANCING
1.702,-1.2732282836679747,-1.4030229701370598,246.21751432627732,0.38806162634459895,BALANCING
1.704,-1.2760276725820205,-1.3967288048613054,245.9946562201411,0.3876082691214488,BALANCING
1.706,-1.27881448320113,-1.3904450379743092,245.77134258616357,0.3871544581551958,BALANCING
1.708,-1.2815887363240632,-1.384171668999264,245.54757553724315,0.38670019651997595,BALANCING
1.71,-1.2843504527485796,-1.3779086974168553,245.32335718271818,0.38624548728386693,BALANCING
1.712,-1.2870996532713523,-1.3716561226653725,245.09868962836725,0.3857903335088904,BALANCING
1.714,-1.2898363586878843,-1.365413944140819,244.87357497640963,0.3853347382510152,BALANCING
1.716,-1.2925605897924237,-1.3591821611970227,244.64801532550538,0.3848787045601598,BALANCING
1.718,-1.2952723673778785,-1.3529607731457458,244.42201277075608,0.38442223548019566,BALANCING
1.72,-1.2979717122357344,-1.3467497792567955,244.19556940370492,0.3839653340489496,BALANCING
1.722,-1.3006586451559694,-1.3405491787581327,243.96868731233735,0.38350800329820717,BALANCING
1.724,-1.303333186926971,-1.3343589708359835,243.74136858108145,0.3830502462537155,BALANCING
1.726,-1.305995358335453,-1.3281791546349486,243.51361529080816,0.3825920659351858,BALANCING
1.728,-1.3086451801663717,-1.3220097292581123,243.28542951883205,0.3821334653562969,BALANCING
1.73,-1.3112826732028438,-1.3158506937671524,243.0568133389116,0.3816744475246981,BALANCING
1.732,-1.3139078582260624,-1.309702047182451,242.82776882124978,0.3812150154420118,BALANCING
1.734,-1.316520756015216,-1.3035637884832019,242.5982980324944,0.3807551721038371,BALANCING
1.736,-1.3191213873474057,-1.2974359166075218,242.3684030357388,0.3802949204997522,BALANCING
1.738,-1.3217097729975626,-1.2913184304525587,242.1380858905222,0.37983426361331807,BALANCING
1.74,-1.324285933738367,-1.2852113288746014,241.9073486528305,0.37937320442208117,BALANCING
1.742,-1.3268498903401653,-1.2791146106891886,241.67619337509652,0.3789117458975765,BALANCING
1.744,-1.3294016635708903,-1.2730282746712183,241.44462210620077,0.378449891005331,BALANCING
1.746,-1.331941274195979,-1.266952319555056,241.2126368914719,0.37798764270486623,BALANCING
1.748,-1.3344687429782922,-1.2608867440346445,240.9802397726875,0.377525003949702,BALANCING
1.75,-1.336984090678033,-1.2548315467636115,240.7474327880744,0.3770619776873593,BALANCING
1.752,-1.339487338052667,-1.2487867263553802,240.51421797230967,0.37659856685936327,BALANCING
1.754,-1.3419785058568419,-1.2427522813832759,240.28059735652087,0.3761347744012469,BALANCING
1.756,-1.3444576148423069,-1.2367282103806359,240.04657296828697,0.37567060324255364,BALANCING
1.758,-1.346924685757833,-1.230714511840917,239.81214683163887,0.375206056306841,BALANCING
1.76,-1.3493797393491347,-1.2247111842178047,239.57732096706025,0.37474113651168406,BALANCING
1.762,-1.351822796358788,-1.218718225925321,239.34209739148795,0.37427584676867787,BALANCING
1.764,-1.354253877526154,-1.2127356353379326,239.106478118313,0.3738101899834415,BALANCING
1.766,-1.356673003587297,-1.2067634107906589,238.87046515738112,0.3733441690556213,BALANCING
1.768,-1.3590801952749085,-1.2008015505791798,238.63406051499356,0.37287778687889356,BALANCING
1.77,-1.3614754733182268,-1.1948500529599448,238.3972661939078,0.37241104634096844,BALANCING
1.772,-1.3638588584429592,-1.188908916150279,238.16008419333826,0.3719439503235933,BALANCING
1.774,-1.366230371371204,-1.1829781383284919,237.92251650895716,0.37147650170255586,BALANCING
1.776,-1.3685900328213723,-1.1770577176339851,237.68456513289524,0.37100870334768726,BALANCING
1.778,-1.3709378635081106,-1.1711476521673587,237.44623205374262,0.37054055812286646,BALANCING
1.78,-1.373273884142223,-1.1652479399905211,237.20751925654952,0.3700720688860224,BALANCING
1.782,-1.3755981154305938,-1.159358579126793,236.9684287228271,0.36960323848913834,BALANCING
1.784,-1.3779105780761118,-1.1534795675610177,236.7289624305484,0.36913406977825497,BALANCING
1.786,-1.380211292777591,-1.1476109032396662,236.489122354149,0.36866456559347377,BALANCING
1.788,-1.3825002802296962,-1.1417525840709448,236.24891046452805,0.36819472876896087,BALANCING
1.79,-1.3847775611228652,-1.1359046079249036,236.00832872904903,0.36772456213294985,BALANCING
1.792,-1.3870431561432335,-1.1300669726335402,235.76737911154072,0.36725406850774595,BALANCING
1.794,-1.3892970859725577,-1.1242396759909095,235.52606357229803,0.36678325070972934,BALANCING
1.796,-1.39153937128814,-1.1184227157532287,235.28438406808297,0.36631211154935855,BALANCING
1.798,-1.3937700327627527,-1.1126160896389838,235.04234255212552,0.3658406538311741,BALANCING
1.8,-1.3959890910645625,-1.106819795329037,234.79994097412458,0.36536888035380194,BALANCING
1.802,-1.3981965668570555,-1.1010338304667326,234.55718128024893,0.36489679390995744,BALANCING
1.804,-1.4003924807989627,-1.095258192658003,234.31406541313825,0.3644243972864486,BALANCING
1.806,-1.4025768535441847,-1.089492879471475,234.07059531190396,0.36395169326417964,BALANCING
1.808,-1.404749705741717,-1.0837378884385767,233.82677291213022,0.36347868461815497,BALANCING
1.81,-1.4069110580355775,-1.0779932170536415,233.58260014587518,0.3630053741174825,BALANCING
1.812,-1.4090609310647295,-1.072258862774016,233.33807894167163,0.36253176452537755,BALANCING
1.814,-1.41119934546301,-1.0665348230201648,233.09321122452823,0.36205785859916634,BALANCING
1.816,-1.4133263218590562,-1.0608210951757764,232.84799891593062,0.36158365909028983,BALANCING
1.818,-1.41544188087623,-1.0551176765878687,232.60244393384215,0.3611091687443072,BALANCING
1.82,-1.4175460431325468,-1.0494245645668936,232.35654819270533,0.36063439030089994,BALANCING
1.822,-1.419638829240602,-1.0437417563868445,232.11031360344268,0.36015932649387533,BALANCING
1.824,-1.421720259807497,-1.0380692492853594,231.8637420734578,0.35968398005117,BALANCING
1.826,-1.4237903554347684,-1.0324070404638268,231.61683550663653,0.35920835369485443,BALANCING
1.828,-1.4258491367183146,-1.0267551270874917,231.3695958033481,0.3587324501411357,BALANCING
1.83,-1.4278966242483233,-1.0211135062855587,231.1220248604462,0.3582562721003622,BALANCING
1.832,-1.4299328386092003,-1.0154821751512983,230.87412457127013,0.357779822277027,BALANCING
1.834,-1.4319578003794975,-1.0098611307421517,230.6258968256459,0.35730310336977167,BALANCING
1.836,-1.4339715301318412,-1.0042503700798338,230.3773435098874,0.35682611807139014,BALANCING
1.838,-1.435974048432861,-0.9986498901504394,230.12846650679762,0.3563488690688329,BALANCING
1.84,-1.4379653758431177,-0.9930596879045475,229.87926769566982,0.3558713590432103,BALANCING
1.842,-1.4399455329170345,-0.9874797602573249,229.62974895228868,0.35539359066979687,BALANCING
1.844,-1.441914540202824,-0.9819101040886303,229.37991214893157,0.354915566618035,BALANCING
1.846,-1.4438724182424187,-0.976350716243119,229.12975915436968,0.35443728955153914,BALANCING
1.848,-1.4458191875714013,-0.9708015935303471,228.8792918338693,0.35395876212809907,BALANCING
1.85,-1.4477548687189332,-0.9652627327248747,228.6285120491931,0.3534799869996848,BALANCING
1.852,-1.449679482207686,-0.9597341305663705,228.37742165860132,0.3530009668124497,BALANCING
1.854,-1.4515930485537705,-0.9542157837597139,228.126022516853,0.3525217042067349,BALANCING
1.856,-1.4534955882666687,-0.9487076889751009,227.8743164752074,0.3520422018170732,BALANCING
1.858,-1.455387121849163,-0.943209842848146,227.62230538142515,0.35156246227219295,BALANCING
1.86,-1.4572676697972686,-0.9377222419799853,227.36999107976956,0.3510824881950222,BALANCING
1.862,-1.4591372526001636,-0.9322448829373812,227.117375411008,0.3506022822026926,BALANCING
1.864,-1.4609958907401204,-0.926777762252824,226.86446021241315,0.35012184690654363,BALANCING
1.866,-1.4628436046924385,-0.9213208764246361,226.61124731776448,0.34964118491212653,BALANCING
1.868,-1.4646804149253745,-0.9158742219170748,226.3577385573493,0.3491602988192083,BALANCING
1.87,-1.4665063419000752,-0.9104377951604338,226.10393575796445,0.3486791912217759,BALANCING
1.872,-1.4683214060705099,-0.9050115925511476,225.84984074291745,0.34819786470804037,BALANCING
1.874,-1.4701256278834016,-0.8995956104518934,225.59545533202794,0.3477163218604409,BALANCING
1.8760000000000001,-1.471919027778161,-0.8941898451916933,225.34078134162908,0.34723456525564866,BALANCING
1.8780000000000001,-1.4737016261868185,-0.8887942930660171,225.08582058456892,0.3467525974645716,BALANCING
1.8800000000000001,-1.4754734435339574,-0.8834089503368844,224.83057487021188,0.3462704210523581,BALANCING
1.8820000000000001,-1.477234500236647,-0.8780338132329671,224.57504600444008,0.34578803857840107,BALANCING
1.8840000000000001,-1.478984816704376,-0.8726688779496907,224.31923578965484,0.34530545259634243,BALANCING
1.8860000000000001,-1.4807244133389865,-0.8673141406493369,224.0631460247781,0.3448226656540772,BALANCING
1.8880000000000001,-1.4824533105346076,-0.8619695974611452,223.80677850525385,0.3443396802937577,BALANCING
1.8900000000000001,-1.484171528677589,-0.8566352444814146,223.55013502304965,0.34385649905179755,BALANCING
1.8920000000000001,-1.4858790881464354,-0.8513110777736049,223.29321736665813,0.3433731244588764,BALANCING
1.8940000000000001,-1.4875760093117418,-0.8459970933684392,223.0360273210984,0.3428895590399437,BALANCING
1.8960000000000001,-1.4892623125361268,-0.8406932872640037,222.77856666791752,0.3424058053142231,BALANCING
1.8980000000000001,-1.4909380181741685,-0.8353996554258504,222.5208371851921,0.3419218657952167,BALANCING
1.9000000000000001,-1.4926031465723386,-0.8301161937870971,222.2628406475299,0.34143774299070967,BALANCING
1.9020000000000001,-1.4942577180689385,-0.8248428982485297,222.00457882607114,0.3409534394027739,BALANCING
1.9040000000000001,-1.4959017529940346,-0.8195797646787019,221.7460534884902,0.34046895752777295,BALANCING
1.9060000000000001,-1.497535271669393,-0.8143267889140368,221.4872663989971,0.3399842998563658,BALANCING
1.9080000000000001,-1.499158294408417,-0.8090839667589271,221.22821931833911,0.3394994688735117,BALANCING
1.9100000000000001,-1.500770841516081,-0.803851293985836,220.96891400380233,0.3390144670584742,BALANCING
1.9120000000000001,-1.502372933288869,-0.7986287663353974,220.70935220921325,0.33852929688482564,BALANCING
1.9140000000000001,-1.5039645900147094,-0.7934163795165166,220.44953568494034,0.3380439608204513,BALANCING
1.9160000000000001,-1.5055458319729125,-0.7882141292064698,220.18946617789567,0.33755846132755424,BALANCING
1.9180000000000001,-1.507116679434107,-0.7830220110510053,219.9291454315365,0.3370728008626591,BALANCING
1.92,-1.5086771526601772,-0.7778400206644429,219.66857518586696,0.336586981876617,BALANCING
1.922,-1.5102272719041998,-0.7726681536297734,219.40775717743963,0.3361010068146099,BALANCING
1.924,-1.5117670574103825,-0.767506405498759,219.14669313935732,0.33561487811615465,BALANCING
1.926,-1.513296529414,-0.7623547717920326,218.88538480127443,0.3351285982151079,BALANCING
1.928,-1.5148157081413334,-0.7572132479991976,218.62383388939895,0.33464216953967013,BALANCING
1.93,-1.5163246138096067,-0.7520818295789271,218.362042126494,0.33415559451239063,BALANCING
1.932,-1.5178232666269271,-0.7469605119590627,218.10001123187948,0.3336688755501716,BALANCING
1.934,-1.5193116867922212,-0.7418492905367153,217.8377429214338,0.3331820150642727,BALANCING
1.936,-1.5207898944951752,-0.7367481606783622,217.5752389075956,0.3326950154603155,BALANCING
1.938,-1.522257909916173,-0.7316571177199475,217.31250089936555,0.33220787913828836,BALANCING
1.94,-1.5237157532262358,-0.7265761569669795,217.0495306023079,0.3317206084925506,BALANCING
1.942,-1.5251634445869604,-0.7215052736946315,216.7863297185523,0.33123320591183697,BALANCING
1.944,-1.5266010041504594,-0.7164444631478382,216.52289994679566,0.3307456737792625,BALANCING
1.946,-1.528028452059301,-0.7113937205413953,216.25924298230373,0.33025801447232705,BALANCING
1.948,-1.5294458084464484,-0.7063530410600579,215.99536051691302,0.3297702303629196,BALANCING
1.95,-1.5308530934351994,-0.7013224198586384,215.7312542390325,0.32928232381732314,BALANCING
1.952,-1.5322503271391275,-0.6963018520621045,215.46692583364535,0.328794297196219,BALANCING
1.954,-1.5336375296620215,-0.6912913327656777,215.20237698231085,0.32830615285469167,BALANCING
1.956,-1.5350147210978273,-0.6862908570349303,214.93760936316622,0.32781789314223364,BALANCING
1.958,-1.5363819215305872,-0.6813004199058847,214.6726246509282,0.3273295204027492,BALANCING
1.96,-1.5377391510343816,-0.6763200163851092,214.40742451689525,0.32684103697456013,BALANCING
1.962,-1.5390864296732711,-0.6713496414498169,214.14201062894898,0.32635244519040946,BALANCING
1.964,-1.540423777501236,-0.6663892900479618,213.87638465155638,0.325863747377467,BALANCING
1.966,-1.5417512145621193,-0.6614389570983374,213.6105482457714,0.3253749458573331,BALANCING
1.968,-1.5430687608895681,-0.6564986374906734,213.344503069237,0.3248860429460443,BALANCING
1.97,-1.5443764365069754,-0.6515683260857319,213.07825077618682,0.32439704095407706,BALANCING
1.972,-1.5456742614274228,-0.6466480177154058,212.8117930174473,0.32390794218635316,BALANCING
1.974,-1.546962255653622,-0.6417377071828141,212.5451314404394,0.3234187489422442,BALANCING
1.976,-1.548240439177858,-0.6368373892623993,212.2782676891806,0.32292946351557644,BALANCING
1.978,-1.5495088319819317,-0.6319470587000241,212.01120340428682,0.3224400881946354,BALANCING
1.98,-1.5507674540371026,-0.6270667102130676,211.74394022297423,0.32195062526217044,BALANCING
1.982,-1.5520163253040324,-0.6221963384905209,211.47647977906135,0.3214610769954002,BALANCING
1.984,-1.5532554657327284,-0.6173359381930852,211.20882370297085,0.3209714456660167,BALANCING
1.986,-1.554484895262486,-0.6124855039532655,210.94097362173156,0.3204817335401902,BALANCING
1.988,-1.5557046338218332,-0.6076450303754678,210.6729311589804,0.3199919428785745,BALANCING
1.99,-1.5569147013284748,-0.6028145120360949,210.40469793496447,0.31950207593631125,BALANCING
1.992,-1.5581151176892356,-0.597993943483642,210.13627556654288,0.31901213496303493,BALANCING
1.994,-1.559305902800006,-0.5931833192387919,209.86766566718873,0.31852212220287757,BALANCING
1.996,-1.5604870765456844,-0.5883826337945104,209.59886984699133,0.3180320398944741,BALANCING
1.998,-1.5616586588001244,-0.5835918816161423,209.3298897126579,0.31754189027096635,BALANCING
2.0,-1.5628206694260776,-0.5788110571415058,209.0607268675158,0.3170516755600087,BALANCING
2.0020000000000002,-1.5639731282751395,-0.5740401547809882,208.7913829115145,0.31656139798377253,BALANCING
2.004,-1.5651160551876946,-0.5692791689176405,208.5218594412276,0.3160710597589512,BALANCING
2.0060000000000002,-1.5662494699928624,-0.5645280939072719,208.25215804985487,0.315580663096765,BALANCING
2.008,-1.5673733925084419,-0.5597869240785449,207.98228032722432,0.3150902102029659,BALANCING
2.0100000000000002,-1.5684878425408586,-0.55505565373307,207.7122278597942,0.31459970327784265,BALANCING
2.012,-1.569592839885109,-0.5503342771454999,207.44200223065525,0.31410914451622557,BALANCING
2.0140000000000002,-1.5706884043247087,-0.5456227885636233,207.17160501953248,0.31361853610749163,BALANCING
2.016,-1.5717745556316367,-0.5409211822084603,206.90103780278753,0.31312788023556914,BALANCING
2.0180000000000002,-1.572851313566284,-0.5362294522743553,206.63030215342067,0.31263717907894306,BALANCING
2.02,-1.573918697877399,-0.5315475929290713,206.35939964107286,0.3121464348106596,BALANCING
2.0220000000000002,-1.5749767283020342,-0.5268755983138839,206.08833183202788,0.3116556495983315,BALANCING
2.024,-1.576025424565495,-0.5222134625436746,205.81710028921452,0.3111648256041428,BALANCING
2.0260000000000002,-1.5770648063812849,-0.5175611797070256,205.54570657220864,0.3106739649848539,BALANCING
2.028,-1.5780948934510546,-0.5129187438663105,205.27415223723537,0.3101830698918066,BALANCING
2.0300000000000002,-1.5791157054645493,-0.5082861490577908,205.00243883717113,0.30969214247092913,BALANCING
2.032,-1.5801272620995557,-0.503663389291707,204.73056792154594,0.30920118486274106,BALANCING
2.0340000000000003,-1.581129583021851,-0.499050458552372,204.45854103654548,0.3087101992023583,BALANCING
2.036,-1.5821226878851513,-0.49444735079826446,204.18635972501343,0.3082191876194986,BALANCING
2.0380000000000003,-1.5831065963310589,-0.4898540599621215,203.91402552645332,0.30772815223848593,BALANCING
2.04,-1.5840813279890122,-0.485270579951031,203.64153997703113,0.3072370951782559,BALANCING
2.0420000000000003,-1.5850469024762335,-0.4806969046465244,203.3689046095771,0.30674601855236083,BALANCING
2.044,-1.5860033393976785,-0.4761330279046691,203.0961209535883,0.30625492446897484,BALANCING
2.0460000000000003,-1.5869506583459858,-0.4715789435561608,202.8231905352305,0.30576381503089883,BALANCING
2.048,-1.5878888789014252,-0.46703464540641515,202.5501148773407,0.30527269233556553,BALANCING
2.05,-1.5888180206318478,-0.46250012723566053,202.27689549942912,0.3047815584750449,BALANCING
2.052,-1.5897381030926365,-0.4579753827990293,202.00353391768164,0.3042904155360491,BALANCING
2.054,-1.590649145826655,-0.4534604058266503,201.7300316449618,0.3037992655999372,BALANCING
2.056,-1.5915511683641972,-0.4489551900237397,201.45639019081338,0.30330811074272107,BALANCING
2.058,-1.5924441902229391,-0.44445972907069276,201.1826110614624,0.30281695303507006,BALANCING
2.06,-1.5933282309078884,-0.43997401662317537,200.9086957598195,0.3023257945423161,BALANCING
2.062,-1.5942033099113353,-0.4354980463122153,200.63464578548215,0.30183463732445914,BALANCING
2.064,-1.595069446712803,-0.4310318117442934,200.36046263473708,0.301343483436172,BALANCING
2.066,-1.595926660778999,-0.4265753065014339,200.08614780056246,0.3008523349268061,BALANCING
2.068,-1.5967749715637665,-0.42212852414129637,199.81170277263018,0.30036119384039567,BALANCING
2.07,-1.597614398508035,-0.4176914581972655,199.53712903730835,0.2998700622156641,BALANCING
2.072,-1.5984449610397728,-0.41326410217854226,199.2624280776633,0.2993789420860283,BALANCING
2.074,-1.5992666785739382,-0.40884644957023375,198.98760137346218,0.2988878354796044,BALANCING
2.076,-1.6000795705124313,-0.40443849383344505,198.71265040117527,0.29839674441921255,BALANCING
2.078,-1.600883656244046,-0.4000402284053671,198.4375766339782,0.2979056709223826,BALANCING
2.08,-1.6016789551444233,-0.39565164669936903,198.1623815417544,0.2974146170013591,BALANCING
2.082,-1.6024654865760022,-0.39127274210508667,197.88706659109738,0.29692358466310637,BALANCING
2.084,-1.6032432698879737,-0.38690350798851286,197.61163324531316,0.2964325759093142,BALANCING
2.086,-1.6040123244162328,-0.3825439376920873,197.33608296442262,0.29594159273640275,BALANCING
2.088,-1.604772669483331,-0.3781940245347856,197.06041720516393,0.295450637135528,BALANCING
2.09,-1.6055243243984318,-0.3738537618122095,196.78463742099484,0.2949597110925869,BALANCING
2.092,-1.6062673084572612,-0.36952314279667553,196.50874506209524,0.2944688165882229,BALANCING
2.094,-1.6070016409420622,-0.3652021607373042,196.23274157536932,0.29397795559783096,BALANCING
2.096,-1.6077273411215494,-0.36089080886010966,195.95662840444822,0.2934871300915631,BALANCING
2.098,-1.6084444282508623,-0.35658908036808784,195.68040698969236,0.29299634203433333,BALANCING
2.1,-1.609152921571519,-0.3522969684413054,195.40407876819376,0.2925055933858236,BALANCING
2.102,-1.6098528403113705,-0.3480144662369889,195.12764517377872,0.29201488610048865,BALANCING
2.104,-1.6105442036845556,-0.34374156688961277,194.85110763701002,0.29152422212756124,BALANCING
2.106,-1.6112270308914554,-0.33947826351098764,194.5744675851895,0.2910336034110582,BALANCING
2.108,-1.6119013411186474,-0.33522454919034955,194.29772644236053,0.29054303188978486,BALANCING
2.11,-1.612567153538861,-0.33098041699444636,194.02088562931033,0.29005250949734107,BALANCING
2.112,-1.613224487310933,-0.3267458599676274,193.74394656357262,0.28956203816212644,BALANCING
2.114,-1.6138733615797622,-0.3225208711319302,193.46691065943006,0.28907161980734564,BALANCING
2.116,-1.6145137954762647,-0.31830544348716916,193.1897793279166,0.28858125635101356,BALANCING
2.118,-1.6151458081173304,-0.3140995700110226,192.91255397682013,0.2880909497059612,BALANCING
2.12,-1.6157694186057785,-0.3099032436591198,192.6352360106849,0.28760070177984065,BALANCING
2.122,-1.6163846460303126,-0.30571645736512915,192.35782683081408,0.2871105144751308,BALANCING
2.124,-1.6169915094654785,-0.3015392040408449,192.08032783527221,0.2866203896891425,BALANCING
2.126,-1.617590027971619,-0.2973714765762741,191.80274041888785,0.28613032931402416,BALANCING
2.128,-1.618180220594832,-0.2932132678397242,191.52506597325586,0.28564033523676713,BALANCING
2.13,-1.6187621063669246,-0.28906457067788904,191.2473058867402,0.28515040933921104,BALANCING
2.132,-1.6193357043053735,-0.28492537791593636,190.9694615444764,0.28466055349804953,BALANCING
2.134,-1.6199010334132793,-0.28079568235759333,190.6915343283739,0.28417076958483517,BALANCING
2.136,-1.6204581126793243,-0.2766754767852338,190.41352561711903,0.2836810594659857,BALANCING
2.138,-1.6210069610777307,-0.27256475395996416,190.13543678617714,0.2831914250027886,BALANCING
2.14,-1.6215475975682176,-0.26846350662170926,189.85726920779538,0.2827018680514075,BALANCING
2.142,-1.6220800410959588,-0.26437172748929916,189.5790242510054,0.2822123904628869,BALANCING
2.144,-1.62260431059154,-0.26028940926055444,189.3007032816256,0.2817229940831579,BALANCING
2.146,-1.6231204249709184,-0.25621654461237203,189.02230766226404,0.28123368075304395,BALANCING
2.148,-1.6236284031353794,-0.25215312620081076,188.7438387523208,0.2807444523082661,BALANCING
2.15,-1.6241282639714965,-0.24809914666117738,188.4652979079908,0.2802553105794484,BALANCING
2.152,-1.624620026351088,-0.24405459860811063,188.18668648226625,0.27976625739212374,BALANCING
2.154,-1.6251037091311775,-0.24001947463566775,187.90800582493935,0.2792772945667393,BALANCING
2.156,-1.6255793311539526,-0.23599376731740915,187.62925728260484,0.27878842391866154,BALANCING
2.158,-1.6260469112467222,-0.23197746920648268,187.35044219866268,0.27829964725818285,BALANCING
2.16,-1.6265064682218784,-0.22797057283570954,187.07156191332075,0.27781096639052605,BALANCING
2.162,-1.6269580208768537,-0.22397307071766828,186.79261776359738,0.27732238311585045,BALANCING
2.164,-1.6274015879940826,-0.21998495534477974,186.5136110833241,0.2768338992292573,BALANCING
2.166,-1.6278371883409593,-0.21600621918939109,186.23454320314818,0.27634551652079503,BALANCING
2.168,-1.6282648406697993,-0.21203685470385933,185.95541545053536,0.2758572367754657,BALANCING
2.17,-1.6286845637177982,-0.20807685432063758,185.67622914977258,0.27536906177322973,BALANCING
2.172,-1.6290963762069939,-0.2041262104523571,185.3969856219706,0.27488099328901167,BALANCING
2.174,-1.6295002968442243,-0.2001849154919118,185.11768618506662,0.2743930330927061,BALANCING
2.176,-1.6298963443210903,-0.19625296181254231,184.83833215382705,0.273905182949183,BALANCING
2.178,-1.6302845373139156,-0.19233034176791935,184.55892483985025,0.27341744461829315,BALANCING
2.18,-1.6306648944837079,-0.18841704769222653,184.27946555156913,0.2729298198548745,BALANCING
2.182,-1.6310374344761194,-0.18451307190024518,183.99995559425383,0.27244231040875677,BALANCING
2.184,-1.6314021759214086,-0.18061840668743642,183.7203962700146,0.2719549180247677,BALANCING
2.186,-1.6317591374344023,-0.1767330443300238,183.44078887780435,0.2714676444427385,BALANCING
2.188,-1.6321083376144556,-0.17285697708507763,183.16113471342152,0.2709804913975099,BALANCING
2.19,-1.6324497950454158,-0.16899019719059663,182.88143506951272,0.27049346061893703,BALANCING
2.192,-1.6327835282955823,-0.1651326968655916,182.6016912355754,0.27000655383189553,BALANCING
2.194,-1.63310955591767,-0.16128446831016646,182.32190449796084,0.26951977275628736,BALANCING
2.196,-1.6334278964487714,-0.15744550370560237,182.04207613987663,0.269033119107046,BALANCING
2.198,-1.6337385684103185,-0.1536157952144387,181.76220744138962,0.26854659459414254,BALANCING
2.2,-1.6340415903080459,-0.1497953349805557,181.4822996794285,0.26806020092259103,BALANCING
2.202,-1.6343369806319534,-0.14598411512925644,181.2023541277868,0.26757393979245453,BALANCING
2.204,-1.6346247578562692,-0.14218212776734887,180.9223720571255,0.26708781289885025,BALANCING
2.206,-1.634904940439412,-0.1383893649832265,180.64235473497587,0.2666018219319559,BALANCING
2.208,-1.6351775468239562,-0.1346058188469516,180.36230342574214,0.2661159685770149,BALANCING
2.21,-1.6354425954365932,-0.13083148141033554,180.08221939070458,0.26563025451434213,BALANCING
2.212,-1.6357001046880961,-0.12706634470701997,179.80210388802192,0.26514468141933,BALANCING
2.214,-1.6359500929732833,-0.12331040075255907,179.5219581727345,0.26465925096245374,BALANCING
2.216,-1.6361925786709828,-0.11956364154449975,179.2417834967668,0.26417396480927724,BALANCING
2.218,-1.636427580143995,-0.11582605906246242,178.9615811089305,0.26368882462045895,BALANCING
2.22,-1.6366551157390583,-0.11209764526822238,178.68135225492708,0.2632038320517575,BALANCING
2.222,-1.636875203786813,-0.10837839210579041,178.40109817735086,0.26271898875403726,BALANCING
2.224,-1.637087862601766,-0.10466829150149255,178.12082011569169,0.26223429637327444,BALANCING
2.226,-1.6372931104822546,-0.100967335364051,177.84051930633777,0.2617497565505626,BALANCING
2.228,-1.6374909657104126,-0.09727551558466475,177.56019698257865,0.26126537092211843,BALANCING
2.23,-1.6376814465521352,-0.09359282403708923,177.27985437460785,0.2607811411192874,BALANCING
2.232,-1.6378645712570432,-0.08991925257771569,176.99949270952598,0.26029706876854986,BALANCING
2.234,-1.6380403580584495,-0.08625479304565194,176.7191132113434,0.2598131554915265,BALANCING
2.236,-1.6382088251733238,-0.08259943726280207,176.43871710098318,0.25932940290498435,BALANCING
2.238,-1.6383699908022589,-0.07895317703394557,176.15830559628392,0.25884581262084216,BALANCING
2.24,-1.6385238731294358,-0.0753160041468166,175.87787991200267,0.2583623862461768,BALANCING
2.242,-1.6386704903225906,-0.07168791037218343,175.5974412598178,0.2578791253832285,BALANCING
2.244,-1.6388098605329802,-0.06806888746392843,175.31699084833193,0.25739603162940694,BALANCING
2.246,-1.6389420018953478,-0.06445892715912567,175.03652988307468,0.25691310657729693,BALANCING
2.248,-1.6390669325278913,-0.06085802117812049,174.7560595665058,0.2564303518146644,BALANCING
2.25,-1.639184670532228,-0.05726616122460875,174.47558109801784,0.25594776892446197,BALANCING
2.2520000000000002,-1.6392952339933624,-0.053683338985714986,174.1950956739392,0.2554653594848348,BALANCING
2.254,-1.639398640979653,-0.05010954613207069,173.91460448753702,0.25498312506912646,BALANCING
2.2560000000000002,-1.6394949095427793,-0.04654477431789207,173.6341087290201,0.2545010672458851,BALANCING
2.258,-1.6395840577177092,-0.04298901518106017,173.35360958554185,0.2540191875788686,BALANCING
2.2600000000000002,-1.6396661035226656,-0.039442260343197325,173.07310824120304,0.25353748762705086,BALANCING
2.262,-1.6397410649590953,-0.03590450140974554,172.7926058770551,0.2530559689446277,BALANCING
2.2640000000000002,-1.6398089600116361,-0.03237572997004426,172.5121036711027,0.25257463308102235,BALANCING
2.266,-1.6398698066480841,-0.028855937597408364,172.23160279830685,0.25209348158089157,BALANCING
2.2680000000000002,-1.639923622819363,-0.02534511584920485,171.95110443058792,0.25161251598413154,BALANCING
2.27,-1.6399704264594908,-0.021843256266931572,171.67060973682845,0.2511317378258834,BALANCING
2.2720000000000002,-1.6400102354855493,-0.01835035037629291,171.39011988287626,0.25065114863653964,BALANCING
2.274,-1.6400430677976523,-0.014866389687278622,171.10963603154727,0.2501707499417494,BALANCING
2.2760000000000002,-1.640068941278914,-0.01139136569423944,170.82915934262851,0.24969054326242468,BALANCING
2.278,-1.6400878737954179,-0.007925269875964213,170.5486909728813,0.2492105301147462,BALANCING
2.2800000000000002,-1.640099883196186,-0.004468093695757171,170.26823207604383,0.24873071201016914,BALANCING
2.282,-1.6401049873131472,-0.001019828601514252,169.98778380283457,0.2482510904554292,BALANCING
2.2840000000000003,-1.640103203961108,0.0024195339742008183,169.70734730095498,0.24777166695254843,BALANCING
2.286,-1.6400945509377203,0.00585000261407966,169.42692371509258,0.24729244299884093,BALANCING
2.2880000000000003,-1.6400790460234518,0.009271585915993624,169.14651418692398,0.24681342008691903,BALANCING
2.29,-1.6400567069815557,0.012684292492917231,168.86611985511794,0.24633459970469923,BALANCING
2.2920000000000003,-1.6400275515580403,0.01608813097285232,168.58574185533823,0.24585598333540773,BALANCING
2.294,-1.6399915974816395,0.019483109998752673,168.3053813202467,0.24537757245758662,BALANCING
2.2960000000000003,-1.6399488624637824,0.022869238228448226,168.02503937950647,0.24489936854509997,BALANCING
2.298,-1.6398993641985642,0.02624652433456903,167.74471715978467,0.24442137306713924,BALANCING
2.3000000000000003,-1.639843120362716,0.02961497700447096,167.46441578475572,0.2439435874882298,BALANCING
2.302,-1.639780148615576,0.032974604940159406,167.18413637510417,0.2434660132682363,BALANCING
2.3040000000000003,-1.6397104665990603,0.0363254168582145,166.9038800485279,0.2429886518623691,BALANCING
2.306,-1.6396340919376329,0.039667421489716775,166.623647919741,0.24251150472118974,BALANCING
2.308,-1.6395510422382786,0.043000627580171466,166.343441100477,0.24203457329061742,BALANCING
2.31,-1.639461335090472,0.04632504388943415,166.06326069949182,0.24155785901193427,BALANCING
2.312,-1.6393649880661514,0.049640679191636804,165.7831078225668,0.24108136332179203,BALANCING
2.314,-1.6392620187196871,0.052947542275112065,165.5029835725118,0.24060508765221747,BALANCING
2.316,-1.6391524445878562,0.05624564194232011,165.2228890491683,0.2401290334306186,BALANCING
2.318,-1.6390362831898133,0.0595349870097737,164.94282534941243,0.23965320207979046,BALANCING
2.32,-1.638913552027061,0.06281558630796517,164.66279356715805,0.23917759501792132,BALANCING
2.322,-1.6387842685834249,0.06608744868129159,164.3827947933598,0.2387022136585984,BALANCING
2.324,-1.638648450325023,0.06935058298798126,164.10283011601626,0.23822705941081407,BALANCING
2.326,-1.6385061147002402,0.07260499810002027,163.82290062017304,0.23775213367897163,BALANCING
2.328,-1.6383572791397,0.07585070290307892,163.5430073879257,0.23727743786289138,BALANCING
2.33,-1.638201961056237,0.0790877062964385,163.26315149842307,0.23680297335781658,BALANCING
2.332,-1.63804017784487,0.0823160171929181,162.98333402787023,0.23632874155441955,BALANCING
2.334,-1.6378719468827756,0.08553564451880108,162.7035560495316,0.23585474383880745,BALANCING
2.336,-1.6376972855292602,0.08874659721376303,162.4238186337342,0.23538098159252846,BALANCING
2.338,-1.637516211125734,0.09194888423079796,162.14412284787053,0.23490745619257775,BALANCING
2.34,-1.6373287409956845,0.09514251453614639,161.86446975640195,0.23443416901140338,BALANCING
2.342,-1.63713489244465,0.09832749710922245,161.58486042086153,0.23396112141691236,BALANCING
2.344,-1.636934682760193,0.1015038409425413,161.3052958998574,0.2334883147724767,BALANCING
2.346,-1.636728129211874,0.10467155504164767,161.0257772490758,0.23301575043693942,BALANCING
2.348,-1.6365152490512267,0.10783064842504261,160.74630552128414,0.2325434297646205,BALANCING
2.35,-1.6362960595117308,0.11098113012411245,160.4668817663343,0.2320713541053228,BALANCING
2.352,-1.636070577808787,0.11412300918305679,160.18750703116558,0.23159952480433849,BALANCING
2.354,-1.6358388211396906,0.11725629465881601,159.90818235980802,0.2311279432024545,BALANCING
2.356,-1.6356008066836076,0.12038099562100085,159.62890879338548,0.23065661063595908,BALANCING
2.358,-1.635356551601548,0.12349712115182,159.34968737011872,0.2301855284366474,BALANCING
2.36,-1.6351060730363418,0.12660468034600914,159.07051912532873,0.22971469793182803,BALANCING
2.362,-1.6348493881126127,0.1297036823107596,158.79140509143974,0.22924412044432846,BALANCING
2.364,-1.634586513936755,0.1327941361656479,158.51234629798245,0.22877379729250158,BALANCING
2.366,-1.6343174675969072,0.1358760510425642,158.2333437715972,0.2283037297902315,BALANCING
2.368,-1.6340422661629286,0.13894943608564156,157.95439853603716,0.22783391924693963,BALANCING
2.37,-1.6337609266863746,0.14201430045118552,157.67551161217145,0.22736436696759077,BALANCING
2.372,-1.6334734662004717,0.14507065330760371,157.39668401798835,0.2268950742526991,BALANCING
2.374,-1.6331799017200948,0.1481185038353351,157.11791676859855,0.2264260423983344,BALANCING
2.376,-1.6328802502417417,0.15115786122678024,156.8392108762382,0.22595727269612784,BALANCING
2.378,-1.6325745287435105,0.15418873468623023,156.56056735027232,0.22548876643327825,BALANCING
2.38,-1.632262754185075,0.1572111334297979,156.28198719719774,0.22502052489255808,BALANCING
2.382,-1.6319449435076618,0.16022506668534747,156.00347142064646,0.22455254935231955,BALANCING
2.384,-1.6316211136340262,0.16323054369242443,155.72502102138887,0.2240848410865007,BALANCING
2.386,-1.6312912814684295,0.1662275737021865,155.44663699733684,0.22361740136463132,BALANCING
2.388,-1.6309554638966155,0.16921616597733438,155.16832034354707,0.2231502314518393,BALANCING
2.39,-1.6306136777857878,0.17219632979204152,154.89007205222416,0.22268333260885634,BALANCING
2.392,-1.6302659399845867,0.17516807443188606,154.61189311272398,0.22221670609202443,BALANCING
2.394,-1.6299122673230662,0.1781314091937811,154.3337845115568,0.22175035315330166,BALANCING
2.396,-1.629552676612672,0.18108634338590573,154.05574723239044,0.22128427504026843,BALANCING
2.398,-1.6291871846462187,0.18403288632763673,153.77778225605377,0.2208184729961333,BALANCING
2.4,-1.6288158081978676,0.18697104734947995,153.49989056053963,0.2203529482597396,BALANCING
2.402,-1.6284385640231043,0.18990083579300107,153.2220731210082,0.2198877020655709,BALANCING
2.404,-1.6280554688587165,0.1928222610107581,152.94433090979038,0.21942273564375758,BALANCING
2.406,-1.6276665394227732,0.19573533236623264,152.66666489639076,0.21895805022008258,BALANCING
2.408,-1.6272717924146014,0.19864005923376185,152.38907604749102,0.2184936470159878,BALANCING
2.41,-1.626871244514765,0.20153645099847087,152.11156532695324,0.21802952724858002,BALANCING
2.412,-1.6264649123850445,0.2044245170562044,151.83413369582306,0.21756569213063712,BALANCING
2.414,-1.6260528126684137,0.20730426681345931,151.55678211233288,0.21710214287061397,BALANCING
2.416,-1.6256349619890196,0.21017570968731716,151.27951153190529,0.21663888067264886,BALANCING
2.418,-1.6252113769521608,0.21303885510537646,151.00232290715618,0.21617590673656928,BALANCING
2.42,-1.6247820741442673,0.21589371250568568,150.7252171878981,0.21571322225789827,BALANCING
2.422,-1.6243470701328793,0.21874029133667588,150.4481953211435,0.21525082842786047,BALANCING
2.424,-1.6239063814666257,0.22157860105709368,150.17125825110793,0.21478872643338812,BALANCING
2.426,-1.6234600246752047,0.22440865113593475,149.8944069192135,0.21432691745712742,BALANCING
2.428,-1.6230080162693628,0.22723045105237638,149.61764226409196,0.2138654026774444,BALANCING
2.43,-1.6225503727408745,0.23004401029571153,149.3409652215881,0.2134041832684312,BALANCING
2.432,-1.6220871105625225,0.2328493383652817,149.06437672476304,0.21294326039991215,BALANCING
2.434,-1.6216182461880775,0.2356464447704111,148.7878777038974,0.21248263523744987,BALANCING
2.436,-1.6211437960522777,0.23843533903034,148.51146908649474,0.21202230894235147,BALANCING
2.438,-1.6206637765708096,0.24121603067415884,148.2351517972848,0.21156228267167462,BALANCING
2.44,-1.6201782041402892,0.24398852924074219,147.95892675822677,0.21110255757823365,BALANCING
2.442,-1.6196870951382407,0.2467528442786831,147.6827948885126,0.21064313481060587,BALANCING
2.444,-1.6191904659230787,0.249508985346227,147.40675710457035,0.2101840155131374,BALANCING
2.446,-1.6186883328340878,0.2522569620112065,147.1308143200674,0.20972520082594956,BALANCING
2.448,-1.6181807121914047,0.2549967838509759,146.85496744591393,0.2092666918849449,BALANCING
2.45,-1.6176676202959979,0.25772846045234576,146.57921739026602,0.2088084898218135,BALANCING
2.452,-1.6171490734296496,0.2604520014115177,146.3035650585292,0.20835059576403883,BALANCING
2.454,-1.6166250878549375,0.26316741633401936,146.02801135336145,0.20789301083490405,BALANCING
2.456,-1.616095679815215,0.26587471483463965,145.75255717467692,0.20743573615349825,BALANCING
2.458,-1.6155608655345939,0.2685739065373638,145.47720341964893,0.20697877283472246,BALANCING
2.46,-1.6150206612179252,0.271265001075309,145.20195098271347,0.20652212198929587,BALANCING
2.462,-1.614475083050781,0.2739480080906592,144.92680075557246,0.2060657847237618,BALANCING
2.464,-1.6139241471994372,0.27662293723460196,144.65175362719705,0.20560976214049428,BALANCING
2.466,-1.6133678698108551,0.2792897981672627,144.37681048383112,0.20515405533770373,BALANCING
2.468,-1.612806267012663,0.28194860055764165,144.10197220899443,0.20469866540944337,BALANCING
2.47,-1.6122393549131397,0.2845993540835495,143.82723968348603,0.20424359344561524,BALANCING
2.472,-1.6116671496011958,0.2872420684315439,143.55261378538765,0.20378884053197668,BALANCING
2.474,-1.611089667146357,0.28987675329686463,143.27809539006702,0.20333440775014602,BALANCING
2.476,-1.6105069235987466,0.2925034183833714,143.00368537018116,0.20288029617760908,BALANCING
2.478,-1.6099189349890684,0.2951220734034797,142.7293845956798,0.20242650688772515,BALANCING
2.48,-1.6093257173285893,0.29773272807809753,142.45519393380874,0.20197304094973337,BALANCING
2.482,-1.6087272866091231,0.30033539213656213,142.1811142491132,0.2015198994287586,BALANCING
2.484,-1.608123658803013,0.3029300753165769,141.90714640344103,0.2010670833858178,BALANCING
2.486,-1.6075148498631149,0.305516787364149,141.63329125594643,0.20061459387782618,BALANCING
2.488,-1.606900875722782,0.3080955380335256,141.35954966309288,0.20016243195760328,BALANCING
2.49,-1.6062817522958468,0.31066633708713204,141.08592247865687,0.1997105986738792,BALANCING
2.492,-1.6056574954766059,0.313229194295509,140.812410553731,0.19925909507130077,BALANCING
2.494,-1.6050281211398032,0.3157841194372497,140.53901473672758,0.19880792219043764,BALANCING
2.496,-1.6043936451406147,0.31833112229893845,140.26573587338183,0.19835708106778863,BALANCING
2.498,-1.6037540833146315,0.32087021267508775,139.9925748067553,0.19790657273578774,BALANCING
2.5,-1.6031094514778452,0.3234014003680765,139.7195323772394,0.19745639822281036,BALANCING
2.5020000000000002,-1.6024597654266308,0.3259246951880882,139.4466094225585,0.1970065585531795,BALANCING
2.504,-1.6018050409377327,0.3284401069530494,139.17380677777362,0.19655705474717197,BALANCING
2.5060000000000002,-1.6011452937682478,0.3309476454885673,138.90112527528555,0.19610788782102445,BALANCING
2.508,-1.6004805396556114,0.3334473206278692,138.6285657448384,0.1956590587869397,BALANCING
2.5100000000000002,-1.5998107943175819,0.3359391422117406,138.356129013523,0.195210568653093,BALANCING
2.512,-1.5991360734522246,0.3384231200884638,138.08381590578014,0.19476241842363778,BALANCING
2.5140000000000002,-1.5984563927378983,0.3408992641137574,137.81162724340416,0.1943146090987124,BALANCING
2.516,-1.597771767833239,0.3433675841507149,137.53956384554624,0.19386714167444594,BALANCING
2.5180000000000002,-1.5970822143771468,0.3458280900697437,137.26762652871778,0.19342001714296453,BALANCING
2.52,-1.5963877479887703,0.34828079174850485,136.9958161067939,0.19297323649239753,BALANCING
2.5220000000000002,-1.5956883842674918,0.3507256990718521,136.72413339101675,0.19252680070688363,BALANCING
2.524,-1.594984138792915,0.3531628219317715,136.452579189999,0.19208071076657715,BALANCING
2.5260000000000002,-1.5942750271248476,0.35559217022732137,136.1811543097271,0.1916349676476542,BALANCING
2.528,-1.5935610648032899,0.3580137538645716,135.90985955356496,0.19118957232231876,BALANCING
2.5300000000000002,-1.5928422673484202,0.3604275827565441,135.638695722257,0.19074452575880893,BALANCING
2.532,-1.5921186502605802,0.3628336668231521,135.367663613932,0.19029982892140326,BALANCING
2.5340000000000003,-1.5913902290202622,0.36523201599114136,135.09676402410608,0.18985548277042663,BALANCING
2.536,-1.5906570190880944,0.3676226401940297,134.8259977456864,0.18941148826225682,BALANCING
2.5380000000000003,-1.589919035904829,0.37000554937204777,134.5553655689746,0.18896784634933025,BALANCING
2.54,-1.589176294891327,0.37238075347207966,134.28486828166996,0.1885245579801487,BALANCING
2.5420000000000003,-1.5884288114485465,0.3747482624476032,134.0145066688731,0.18808162409928497,BALANCING
2.544,-1.5876766009575292,0.3771080862586313,133.7442815130893,0.18763904564738937,BALANCING
2.5460000000000003,-1.586919678779386,0.3794602348716528,133.47419359423196,0.18719682356119594,BALANCING
2.548,-1.5861580602552867,0.3818047182595734,133.2042436896259,0.18675495877352852,BALANCING
2.5500000000000003,-1.585391760706445,0.38414154640165665,132.93443257401103,0.18631345221330683,BALANCING
2.552,-1.5846207954341067,0.38647072928346615,132.66476101954555,0.18587230480555297,BALANCING
2.5540000000000003,-1.5838451797195376,0.388792276896806,132.39522979580957,0.18543151747139747,BALANCING
2.556,-1.58306492882401,0.39110619923966294,132.12583966980844,0.1849910911280853,BALANCING
2.5580000000000003,-1.582280057988791,0.3934125063161482,131.85659140597625,0.18455102668898227,BALANCING
2.56,-1.5814905824351309,0.3957112081364392,131.5874857661792,0.18411132506358127,BALANCING
2.562,-1.5806965173642502,0.39800231471672104,131.31852350971914,0.18367198715750824,BALANCING
2.564,-1.5798978779573276,0.40028583607912954,131.04970539333698,0.18323301387252855,BALANCING
2.566,-1.5790946793754896,0.402561782251693,130.78103217121608,0.18279440610655304,BALANCING
2.568,-1.5782869367597965,0.4048301632682743,130.51250459498578,0.1823561647536445,BALANCING
2.57,-1.5774746652312328,0.407090989168514,130.24412341372485,0.18191829070402338,BALANCING
2.572,-1.5766578798906947,0.40934426999777246,129.97588937396483,0.18148078484407446,BALANCING
2.574,-1.5758365958189793,0.41159001580707283,129.70780321969363,0.1810436480563527,BALANCING
2.576,-1.5750108280767718,0.41382823665304425,129.43986569235898,0.18060688121958987,BALANCING
2.578,-1.5741805917046374,0.4160589425978638,129.1720775308717,0.18017048520870002,BALANCING
2.58,-1.573345901723007,0.418282143709201,128.90443947160944,0.17973446089478648,BALANCING
2.582,-1.5725067731321678,0.42049785006015983,128.6369522484199,0.17929880914514743,BALANCING
2.584,-1.5716632209122532,0.4227060717292231,128.36961659262445,0.1788635308232824,BALANCING
2.586,-1.5708152600232301,0.4249068188001956,128.10243323302151,0.1784286267888985,BALANCING
2.588,-1.5699629054048907,0.42710010136214727,127.83540289589007,0.17799409789791637,BALANCING
2.59,-1.5691061719768402,0.4292859295093578,127.56852630499309,0.17755994500247657,BALANCING
2.592,-1.568245074638487,0.43146431334126,127.30180418158106,0.1771261689509457,BALANCING
2.594,-1.5673796282690327,0.433635262962384,127.03523724439538,0.1766927705879226,BALANCING
2.596,-1.5665098477274615,0.43579878848230136,126.76882620967193,0.17625975075424455,BALANCING
2.598,-1.565635747852531,0.43795490001556914,126.50257179114446,0.17582711028699347,BALANCING
2.6,-1.5647573434627615,0.4401036076816748,126.23647470004808,0.175394850019502,BALANCING
2.602,-1.5638746493564262,0.4422449216049799,125.97053564512281,0.17496297078135994,BALANCING
2.604,-1.5629876803115421,0.44437885191466575,125.70475533261695,0.17453147339842012,BALANCING
2.606,-1.5620964510858601,0.44650540874467787,125.43913446629065,0.17410035869280485,BALANCING
2.608,-1.5612009764168553,0.4486246022336701,125.17367374741933,0.17366962748291198,BALANCING
2.61,-1.5603012710217177,0.4507364425249508,124.90837387479719,0.17323928058342106,BALANCING
2.612,-1.5593973495973437,0.45284093976642725,124.64323554474072,0.17280931880529973,BALANCING
2.614,-1.5584892268203259,0.4549381041105512,124.37825945109213,0.17237974295580963,BALANCING
2.616,-1.5575769173469447,0.4570279457142639,124.11344628522288,0.17195055383851274,BALANCING
2.618,-1.5566604358131595,0.4591104747389426,123.84879673603714,0.17152175225327754,BALANCING
2.62,-1.5557397968345992,0.46118570135034515,123.58431148997529,0.17109333899628526,BALANCING
2.622,-1.5548150150065538,0.46325363571855616,123.31999123101745,0.17066531486003592,BALANCING
2.624,-1.5538861049039665,0.46531428801793306,123.05583664068688,0.17023768063335465,BALANCING
2.626,-1.552953081081424,0.46736766842705224,122.79184839805355,0.16981043710139782,BALANCING
2.628,-1.5520159580731494,0.4694137871286544,122.52802717973762,0.16938358504565912,BALANCING
2.63,-1.5510747503929925,0.4714526543095921,122.26437365991292,0.16895712524397602,BALANCING
2.632,-1.5501294725344232,0.473484280160775,122.00088851031046,0.1685310584705357,BALANCING
2.634,-1.5491801389705222,0.47550867487711684,121.73757240022192,0.16810538549588125,BALANCING
2.636,-1.5482267641539735,0.4775258486574825,121.47442599650313,0.16768010708691797,BALANCING
2.638,-1.5472693625170568,0.47953581170463383,121.21144996357762,0.16725522400691945,BALANCING
2.64,-1.5463079484716395,0.48153857422517765,120.94864496344009,0.16683073701553383,BALANCING
2.642,-1.5453425364091689,0.4835341464295121,120.68601165565985,0.16640664686878984,BALANCING
2.644,-1.5443731407006651,0.48552253853177385,120.4235506973845,0.16598295431910318,BALANCING
2.646,-1.5433997756967133,0.48750376074978563,120.16126274334324,0.16555966011528253,BALANCING
2.648,-1.5424224557274562,0.4894778233050032,119.89914844585046,0.16513676500253574,BALANCING
2.65,-1.5414411951025877,0.49144473642246334,119.63720845480927,0.16471426972247616,BALANCING
2.652,-1.5404560081113448,0.49340451033073107,119.37544341771498,0.1642921750131286,BALANCING
2.654,-1.5394669090225013,0.4953571552618477,119.1138539796586,0.16387048160893558,BALANCING
2.656,-1.5384739120843605,0.49730268145127904,118.85244078333034,0.1634491902407636,BALANCING
2.658,-1.5374770315247483,0.49924109913786235,118.59120446902315,0.16302830163590915,BALANCING
2.66,-1.5364762815510076,0.5011724185637557,118.33014567463624,0.162607816518105,BALANCING
2.662,-1.5354716763499896,0.5030966499743854,118.06926503567854,0.1621877356075263,BALANCING
2.664,-1.5344632300880496,0.5050138036183948,117.80856318527228,0.16176805962079688,BALANCING
2.666,-1.5334509569110393,0.5069238897475926,117.54804075415642,0.1613487892709951,BALANCING
2.668,-1.5324348709443005,0.5088269186169013,117.28769837069026,0.16092992526766042,BALANCING
2.67,-1.53141498629266,0.5107229004843069,117.02753666085691,0.1605114683167993,BALANCING
2.672,-1.530391317040422,0.5126118456108063,116.76755624826673,0.16009341912089134,BALANCING
2.674,-1.5293638772513636,0.5144937642603573,116.507757754161,0.15967577837889568,BALANCING
2.676,-1.5283326809687277,0.5163686666998275,116.24814179741536,0.15925854678625687,BALANCING
2.678,-1.5272977422152183,0.5182365631989436,115.98870899454325,0.15884172503491123,BALANCING
2.68,-1.5262590749929938,0.5200974640302408,115.7294599596996,0.158425313813293,BALANCING
2.682,-1.5252166932836626,0.5219513794690117,115.47039530468419,0.15800931380634034,BALANCING
2.684,-1.5241706110482764,0.5237983197932565,115.21151563894529,0.15759372569550165,BALANCING
2.686,-1.523120842227326,0.5256382952836329,114.9528215695831,0.1571785501587416,BALANCING
2.688,-1.5220674007407349,0.5274713162234056,114.6943137013533,0.15676378787054737,BALANCING
2.69,-1.5210103004878555,0.529297392898396,114.4359926366706,0.15634943950193486,BALANCING
2.692,-1.5199495553474625,0.5311165355969326,114.17785897561222,0.15593550572045461,BALANCING
2.694,-1.5188851791777491,0.5329287546098016,113.91991331592143,0.15552198719019814,BALANCING
2.696,-1.517817185816322,0.5347340602301965,113.66215625301112,0.15510888457180402,BALANCING
2.698,-1.5167455890801962,0.5365324627536691,113.40458837996722,0.15469619852246416,BALANCING
2.7,-1.51567040276579,0.5383239724780796,113.14721028755235,0.1542839296959297,BALANCING
2.702,-1.5145916406489215,0.5401085997035477,112.89002256420926,0.15387207874251732,BALANCING
2.704,-1.5135093164848037,0.5418863547324033,112.63302579606437,0.15346064630911538,BALANCING
2.706,-1.51242344400804,0.5436572478691375,112.37622056693135,0.15304963303919,BALANCING
2.708,-1.5113340369326196,0.5454212894203532,112.11960745831458,0.1526390395727912,BALANCING
2.71,-1.510241108951914,0.5471784896947169,111.86318704941272,0.1522288665465591,BALANCING
2.712,-1.509144673738673,0.54892885900291,111.60695991712224,0.15181911459372993,BALANCING
2.714,-1.5080447449450192,0.5506724076575795,111.35092663604091,0.1514097843441424,BALANCING
2.716,-1.5069413362024466,0.5524091459732903,111.0950877784714,0.15100087642424348,BALANCING
2.718,-1.5058344611218146,0.5541390842664763,110.83944391442473,0.1505923914570949,BALANCING
2.72,-1.5047241332933456,0.5558622328553926,110.58399561162388,0.15018433006237902,BALANCING
2.722,-1.503610366286621,0.5575786020600669,110.32874343550725,0.14977669285640494,BALANCING
2.724,-1.5024931736505776,0.5592882022022526,110.07368794923225,0.14936948045211493,BALANCING
2.726,-1.5013725689135045,0.5609910436053792,109.81882971367878,0.14896269345909016,BALANCING
2.728,-1.500248565583039,0.5626871365945062,109.56416928745283,0.14855633248355715,BALANCING
2.73,-1.4991211771461654,0.5643764914962746,109.30970722688994,0.14815039812839362,BALANCING
2.732,-1.4979904170692089,0.5660591186388593,109.0554440860588,0.14774489099313481,BALANCING
2.734,-1.4968562987978353,0.5677350283519222,108.8013804167647,0.14733981167397953,BALANCING
2.736,-1.4957188357570463,0.5694042309665649,108.54751676855317,0.14693516076379612,BALANCING
2.738,-1.494578041351178,0.5710667368152811,108.29385368871344,0.14653093885212884,BALANCING
2.74,-1.493433928963897,0.5727225562319098,108.04039172228197,0.14612714652520378,BALANCING
2.742,-1.4922865119581983,0.5743716995515886,107.78713141204602,0.14572378436593506,BALANCING
2.744,-1.491135803676403,0.5760141771107066,107.53407329854723,0.14532085295393085,BALANCING
2.746,-1.4899818174401556,0.5776499992468578,107.28121792008503,0.14491835286549956,BALANCING
2.748,-1.4888245665504214,0.5792791762987947,107.02856581272026,0.1445162846736559,BALANCING
2.75,-1.487664064287484,0.5809017186063814,106.77611751027872,0.14411464894812698,BALANCING
2.7520000000000002,-1.4865003239109449,0.5825176365105482,106.52387354435469,0.14371344625535848,BALANCING
2.754,-1.4853333586597188,0.584126940353244,106.27183444431436,0.14331267715852053,BALANCING
2.7560000000000002,-1.4841631817520335,0.5857296404773915,106.02000073729957,0.14291234221751403,BALANCING
2.758,-1.4829898063854274,0.5873257472268407,105.7683729482312,0.14251244198897678,BALANCING
2.7600000000000002,-1.4818132457367477,0.588915270946323,105.51695159981271,0.14211297702628928,BALANCING
2.762,-1.4806335129621484,0.5904982219814053,105.26573721253378,0.14171394787958103,BALANCING
2.7640000000000002,-1.4794506211970893,0.592074610678445,105.01473030467369,0.14131535509573667,BALANCING
2.766,-1.4782645835563342,0.5936444473845436,104.76393139230504,0.14091719921840187,BALANCING
2.7680000000000002,-1.4770754131339492,0.5952077424475023,104.5133409892971,0.14051948078798956,BALANCING
2.77,-1.4758831230033016,0.5967645062157757,104.26295960731953,0.14012220034168596,BALANCING
2.7720000000000002,-1.4746877262170586,0.5983147490384275,104.01278775584574,0.13972535841345654,BALANCING
2.774,-1.4734892358071863,0.5998584812650851,103.76282594215658,0.13932895553405242,BALANCING
2.7760000000000002,-1.472287664784948,0.6013957132458947,103.51307467134377,0.13893299223101602,BALANCING
2.778,-1.4710830261409047,0.6029264553314765,103.2635344463135,0.13853746902868747,BALANCING
2.7800000000000002,-1.469875332844912,0.60445071787288,103.01420576778996,0.13814238644821056,BALANCING
2.782,-1.468664597846121,0.6059685112215389,102.7650891343188,0.13774774500753867,BALANCING
2.7840000000000003,-1.467450834072977,0.6074798457292282,102.51618504227079,0.13735354522144103,BALANCING
2.786,-1.466234054433219,0.6089847317480178,102.26749398584528,0.13695978760150876,BALANCING
2.7880000000000003,-1.465014271813879,0.6104831796302298,102.01901645707375,0.13656647265616073,BALANCING
2.79,-1.4637914990812813,0.6119751997283941,101.77075294582333,0.13617360089064987,BALANCING
2.7920000000000003,-1.462565749081043,0.6134608023952037,101.5227039398004,0.1357811728070691,BALANCING
2.794,-1.4613370346380732,0.6149399979834715,101.27486992455405,0.13538918890435736,BALANCING
2.7960000000000003,-1.4601053685565717,0.6164127968460862,101.02725138347968,0.13499764967830566,BALANCING
2.798,-1.4588707636200315,0.617879209335969,100.77984879782245,0.13460655562156326,BALANCING
2.8000000000000003,-1.4576332325912362,0.6193392458060295,100.53266264668095,0.13421590722364352,BALANCING
2.802,-1.4563927882122614,0.6207929166091228,100.28569340701061,0.13382570497093008,BALANCING
2.8040000000000003,-1.455149443204475,0.622240232098006,100.0389415536273,0.13343594934668276,BALANCING
2.806,-1.4539032102685363,0.6236812026252951,99.79240755921082,0.13304664083104378,BALANCING
2.8080000000000003,-1.4526541020843975,0.6251158385434216,99.54609189430852,0.13265777990104372,BALANCING
2.81,-1.4514021313113037,0.6265441502045896,99.29999502733871,0.13226936703060732,BALANCING
2.8120000000000003,-1.4501473105877933,0.6279661479607336,99.05411742459437,0.13188140269056,BALANCING
2.814,-1.4488896525316988,0.6293818421634748,98.80845955024648,0.13149388734863346,BALANCING
2.816,-1.4476291697401469,0.6307912431640792,98.5630218663477,0.13110682146947178,BALANCING
2.818,-1.4463658747895605,0.6321943613134146,98.31780483283586,0.13072020551463762,BALANCING
2.82,-1.4450997802356578,0.6335912069619085,98.07280890753748,0.13033403994261802,BALANCING
2.822,-1.443830898613455,0.6349817904595059,97.82803454617132,0.1299483252088306,BALANCING
2.824,-1.4425592424372657,0.6363661221556268,97.58348220235192,0.12956306176562946,BALANCING
2.826,-1.4412848242007035,0.6377442123991243,97.33915232759311,0.12917825006231123,BALANCING
2.828,-1.4400076563766822,0.6391160715382427,97.09504537131157,0.12879389054512103,BALANCING
2.83,-1.438727751417417,0.6404817099205754,96.85116178083034,0.12840998365725853,BALANCING
2.832,-1.4374451217544268,0.6418411378930237,96.60750200138233,0.12802652983888385,BALANCING
2.834,-1.4361597797985344,0.6431943658017546,96.36406647611392,0.1276435295271238,BALANCING
2.836,-1.434871737939869,0.64454140399216,96.12085564608844,0.12726098315607756,BALANCING
2.838,-1.4335810085478673,0.6458822628088146,95.87786995028972,0.12687889115682294,BALANCING
2.84,-1.432287603971275,0.6472169525954349,95.63510982562559,0.12649725395742217,BALANCING
2.842,-1.4309915365381498,0.6485454836948382,95.39257570693144,0.126116071982928,BALANCING
2.844,-1.4296928185558613,0.6498678664489016,95.15026802697375,0.12573534565538969,BALANCING
2.846,-1.428391462311094,0.6511841111985205,94.9081872164536,0.12535507539385884,BALANCING
2.848,-1.42708748006985,0.6524942282835685,94.6663337040102,0.12497526161439566,BALANCING
2.85,-1.4257808840774495,0.6537982280428563,94.42470791622443,0.12459590473007463,BALANCING
2.852,-1.4244716865585345,0.655096120814091,94.18331027762238,0.12421700515099071,BALANCING
2.854,-1.4231598997170698,0.6563879169338358,93.94214121067883,0.12383856328426507,BALANCING
2.856,-1.421845535736346,0.65767362673747,93.70120113582084,0.12346057953405142,BALANCING
2.858,-1.4205286067789817,0.6589532605591477,93.46049047143117,0.12308305430154151,BALANCING
2.86,-1.4192091249869268,0.6602268287317586,93.22000963385197,0.12270598798497152,BALANCING
2.862,-1.4178871024814634,0.6614943415868877,92.97975903738815,0.12232938097962771,BALANCING
2.864,-1.4165625513632103,0.6627558094547752,92.73973909431096,0.12195323367785259,BALANCING
2.866,-1.415235483712124,0.6640112426642768,92.49995021486154,0.12157754646905071,BALANCING
2.868,-1.4139059115875028,0.6652606515428237,92.26039280725442,0.12120231973969467,BALANCING
2.87,-1.4125738470279896,0.6665040464163836,92.02106727768101,0.12082755387333115,BALANCING
2.872,-1.4112393020515737,0.6677414376094207,91.7819740303132,0.12045324925058666,BALANCING
2.874,-1.4099022886555954,0.6689728354448564,91.54311346730677,0.12007940624917367,BALANCING
2.876,-1.408562818816748,0.6701982502440301,91.30448598880501,0.11970602524389638,BALANCING
2.878,-1.4072209044910822,0.6714176923266604,91.0660919929422,0.11933310660665689,BALANCING
2.88,-1.4058765576140073,0.672631172010805,90.82793187584716,0.11896065070646078,BALANCING
2.882,-1.4045297901002967,0.6738386996128233,90.59000603164667,0.11858865790942345,BALANCING
2.884,-1.4031806138440903,0.6750402854473357,90.35231485246909,0.11821712857877566,BALANCING
2.886,-1.4018290407188987,0.6762359398271869,90.11485872844787,0.11784606307486968,BALANCING
2.888,-1.4004750825776058,0.6774256730634053,89.87763804772499,0.11747546175518515,BALANCING
2.89,-1.3991187512524728,0.6786094954651661,89.64065319645451,0.11710532497433493,BALANCING
2.892,-1.3977600585551428,0.679787417339752,89.40390455880615,0.11673565308407116,BALANCING
2.894,-1.3963990162766435,0.6809594489925151,89.16739251696872,0.116366446433291,BALANCING
2.896,-1.3950356361873921,0.682125600726839,88.93111745115365,0.1159977053680426,BALANCING
2.898,-1.3936699300371982,0.6832858828441004,88.69507973959855,0.1156294302315311,BALANCING
2.9,-1.3923019095552687,0.6844403056436309,88.45927975857066,0.11526162136412432,BALANCING
2.902,-1.3909315864502112,0.68558887942268,88.22371788237035,0.11489427910335887,BALANCING
2.904,-1.3895589724100395,0.6867316144763767,87.98839448333472,0.1145274037839458,BALANCING
2.906,-1.3881840791021764,0.6878685210976918,87.75330993184102,0.11416099573777681,BALANCING
2.908,-1.3868069181734592,0.6889996095774005,87.51846459631018,0.11379505529392973,BALANCING
2.91,-1.3854275012501431,0.6901248902040453,87.28385884321034,0.11342958277867483,BALANCING
2.912,-1.3840458399379068,0.6912443732638982,87.04949303706036,0.11306457851548032,BALANCING
2.914,-1.3826619458218556,0.6923580690409239,86.81536754043326,0.11270004282501848,BALANCING
2.916,-1.381275830466528,0.6934659878167424,86.5814827139598,0.11233597602517141,BALANCING
2.918,-1.379887505415899,0.694568139870592,86.34783891633195,0.11197237843103688,BALANCING
2.92,-1.3784969821933852,0.6956645354792925,86.11443650430637,0.11160925035493433,BALANCING
2.922,-1.3771042723018503,0.6967551849172087,85.88127583270796,0.11124659210641052,BALANCING
2.924,-1.3757093872236086,0.6978400984562129,85.64835725443331,0.11088440399224556,BALANCING
2.926,-1.374312338420432,0.6989192863656495,85.41568112045425,0.11052268631645869,BALANCING
2.928,-1.3729131373335535,0.6999927589122975,85.18324777982131,0.11016143938031417,BALANCING
2.93,-1.3715117953836728,0.7010605263603349,84.95105757966721,0.10980066348232703,BALANCING
2.932,-1.3701083239709626,0.7021225989713016,84.7191108652104,0.10944035891826899,BALANCING
2.934,-1.3687027344750717,0.7031789870040643,84.4874079797585,0.10908052598117435,BALANCING
2.936,-1.3672950382551328,0.7042297007147795,84.25594926471184,0.10872116496134561,BALANCING
2.938,-1.365885246649766,0.7052747503568584,84.02473505956696,0.10836227614635964,BALANCING
2.94,-1.364473370977086,0.7063141461809305,83.79376570192002,0.10800385982107316,BALANCING
2.942,-1.3630594225347061,0.7073478984348077,83.5630415274704,0.10764591626762882,BALANCING
2.944,-1.3616434125997452,0.7083760173634494,83.3325628700241,0.10728844576546077,BALANCING
2.946,-1.360225352428833,0.7093985132089267,83.1023300614973,0.10693144859130081,BALANCING
2.948,-1.3588052532581154,0.7104153962103864,82.87234343191979,0.10657492501918389,BALANCING
2.95,-1.3573831263032612,0.7114266766040168,82.64260330943846,0.10621887532045408,BALANCING
2.952,-1.3559589827594674,0.7124323646230115,82.41311002032084,0.10586329976377028,BALANCING
2.954,-1.354532833801466,0.7134324704975349,82.18386388895856,0.10550819861511215,BALANCING
2.956,-1.353104690583529,0.7144270044546871,81.95486523787075,0.10515357213778584,BALANCING
2.958,-1.3516745642394754,0.7154159767184687,81.72611438770768,0.1047994205924297,BALANCING
2.96,-1.350242465882677,0.7163993975097465,81.49761165725408,0.10444574423702022,BALANCING
2.962,-1.3488084066060657,0.7173772770462182,81.26935736343272,0.10409254332687765,BALANCING
2.964,-1.347372397482138,0.7183496255423788,81.0413518213079,0.103739818114672,BALANCING
2.966,-1.3459344495629635,0.7193164532094852,80.8135953440888,0.10338756885042859,BALANCING
2.968,-1.3444945738801894,0.7202777702555224,80.58608824313312,0.10303579578153396,BALANCING
2.97,-1.3430527814450492,0.7212335868851688,80.35883082795044,0.10268449915274167,BALANCING
2.972,-1.3416090832483678,0.7221839132997624,80.13182340620575,0.10233367920617786,BALANCING
2.974,-1.3401634902605684,0.7231287596972668,79.90506628372289,0.10198333618134732,BALANCING
2.976,-1.33871601343168,0.7240681362722365,79.678559764488,0.10163347031513893,BALANCING
2.978,-1.3372666636913435,0.7250020532157844,79.45230415065309,0.10128408184183167,BALANCING
2.98,-1.33581545194882,0.7259305207155468,79.22629974253938,0.10093517099310025,BALANCING
2.982,-1.334362389092995,0.7268535489556502,79.00054683864086,0.10058673799802083,BALANCING
2.984,-1.3329074859923886,0.7277711481166784,78.77504573562769,0.10023878308307688,BALANCING
2.986,-1.331450753495161,0.7286833283756378,78.54979672834975,0.09989130647216483,BALANCING
2.988,-1.3299922024291193,0.7295900999059249,78.32480010983997,0.09954430838659975,BALANCING
2.99,-1.3285318436017264,0.7304914728772932,78.10005617131795,0.09919778904512123,BALANCING
2.992,-1.3270696878001065,0.7313874574558197,77.87556520219326,0.09885174866389902,BALANCING
2.994,-1.3256057457910533,0.7322780638038718,77.65132749006906,0.09850618745653879,BALANCING
2.996,-1.324140028321038,0.7331633020800745,77.42734332074542,0.09816110563408773,BALANCING
2.998,-1.322672546116216,0.7340431824392779,77.20361297822285,0.09781650340504043,BALANCING
3.0,-1.321203309882435,0.7349177150325241,76.98013674470572,0.09747238097534451,BALANCING
3.0020000000000002,-1.3197323303052415,0.7357869100070145,76.75691490060574,0.09712873854840635,BALANCING
3.004,-1.3182596180498907,0.7366507775060773,76.5339477245454,0.09678557632509671,BALANCING
3.0060000000000002,-1.3167851837613522,0.7375093276691359,76.31123549336142,0.0964428945037566,BALANCING
3.008,-1.315309038064319,0.7383625706316753,76.08877848210821,0.09610069328020274,BALANCING
3.0100000000000002,-1.3138311915632155,0.7392105165252109,75.86657696406128,0.0957589728477335,BALANCING
3.012,-1.3123516548422036,0.7400531754772556,75.64463121072075,0.09541773339713441,BALANCING
3.0140000000000002,-1.310870438465194,0.7408905576112886,75.4229414918147,0.09507697511668393,BALANCING
3.016,-1.3093875529758512,0.741722673046723,75.20150807530271,0.09473669819215903,BALANCING
3.0180000000000002,-1.3079030088976038,0.7425495318988737,74.98033122737927,0.09439690280684103,BALANCING
3.02,-1.3064168167336514,0.7433711442789266,74.75941121247718,0.09405758914152106,BALANCING
3.0220000000000002,-1.3049289869669738,0.7441875202939058,74.53874829327104,0.09371875737450594,BALANCING
3.024,-1.3034395300603383,0.744998670046643,74.31834273068064,0.09338040768162363,BALANCING
3.0260000000000002,-1.3019484564563095,0.7458046036357462,74.09819478387445,0.09304254023622907,BALANCING
3.028,-1.3004557765772569,0.7466053311555674,73.878304710273,0.09270515520920979,BALANCING
3.0300000000000002,-1.2989615008253632,0.7474008626961723,73.65867276555237,0.09236825276899135,BALANCING
3.032,-1.2974656395826336,0.748191208343309,73.43929920364755,0.09203183308154339,BALANCING
3.0340000000000003,-1.2959682032109046,0.7489763781783761,73.22018427675593,0.09169589631038486,BALANCING
3.036,-1.2944692020518516,0.7497563822783937,73.00132823534068,0.09136044261658988,BALANCING
3.0380000000000003,-1.292968646426999,0.7505312307159705,72.78273132813422,0.09102547215879336,BALANCING
3.04,-1.291466546637728,0.7513009335592744,72.56439380214162,0.09069098509319655,BALANCING
3.0420000000000003,-1.289962912965286,0.7520655008720014,72.34631590264404,0.09035698157357276,BALANCING
3.044,-1.2884577556707966,0.7528249427133452,72.12849787320208,0.09002346175127283,BALANCING
3.0460000000000003,-1.286951084995266,0.7535792691379667,71.91093995565932,0.0896904257752309,BALANCING
3.048,-1.285442911159595,0.7543284901959636,71.69364239014565,0.08935787379196994,BALANCING
3.0500000000000003,-1.2839332443645861,0.7550726159328407,71.47660541508071,0.08902580594560733,BALANCING
3.052,-1.282422094790954,0.755811656389479,71.2598292671773,0.08869422237786061,BALANCING
3.0540000000000003,-1.280909472599334,0.7565456216021061,71.0433141814448,0.08836312322805284,BALANCING
3.056,-1.279395387930292,0.7572745216022663,70.82706039119259,0.08803250863311836,BALANCING
3.0580000000000003,-1.2778798509043334,0.7579983664167906,70.61106812803342,0.08770237872760839,BALANCING
3.06,-1.276362871621913,0.7587171660677673,70.39533762188687,0.08737273364369647,BALANCING
3.0620000000000003,-1.2748444601634443,0.7594309305725117,70.17986910098271,0.08704357351118418,BALANCING
3.064,-1.2733246265893088,0.7601396699435371,69.96466279186436,0.08671489845750664,BALANCING
3.0660000000000003,-1.271803380939866,0.7608433941885253,69.7497189193922,0.08638670860773813,BALANCING
3.068,-1.2702807332354629,0.7615421133102972,69.53503770674708,0.08605900408459757,BALANCING
3.0700000000000003,-1.2687566934764443,0.7622358373067835,69.32061937543362,0.08573178500845419,BALANCING
3.072,-1.267231271643162,0.7629245761709953,69.10646414528372,0.08540505149733302,BALANCING
3.074,-1.265704477695985,0.7636083398909957,68.89257223445983,0.08507880366692043,BALANCING
3.076,-1.2641763215753086,0.7642871384498704,68.67894385945841,0.0847530416305697,BALANCING
3.078,-1.2626468132015656,0.7649609818256985,68.46557923511335,0.0844277654993066,BALANCING
3.08,-1.261115962475236,0.7656298799915244,68.25247857459927,0.08410297538183487,BALANCING
3.082,-1.2595837792768567,0.7662938429153289,68.03964208943499,0.08377867138454172,BALANCING
3.084,-1.2580502734670318,0.7669528805600004,67.82706998948692,0.08345485361150351,BALANCING
3.086,-1.256515454886443,0.7676070028833067,67.61476248297235,0.0831315221644911,BALANCING
3.088,-1.2549793333558596,0.7682562198378667,67.40271977646296,0.08280867714297553,BALANCING
3.09,-1.2534419186761494,0.7689005413711214,67.19094207488807,0.08248631864413336,BALANCING
3.092,-1.251903220628288,0.7695399774253064,66.97942958153814,0.08216444676285231,BALANCING
3.094,-1.250363248973371,0.7701745379374239,66.76818249806809,0.08184306159173672,BALANCING
3.096,-1.2488220134526222,0.7708042328392141,66.55720102450061,0.08152216322111308,BALANCING
3.098,-1.2472795237874066,0.7714290720571277,66.34648535922969,0.08120175173903549,BALANCING
3.1,-1.2457357896792387,0.7720490655122983,66.13603569902385,0.08088182723129113,BALANCING
3.102,-1.244190820809795,0.772664223120514,65.92585223902958,0.08056238978140588,BALANCING
3.104,-1.2426446268409237,0.7732745547921899,65.71593517277466,0.08024343947064963,BALANCING
3.106,-1.241097217414656,0.7738800704323414,65.50628469217163,0.07992497637804187,BALANCING
3.108,-1.2395486021532163,0.774480779940556,65.29690098752097,0.07960700058035705,BALANCING
3.11,-1.237998790659034,0.7750766932109657,65.08778424751466,0.07928951215213023,BALANCING
3.112,-1.2364477925147532,0.775667820132221,64.87893465923942,0.07897251116566238,BALANCING
3.114,-1.2348956172832455,0.7762541705874622,64.67035240818008,0.07865599769102591,BALANCING
3.116,-1.2333422745076188,0.7768357544542934,64.46203767822297,0.07833997179607012,BALANCING
3.118,-1.2317877737112306,0.7774125816047551,64.25399065165927,0.07802443354642666,BALANCING
3.12,-1.2302321243976975,0.7779846619052977,64.04621150918834,0.07770938300551489,BALANCING
3.122,-1.2286753360509068,0.7785520052167539,63.838700429921076,0.07739482023454744,BALANCING
3.124,-1.2271174181350293,0.7791146213943132,63.63145759138325,0.07708074529253559,BALANCING
3.126,-1.2255583800945278,0.7796725202874941,63.4244831695189,0.07676715823629464,BALANCING
3.128,-1.223998231354171,0.7802257117401187,63.217777338693615,0.0764540591204495,BALANCING
3.13,-1.2224369813190437,0.7807742055902853,63.01134027169792,0.07614144799743994,BALANCING
3.132,-1.2208746393745582,0.7813180116703428,62.80517213975058,0.07582932491752607,BALANCING
3.134,-1.2193112148864664,0.7818571398068639,62.599273112501976,0.07551768992879375,BALANCING
3.136,-1.2177467172008711,0.7823915998206198,62.39364335803741,0.07520654307716006,BALANCING
3.138,-1.216181155644238,0.7829214015265533,62.188283042880464,0.07489588440637857,BALANCING
3.14,-1.214614539523406,0.7834465547337532,61.983192331996314,0.07458571395804484,BALANCING
3.142,-1.2130468781256014,0.7839670692454288,61.77837138879505,0.07427603177160175,BALANCING
3.144,-1.2114781807184472,0.7844829548588831,61.57382037513502,0.07396683788434492,BALANCING
3.146,-1.2099084565499763,0.7849942213654885,61.36953945132618,0.07365813233142818,BALANCING
3.148,-1.2083377148486432,0.78550087855066,61.165528776133364,0.0733499151458687,BALANCING
3.15,-1.2067659648233358,0.7860029361938305,60.96178850677963,0.07304218635855263,BALANCING
3.152,-1.2051932156633873,0.7865004040684254,60.75831879894958,0.07273494599824029,BALANCING
3.154,-1.203619476538589,0.7869932919418364,60.5551198067927,0.07242819409157161,BALANCING
3.156,-1.2020447565992007,0.7874816095753975,60.35219168292663,0.07212193066307153,BALANCING
3.158,-1.200469064975965,0.7879653667243588,60.14953457844051,0.07181615573515517,BALANCING
3.16,-1.198892410780118,0.7884445731378624,59.947148642898256,0.0715108693281334,BALANCING
3.162,-1.1973148031034015,0.7889192385589168,59.74503402434192,0.07120607146021804,BALANCING
3.164,-1.1957362510180767,0.7893893727243723,59.54319086929495,0.07090176214752725,BALANCING
3.166,-1.1941567635769346,0.789854985364896,59.34161932276553,0.07059794140409087,BALANCING
3.168,-1.1925763498133104,0.7903160862049479,59.14031952824983,0.0702946092418557,BALANCING
3.17,-1.190995018741094,0.790772684962755,58.93929162773537,0.06999176567069083,BALANCING
3.172,-1.1894127793547444,0.7912247913502881,58.73853576170427,0.06968941069839305,BALANCING
3.174,-1.1878296406293007,0.7916724150732365,58.538052069136555,0.06938754433069201,BALANCING
3.176,-1.1862456115203952,0.7921155658309843,58.33784068751347,0.06908616657125566,BALANCING
3.178,-1.1846607009642662,0.7925542533165858,58.13790175282074,0.06878527742169546,BALANCING
3.18,-1.1830749178777709,0.7929884872167415,57.938235399551886,0.06848487688157176,BALANCING
3.182,-1.1814882711583976,0.7934182772117739,57.73884176071149,0.06818496494839897,BALANCING
3.184,-1.1799007696842787,0.7938436329756039,57.53972096781848,0.06788554161765104,BALANCING
3.186,-1.1783124223142039,0.7942645641757264,57.34087315090944,0.06758660688276652,BALANCING
3.188,-1.176723237887632,0.7946810804731872,57.14229843854185,0.06728816073515397,BALANCING
3.19,-1.1751332252247055,0.7950931915225588,56.94399695779739,0.06699020316419727,BALANCING
3.192,-1.1735423931262619,0.7955009069719166,56.74596883428521,0.06669273415726072,BALANCING
3.194,-1.1719507503738475,0.795904236462816,56.54821419214516,0.06639575369969444,BALANCING
3.196,-1.170358305729731,0.7963031896302689,56.35073315405116,0.0660992617748396,BALANCING
