t,theta_deg,rate_dps,wheel_rpm,duty,phase
0.0,16.0,0.0,0.0,-1,SPINUP
0.002,16.0,0.0,-6.436476596174447,-1,SPINUP
0.004,16.0,0.0,-12.801832631651454,-1,SPINUP
0.006,16.0,0.0,-19.096853960939825,-1,SPINUP
0.008,16.0,0.0,-25.32231775516197,-1,SPINUP
0.01,16.0,0.0,-31.47899259800195,-1,SPINUP
0.012,16.0,0.0,-37.56763858059332,-1,SPINUP
0.014,16.0,0.0,-43.5890073953585,-1,SPINUP
0.016,16.0,0.0,-49.543842428811296,-1,SPINUP
0.018000000000000002,16.0,0.0,-55.43287885333392,-1,SPINUP
0.02,16.0,0.0,-61.256843717939944,-1,SPINUP
0.022,16.0,0.0,-67.0164560380344,-1,SPINUP
0.024,16.0,0.0,-72.71242688418201,-1,SPINUP
0.026000000000000002,16.0,0.0,-78.34545946989454,-1,SPINUP
0.028,16.0,0.0,-83.91624923844823,-1,SPINUP
0.03,16.0,0.0,-89.42548394874186,-1,SPINUP
0.032,16.0,0.0,-94.87384376020609,-1,SPINUP
0.034,16.0,0.0,-100.26200131677466,0.0,KICK
0.036000000000000004,16.0,0.0,-99.92835103845167,0.0,KICK
0.038,16.0,0.0,-99.5958110761683,0.0,KICK
0.04,16.0,0.0,-99.26437773503264,0.0,KICK
0.042,16.0,0.0,-98.9340473324486,0.0,KICK
0.044,16.0,0.0,-98.60481619807497,0.0,KICK
0.046,16.0,0.0,-98.27668067378468,0.0,KICK
0.048,16.0,0.0,-97.94963711362406,0.0,KICK
0.05,16.0,0.0,-97.62368188377242,0.0,KICK
0.052000000000000005,16.0,0.0,-97.29881136250161,0.0,KICK
0.054,16.0,0.0,-96.97502194013585,0.0,KICK
0.056,16.0,0.0,-96.65231001901155,0.0,FALLEN
0.058,16.0,0.0,-96.33067201343736,0.0,FALLEN
0.06,16.0,0.0,-96.0101043496544,0.0,FALLEN
0.062,16.0,0.0,-95.69060346579641,0.0,FALLEN
0.064,16.0,0.0,-95.37216581185028,0.0,FALLEN
0.066,16.0,0.0,-95.0547878496166,0.0,FALLEN
0.068,16.0,0.0,-94.73846605267028,0.0,FALLEN
0.07,16.0,0.0,-94.42319690632145,0.0,FALLEN
0.07200000000000001,16.0,0.0,-94.10897690757632,0.0,FALLEN
0.074,16.0,0.0,-93.79580256509837,0.0,FALLEN
0.076,16.0,0.0,-93.48367039916947,0.0,FALLEN
0.078,16.0,0.0,-93.1725769416512,0.0,FALLEN
0.08,16.0,0.0,-92.86251873594641,0.0,FALLEN
0.082,16.0,0.0,-92.55349233696072,0.0,FALLEN
0.084,16.0,0.0,-92.24549431106429,0.0,FALLEN
0.08600000000000001,16.0,0.0,-91.93852123605369,0.0,FALLEN
0.088,16.0,0.0,-91.6325697011138,0.0,FALLEN
0.09,16.0,0.0,-91.32763630677998,0.0,FALLEN
0.092,16.0,0.0,-91.02371766490026,0.0,FALLEN
0.094,16.0,0.0,-90.7208103985977,0.0,FALLEN
0.096,16.0,0.0,-90.41891114223293,0.0,FALLEN
0.098,16.0,0.0,-90.11801654136664,0.0,FALLEN
0.1,16.0,0.0,-89.8181232527224,0.0,FALLEN
0.10200000000000001,16.0,0.0,-89.51922794414945,0.0,FALLEN
0.10400000000000001,16.0,0.0,-89.22132729458573,0.0,FALLEN
0.106,16.0,0.0,-88.924417994021,0.0,FALLEN
0.108,16.0,0.0,-88.62849674345995,0.0,FALLEN
0.11,16.0,0.0,-88.33356025488564,0.0,FALLEN
0.112,16.0,0.0,-88.03960525122294,0.0,FALLEN
0.114,16.0,0.0,-87.74662846630211,0.0,FALLEN
0.116,16.0,0.0,-87.45462664482255,0.0,FALLEN
0.11800000000000001,16.0,0.0,-87.16359654231654,0.0,FALLEN
0.12,16.0,0.0,-86.8735349251133,0.0,FALLEN
0.122,16.0,0.0,-86.584438570303,0.0,FALLEN
0.124,16.0,0.0,-86.29630426570093,0.0,FALLEN
0.126,16.0,0.0,-86.00912880981186,0.0,FALLEN
0.128,16.0,0.0,-85.72290901179443,0.0,FALLEN
0.13,16.0,0.0,-85.43764169142571,0.0,FALLEN
0.132,16.0,0.0,-85.15332367906588,0.0,FALLEN
0.134,16.0,0.0,-84.86995181562301,0.0,FALLEN
0.136,16.0,0.0,-84.58752295251789,0.0,FALLEN
0.138,16.0,0.0,-84.30603395164916,0.0,FALLEN
0.14,16.0,0.0,-84.02548168535833,0.0,FALLEN
0.14200000000000002,16.0,0.0,-83.74586303639514,0.0,FALLEN
0.14400000000000002,16.0,0.0,-83.46717489788283,0.0,FALLEN
0.146,16.0,0.0,-83.18941417328364,0.0,FALLEN
0.148,16.0,0.0,-82.91257777636444,0.0,FALLEN
0.15,16.0,0.0,-82.63666263116245,0.0,FALLEN
0.152,16.0,0.0,-82.36166567195099,0.0,FALLEN
0.154,16.0,0.0,-82.08758384320542,0.0,FALLEN
0.156,16.0,0.0,-81.8144140995693,0.0,FALLEN
0.158,16.0,0.0,-81.54215340582047,0.0,FALLEN
0.16,16.0,0.0,-81.27079873683726,0.0,FALLEN
0.162,16.0,0.0,-81.00034707756502,0.0,FALLEN
0.164,16.0,0.0,-80.73079542298254,0.0,FALLEN
0.166,16.0,0.0,-80.46214077806866,0.0,FALLEN
0.168,16.0,0.0,-80.194380157769,0.0,FALLEN
0.17,16.0,0.0,-79.9275105869628,0.0,FALLEN
0.17200000000000001,16.0,0.0,-79.66152910042986,0.0,FALLEN
0.17400000000000002,16.0,0.0,-79.39643274281761,0.0,FALLEN
0.176,16.0,0.0,-79.1322185686082,0.0,FALLEN
0.178,16.0,0.0,-78.8688836420859,0.0,FALLEN
0.18,16.0,0.0,-78.60642503730436,0.0,FALLEN
0.182,16.0,0.0,-78.34483983805418,0.0,FALLEN
0.184,16.0,0.0,-78.08412513783043,0.0,FALLEN
0.186,16.0,0.0,-77.82427803980043,0.0,FALLEN
0.188,16.0,0.0,-77.56529565677154,0.0,FALLEN
0.19,16.0,0.0,-77.30717511115905,0.0,FALLEN
0.192,16.0,0.0,-77.04991353495424,0.0,FALLEN
0.194,16.0,0.0,-76.79350806969252,0.0,FALLEN
0.196,16.0,0.0,-76.53795586642163,0.0,FALLEN
0.198,16.0,0.0,-76.28325408567001,0.0,FALLEN
0.2,16.0,0.0,-76.02939989741526,0.0,FALLEN
0.202,16.0,0.0,-75.77639048105267,0.0,FALLEN
0.20400000000000001,16.0,0.0,-75.52422302536391,0.0,FALLEN
0.20600000000000002,16.0,0.0,-75.27289472848575,0.0,FALLEN
0.20800000000000002,16.0,0.0,-75.022402797879,0.0,FALLEN
0.21,16.0,0.0,-74.7727444502974,0.0,FALLEN
0.212,16.0,0.0,-74.52391691175673,0.0,FALLEN
0.214,16.0,0.0,-74.27591741750399,0.0,FALLEN
0.216,16.0,0.0,-74.02874321198674,0.0,FALLEN
0.218,16.0,0.0,-73.78239154882232,0.0,FALLEN
0.22,16.0,0.0,-73.53685969076753,0.0,FALLEN
0.222,16.0,0.0,-73.29214490968808,0.0,FALLEN
0.224,16.0,0.0,-73.04824448652832,0.0,FALLEN
0.226,16.0,0.0,-72.80515571128103,0.0,FALLEN
0.228,16.0,0.0,-72.56287588295736,0.0,FALLEN
0.23,16.0,0.0,-72.32140230955667,0.0,FALLEN
0.232,16.0,0.0,-72.08073230803683,0.0,FALLEN
0.234,16.0,0.0,-71.84086320428419,0.0,FALLEN
0.23600000000000002,16.0,0.0,-71.60179233308403,0.0,FALLEN
0.23800000000000002,16.0,0.0,-71.36351703809088,0.0,FALLEN
0.24,16.0,0.0,-71.12603467179902,0.0,FALLEN
0.242,16.0,0.0,-70.88934259551303,0.0,FALLEN
0.244,16.0,0.0,-70.65343817931853,0.0,FALLEN
0.246,16.0,0.0,-70.41831880205291,0.0,FALLEN
0.248,16.0,0.0,-70.18398185127622,0.0,FALLEN
0.25,16.0,0.0,-69.95042472324215,0.0,FALLEN
0.252,16.0,0.0,-69.71764482286912,0.0,FALLEN
0.254,16.0,0.0,-69.48563956371136,0.0,FALLEN
0.256,16.0,0.0,-69.2544063679303,0.0,FALLEN
0.258,16.0,0.0,-69.02394266626582,0.0,FALLEN
0.26,16.0,0.0,-68.79424589800776,0.0,FALLEN
0.262,16.0,0.0,-68.56531351096743,0.0,FALLEN
0.264,16.0,0.0,-68.33714296144929,0.0,FALLEN
0.266,16.0,0.0,-68.10973171422266,0.0,FALLEN
0.268,16.0,0.0,-67.88307724249358,0.0,FALLEN
0.27,16.0,0.0,-67.6571770278767,0.0,FALLEN
0.272,16.0,0.0,-67.43202856036729,0.0,FALLEN
0.274,16.0,0.0,-67.2076293383134,0.0,FALLEN
0.276,16.0,0.0,-66.98397686838804,0.0,FALLEN
0.278,16.0,0.0,-66.76106866556147,0.0,FALLEN
0.28,16.0,0.0,-66.53890225307357,0.0,FALLEN
0.28200000000000003,16.0,0.0,-66.31747516240637,0.0,FALLEN
0.28400000000000003,16.0,0.0,-66.09678493325659,0.0,FALLEN
0.28600000000000003,16.0,0.0,-65.87682911350831,0.0,FALLEN
0.28800000000000003,16.0,0.0,-65.65760525920568,0.0,FALLEN
0.29,16.0,0.0,-65.43911093452589,0.0,FALLEN
0.292,16.0,0.0,-65.22134371175193,0.0,FALLEN
0.294,16.0,0.0,-65.00430117124576,0.0,FALLEN
0.296,16.0,0.0,-64.78798090142138,0.0,FALLEN
0.298,16.0,0.0,-64.572380498718,0.0,FALLEN
0.3,16.0,0.0,-64.35749756757338,0.0,FALLEN
0.302,16.0,0.0,-64.14332972039718,0.0,FALLEN
0.304,16.0,0.0,-63.929874577544446,0.0,FALLEN
0.306,16.0,0.0,-63.71712976728918,0.0,FALLEN
0.308,16.0,0.0,-63.50509292579795,0.0,FALLEN
0.31,16.0,0.0,-63.2937616971037,0.0,FALLEN
0.312,16.0,0.0,-63.08313373307947,0.0,FALLEN
0.314,16.0,0.0,-62.873206693412385,0.0,FALLEN
0.316,16.0,0.0,-62.663978245577624,0.0,FALLEN
0.318,16.0,0.0,-62.455446064812506,0.0,FALLEN
0.32,16.0,0.0,-62.24760783409065,0.0,FALLEN
0.322,16.0,0.0,-62.04046124409625,0.0,FALLEN
0.324,16.0,0.0,-61.834003993198394,0.0,FALLEN
0.326,16.0,0.0,-61.6282337874255,0.0,FALLEN
0.328,16.0,0.0,-61.42314834043984,0.0,FALLEN
0.33,16.0,0.0,-61.2187453735121,0.0,FALLEN
0.332,16.0,0.0,-61.01502261549611,0.0,FALLEN
0.334,16.0,0.0,-60.81197780280357,0.0,FALLEN
0.336,16.0,0.0,-60.60960867937892,0.0,FALLEN
0.338,16.0,0.0,-60.40791299667427,0.0,FALLEN
0.34,16.0,0.0,-60.20688851362439,0.0,FALLEN
0.342,16.0,0.0,-60.00653299662185,0.0,FALLEN
0.34400000000000003,16.0,0.0,-59.806844219492184,0.0,FALLEN
0.34600000000000003,16.0,0.0,-59.60781996346914,0.0,FALLEN
0.34800000000000003,16.0,0.0,-59.40945801717005,0.0,FALLEN
0.35000000000000003,16.0,0.0,-59.21175617657125,0.0,FALLEN
0.352,16.0,0.0,-59.01471224498358,0.0,FALLEN
0.354,16.0,0.0,-58.818324033028,0.0,FALLEN
0.356,16.0,0.0,-58.62258935861124,0.0,FALLEN
0.358,16.0,0.0,-58.42750604690158,0.0,FALLEN
0.36,16.0,0.0,-58.23307193030466,0.0,FALLEN
0.362,16.0,0.0,-58.03928484843941,0.0,FALLEN
0.364,16.0,0.0,-57.846142648114025,0.0,FALLEN
0.366,16.0,0.0,-57.65364318330207,0.0,FALLEN
0.368,16.0,0.0,-57.461784315118635,0.0,FALLEN
0.37,16.0,0.0,-57.270563911796536,0.0,FALLEN
0.372,16.0,0.0,-57.07997984866267,0.0,FALLEN
0.374,16.0,0.0,-56.89003000811435,0.0,FALLEN
0.376,16.0,0.0,-56.700712279595855,0.0,FALLEN
0.378,16.0,0.0,-56.51202455957492,0.0,FALLEN
0.38,16.0,0.0,-56.32396475151938,0.0,FALLEN
0.382,16.0,0.0,-56.13653076587387,0.0,FALLEN
0.384,16.0,0.0,-55.94972052003663,0.0,FALLEN
0.386,16.0,0.0,-55.763531938336335,0.0,FALLEN
0.388,16.0,0.0,-55.57796295200906,0.0,FALLEN
0.39,16.0,0.0,-55.39301149917526,0.0,FALLEN
0.392,16.0,0.0,-55.20867552481689,0.0,FALLEN
0.394,16.0,0.0,-55.02495298075456,0.0,FALLEN
0.396,16.0,0.0,-54.84184182562479,0.0,FALLEN
0.398,16.0,0.0,-54.65934002485729,0.0,FALLEN
0.4,16.0,0.0,-54.47744555065241,0.0,FALLEN
0.402,16.0,0.0,-54.29615638195856,0.0,FALLEN
0.404,16.0,0.0,-54.115470504449775,0.0,FALLEN
0.406,16.0,0.0,-53.935385910503335,0.0,FALLEN
0.40800000000000003,16.0,0.0,-53.75590059917746,0.0,FALLEN
0.41000000000000003,16.0,0.0,-53.57701257618906,0.0,FALLEN
0.41200000000000003,16.0,0.0,-53.3987198538916,0.0,FALLEN
0.41400000000000003,16.0,0.0,-53.221020451253,0.0,FALLEN
0.41600000000000004,16.0,0.0,-53.043912393833615,0.0,FALLEN
0.418,16.0,0.0,-52.86739371376432,0.0,FALLEN
0.42,16.0,0.0,-52.691462449724646,0.0,FALLEN
0.422,16.0,0.0,-52.51611664692094,0.0,FALLEN
0.424,16.0,0.0,-52.341354357064716,0.0,FALLEN
0.426,16.0,0.0,-52.167173638350945,0.0,FALLEN
0.428,16.0,0.0,-51.99357255543652,0.0,FALLEN
0.43,16.0,0.0,-51.82054917941875,0.0,FALLEN
0.432,16.0,0.0,-51.64810158781387,0.0,FALLEN
0.434,16.0,0.0,-51.476227864535765,0.0,FALLEN
0.436,16.0,0.0,-51.30492609987465,0.0,FALLEN
0.438,16.0,0.0,-51.1341943904758,0.0,FALLEN
0.44,16.0,0.0,-50.96403083931846,0.0,FALLEN
0.442,16.0,0.0,-50.79443355569477,0.0,FALLEN
0.444,16.0,0.0,-50.62540065518872,0.0,FALLEN
0.446,16.0,0.0,-50.45693025965524,0.0,FALLEN
0.448,16.0,0.0,-50.28902049719929,0.0,FALLEN
0.45,16.0,0.0,-50.12166950215514,0.0,FALLEN
0.452,16.0,0.0,-49.95487541506556,0.0,FALLEN
0.454,16.0,0.0,-49.78863638266119,0.0,FALLEN
0.456,16.0,0.0,-49.62295055783996,0.0,FALLEN
0.458,16.0,0.0,-49.45781609964657,0.0,FALLEN
0.46,16.0,0.0,-49.293231173251996,0.0,FALLEN
0.462,16.0,0.0,-49.12919394993315,0.0,FALLEN
0.464,16.0,0.0,-48.96570260705252,0.0,FALLEN
0.466,16.0,0.0,-48.802755328037954,0.0,FALLEN
0.468,16.0,0.0,-48.64035030236245,0.0,FALLEN
0.47000000000000003,16.0,0.0,-48.47848572552405,0.0,FALLEN
0.47200000000000003,16.0,0.0,-48.317159799025795,0.0,FALLEN
0.47400000000000003,16.0,0.0,-48.15637073035573,0.0,FALLEN
0.47600000000000003,16.0,0.0,-47.996116732966996,0.0,FALLEN
0.47800000000000004,16.0,0.0,-47.83639602625797,0.0,FALLEN
0.48,16.0,0.0,-47.6772068355525,0.0,FALLEN
0.482,16.0,0.0,-47.51854739208014,0.0,FALLEN
0.484,16.0,0.0,-47.36041593295656,0.0,FALLEN
0.486,16.0,0.0,-47.20281070116393,0.0,FALLEN
0.488,16.0,0.0,-47.045729945531384,0.0,FALLEN
0.49,16.0,0.0,-46.889171920715576,0.0,FALLEN
0.492,16.0,0.0,-46.73313488718128,0.0,FALLEN
0.494,16.0,0.0,-46.577617111182086,0.0,FALLEN
0.496,16.0,0.0,-46.422616864741094,0.0,FALLEN
0.498,16.0,0.0,-46.26813242563175,0.0,FALLEN
0.5,16.0,0.0,-46.1141620773587,0.0,FALLEN
0.502,16.0,0.0,-45.96070410913872,0.0,FALLEN
0.504,16.0,0.0,-45.80775681588168,0.0,FALLEN
0.506,16.0,0.0,-45.65531849817165,0.0,FALLEN
0.508,16.0,0.0,-45.503387462247964,0.0,FALLEN
0.51,16.0,0.0,-45.351962019986445,0.0,FALLEN
0.512,16.0,0.0,-45.20104048888062,0.0,FALLEN
0.514,16.0,0.0,-45.05062119202304,0.0,FALLEN
0.516,16.0,0.0,-44.900702458086634,0.0,FALLEN
0.518,16.0,0.0,-44.75128262130614,0.0,FALLEN
0.52,16.0,0.0,-44.602360021459624,0.0,FALLEN
0.522,16.0,0.0,-44.45393300384999,0.0,FALLEN
0.524,16.0,0.0,-44.305999919286634,0.0,FALLEN
0.526,16.0,0.0,-44.15855912406709,0.0,FALLEN
0.528,16.0,0.0,-44.01160897995879,0.0,FALLEN
0.53,16.0,0.0,-43.86514785418083,0.0,FALLEN
0.532,16.0,0.0,-43.71917411938588,0.0,FALLEN
0.534,16.0,0.0,-43.573686153642036,0.0,FALLEN
0.536,16.0,0.0,-43.42868234041485,0.0,FALLEN
0.538,16.0,0.0,-43.284161068549366,0.0,FALLEN
0.54,16.0,0.0,-43.140120732252164,0.0,FALLEN
0.542,16.0,0.0,-42.996559731073596,0.0,FALLEN
0.544,16.0,0.0,-42.85347646988995,0.0,FALLEN
0.546,16.0,0.0,-42.710869358885724,0.0,FALLEN
0.548,16.0,0.0,-42.56873681353602,0.0,FALLEN
0.55,16.0,0.0,-42.42707725458886,0.0,FALLEN
0.552,16.0,0.0,-42.28588910804769,0.0,FALLEN
0.554,16.0,0.0,-42.14517080515387,0.0,FALLEN
0.556,16.0,0.0,-42.004920782369254,0.0,FALLEN
0.558,16.0,0.0,-41.86513748135881,0.0,FALLEN
0.56,16.0,0.0,-41.72581934897331,0.0,FALLEN
0.562,16.0,0.0,-41.58696483723208,0.0,FALLEN
0.5640000000000001,16.0,0.0,-41.44857240330578,0.0,FALLEN
0.5660000000000001,16.0,0.0,-41.31064050949928,0.0,FALLEN
0.5680000000000001,16.0,0.0,-41.17316762323455,0.0,FALLEN
0.5700000000000001,16.0,0.0,-41.03615221703367,0.0,FALLEN
0.5720000000000001,16.0,0.0,-40.899592768501826,0.0,FALLEN
0.5740000000000001,16.0,0.0,-40.76348776031041,0.0,FALLEN
0.5760000000000001,16.0,0.0,-40.62783568018015,0.0,FALLEN
0.578,16.0,0.0,-40.49263502086432,0.0,FALLEN
0.58,16.0,0.0,-40.35788428013198,0.0,FALLEN
0.582,16.0,0.0,-40.22358196075129,0.0,FALLEN
0.584,16.0,0.0,-40.08972657047288,0.0,FALLEN
0.586,16.0,0.0,-39.95631662201324,0.0,FALLEN
0.588,16.0,0.0,-39.82335063303826,0.0,FALLEN
0.59,16.0,0.0,-39.69082712614668,0.0,FALLEN
0.592,16.0,0.0,-39.55874462885374,0.0,FALLEN
0.594,16.0,0.0,-39.42710167357476,0.0,FALLEN
0.596,16.0,0.0,-39.2958967976089,0.0,FALLEN
0.598,16.0,0.0,-39.16512854312285,0.0,FALLEN
0.6,16.0,0.0,-39.03479545713465,0.0,FALLEN
0.602,16.0,0.0,-38.90489609149756,0.0,FALLEN
0.604,16.0,0.0,-38.775429002883975,0.0,FALLEN
0.606,16.0,0.0,-38.64639275276934,0.0,FALLEN
0.608,16.0,0.0,-38.51778590741622,0.0,FALLEN
0.61,16.0,0.0,-38.38960703785834,0.0,FALLEN
0.612,16.0,0.0,-38.26185471988473,0.0,FALLEN
0.614,16.0,0.0,-38.13452753402387,0.0,FALLEN
0.616,16.0,0.0,-38.007624065527935,0.0,FALLEN
0.618,16.0,0.0,-37.88114290435709,0.0,FALLEN
0.62,16.0,0.0,-37.75508264516379,0.0,FALLEN
0.622,16.0,0.0,-37.629441887277196,0.0,FALLEN
0.624,16.0,0.0,-37.5042192346876,0.0,FALLEN
0.626,16.0,0.0,-37.3794132960309,0.0,FALLEN
0.628,16.0,0.0,-37.255022684573156,0.0,FALLEN
0.63,16.0,0.0,-37.13104601819519,0.0,FALLEN
0.632,16.0,0.0,-37.00748191937721,0.0,FALLEN
0.634,16.0,0.0,-36.88432901518352,0.0,FALLEN
0.636,16.0,0.0,-36.76158593724723,0.0,FALLEN
0.638,16.0,0.0,-36.63925132175513,0.0,FALLEN
0.64,16.0,0.0,-36.51732380943243,0.0,FALLEN
0.642,16.0,0.0,-36.39580204552775,0.0,FALLEN
0.644,16.0,0.0,-36.27468467979803,0.0,FALLEN
0.646,16.0,0.0,-36.15397036649349,0.0,FALLEN
0.648,16.0,0.0,-36.033657764342756,0.0,FALLEN
0.65,16.0,0.0,-35.913745536537895,0.0,FALLEN
0.652,16.0,0.0,-35.79423235071959,0.0,FALLEN
0.654,16.0,0.0,-35.67511687896233,0.0,FALLEN
0.656,16.0,0.0,-35.55639779775964,0.0,FALLEN
0.658,16.0,0.0,-35.43807378800939,0.0,FALLEN
0.66,16.0,0.0,-35.32014353499916,0.0,FALLEN
0.662,16.0,0.0,-35.20260572839158,0.0,FALLEN
0.664,16.0,0.0,-35.085459062209814,0.0,FALLEN
0.666,16.0,0.0,-34.968702234823034,0.0,FALLEN
0.668,16.0,0.0,-34.85233394893196,0.0,FALLEN
0.67,16.0,0.0,-34.73635291155443,0.0,FALLEN
0.672,16.0,0.0,-34.620757834011066,0.0,FALLEN
0.674,16.0,0.0,-34.50554743191093,0.0,FALLEN
0.676,16.0,0.0,-34.390720425137246,0.0,FALLEN
0.678,16.0,0.0,-34.27627553783322,0.0,FALLEN
0.68,16.0,0.0,-34.1622114983878,0.0,FALLEN
0.682,16.0,0.0,-34.0485270394216,0.0,FALLEN
0.684,16.0,0.0,-33.9352208977728,0.0,FALLEN
0.686,16.0,0.0,-33.82229181448311,0.0,FALLEN
0.6880000000000001,16.0,0.0,-33.70973853478376,0.0,FALLEN
0.6900000000000001,16.0,0.0,-33.597559808081606,0.0,FALLEN
0.6920000000000001,16.0,0.0,-33.48575438794519,0.0,FALLEN
0.6940000000000001,16.0,0.0,-33.37432103209093,0.0,FALLEN
0.6960000000000001,16.0,0.0,-33.26325850236927,0.0,FALLEN
0.6980000000000001,16.0,0.0,-33.15256556475095,0.0,FALLEN
0.7000000000000001,16.0,0.0,-33.04224098931333,0.0,FALLEN
0.7020000000000001,16.0,0.0,-32.932283550226636,0.0,FALLEN
0.704,16.0,0.0,-32.822692025740416,0.0,FALLEN
0.706,16.0,0.0,-32.71346519816994,0.0,FALLEN
0.708,16.0,0.0,-32.60460185388268,0.0,FALLEN
0.71,16.0,0.0,-32.49610078328478,0.0,FALLEN
0.712,16.0,0.0,-32.38796078080768,0.0,FALLEN
0.714,16.0,0.0,-32.28018064489469,0.0,FALLEN
0.716,16.0,0.0,-32.172759177987636,0.0,FALLEN
0.718,16.0,0.0,-32.06569518651355,0.0,FALLEN
0.72,16.0,0.0,-31.95898748087143,0.0,FALLEN
0.722,16.0,0.0,-31.852634875419003,0.0,FALLEN
0.724,16.0,0.0,-31.746636188459565,0.0,FALLEN
0.726,16.0,0.0,-31.640990242228828,0.0,FALLEN
0.728,16.0,0.0,-31.535695862881862,0.0,FALLEN
0.73,16.0,0.0,-31.430751880480038,0.0,FALLEN
0.732,16.0,0.0,-31.32615712897802,0.0,FALLEN
0.734,16.0,0.0,-31.221910446210835,0.0,FALLEN
0.736,16.0,0.0,-31.11801067388093,0.0,FALLEN
0.738,16.0,0.0,-31.014456657545328,0.0,FALLEN
0.74,16.0,0.0,-30.91124724660277,0.0,FALLEN
0.742,16.0,0.0,-30.80838129428097,0.0,FALLEN
0.744,16.0,0.0,-30.705857657623845,0.0,FALLEN
0.746,16.0,0.0,-30.603675197478818,0.0,FALLEN
0.748,16.0,0.0,-30.501832778484168,0.0,FALLEN
0.75,16.0,0.0,-30.400329269056417,0.0,FALLEN
0.752,16.0,0.0,-30.299163541377748,0.0,FALLEN
0.754,16.0,0.0,-30.198334471383482,0.0,FALLEN
0.756,16.0,0.0,-30.09784093874958,0.0,FALLEN
0.758,16.0,0.0,-29.997681826880203,0.0,FALLEN
0.76,16.0,0.0,-29.897856022895297,0.0,FALLEN
0.762,16.0,0.0,-29.798362417618236,0.0,FALLEN
0.764,16.0,0.0,-29.699199905563496,0.0,FALLEN
0.766,16.0,0.0,-29.600367384924358,0.0,FALLEN
0.768,16.0,0.0,-29.5018637575607,0.0,FALLEN
0.77,16.0,0.0,-29.40368792898675,0.0,FALLEN
0.772,16.0,0.0,-29.305838808358963,0.0,FALLEN
0.774,16.0,0.0,-29.20831530846388,0.0,FALLEN
0.776,16.0,0.0,-29.111116345706055,0.0,FALLEN
0.778,16.0,0.0,-29.01424084009601,0.0,FALLEN
0.78,16.0,0.0,-28.917687715238245,0.0,FALLEN
0.782,16.0,0.0,-28.821455898319265,0.0,FALLEN
0.784,16.0,0.0,-28.725544320095675,0.0,FALLEN
0.786,16.0,0.0,-28.629951914882284,0.0,FALLEN
0.788,16.0,0.0,-28.534677620540265,0.0,FALLEN
0.79,16.0,0.0,-28.439720378465378,0.0,FALLEN
0.792,16.0,0.0,-28.345079133576167,0.0,FALLEN
0.794,16.0,0.0,-28.250752834302286,0.0,FALLEN
0.796,16.0,0.0,-28.156740432572764,0.0,FALLEN
0.798,16.0,0.0,-28.06304088380439,0.0,FALLEN
0.8,16.0,0.0,-27.969653146890103,0.0,FALLEN
0.802,16.0,0.0,-27.876576184187428,0.0,FALLEN
0.804,16.0,0.0,-27.783808961506928,0.0,FALLEN
0.806,16.0,0.0,-27.691350448100728,0.0,FALLEN
0.808,16.0,0.0,-27.599199616651063,0.0,FALLEN
0.81,16.0,0.0,-27.50735544325886,0.0,FALLEN
0.812,16.0,0.0,-27.415816907432355,0.0,FALLEN
0.8140000000000001,16.0,0.0,-27.32458299207577,0.0,FALLEN
0.8160000000000001,16.0,0.0,-27.233652683477988,0.0,FALLEN
0.8180000000000001,16.0,0.0,-27.143024971301315,0.0,FALLEN
0.8200000000000001,16.0,0.0,-27.052698848570238,0.0,FALLEN
0.8220000000000001,16.0,0.0,-26.962673311660243,0.0,FALLEN
0.8240000000000001,16.0,0.0,-26.87294736028666,0.0,FALLEN
0.8260000000000001,16.0,0.0,-26.783519997493553,0.0,FALLEN
0.8280000000000001,16.0,0.0,-26.69439022964263,0.0,FALLEN
0.8300000000000001,16.0,0.0,-26.605557066402227,0.0,FALLEN
0.8320000000000001,16.0,0.0,-26.51701952073628,0.0,FALLEN
0.834,16.0,0.0,-26.428776608893376,0.0,FALLEN
0.836,16.0,0.0,-26.340827350395802,0.0,FALLEN
0.838,16.0,0.0,-26.253170768028674,0.0,FALLEN
0.84,16.0,0.0,-26.16580588782906,0.0,FALLEN
0.842,16.0,0.0,-26.07873173907517,0.0,FALLEN
0.844,16.0,0.0,-25.99194735427557,0.0,FALLEN
0.846,16.0,0.0,-25.90545176915843,0.0,FALLEN
0.848,16.0,0.0,-25.81924402266079,0.0,FALLEN
0.85,16.0,0.0,-25.73332315691792,0.0,FALLEN
0.852,16.0,0.0,-25.647688217252654,0.0,FALLEN
0.854,16.0,0.0,-25.562338252164775,0.0,FALLEN
0.856,16.0,0.0,-25.477272313320462,0.0,FALLEN
0.858,16.0,0.0,-25.392489455541746,0.0,FALLEN
0.86,16.0,0.0,-25.30798873679599,0.0,FALLEN
0.862,16.0,0.0,-25.223769218185463,0.0,FALLEN
0.864,16.0,0.0,-25.139829963936865,0.0,FALLEN
0.866,16.0,0.0,-25.05617004139095,0.0,FALLEN
0.868,16.0,0.0,-24.97278852099216,0.0,FALLEN
0.87,16.0,0.0,-24.889684476278305,0.0,FALLEN
0.872,16.0,0.0,-24.806856983870247,0.0,FALLEN
0.874,16.0,0.0,-24.724305123461676,0.0,FALLEN
0.876,16.0,0.0,-24.642027977808837,0.0,FALLEN
0.878,16.0,0.0,-24.56002463272038,0.0,FALLEN
0.88,16.0,0.0,-24.478294177047186,0.0,FALLEN
0.882,16.0,0.0,-24.396835702672238,0.0,FALLEN
0.884,16.0,0.0,-24.315648304500538,0.0,FALLEN
0.886,16.0,0.0,-24.23473108044905,0.0,FALLEN
0.888,16.0,0.0,-24.154083131436668,0.0,FALLEN
0.89,16.0,0.0,-24.073703561374245,0.0,FALLEN
0.892,16.0,0.0,-23.993591477154624,0.0,FALLEN
0.894,16.0,0.0,-23.913745988642702,0.0,FALLEN
0.896,16.0,0.0,-23.834166208665575,0.0,FALLEN
0.898,16.0,0.0,-23.754851253002638,0.0,FALLEN
0.9,16.0,0.0,-23.67580024037579,0.0,FALLEN
0.902,16.0,0.0,-23.597012292439633,0.0,FALLEN
0.904,16.0,0.0,-23.51848653377172,0.0,FALLEN
0.906,16.0,0.0,-23.440222091862804,0.0,FALLEN
0.908,16.0,0.0,-23.362218097107174,0.0,FALLEN
0.91,16.0,0.0,-23.284473682792978,0.0,FALLEN
0.912,16.0,0.0,-23.206987985092585,0.0,FALLEN
0.914,16.0,0.0,-23.129760143053005,0.0,FALLEN
0.916,16.0,0.0,-23.05278929858631,0.0,FALLEN
0.918,16.0,0.0,-22.976074596460098,0.0,FALLEN
0.92,16.0,0.0,-22.899615184288002,0.0,FALLEN
0.922,16.0,0.0,-22.823410212520212,0.0,FALLEN
0.924,16.0,0.0,-22.747458834434035,0.0,FALLEN
0.926,16.0,0.0,-22.671760206124492,0.0,FALLEN
0.928,16.0,0.0,-22.59631348649493,0.0,FALLEN
0.93,16.0,0.0,-22.521117837247694,0.0,FALLEN
0.932,16.0,0.0,-22.44617242287479,0.0,FALLEN
0.934,16.0,0.0,-22.371476410648622,0.0,FALLEN
0.936,16.0,0.0,-22.297028970612732,0.0,FALLEN
0.9380000000000001,16.0,0.0,-22.222829275572575,0.0,FALLEN
0.9400000000000001,16.0,0.0,-22.14887650108633,0.0,FALLEN
0.9420000000000001,16.0,0.0,-22.07516982545575,0.0,FALLEN
0.9440000000000001,16.0,0.0,-22.001708429717,0.0,FALLEN
0.9460000000000001,16.0,0.0,-21.9284914976316,0.0,FALLEN
0.9480000000000001,16.0,0.0,-21.85551821567734,0.0,FALLEN
0.9500000000000001,16.0,0.0,-21.78278777303921,0.0,FALLEN
0.9520000000000001,16.0,0.0,-21.71029936160044,0.0,FALLEN
0.9540000000000001,16.0,0.0,-21.63805217593349,0.0,FALLEN
0.9560000000000001,16.0,0.0,-21.566045413291103,0.0,FALLEN
0.9580000000000001,16.0,0.0,-21.494278273597406,0.0,FALLEN
0.96,16.0,0.0,-21.422749959438992,0.0,FALLEN
0.962,16.0,0.0,-21.351459676056084,0.0,FALLEN
0.964,16.0,0.0,-21.280406631333687,0.0,FALLEN
0.966,16.0,0.0,-21.209590035792793,0.0,FALLEN
0.968,16.0,0.0,-21.139009102581614,0.0,FALLEN
0.97,16.0,0.0,-21.06866304746683,0.0,FALLEN
0.972,16.0,0.0,-20.998551088824883,0.0,FALLEN
0.974,16.0,0.0,-20.928672447633293,0.0,FALLEN
0.976,16.0,0.0,-20.85902634746199,0.0,FALLEN
0.978,16.0,0.0,-20.7896120144647,0.0,FALLEN
0.98,16.0,0.0,-20.72042867737035,0.0,FALLEN
0.982,16.0,0.0,-20.65147556747447,0.0,FALLEN
0.984,16.0,0.0,-20.582751918630695,0.0,FALLEN
0.986,16.0,0.0,-20.51425696724222,0.0,FALLEN
0.988,16.0,0.0,-20.445989952253317,0.0,FALLEN
0.99,16.0,0.0,-20.3779501151409,0.0,FALLEN
0.992,16.0,0.0,-20.310136699906078,0.0,FALLEN
0.994,16.0,0.0,-20.242548953065764,0.0,FALLEN
0.996,16.0,0.0,-20.175186123644295,0.0,FALLEN
0.998,16.0,0.0,-20.108047463165097,0.0,FALLEN
1.0,16.0,0.0,-20.04113222564236,0.0,FALLEN
1.002,16.0,0.0,-19.97443966757276,0.0,FALLEN
1.004,16.0,0.0,-19.907969047927185,0.0,FALLEN
1.006,16.0,0.0,-19.841719628142513,0.0,FALLEN
1.008,16.0,0.0,-19.775690672113402,0.0,FALLEN
1.01,16.0,0.0,-19.7098814461841,0.0,FALLEN
1.012,16.0,0.0,-19.644291219140307,0.0,FALLEN
1.014,16.0,0.0,-19.57891926220105,0.0,FALLEN
1.016,16.0,0.0,-19.51376484901058,0.0,FALLEN
1.018,16.0,0.0,-19.448827255630302,0.0,FALLEN
1.02,16.0,0.0,-19.384105760530733,0.0,FALLEN
1.022,16.0,0.0,-19.319599644583484,0.0,FALLEN
1.024,16.0,0.0,-19.25530819105327,0.0,FALLEN
1.026,16.0,0.0,-19.191230685589943,0.0,FALLEN
1.028,16.0,0.0,-19.12736641622056,0.0,FALLEN
1.03,16.0,0.0,-19.063714673341476,0.0,FALLEN
1.032,16.0,0.0,-19.000274749710446,0.0,FALLEN
1.034,16.0,0.0,-18.93704594043878,0.0,FALLEN
1.036,16.0,0.0,-18.874027542983498,0.0,FALLEN
1.038,16.0,0.0,-18.811218857139536,0.0,FALLEN
1.04,16.0,0.0,-18.748619185031966,0.0,FALLEN
1.042,16.0,0.0,-18.686227831108226,0.0,FALLEN
1.044,16.0,0.0,-18.62404410213041,0.0,FALLEN
1.046,16.0,0.0,-18.562067307167553,0.0,FALLEN
1.048,16.0,0.0,-18.500296757587964,0.0,FALLEN
1.05,16.0,0.0,-18.438731767051575,0.0,FALLEN
1.052,16.0,0.0,-18.377371651502294,0.0,FALLEN
1.054,16.0,0.0,-18.316215729160426,0.0,FALLEN
1.056,16.0,0.0,-18.255263320515102,0.0,FALLEN
1.058,16.0,0.0,-18.194513748316705,0.0,FALLEN
1.06,16.0,0.0,-18.133966337569365,0.0,FALLEN
1.062,16.0,0.0,-18.07362041552345,0.0,FALLEN
1.064,16.0,0.0,-18.013475311668092,0.0,FALLEN
1.066,16.0,0.0,-17.953530357723743,0.0,FALLEN
1.068,16.0,0.0,-17.893784887634745,0.0,FALLEN
1.07,16.0,0.0,-17.83423823756192,0.0,FALLEN
1.072,16.0,0.0,-17.774889745875218,0.0,FALLEN
1.074,16.0,0.0,-17.715738753146336,0.0,FALLEN
1.076,16.0,0.0,-17.656784602141418,0.0,FALLEN
1.078,16.0,0.0,-17.59802663781373,0.0,FALLEN
1.08,16.0,0.0,-17.539464207296405,0.0,FALLEN
1.082,16.0,0.0,-17.48109665989516,0.0,FALLEN
1.084,16.0,0.0,-17.422923347081095,0.0,FALLEN
1.086,16.0,0.0,-17.364943622483466,0.0,FALLEN
1.088,16.0,0.0,-17.30715684188252,0.0,FALLEN
1.09,16.0,0.0,-17.249562363202315,0.0,FALLEN
1.092,16.0,0.0,-17.19215954650361,0.0,FALLEN
1.094,16.0,0.0,-17.134947753976743,0.0,FALLEN
1.096,16.0,0.0,-17.077926349934533,0.0,FALLEN
1.098,16.0,0.0,-17.021094700805246,0.0,FALLEN
1.1,16.0,0.0,-16.96445217512553,0.0,FALLEN
1.102,16.0,0.0,-16.907998143533398,0.0,FALLEN
1.104,16.0,0.0,-16.851731978761254,0.0,FALLEN
1.106,16.0,0.0,-16.795653055628915,0.0,FALLEN
1.108,16.0,0.0,-16.739760751036652,0.0,FALLEN
1.11,16.0,0.0,-16.684054443958292,0.0,FALLEN
1.112,16.0,0.0,-16.628533515434285,0.0,FALLEN
1.114,16.0,0.0,-16.57319734856486,0.0,FALLEN
1.116,16.0,0.0,-16.51804532850315,0.0,FALLEN
1.118,16.0,0.0,-16.463076842448356,0.0,FALLEN
1.12,16.0,0.0,-16.408291279638966,0.0,FALLEN
1.122,16.0,0.0,-16.353688031345932,0.0,FALLEN
1.124,16.0,0.0,-16.299266490865943,0.0,FALLEN
1.1260000000000001,16.0,0.0,-16.24502605351465,0.0,FALLEN
1.1280000000000001,16.0,0.0,-16.19096611661997,0.0,FALLEN
1.1300000000000001,16.0,0.0,-16.137086079515377,0.0,FALLEN
1.1320000000000001,16.0,0.0,-16.083385343533244,0.0,FALLEN
1.1340000000000001,16.0,0.0,-16.029863311998177,0.0,FALLEN
1.1360000000000001,16.0,0.0,-15.97651939022038,0.0,FALLEN
1.1380000000000001,16.0,0.0,-15.923352985489062,0.0,FALLEN
1.1400000000000001,16.0,0.0,-15.87036350706585,0.0,FALLEN
1.1420000000000001,16.0,0.0,-15.817550366178212,0.0,FALLEN
1.1440000000000001,16.0,0.0,-15.76491297601293,0.0,FALLEN
1.1460000000000001,16.0,0.0,-15.71245075170957,0.0,FALLEN
1.1480000000000001,16.0,0.0,-15.660163110353992,0.0,FALLEN
1.1500000000000001,16.0,0.0,-15.608049470971865,0.0,FALLEN
1.1520000000000001,16.0,0.0,-15.55610925452221,0.0,FALLEN
1.154,16.0,0.0,-15.504341883890984,0.0,FALLEN
1.156,16.0,0.0,-15.452746783884642,0.0,FALLEN
1.158,16.0,0.0,-15.401323381223767,0.0,FALLEN
1.16,16.0,0.0,-15.350071104536688,0.0,FALLEN
1.162,16.0,0.0,-15.298989384353138,0.0,FALLEN
1.164,16.0,0.0,-15.248077653097923,0.0,FALLEN
1.166,16.0,0.0,-15.197335345084614,0.0,FALLEN
1.168,16.0,0.0,-15.146761896509268,0.0,FALLEN
1.17,16.0,0.0,-15.09635674544416,0.0,FALLEN
1.172,16.0,0.0,-15.046119331831534,0.0,FALLEN
1.174,16.0,0.0,-14.996049097477389,0.0,FALLEN
1.176,16.0,0.0,-14.946145486045275,0.0,FALLEN
1.178,16.0,0.0,-14.896407943050106,0.0,FALLEN
1.18,16.0,0.0,-14.846835915852003,0.0,FALLEN
1.182,16.0,0.0,-14.797428853650153,0.0,FALLEN
1.184,16.0,0.0,-14.748186207476696,0.0,FALLEN
1.186,16.0,0.0,-14.699107430190605,0.0,FALLEN
1.188,16.0,0.0,-14.65019197647163,0.0,FALLEN
1.19,16.0,0.0,-14.601439302814226,0.0,FALLEN
1.192,16.0,0.0,-14.552848867521519,0.0,FALLEN
1.194,16.0,0.0,-14.504420130699282,0.0,FALLEN
1.196,16.0,0.0,-14.456152554249941,0.0,FALLEN
1.198,16.0,0.0,-14.408045601866597,0.0,FALLEN
1.2,16.0,0.0,-14.360098739027059,0.0,FALLEN
1.202,16.0,0.0,-14.312311432987913,0.0,FALLEN
1.204,16.0,0.0,-14.264683152778604,0.0,FALLEN
1.206,16.0,0.0,-14.217213369195525,0.0,FALLEN
1.208,16.0,0.0,-14.169901554796148,0.0,FALLEN
1.21,16.0,0.0,-14.12274718389316,0.0,FALLEN
1.212,16.0,0.0,-14.075749732548624,0.0,FALLEN
1.214,16.0,0.0,-14.028908678568149,0.0,FALLEN
1.216,16.0,0.0,-13.982223501495099,0.0,FALLEN
1.218,16.0,0.0,-13.935693682604805,0.0,FALLEN
1.22,16.0,0.0,-13.8893187048988,0.0,FALLEN
1.222,16.0,0.0,-13.843098053099077,0.0,FALLEN
1.224,16.0,0.0,-13.797031213642361,0.0,FALLEN
1.226,16.0,0.0,-13.75111767467441,0.0,FALLEN
1.228,16.0,0.0,-13.705356926044313,0.0,FALLEN
1.23,16.0,0.0,-13.659748459298841,0.0,FALLEN
1.232,16.0,0.0,-13.614291767676784,0.0,FALLEN
1.234,16.0,0.0,-13.568986346103319,0.0,FALLEN
1.236,16.0,0.0,-13.52383169118441,0.0,FALLEN
1.238,16.0,0.0,-13.478827301201205,0.0,FALLEN
1.24,16.0,0.0,-13.43397267610446,0.0,FALLEN
1.242,16.0,0.0,-13.389267317508995,0.0,FALLEN
1.244,16.0,0.0,-13.344710728688138,0.0,FALLEN
1.246,16.0,0.0,-13.300302414568225,0.0,FALLEN
1.248,16.0,0.0,-13.256041881723085,0.0,FALLEN
1.25,16.0,0.0,-13.211928638368565,0.0,FALLEN
1.252,16.0,0.0,-13.167962194357065,0.0,FALLEN
1.254,16.0,0.0,-13.124142061172085,0.0,FALLEN
1.256,16.0,0.0,-13.080467751922809,0.0,FALLEN
1.258,16.0,0.0,-13.036938781338678,0.0,FALLEN
1.26,16.0,0.0,-12.993554665764021,0.0,FALLEN
1.262,16.0,0.0,-12.950314923152662,0.0,FALLEN
1.264,16.0,0.0,-12.907219073062574,0.0,FALLEN
1.266,16.0,0.0,-12.86426663665053,0.0,FALLEN
1.268,16.0,0.0,-12.821457136666798,0.0,FALLEN
1.27,16.0,0.0,-12.778790097449825,0.0,FALLEN
1.272,16.0,0.0,-12.73626504492096,0.0,FALLEN
1.274,16.0,0.0,-12.69388150657918,0.0,FALLEN
1.276,16.0,0.0,-12.651639011495845,0.0,FALLEN
1.278,16.0,0.0,-12.609537090309464,0.0,FALLEN
1.28,16.0,0.0,-12.567575275220484,0.0,FALLEN
1.282,16.0,0.0,-12.525753099986078,0.0,FALLEN
1.284,16.0,0.0,-12.484070099914982,0.0,FALLEN
1.286,16.0,0.0,-12.442525811862321,0.0,FALLEN
1.288,16.0,0.0,-12.401119774224469,0.0,FALLEN
1.29,16.0,0.0,-12.359851526933914,0.0,FALLEN
1.292,16.0,0.0,-12.31872061145415,0.0,FALLEN
1.294,16.0,0.0,-12.277726570774584,0.0,FALLEN
1.296,16.0,0.0,-12.236868949405451,0.0,FALLEN
1.298,16.0,0.0,-12.196147293372759,0.0,FALLEN
1.3,16.0,0.0,-12.155561150213247,0.0,FALLEN
1.302,16.0,0.0,-12.115110068969349,0.0,FALLEN
1.304,16.0,0.0,-12.07479360018419,0.0,FALLEN
1.306,16.0,0.0,-12.034611295896594,0.0,FALLEN
1.308,16.0,0.0,-11.994562709636098,0.0,FALLEN
1.31,16.0,0.0,-11.954647396417998,0.0,FALLEN
1.312,16.0,0.0,-11.914864912738405,0.0,FALLEN
1.314,16.0,0.0,-11.875214816569311,0.0,FALLEN
1.316,16.0,0.0,-11.835696667353686,0.0,FALLEN
1.318,16.0,0.0,-11.796310026000574,0.0,FALLEN
1.32,16.0,0.0,-11.757054454880224,0.0,FALLEN
1.322,16.0,0.0,-11.71792951781922,0.0,FALLEN
1.324,16.0,0.0,-11.678934780095634,0.0,FALLEN
1.326,16.0,0.0,-11.640069808434202,0.0,FALLEN
1.328,16.0,0.0,-11.601334171001506,0.0,FALLEN
1.33,16.0,0.0,-11.562727437401175,0.0,FALLEN
1.332,16.0,0.0,-11.524249178669109,0.0,FALLEN
1.334,16.0,0.0,-11.485898967268701,0.0,FALLEN
1.336,16.0,0.0,-11.447676377086095,0.0,FALLEN
1.338,16.0,0.0,-11.409580983425455,0.0,FALLEN
1.34,16.0,0.0,-11.371612363004235,0.0,FALLEN
1.342,16.0,0.0,-11.333770093948484,0.0,FALLEN
1.344,16.0,0.0,-11.296053755788158,0.0,FALLEN
1.346,16.0,0.0,-11.258462929452442,0.0,FALLEN
1.348,16.0,0.0,-11.220997197265104,0.0,FALLEN
1.35,16.0,0.0,-11.183656142939846,0.0,FALLEN
1.352,16.0,0.0,-11.146439351575676,0.0,FALLEN
1.354,16.0,0.0,-11.109346409652312,0.0,FALLEN
1.356,16.0,0.0,-11.072376905025571,0.0,FALLEN
1.358,16.0,0.0,-11.035530426922799,0.0,FALLEN
1.36,16.0,0.0,-10.998806565938303,0.0,FALLEN
1.362,16.0,0.0,-10.962204914028808,0.0,FALLEN
1.364,16.0,0.0,-10.925725064508915,0.0,FALLEN
1.366,16.0,0.0,-10.889366612046587,0.0,FALLEN
1.368,16.0,0.0,-10.853129152658646,0.0,FALLEN
1.37,16.0,0.0,-10.817012283706282,0.0,FALLEN
1.372,16.0,0.0,-10.781015603890577,0.0,FALLEN
1.374,16.0,0.0,-10.745138713248053,0.0,FALLEN
1.3760000000000001,16.0,0.0,-10.709381213146225,0.0,FALLEN
1.3780000000000001,16.0,0.0,-10.673742706279164,0.0,FALLEN
1.3800000000000001,16.0,0.0,-10.638222796663097,0.0,FALLEN
1.3820000000000001,16.0,0.0,-10.602821089631993,0.0,FALLEN
1.3840000000000001,16.0,0.0,-10.56753719183319,0.0,FALLEN
1.3860000000000001,16.0,0.0,-10.532370711223017,0.0,FALLEN
1.3880000000000001,16.0,0.0,-10.497321257062437,0.0,FALLEN
1.3900000000000001,16.0,0.0,-10.46238843991271,0.0,FALLEN
1.3920000000000001,16.0,0.0,-10.427571871631063,0.0,FALLEN
1.3940000000000001,16.0,0.0,-10.392871165366381,0.0,FALLEN
1.3960000000000001,16.0,0.0,-10.358285935554902,0.0,FALLEN
1.3980000000000001,16.0,0.0,-10.323815797915941,0.0,FALLEN
1.4000000000000001,16.0,0.0,-10.289460369447614,0.0,FALLEN
1.4020000000000001,16.0,0.0,-10.255219268422584,0.0,FALLEN
1.4040000000000001,16.0,0.0,-10.221092114383818,0.0,FALLEN
1.4060000000000001,16.0,0.0,-10.18707852814037,0.0,FALLEN
1.408,16.0,0.0,-10.15317813176315,0.0,FALLEN
1.41,16.0,0.0,-10.119390548580737,0.0,FALLEN
1.412,16.0,0.0,-10.085715403175195,0.0,FALLEN
1.414,16.0,0.0,-10.052152321377898,0.0,FALLEN
1.416,16.0,0.0,-10.018700930265366,0.0,FALLEN
1.418,16.0,0.0,-9.985360858155131,0.0,FALLEN
1.42,16.0,0.0,-9.952131734601604,0.0,FALLEN
1.422,16.0,0.0,-9.919013190391961,0.0,FALLEN
1.424,16.0,0.0,-9.886004857542039,0.0,FALLEN
1.426,16.0,0.0,-9.85310636929224,0.0,FALLEN
1.428,16.0,0.0,-9.820317360103468,0.0,FALLEN
1.43,16.0,0.0,-9.787637465653065,0.0,FALLEN
1.432,16.0,0.0,-9.755066322830752,0.0,FALLEN
1.434,16.0,0.0,-9.722603569734607,0.0,FALLEN
1.436,16.0,0.0,-9.690248845667043,0.0,FALLEN
1.438,16.0,0.0,-9.658001791130792,0.0,FALLEN
1.44,16.0,0.0,-9.625862047824915,0.0,FALLEN
1.442,16.0,0.0,-9.593829258640824,0.0,FALLEN
1.444,16.0,0.0,-9.561903067658308,0.0,FALLEN
1.446,16.0,0.0,-9.530083120141583,0.0,FALLEN
1.448,16.0,0.0,-9.498369062535351,0.0,FALLEN
1.45,16.0,0.0,-9.466760542460866,0.0,FALLEN
1.452,16.0,0.0,-9.435257208712025,0.0,FALLEN
1.454,16.0,0.0,-9.403858711251463,0.0,FALLEN
1.456,16.0,0.0,-9.372564701206661,0.0,FALLEN
1.458,16.0,0.0,-9.341374830866076,0.0,FALLEN
1.46,16.0,0.0,-9.310288753675271,0.0,FALLEN
1.462,16.0,0.0,-9.27930612423307,0.0,FALLEN
1.464,16.0,0.0,-9.248426598287717,0.0,FALLEN
1.466,16.0,0.0,-9.217649832733047,0.0,FALLEN
1.468,16.0,0.0,-9.186975485604684,0.0,FALLEN
1.47,16.0,0.0,-9.156403216076233,0.0,FALLEN
1.472,16.0,0.0,-9.125932684455494,0.0,FALLEN
1.474,16.0,0.0,-9.095563552180694,0.0,FALLEN
1.476,16.0,0.0,-9.065295481816715,0.0,FALLEN
1.478,16.0,0.0,-9.035128137051355,0.0,FALLEN
1.48,16.0,0.0,-9.005061182691582,0.0,FALLEN
1.482,16.0,0.0,-8.975094284659816,0.0,FALLEN
1.484,16.0,0.0,-8.945227109990217,0.0,FALLEN
1.486,16.0,0.0,-8.91545932682498,0.0,FALLEN
1.488,16.0,0.0,-8.885790604410651,0.0,FALLEN
1.49,16.0,0.0,-8.856220613094457,0.0,FALLEN
1.492,16.0,0.0,-8.826749024320632,0.0,FALLEN
1.494,16.0,0.0,-8.797375510626775,0.0,FALLEN
1.496,16.0,0.0,-8.768099745640214,0.0,FALLEN
1.498,16.0,0.0,-8.738921404074363,0.0,FALLEN
1.5,16.0,0.0,-8.70984016172513,0.0,FALLEN
1.502,16.0,0.0,-8.680855695467304,0.0,FALLEN
1.504,16.0,0.0,-8.651967683250959,0.0,FALLEN
1.506,16.0,0.0,-8.623175804097883,0.0,FALLEN
1.508,16.0,0.0,-8.594479738098013,0.0,FALLEN
1.51,16.0,0.0,-8.565879166405875,0.0,FALLEN
1.512,16.0,0.0,-8.537373771237046,0.0,FALLEN
1.514,16.0,0.0,-8.508963235864618,0.0,FALLEN
1.516,16.0,0.0,-8.480647244615687,0.0,FALLEN
1.518,16.0,0.0,-8.452425482867833,0.0,FALLEN
1.52,16.0,0.0,-8.424297637045635,0.0,FALLEN
1.522,16.0,0.0,-8.396263394617186,0.0,FALLEN
1.524,16.0,0.0,-8.368322444090616,0.0,FALLEN
1.526,16.0,0.0,-8.340474475010627,0.0,FALLEN
1.528,16.0,0.0,-8.312719177955058,0.0,FALLEN
1.53,16.0,0.0,-8.28505624453143,0.0,FALLEN
1.532,16.0,0.0,-8.257485367373535,0.0,FALLEN
1.534,16.0,0.0,-8.23000624013801,0.0,FALLEN
1.536,16.0,0.0,-8.202618557500934,0.0,FALLEN
1.538,16.0,0.0,-8.17532201515444,0.0,FALLEN
1.54,16.0,0.0,-8.148116309803337,0.0,FALLEN
1.542,16.0,0.0,-8.121001139161724,0.0,FALLEN
1.544,16.0,0.0,-8.093976201949651,0.0,FALLEN
1.546,16.0,0.0,-8.067041197889761,0.0,FALLEN
1.548,16.0,0.0,-8.040195827703952,0.0,FALLEN
1.55,16.0,0.0,-8.01343979311006,0.0,FALLEN
1.552,16.0,0.0,-7.9867727968185305,0.0,FALLEN
1.554,16.0,0.0,-7.960194542529136,0.0,FALLEN
1.556,16.0,0.0,-7.933704734927663,0.0,FALLEN
1.558,16.0,0.0,-7.907303079682646,0.0,FALLEN
1.56,16.0,0.0,-7.880989283442087,0.0,FALLEN
1.562,16.0,0.0,-7.854763053830202,0.0,FALLEN
1.564,16.0,0.0,-7.82862409944417,0.0,FALLEN
1.566,16.0,0.0,-7.802572129850895,0.0,FALLEN
1.568,16.0,0.0,-7.776606855583779,0.0,FALLEN
1.57,16.0,0.0,-7.75072798813951,0.0,FALLEN
1.572,16.0,0.0,-7.724935239974849,0.0,FALLEN
1.574,16.0,0.0,-7.69922832450344,0.0,FALLEN
1.576,16.0,0.0,-7.673606956092625,0.0,FALLEN
1.578,16.0,0.0,-7.648070850060267,0.0,FALLEN
1.58,16.0,0.0,-7.622619722671595,0.0,FALLEN
1.582,16.0,0.0,-7.59725329113604,0.0,FALLEN
1.584,16.0,0.0,-7.571971273604104,0.0,FALLEN
1.586,16.0,0.0,-7.546773389164219,0.0,FALLEN
1.588,16.0,0.0,-7.521659357839634,0.0,FALLEN
1.59,16.0,0.0,-7.496628900585296,0.0,FALLEN
1.592,16.0,0.0,-7.471681739284758,0.0,FALLEN
1.594,16.0,0.0,-7.44681759674708,0.0,FALLEN
1.596,16.0,0.0,-7.422036196703758,0.0,FALLEN
1.598,16.0,0.0,-7.397337263805645,0.0,FALLEN
1.6,16.0,0.0,-7.372720523619901,0.0,FALLEN
1.602,16.0,0.0,-7.348185702626939,0.0,FALLEN
1.604,16.0,0.0,-7.3237325282173815,0.0,FALLEN
1.606,16.0,0.0,-7.299360728689039,0.0,FALLEN
1.608,16.0,0.0,-7.27507003324389,0.0,FALLEN
1.61,16.0,0.0,-7.250860171985067,0.0,FALLEN
1.612,16.0,0.0,-7.226730875913864,0.0,FALLEN
1.614,16.0,0.0,-7.202681876926742,0.0,FALLEN
1.616,16.0,0.0,-7.178712907812354,0.0,FALLEN
1.618,16.0,0.0,-7.154823702248575,0.0,FALLEN
1.62,16.0,0.0,-7.131013994799541,0.0,FALLEN
1.622,16.0,0.0,-7.107283520912701,0.0,FALLEN
1.624,16.0,0.0,-7.083632016915882,0.0,FALLEN
1.6260000000000001,16.0,0.0,-7.060059220014349,0.0,FALLEN
1.6280000000000001,16.0,0.0,-7.036564868287894,0.0,FALLEN
1.6300000000000001,16.0,0.0,-7.013148700687925,0.0,FALLEN
1.6320000000000001,16.0,0.0,-6.989810457034558,0.0,FALLEN
1.6340000000000001,16.0,0.0,-6.966549878013738,0.0,FALLEN
1.6360000000000001,16.0,0.0,-6.943366705174346,0.0,FALLEN
1.6380000000000001,16.0,0.0,-6.920260680925332,0.0,FALLEN
1.6400000000000001,16.0,0.0,-6.897231548532859,0.0,FALLEN
1.6420000000000001,16.0,0.0,-6.87427905211744,0.0,FALLEN
1.6440000000000001,16.0,0.0,-6.8514029366511,0.0,FALLEN
1.6460000000000001,16.0,0.0,-6.828602947954543,0.0,FALLEN
1.6480000000000001,16.0,0.0,-6.8058788326943285,0.0,FALLEN
1.6500000000000001,16.0,0.0,-6.7832303383800525,0.0,FALLEN
1.6520000000000001,16.0,0.0,-6.760657213361544,0.0,FALLEN
1.6540000000000001,16.0,0.0,-6.738159206826071,0.0,FALLEN
1.6560000000000001,16.0,0.0,-6.715736068795553,0.0,FALLEN
1.6580000000000001,16.0,0.0,-6.693387550123779,0.0,FALLEN
1.6600000000000001,16.0,0.0,-6.671113402493647,0.0,FALLEN
1.6620000000000001,16.0,0.0,-6.648913378414397,0.0,FALLEN
1.6640000000000001,16.0,0.0,-6.626787231218867,0.0,FALLEN
1.666,16.0,0.0,-6.60473471506075,0.0,FALLEN
1.668,16.0,0.0,-6.582755584911861,0.0,FALLEN
1.67,16.0,0.0,-6.560849596559416,0.0,FALLEN
1.672,16.0,0.0,-6.539016506603322,0.0,FALLEN
1.674,16.0,0.0,-6.5172560724534625,0.0,FALLEN
1.676,16.0,0.0,-6.495568052327014,0.0,FALLEN
1.678,16.0,0.0,-6.473952205245751,0.0,FALLEN
1.68,16.0,0.0,-6.4524082910333735,0.0,FALLEN
1.682,16.0,0.0,-6.430936070312834,0.0,FALLEN
1.684,16.0,0.0,-6.409535304503683,0.0,FALLEN
1.686,16.0,0.0,-6.388205755819411,0.0,FALLEN
1.688,16.0,0.0,-6.366947187264816,0.0,FALLEN
1.69,16.0,0.0,-6.34575936263336,0.0,FALLEN
1.692,16.0,0.0,-6.324642046504552,0.0,FALLEN
1.694,16.0,0.0,-6.30359500424133,0.0,FALLEN
1.696,16.0,0.0,-6.28261800198745,0.0,FALLEN
1.698,16.0,0.0,-6.261710806664895,0.0,FALLEN
1.7,16.0,0.0,-6.24087318597128,0.0,FALLEN
1.702,16.0,0.0,-6.2201049083772695,0.0,FALLEN
1.704,16.0,0.0,-6.199405743124012,0.0,FALLEN
1.706,16.0,0.0,-6.178775460220569,0.0,FALLEN
1.708,16.0,0.0,-6.158213830441364,0.0,FALLEN
1.71,16.0,0.0,-6.137720625323629,0.0,FALLEN
1.712,16.0,0.0,-6.117295617164877,0.0,FALLEN
1.714,16.0,0.0,-6.096938579020361,0.0,FALLEN
1.716,16.0,0.0,-6.076649284700561,0.0,FALLEN
1.718,16.0,0.0,-6.056427508768663,0.0,FALLEN
1.72,16.0,0.0,-6.03627302653806,0.0,FALLEN
1.722,16.0,0.0,-6.016185614069854,0.0,FALLEN
1.724,16.0,0.0,-5.996165048170364,0.0,FALLEN
1.726,16.0,0.0,-5.976211106388655,0.0,FALLEN
1.728,16.0,0.0,-5.9563235670140555,0.0,FALLEN
1.73,16.0,0.0,-5.936502209073702,0.0,FALLEN
1.732,16.0,0.0,-5.91674681233008,0.0,FALLEN
1.734,16.0,0.0,-5.897057157278579,0.0,FALLEN
1.736,16.0,0.0,-5.8774330251450495,0.0,FALLEN
1.738,16.0,0.0,-5.857874197883377,0.0,FALLEN
1.74,16.0,0.0,-5.838380458173059,0.0,FALLEN
1.742,16.0,0.0,-5.818951589416787,0.0,FALLEN
1.744,16.0,0.0,-5.79958737573804,0.0,FALLEN
1.746,16.0,0.0,-5.7802876019786895,0.0,FALLEN
1.748,16.0,0.0,-5.761052053696607,0.0,FALLEN
1.75,16.0,0.0,-5.74188051716328,0.0,FALLEN
1.752,16.0,0.0,-5.7227727793614385,0.0,FALLEN
1.754,16.0,0.0,-5.703728627982688,0.0,FALLEN
1.756,16.0,0.0,-5.6847478514251515,0.0,FALLEN
1.758,16.0,0.0,-5.665830238791115,0.0,FALLEN
1.76,16.0,0.0,-5.646975579884689,0.0,FALLEN
1.762,16.0,0.0,-5.628183665209469,0.0,FALLEN
1.764,16.0,0.0,-5.60945428596621,0.0,FALLEN
1.766,16.0,0.0,-5.590787234050506,0.0,FALLEN
1.768,16.0,0.0,-5.572182302050475,0.0,FALLEN
1.77,16.0,0.0,-5.553639283244462,0.0,FALLEN
1.772,16.0,0.0,-5.535157971598731,0.0,FALLEN
1.774,16.0,0.0,-5.516738161765186,0.0,FALLEN
1.776,16.0,0.0,-5.498379649079084,0.0,FALLEN
1.778,16.0,0.0,-5.4800822295567615,0.0,FALLEN
1.78,16.0,0.0,-5.461845699893369,0.0,FALLEN
1.782,16.0,0.0,-5.443669857460612,0.0,FALLEN
1.784,16.0,0.0,-5.425554500304497,0.0,FALLEN
1.786,16.0,0.0,-5.407499427143095,0.0,FALLEN
1.788,16.0,0.0,-5.389504437364292,0.0,FALLEN
1.79,16.0,0.0,-5.371569331023574,0.0,FALLEN
1.792,16.0,0.0,-5.353693908841797,0.0,FALLEN
1.794,16.0,0.0,-5.335877972202975,0.0,FALLEN
1.796,16.0,0.0,-5.318121323152073,0.0,FALLEN
1.798,16.0,0.0,-5.300423764392809,0.0,FALLEN
1.8,16.0,0.0,-5.282785099285458,0.0,FALLEN
1.802,16.0,0.0,-5.265205131844671,0.0,FALLEN
1.804,16.0,0.0,-5.247683666737294,0.0,FALLEN
1.806,16.0,0.0,-5.230220509280204,0.0,FALLEN
1.808,16.0,0.0,-5.212815465438137,0.0,FALLEN
1.81,16.0,0.0,-5.195468341821537,0.0,FALLEN
1.812,16.0,0.0,-5.178178945684409,0.0,FALLEN
1.814,16.0,0.0,-5.160947084922173,0.0,FALLEN
1.816,16.0,0.0,-5.143772568069532,0.0,FALLEN
1.818,16.0,0.0,-5.126655204298345,0.0,FALLEN
1.82,16.0,0.0,-5.109594803415503,0.0,FALLEN
1.822,16.0,0.0,-5.092591175860824,0.0,FALLEN
1.824,16.0,0.0,-5.0756441327049355,0.0,FALLEN
1.826,16.0,0.0,-5.058753485647185,0.0,FALLEN
1.828,16.0,0.0,-5.0419190470135415,0.0,FALLEN
1.83,16.0,0.0,-5.025140629754514,0.0,FALLEN
1.832,16.0,0.0,-5.008418047443071,0.0,FALLEN
1.834,16.0,0.0,-4.991751114272572,0.0,FALLEN
1.836,16.0,0.0,-4.975139645054697,0.0,FALLEN
1.838,16.0,0.0,-4.958583455217397,0.0,FALLEN
1.84,16.0,0.0,-4.942082360802836,0.0,FALLEN
1.842,16.0,0.0,-4.92563617846535,0.0,FALLEN
1.844,16.0,0.0,-4.909244725469411,0.0,FALLEN
1.846,16.0,0.0,-4.892907819687594,0.0,FALLEN
1.848,16.0,0.0,-4.876625279598557,0.0,FALLEN
1.85,16.0,0.0,-4.86039692428502,0.0,FALLEN
1.852,16.0,0.0,-4.844222573431757,0.0,FALLEN
1.854,16.0,0.0,-4.828102047323592,0.0,FALLEN
1.856,16.0,0.0,-4.812035166843402,0.0,FALLEN
1.858,16.0,0.0,-4.796021753470128,0.0,FALLEN
1.86,16.0,0.0,-4.78006162927679,0.0,FALLEN
1.862,16.0,0.0,-4.76415461692851,0.0,FALLEN
1.864,16.0,0.0,-4.748300539680542,0.0,FALLEN
1.866,16.0,0.0,-4.732499221376312,0.0,FALLEN
1.868,16.0,0.0,-4.716750486445451,0.0,FALLEN
1.87,16.0,0.0,-4.7010541599018545,0.0,FALLEN
1.872,16.0,0.0,-4.685410067341733,0.0,FALLEN
1.874,16.0,0.0,-4.669818034941675,0.0,FALLEN
1.8760000000000001,16.0,0.0,-4.654277889456714,0.0,FALLEN
1.8780000000000001,16.0,0.0,-4.638789458218409,0.0,FALLEN
1.8800000000000001,16.0,0.0,-4.623352569132919,0.0,FALLEN
1.8820000000000001,16.0,0.0,-4.607967050679096,0.0,FALLEN
1.8840000000000001,16.0,0.0,-4.592632731906576,0.0,FALLEN
1.8860000000000001,16.0,0.0,-4.577349442433882,0.0,FALLEN
1.8880000000000001,16.0,0.0,-4.562117012446531,0.0,FALLEN
1.8900000000000001,16.0,0.0,-4.546935272695141,0.0,FALLEN
1.8920000000000001,16.0,0.0,-4.53180405449356,0.0,FALLEN
1.8940000000000001,16.0,0.0,-4.516723189716986,0.0,FALLEN
1.8960000000000001,16.0,0.0,-4.5016925108000985,0.0,FALLEN
1.8980000000000001,16.0,0.0,-4.486711850735201,0.0,FALLEN
1.9000000000000001,16.0,0.0,-4.47178104307036,0.0,FALLEN
1.9020000000000001,16.0,0.0,-4.456899921907558,0.0,FALLEN
1.9040000000000001,16.0,0.0,-4.442068321900853,0.0,FALLEN
1.9060000000000001,16.0,0.0,-4.427286078254537,0.0,FALLEN
1.9080000000000001,16.0,0.0,-4.412553026721304,0.0,FALLEN
1.9100000000000001,16.0,0.0,-4.397869003600431,0.0,FALLEN
1.9120000000000001,16.0,0.0,-4.383233845735956,0.0,FALLEN
1.9140000000000001,16.0,0.0,-4.368647390514861,0.0,FALLEN
1.9160000000000001,16.0,0.0,-4.354109475865272,0.0,FALLEN
1.9180000000000001,16.0,0.0,-4.3396199402546545,0.0,FALLEN
1.92,16.0,0.0,-4.325178622688019,0.0,FALLEN
1.922,16.0,0.0,-4.310785362706134,0.0,FALLEN
1.924,16.0,0.0,-4.296440000383739,0.0,FALLEN
1.926,16.0,0.0,-4.282142376327773,0.0,FALLEN
1.928,16.0,0.0,-4.267892331675599,0.0,FALLEN
1.93,16.0,0.0,-4.25368970809324,0.0,FALLEN
1.932,16.0,0.0,-4.239534347773622,0.0,FALLEN
1.934,16.0,0.0,-4.225426093434819,0.0,FALLEN
1.936,16.0,0.0,-4.211364788318303,0.0,FALLEN
1.938,16.0,0.0,-4.197350276187206,0.0,FALLEN
1.94,16.0,0.0,-4.183382401324582,0.0,FALLEN
1.942,16.0,0.0,-4.1694610085316794,0.0,FALLEN
1.944,16.0,0.0,-4.15558594312621,0.0,FALLEN
1.946,16.0,0.0,-4.14175705094064,0.0,FALLEN
1.948,16.0,0.0,-4.1279741783204695,0.0,FALLEN
1.95,16.0,0.0,-4.114237172122527,0.0,FALLEN
1.952,16.0,0.0,-4.100545879713268,0.0,FALLEN
1.954,16.0,0.0,-4.086900148967082,0.0,FALLEN
1.956,16.0,0.0,-4.073299828264597,0.0,FALLEN
1.958,16.0,0.0,-4.059744766490999,0.0,FALLEN
1.96,16.0,0.0,-4.046234813034351,0.0,FALLEN
1.962,16.0,0.0,-4.032769817783921,0.0,FALLEN
1.964,16.0,0.0,-4.01934963112851,0.0,FALLEN
1.966,16.0,0.0,-4.005974103954797,0.0,FALLEN
1.968,16.0,0.0,-3.992643087645675,0.0,FALLEN
1.97,16.0,0.0,-3.9793564340786025,0.0,FALLEN
1.972,16.0,0.0,-3.9661139956239597,0.0,FALLEN
1.974,16.0,0.0,-3.952915625143406,0.0,FALLEN
1.976,16.0,0.0,-3.939761175988243,0.0,FALLEN
1.978,16.0,0.0,-3.926650501997791,0.0,FALLEN
1.98,16.0,0.0,-3.913583457497758,0.0,FALLEN
1.982,16.0,0.0,-3.9005598972986273,0.0,FALLEN
1.984,16.0,0.0,-3.8875796766940396,0.0,FALLEN
1.986,16.0,0.0,-3.874642651459189,0.0,FALLEN
1.988,16.0,0.0,-3.8617486778492176,0.0,FALLEN
1.99,16.0,0.0,-3.8488976125976184,0.0,FALLEN
1.992,16.0,0.0,-3.8360893129146456,0.0,FALLEN
1.994,16.0,0.0,-3.823323636485727,0.0,FALLEN
1.996,16.0,0.0,-3.8106004414698815,0.0,FALLEN
1.998,16.0,0.0,-3.7979195864981445,0.0,FALLEN
2.0,16.0,0.0,-3.785280930671998,0.0,FALLEN
2.0020000000000002,16.0,0.0,-3.772684333561801,0.0,FALLEN
2.004,16.0,0.0,-3.760129655205236,0.0,FALLEN
2.0060000000000002,16.0,0.0,-3.747616756105746,0.0,FALLEN
2.008,16.0,0.0,-3.7351454972309908,0.0,FALLEN
2.0100000000000002,16.0,0.0,-3.722715740011299,0.0,FALLEN
2.012,16.0,0.0,-3.7103273463381288,0.0,FALLEN
2.0140000000000002,16.0,0.0,-3.6979801785625344,0.0,FALLEN
2.016,16.0,0.0,-3.6856740994936357,0.0,FALLEN
2.0180000000000002,16.0,0.0,-3.673408972397094,0.0,FALLEN
2.02,16.0,0.0,-3.6611846609935936,0.0,FALLEN
2.0220000000000002,16.0,0.0,-3.649001029457326,0.0,FALLEN
2.024,16.0,0.0,-3.6368579424144825,0.0,FALLEN
2.0260000000000002,16.0,0.0,-3.624755264941749,0.0,FALLEN
2.028,16.0,0.0,-3.6126928625648063,0.0,FALLEN
2.0300000000000002,16.0,0.0,-3.6006706012568372,0.0,FALLEN
2.032,16.0,0.0,-3.5886883474370372,0.0,FALLEN
2.0340000000000003,16.0,0.0,-3.576745967969129,0.0,FALLEN
2.036,16.0,0.0,-3.5648433301598854,0.0,FALLEN
2.0380000000000003,16.0,0.0,-3.5529803017576516,0.0,FALLEN
2.04,16.0,0.0,-3.54115675095088,0.0,FALLEN
2.0420000000000003,16.0,0.0,-3.529372546366661,0.0,FALLEN
2.044,16.0,0.0,-3.517627557069268,0.0,FALLEN
2.0460000000000003,16.0,0.0,-3.505921652558699,0.0,FALLEN
2.048,16.0,0.0,-3.494254702769227,0.0,FALLEN
2.05,16.0,0.0,-3.4826265780679573,0.0,FALLEN
2.052,16.0,0.0,-3.4710371492533847,0.0,FALLEN
2.054,16.0,0.0,-3.459486287553958,0.0,FALLEN
2.056,16.0,0.0,-3.447973864626651,0.0,FALLEN
2.058,16.0,0.0,-3.4364997525555347,0.0,FALLEN
2.06,16.0,0.0,-3.425063823850358,0.0,FALLEN
2.062,16.0,0.0,-3.413665951445127,0.0,FALLEN
2.064,16.0,0.0,-3.402306008696699,0.0,FALLEN
2.066,16.0,0.0,-3.3909838693833714,0.0,FALLEN
2.068,16.0,0.0,-3.3796994077034785,0.0,FALLEN
2.07,16.0,0.0,-3.368452498273997,0.0,FALLEN
2.072,16.0,0.0,-3.3572430161291518,0.0,FALLEN
2.074,16.0,0.0,-3.346070836719025,0.0,FALLEN
2.076,16.0,0.0,-3.334935835908175,0.0,FALLEN
2.078,16.0,0.0,-3.3238378899742567,0.0,FALLEN
2.08,16.0,0.0,-3.3127768756066445,0.0,FALLEN
2.082,16.0,0.0,-3.3017526699050657,0.0,FALLEN
2.084,16.0,0.0,-3.2907651503782325,0.0,FALLEN
2.086,16.0,0.0,-3.279814194942481,0.0,FALLEN
2.088,16.0,0.0,-3.2688996819204155,0.0,FALLEN
2.09,16.0,0.0,-3.258021490039558,0.0,FALLEN
2.092,16.0,0.0,-3.247179498430998,0.0,FALLEN
2.094,16.0,0.0,-3.2363735866280487,0.0,FALLEN
2.096,16.0,0.0,-3.225603634564915,0.0,FALLEN
2.098,16.0,0.0,-3.2148695225753494,0.0,FALLEN
2.1,16.0,0.0,-3.2041711313913317,0.0,FALLEN
2.102,16.0,0.0,-3.193508342141739,0.0,FALLEN
2.104,16.0,0.0,-3.182881036351025,0.0,FALLEN
2.106,16.0,0.0,-3.1722890959379044,0.0,FALLEN
2.108,16.0,0.0,-3.1617324032140424,0.0,FALLEN
2.11,16.0,0.0,-3.151210840882744,0.0,FALLEN
2.112,16.0,0.0,-3.1407242920376532,0.0,FALLEN
2.114,16.0,0.0,-3.130272640161452,0.0,FALLEN
2.116,16.0,0.0,-3.1198557691245687,0.0,FALLEN
2.118,16.0,0.0,-3.1094735631838843,0.0,FALLEN
2.12,16.0,0.0,-3.0991259069814476,0.0,FALLEN
2.122,16.0,0.0,-3.0888126855431945,0.0,FALLEN
2.124,16.0,0.0,-3.07853378427767,0.0,FALLEN
2.126,16.0,0.0,-3.068289088974754,0.0,FALLEN
2.128,16.0,0.0,-3.058078485804393,0.0,FALLEN
2.13,16.0,0.0,-3.047901861315336,0.0,FALLEN
2.132,16.0,0.0,-3.037759102433873,0.0,FALLEN
2.134,16.0,0.0,-3.027650096462578,0.0,FALLEN
2.136,16.0,0.0,-3.0175747310790593,0.0,FALLEN
2.138,16.0,0.0,-3.007532894334709,0.0,FALLEN
2.14,16.0,0.0,-2.997524474653459,0.0,FALLEN
2.142,16.0,0.0,-2.987549360830544,0.0,FALLEN
2.144,16.0,0.0,-2.977607442031263,0.0,FALLEN
2.146,16.0,0.0,-2.96769860778975,0.0,FALLEN
2.148,16.0,0.0,-2.9578227480077444,0.0,FALLEN
2.15,16.0,0.0,-2.9479797529533687,0.0,FALLEN
2.152,16.0,0.0,-2.9381695132599104,0.0,FALLEN
2.154,16.0,0.0,-2.928391919924605,0.0,FALLEN
2.156,16.0,0.0,-2.9186468643074264,0.0,FALLEN
2.158,16.0,0.0,-2.9089342381298784,0.0,FALLEN
2.16,16.0,0.0,-2.899253933473793,0.0,FALLEN
2.162,16.0,0.0,-2.8896058427801283,0.0,FALLEN
2.164,16.0,0.0,-2.879989858847779,0.0,FALLEN
2.166,16.0,0.0,-2.8704058748323793,0.0,FALLEN
2.168,16.0,0.0,-2.86085378424512,0.0,FALLEN
2.17,16.0,0.0,-2.851333480951563,0.0,FALLEN
2.172,16.0,0.0,-2.841844859170462,0.0,FALLEN
2.174,16.0,0.0,-2.8323878134725886,0.0,FALLEN
2.176,16.0,0.0,-2.8229622387795605,0.0,FALLEN
2.178,16.0,0.0,-2.813568030362673,0.0,FALLEN
2.18,16.0,0.0,-2.8042050838417354,0.0,FALLEN
2.182,16.0,0.0,-2.7948732951839124,0.0,FALLEN
2.184,16.0,0.0,-2.7855725607025676,0.0,FALLEN
2.186,16.0,0.0,-2.7763027770561104,0.0,FALLEN
2.188,16.0,0.0,-2.7670638412468502,0.0,FALLEN
2.19,16.0,0.0,-2.7578556506198493,0.0,FALLEN
2.192,16.0,0.0,-2.748678102861784,0.0,FALLEN
2.194,16.0,0.0,-2.7395310959998067,0.0,FALLEN
2.196,16.0,0.0,-2.7304145284004133,0.0,FALLEN
2.198,16.0,0.0,-2.7213282987683156,0.0,FALLEN
2.2,16.0,0.0,-2.7122723061453127,0.0,FALLEN
2.202,16.0,0.0,-2.7032464499091704,0.0,FALLEN
2.204,16.0,0.0,-2.694250629772505,0.0,FALLEN
2.206,16.0,0.0,-2.685284745781667,0.0,FALLEN
2.208,16.0,0.0,-2.6763486983156306,0.0,FALLEN
2.21,16.0,0.0,-2.6674423880848877,0.0,FALLEN
2.212,16.0,0.0,-2.6585657161303438,0.0,FALLEN
2.214,16.0,0.0,-2.6497185838222195,0.0,FALLEN
2.216,16.0,0.0,-2.640900892858954,0.0,FALLEN
2.218,16.0,0.0,-2.632112545266112,0.0,FALLEN
2.22,16.0,0.0,-2.6233534433952967,0.0,FALLEN
2.222,16.0,0.0,-2.614623489923064,0.0,FALLEN
2.224,16.0,0.0,-2.605922587849841,0.0,FALLEN
2.226,16.0,0.0,-2.597250640498848,0.0,FALLEN
2.228,16.0,0.0,-2.5886075515150258,0.0,FALLEN
2.23,16.0,0.0,-2.579993224863963,0.0,FALLEN
2.232,16.0,0.0,-2.5714075648308308,0.0,FALLEN
2.234,16.0,0.0,-2.562850476019318,0.0,FALLEN
2.236,16.0,0.0,-2.554321863350572,0.0,FALLEN
2.238,16.0,0.0,-2.5458216320621427,0.0,FALLEN
2.24,16.0,0.0,-2.537349687706928,0.0,FALLEN
2.242,16.0,0.0,-2.528905936152125,0.0,FALLEN
2.244,16.0,0.0,-2.5204902835781864,0.0,FALLEN
2.246,16.0,0.0,-2.512102636477773,0.0,FALLEN
2.248,16.0,0.0,-2.5037429016547215,0.0,FALLEN
2.25,16.0,0.0,-2.4954109862230025,0.0,FALLEN
2.2520000000000002,16.0,0.0,-2.4871067976056915,0.0,FALLEN
2.254,16.0,0.0,-2.4788302435339418,0.0,FALLEN
2.2560000000000002,16.0,0.0,-2.470581232045956,0.0,FALLEN
2.258,16.0,0.0,-2.4623596714859657,0.0,FALLEN
2.2600000000000002,16.0,0.0,-2.454165470503214,0.0,FALLEN
2.262,16.0,0.0,-2.445998538050939,0.0,FALLEN
2.2640000000000002,16.0,0.0,-2.4378587833853618,0.0,FALLEN
2.266,16.0,0.0,-2.4297461160646807,0.0,FALLEN
2.2680000000000002,16.0,0.0,-2.4216604459480644,0.0,FALLEN
2.27,16.0,0.0,-2.413601683194651,0.0,FALLEN
2.2720000000000002,16.0,0.0,-2.4055697382625487,0.0,FALLEN
2.274,16.0,0.0,-2.3975645219078423,0.0,FALLEN
2.2760000000000002,16.0,0.0,-2.389585945183601,0.0,FALLEN
2.278,16.0,0.0,-2.3816339194388907,0.0,FALLEN
2.2800000000000002,16.0,0.0,-2.3737083563177874,0.0,FALLEN
2.282,16.0,0.0,-2.3658091677583974,0.0,FALLEN
2.2840000000000003,16.0,0.0,-2.3579362659918774,0.0,FALLEN
2.286,16.0,0.0,-2.3500895635414607,0.0,FALLEN
2.2880000000000003,16.0,0.0,-2.342268973221483,0.0,FALLEN
2.29,16.0,0.0,-2.334474408136417,0.0,FALLEN
2.2920000000000003,16.0,0.0,-2.326705781679902,0.0,FALLEN
2.294,16.0,0.0,-2.318963007533788,0.0,FALLEN
2.2960000000000003,16.0,0.0,-2.311245999667171,0.0,FALLEN
2.298,16.0,0.0,-2.303554672335439,0.0,FALLEN
2.3000000000000003,16.0,0.0,-2.295888940079321,0.0,FALLEN
2.302,16.0,0.0,-2.2882487177239357,0.0,FALLEN
2.3040000000000003,16.0,0.0,-2.280633920377844,0.0,FALLEN
2.306,16.0,0.0,-2.273044463432109,0.0,FALLEN
2.308,16.0,0.0,-2.2654802625593526,0.0,FALLEN
2.31,16.0,0.0,-2.2579412337128213,0.0,FALLEN
2.312,16.0,0.0,-2.2504272931254494,0.0,FALLEN
2.314,16.0,0.0,-2.242938357308932,0.0,FALLEN
2.316,16.0,0.0,-2.2354743430527932,0.0,FALLEN
2.318,16.0,0.0,-2.2280351674234646,0.0,FALLEN
2.32,16.0,0.0,-2.220620747763363,0.0,FALLEN
2.322,16.0,0.0,-2.2132310016899712,0.0,FALLEN
2.324,16.0,0.0,-2.2058658470949237,0.0,FALLEN
2.326,16.0,0.0,-2.198525202143094,0.0,FALLEN
2.328,16.0,0.0,-2.191208985271684,0.0,FALLEN
2.33,16.0,0.0,-2.18391711518932,0.0,FALLEN
2.332,16.0,0.0,-2.1766495108751487,0.0,FALLEN
2.334,16.0,0.0,-2.1694060915779363,0.0,FALLEN
2.336,16.0,0.0,-2.162186776815171,0.0,FALLEN
2.338,16.0,0.0,-2.154991486372171,0.0,FALLEN
2.34,16.0,0.0,-2.14782014030119,0.0,FALLEN
2.342,16.0,0.0,-2.140672658920532,0.0,FALLEN
2.344,16.0,0.0,-2.133548962813663,0.0,FALLEN
2.346,16.0,0.0,-2.1264489728283302,0.0,FALLEN
2.348,16.0,0.0,-2.119372610075684,0.0,FALLEN
2.35,16.0,0.0,-2.1123197959293987,0.0,FALLEN
2.352,16.0,0.0,-2.1052904520247995,0.0,FALLEN
2.354,16.0,0.0,-2.0982845002579933,0.0,FALLEN
2.356,16.0,0.0,-2.0913018627849995,0.0,FALLEN
2.358,16.0,0.0,-2.084342462020885,0.0,FALLEN
2.36,16.0,0.0,-2.077406220638904,0.0,FALLEN
2.362,16.0,0.0,-2.0704930615696355,0.0,FALLEN
2.364,16.0,0.0,-2.06360290800013,0.0,FALLEN
2.366,16.0,0.0,-2.0567356833730552,0.0,FALLEN
2.368,16.0,0.0,-2.0498913113858444,0.0,FALLEN
2.37,16.0,0.0,-2.0430697159898497,0.0,FALLEN
2.372,16.0,0.0,-2.036270821389496,0.0,FALLEN
2.374,16.0,0.0,-2.0294945520414402,0.0,FALLEN
2.376,16.0,0.0,-2.0227408326537315,0.0,FALLEN
2.378,16.0,0.0,-2.016009588184973,0.0,FALLEN
2.38,16.0,0.0,-2.009300743843491,0.0,FALLEN
2.382,16.0,0.0,-2.0026142250865013,0.0,FALLEN
2.384,16.0,0.0,-1.995949957619282,0.0,FALLEN
2.386,16.0,0.0,-1.9893078673943487,0.0,FALLEN
2.388,16.0,0.0,-1.98268788061063,0.0,FALLEN
2.39,16.0,0.0,-1.9760899237126497,0.0,FALLEN
2.392,16.0,0.0,-1.9695139233897074,0.0,FALLEN
2.394,16.0,0.0,-1.962959806575065,0.0,FALLEN
2.396,16.0,0.0,-1.9564275004451355,0.0,FALLEN
2.398,16.0,0.0,-1.9499169324186718,0.0,FALLEN
2.4,16.0,0.0,-1.9434280301559625,0.0,FALLEN
2.402,16.0,0.0,-1.936960721558027,0.0,FALLEN
2.404,16.0,0.0,-1.9305149347658137,0.0,FALLEN
2.406,16.0,0.0,-1.9240905981594039,0.0,FALLEN
2.408,16.0,0.0,-1.917687640357213,0.0,FALLEN
2.41,16.0,0.0,-1.9113059902151999,0.0,FALLEN
2.412,16.0,0.0,-1.904945576826075,0.0,FALLEN
2.414,16.0,0.0,-1.898606329518513,0.0,FALLEN
2.416,16.0,0.0,-1.8922881778563672,0.0,FALLEN
2.418,16.0,0.0,-1.8859910516378882,0.0,FALLEN
2.42,16.0,0.0,-1.879714880894941,0.0,FALLEN
2.422,16.0,0.0,-1.873459595892232,0.0,FALLEN
2.424,16.0,0.0,-1.867225127126529,0.0,FALLEN
2.426,16.0,0.0,-1.861011405325893,0.0,FALLEN
2.428,16.0,0.0,-1.8548183614489069,0.0,FALLEN
2.43,16.0,0.0,-1.8486459266839081,0.0,FALLEN
2.432,16.0,0.0,-1.8424940324482248,0.0,FALLEN
2.434,16.0,0.0,-1.8363626103874136,0.0,FALLEN
2.436,16.0,0.0,-1.8302515923744989,0.0,FALLEN
2.438,16.0,0.0,-1.8241609105092182,0.0,FALLEN
2.44,16.0,0.0,-1.8180904971172658,0.0,FALLEN
2.442,16.0,0.0,-1.8120402847495414,0.0,FALLEN
2.444,16.0,0.0,-1.8060102061814012,0.0,FALLEN
2.446,16.0,0.0,-1.8000001944119097,0.0,FALLEN
2.448,16.0,0.0,-1.7940101826630972,0.0,FALLEN
2.45,16.0,0.0,-1.7880401043792156,0.0,FALLEN
2.452,16.0,0.0,-1.7820898932259999,0.0,FALLEN
2.454,16.0,0.0,-1.7761594830899323,0.0,FALLEN
2.456,16.0,0.0,-1.7702488080775054,0.0,FALLEN
2.458,16.0,0.0,-1.764357802514492,0.0,FALLEN
2.46,16.0,0.0,-1.7584864009452137,0.0,FALLEN
2.462,16.0,0.0,-1.7526345381318151,0.0,FALLEN
2.464,16.0,0.0,-1.7468021490535384,0.0,FALLEN
2.466,16.0,0.0,-1.7409891689059998,0.0,FALLEN
2.468,16.0,0.0,-1.7351955331004714,0.0,FALLEN
2.47,16.0,0.0,-1.7294211772631627,0.0,FALLEN
2.472,16.0,0.0,-1.723666037234505,0.0,FALLEN
2.474,16.0,0.0,-1.7179300490684386,0.0,FALLEN
2.476,16.0,0.0,-1.7122131490317025,0.0,FALLEN
2.478,16.0,0.0,-1.7065152736031266,0.0,FALLEN
2.48,16.0,0.0,-1.7008363594729252,0.0,FALLEN
2.482,16.0,0.0,-1.6951763435419942,0.0,FALLEN
2.484,16.0,0.0,-1.689535162921209,0.0,FALLEN
2.486,16.0,0.0,-1.6839127549307273,0.0,FALLEN
2.488,16.0,0.0,-1.6783090570992913,0.0,FALLEN
2.49,16.0,0.0,-1.672724007163534,0.0,FALLEN
2.492,16.0,0.0,-1.6671575430672876,0.0,FALLEN
2.494,16.0,0.0,-1.6616096029608936,0.0,FALLEN
2.496,16.0,0.0,-1.656080125200516,0.0,FALLEN
2.498,16.0,0.0,-1.6505690483474564,0.0,FALLEN
2.5,16.0,0.0,-1.6450763111674707,0.0,FALLEN
2.5020000000000002,16.0,0.0,-1.6396018526300893,0.0,FALLEN
2.504,16.0,0.0,-1.6341456119079387,0.0,FALLEN
2.5060000000000002,16.0,0.0,-1.6287075283760657,0.0,FALLEN
2.508,16.0,0.0,-1.6232875416112644,0.0,FALLEN
2.5100000000000002,16.0,0.0,-1.6178855913914039,0.0,FALLEN
2.512,16.0,0.0,-1.6125016176947589,0.0,FALLEN
2.5140000000000002,16.0,0.0,-1.6071355606993447,0.0,FALLEN
2.516,16.0,0.0,-1.6017873607822504,0.0,FALLEN
2.5180000000000002,16.0,0.0,-1.596456958518977,0.0,FALLEN
2.52,16.0,0.0,-1.5911442946827785,0.0,FALLEN
2.5220000000000002,16.0,0.0,-1.5858493102440017,0.0,FALLEN
2.524,16.0,0.0,-1.5805719463694317,0.0,FALLEN
2.5260000000000002,16.0,0.0,-1.575312144421638,0.0,FALLEN
2.528,16.0,0.0,-1.5700698459583227,0.0,FALLEN
2.5300000000000002,16.0,0.0,-1.564844992731671,0.0,FALLEN
2.532,16.0,0.0,-1.5596375266877045,0.0,FALLEN
2.5340000000000003,16.0,0.0,-1.5544473899656355,0.0,FALLEN
2.536,16.0,0.0,-1.549274524897225,0.0,FALLEN
2.5380000000000003,16.0,0.0,-1.5441188740061413,0.0,FALLEN
2.54,16.0,0.0,-1.5389803800073214,0.0,FALLEN
2.5420000000000003,16.0,0.0,-1.5338589858063345,0.0,FALLEN
2.544,16.0,0.0,-1.5287546344987484,0.0,FALLEN
2.5460000000000003,16.0,0.0,-1.5236672693694957,0.0,FALLEN
2.548,16.0,0.0,-1.5185968338922446,0.0,FALLEN
2.5500000000000003,16.0,0.0,-1.5135432717287716,0.0,FALLEN
2.552,16.0,0.0,-1.5085065267283335,0.0,FALLEN
2.5540000000000003,16.0,0.0,-1.5034865429270452,0.0,FALLEN
2.556,16.0,0.0,-1.4984832645472577,0.0,FALLEN
2.5580000000000003,16.0,0.0,-1.4934966359969368,0.0,FALLEN
2.56,16.0,0.0,-1.4885266018690482,0.0,FALLEN
2.562,16.0,0.0,-1.4835731069409384,0.0,FALLEN
2.564,16.0,0.0,-1.4786360961737244,0.0,FALLEN
2.566,16.0,0.0,-1.4737155147116803,0.0,FALLEN
2.568,16.0,0.0,-1.4688113078816278,0.0,FALLEN
2.57,16.0,0.0,-1.4639234211923298,0.0,FALLEN
2.572,16.0,0.0,-1.4590518003338837,0.0,FALLEN
2.574,16.0,0.0,-1.4541963911771185,0.0,FALLEN
2.576,16.0,0.0,-1.449357139772994,0.0,FALLEN
2.578,16.0,0.0,-1.4445339923520006,0.0,FALLEN
2.58,16.0,0.0,-1.4397268953235611,0.0,FALLEN
2.582,16.0,0.0,-1.4349357952754374,0.0,FALLEN
2.584,16.0,0.0,-1.4301606389731347,0.0,FALLEN
2.586,16.0,0.0,-1.4254013733593123,0.0,FALLEN
2.588,16.0,0.0,-1.4206579455531918,0.0,FALLEN
2.59,16.0,0.0,-1.415930302849971,0.0,FALLEN
2.592,16.0,0.0,-1.4112183927202377,0.0,FALLEN
2.594,16.0,0.0,-1.406522162809387,0.0,FALLEN
2.596,16.0,0.0,-1.4018415609370374,0.0,FALLEN
2.598,16.0,0.0,-1.3971765350964538,0.0,FALLEN
2.6,16.0,0.0,-1.3925270334539679,0.0,FALLEN
2.602,16.0,0.0,-1.3878930043484023,0.0,FALLEN
2.604,16.0,0.0,-1.383274396290497,0.0,FALLEN
2.606,16.0,0.0,-1.3786711579623374,0.0,FALLEN
2.608,16.0,0.0,-1.3740832382167831,0.0,FALLEN
2.61,16.0,0.0,-1.3695105860769015,0.0,FALLEN
2.612,16.0,0.0,-1.364953150735399,0.0,FALLEN
2.614,16.0,0.0,-1.3604108815540588,0.0,FALLEN
2.616,16.0,0.0,-1.355883728063176,0.0,FALLEN
2.618,16.0,0.0,-1.351371639960999,0.0,FALLEN
2.62,16.0,0.0,-1.346874567113169,0.0,FALLEN
2.622,16.0,0.0,-1.3423924595521635,0.0,FALLEN
2.624,16.0,0.0,-1.3379252674767415,0.0,FALLEN
2.626,16.0,0.0,-1.3334729412513895,0.0,FALLEN
2.628,16.0,0.0,-1.3290354314057702,0.0,FALLEN
2.63,16.0,0.0,-1.324612688634173,0.0,FALLEN
2.632,16.0,0.0,-1.320204663794966,0.0,FALLEN
2.634,16.0,0.0,-1.3158113079100504,0.0,FALLEN
2.636,16.0,0.0,-1.3114325721643152,0.0,FALLEN
2.638,16.0,0.0,-1.3070684079050963,0.0,FALLEN
2.64,16.0,0.0,-1.3027187666416342,0.0,FALLEN
2.642,16.0,0.0,-1.2983836000445375,0.0,FALLEN
2.644,16.0,0.0,-1.2940628599452435,0.0,FALLEN
2.646,16.0,0.0,-1.2897564983354846,0.0,FALLEN
2.648,16.0,0.0,-1.285464467366754,0.0,FALLEN
2.65,16.0,0.0,-1.2811867193497746,0.0,FALLEN
2.652,16.0,0.0,-1.2769232067539689,0.0,FALLEN
2.654,16.0,0.0,-1.2726738822069308,0.0,FALLEN
2.656,16.0,0.0,-1.2684386984938996,0.0,FALLEN
2.658,16.0,0.0,-1.2642176085572345,0.0,FALLEN
2.66,16.0,0.0,-1.2600105654958933,0.0,FALLEN
2.662,16.0,0.0,-1.2558175225649093,0.0,FALLEN
2.664,16.0,0.0,-1.2516384331748738,0.0,FALLEN
2.666,16.0,0.0,-1.247473250891417,0.0,FALLEN
2.668,16.0,0.0,-1.2433219294346933,0.0,FALLEN
2.67,16.0,0.0,-1.2391844226788657,0.0,FALLEN
2.672,16.0,0.0,-1.2350606846515946,0.0,FALLEN
2.674,16.0,0.0,-1.2309506695335257,0.0,FALLEN
2.676,16.0,0.0,-1.2268543316577827,0.0,FALLEN
2.678,16.0,0.0,-1.2227716255094576,0.0,FALLEN
2.68,16.0,0.0,-1.218702505725107,0.0,FALLEN
2.682,16.0,0.0,-1.214646927092247,0.0,FALLEN
2.684,16.0,0.0,-1.210604844548851,0.0,FALLEN
2.686,16.0,0.0,-1.2065762131828492,0.0,FALLEN
2.688,16.0,0.0,-1.2025609882316293,0.0,FALLEN
2.69,16.0,0.0,-1.1985591250815397,0.0,FALLEN
2.692,16.0,0.0,-1.194570579267393,0.0,FALLEN
2.694,16.0,0.0,-1.1905953064719723,0.0,FALLEN
2.696,16.0,0.0,-1.186633262525539,0.0,FALLEN
2.698,16.0,0.0,-1.1826844034053419,0.0,FALLEN
2.7,16.0,0.0,-1.1787486852351279,0.0,FALLEN
2.702,16.0,0.0,-1.1748260642846546,0.0,FALLEN
2.704,16.0,0.0,-1.1709164969692047,0.0,FALLEN
2.706,16.0,0.0,-1.1670199398491008,0.0,FALLEN
2.708,16.0,0.0,-1.163136349629224,0.0,FALLEN
2.71,16.0,0.0,-1.1592656831585315,0.0,FALLEN
2.712,16.0,0.0,-1.1554078974295783,0.0,FALLEN
2.714,16.0,0.0,-1.1515629495780393,0.0,FALLEN
2.716,16.0,0.0,-1.1477307968822317,0.0,FALLEN
2.718,16.0,0.0,-1.1439113967626418,0.0,FALLEN
2.72,16.0,0.0,-1.1401047067814511,0.0,FALLEN
2.722,16.0,0.0,-1.1363106846420654,0.0,FALLEN
2.724,16.0,0.0,-1.1325292881886437,0.0,FALLEN
2.726,16.0,0.0,-1.1287604754056313,0.0,FALLEN
2.728,16.0,0.0,-1.1250042044172919,0.0,FALLEN
2.73,16.0,0.0,-1.121260433487242,0.0,FALLEN
2.732,16.0,0.0,-1.1175291210179887,0.0,FALLEN
2.734,16.0,0.0,-1.1138102255504663,0.0,FALLEN
2.736,16.0,0.0,-1.1101037057635754,0.0,FALLEN
2.738,16.0,0.0,-1.106409520473725,0.0,FALLEN
2.74,16.0,0.0,-1.1027276286343737,0.0,FALLEN
2.742,16.0,0.0,-1.0990579893355745,0.0,FALLEN
2.744,16.0,0.0,-1.0954005618035194,0.0,FALLEN
2.746,16.0,0.0,-1.0917553054000873,0.0,FALLEN
2.748,16.0,0.0,-1.0881221796223917,0.0,FALLEN
2.75,16.0,0.0,-1.084501144102331,0.0,FALLEN
2.7520000000000002,16.0,0.0,-1.0808921586061397,0.0,FALLEN
2.754,16.0,0.0,-1.0772951830339423,0.0,FALLEN
2.7560000000000002,16.0,0.0,-1.0737101774193063,0.0,FALLEN
2.758,16.0,0.0,-1.070137101928799,0.0,FALLEN
2.7600000000000002,16.0,0.0,-1.0665759168615452,0.0,FALLEN
2.762,16.0,0.0,-1.0630265826487848,0.0,FALLEN
2.7640000000000002,16.0,0.0,-1.059489059853435,0.0,FALLEN
2.766,16.0,0.0,-1.05596330916965,0.0,FALLEN
2.7680000000000002,16.0,0.0,-1.0524492914223864,0.0,FALLEN
2.77,16.0,0.0,-1.0489469675669663,0.0,FALLEN
2.7720000000000002,16.0,0.0,-1.0454562986886442,0.0,FALLEN
2.774,16.0,0.0,-1.0419772460021741,0.0,FALLEN
2.7760000000000002,16.0,0.0,-1.0385097708513797,0.0,FALLEN
2.778,16.0,0.0,-1.0350538347087233,0.0,FALLEN
2.7800000000000002,16.0,0.0,-1.0316093991748791,0.0,FALLEN
2.782,16.0,0.0,-1.0281764259783057,0.0,FALLEN
2.7840000000000003,16.0,0.0,-1.0247548769748211,0.0,FALLEN
2.786,16.0,0.0,-1.0213447141471788,0.0,FALLEN
2.7880000000000003,16.0,0.0,-1.0179458996046458,0.0,FALLEN
2.79,16.0,0.0,-1.014558395582581,0.0,FALLEN
2.7920000000000003,16.0,0.0,-1.0111821644420163,0.0,FALLEN
2.794,16.0,0.0,-1.0078171686692372,0.0,FALLEN
2.7960000000000003,16.0,0.0,-1.0044633708753674,0.0,FALLEN
2.798,16.0,0.0,-1.0011207337959525,0.0,FALLEN
2.8000000000000003,16.0,0.0,-0.997789220290546,0.0,FALLEN
2.802,16.0,0.0,-0.9944687933422969,0.0,FALLEN
2.8040000000000003,16.0,0.0,-0.9911594160575381,0.0,FALLEN
2.806,16.0,0.0,-0.9878610516653772,0.0,FALLEN
2.8080000000000003,16.0,0.0,-0.9845736635172868,0.0,FALLEN
2.81,16.0,0.0,-0.9812972150866982,0.0,FALLEN
2.8120000000000003,16.0,0.0,-0.9780316699685951,0.0,FALLEN
2.814,16.0,0.0,-0.9747769918791093,0.0,FALLEN
2.816,16.0,0.0,-0.9715331446551172,0.0,FALLEN
2.818,16.0,0.0,-0.9683000922538387,0.0,FALLEN
2.82,16.0,0.0,-0.9650777987524362,0.0,FALLEN
2.822,16.0,0.0,-0.9618662283476151,0.0,FALLEN
2.824,16.0,0.0,-0.9586653453552271,0.0,FALLEN
2.826,16.0,0.0,-0.9554751142098724,0.0,FALLEN
2.828,16.0,0.0,-0.9522954994645056,0.0,FALLEN
2.83,16.0,0.0,-0.9491264657900412,0.0,FALLEN
2.832,16.0,0.0,-0.9459679779749615,0.0,FALLEN
2.834,16.0,0.0,-0.9428200009249246,0.0,FALLEN
2.836,16.0,0.0,-0.9396824996623755,0.0,FALLEN
2.838,16.0,0.0,-0.9365554393261569,0.0,FALLEN
2.84,16.0,0.0,-0.9334387851711217,0.0,FALLEN
2.842,16.0,0.0,-0.9303325025677472,0.0,FALLEN
2.844,16.0,0.0,-0.9272365570017503,0.0,FALLEN
2.846,16.0,0.0,-0.9241509140737041,0.0,FALLEN
2.848,16.0,0.0,-0.9210755394986552,0.0,FALLEN
2.85,16.0,0.0,-0.9180103991057434,0.0,FALLEN
2.852,16.0,0.0,-0.9149554588378219,0.0,FALLEN
2.854,16.0,0.0,-0.9119106847510783,0.0,FALLEN
2.856,16.0,0.0,-0.9088760430146582,0.0,FALLEN
2.858,16.0,0.0,-0.9058514999102888,0.0,FALLEN
2.86,16.0,0.0,-0.9028370218319044,0.0,FALLEN
2.862,16.0,0.0,-0.8998325752852734,0.0,FALLEN
2.864,16.0,0.0,-0.8968381268876252,0.0,FALLEN
2.866,16.0,0.0,-0.8938536433672802,0.0,FALLEN
2.868,16.0,0.0,-0.8908790915632798,0.0,FALLEN
2.87,16.0,0.0,-0.8879144384250177,0.0,FALLEN
2.872,16.0,0.0,-0.884959651011873,0.0,FALLEN
2.874,16.0,0.0,-0.882014696492844,0.0,FALLEN
2.876,16.0,0.0,-0.8790795421461837,0.0,FALLEN
2.878,16.0,0.0,-0.8761541553590356,0.0,FALLEN
2.88,16.0,0.0,-0.8732385036270722,0.0,FALLEN
2.882,16.0,0.0,-0.8703325545541329,0.0,FALLEN
2.884,16.0,0.0,-0.8674362758518649,0.0,FALLEN
2.886,16.0,0.0,-0.8645496353393639,0.0,FALLEN
2.888,16.0,0.0,-0.8616726009428168,0.0,FALLEN
2.89,16.0,0.0,-0.858805140695145,0.0,FALLEN
2.892,16.0,0.0,-0.8559472227356499,0.0,FALLEN
2.894,16.0,0.0,-0.8530988153096578,0.0,FALLEN
2.896,16.0,0.0,-0.850259886768168,0.0,FALLEN
2.898,16.0,0.0,-0.8474304055675009,0.0,FALLEN
2.9,16.0,0.0,-0.8446103402689475,0.0,FALLEN
2.902,16.0,0.0,-0.84179965953842,0.0,FALLEN
2.904,16.0,0.0,-0.8389983321461031,0.0,FALLEN
2.906,16.0,0.0,-0.8362063269661084,0.0,FALLEN
2.908,16.0,0.0,-0.8334236129761274,0.0,FALLEN
2.91,16.0,0.0,-0.8306501592570872,0.0,FALLEN
2.912,16.0,0.0,-0.8278859349928067,0.0,FALLEN
2.914,16.0,0.0,-0.8251309094696545,0.0,FALLEN
2.916,16.0,0.0,-0.8223850520762076,0.0,FALLEN
2.918,16.0,0.0,-0.8196483323029112,0.0,FALLEN
2.92,16.0,0.0,-0.8169207197417397,0.0,FALLEN
2.922,16.0,0.0,-0.8142021840858588,0.0,FALLEN
2.924,16.0,0.0,-0.8114926951292886,0.0,FALLEN
2.926,16.0,0.0,-0.8087922227665685,0.0,FALLEN
2.928,16.0,0.0,-0.8061007369924222,0.0,FALLEN
2.93,16.0,0.0,-0.8034182079014247,0.0,FALLEN
2.932,16.0,0.0,-0.8007446056876694,0.0,FALLEN
2.934,16.0,0.0,-0.7980799006444377,0.0,FALLEN
2.936,16.0,0.0,-0.7954240631638683,0.0,FALLEN
2.938,16.0,0.0,-0.7927770637366284,0.0,FALLEN
2.94,16.0,0.0,-0.7901388729515861,0.0,FALLEN
2.942,16.0,0.0,-0.7875094614954836,0.0,FALLEN
2.944,16.0,0.0,-0.7848888001526106,0.0,FALLEN
2.946,16.0,0.0,-0.7822768598044809,0.0,FALLEN
2.948,16.0,0.0,-0.7796736114295083,0.0,FALLEN
2.95,16.0,0.0,-0.777079026102684,0.0,FALLEN
2.952,16.0,0.0,-0.7744930749952555,0.0,FALLEN
2.954,16.0,0.0,-0.7719157293744062,0.0,FALLEN
2.956,16.0,0.0,-0.7693469606029357,0.0,FALLEN
2.958,16.0,0.0,-0.7667867401389427,0.0,FALLEN
2.96,16.0,0.0,-0.7642350395355065,0.0,FALLEN
2.962,16.0,0.0,-0.7616918304403721,0.0,FALLEN
2.964,16.0,0.0,-0.7591570845956346,0.0,FALLEN
2.966,16.0,0.0,-0.7566307738374249,0.0,FALLEN
2.968,16.0,0.0,-0.7541128700955977,0.0,FALLEN
2.97,16.0,0.0,-0.7516033453934189,0.0,FALLEN
2.972,16.0,0.0,-0.7491021718472546,0.0,FALLEN
2.974,16.0,0.0,-0.7466093216662621,0.0,FALLEN
2.976,16.0,0.0,-0.7441247671520805,0.0,FALLEN
2.978,16.0,0.0,-0.7416484806985227,0.0,FALLEN
2.98,16.0,0.0,-0.7391804347912695,0.0,FALLEN
2.982,16.0,0.0,-0.7367206020075632,0.0,FALLEN
2.984,16.0,0.0,-0.734268955015903,0.0,FALLEN
2.986,16.0,0.0,-0.7318254665757415,0.0,FALLEN
2.988,16.0,0.0,-0.7293901095371823,0.0,FALLEN
2.99,16.0,0.0,-0.7269628568406775,0.0,FALLEN
2.992,16.0,0.0,-0.7245436815167278,0.0,FALLEN
2.994,16.0,0.0,-0.7221325566855823,0.0,FALLEN
2.996,16.0,0.0,-0.7197294555569403,0.0,FALLEN
2.998,16.0,0.0,-0.7173343514296537,0.0,FALLEN
3.0,16.0,0.0,-0.7149472176914297,0.0,FALLEN
3.0020000000000002,16.0,0.0,-0.7125680278185352,0.0,FALLEN
3.004,16.0,0.0,-0.7101967553755032,0.0,FALLEN
3.0060000000000002,16.0,0.0,-0.7078333740148375,0.0,FALLEN
3.008,16.0,0.0,-0.7054778574767208,0.0,FALLEN
3.0100000000000002,16.0,0.0,-0.7031301795887229,0.0,FALLEN
3.012,16.0,0.0,-0.7007903142655099,0.0,FALLEN
3.0140000000000002,16.0,0.0,-0.6984582355085539,0.0,FALLEN
3.016,16.0,0.0,-0.6961339174058451,0.0,FALLEN
3.0180000000000002,16.0,0.0,-0.6938173341316025,0.0,FALLEN
3.02,16.0,0.0,-0.6915084599459883,0.0,FALLEN
3.0220000000000002,16.0,0.0,-0.6892072691948211,0.0,FALLEN
3.024,16.0,0.0,-0.6869137363092911,0.0,FALLEN
3.0260000000000002,16.0,0.0,-0.684627835805676,0.0,FALLEN
3.028,16.0,0.0,-0.6823495422850577,0.0,FALLEN
3.0300000000000002,16.0,0.0,-0.6800788304330405,0.0,FALLEN
3.032,16.0,0.0,-0.6778156750194693,0.0,FALLEN
3.0340000000000003,16.0,0.0,-0.6755600508981494,0.0,FALLEN
3.036,16.0,0.0,-0.6733119330065674,0.0,FALLEN
3.0380000000000003,16.0,0.0,-0.6710712963656126,0.0,FALLEN
3.04,16.0,0.0,-0.6688381160792992,0.0,FALLEN
3.0420000000000003,16.0,0.0,-0.6666123673344899,0.0,FALLEN
3.044,16.0,0.0,-0.6643940254006203,0.0,FALLEN
3.0460000000000003,16.0,0.0,-0.6621830656294239,0.0,FALLEN
3.048,16.0,0.0,-0.659979463454658,0.0,FALLEN
3.0500000000000003,16.0,0.0,-0.6577831943918314,0.0,FALLEN
3.052,16.0,0.0,-0.6555942340379322,0.0,FALLEN
3.0540000000000003,16.0,0.0,-0.6534125580711558,0.0,FALLEN
3.056,16.0,0.0,-0.651238142250636,0.0,FALLEN
3.0580000000000003,16.0,0.0,-0.6490709624161746,0.0,FALLEN
3.06,16.0,0.0,-0.6469109944879731,0.0,FALLEN
3.0620000000000003,16.0,0.0,-0.6447582144663658,0.0,FALLEN
3.064,16.0,0.0,-0.6426125984315527,0.0,FALLEN
3.0660000000000003,16.0,0.0,-0.6404741225433334,0.0,FALLEN
3.068,16.0,0.0,-0.6383427630408425,0.0,FALLEN
3.0700000000000003,16.0,0.0,-0.6362184962422862,0.0,FALLEN
3.072,16.0,0.0,-0.6341012985446779,0.0,FALLEN
3.074,16.0,0.0,-0.6319911464235772,0.0,FALLEN
3.076,16.0,0.0,-0.6298880164328277,0.0,FALLEN
3.078,16.0,0.0,-0.6277918852042964,0.0,FALLEN
3.08,16.0,0.0,-0.6257027294476152,0.0,FALLEN
3.082,16.0,0.0,-0.6236205259499207,0.0,FALLEN
3.084,16.0,0.0,-0.6215452515755969,0.0,FALLEN
3.086,16.0,0.0,-0.6194768832660186,0.0,FALLEN
3.088,16.0,0.0,-0.6174153980392941,0.0,FALLEN
3.09,16.0,0.0,-0.6153607729900109,0.0,FALLEN
3.092,16.0,0.0,-0.6133129852889808,0.0,FALLEN
3.094,16.0,0.0,-0.6112720121829859,0.0,FALLEN
3.096,16.0,0.0,-0.6092378309945262,0.0,FALLEN
3.098,16.0,0.0,-0.6072104191215676,0.0,FALLEN
3.1,16.0,0.0,-0.6051897540372907,0.0,FALLEN
3.102,16.0,0.0,-0.6031758132898406,0.0,FALLEN
3.104,16.0,0.0,-0.601168574502077,0.0,FALLEN
3.106,16.0,0.0,-0.5991680153713259,0.0,FALLEN
3.108,16.0,0.0,-0.5971741136691321,0.0,FALLEN
3.11,16.0,0.0,-0.5951868472410118,0.0,FALLEN
3.112,16.0,0.0,-0.5932061940062063,0.0,FALLEN
3.114,16.0,0.0,-0.5912321319574372,0.0,FALLEN
3.116,16.0,0.0,-0.5892646391606613,0.0,FALLEN
3.118,16.0,0.0,-0.5873036937548273,0.0,FALLEN
3.12,16.0,0.0,-0.5853492739516328,0.0,FALLEN
3.122,16.0,0.0,-0.5834013580352821,0.0,FALLEN
3.124,16.0,0.0,-0.581459924362245,0.0,FALLEN
3.126,16.0,0.0,-0.5795249513610163,0.0,FALLEN
3.128,16.0,0.0,-0.577596417531876,0.0,FALLEN
3.13,16.0,0.0,-0.5756743014466505,0.0,FALLEN
3.132,16.0,0.0,-0.5737585817484748,0.0,FALLEN
3.134,16.0,0.0,-0.5718492371515548,0.0,FALLEN
3.136,16.0,0.0,-0.5699462464409307,0.0,FALLEN
3.138,16.0,0.0,-0.5680495884722417,0.0,FALLEN
3.14,16.0,0.0,-0.5661592421714912,0.0,FALLEN
3.142,16.0,0.0,-0.5642751865348116,0.0,FALLEN
3.144,16.0,0.0,-0.5623974006282321,0.0,FALLEN
3.146,16.0,0.0,-0.5605258635874456,0.0,FALLEN
3.148,16.0,0.0,-0.5586605546175767,0.0,FALLEN
3.15,16.0,0.0,-0.5568014529929511,0.0,FALLEN
3.152,16.0,0.0,-0.5549485380568651,0.0,FALLEN
3.154,16.0,0.0,-0.5531017892213556,0.0,FALLEN
3.156,16.0,0.0,-0.5512611859669722,0.0,FALLEN
3.158,16.0,0.0,-0.5494267078425488,0.0,FALLEN
3.16,16.0,0.0,-0.5475983344649761,0.0,FALLEN
3.162,16.0,0.0,-0.5457760455189756,0.0,FALLEN
3.164,16.0,0.0,-0.5439598207568737,0.0,FALLEN
3.166,16.0,0.0,-0.5421496399983765,0.0,FALLEN
3.168,16.0,0.0,-0.5403454831303457,0.0,FALLEN
3.17,16.0,0.0,-0.5385473301065756,0.0,FALLEN
3.172,16.0,0.0,-0.5367551609475695,0.0,FALLEN
3.174,16.0,0.0,-0.5349689557403182,0.0,FALLEN
3.176,16.0,0.0,-0.533188694638079,0.0,FALLEN
3.178,16.0,0.0,-0.5314143578601547,0.0,FALLEN
3.18,16.0,0.0,-0.5296459256916737,0.0,FALLEN
3.182,16.0,0.0,-0.5278833784833716,0.0,FALLEN
3.184,16.0,0.0,-0.5261266966513725,0.0,FALLEN
3.186,16.0,0.0,-0.5243758606769712,0.0,FALLEN
3.188,16.0,0.0,-0.5226308511064166,0.0,FALLEN
3.19,16.0,0.0,-0.5208916485506957,0.0,FALLEN
3.192,16.0,0.0,-0.5191582336853175,0.0,FALLEN
3.194,16.0,0.0,-0.5174305872500993,0.0,FALLEN
3.196,16.0,0.0,-0.5157086900489517,0.0,FALLEN
3.198,16.0,0.0,-0.5139925229496657,0.0,FALLEN
3.2,16.0,0.0,-0.5122820668837006,0.0,FALLEN
3.202,16.0,0.0,-0.5105773028459711,0.0,FALLEN
3.204,16.0,0.0,-0.5088782118946372,0.0,FALLEN
3.206,16.0,0.0,-0.5071847751508931,0.0,FALLEN
3.208,16.0,0.0,-0.5054969737987576,0.0,FALLEN
3.21,16.0,0.0,-0.5038147890848647,0.0,FALLEN
3.212,16.0,0.0,-0.5021382023182561,0.0,FALLEN
3.214,16.0,0.0,-0.5004671948701727,0.0,FALLEN
3.216,16.0,0.0,-0.49880174817384765,0.0,FALLEN
3.218,16.0,0.0,-0.49714184372430076,0.0,FALLEN
3.22,16.0,0.0,-0.495487463078132,0.0,FALLEN
3.222,16.0,0.0,-0.4938385878533173,0.0,FALLEN
3.224,16.0,0.0,-0.4921951997290039,0.0,FALLEN
3.226,16.0,0.0,-0.4905572804453067,0.0,FALLEN
3.228,16.0,0.0,-0.4889248118031058,0.0,FALLEN
3.23,16.0,0.0,-0.4872977756638439,0.0,FALLEN
3.232,16.0,0.0,-0.4856761539493249,0.0,FALLEN
3.234,16.0,0.0,-0.48405992864151315,0.0,FALLEN
3.236,16.0,0.0,-0.482449081782333,0.0,FALLEN
3.238,16.0,0.0,-0.48084359547346944,0.0,FALLEN
3.24,16.0,0.0,-0.47924345187616924,0.0,FALLEN
3.242,16.0,0.0,-0.47764863321104256,0.0,FALLEN
3.244,16.0,0.0,-0.47605912175786563,0.0,FALLEN
3.246,16.0,0.0,-0.47447489985538366,0.0,FALLEN
3.248,16.0,0.0,-0.47289594990111494,0.0,FALLEN
3.25,16.0,0.0,-0.47132225435115466,0.0,FALLEN
3.2520000000000002,16.0,0.0,-0.4697537957199806,0.0,FALLEN
3.254,16.0,0.0,-0.46819055658025854,0.0,FALLEN
3.2560000000000002,16.0,0.0,-0.46663251956264856,0.0,FALLEN
3.258,16.0,0.0,-0.46507966735561224,0.0,FALLEN
3.2600000000000002,16.0,0.0,-0.4635319827052202,0.0,FALLEN
3.262,16.0,0.0,-0.4619894484149604,0.0,FALLEN
3.2640000000000002,16.0,0.0,-0.46045204734554707,0.0,FALLEN
3.266,16.0,0.0,-0.45891976241473026,0.0,FALLEN
3.2680000000000002,16.0,0.0,-0.4573925765971061,0.0,FALLEN
3.27,16.0,0.0,-0.4558704729239276,0.0,FALLEN
3.2720000000000002,16.0,0.0,-0.4543534344829161,0.0,FALLEN
3.274,16.0,0.0,-0.45284144441807317,0.0,FALLEN
3.2760000000000002,16.0,0.0,-0.45133448592949377,0.0,FALLEN
3.278,16.0,0.0,-0.4498325422731792,0.0,FALLEN
3.2800000000000002,16.0,0.0,-0.44833559676085105,0.0,FALLEN
3.282,16.0,0.0,-0.44684363275976613,0.0,FALLEN
3.2840000000000003,16.0,0.0,-0.44535663369253126,0.0,FALLEN
3.286,16.0,0.0,-0.44387458303691923,0.0,FALLEN
3.2880000000000003,16.0,0.0,-0.44239746432568533,0.0,FALLEN
3.29,16.0,0.0,-0.44092526114638425,0.0,FALLEN
3.2920000000000003,16.0,0.0,-0.4394579571411877,0.0,FALLEN
3.294,16.0,0.0,-0.43799553600670277,0.0,FALLEN
3.2960000000000003,16.0,0.0,-0.4365379814937907,0.0,FALLEN
3.298,16.0,0.0,-0.43508527740738634,0.0,FALLEN
3.3000000000000003,16.0,0.0,-0.4336374076063183,0.0,FALLEN
3.302,16.0,0.0,-0.43219435600312933,0.0,FALLEN
3.3040000000000003,16.0,0.0,-0.43075610656389796,0.0,FALLEN
3.306,16.0,0.0,-0.4293226433080601,0.0,FALLEN
3.3080000000000003,16.0,0.0,-0.42789395030823135,0.0,FALLEN
3.31,16.0,0.0,-0.42647001169003046,0.0,FALLEN
3.3120000000000003,16.0,0.0,-0.4250508116319026,0.0,FALLEN
3.314,16.0,0.0,-0.4236363343649436,0.0,FALLEN
3.3160000000000003,16.0,0.0,-0.4222265641727248,0.0,FALLEN
3.318,16.0,0.0,-0.42082148539111847,0.0,FALLEN
3.3200000000000003,16.0,0.0,-0.41942108240812365,0.0,FALLEN
3.322,16.0,0.0,-0.41802533966369293,0.0,FALLEN
3.3240000000000003,16.0,0.0,-0.4166342416495591,0.0,FALLEN
3.326,16.0,0.0,-0.41524777290906323,0.0,FALLEN
3.3280000000000003,16.0,0.0,-0.4138659180369829,0.0,FALLEN
3.33,16.0,0.0,-0.41248866167936094,0.0,FALLEN
3.332,16.0,0.0,-0.4111159885333346,0.0,FALLEN
3.334,16.0,0.0,-0.409747883346966,0.0,FALLEN
3.336,16.0,0.0,-0.4083843309190723,0.0,FALLEN
3.338,16.0,0.0,-0.40702531609905696,0.0,FALLEN
3.34,16.0,0.0,-0.4056708237867413,0.0,FALLEN
3.342,16.0,0.0,-0.4043208389321969,0.0,FALLEN
3.344,16.0,0.0,-0.40297534653557804,0.0,FALLEN
3.346,16.0,0.0,-0.40163433164695544,0.0,FALLEN
3.348,16.0,0.0,-0.40029777936614985,0.0,FALLEN
3.35,16.0,0.0,-0.39896567484256656,0.0,FALLEN
3.352,16.0,0.0,-0.3976380032750305,0.0,FALLEN
3.354,16.0,0.0,-0.39631474991162186,0.0,FALLEN
3.356,16.0,0.0,-0.3949959000495117,0.0,FALLEN
3.358,16.0,0.0,-0.39368143903479924,0.0,FALLEN
3.36,16.0,0.0,-0.39237135226234837,0.0,FALLEN
3.362,16.0,0.0,-0.3910656251756261,0.0,FALLEN
3.364,16.0,0.0,-0.3897642432665402,0.0,FALLEN
3.366,16.0,0.0,-0.3884671920752783,0.0,FALLEN
3.368,16.0,0.0,-0.3871744571901471,0.0,FALLEN
3.37,16.0,0.0,-0.38588602424741236,0.0,FALLEN
3.372,16.0,0.0,-0.38460187893113934,0.0,FALLEN
3.374,16.0,0.0,-0.3833220069730334,0.0,FALLEN
3.376,16.0,0.0,-0.382046394152282,0.0,FALLEN
3.378,16.0,0.0,-0.3807750262953961,0.0,FALLEN
3.38,16.0,0.0,-0.37950788927605317,0.0,FALLEN
3.382,16.0,0.0,-0.37824496901493987,0.0,FALLEN
3.384,16.0,0.0,-0.37698625147959597,0.0,FALLEN
3.386,16.0,0.0,-0.37573172268425803,0.0,FALLEN
3.388,16.0,0.0,-0.37448136868970433,0.0,FALLEN
3.39,16.0,0.0,-0.37323517560309993,0.0,FALLEN
3.392,16.0,0.0,-0.371993129577842,0.0,FALLEN
3.394,16.0,0.0,-0.3707552168134065,0.0,FALLEN
3.396,16.0,0.0,-0.3695214235551944,0.0,FALLEN
3.398,16.0,0.0,-0.368291736094379,0.0,FALLEN
3.4,16.0,0.0,-0.3670661407677536,0.0,FALLEN
3.402,16.0,0.0,-0.3658446239575799,0.0,FALLEN
3.404,16.0,0.0,-0.36462717209143614,0.0,FALLEN
3.406,16.0,0.0,-0.36341377164206695,0.0,FALLEN
3.408,16.0,0.0,-0.3622044091272326,0.0,FALLEN
3.41,16.0,0.0,-0.36099907110955937,0.0,FALLEN
3.412,16.0,0.0,-0.3597977441963902,0.0,FALLEN
3.414,16.0,0.0,-0.35860041503963597,0.0,FALLEN
3.416,16.0,0.0,-0.357407070335627,0.0,FALLEN
3.418,16.0,0.0,-0.35621769682496546,0.0,FALLEN
3.42,16.0,0.0,-0.3550322812923779,0.0,FALLEN
3.422,16.0,0.0,-0.3538508105665684,0.0,FALLEN
3.424,16.0,0.0,-0.35267327152007233,0.0,FALLEN
3.426,16.0,0.0,-0.35149965106911035,0.0,FALLEN
3.428,16.0,0.0,-0.3503299361734431,0.0,FALLEN
3.43,16.0,0.0,-0.3491641138362265,0.0,FALLEN
3.432,16.0,0.0,-0.3480021711038669,0.0,FALLEN
3.434,16.0,0.0,-0.3468440950658776,0.0,FALLEN
3.436,16.0,0.0,-0.3456898728547352,0.0,FALLEN
3.438,16.0,0.0,-0.3445394916457365,0.0,FALLEN
3.44,16.0,0.0,-0.34339293865685633,0.0,FALLEN
3.442,16.0,0.0,-0.34225020114860516,0.0,FALLEN
3.444,16.0,0.0,-0.34111126642388784,0.0,FALLEN
3.446,16.0,0.0,-0.33997612182786235,0.0,FALLEN
3.448,16.0,0.0,-0.33884475474779935,0.0,FALLEN
3.45,16.0,0.0,-0.3377171526129417,0.0,FALLEN
3.452,16.0,0.0,-0.33659330289436545,0.0,FALLEN
3.454,16.0,0.0,-0.3354731931048398,0.0,FALLEN
3.456,16.0,0.0,-0.33435681079868884,0.0,FALLEN
3.458,16.0,0.0,-0.33324414357165333,0.0,FALLEN
3.46,16.0,0.0,-0.33213517906075257,0.0,FALLEN
3.462,16.0,0.0,-0.3310299049441473,0.0,FALLEN
3.464,16.0,0.0,-0.3299283089410026,0.0,FALLEN
3.466,16.0,0.0,-0.32883037881135163,0.0,FALLEN
3.468,16.0,0.0,-0.3277361023559593,0.0,FALLEN
3.47,16.0,0.0,-0.3266454674161872,0.0,FALLEN
3.472,16.0,0.0,-0.325558461873858,0.0,FALLEN
3.474,16.0,0.0,-0.3244750736511212,0.0,FALLEN
3.476,16.0,0.0,-0.3233952907103188,0.0,FALLEN
3.478,16.0,0.0,-0.32231910105385136,0.0,FALLEN
3.48,16.0,0.0,-0.32124649272404504,0.0,FALLEN
3.482,16.0,0.0,-0.3201774538030184,0.0,FALLEN
3.484,16.0,0.0,-0.31911197241255024,0.0,FALLEN
3.486,16.0,0.0,-0.31805003671394744,0.0,FALLEN
3.488,16.0,0.0,-0.3169916349079136,0.0,FALLEN
3.49,16.0,0.0,-0.3159367552344177,0.0,FALLEN
3.492,16.0,0.0,-0.31488538597256377,0.0,FALLEN
3.494,16.0,0.0,-0.3138375154404601,0.0,FALLEN
3.496,16.0,0.0,-0.3127931319950901,0.0,FALLEN
3.498,16.0,0.0,-0.31175222403218256,0.0,FALLEN
3.5,16.0,0.0,-0.3107147799860827,0.0,FALLEN
3.5020000000000002,16.0,0.0,-0.30968078832962376,0.0,FALLEN
3.504,16.0,0.0,-0.3086502375739989,0.0,FALLEN
3.5060000000000002,16.0,0.0,-0.30762311626863365,0.0,FALLEN
3.508,16.0,0.0,-0.3065994130010585,0.0,FALLEN
3.5100000000000002,16.0,0.0,-0.305579116396782,0.0,FALLEN
3.512,16.0,0.0,-0.30456221511916487,0.0,FALLEN
3.5140000000000002,16.0,0.0,-0.30354869786929356,0.0,FALLEN
3.516,16.0,0.0,-0.30253855338585484,0.0,FALLEN
3.5180000000000002,16.0,0.0,-0.3015317704450106,0.0,FALLEN
3.52,16.0,0.0,-0.30052833786027355,0.0,FALLEN
3.5220000000000002,16.0,0.0,-0.2995282444823824,0.0,FALLEN
3.524,16.0,0.0,-0.29853147919917816,0.0,FALLEN
3.5260000000000002,16.0,0.0,-0.29753803093548076,0.0,FALLEN
3.528,16.0,0.0,-0.29654788865296594,0.0,FALLEN
3.5300000000000002,16.0,0.0,-0.29556104135004263,0.0,FALLEN
3.532,16.0,0.0,-0.29457747806173057,0.0,FALLEN
3.5340000000000003,16.0,0.0,-0.29359718785953876,0.0,FALLEN
3.536,16.0,0.0,-0.2926201598513437,0.0,FALLEN
3.5380000000000003,16.0,0.0,-0.29164638318126856,0.0,FALLEN
3.54,16.0,0.0,-0.2906758470295626,0.0,FALLEN
3.5420000000000003,16.0,0.0,-0.2897085406124808,0.0,FALLEN
3.544,16.0,0.0,-0.28874445318216413,0.0,FALLEN
3.5460000000000003,16.0,0.0,-0.28778357402652005,0.0,FALLEN
3.548,16.0,0.0,-0.28682589246910367,0.0,FALLEN
3.5500000000000003,16.0,0.0,-0.28587139786899896,0.0,FALLEN
3.552,16.0,0.0,-0.2849200796207005,0.0,FALLEN
3.5540000000000003,16.0,0.0,-0.2839719271539958,0.0,FALLEN
3.556,16.0,0.0,-0.2830269299338476,0.0,FALLEN
3.5580000000000003,16.0,0.0,-0.28208507746027717,0.0,FALLEN
3.56,16.0,0.0,-0.28114635926824727,0.0,FALLEN
3.5620000000000003,16.0,0.0,-0.28021076492754615,0.0,FALLEN
3.564,16.0,0.0,-0.27927828404267147,0.0,FALLEN
3.5660000000000003,16.0,0.0,-0.27834890625271497,0.0,FALLEN
3.568,16.0,0.0,-0.27742262123124717,0.0,FALLEN
3.5700000000000003,16.0,0.0,-0.2764994186862027,0.0,FALLEN
3.572,16.0,0.0,-0.2755792883597661,0.0,FALLEN
3.5740000000000003,16.0,0.0,-0.27466222002825746,0.0,FALLEN
3.576,16.0,0.0,-0.2737482035020194,0.0,FALLEN
3.5780000000000003,16.0,0.0,-0.27283722862530324,0.0,FALLEN
3.58,16.0,0.0,-0.27192928527615656,0.0,FALLEN
3.5820000000000003,16.0,0.0,-0.27102436336631053,0.0,FALLEN
3.584,16.0,0.0,-0.270122452841068,0.0,FALLEN
3.586,16.0,0.0,-0.26922354367919166,0.0,FALLEN
3.588,16.0,0.0,-0.26832762589279263,0.0,FALLEN
3.59,16.0,0.0,-0.26743468952721966,0.0,FALLEN
3.592,16.0,0.0,-0.2665447246609483,0.0,FALLEN
3.594,16.0,0.0,-0.265657721405471,0.0,FALLEN
3.596,16.0,0.0,-0.2647736699051869,0.0,FALLEN
3.598,16.0,0.0,-0.26389256033729236,0.0,FALLEN
3.6,16.0,0.0,-0.2630143829116721,0.0,FALLEN
3.602,16.0,0.0,-0.2621391278707901,0.0,FALLEN
3.604,16.0,0.0,-0.2612667854895813,0.0,FALLEN
3.606,16.0,0.0,-0.2603973460753437,0.0,FALLEN
3.608,16.0,0.0,-0.25953079996763034,0.0,FALLEN
3.61,16.0,0.0,-0.25866713753814224,0.0,FALLEN
3.612,16.0,0.0,-0.2578063491906213,0.0,FALLEN
3.614,16.0,0.0,-0.2569484253607437,0.0,FALLEN
3.616,16.0,0.0,-0.25609335651601356,0.0,FALLEN
3.618,16.0,0.0,-0.2552411331556572,0.0,FALLEN
3.62,16.0,0.0,-0.25439174581051743,0.0,FALLEN
3.622,16.0,0.0,-0.25354518504294826,0.0,FALLEN
3.624,16.0,0.0,-0.2527014414467103,0.0,FALLEN
3.626,16.0,0.0,-0.25186050564686596,0.0,FALLEN
3.628,16.0,0.0,-0.25102236829967556,0.0,FALLEN
3.63,16.0,0.0,-0.2501870200924932,0.0,FALLEN
3.632,16.0,0.0,-0.24935445174366364,0.0,FALLEN
3.634,16.0,0.0,-0.24852465400241877,0.0,FALLEN
3.636,16.0,0.0,-0.24769761764877524,0.0,FALLEN
3.638,16.0,0.0,-0.24687333349343166,0.0,FALLEN
3.64,16.0,0.0,-0.24605179237766675,0.0,FALLEN
3.642,16.0,0.0,-0.2452329851732374,0.0,FALLEN
3.644,16.0,0.0,-0.24441690278227743,0.0,FALLEN
3.646,16.0,0.0,-0.24360353613719626,0.0,FALLEN
3.648,16.0,0.0,-0.2427928762005784,0.0,FALLEN
3.65,16.0,0.0,-0.24198491396508282,0.0,FALLEN
3.652,16.0,0.0,-0.24117964045334309,0.0,FALLEN
3.654,16.0,0.0,-0.24037704671786744,0.0,FALLEN
3.656,16.0,0.0,-0.23957712384093943,0.0,FALLEN
3.658,16.0,0.0,-0.2387798629345189,0.0,FALLEN
3.66,16.0,0.0,-0.23798525514014307,0.0,FALLEN
3.662,16.0,0.0,-0.23719329162882835,0.0,FALLEN
3.664,16.0,0.0,-0.23640396360097196,0.0,FALLEN
3.666,16.0,0.0,-0.23561726228625443,0.0,FALLEN
3.668,16.0,0.0,-0.2348331789435419,0.0,FALLEN
3.67,16.0,0.0,-0.23405170486078913,0.0,FALLEN
3.672,16.0,0.0,-0.23327283135494273,0.0,FALLEN
3.674,16.0,0.0,-0.2324965497718447,0.0,FALLEN
3.676,16.0,0.0,-0.23172285148613603,0.0,FALLEN
3.678,16.0,0.0,-0.2309517279011612,0.0,FALLEN
3.68,16.0,0.0,-0.23018317044887243,0.0,FALLEN
3.682,16.0,0.0,-0.22941717058973454,0.0,FALLEN
3.684,16.0,0.0,-0.2286537198126301,0.0,FALLEN
3.686,16.0,0.0,-0.2278928096347649,0.0,FALLEN
3.688,16.0,0.0,-0.22713443160157354,0.0,FALLEN
3.69,16.0,0.0,-0.2263785772866256,0.0,FALLEN
3.692,16.0,0.0,-0.2256252382915321,0.0,FALLEN
3.694,16.0,0.0,-0.22487440624585195,0.0,FALLEN
3.696,16.0,0.0,-0.22412607280699917,0.0,FALLEN
3.698,16.0,0.0,-0.2233802296601501,0.0,FALLEN
3.7,16.0,0.0,-0.22263686851815093,0.0,FALLEN
3.702,16.0,0.0,-0.22189598112142578,0.0,FALLEN
3.704,16.0,0.0,-0.22115755923788485,0.0,FALLEN
3.706,16.0,0.0,-0.22042159466283298,0.0,FALLEN
3.708,16.0,0.0,-0.2196880792188784,0.0,FALLEN
3.71,16.0,0.0,-0.21895700475584193,0.0,FALLEN
3.712,16.0,0.0,-0.21822836315066654,0.0,FALLEN
3.714,16.0,0.0,-0.21750214630732687,0.0,FALLEN
3.716,16.0,0.0,-0.21677834615673935,0.0,FALLEN
3.718,16.0,0.0,-0.21605695465667274,0.0,FALLEN
3.72,16.0,0.0,-0.21533796379165843,0.0,FALLEN
3.722,16.0,0.0,-0.21462136557290165,0.0,FALLEN
3.724,16.0,0.0,-0.2139071520381926,0.0,FALLEN
3.726,16.0,0.0,-0.21319531525181798,0.0,FALLEN
3.728,16.0,0.0,-0.21248584730447287,0.0,FALLEN
3.73,16.0,0.0,-0.2117787403131728,0.0,FALLEN
3.732,16.0,0.0,-0.21107398642116607,0.0,FALLEN
3.734,16.0,0.0,-0.21037157779784665,0.0,FALLEN
3.736,16.0,0.0,-0.2096715066386671,0.0,FALLEN
3.738,16.0,0.0,-0.20897376516505176,0.0,FALLEN
3.74,16.0,0.0,-0.20827834562431038,0.0,FALLEN
3.742,16.0,0.0,-0.2075852402895521,0.0,FALLEN
3.744,16.0,0.0,-0.20689444145959934,0.0,FALLEN
3.746,16.0,0.0,-0.20620594145890242,0.0,FALLEN
3.748,16.0,0.0,-0.20551973263745427,0.0,FALLEN
3.75,16.0,0.0,-0.2048358073707054,0.0,FALLEN
3.7520000000000002,16.0,0.0,-0.20415415805947912,0.0,FALLEN
3.754,16.0,0.0,-0.20347477712988715,0.0,FALLEN
3.7560000000000002,16.0,0.0,-0.2027976570332456,0.0,FALLEN
3.758,16.0,0.0,-0.20212279024599075,0.0,FALLEN
3.7600000000000002,16.0,0.0,-0.20145016926959589,0.0,FALLEN
3.762,16.0,0.0,-0.20077978663048768,0.0,FALLEN
3.7640000000000002,16.0,0.0,-0.2001116348799632,0.0,FALLEN
3.766,16.0,0.0,-0.19944570659410726,0.0,FALLEN
3.7680000000000002,16.0,0.0,-0.19878199437370983,0.0,FALLEN
3.77,16.0,0.0,-0.19812049084418382,0.0,FALLEN
3.7720000000000002,16.0,0.0,-0.19746118865548326,0.0,FALLEN
3.774,16.0,0.0,-0.1968040804820215,0.0,FALLEN
3.7760000000000002,16.0,0.0,-0.19614915902258978,0.0,FALLEN
3.778,16.0,0.0,-0.19549641700027634,0.0,FALLEN
3.7800000000000002,16.0,0.0,-0.1948458471623853,0.0,FALLEN
3.782,16.0,0.0,-0.19419744228035615,0.0,FALLEN
3.7840000000000003,16.0,0.0,-0.19355119514968364,0.0,FALLEN
3.786,16.0,0.0,-0.19290709858983734,0.0,FALLEN
3.7880000000000003,16.0,0.0,-0.19226514544418227,0.0,FALLEN
3.79,16.0,0.0,-0.19162532857989903,0.0,FALLEN
3.7920000000000003,16.0,0.0,-0.19098764088790482,0.0,FALLEN
3.794,16.0,0.0,-0.19035207528277423,0.0,FALLEN
3.7960000000000003,16.0,0.0,-0.1897186247026607,0.0,FALLEN
3.798,16.0,0.0,-0.18908728210921794,0.0,FALLEN
3.8000000000000003,16.0,0.0,-0.1884580404875217,0.0,FALLEN
3.802,16.0,0.0,-0.187830892845992,0.0,FALLEN
3.8040000000000003,16.0,0.0,-0.1872058322163152,0.0,FALLEN
3.806,16.0,0.0,-0.1865828516533668,0.0,FALLEN
3.8080000000000003,16.0,0.0,-0.1859619442351341,0.0,FALLEN
3.81,16.0,0.0,-0.18534310306263943,0.0,FALLEN
3.8120000000000003,16.0,0.0,-0.18472632125986338,0.0,FALLEN
3.814,16.0,0.0,-0.1841115919736685,0.0,FALLEN
3.8160000000000003,16.0,0.0,-0.183498908373723,0.0,FALLEN
3.818,16.0,0.0,-0.18288826365242505,0.0,FALLEN
3.8200000000000003,16.0,0.0,-0.18227965102482704,0.0,FALLEN
3.822,16.0,0.0,-0.18167306372856015,0.0,FALLEN
3.8240000000000003,16.0,0.0,-0.18106849502375932,0.0,FALLEN
3.826,16.0,0.0,-0.18046593819298826,0.0,FALLEN
3.8280000000000003,16.0,0.0,-0.17986538654116485,0.0,FALLEN
3.83,16.0,0.0,-0.17926683339548682,0.0,FALLEN
3.8320000000000003,16.0,0.0,-0.1786702721053575,0.0,FALLEN
3.834,16.0,0.0,-0.17807569604231194,0.0,FALLEN
3.8360000000000003,16.0,0.0,-0.17748309859994335,0.0,FALLEN
3.838,16.0,0.0,-0.1768924731938296,0.0,FALLEN
3.84,16.0,0.0,-0.17630381326146013,0.0,FALLEN
3.842,16.0,0.0,-0.17571711226216294,0.0,FALLEN
3.844,16.0,0.0,-0.17513236367703197,0.0,FALLEN
3.846,16.0,0.0,-0.1745495610088548,0.0,FALLEN
3.848,16.0,0.0,-0.1739686977820401,0.0,FALLEN
3.85,16.0,0.0,-0.17338976754254615,0.0,FALLEN
3.852,16.0,0.0,-0.17281276385780872,0.0,FALLEN
3.854,16.0,0.0,-0.17223768031666986,0.0,FALLEN
3.856,16.0,0.0,-0.1716645105293065,0.0,FALLEN
3.858,16.0,0.0,-0.17109324812715954,0.0,FALLEN
3.86,16.0,0.0,-0.17052388676286312,0.0,FALLEN
3.862,16.0,0.0,-0.16995642011017395,0.0,FALLEN
3.864,16.0,0.0,-0.16939084186390121,0.0,FALLEN
3.866,16.0,0.0,-0.16882714573983634,0.0,FALLEN
3.868,16.0,0.0,-0.16826532547468326,0.0,FALLEN
3.87,16.0,0.0,-0.16770537482598874,0.0,FALLEN
3.872,16.0,0.0,-0.16714728757207323,0.0,FALLEN
3.874,16.0,0.0,-0.1665910575119615,0.0,FALLEN
3.876,16.0,0.0,-0.16603667846531375,0.0,FALLEN
3.878,16.0,0.0,-0.1654841442723572,0.0,FALLEN
3.88,16.0,0.0,-0.16493344879381724,0.0,FALLEN
3.882,16.0,0.0,-0.16438458591084965,0.0,FALLEN
3.884,16.0,0.0,-0.16383754952497226,0.0,FALLEN
3.886,16.0,0.0,-0.16329233355799738,0.0,FALLEN
3.888,16.0,0.0,-0.16274893195196422,0.0,FALLEN
3.89,16.0,0.0,-0.16220733866907155,0.0,FALLEN
3.892,16.0,0.0,-0.16166754769161068,0.0,FALLEN
3.894,16.0,0.0,-0.16112955302189852,0.0,FALLEN
3.896,16.0,0.0,-0.16059334868221092,0.0,FALLEN
3.898,16.0,0.0,-0.16005892871471647,0.0,FALLEN
3.9,16.0,0.0,-0.15952628718141,0.0,FALLEN
3.902,16.0,0.0,-0.15899541816404675,0.0,FALLEN
3.904,16.0,0.0,-0.15846631576407663,0.0,FALLEN
3.906,16.0,0.0,-0.15793897410257865,0.0,FALLEN
3.908,16.0,0.0,-0.15741338732019555,0.0,FALLEN
3.91,16.0,0.0,-0.15688954957706885,0.0,FALLEN
3.912,16.0,0.0,-0.15636745505277377,0.0,FALLEN
3.914,16.0,0.0,-0.15584709794625465,0.0,FALLEN
3.916,16.0,0.0,-0.1553284724757605,0.0,FALLEN
3.918,16.0,0.0,-0.1548115728787808,0.0,FALLEN
3.92,16.0,0.0,-0.15429639341198134,0.0,FALLEN
3.922,16.0,0.0,-0.15378292835114055,0.0,FALLEN
3.924,16.0,0.0,-0.15327117199108575,0.0,FALLEN
3.926,16.0,0.0,-0.15276111864562997,0.0,FALLEN
3.928,16.0,0.0,-0.1522527626475085,0.0,FALLEN
3.93,16.0,0.0,-0.15174609834831618,0.0,FALLEN
3.932,16.0,0.0,-0.15124112011844446,0.0,FALLEN
3.934,16.0,0.0,-0.1507378223470189,0.0,FALLEN
3.936,16.0,0.0,-0.1502361994418369,0.0,FALLEN
3.938,16.0,0.0,-0.14973624582930542,0.0,FALLEN
3.94,16.0,0.0,-0.14923795595437922,0.0,FALLEN
3.942,16.0,0.0,-0.14874132428049902,0.0,FALLEN
3.944,16.0,0.0,-0.14824634528952993,0.0,FALLEN
3.946,16.0,0.0,-0.14775301348170036,0.0,FALLEN
3.948,16.0,0.0,-0.14726132337554065,0.0,FALLEN
3.95,16.0,0.0,-0.14677126950782238,0.0,FALLEN
3.952,16.0,0.0,-0.14628284643349754,0.0,FALLEN
3.954,16.0,0.0,-0.145796048725638,0.0,FALLEN
3.956,16.0,0.0,-0.1453108709753754,0.0,FALLEN
3.958,16.0,0.0,-0.1448273077918408,0.0,FALLEN
3.96,16.0,0.0,-0.144345353802105,0.0,FALLEN
3.962,16.0,0.0,-0.1438650036511187,0.0,FALLEN
3.964,16.0,0.0,-0.14338625200165306,0.0,FALLEN
3.966,16.0,0.0,-0.1429090935342404,0.0,FALLEN
3.968,16.0,0.0,-0.142433522947115,0.0,FALLEN
3.97,16.0,0.0,-0.1419595349561544,0.0,FALLEN
3.972,16.0,0.0,-0.14148712429482047,0.0,FALLEN
3.974,16.0,0.0,-0.14101628571410096,0.0,FALLEN
3.976,16.0,0.0,-0.1405470139824513,0.0,FALLEN
3.978,16.0,0.0,-0.1400793038857363,0.0,FALLEN
3.98,16.0,0.0,-0.1396131502271723,0.0,FALLEN
3.982,16.0,0.0,-0.13914854782726938,0.0,FALLEN
3.984,16.0,0.0,-0.13868549152377385,0.0,FALLEN
3.986,16.0,0.0,-0.13822397617161097,0.0,FALLEN
3.988,16.0,0.0,-0.13776399664282762,0.0,FALLEN
3.99,16.0,0.0,-0.1373055478265354,0.0,FALLEN
3.992,16.0,0.0,-0.13684862462885383,0.0,FALLEN
3.994,16.0,0.0,-0.13639322197285383,0.0,FALLEN
3.996,16.0,0.0,-0.1359393347985012,0.0,FALLEN
3.998,16.0,0.0,-0.13548695806260042,0.0,FALLEN
4.0,16.0,0.0,-0.13503608673873868,0.0,FALLEN
4.002,16.0,0.0,-0.13458671581722997,0.0,FALLEN
4.0040000000000004,16.0,0.0,-0.13413884030505943,0.0,FALLEN
4.006,16.0,0.0,-0.13369245522582784,0.0,FALLEN
4.008,16.0,0.0,-0.13324755561969645,0.0,FALLEN
4.01,16.0,0.0,-0.13280413654333167,0.0,FALLEN
4.0120000000000005,16.0,0.0,-0.13236219306985034,0.0,FALLEN
4.014,16.0,0.0,-0.13192172028876487,0.0,FALLEN
4.016,16.0,0.0,-0.1314827133059287,0.0,FALLEN
4.018,16.0,0.0,-0.13104516724348195,0.0,FALLEN
4.0200000000000005,16.0,0.0,-0.13060907723979723,0.0,FALLEN
4.022,16.0,0.0,-0.13017443844942558,0.0,FALLEN
4.024,16.0,0.0,-0.12974124604304257,0.0,FALLEN
4.026,16.0,0.0,-0.12930949520739482,0.0,FALLEN
4.0280000000000005,16.0,0.0,-0.1288791811452464,0.0,FALLEN
4.03,16.0,0.0,-0.1284502990753255,0.0,FALLEN
4.032,16.0,0.0,-0.12802284423227142,0.0,FALLEN
4.034,16.0,0.0,-0.12759681186658142,0.0,FALLEN
4.0360000000000005,16.0,0.0,-0.12717219724455825,0.0,FALLEN
4.038,16.0,0.0,-0.12674899564825726,0.0,FALLEN
4.04,16.0,0.0,-0.12632720237543413,0.0,FALLEN
4.042,16.0,0.0,-0.12590681273949259,0.0,FALLEN
4.0440000000000005,16.0,0.0,-0.1254878220694324,0.0,FALLEN
4.046,16.0,0.0,-0.12507022570979737,0.0,FALLEN
4.048,16.0,0.0,-0.12465401902062356,0.0,FALLEN
4.05,16.0,0.0,-0.12423919737738803,0.0,FALLEN
4.0520000000000005,16.0,0.0,-0.12382575617095708,0.0,FALLEN
4.054,16.0,0.0,-0.12341369080753528,0.0,FALLEN
4.056,16.0,0.0,-0.12300299670861436,0.0,FALLEN
4.058,16.0,0.0,-0.12259366931092235,0.0,FALLEN
4.0600000000000005,16.0,0.0,-0.1221857040663728,0.0,FALLEN
4.062,16.0,0.0,-0.12177909644201437,0.0,FALLEN
4.064,16.0,0.0,-0.12137384191998041,0.0,FALLEN
4.066,16.0,0.0,-0.12096993599743869,0.0,FALLEN
4.0680000000000005,16.0,0.0,-0.12056737418654148,0.0,FALLEN
4.07,16.0,0.0,-0.12016615201437565,0.0,FALLEN
4.072,16.0,0.0,-0.1197662650229129,0.0,FALLEN
4.074,16.0,0.0,-0.11936770876896037,0.0,FALLEN
4.0760000000000005,16.0,0.0,-0.1189704788241111,0.0,FALLEN
4.078,16.0,0.0,-0.11857457077469497,0.0,FALLEN
4.08,16.0,0.0,-0.11817998022172956,0.0,FALLEN
4.082,16.0,0.0,-0.11778670278087133,0.0,FALLEN
4.0840000000000005,16.0,0.0,-0.11739473408236692,0.0,FALLEN
4.086,16.0,0.0,-0.11700406977100453,0.0,FALLEN
4.088,16.0,0.0,-0.11661470550606555,0.0,FALLEN
4.09,16.0,0.0,-0.11622663696127636,0.0,FALLEN
4.0920000000000005,16.0,0.0,-0.11583985982476026,0.0,FALLEN
4.094,16.0,0.0,-0.11545436979898956,0.0,FALLEN
4.096,16.0,0.0,-0.11507016260073774,0.0,FALLEN
4.098,16.0,0.0,-0.11468723396103202,0.0,FALLEN
4.1,16.0,0.0,-0.11430557962510576,0.0,FALLEN
4.102,16.0,0.0,-0.11392519535235132,0.0,FALLEN
4.104,16.0,0.0,-0.11354607691627286,0.0,FALLEN
4.106,16.0,0.0,-0.11316822010443942,0.0,FALLEN
4.108,16.0,0.0,-0.11279162071843807,0.0,FALLEN
4.11,16.0,0.0,-0.11241627457382734,0.0,FALLEN
4.112,16.0,0.0,-0.11204217750009066,0.0,FALLEN
4.114,16.0,0.0,-0.11166932534058999,0.0,FALLEN
4.116,16.0,0.0,-0.11129771395251975,0.0,FALLEN
4.118,16.0,0.0,-0.11092733920686067,0.0,FALLEN
4.12,16.0,0.0,-0.11055819698833402,0.0,FALLEN
4.122,16.0,0.0,-0.11019028319535577,0.0,FALLEN
4.124,16.0,0.0,-0.10982359373999111,0.0,FALLEN
4.126,16.0,0.0,-0.10945812454790899,0.0,FALLEN
4.128,16.0,0.0,-0.10909387155833683,0.0,FALLEN
4.13,16.0,0.0,-0.10873083072401549,0.0,FALLEN
4.132,16.0,0.0,-0.10836899801115413,0.0,FALLEN
4.134,16.0,0.0,-0.1080083693993856,0.0,FALLEN
4.136,16.0,0.0,-0.10764894088172158,0.0,FALLEN
4.138,16.0,0.0,-0.10729070846450818,0.0,FALLEN
4.14,16.0,0.0,-0.10693366816738155,0.0,FALLEN
4.142,16.0,0.0,-0.10657781602322357,0.0,FALLEN
4.144,16.0,0.0,-0.10622314807811788,0.0,FALLEN
4.146,16.0,0.0,-0.1058696603913059,0.0,FALLEN
4.148,16.0,0.0,-0.10551734903514301,0.0,FALLEN
4.15,16.0,0.0,-0.10516621009505495,0.0,FALLEN
4.152,16.0,0.0,-0.10481623966949437,0.0,FALLEN
4.154,16.0,0.0,-0.10446743386989735,0.0,FALLEN
4.156,16.0,0.0,-0.10411978882064031,0.0,FALLEN
4.158,16.0,0.0,-0.10377330065899693,0.0,FALLEN
4.16,16.0,0.0,-0.10342796553509515,0.0,FALLEN
4.162,16.0,0.0,-0.10308377961187448,0.0,FALLEN
4.164,16.0,0.0,-0.10274073906504338,0.0,FALLEN
4.166,16.0,0.0,-0.10239884008303668,0.0,FALLEN
4.168,16.0,0.0,-0.10205807886697328,0.0,FALLEN
4.17,16.0,0.0,-0.10171845163061392,0.0,FALLEN
4.172,16.0,0.0,-0.10137995460031916,0.0,FALLEN
4.174,16.0,0.0,-0.10104258401500742,0.0,FALLEN
4.176,16.0,0.0,-0.10070633612611314,0.0,FALLEN
4.178,16.0,0.0,-0.10037120719754525,0.0,FALLEN
4.18,16.0,0.0,-0.1000371935056455,0.0,FALLEN
4.182,16.0,0.0,-0.0997042913391472,0.0,FALLEN
4.184,16.0,0.0,-0.09937249699913399,0.0,FALLEN
4.186,16.0,0.0,-0.09904180679899868,0.0,FALLEN
4.188,16.0,0.0,-0.09871221706440231,0.0,FALLEN
4.19,16.0,0.0,-0.0983837241332333,0.0,FALLEN
4.192,16.0,0.0,-0.09805632435556687,0.0,FALLEN
4.194,16.0,0.0,-0.09773001409362429,0.0,FALLEN
4.196,16.0,0.0,-0.09740478972173267,0.0,FALLEN
4.198,16.0,0.0,-0.09708064762628449,0.0,FALLEN
4.2,16.0,0.0,-0.09675758420569758,0.0,FALLEN
4.202,16.0,0.0,-0.09643559587037508,0.0,FALLEN
4.204,16.0,0.0,-0.0961146790426655,0.0,FALLEN
4.206,16.0,0.0,-0.09579483015682301,0.0,FALLEN
4.208,16.0,0.0,-0.09547604565896779,0.0,FALLEN
4.21,16.0,0.0,-0.09515832200704659,0.0,FALLEN
4.212,16.0,0.0,-0.09484165567079336,0.0,FALLEN
4.214,16.0,0.0,-0.09452604313169001,0.0,FALLEN
4.216,16.0,0.0,-0.09421148088292726,0.0,FALLEN
4.218,16.0,0.0,-0.09389796542936579,0.0,FALLEN
4.22,16.0,0.0,-0.09358549328749735,0.0,FALLEN
4.222,16.0,0.0,-0.09327406098540601,0.0,FALLEN
4.224,16.0,0.0,-0.09296366506272968,0.0,FALLEN
4.226,16.0,0.0,-0.09265430207062157,0.0,FALLEN
4.228,16.0,0.0,-0.09234596857171194,0.0,FALLEN
4.23,16.0,0.0,-0.09203866114006981,0.0,FALLEN
4.232,16.0,0.0,-0.09173237636116505,0.0,FALLEN
4.234,16.0,0.0,-0.09142711083183025,0.0,FALLEN
4.236,16.0,0.0,-0.09112286116022307,0.0,FALLEN
4.238,16.0,0.0,-0.09081962396578849,0.0,FALLEN
4.24,16.0,0.0,-0.09051739587922124,0.0,FALLEN
4.242,16.0,0.0,-0.09021617354242831,0.0,FALLEN
4.244,16.0,0.0,-0.08991595360849179,0.0,FALLEN
4.246,16.0,0.0,-0.08961673274163154,0.0,FALLEN
4.248,16.0,0.0,-0.08931850761716817,0.0,FALLEN
4.25,16.0,0.0,-0.08902127492148612,0.0,FALLEN
4.252,16.0,0.0,-0.08872503135199684,0.0,FALLEN
4.2540000000000004,16.0,0.0,-0.08842977361710207,0.0,FALLEN
4.256,16.0,0.0,-0.08813549843615724,0.0,FALLEN
4.258,16.0,0.0,-0.0878422025394351,0.0,FALLEN
4.26,16.0,0.0,-0.08754988266808937,0.0,FALLEN
4.2620000000000005,16.0,0.0,-0.08725853557411843,0.0,FALLEN
4.264,16.0,0.0,-0.08696815802032938,0.0,FALLEN
4.266,16.0,0.0,-0.08667874678030195,0.0,FALLEN
4.268,16.0,0.0,-0.08639029863835272,0.0,FALLEN
4.2700000000000005,16.0,0.0,-0.08610281038949938,0.0,FALLEN
4.272,16.0,0.0,-0.08581627883942507,0.0,FALLEN
4.274,16.0,0.0,-0.08553070080444297,0.0,FALLEN
4.276,16.0,0.0,-0.08524607311146087,0.0,FALLEN
4.2780000000000005,16.0,0.0,-0.08496239259794591,0.0,FALLEN
4.28,16.0,0.0,-0.08467965611188946,0.0,FALLEN
4.282,16.0,0.0,-0.08439786051177212,0.0,FALLEN
4.284,16.0,0.0,-0.08411700266652875,0.0,FALLEN
4.2860000000000005,16.0,0.0,-0.08383707945551375,0.0,FALLEN
4.288,16.0,0.0,-0.08355808776846632,0.0,FALLEN
4.29,16.0,0.0,-0.08328002450547597,0.0,FALLEN
4.292,16.0,0.0,-0.08300288657694803,0.0,FALLEN
4.2940000000000005,16.0,0.0,-0.08272667090356933,0.0,FALLEN
4.296,16.0,0.0,-0.08245137441627398,0.0,FALLEN
4.298,16.0,0.0,-0.0821769940562093,0.0,FALLEN
4.3,16.0,0.0,-0.08190352677470181,0.0,FALLEN
4.3020000000000005,16.0,0.0,-0.08163096953322331,0.0,FALLEN
4.304,16.0,0.0,-0.08135931930335724,0.0,FALLEN
4.306,16.0,0.0,-0.0810885730667649,0.0,FALLEN
4.308,16.0,0.0,-0.08081872781515197,0.0,FALLEN
4.3100000000000005,16.0,0.0,-0.08054978055023514,0.0,FALLEN
4.312,16.0,0.0,-0.08028172828370868,0.0,FALLEN
4.314,16.0,0.0,-0.0800145680372113,0.0,FALLEN
4.316,16.0,0.0,-0.07974829684229309,0.0,FALLEN
4.3180000000000005,16.0,0.0,-0.07948291174038248,0.0,FALLEN
4.32,16.0,0.0,-0.07921840978275337,0.0,FALLEN
4.322,16.0,0.0,-0.0789547880304924,0.0,FALLEN
4.324,16.0,0.0,-0.07869204355446628,0.0,FALLEN
4.3260000000000005,16.0,0.0,-0.07843017343528925,0.0,FALLEN
4.328,16.0,0.0,-0.07816917476329062,0.0,FALLEN
4.33,16.0,0.0,-0.07790904463848244,0.0,FALLEN
4.332,16.0,0.0,-0.07764978017052736,0.0,FALLEN
4.3340000000000005,16.0,0.0,-0.07739137847870635,0.0,FALLEN
4.336,16.0,0.0,-0.07713383669188685,0.0,FALLEN
4.338,16.0,0.0,-0.07687715194849085,0.0,FALLEN
4.34,16.0,0.0,-0.07662132139646295,0.0,FALLEN
4.3420000000000005,16.0,0.0,-0.07636634219323885,0.0,FALLEN
4.344,16.0,0.0,-0.07611221150571368,0.0,FALLEN
4.346,16.0,0.0,-0.0758589265102105,0.0,FALLEN
4.348,16.0,0.0,-0.075606484392449,0.0,FALLEN
4.3500000000000005,16.0,0.0,-0.07535488234751414,0.0,FALLEN
4.352,16.0,0.0,-0.07510411757982506,0.0,FALLEN
4.354,16.0,0.0,-0.07485418730310398,0.0,FALLEN
4.356,16.0,0.0,-0.07460508874034527,0.0,FALLEN
4.358,16.0,0.0,-0.07435681912378454,0.0,FALLEN
4.36,16.0,0.0,-0.07410937569486795,0.0,FALLEN
4.362,16.0,0.0,-0.07386275570422152,0.0,FALLEN
4.364,16.0,0.0,-0.0736169564116206,0.0,FALLEN
4.366,16.0,0.0,-0.0733719750859594,0.0,FALLEN
4.368,16.0,0.0,-0.07312780900522067,0.0,FALLEN
4.37,16.0,0.0,-0.07288445545644548,0.0,FALLEN
4.372,16.0,0.0,-0.07264191173570296,0.0,FALLEN
4.374,16.0,0.0,-0.0724001751480604,0.0,FALLEN
4.376,16.0,0.0,-0.07215924300755323,0.0,FALLEN
4.378,16.0,0.0,-0.07191911263715518,0.0,FALLEN
4.38,16.0,0.0,-0.07167978136874859,0.0,FALLEN
4.382,16.0,0.0,-0.07144124654309462,0.0,FALLEN
4.384,16.0,0.0,-0.07120350550980392,0.0,FALLEN
4.386,16.0,0.0,-0.07096655562730697,0.0,FALLEN
4.388,16.0,0.0,-0.07073039426282489,0.0,FALLEN
4.39,16.0,0.0,-0.07049501879234006,0.0,FALLEN
4.392,16.0,0.0,-0.07026042660056708,0.0,FALLEN
4.394,16.0,0.0,-0.07002661508092362,0.0,FALLEN
4.396,16.0,0.0,-0.06979358163550149,0.0,FALLEN
4.398,16.0,0.0,-0.06956132367503778,0.0,FALLEN
4.4,16.0,0.0,-0.06932983861888613,0.0,FALLEN
4.402,16.0,0.0,-0.06909912389498794,0.0,FALLEN
4.404,16.0,0.0,-0.06886917693984393,0.0,FALLEN
4.406,16.0,0.0,-0.06863999519848557,0.0,FALLEN
4.408,16.0,0.0,-0.06841157612444668,0.0,FALLEN
4.41,16.0,0.0,-0.06818391717973524,0.0,FALLEN
4.412,16.0,0.0,-0.06795701583480504,0.0,FALLEN
4.414,16.0,0.0,-0.0677308695685277,0.0,FALLEN
4.416,16.0,0.0,-0.0675054758681646,0.0,FALLEN
4.418,16.0,0.0,-0.067280832229339,0.0,FALLEN
4.42,16.0,0.0,-0.06705693615600813,0.0,FALLEN
4.422,16.0,0.0,-0.06683378516043555,0.0,FALLEN
4.424,16.0,0.0,-0.06661137676316344,0.0,FALLEN
4.426,16.0,0.0,-0.06638970849298512,0.0,FALLEN
4.428,16.0,0.0,-0.06616877788691751,0.0,FALLEN
4.43,16.0,0.0,-0.06594858249017384,0.0,FALLEN
4.432,16.0,0.0,-0.06572911985613632,0.0,FALLEN
4.434,16.0,0.0,-0.06551038754632899,0.0,FALLEN
4.436,16.0,0.0,-0.06529238313039058,0.0,FALLEN
4.438,16.0,0.0,-0.06507510418604759,0.0,FALLEN
4.44,16.0,0.0,-0.06485854829908727,0.0,FALLEN
4.442,16.0,0.0,-0.06464271306333086,0.0,FALLEN
4.444,16.0,0.0,-0.06442759608060687,0.0,FALLEN
4.446,16.0,0.0,-0.06421319496072439,0.0,FALLEN
4.448,16.0,0.0,-0.06399950732144655,0.0,FALLEN
4.45,16.0,0.0,-0.06378653078846404,0.0,FALLEN
4.452,16.0,0.0,-0.06357426299536877,0.0,FALLEN
4.454,16.0,0.0,-0.06336270158362747,0.0,FALLEN
4.456,16.0,0.0,-0.06315184420255567,0.0,FALLEN
4.458,16.0,0.0,-0.06294168850929137,0.0,FALLEN
4.46,16.0,0.0,-0.06273223216876918,0.0,FALLEN
4.462,16.0,0.0,-0.06252347285369425,0.0,FALLEN
4.464,16.0,0.0,-0.06231540824451649,0.0,FALLEN
4.466,16.0,0.0,-0.06210803602940478,0.0,FALLEN
4.468,16.0,0.0,-0.06190135390422126,0.0,FALLEN
4.47,16.0,0.0,-0.06169535957249573,0.0,FALLEN
4.472,16.0,0.0,-0.061490050745400184,0.0,FALLEN
4.474,16.0,0.0,-0.061285425141723304,0.0,FALLEN
4.476,16.0,0.0,-0.061081480487845174,0.0,FALLEN
4.478,16.0,0.0,-0.060878214517711984,0.0,FALLEN
4.48,16.0,0.0,-0.060675624972810864,0.0,FALLEN
4.482,16.0,0.0,-0.06047370960214479,0.0,FALLEN
4.484,16.0,0.0,-0.060272466162207564,0.0,FALLEN
4.486,16.0,0.0,-0.060071892416958886,0.0,FALLEN
4.488,16.0,0.0,-0.05987198613779954,0.0,FALLEN
4.49,16.0,0.0,-0.059672745103546566,0.0,FALLEN
4.492,16.0,0.0,-0.05947416710040867,0.0,FALLEN
4.494,16.0,0.0,-0.05927624992196154,0.0,FALLEN
4.496,16.0,0.0,-0.059078991369123375,0.0,FALLEN
4.498,16.0,0.0,-0.05888238925013045,0.0,FALLEN
4.5,16.0,0.0,-0.058686441380512766,0.0,FALLEN
4.502,16.0,0.0,-0.05849114558306974,0.0,FALLEN
4.5040000000000004,16.0,0.0,-0.058296499687846066,0.0,FALLEN
4.506,16.0,0.0,-0.05810250153210756,0.0,FALLEN
4.508,16.0,0.0,-0.05790914896031718,0.0,FALLEN
4.51,16.0,0.0,-0.05771643982411102,0.0,FALLEN
4.5120000000000005,16.0,0.0,-0.05752437198227447,0.0,FALLEN
4.514,16.0,0.0,-0.05733294330071842,0.0,FALLEN
4.516,16.0,0.0,-0.05714215165245556,0.0,FALLEN
4.518,16.0,0.0,-0.05695199491757672,0.0,FALLEN
4.5200000000000005,16.0,0.0,-0.05676247098322733,0.0,FALLEN
4.522,16.0,0.0,-0.05657357774358396,0.0,FALLEN
4.524,16.0,0.0,-0.05638531309983087,0.0,FALLEN
4.526,16.0,0.0,-0.05619767496013678,0.0,FALLEN
4.5280000000000005,16.0,0.0,-0.05601066123963151,0.0,FALLEN
4.53,16.0,0.0,-0.05582426986038293,0.0,FALLEN
4.532,16.0,0.0,-0.05563849875137378,0.0,FALLEN
4.534,16.0,0.0,-0.055453345848478726,0.0,FALLEN
4.5360000000000005,16.0,0.0,-0.05526880909444139,0.0,FALLEN
4.538,16.0,0.0,-0.055084886438851476,0.0,FALLEN
4.54,16.0,0.0,-0.05490157583812205,0.0,FALLEN
4.542,16.0,0.0,-0.05471887525546676,0.0,FALLEN
4.5440000000000005,16.0,0.0,-0.05453678266087726,0.0,FALLEN
4.546,16.0,0.0,-0.054355296031100626,0.0,FALLEN
4.548,16.0,0.0,-0.05417441334961688,0.0,FALLEN
4.55,16.0,0.0,-0.0539941326066166,0.0,FALLEN
4.5520000000000005,16.0,0.0,-0.05381445179897855,0.0,FALLEN
4.554,16.0,0.0,-0.053635368930247465,0.0,FALLEN
4.556,16.0,0.0,-0.053456882010611856,0.0,FALLEN
4.558,16.0,0.0,-0.05327898905688188,0.0,FALLEN
4.5600000000000005,16.0,0.0,-0.05310168809246734,0.0,FALLEN
4.562,16.0,0.0,-0.0529249771473557,0.0,FALLEN
4.564,16.0,0.0,-0.05274885425809019,0.0,FALLEN
4.566,16.0,0.0,-0.05257331746774801,0.0,FALLEN
4.5680000000000005,16.0,0.0,-0.052398364825918566,0.0,FALLEN
4.57,16.0,0.0,-0.05222399438868182,0.0,FALLEN
4.572,16.0,0.0,-0.05205020421858668,0.0,FALLEN
4.574,16.0,0.0,-0.05187699238462946,0.0,FALLEN
4.5760000000000005,16.0,0.0,-0.05170435696223245,0.0,FALLEN
4.578,16.0,0.0,-0.05153229603322252,0.0,FALLEN
4.58,16.0,0.0,-0.051360807685809785,0.0,FALLEN
4.582,16.0,0.0,-0.05118989001456641,0.0,FALLEN
4.5840000000000005,16.0,0.0,-0.051019541120405396,0.0,FALLEN
4.586,16.0,0.0,-0.0508497591105595,0.0,FALLEN
4.588,16.0,0.0,-0.0506805420985602,0.0,FALLEN
4.59,16.0,0.0,-0.050511888204216725,0.0,FALLEN
4.5920000000000005,16.0,0.0,-0.05034379555359519,0.0,FALLEN
4.594,16.0,0.0,-0.05017626227899775,0.0,FALLEN
4.596,16.0,0.0,-0.05000928651894184,0.0,FALLEN
4.598,16.0,0.0,-0.049842866418139536,0.0,FALLEN
4.6000000000000005,16.0,0.0,-0.04967700012747688,0.0,FALLEN
4.602,16.0,0.0,-0.0495116858039934,0.0,FALLEN
4.604,16.0,0.0,-0.04934692161086156,0.0,FALLEN
4.606,16.0,0.0,-0.0491827057173664,0.0,FALLEN
4.6080000000000005,16.0,0.0,-0.04901903629888521,0.0,FALLEN
4.61,16.0,0.0,-0.04885591153686721,0.0,FALLEN
4.612,16.0,0.0,-0.04869332961881336,0.0,FALLEN
4.614,16.0,0.0,-0.04853128873825624,0.0,FALLEN
4.616,16.0,0.0,-0.04836978709473994,0.0,FALLEN
4.618,16.0,0.0,-0.0482088228938001,0.0,FALLEN
4.62,16.0,0.0,-0.048048394346943954,0.0,FALLEN
4.622,16.0,0.0,-0.047888499671630426,0.0,FALLEN
4.624,16.0,0.0,-0.04772913709125037,0.0,FALLEN
4.626,16.0,0.0,-0.04757030483510682,0.0,FALLEN
4.628,16.0,0.0,-0.047412001138395284,0.0,FALLEN
4.63,16.0,0.0,-0.04725422424218417,0.0,FALLEN
4.632,16.0,0.0,-0.047096972393395234,0.0,FALLEN
4.634,16.0,0.0,-0.046940243844784096,0.0,FALLEN
4.636,16.0,0.0,-0.04678403685492082,0.0,FALLEN
4.638,16.0,0.0,-0.04662834968817058,0.0,FALLEN
4.64,16.0,0.0,-0.04647318061467438,0.0,FALLEN
4.642,16.0,0.0,-0.04631852791032978,0.0,FALLEN
4.644,16.0,0.0,-0.046164389856771834,0.0,FALLEN
4.646,16.0,0.0,-0.0460107647413539,0.0,FALLEN
4.648,16.0,0.0,-0.04585765085712867,0.0,FALLEN
4.65,16.0,0.0,-0.0457050465028292,0.0,FALLEN
4.652,16.0,0.0,-0.045552949982849984,0.0,FALLEN
4.654,16.0,0.0,-0.04540135960722811,0.0,FALLEN
4.656,16.0,0.0,-0.045250273691624515,0.0,FALLEN
4.658,16.0,0.0,-0.045099690557305255,0.0,FALLEN
4.66,16.0,0.0,-0.04494960853112285,0.0,FALLEN
4.662,16.0,0.0,-0.044800025945497673,0.0,FALLEN
4.664,16.0,0.0,-0.04465094113839946,0.0,FALLEN
4.666,16.0,0.0,-0.04450235245332882,0.0,FALLEN
4.668,16.0,0.0,-0.04435425823929884,0.0,FALLEN
4.67,16.0,0.0,-0.044206656850816727,0.0,FALLEN
4.672,16.0,0.0,-0.04405954664786553,0.0,FALLEN
4.674,16.0,0.0,-0.043912925995885935,0.0,FALLEN
4.676,16.0,0.0,-0.04376679326575807,0.0,FALLEN
4.678,16.0,0.0,-0.04362114683378343,0.0,FALLEN
4.68,16.0,0.0,-0.043475985081666835,0.0,FALLEN
4.682,16.0,0.0,-0.04333130639649843,0.0,FALLEN
4.684,16.0,0.0,-0.043187109170735774,0.0,FALLEN
4.686,16.0,0.0,-0.043043391802186,0.0,FALLEN
4.688,16.0,0.0,-0.04290015269398797,0.0,FALLEN
4.69,16.0,0.0,-0.04275739025459457,0.0,FALLEN
4.692,16.0,0.0,-0.042615102897755,0.0,FALLEN
4.694,16.0,0.0,-0.042473289042497156,0.0,FALLEN
4.696,16.0,0.0,-0.042331947113110086,0.0,FALLEN
4.698,16.0,0.0,-0.04219107553912645,0.0,FALLEN
4.7,16.0,0.0,-0.0420506727553051,0.0,FALLEN
4.702,16.0,0.0,-0.04191073720161364,0.0,FALLEN
4.704,16.0,0.0,-0.04177126732321116,0.0,FALLEN
4.706,16.0,0.0,-0.0416322615704309,0.0,FALLEN
4.708,16.0,0.0,-0.041493718398763084,0.0,FALLEN
4.71,16.0,0.0,-0.04135563626883769,0.0,FALLEN
4.712,16.0,0.0,-0.04121801364640742,0.0,FALLEN
4.714,16.0,0.0,-0.04108084900233061,0.0,FALLEN
4.716,16.0,0.0,-0.04094414081255424,0.0,FALLEN
4.718,16.0,0.0,-0.04080788755809703,0.0,FALLEN
4.72,16.0,0.0,-0.040672087725032516,0.0,FALLEN
4.722,16.0,0.0,-0.040536739804472276,0.0,FALLEN
4.724,16.0,0.0,-0.04040184229254913,0.0,FALLEN
4.726,16.0,0.0,-0.04026739369040044,0.0,FALLEN
4.728,16.0,0.0,-0.040133392504151474,0.0,FALLEN
4.73,16.0,0.0,-0.039999837244898785,0.0,FALLEN
4.732,16.0,0.0,-0.03986672642869367,0.0,FALLEN
4.734,16.0,0.0,-0.03973405857652569,0.0,FALLEN
4.736,16.0,0.0,-0.039601832214306236,0.0,FALLEN
4.738,16.0,0.0,-0.03947004587285214,0.0,FALLEN
4.74,16.0,0.0,-0.03933869808786937,0.0,FALLEN
4.742,16.0,0.0,-0.03920778739993674,0.0,FALLEN
4.744,16.0,0.0,-0.0390773123544897,0.0,FALLEN
4.746,16.0,0.0,-0.03894727150180418,0.0,FALLEN
4.748,16.0,0.0,-0.03881766339698049,0.0,FALLEN
4.75,16.0,0.0,-0.03868848659992724,0.0,FALLEN
4.752,16.0,0.0,-0.038559739675345345,0.0,FALLEN
4.7540000000000004,16.0,0.0,-0.0384314211927121,0.0,FALLEN
4.756,16.0,0.0,-0.038303529726265266,0.0,FALLEN
4.758,16.0,0.0,-0.038176063854987244,0.0,FALLEN
4.76,16.0,0.0,-0.038049022162589256,0.0,FALLEN
4.7620000000000005,16.0,0.0,-0.037922403237495635,0.0,FALLEN
4.764,16.0,0.0,-0.03779620567282813,0.0,FALLEN
4.766,16.0,0.0,-0.037670428066390295,0.0,FALLEN
4.768,16.0,0.0,-0.037545069020651856,0.0,FALLEN
4.7700000000000005,16.0,0.0,-0.037420127142733246,0.0,FALLEN
4.772,16.0,0.0,-0.037295601044390086,0.0,FALLEN
4.774,16.0,0.0,-0.03717148934199779,0.0,FALLEN
4.776,16.0,0.0,-0.03704779065653616,0.0,FALLEN
4.7780000000000005,16.0,0.0,-0.036924503613574085,0.0,FALLEN
4.78,16.0,0.0,-0.03680162684325427,0.0,FALLEN
4.782,16.0,0.0,-0.03667915898027799,0.0,FALLEN
4.784,16.0,0.0,-0.03655709866388996,0.0,FALLEN
4.7860000000000005,16.0,0.0,-0.03643544453786318,0.0,FALLEN
4.788,16.0,0.0,-0.036314195250483905,0.0,FALLEN
4.79,16.0,0.0,-0.03619334945453656,0.0,FALLEN
4.792,16.0,0.0,-0.03607290580728885,0.0,FALLEN
4.7940000000000005,16.0,0.0,-0.035952862970476784,0.0,FALLEN
4.796,16.0,0.0,-0.03583321961028983,0.0,FALLEN
4.798,16.0,0.0,-0.03571397439735609,0.0,FALLEN
4.8,16.0,0.0,-0.035595126006727526,0.0,FALLEN
4.8020000000000005,16.0,0.0,-0.03547667311786524,0.0,FALLEN
4.804,16.0,0.0,-0.03535861441462481,0.0,FALLEN
4.806,16.0,0.0,-0.03524094858524164,0.0,FALLEN
4.808,16.0,0.0,-0.035123674322316424,0.0,FALLEN
4.8100000000000005,16.0,0.0,-0.03500679032280059,0.0,FALLEN
4.812,16.0,0.0,-0.03489029528798183,0.0,FALLEN
4.814,16.0,0.0,-0.03477418792346966,0.0,FALLEN
4.816,16.0,0.0,-0.034658466939181065,0.0,FALLEN
4.8180000000000005,16.0,0.0,-0.03454313104932614,0.0,FALLEN
4.82,16.0,0.0,-0.034428178972393815,0.0,FALLEN
4.822,16.0,0.0,-0.0343136094311376,0.0,FALLEN
4.824,16.0,0.0,-0.03419942115256142,0.0,FALLEN
4.8260000000000005,16.0,0.0,-0.03408561286790545,0.0,FALLEN
4.828,16.0,0.0,-0.033972183312632014,0.0,FALLEN
4.83,16.0,0.0,-0.033859131226411564,0.0,FALLEN
4.832,16.0,0.0,-0.03374645535310864,0.0,FALLEN
4.8340000000000005,16.0,0.0,-0.033634154440767935,0.0,FALLEN
4.836,16.0,0.0,-0.03352222724160038,0.0,FALLEN
4.838,16.0,0.0,-0.033410672511969275,0.0,FALLEN
4.84,16.0,0.0,-0.033299489012376476,0.0,FALLEN
4.8420000000000005,16.0,0.0,-0.03318867550744863,0.0,FALLEN
4.844,16.0,0.0,-0.03307823076592342,0.0,FALLEN
4.846,16.0,0.0,-0.03296815356063592,0.0,FALLEN
4.848,16.0,0.0,-0.03285844266850494,0.0,FALLEN
4.8500000000000005,16.0,0.0,-0.03274909687051944,0.0,FALLEN
4.852,16.0,0.0,-0.032640114951724974,0.0,FALLEN
4.854,16.0,0.0,-0.03253149570121022,0.0,FALLEN
4.856,16.0,0.0,-0.0324232379120935,0.0,FALLEN
4.8580000000000005,16.0,0.0,-0.03231534038150938,0.0,FALLEN
4.86,16.0,0.0,-0.03220780191059529,0.0,FALLEN
4.862,16.0,0.0,-0.03210062130447823,0.0,FALLEN
4.864,16.0,0.0,-0.03199379737226147,0.0,FALLEN
4.866,16.0,0.0,-0.03188732892701133,0.0,FALLEN
4.868,16.0,0.0,-0.031781214785744,0.0,FALLEN
4.87,16.0,0.0,-0.03167545376941236,0.0,FALLEN
4.872,16.0,0.0,-0.03157004470289293,0.0,FALLEN
4.874,16.0,0.0,-0.03146498641497277,0.0,FALLEN
4.876,16.0,0.0,-0.03136027773833649,0.0,FALLEN
4.878,16.0,0.0,-0.031255917509553276,0.0,FALLEN
4.88,16.0,0.0,-0.031151904569063946,0.0,FALLEN
4.882,16.0,0.0,-0.031048237761168097,0.0,FALLEN
4.884,16.0,0.0,-0.030944915934011247,0.0,FALLEN
4.886,16.0,0.0,-0.030841937939572028,0.0,FALLEN
4.888,16.0,0.0,-0.030739302633649435,0.0,FALLEN
4.89,16.0,0.0,-0.030637008875850132,0.0,FALLEN
4.892,16.0,0.0,-0.03053505552957576,0.0,FALLEN
4.894,16.0,0.0,-0.030433441462010304,0.0,FALLEN
4.896,16.0,0.0,-0.030332165544107528,0.0,FALLEN
4.898,16.0,0.0,-0.030231226650578407,0.0,FALLEN
4.9,16.0,0.0,-0.030130623659878647,0.0,FALLEN
4.902,16.0,0.0,-0.030030355454196203,0.0,FALLEN
4.904,16.0,0.0,-0.029930420919438875,0.0,FALLEN
4.906,16.0,0.0,-0.02983081894522191,0.0,FALLEN
4.908,16.0,0.0,-0.029731548424855682,0.0,FALLEN
4.91,16.0,0.0,-0.029632608255333388,0.0,FALLEN
4.912,16.0,0.0,-0.029533997337318787,0.0,FALLEN
4.914,16.0,0.0,-0.029435714575134008,0.0,FALLEN
4.916,16.0,0.0,-0.029337758876747343,0.0,FALLEN
4.918,16.0,0.0,-0.02924012915376114,0.0,FALLEN
4.92,16.0,0.0,-0.029142824321399686,0.0,FALLEN
4.922,16.0,0.0,-0.029045843298497187,0.0,FALLEN
4.924,16.0,0.0,-0.028949185007485716,0.0,FALLEN
4.926,16.0,0.0,-0.02885284837438327,0.0,FALLEN
4.928,16.0,0.0,-0.028756832328781824,0.0,FALLEN
4.93,16.0,0.0,-0.028661135803835433,0.0,FALLEN
4.932,16.0,0.0,-0.0285657577362484,0.0,FALLEN
4.934,16.0,0.0,-0.028470697066263432,0.0,FALLEN
4.936,16.0,0.0,-0.02837595273764989,0.0,FALLEN
4.938,16.0,0.0,-0.02828152369769203,0.0,FALLEN
4.94,16.0,0.0,-0.028187408897177326,0.0,FALLEN
4.942,16.0,0.0,-0.02809360729038481,0.0,FALLEN
4.944,16.0,0.0,-0.028000117835073432,0.0,FALLEN
4.946,16.0,0.0,-0.027906939492470518,0.0,FALLEN
4.948,16.0,0.0,-0.02781407122726018,0.0,FALLEN
4.95,16.0,0.0,-0.027721512007571853,0.0,FALLEN
4.952,16.0,0.0,-0.02762926080496881,0.0,FALLEN
4.954,16.0,0.0,-0.027537316594436742,0.0,FALLEN
4.956,16.0,0.0,-0.027445678354372362,0.0,FALLEN
4.958,16.0,0.0,-0.02735434506657206,0.0,FALLEN
4.96,16.0,0.0,-0.027263315716220586,0.0,FALLEN
4.962,16.0,0.0,-0.027172589291879778,0.0,FALLEN
4.964,16.0,0.0,-0.027082164785477324,0.0,FALLEN
4.966,16.0,0.0,-0.02699204119229555,0.0,FALLEN
4.968,16.0,0.0,-0.026902217510960277,0.0,FALLEN
4.97,16.0,0.0,-0.026812692743429675,0.0,FALLEN
4.972,16.0,0.0,-0.02672346589498318,0.0,FALLEN
4.974,16.0,0.0,-0.026634535974210453,0.0,FALLEN
4.976,16.0,0.0,-0.026545901993000345,0.0,FALLEN
4.978,16.0,0.0,-0.02645756296652993,0.0,FALLEN
4.98,16.0,0.0,-0.026369517913253565,0.0,FALLEN
4.982,16.0,0.0,-0.02628176585489197,0.0,FALLEN
4.984,16.0,0.0,-0.026194305816421373,0.0,FALLEN
4.986,16.0,0.0,-0.02610713682606267,0.0,FALLEN
4.988,16.0,0.0,-0.026020257915270625,0.0,FALLEN
4.99,16.0,0.0,-0.025933668118723115,0.0,FALLEN
4.992,16.0,0.0,-0.025847366474310397,0.0,FALLEN
4.994,16.0,0.0,-0.025761352023124424,0.0,FALLEN
4.996,16.0,0.0,-0.025675623809448184,0.0,FALLEN
4.998,16.0,0.0,-0.02559018088074509,0.0,FALLEN
5.0,16.0,0.0,-0.025505022287648386,0.0,FALLEN
5.002,16.0,0.0,-0.025420147083950614,0.0,FALLEN
5.0040000000000004,16.0,0.0,-0.025335554326593075,0.0,FALLEN
5.006,16.0,0.0,-0.025251243075655374,0.0,FALLEN
5.008,16.0,0.0,-0.025167212394344964,0.0,FALLEN
5.01,16.0,0.0,-0.025083461348986747,0.0,FALLEN
5.0120000000000005,16.0,0.0,-0.02499998900901269,0.0,FALLEN
5.014,16.0,0.0,-0.02491679444695149,0.0,FALLEN
5.016,16.0,0.0,-0.02483387673841827,0.0,FALLEN
5.018,16.0,0.0,-0.0247512349621043,0.0,FALLEN
5.0200000000000005,16.0,0.0,-0.024668868199766773,0.0,FALLEN
5.022,16.0,0.0,-0.024586775536218592,0.0,FALLEN
5.024,16.0,0.0,-0.024504956059318208,0.0,FALLEN
5.026,16.0,0.0,-0.02442340885995948,0.0,FALLEN
5.0280000000000005,16.0,0.0,-0.024342133032061578,0.0,FALLEN
5.03,16.0,0.0,-0.024261127672558908,0.0,FALLEN
5.032,16.0,0.0,-0.02418039188139109,0.0,FALLEN
5.034,16.0,0.0,-0.024099924761492943,0.0,FALLEN
5.0360000000000005,16.0,0.0,-0.024019725418784537,0.0,FALLEN
5.038,16.0,0.0,-0.023939792962161227,0.0,FALLEN
5.04,16.0,0.0,-0.02386012650348379,0.0,FALLEN
5.042,16.0,0.0,-0.02378072515756854,0.0,FALLEN
5.0440000000000005,16.0,0.0,-0.023701588042177472,0.0,FALLEN
5.046,16.0,0.0,-0.023622714278008494,0.0,FALLEN
5.048,16.0,0.0,-0.023544102988685634,0.0,FALLEN
5.05,16.0,0.0,-0.023465753300749317,0.0,FALLEN
5.0520000000000005,16.0,0.0,-0.02338766434364665,0.0,FALLEN
5.054,16.0,0.0,-0.023309835249721744,0.0,FALLEN
5.056,16.0,0.0,-0.023232265154206098,0.0,FALLEN
5.058,16.0,0.0,-0.023154953195208952,0.0,FALLEN
5.0600000000000005,16.0,0.0,-0.023077898513707753,0.0,FALLEN
5.062,16.0,0.0,-0.023001100253538572,0.0,FALLEN
5.064,16.0,0.0,-0.022924557561386626,0.0,FALLEN
5.066,16.0,0.0,-0.022848269586776767,0.0,FALLEN
5.0680000000000005,16.0,0.0,-0.022772235482064043,0.0,FALLEN
5.07,16.0,0.0,-0.022696454402424297,0.0,FALLEN
5.072,16.0,0.0,-0.02262092550584474,0.0,FALLEN
5.074,16.0,0.0,-0.022545647953114645,0.0,FALLEN
5.0760000000000005,16.0,0.0,-0.022470620907815975,0.0,FALLEN
5.078,16.0,0.0,-0.02239584353631413,0.0,FALLEN
5.08,16.0,0.0,-0.022321315007748654,0.0,FALLEN
5.082,16.0,0.0,-0.02224703449402402,0.0,FALLEN
5.0840000000000005,16.0,0.0,-0.022173001169800418,0.0,FALLEN
5.086,16.0,0.0,-0.022099214212484595,0.0,FALLEN
5.088,16.0,0.0,-0.022025672802220713,0.0,FALLEN
5.09,16.0,0.0,-0.021952376121881237,0.0,FALLEN
5.0920000000000005,16.0,0.0,-0.02187932335705785,0.0,FALLEN
5.094,16.0,0.0,-0.021806513696052417,0.0,FALLEN
5.096,16.0,0.0,-0.021733946329867946,0.0,FALLEN
5.098,16.0,0.0,-0.021661620452199635,0.0,FALLEN
5.1000000000000005,16.0,0.0,-0.02158953525942587,0.0,FALLEN
5.102,16.0,0.0,-0.021517689950599325,0.0,FALLEN
5.104,16.0,0.0,-0.021446083727438052,0.0,FALLEN
5.106,16.0,0.0,-0.021374715794316608,0.0,FALLEN
5.1080000000000005,16.0,0.0,-0.02130358535825723,0.0,FALLEN
5.11,16.0,0.0,-0.021232691628921,0.0,FALLEN
5.112,16.0,0.0,-0.02116203381859909,0.0,FALLEN
5.114,16.0,0.0,-0.021091611142204,0.0,FALLEN
5.1160000000000005,16.0,0.0,-0.021021422817260806,0.0,FALLEN
5.118,16.0,0.0,-0.02095146806389852,0.0,FALLEN
5.12,16.0,0.0,-0.020881746104841382,0.0,FALLEN
5.122,16.0,0.0,-0.02081225616540024,0.0,FALLEN
5.124,16.0,0.0,-0.020742997473463948,0.0,FALLEN
5.126,16.0,0.0,-0.02067396925949076,0.0,FALLEN
5.128,16.0,0.0,-0.02060517075649982,0.0,FALLEN
5.13,16.0,0.0,-0.020536601200062603,0.0,FALLEN
5.132,16.0,0.0,-0.02046825982829445,0.0,FALLEN
5.134,16.0,0.0,-0.020400145881846077,0.0,FALLEN
5.136,16.0,0.0,-0.02033225860389516,0.0,FALLEN
5.138,16.0,0.0,-0.020264597240137905,0.0,FALLEN
5.14,16.0,0.0,-0.020197161038780692,0.0,FALLEN
5.142,16.0,0.0,-0.020129949250531697,0.0,FALLEN
5.144,16.0,0.0,-0.02006296112859259,0.0,FALLEN
5.146,16.0,0.0,-0.019996195928650207,0.0,FALLEN
5.148,16.0,0.0,-0.019929652908868306,0.0,FALLEN
5.15,16.0,0.0,-0.019863331329879323,0.0,FALLEN
5.152,16.0,0.0,-0.019797230454776132,0.0,FALLEN
5.154,16.0,0.0,-0.019731349549103896,0.0,FALLEN
5.156,16.0,0.0,-0.01966568788085187,0.0,FALLEN
5.158,16.0,0.0,-0.01960024472044528,0.0,FALLEN
5.16,16.0,0.0,-0.019535019340737234,0.0,FALLEN
5.162,16.0,0.0,-0.01947001101700062,0.0,FALLEN
5.164,16.0,0.0,-0.019405219026920058,0.0,FALLEN
5.166,16.0,0.0,-0.019340642650583884,0.0,FALLEN
5.168,16.0,0.0,-0.019276281170476136,0.0,FALLEN
5.17,16.0,0.0,-0.019212133871468598,0.0,FALLEN
5.172,16.0,0.0,-0.019148200040812847,0.0,FALLEN
5.174,16.0,0.0,-0.01908447896813232,0.0,FALLEN
5.176,16.0,0.0,-0.019020969945414443,0.0,FALLEN
5.178,16.0,0.0,-0.018957672267002765,0.0,FALLEN
5.18,16.0,0.0,-0.01889458522958909,0.0,FALLEN
5.182,16.0,0.0,-0.018831708132205683,0.0,FALLEN
5.184,16.0,0.0,-0.018769040276217494,0.0,FALLEN
5.186,16.0,0.0,-0.018706580965314357,0.0,FALLEN
5.188,16.0,0.0,-0.018644329505503286,0.0,FALLEN
5.19,16.0,0.0,-0.01858228520510076,0.0,FALLEN
5.192,16.0,0.0,-0.01852044737472502,0.0,FALLEN
5.194,16.0,0.0,-0.01845881532728843,0.0,FALLEN
5.196,16.0,0.0,-0.01839738837798982,0.0,FALLEN
5.198,16.0,0.0,-0.01833616584430691,0.0,FALLEN
5.2,16.0,0.0,-0.01827514704598869,0.0,FALLEN
5.202,16.0,0.0,-0.018214331305047887,0.0,FALLEN
5.204,16.0,0.0,-0.01815371794575342,0.0,FALLEN
5.206,16.0,0.0,-0.01809330629462289,0.0,FALLEN
5.208,16.0,0.0,-0.018033095680415112,0.0,FALLEN
5.21,16.0,0.0,-0.017973085434122644,0.0,FALLEN
5.212,16.0,0.0,-0.017913274888964353,0.0,FALLEN
5.214,16.0,0.0,-0.017853663380378006,0.0,FALLEN
5.216,16.0,0.0,-0.017794250246012902,0.0,FALLEN
5.218,16.0,0.0,-0.017735034825722487,0.0,FALLEN
5.22,16.0,0.0,-0.01767601646155704,0.0,FALLEN
5.222,16.0,0.0,-0.017617194497756346,0.0,FALLEN
5.224,16.0,0.0,-0.017558568280742433,0.0,FALLEN
5.226,16.0,0.0,-0.017500137159112285,0.0,FALLEN
5.228,16.0,0.0,-0.01744190048363061,0.0,FALLEN
5.23,16.0,0.0,-0.017383857607222643,0.0,FALLEN
5.232,16.0,0.0,-0.017326007884966934,0.0,FALLEN
5.234,16.0,0.0,-0.0172683506740882,0.0,FALLEN
5.236,16.0,0.0,-0.017210885333950165,0.0,FALLEN
5.238,16.0,0.0,-0.017153611226048467,0.0,FALLEN
5.24,16.0,0.0,-0.01709652771400353,0.0,FALLEN
5.242,16.0,0.0,-0.01703963416355353,0.0,FALLEN
5.244,16.0,0.0,-0.01698292994254732,0.0,FALLEN
5.246,16.0,0.0,-0.016926414420937414,0.0,FALLEN
5.248,16.0,0.0,-0.01687008697077299,0.0,FALLEN
5.25,16.0,0.0,-0.016813946966192914,0.0,FALLEN
5.252,16.0,0.0,-0.01675799378341878,0.0,FALLEN
5.2540000000000004,16.0,0.0,-0.01670222680074798,0.0,FALLEN
5.256,16.0,0.0,-0.016646645398546798,0.0,FALLEN
5.258,16.0,0.0,-0.016591248959243524,0.0,FALLEN
5.26,16.0,0.0,-0.016536036867321604,0.0,FALLEN
5.2620000000000005,16.0,0.0,-0.016481008509312778,0.0,FALLEN
5.264,16.0,0.0,-0.01642616327379028,0.0,FALLEN
5.266,16.0,0.0,-0.016371500551362037,0.0,FALLEN
5.268,16.0,0.0,-0.016317019734663908,0.0,FALLEN
5.2700000000000005,16.0,0.0,-0.016262720218352924,0.0,FALLEN
5.272,16.0,0.0,-0.016208601399100565,0.0,FALLEN
5.274,16.0,0.0,-0.016154662675586063,0.0,FALLEN
5.276,16.0,0.0,-0.016100903448489714,0.0,FALLEN
5.2780000000000005,16.0,0.0,-0.016047323120486214,0.0,FALLEN
5.28,16.0,0.0,-0.01599392109623804,0.0,FALLEN
5.282,16.0,0.0,-0.015940696782388814,0.0,FALLEN
5.284,16.0,0.0,-0.015887649587556722,0.0,FALLEN
5.2860000000000005,16.0,0.0,-0.015834778922327947,0.0,FALLEN
5.288,16.0,0.0,-0.015782084199250108,0.0,FALLEN
5.29,16.0,0.0,-0.015729564832825737,0.0,FALLEN
5.292,16.0,0.0,-0.01567722023950578,0.0,FALLEN
5.2940000000000005,16.0,0.0,-0.015625049837683102,0.0,FALLEN
5.296,16.0,0.0,-0.01557305304768604,0.0,FALLEN
5.298,16.0,0.0,-0.015521229291771946,0.0,FALLEN
5.3,16.0,0.0,-0.015469577994120777,0.0,FALLEN
5.3020000000000005,16.0,0.0,-0.015418098580828696,0.0,FALLEN
5.304,16.0,0.0,-0.015366790479901691,0.0,FALLEN
5.306,16.0,0.0,-0.015315653121249223,0.0,FALLEN
5.308,16.0,0.0,-0.015264685936677892,0.0,FALLEN
5.3100000000000005,16.0,0.0,-0.015213888359885124,0.0,FALLEN
5.312,16.0,0.0,-0.015163259826452875,0.0,FALLEN
5.314,16.0,0.0,-0.015112799773841366,0.0,FALLEN
5.316,16.0,0.0,-0.015062507641382825,0.0,FALLEN
5.3180000000000005,16.0,0.0,-0.015012382870275263,0.0,FALLEN
5.32,16.0,0.0,-0.014962424903576263,0.0,FALLEN
5.322,16.0,0.0,-0.014912633186196792,0.0,FALLEN
5.324,16.0,0.0,-0.014863007164895033,0.0,FALLEN
5.3260000000000005,16.0,0.0,-0.014813546288270241,0.0,FALLEN
5.328,16.0,0.0,-0.01476425000675661,0.0,FALLEN
5.33,16.0,0.0,-0.014715117772617173,0.0,FALLEN
5.332,16.0,0.0,-0.01466614903993771,0.0,FALLEN
5.3340000000000005,16.0,0.0,-0.014617343264620688,0.0,FALLEN
5.336,16.0,0.0,-0.014568699904379211,0.0,FALLEN
5.338,16.0,0.0,-0.014520218418731001,0.0,FALLEN
5.34,16.0,0.0,-0.014471898268992384,0.0,FALLEN
5.3420000000000005,16.0,0.0,-0.014423738918272309,0.0,FALLEN
5.344,16.0,0.0,-0.014375739831466386,0.0,FALLEN
5.346,16.0,0.0,-0.014327900475250932,0.0,FALLEN
5.348,16.0,0.0,-0.014280220318077054,0.0,FALLEN
5.3500000000000005,16.0,0.0,-0.014232698830164736,0.0,FALLEN
5.352,16.0,0.0,-0.014185335483496956,0.0,FALLEN
5.354,16.0,0.0,-0.014138129751813824,0.0,FALLEN
5.356,16.0,0.0,-0.01409108111060672,0.0,FALLEN
5.3580000000000005,16.0,0.0,-0.014044189037112482,0.0,FALLEN
5.36,16.0,0.0,-0.013997453010307588,0.0,FALLEN
5.362,16.0,0.0,-0.013950872510902369,0.0,FALLEN
5.364,16.0,0.0,-0.013904447021335245,0.0,FALLEN
5.3660000000000005,16.0,0.0,-0.013858176025766961,0.0,FALLEN
5.368,16.0,0.0,-0.013812059010074873,0.0,FALLEN
5.37,16.0,0.0,-0.013766095461847216,0.0,FALLEN
5.372,16.0,0.0,-0.013720284870377427,0.0,FALLEN
5.3740000000000006,16.0,0.0,-0.013674626726658467,0.0,FALLEN
5.376,16.0,0.0,-0.013629120523377154,0.0,FALLEN
5.378,16.0,0.0,-0.01358376575490854,0.0,FALLEN
5.38,16.0,0.0,-0.013538561917310286,0.0,FALLEN
5.382,16.0,0.0,-0.013493508508317065,0.0,FALLEN
5.384,16.0,0.0,-0.01344860502733498,0.0,FALLEN
5.386,16.0,0.0,-0.013403850975436005,0.0,FALLEN
5.388,16.0,0.0,-0.013359245855352432,0.0,FALLEN
5.39,16.0,0.0,-0.013314789171471362,0.0,FALLEN
5.392,16.0,0.0,-0.013270480429829177,0.0,FALLEN
5.394,16.0,0.0,-0.013226319138106075,0.0,FALLEN
5.396,16.0,0.0,-0.01318230480562058,0.0,FALLEN
5.398,16.0,0.0,-0.013138436943324101,0.0,FALLEN
5.4,16.0,0.0,-0.013094715063795495,0.0,FALLEN
5.402,16.0,0.0,-0.01305113868123565,0.0,FALLEN
5.404,16.0,0.0,-0.013007707311462087,0.0,FALLEN
5.406,16.0,0.0,-0.012964420471903588,0.0,FALLEN
5.408,16.0,0.0,-0.012921277681594822,0.0,FALLEN
5.41,16.0,0.0,-0.01287827846117101,0.0,FALLEN
5.412,16.0,0.0,-0.012835422332862589,0.0,FALLEN
5.414,16.0,0.0,-0.01279270882048992,0.0,FALLEN
5.416,16.0,0.0,-0.012750137449457981,0.0,FALLEN
5.418,16.0,0.0,-0.012707707746751099,0.0,FALLEN
5.42,16.0,0.0,-0.012665419240927693,0.0,FALLEN
5.422,16.0,0.0,-0.012623271462115048,0.0,FALLEN
5.424,16.0,0.0,-0.01258126394200407,0.0,FALLEN
5.426,16.0,0.0,-0.012539396213844107,0.0,FALLEN
5.428,16.0,0.0,-0.01249766781243775,0.0,FALLEN
5.43,16.0,0.0,-0.01245607827413566,0.0,FALLEN
5.432,16.0,0.0,-0.012414627136831434,0.0,FALLEN
5.434,16.0,0.0,-0.01237331393995645,0.0,FALLEN
5.436,16.0,0.0,-0.012332138224474763,0.0,FALLEN
5.438,16.0,0.0,-0.012291099532877997,0.0,FALLEN
5.44,16.0,0.0,-0.012250197409180272,0.0,FALLEN
5.442,16.0,0.0,-0.012209431398913123,0.0,FALLEN
5.444,16.0,0.0,-0.012168801049120465,0.0,FALLEN
5.446,16.0,0.0,-0.012128305908353542,0.0,FALLEN
5.448,16.0,0.0,-0.012087945526665936,0.0,FALLEN
5.45,16.0,0.0,-0.012047719455608542,0.0,FALLEN
5.452,16.0,0.0,-0.012007627248224602,0.0,FALLEN
5.454,16.0,0.0,-0.011967668459044732,0.0,FALLEN
5.456,16.0,0.0,-0.011927842644081976,0.0,FALLEN
5.458,16.0,0.0,-0.01188814936082687,0.0,FALLEN
5.46,16.0,0.0,-0.011848588168242523,0.0,FALLEN
5.462,16.0,0.0,-0.011809158626759722,0.0,FALLEN
5.464,16.0,0.0,-0.011769860298272044,0.0,FALLEN
5.466,16.0,0.0,-0.011730692746130991,0.0,FALLEN
5.468,16.0,0.0,-0.011691655535141137,0.0,FALLEN
5.47,16.0,0.0,-0.01165274823155529,0.0,FALLEN
5.472,16.0,0.0,-0.01161397040306968,0.0,FALLEN
5.474,16.0,0.0,-0.011575321618819143,0.0,FALLEN
5.476,16.0,0.0,-0.011536801449372346,0.0,FALLEN
5.478,16.0,0.0,-0.011498409466727012,0.0,FALLEN
5.48,16.0,0.0,-0.011460145244305161,0.0,FALLEN
5.482,16.0,0.0,-0.011422008356948371,0.0,FALLEN
5.484,16.0,0.0,-0.011383998380913056,0.0,FALLEN
5.486,16.0,0.0,-0.01134611489386576,0.0,FALLEN
5.488,16.0,0.0,-0.011308357474878458,0.0,FALLEN
5.49,16.0,0.0,-0.011270725704423884,0.0,FALLEN
5.492,16.0,0.0,-0.01123321916437087,0.0,FALLEN
5.494,16.0,0.0,-0.011195837437979694,0.0,FALLEN
5.496,16.0,0.0,-0.011158580109897457,0.0,FALLEN
5.498,16.0,0.0,-0.011121446766153462,0.0,FALLEN
5.5,16.0,0.0,-0.011084436994154623,0.0,FALLEN
