spin_rpm,kick_ms,capture_deg,inertia_scale,I_w,case,tau,feedback,physics_substeps,success,peak_opposite_deg,rise_deg,upright_s,capture_s,kick_start_s,tail_angle_deg,tail_rate_dps,impacted,final_phase
100,20,5,0.5,0.001225,nominal,0.18,ideal,1,False,0,0.10512741413435656,,,0.034,,,True,FALLEN
100,50,5,0.5,0.001225,nominal,0.18,ideal,1,False,0,0.45814958492772284,,,0.034,,,True,FALLEN
100,100,5,0.5,0.001225,nominal,0.18,ideal,1,False,0,1.1575443507050327,,,0.034,,,True,FALLEN
100,200,5,0.5,0.001225,nominal,0.18,ideal,1,False,0,1.5293102743570426,,,0.034,,,True,FALLEN
100,350,5,0.5,0.001225,nominal,0.18,ideal,1,False,0,1.5293102743570426,,,0.034,,,True,FALLEN
100,500,5,0.5,0.001225,nominal,0.18,ideal,1,False,0,1.5293102743570426,,,0.034,,,True,FALLEN
100,20,10,0.5,0.001225,nominal,0.18,ideal,1,False,0,0.10512741413435656,,,0.034,,,True,FALLEN
100,50,10,0.5,0.001225,nominal,0.18,ideal,1,False,0,0.45814958492772284,,,0.034,,,True,FALLEN
100,100,10,0.5,0.001225,nominal,0.18,ideal,1,False,0,1.1575443507050327,,,0.034,,,True,FALLEN
100,200,10,0.5,0.001225,nominal,0.18,ideal,1,False,0,1.5293102743570426,,,0.034,,,True,FALLEN
100,350,10,0.5,0.001225,nominal,0.18,ideal,1,False,0,1.5293102743570426,,,0.034,,,True,FALLEN
100,500,10,0.5,0.001225,nominal,0.18,ideal,1,False,0,1.5293102743570426,,,0.034,,,True,FALLEN
100,20,15,0.5,0.001225,nominal,0.18,ideal,1,False,0,0.10512741413435656,,,0.034,,,True,FALLEN
100,50,15,0.5,0.001225,nominal,0.18,ideal,1,False,0,0.45814958492772284,,,0.034,,,True,FALLEN
100,100,15,0.5,0.001225,nominal,0.18,ideal,1,False,0,1.407200123266696,,0.13,0.034,16.0,0.0,True,FALLEN
100,200,15,0.5,0.001225,nominal,0.18,ideal,1,False,0,1.407200123266696,,0.13,0.034,16.0,0.0,True,FALLEN
100,350,15,0.5,0.001225,nominal,0.18,ideal,1,False,0,1.407200123266696,,0.13,0.034,16.0,0.0,True,FALLEN
100,500,15,0.5,0.001225,nominal,0.18,ideal,1,False,0,1.407200123266696,,0.13,0.034,16.0,0.0,True,FALLEN
150,20,5,0.5,0.001225,nominal,0.18,ideal,1,False,0,0.1454372761703695,,,0.054,,,True,FALLEN
150,50,5,0.5,0.001225,nominal,0.18,ideal,1,False,0,0.6515977621157241,,,0.054,,,True,FALLEN
150,100,5,0.5,0.001225,nominal,0.18,ideal,1,False,0,1.7923239122959753,,,0.054,,,True,FALLEN
150,200,5,0.5,0.001225,nominal,0.18,ideal,1,False,0,3.187560331282439,,,0.054,,,True,FALLEN
150,350,5,0.5,0.001225,nominal,0.18,ideal,1,False,0,3.2181564125816386,,,0.054,,,True,FALLEN
150,500,5,0.5,0.001225,nominal,0.18,ideal,1,False,0,3.2181564125816386,,,0.054,,,True,FALLEN
150,20,10,0.5,0.001225,nominal,0.18,ideal,1,False,0,0.1454372761703695,,,0.054,,,True,FALLEN
150,50,10,0.5,0.001225,nominal,0.18,ideal,1,False,0,0.6515977621157241,,,0.054,,,True,FALLEN
150,100,10,0.5,0.001225,nominal,0.18,ideal,1,False,0,1.7923239122959753,,,0.054,,,True,FALLEN
150,200,10,0.5,0.001225,nominal,0.18,ideal,1,False,0,3.187560331282439,,,0.054,,,True,FALLEN
150,350,10,0.5,0.001225,nominal,0.18,ideal,1,False,0,3.2181564125816386,,,0.054,,,True,FALLEN
150,500,10,0.5,0.001225,nominal,0.18,ideal,1,False,0,3.2181564125816386,,,0.054,,,True,FALLEN
150,20,15,0.5,0.001225,nominal,0.18,ideal,1,False,0,0.1454372761703695,,,0.054,,,True,FALLEN
150,50,15,0.5,0.001225,nominal,0.18,ideal,1,False,0,0.6515977621157241,,,0.054,,,True,FALLEN
150,100,15,0.5,0.001225,nominal,0.18,ideal,1,False,0,1.9054186251194771,,0.13,0.054,16.0,0.0,True,FALLEN
150,200,15,0.5,0.001225,nominal,0.18,ideal,1,False,0,1.9054186251194771,,0.13,0.054,16.0,0.0,True,FALLEN
150,350,15,0.5,0.001225,nominal,0.18,ideal,1,False,0,1.9054186251194771,,0.13,0.054,16.0,0.0,True,FALLEN
150,500,15,0.5,0.001225,nominal,0.18,ideal,1,False,0,1.9054186251194771,,0.13,0.054,16.0,0.0,True,FALLEN
200,20,5,0.5,0.001225,nominal,0.18,ideal,1,False,0,0.15657899603584902,,,0.076,,,True,FALLEN
200,50,5,0.5,0.001225,nominal,0.18,ideal,1,False,0,0.8684874185192033,,,0.076,,,True,FALLEN
200,100,5,0.5,0.001225,nominal,0.18,ideal,1,False,0,2.5877239853369325,,,0.076,,,True,FALLEN
200,200,5,0.5,0.001225,nominal,0.18,ideal,1,False,0,5.467462013454773,,,0.076,,,True,FALLEN
200,350,5,0.5,0.001225,nominal,0.18,ideal,1,False,0,6.793291536895689,,,0.076,,,True,FALLEN
200,500,5,0.5,0.001225,nominal,0.18,ideal,1,False,0,6.793291536895689,,,0.076,,,True,FALLEN
200,20,10,0.5,0.001225,nominal,0.18,ideal,1,False,0,0.15657899603584902,,,0.076,,,True,FALLEN
200,50,10,0.5,0.001225,nominal,0.18,ideal,1,False,0,0.8684874185192033,,,0.076,,,True,FALLEN
200,100,10,0.5,0.001225,nominal,0.18,ideal,1,False,0,2.5877239853369325,,,0.076,,,True,FALLEN
200,200,10,0.5,0.001225,nominal,0.18,ideal,1,False,0,5.467462013454773,,,0.076,,,True,FALLEN
200,350,10,0.5,0.001225,nominal,0.18,ideal,1,False,0,6.642913679519856,,0.316,0.076,16.0,0.0,True,FALLEN
200,500,10,0.5,0.001225,nominal,0.18,ideal,1,False,0,6.642913679519856,,0.316,0.076,16.0,0.0,True,FALLEN
200,20,15,0.5,0.001225,nominal,0.18,ideal,1,False,0,0.15657899603584902,,,0.076,,,True,FALLEN
200,50,15,0.5,0.001225,nominal,0.18,ideal,1,False,0,0.8684874185192033,,,0.076,,,True,FALLEN
200,100,15,0.5,0.001225,nominal,0.18,ideal,1,False,0,2.194287835000262,,0.14200000000000002,0.076,16.0,0.0,True,FALLEN
200,200,15,0.5,0.001225,nominal,0.18,ideal,1,False,0,2.194287835000262,,0.14200000000000002,0.076,16.0,0.0,True,FALLEN
200,350,15,0.5,0.001225,nominal,0.18,ideal,1,False,0,2.194287835000262,,0.14200000000000002,0.076,16.0,0.0,True,FALLEN
200,500,15,0.5,0.001225,nominal,0.18,ideal,1,False,0,2.194287835000262,,0.14200000000000002,0.076,16.0,0.0,True,FALLEN
250,20,5,0.5,0.001225,nominal,0.18,ideal,1,False,0,0.24312815069200866,,,0.10200000000000001,,,True,FALLEN
250,50,5,0.5,0.001225,nominal,0.18,ideal,1,False,0,1.2044950299583146,,,0.10200000000000001,,,True,FALLEN
250,100,5,0.5,0.001225,nominal,0.18,ideal,1,False,0,3.4056305576854555,,,0.10200000000000001,,,True,FALLEN
250,200,5,0.5,0.001225,nominal,0.18,ideal,1,False,0,8.764429458745003,,,0.10200000000000001,,,True,FALLEN
250,350,5,0.5,0.001225,nominal,0.18,ideal,1,True,3.7128995358411556,19.712899535841157,1.008,0.384,0.10200000000000001,1.4239613393876962,4.8727872217572,False,BALANCING
250,500,5,0.5,0.001225,nominal,0.18,ideal,1,True,3.7128995358411556,19.712899535841157,1.008,0.384,0.10200000000000001,1.4239613393876962,4.8727872217572,False,BALANCING
250,20,10,0.5,0.001225,nominal,0.18,ideal,1,False,0,0.24312815069200866,,,0.10200000000000001,,,True,FALLEN
250,50,10,0.5,0.001225,nominal,0.18,ideal,1,False,0,1.2044950299583146,,,0.10200000000000001,,,True,FALLEN
250,100,10,0.5,0.001225,nominal,0.18,ideal,1,False,0,3.4056305576854555,,,0.10200000000000001,,,True,FALLEN
250,200,10,0.5,0.001225,nominal,0.18,ideal,1,False,0,8.29115094039198,,0.28,0.10200000000000001,16.0,0.0,True,FALLEN
250,350,10,0.5,0.001225,nominal,0.18,ideal,1,False,0,8.29115094039198,,0.28,0.10200000000000001,16.0,0.0,True,FALLEN
250,500,10,0.5,0.001225,nominal,0.18,ideal,1,False,0,8.29115094039198,,0.28,0.10200000000000001,16.0,0.0,True,FALLEN
250,20,15,0.5,0.001225,nominal,0.18,ideal,1,False,0,0.24312815069200866,,,0.10200000000000001,,,True,FALLEN
250,50,15,0.5,0.001225,nominal,0.18,ideal,1,False,0,1.2044950299583146,,,0.10200000000000001,,,True,FALLEN
250,100,15,0.5,0.001225,nominal,0.18,ideal,1,False,0,2.4539826006578487,,0.162,0.10200000000000001,16.0,0.0,True,FALLEN
250,200,15,0.5,0.001225,nominal,0.18,ideal,1,False,0,2.4539826006578487,,0.162,0.10200000000000001,16.0,0.0,True,FALLEN
250,350,15,0.5,0.001225,nominal,0.18,ideal,1,False,0,2.4539826006578487,,0.162,0.10200000000000001,16.0,0.0,True,FALLEN
250,500,15,0.5,0.001225,nominal,0.18,ideal,1,False,0,2.4539826006578487,,0.162,0.10200000000000001,16.0,0.0,True,FALLEN
300,20,5,0.5,0.001225,nominal,0.18,ideal,1,False,0,0.30283867016179045,,,0.132,,,True,FALLEN
300,50,5,0.5,0.001225,nominal,0.18,ideal,1,False,0,1.5172127209892796,,,0.132,,,True,FALLEN
300,100,5,0.5,0.001225,nominal,0.18,ideal,1,False,0,4.453899971557666,,,0.132,,,True,FALLEN
300,200,5,0.5,0.001225,nominal,0.18,ideal,1,False,0,14.315563181604507,,,0.132,,,True,FALLEN
300,350,5,0.5,0.001225,nominal,0.18,ideal,1,True,2.5109460549708373,18.510946054970837,1.086,0.36,0.132,1.274791857468428,3.2968663888778433,False,BALANCING
300,500,5,0.5,0.001225,nominal,0.18,ideal,1,True,2.5109460549708373,18.510946054970837,1.086,0.36,0.132,1.274791857468428,3.2968663888778433,False,BALANCING
300,20,10,0.5,0.001225,nominal,0.18,ideal,1,False,0,0.30283867016179045,,,0.132,,,True,FALLEN
300,50,10,0.5,0.001225,nominal,0.18,ideal,1,False,0,1.5172127209892796,,,0.132,,,True,FALLEN
300,100,10,0.5,0.001225,nominal,0.18,ideal,1,False,0,4.453899971557666,,,0.132,,,True,FALLEN
300,200,10,0.5,0.001225,nominal,0.18,ideal,1,False,0,9.164068189388123,,0.28600000000000003,0.132,16.0,0.0,True,FALLEN
300,350,10,0.5,0.001225,nominal,0.18,ideal,1,False,0,9.164068189388123,,0.28600000000000003,0.132,16.0,0.0,True,FALLEN
300,500,10,0.5,0.001225,nominal,0.18,ideal,1,False,0,9.164068189388123,,0.28600000000000003,0.132,16.0,0.0,True,FALLEN
300,20,15,0.5,0.001225,nominal,0.18,ideal,1,False,0,0.30283867016179045,,,0.132,,,True,FALLEN
300,50,15,0.5,0.001225,nominal,0.18,ideal,1,False,0,1.5172127209892796,,,0.132,,,True,FALLEN
300,100,15,0.5,0.001225,nominal,0.18,ideal,1,False,0,2.6764103121509244,,0.188,0.132,16.0,0.0,True,FALLEN
300,200,15,0.5,0.001225,nominal,0.18,ideal,1,False,0,2.6764103121509244,,0.188,0.132,16.0,0.0,True,FALLEN
300,350,15,0.5,0.001225,nominal,0.18,ideal,1,False,0,2.6764103121509244,,0.188,0.132,16.0,0.0,True,FALLEN
300,500,15,0.5,0.001225,nominal,0.18,ideal,1,False,0,2.6764103121509244,,0.188,0.132,16.0,0.0,True,FALLEN
350,20,5,0.5,0.001225,nominal,0.18,ideal,1,False,0,0.36659250753859673,,,0.166,,,True,FALLEN
350,50,5,0.5,0.001225,nominal,0.18,ideal,1,False,0,1.8565362748721856,,,0.166,,,True,FALLEN
350,100,5,0.5,0.001225,nominal,0.18,ideal,1,False,0,5.663921188439003,,,0.166,,,True,FALLEN
350,200,5,0.5,0.001225,nominal,0.18,ideal,1,True,1.6650321494221818,17.66503214942218,1.224,0.368,0.166,1.0884862846443921,2.186927781296378,False,BALANCING
350,350,5,0.5,0.001225,nominal,0.18,ideal,1,True,1.6650321494221818,17.66503214942218,1.224,0.368,0.166,1.0884862846443921,2.186927781296378,False,BALANCING
350,500,5,0.5,0.001225,nominal,0.18,ideal,1,True,1.6650321494221818,17.66503214942218,1.224,0.368,0.166,1.0884862846443921,2.186927781296378,False,BALANCING
350,20,10,0.5,0.001225,nominal,0.18,ideal,1,False,0,0.36659250753859673,,,0.166,,,True,FALLEN
350,50,10,0.5,0.001225,nominal,0.18,ideal,1,False,0,1.8565362748721856,,,0.166,,,True,FALLEN
350,100,10,0.5,0.001225,nominal,0.18,ideal,1,False,0,5.663921188439003,,,0.166,,,True,FALLEN
350,200,10,0.5,0.001225,nominal,0.18,ideal,1,False,0,9.833026744388441,,0.306,0.166,16.0,0.0,True,FALLEN
350,350,10,0.5,0.001225,nominal,0.18,ideal,1,False,0,9.833026744388441,,0.306,0.166,16.0,0.0,True,FALLEN
350,500,10,0.5,0.001225,nominal,0.18,ideal,1,False,0,9.833026744388441,,0.306,0.166,16.0,0.0,True,FALLEN
350,20,15,0.5,0.001225,nominal,0.18,ideal,1,False,0,0.36659250753859673,,,0.166,,,True,FALLEN
350,50,15,0.5,0.001225,nominal,0.18,ideal,1,False,0,2.797600434472418,,0.218,0.166,16.0,0.0,True,FALLEN
350,100,15,0.5,0.001225,nominal,0.18,ideal,1,False,0,2.797600434472418,,0.218,0.166,16.0,0.0,True,FALLEN
350,200,15,0.5,0.001225,nominal,0.18,ideal,1,False,0,2.797600434472418,,0.218,0.166,16.0,0.0,True,FALLEN
350,350,15,0.5,0.001225,nominal,0.18,ideal,1,False,0,2.797600434472418,,0.218,0.166,16.0,0.0,True,FALLEN
350,500,15,0.5,0.001225,nominal,0.18,ideal,1,False,0,2.797600434472418,,0.218,0.166,16.0,0.0,True,FALLEN
400,20,5,0.5,0.001225,nominal,0.18,ideal,1,False,0,0.3636844352934929,,,0.21,,,True,FALLEN
400,50,5,0.5,0.001225,nominal,0.18,ideal,1,False,0,2.1076072087387665,,,0.21,,,True,FALLEN
400,100,5,0.5,0.001225,nominal,0.18,ideal,1,False,0,7.2627160817749346,,,0.21,,,True,FALLEN
400,200,5,0.5,0.001225,nominal,0.18,ideal,1,True,0.8229134332592173,16.822913433259217,1.54,0.394,0.21,0.7405627535973074,1.0226986433219747,False,BALANCING
400,350,5,0.5,0.001225,nominal,0.18,ideal,1,True,0.8229134332592173,16.822913433259217,1.54,0.394,0.21,0.7405627535973074,1.0226986433219747,False,BALANCING
400,500,5,0.5,0.001225,nominal,0.18,ideal,1,True,0.8229134332592173,16.822913433259217,1.54,0.394,0.21,0.7405627535973074,1.0226986433219747,False,BALANCING
400,20,10,0.5,0.001225,nominal,0.18,ideal,1,False,0,0.3636844352934929,,,0.21,,,True,FALLEN
400,50,10,0.5,0.001225,nominal,0.18,ideal,1,False,0,2.1076072087387665,,,0.21,,,True,FALLEN
400,100,10,0.5,0.001225,nominal,0.18,ideal,1,False,0,7.2627160817749346,,,0.21,,,True,FALLEN
400,200,10,0.5,0.001225,nominal,0.18,ideal,1,False,0,10.559561485665567,,0.34,0.21,16.0,0.0,True,FALLEN
400,350,10,0.5,0.001225,nominal,0.18,ideal,1,False,0,10.559561485665567,,0.34,0.21,16.0,0.0,True,FALLEN
400,500,10,0.5,0.001225,nominal,0.18,ideal,1,False,0,10.559561485665567,,0.34,0.21,16.0,0.0,True,FALLEN
400,20,15,0.5,0.001225,nominal,0.18,ideal,1,False,0,0.3636844352934929,,,0.21,,,True,FALLEN
400,50,15,0.5,0.001225,nominal,0.18,ideal,1,False,0,2.986081212303528,,0.26,0.21,16.0,0.0,True,FALLEN
400,100,15,0.5,0.001225,nominal,0.18,ideal,1,False,0,2.986081212303528,,0.26,0.21,16.0,0.0,True,FALLEN
400,200,15,0.5,0.001225,nominal,0.18,ideal,1,False,0,2.986081212303528,,0.26,0.21,16.0,0.0,True,FALLEN
400,350,15,0.5,0.001225,nominal,0.18,ideal,1,False,0,2.986081212303528,,0.26,0.21,16.0,0.0,True,FALLEN
400,500,15,0.5,0.001225,nominal,0.18,ideal,1,False,0,2.986081212303528,,0.26,0.21,16.0,0.0,True,FALLEN
450,20,5,0.5,0.001225,nominal,0.18,ideal,1,False,0,0.43267747331521633,,,0.268,,,True,FALLEN
450,50,5,0.5,0.001225,nominal,0.18,ideal,1,False,0,2.72633249185089,,,0.268,,,True,FALLEN
450,100,5,0.5,0.001225,nominal,0.18,ideal,1,False,0,9.9231270121347,,,0.268,,,True,FALLEN
450,200,5,0.5,0.001225,nominal,0.18,ideal,1,True,0.5468949324805888,16.54689493248059,2.5460000000000003,0.438,0.268,0.5468949324805888,0.6959054568769029,False,BALANCING
450,350,5,0.5,0.001225,nominal,0.18,ideal,1,True,0.5468949324805888,16.54689493248059,2.5460000000000003,0.438,0.268,0.5468949324805888,0.6959054568769029,False,BALANCING
450,500,5,0.5,0.001225,nominal,0.18,ideal,1,True,0.5468949324805888,16.54689493248059,2.5460000000000003,0.438,0.268,0.5468949324805888,0.6959054568769029,False,BALANCING
450,20,10,0.5,0.001225,nominal,0.18,ideal,1,False,0,0.43267747331521633,,,0.268,,,True,FALLEN
450,50,10,0.5,0.001225,nominal,0.18,ideal,1,False,0,2.72633249185089,,,0.268,,,True,FALLEN
450,100,10,0.5,0.001225,nominal,0.18,ideal,1,False,0,9.9231270121347,,,0.268,,,True,FALLEN
450,200,10,0.5,0.001225,nominal,0.18,ideal,1,False,0,10.9523954930266,,0.388,0.268,16.0,0.0,True,FALLEN
450,350,10,0.5,0.001225,nominal,0.18,ideal,1,False,0,10.9523954930266,,0.388,0.268,16.0,0.0,True,FALLEN
450,500,10,0.5,0.001225,nominal,0.18,ideal,1,False,0,10.9523954930266,,0.388,0.268,16.0,0.0,True,FALLEN
450,20,15,0.5,0.001225,nominal,0.18,ideal,1,False,0,0.43267747331521633,,,0.268,,,True,FALLEN
450,50,15,0.5,0.001225,nominal,0.18,ideal,1,False,0,2.975212232952625,,0.314,0.268,16.0,0.0,True,FALLEN
450,100,15,0.5,0.001225,nominal,0.18,ideal,1,False,0,2.975212232952625,,0.314,0.268,16.0,0.0,True,FALLEN
450,200,15,0.5,0.001225,nominal,0.18,ideal,1,False,0,2.975212232952625,,0.314,0.268,16.0,0.0,True,FALLEN
450,350,15,0.5,0.001225,nominal,0.18,ideal,1,False,0,2.975212232952625,,0.314,0.268,16.0,0.0,True,FALLEN
450,500,15,0.5,0.001225,nominal,0.18,ideal,1,False,0,2.975212232952625,,0.314,0.268,16.0,0.0,True,FALLEN
500,20,5,0.5,0.001225,nominal,0.18,ideal,1,False,0,0.5096850973797693,,,0.352,,,True,FALLEN
500,50,5,0.5,0.001225,nominal,0.18,ideal,1,False,0,3.0248794244850483,,,0.352,,,True,FALLEN
500,100,5,0.5,0.001225,nominal,0.18,ideal,1,False,0,13.981630483772317,,,0.352,,,True,FALLEN
500,200,5,0.5,0.001225,nominal,0.18,ideal,1,True,0.8580947534557762,16.858094753455777,0.5760000000000001,0.512,0.352,0.584858033886376,2.07352565252304,False,BALANCING
500,350,5,0.5,0.001225,nominal,0.18,ideal,1,True,0.8580947534557762,16.858094753455777,0.5760000000000001,0.512,0.352,0.584858033886376,2.07352565252304,False,BALANCING
500,500,5,0.5,0.001225,nominal,0.18,ideal,1,True,0.8580947534557762,16.858094753455777,0.5760000000000001,0.512,0.352,0.584858033886376,2.07352565252304,False,BALANCING
500,20,10,0.5,0.001225,nominal,0.18,ideal,1,False,0,0.5096850973797693,,,0.352,,,True,FALLEN
500,50,10,0.5,0.001225,nominal,0.18,ideal,1,False,0,3.0248794244850483,,,0.352,,,True,FALLEN
500,100,10,0.5,0.001225,nominal,0.18,ideal,1,False,0,13.981630483772317,,,0.352,,,True,FALLEN
500,200,10,0.5,0.001225,nominal,0.18,ideal,1,False,0,11.785417822726071,,0.466,0.352,16.0,0.0,True,FALLEN
500,350,10,0.5,0.001225,nominal,0.18,ideal,1,False,0,11.785417822726071,,0.466,0.352,16.0,0.0,True,FALLEN
500,500,10,0.5,0.001225,nominal,0.18,ideal,1,False,0,11.785417822726071,,0.466,0.352,16.0,0.0,True,FALLEN
500,20,15,0.5,0.001225,nominal,0.18,ideal,1,False,0,0.5096850973797693,,,0.352,,,True,FALLEN
500,50,15,0.5,0.001225,nominal,0.18,ideal,1,False,0,3.046564280828939,,0.396,0.352,16.0,0.0,True,FALLEN
500,100,15,0.5,0.001225,nominal,0.18,ideal,1,False,0,3.046564280828939,,0.396,0.352,16.0,0.0,True,FALLEN
500,200,15,0.5,0.001225,nominal,0.18,ideal,1,False,0,3.046564280828939,,0.396,0.352,16.0,0.0,True,FALLEN
500,350,15,0.5,0.001225,nominal,0.18,ideal,1,False,0,3.046564280828939,,0.396,0.352,16.0,0.0,True,FALLEN
500,500,15,0.5,0.001225,nominal,0.18,ideal,1,False,0,3.046564280828939,,0.396,0.352,16.0,0.0,True,FALLEN
550,20,5,0.5,0.001225,nominal,0.18,ideal,1,False,0,0.5980075586473994,,,0.52,,,True,FALLEN
550,50,5,0.5,0.001225,nominal,0.18,ideal,1,False,0,3.606779971118007,,,0.52,,,True,FALLEN
550,100,5,0.5,0.001225,nominal,0.18,ideal,1,False,16.0,32.0,0.78,,0.52,,,True,FALLEN
550,200,5,0.5,0.001225,nominal,0.18,ideal,1,True,2.563273001296911,18.56327300129691,0.722,0.672,0.52,1.6087319719241093,4.119947910613537,False,BALANCING
550,350,5,0.5,0.001225,nominal,0.18,ideal,1,True,2.563273001296911,18.56327300129691,0.722,0.672,0.52,1.6087319719241093,4.119947910613537,False,BALANCING
550,500,5,0.5,0.001225,nominal,0.18,ideal,1,True,2.563273001296911,18.56327300129691,0.722,0.672,0.52,1.6087319719241093,4.119947910613537,False,BALANCING
550,20,10,0.5,0.001225,nominal,0.18,ideal,1,False,0,0.5980075586473994,,,0.52,,,True,FALLEN
550,50,10,0.5,0.001225,nominal,0.18,ideal,1,False,0,3.606779971118007,,,0.52,,,True,FALLEN
550,100,10,0.5,0.001225,nominal,0.18,ideal,1,False,16.0,32.0,0.78,,0.52,,,True,FALLEN
550,200,10,0.5,0.001225,nominal,0.18,ideal,1,False,0,12.50038028017548,,0.628,0.52,16.0,0.0,True,FALLEN
550,350,10,0.5,0.001225,nominal,0.18,ideal,1,False,0,12.50038028017548,,0.628,0.52,16.0,0.0,True,FALLEN
550,500,10,0.5,0.001225,nominal,0.18,ideal,1,False,0,12.50038028017548,,0.628,0.52,16.0,0.0,True,FALLEN
550,20,15,0.5,0.001225,nominal,0.18,ideal,1,False,0,0.5980075586473994,,,0.52,,,True,FALLEN
550,50,15,0.5,0.001225,nominal,0.18,ideal,1,False,0,3.077737027777639,,0.562,0.52,16.0,0.0,True,FALLEN
550,100,15,0.5,0.001225,nominal,0.18,ideal,1,False,0,3.077737027777639,,0.562,0.52,16.0,0.0,True,FALLEN
550,200,15,0.5,0.001225,nominal,0.18,ideal,1,False,0,3.077737027777639,,0.562,0.52,16.0,0.0,True,FALLEN
550,350,15,0.5,0.001225,nominal,0.18,ideal,1,False,0,3.077737027777639,,0.562,0.52,16.0,0.0,True,FALLEN
550,500,15,0.5,0.001225,nominal,0.18,ideal,1,False,0,3.077737027777639,,0.562,0.52,16.0,0.0,True,FALLEN
580,20,5,0.5,0.001225,nominal,0.18,ideal,1,False,0,0.656123970497287,,,0.982,,,True,FALLEN
580,50,5,0.5,0.001225,nominal,0.18,ideal,1,False,0,4.005543001977573,,,0.982,,,True,FALLEN
580,100,5,0.5,0.001225,nominal,0.18,ideal,1,False,16.0,32.0,1.222,,0.982,,,True,FALLEN
580,200,5,0.5,0.001225,nominal,0.18,ideal,1,False,16.0,32.0,1.176,1.1280000000000001,0.982,16.0,0.0,True,FALLEN
580,350,5,0.5,0.001225,nominal,0.18,ideal,1,False,16.0,32.0,1.176,1.1280000000000001,0.982,16.0,0.0,True,FALLEN
580,500,5,0.5,0.001225,nominal,0.18,ideal,1,False,16.0,32.0,1.176,1.1280000000000001,0.982,16.0,0.0,True,FALLEN
580,20,10,0.5,0.001225,nominal,0.18,ideal,1,False,0,0.656123970497287,,,0.982,,,True,FALLEN
580,50,10,0.5,0.001225,nominal,0.18,ideal,1,False,0,4.005543001977573,,,0.982,,,True,FALLEN
580,100,10,0.5,0.001225,nominal,0.18,ideal,1,False,16.0,32.0,1.222,,0.982,,,True,FALLEN
580,200,10,0.5,0.001225,nominal,0.18,ideal,1,False,0,13.283112941258263,,1.088,0.982,16.0,0.0,True,FALLEN
580,350,10,0.5,0.001225,nominal,0.18,ideal,1,False,0,13.283112941258263,,1.088,0.982,16.0,0.0,True,FALLEN
580,500,10,0.5,0.001225,nominal,0.18,ideal,1,False,0,13.283112941258263,,1.088,0.982,16.0,0.0,True,FALLEN
580,20,15,0.5,0.001225,nominal,0.18,ideal,1,False,0,0.656123970497287,,,0.982,,,True,FALLEN
580,50,15,0.5,0.001225,nominal,0.18,ideal,1,False,0,3.19165946649629,,1.024,0.982,16.0,0.0,True,FALLEN
580,100,15,0.5,0.001225,nominal,0.18,ideal,1,False,0,3.19165946649629,,1.024,0.982,16.0,0.0,True,FALLEN
580,200,15,0.5,0.001225,nominal,0.18,ideal,1,False,0,3.19165946649629,,1.024,0.982,16.0,0.0,True,FALLEN
580,350,15,0.5,0.001225,nominal,0.18,ideal,1,False,0,3.19165946649629,,1.024,0.982,16.0,0.0,True,FALLEN
580,500,15,0.5,0.001225,nominal,0.18,ideal,1,False,0,3.19165946649629,,1.024,0.982,16.0,0.0,True,FALLEN
100,20,5,0.5,0.001225,half_20ms,0.18,ideal,1,False,0,0.0,,,0.034,,,False,FALLEN
100,50,5,0.5,0.001225,half_20ms,0.18,ideal,1,False,0,0.0,,,0.034,,,False,FALLEN
100,100,5,0.5,0.001225,half_20ms,0.18,ideal,1,False,0,0.03984518988979602,,,0.034,,,True,FALLEN
100,200,5,0.5,0.001225,half_20ms,0.18,ideal,1,False,0,0.19244936003573265,,,0.034,,,True,FALLEN
100,350,5,0.5,0.001225,half_20ms,0.18,ideal,1,False,0,0.19244936003573265,,,0.034,,,True,FALLEN
100,500,5,0.5,0.001225,half_20ms,0.18,ideal,1,False,0,0.19244936003573265,,,0.034,,,True,FALLEN
100,20,10,0.5,0.001225,half_20ms,0.18,ideal,1,False,0,0.0,,,0.034,,,False,FALLEN
100,50,10,0.5,0.001225,half_20ms,0.18,ideal,1,False,0,0.0,,,0.034,,,False,FALLEN
100,100,10,0.5,0.001225,half_20ms,0.18,ideal,1,False,0,0.03984518988979602,,,0.034,,,True,FALLEN
100,200,10,0.5,0.001225,half_20ms,0.18,ideal,1,False,0,0.19244936003573265,,,0.034,,,True,FALLEN
100,350,10,0.5,0.001225,half_20ms,0.18,ideal,1,False,0,0.19244936003573265,,,0.034,,,True,FALLEN
100,500,10,0.5,0.001225,half_20ms,0.18,ideal,1,False,0,0.19244936003573265,,,0.034,,,True,FALLEN
100,20,15,0.5,0.001225,half_20ms,0.18,ideal,1,False,0,0.0,,,0.034,,,False,FALLEN
100,50,15,0.5,0.001225,half_20ms,0.18,ideal,1,False,0,0.0,,,0.034,,,False,FALLEN
100,100,15,0.5,0.001225,half_20ms,0.18,ideal,1,False,0,0.03984518988979602,,,0.034,,,True,FALLEN
100,200,15,0.5,0.001225,half_20ms,0.18,ideal,1,False,0,0.19244936003573265,,,0.034,,,True,FALLEN
100,350,15,0.5,0.001225,half_20ms,0.18,ideal,1,False,0,0.19244936003573265,,,0.034,,,True,FALLEN
100,500,15,0.5,0.001225,half_20ms,0.18,ideal,1,False,0,0.19244936003573265,,,0.034,,,True,FALLEN
150,20,5,0.5,0.001225,half_20ms,0.18,ideal,1,False,0,0.0,,,0.054,,,False,FALLEN
150,50,5,0.5,0.001225,half_20ms,0.18,ideal,1,False,0,0.0,,,0.054,,,False,FALLEN
150,100,5,0.5,0.001225,half_20ms,0.18,ideal,1,False,0,0.0,,,0.054,,,False,FALLEN
150,200,5,0.5,0.001225,half_20ms,0.18,ideal,1,False,0,0.19226835329464897,,,0.054,,,True,FALLEN
150,350,5,0.5,0.001225,half_20ms,0.18,ideal,1,False,0,0.19226835329464897,,,0.054,,,True,FALLEN
150,500,5,0.5,0.001225,half_20ms,0.18,ideal,1,False,0,0.19226835329464897,,,0.054,,,True,FALLEN
150,20,10,0.5,0.001225,half_20ms,0.18,ideal,1,False,0,0.0,,,0.054,,,False,FALLEN
150,50,10,0.5,0.001225,half_20ms,0.18,ideal,1,False,0,0.0,,,0.054,,,False,FALLEN
150,100,10,0.5,0.001225,half_20ms,0.18,ideal,1,False,0,0.0,,,0.054,,,False,FALLEN
150,200,10,0.5,0.001225,half_20ms,0.18,ideal,1,False,0,0.19226835329464897,,,0.054,,,True,FALLEN
150,350,10,0.5,0.001225,half_20ms,0.18,ideal,1,False,0,0.19226835329464897,,,0.054,,,True,FALLEN
150,500,10,0.5,0.001225,half_20ms,0.18,ideal,1,False,0,0.19226835329464897,,,0.054,,,True,FALLEN
150,20,15,0.5,0.001225,half_20ms,0.18,ideal,1,False,0,0.0,,,0.054,,,False,FALLEN
150,50,15,0.5,0.001225,half_20ms,0.18,ideal,1,False,0,0.0,,,0.054,,,False,FALLEN
150,100,15,0.5,0.001225,half_20ms,0.18,ideal,1,False,0,0.0,,,0.054,,,False,FALLEN
150,200,15,0.5,0.001225,half_20ms,0.18,ideal,1,False,0,0.19226835329464897,,,0.054,,,True,FALLEN
150,350,15,0.5,0.001225,half_20ms,0.18,ideal,1,False,0,0.19226835329464897,,,0.054,,,True,FALLEN
150,500,15,0.5,0.001225,half_20ms,0.18,ideal,1,False,0,0.19226835329464897,,,0.054,,,True,FALLEN
200,20,5,0.5,0.001225,half_20ms,0.18,ideal,1,False,0,0.0,,,0.076,,,False,FALLEN
200,50,5,0.5,0.001225,half_20ms,0.18,ideal,1,False,0,0.0,,,0.076,,,False,FALLEN
200,100,5,0.5,0.001225,half_20ms,0.18,ideal,1,False,0,0.0,,,0.076,,,False,FALLEN
200,200,5,0.5,0.001225,half_20ms,0.18,ideal,1,False,0,0.19344271924947343,,,0.076,,,True,FALLEN
200,350,5,0.5,0.001225,half_20ms,0.18,ideal,1,False,0,0.19344271924947343,,,0.076,,,True,FALLEN
200,500,5,0.5,0.001225,half_20ms,0.18,ideal,1,False,0,0.19344271924947343,,,0.076,,,True,FALLEN
200,20,10,0.5,0.001225,half_20ms,0.18,ideal,1,False,0,0.0,,,0.076,,,False,FALLEN
200,50,10,0.5,0.001225,half_20ms,0.18,ideal,1,False,0,0.0,,,0.076,,,False,FALLEN
200,100,10,0.5,0.001225,half_20ms,0.18,ideal,1,False,0,0.0,,,0.076,,,False,FALLEN
200,200,10,0.5,0.001225,half_20ms,0.18,ideal,1,False,0,0.19344271924947343,,,0.076,,,True,FALLEN
200,350,10,0.5,0.001225,half_20ms,0.18,ideal,1,False,0,0.19344271924947343,,,0.076,,,True,FALLEN
200,500,10,0.5,0.001225,half_20ms,0.18,ideal,1,False,0,0.19344271924947343,,,0.076,,,True,FALLEN
200,20,15,0.5,0.001225,half_20ms,0.18,ideal,1,False,0,0.0,,,0.076,,,False,FALLEN
200,50,15,0.5,0.001225,half_20ms,0.18,ideal,1,False,0,0.0,,,0.076,,,False,FALLEN
200,100,15,0.5,0.001225,half_20ms,0.18,ideal,1,False,0,0.0,,,0.076,,,False,FALLEN
200,200,15,0.5,0.001225,half_20ms,0.18,ideal,1,False,0,0.19344271924947343,,,0.076,,,True,FALLEN
200,350,15,0.5,0.001225,half_20ms,0.18,ideal,1,False,0,0.19344271924947343,,,0.076,,,True,FALLEN
200,500,15,0.5,0.001225,half_20ms,0.18,ideal,1,False,0,0.19344271924947343,,,0.076,,,True,FALLEN
250,20,5,0.5,0.001225,half_20ms,0.18,ideal,1,False,0,0.0,,,0.10200000000000001,,,False,FALLEN
250,50,5,0.5,0.001225,half_20ms,0.18,ideal,1,False,0,0.0,,,0.10200000000000001,,,False,FALLEN
250,100,5,0.5,0.001225,half_20ms,0.18,ideal,1,False,0,0.0,,,0.10200000000000001,,,False,FALLEN
250,200,5,0.5,0.001225,half_20ms,0.18,ideal,1,False,0,0.15612508452486118,,,0.10200000000000001,,,True,FALLEN
250,350,5,0.5,0.001225,half_20ms,0.18,ideal,1,False,0,0.19271757167538972,,,0.10200000000000001,,,True,FALLEN
250,500,5,0.5,0.001225,half_20ms,0.18,ideal,1,False,0,0.19271757167538972,,,0.10200000000000001,,,True,FALLEN
250,20,10,0.5,0.001225,half_20ms,0.18,ideal,1,False,0,0.0,,,0.10200000000000001,,,False,FALLEN
250,50,10,0.5,0.001225,half_20ms,0.18,ideal,1,False,0,0.0,,,0.10200000000000001,,,False,FALLEN
250,100,10,0.5,0.001225,half_20ms,0.18,ideal,1,False,0,0.0,,,0.10200000000000001,,,False,FALLEN
250,200,10,0.5,0.001225,half_20ms,0.18,ideal,1,False,0,0.15612508452486118,,,0.10200000000000001,,,True,FALLEN
250,350,10,0.5,0.001225,half_20ms,0.18,ideal,1,False,0,0.19271757167538972,,,0.10200000000000001,,,True,FALLEN
250,500,10,0.5,0.001225,half_20ms,0.18,ideal,1,False,0,0.19271757167538972,,,0.10200000000000001,,,True,FALLEN
250,20,15,0.5,0.001225,half_20ms,0.18,ideal,1,False,0,0.0,,,0.10200000000000001,,,False,FALLEN
250,50,15,0.5,0.001225,half_20ms,0.18,ideal,1,False,0,0.0,,,0.10200000000000001,,,False,FALLEN
250,100,15,0.5,0.001225,half_20ms,0.18,ideal,1,False,0,0.0,,,0.10200000000000001,,,False,FALLEN
250,200,15,0.5,0.001225,half_20ms,0.18,ideal,1,False,0,0.15612508452486118,,,0.10200000000000001,,,True,FALLEN
250,350,15,0.5,0.001225,half_20ms,0.18,ideal,1,False,0,0.19271757167538972,,,0.10200000000000001,,,True,FALLEN
250,500,15,0.5,0.001225,half_20ms,0.18,ideal,1,False,0,0.19271757167538972,,,0.10200000000000001,,,True,FALLEN
300,20,5,0.5,0.001225,half_20ms,0.18,ideal,1,False,0,0.0,,,0.132,,,False,FALLEN
300,50,5,0.5,0.001225,half_20ms,0.18,ideal,1,False,0,0.0,,,0.132,,,False,FALLEN
300,100,5,0.5,0.001225,half_20ms,0.18,ideal,1,False,0,0.0,,,0.132,,,False,FALLEN
300,200,5,0.5,0.001225,half_20ms,0.18,ideal,1,False,0,0.08085237965346437,,,0.132,,,True,FALLEN
300,350,5,0.5,0.001225,half_20ms,0.18,ideal,1,False,0,0.1914877455585966,,,0.132,,,True,FALLEN
300,500,5,0.5,0.001225,half_20ms,0.18,ideal,1,False,0,0.1914877455585966,,,0.132,,,True,FALLEN
300,20,10,0.5,0.001225,half_20ms,0.18,ideal,1,False,0,0.0,,,0.132,,,False,FALLEN
300,50,10,0.5,0.001225,half_20ms,0.18,ideal,1,False,0,0.0,,,0.132,,,False,FALLEN
300,100,10,0.5,0.001225,half_20ms,0.18,ideal,1,False,0,0.0,,,0.132,,,False,FALLEN
300,200,10,0.5,0.001225,half_20ms,0.18,ideal,1,False,0,0.08085237965346437,,,0.132,,,True,FALLEN
300,350,10,0.5,0.001225,half_20ms,0.18,ideal,1,False,0,0.1914877455585966,,,0.132,,,True,FALLEN
300,500,10,0.5,0.001225,half_20ms,0.18,ideal,1,False,0,0.1914877455585966,,,0.132,,,True,FALLEN
300,20,15,0.5,0.001225,half_20ms,0.18,ideal,1,False,0,0.0,,,0.132,,,False,FALLEN
300,50,15,0.5,0.001225,half_20ms,0.18,ideal,1,False,0,0.0,,,0.132,,,False,FALLEN
300,100,15,0.5,0.001225,half_20ms,0.18,ideal,1,False,0,0.0,,,0.132,,,False,FALLEN
300,200,15,0.5,0.001225,half_20ms,0.18,ideal,1,False,0,0.08085237965346437,,,0.132,,,True,FALLEN
300,350,15,0.5,0.001225,half_20ms,0.18,ideal,1,False,0,0.1914877455585966,,,0.132,,,True,FALLEN
300,500,15,0.5,0.001225,half_20ms,0.18,ideal,1,False,0,0.1914877455585966,,,0.132,,,True,FALLEN
350,20,5,0.5,0.001225,half_20ms,0.18,ideal,1,False,0,0.0,,,0.166,,,False,FALLEN
350,50,5,0.5,0.001225,half_20ms,0.18,ideal,1,False,0,0.0,,,0.166,,,False,FALLEN
350,100,5,0.5,0.001225,half_20ms,0.18,ideal,1,False,0,0.0,,,0.166,,,False,FALLEN
350,200,5,0.5,0.001225,half_20ms,0.18,ideal,1,False,0,0.024757017599231546,,,0.166,,,True,FALLEN
350,350,5,0.5,0.001225,half_20ms,0.18,ideal,1,False,0,0.19722015745812094,,,0.166,,,True,FALLEN
350,500,5,0.5,0.001225,half_20ms,0.18,ideal,1,False,0,0.19722015745812094,,,0.166,,,True,FALLEN
350,20,10,0.5,0.001225,half_20ms,0.18,ideal,1,False,0,0.0,,,0.166,,,False,FALLEN
350,50,10,0.5,0.001225,half_20ms,0.18,ideal,1,False,0,0.0,,,0.166,,,False,FALLEN
350,100,10,0.5,0.001225,half_20ms,0.18,ideal,1,False,0,0.0,,,0.166,,,False,FALLEN
350,200,10,0.5,0.001225,half_20ms,0.18,ideal,1,False,0,0.024757017599231546,,,0.166,,,True,FALLEN
350,350,10,0.5,0.001225,half_20ms,0.18,ideal,1,False,0,0.19722015745812094,,,0.166,,,True,FALLEN
350,500,10,0.5,0.001225,half_20ms,0.18,ideal,1,False,0,0.19722015745812094,,,0.166,,,True,FALLEN
350,20,15,0.5,0.001225,half_20ms,0.18,ideal,1,False,0,0.0,,,0.166,,,False,FALLEN
350,50,15,0.5,0.001225,half_20ms,0.18,ideal,1,False,0,0.0,,,0.166,,,False,FALLEN
350,100,15,0.5,0.001225,half_20ms,0.18,ideal,1,False,0,0.0,,,0.166,,,False,FALLEN
350,200,15,0.5,0.001225,half_20ms,0.18,ideal,1,False,0,0.024757017599231546,,,0.166,,,True,FALLEN
350,350,15,0.5,0.001225,half_20ms,0.18,ideal,1,False,0,0.19722015745812094,,,0.166,,,True,FALLEN
350,500,15,0.5,0.001225,half_20ms,0.18,ideal,1,False,0,0.19722015745812094,,,0.166,,,True,FALLEN
400,20,5,0.5,0.001225,half_20ms,0.18,ideal,1,False,0,0.0,,,0.21,,,False,FALLEN
400,50,5,0.5,0.001225,half_20ms,0.18,ideal,1,False,0,0.00022655679705607668,,,0.21,,,True,FALLEN
400,100,5,0.5,0.001225,half_20ms,0.18,ideal,1,False,0,0.00022655679705607668,,,0.21,,,True,FALLEN
400,200,5,0.5,0.001225,half_20ms,0.18,ideal,1,False,0,0.00022655679705607668,,,0.21,,,True,FALLEN
400,350,5,0.5,0.001225,half_20ms,0.18,ideal,1,False,0,0.1940540968048481,,,0.21,,,True,FALLEN
400,500,5,0.5,0.001225,half_20ms,0.18,ideal,1,False,0,0.1940540968048481,,,0.21,,,True,FALLEN
400,20,10,0.5,0.001225,half_20ms,0.18,ideal,1,False,0,0.0,,,0.21,,,False,FALLEN
400,50,10,0.5,0.001225,half_20ms,0.18,ideal,1,False,0,0.00022655679705607668,,,0.21,,,True,FALLEN
400,100,10,0.5,0.001225,half_20ms,0.18,ideal,1,False,0,0.00022655679705607668,,,0.21,,,True,FALLEN
400,200,10,0.5,0.001225,half_20ms,0.18,ideal,1,False,0,0.00022655679705607668,,,0.21,,,True,FALLEN
400,350,10,0.5,0.001225,half_20ms,0.18,ideal,1,False,0,0.1940540968048481,,,0.21,,,True,FALLEN
400,500,10,0.5,0.001225,half_20ms,0.18,ideal,1,False,0,0.1940540968048481,,,0.21,,,True,FALLEN
400,20,15,0.5,0.001225,half_20ms,0.18,ideal,1,False,0,0.0,,,0.21,,,False,FALLEN
400,50,15,0.5,0.001225,half_20ms,0.18,ideal,1,False,0,0.00022655679705607668,,,0.21,,,True,FALLEN
400,100,15,0.5,0.001225,half_20ms,0.18,ideal,1,False,0,0.00022655679705607668,,,0.21,,,True,FALLEN
400,200,15,0.5,0.001225,half_20ms,0.18,ideal,1,False,0,0.00022655679705607668,,,0.21,,,True,FALLEN
400,350,15,0.5,0.001225,half_20ms,0.18,ideal,1,False,0,0.1940540968048481,,,0.21,,,True,FALLEN
400,500,15,0.5,0.001225,half_20ms,0.18,ideal,1,False,0,0.1940540968048481,,,0.21,,,True,FALLEN
450,20,5,0.5,0.001225,half_20ms,0.18,ideal,1,False,0,0.0,,,0.268,,,False,FALLEN
450,50,5,0.5,0.001225,half_20ms,0.18,ideal,1,False,0,0.014625846143767163,,,0.268,,,True,FALLEN
450,100,5,0.5,0.001225,half_20ms,0.18,ideal,1,False,0,0.021152252059259524,,,0.268,,,True,FALLEN
450,200,5,0.5,0.001225,half_20ms,0.18,ideal,1,False,0,0.021152252059259524,,,0.268,,,True,FALLEN
450,350,5,0.5,0.001225,half_20ms,0.18,ideal,1,False,0,0.19171139612539356,,,0.268,,,True,FALLEN
450,500,5,0.5,0.001225,half_20ms,0.18,ideal,1,False,0,0.19171139612539356,,,0.268,,,True,FALLEN
450,20,10,0.5,0.001225,half_20ms,0.18,ideal,1,False,0,0.0,,,0.268,,,False,FALLEN
450,50,10,0.5,0.001225,half_20ms,0.18,ideal,1,False,0,0.014625846143767163,,,0.268,,,True,FALLEN
450,100,10,0.5,0.001225,half_20ms,0.18,ideal,1,False,0,0.021152252059259524,,,0.268,,,True,FALLEN
450,200,10,0.5,0.001225,half_20ms,0.18,ideal,1,False,0,0.021152252059259524,,,0.268,,,True,FALLEN
450,350,10,0.5,0.001225,half_20ms,0.18,ideal,1,False,0,0.19171139612539356,,,0.268,,,True,FALLEN
450,500,10,0.5,0.001225,half_20ms,0.18,ideal,1,False,0,0.19171139612539356,,,0.268,,,True,FALLEN
450,20,15,0.5,0.001225,half_20ms,0.18,ideal,1,False,0,0.0,,,0.268,,,False,FALLEN
450,50,15,0.5,0.001225,half_20ms,0.18,ideal,1,False,0,0.014625846143767163,,,0.268,,,True,FALLEN
450,100,15,0.5,0.001225,half_20ms,0.18,ideal,1,False,0,0.021152252059259524,,,0.268,,,True,FALLEN
450,200,15,0.5,0.001225,half_20ms,0.18,ideal,1,False,0,0.021152252059259524,,,0.268,,,True,FALLEN
450,350,15,0.5,0.001225,half_20ms,0.18,ideal,1,False,0,0.19171139612539356,,,0.268,,,True,FALLEN
450,500,15,0.5,0.001225,half_20ms,0.18,ideal,1,False,0,0.19171139612539356,,,0.268,,,True,FALLEN
500,20,5,0.5,0.001225,half_20ms,0.18,ideal,1,False,0,0.0,,,0.352,,,False,FALLEN
500,50,5,0.5,0.001225,half_20ms,0.18,ideal,1,False,0,0.03770844251273786,,,0.352,,,True,FALLEN
500,100,5,0.5,0.001225,half_20ms,0.18,ideal,1,False,0,0.12528037097980516,,,0.352,,,True,FALLEN
500,200,5,0.5,0.001225,half_20ms,0.18,ideal,1,False,0,0.1260059168915273,,,0.352,,,True,FALLEN
500,350,5,0.5,0.001225,half_20ms,0.18,ideal,1,False,0,0.19234197977965195,,,0.352,,,True,FALLEN
500,500,5,0.5,0.001225,half_20ms,0.18,ideal,1,False,0,0.19234197977965195,,,0.352,,,True,FALLEN
500,20,10,0.5,0.001225,half_20ms,0.18,ideal,1,False,0,0.0,,,0.352,,,False,FALLEN
500,50,10,0.5,0.001225,half_20ms,0.18,ideal,1,False,0,0.03770844251273786,,,0.352,,,True,FALLEN
500,100,10,0.5,0.001225,half_20ms,0.18,ideal,1,False,0,0.12528037097980516,,,0.352,,,True,FALLEN
500,200,10,0.5,0.001225,half_20ms,0.18,ideal,1,False,0,0.1260059168915273,,,0.352,,,True,FALLEN
500,350,10,0.5,0.001225,half_20ms,0.18,ideal,1,False,0,0.19234197977965195,,,0.352,,,True,FALLEN
500,500,10,0.5,0.001225,half_20ms,0.18,ideal,1,False,0,0.19234197977965195,,,0.352,,,True,FALLEN
500,20,15,0.5,0.001225,half_20ms,0.18,ideal,1,False,0,0.0,,,0.352,,,False,FALLEN
500,50,15,0.5,0.001225,half_20ms,0.18,ideal,1,False,0,0.03770844251273786,,,0.352,,,True,FALLEN
500,100,15,0.5,0.001225,half_20ms,0.18,ideal,1,False,0,0.12528037097980516,,,0.352,,,True,FALLEN
500,200,15,0.5,0.001225,half_20ms,0.18,ideal,1,False,0,0.1260059168915273,,,0.352,,,True,FALLEN
500,350,15,0.5,0.001225,half_20ms,0.18,ideal,1,False,0,0.19234197977965195,,,0.352,,,True,FALLEN
500,500,15,0.5,0.001225,half_20ms,0.18,ideal,1,False,0,0.19234197977965195,,,0.352,,,True,FALLEN
550,20,5,0.5,0.001225,half_20ms,0.18,ideal,1,False,0,0.0,,,0.52,,,False,FALLEN
550,50,5,0.5,0.001225,half_20ms,0.18,ideal,1,False,0,0.06344008811343649,,,0.52,,,True,FALLEN
550,100,5,0.5,0.001225,half_20ms,0.18,ideal,1,False,0,0.2988497420878531,,,0.52,,,True,FALLEN
550,200,5,0.5,0.001225,half_20ms,0.18,ideal,1,False,0,0.390085666590398,,,0.52,,,True,FALLEN
550,350,5,0.5,0.001225,half_20ms,0.18,ideal,1,False,0,0.390085666590398,,,0.52,,,True,FALLEN
550,500,5,0.5,0.001225,half_20ms,0.18,ideal,1,False,0,0.390085666590398,,,0.52,,,True,FALLEN
550,20,10,0.5,0.001225,half_20ms,0.18,ideal,1,False,0,0.0,,,0.52,,,False,FALLEN
550,50,10,0.5,0.001225,half_20ms,0.18,ideal,1,False,0,0.06344008811343649,,,0.52,,,True,FALLEN
550,100,10,0.5,0.001225,half_20ms,0.18,ideal,1,False,0,0.2988497420878531,,,0.52,,,True,FALLEN
550,200,10,0.5,0.001225,half_20ms,0.18,ideal,1,False,0,0.390085666590398,,,0.52,,,True,FALLEN
550,350,10,0.5,0.001225,half_20ms,0.18,ideal,1,False,0,0.390085666590398,,,0.52,,,True,FALLEN
550,500,10,0.5,0.001225,half_20ms,0.18,ideal,1,False,0,0.390085666590398,,,0.52,,,True,FALLEN
550,20,15,0.5,0.001225,half_20ms,0.18,ideal,1,False,0,0.0,,,0.52,,,False,FALLEN
550,50,15,0.5,0.001225,half_20ms,0.18,ideal,1,False,0,0.06344008811343649,,,0.52,,,True,FALLEN
550,100,15,0.5,0.001225,half_20ms,0.18,ideal,1,False,0,0.2988497420878531,,,0.52,,,True,FALLEN
550,200,15,0.5,0.001225,half_20ms,0.18,ideal,1,False,0,0.390085666590398,,,0.52,,,True,FALLEN
550,350,15,0.5,0.001225,half_20ms,0.18,ideal,1,False,0,0.390085666590398,,,0.52,,,True,FALLEN
550,500,15,0.5,0.001225,half_20ms,0.18,ideal,1,False,0,0.390085666590398,,,0.52,,,True,FALLEN
580,20,5,0.5,0.001225,half_20ms,0.18,ideal,1,False,0,0.0,,,0.982,,,False,FALLEN
580,50,5,0.5,0.001225,half_20ms,0.18,ideal,1,False,0,0.08059472044699767,,,0.982,,,True,FALLEN
580,100,5,0.5,0.001225,half_20ms,0.18,ideal,1,False,0,0.4000706534445122,,,0.982,,,True,FALLEN
580,200,5,0.5,0.001225,half_20ms,0.18,ideal,1,False,0,0.6699993170028815,,,0.982,,,True,FALLEN
580,350,5,0.5,0.001225,half_20ms,0.18,ideal,1,False,0,0.6699993170028815,,,0.982,,,True,FALLEN
580,500,5,0.5,0.001225,half_20ms,0.18,ideal,1,False,0,0.6699993170028815,,,0.982,,,True,FALLEN
580,20,10,0.5,0.001225,half_20ms,0.18,ideal,1,False,0,0.0,,,0.982,,,False,FALLEN
580,50,10,0.5,0.001225,half_20ms,0.18,ideal,1,False,0,0.08059472044699767,,,0.982,,,True,FALLEN
580,100,10,0.5,0.001225,half_20ms,0.18,ideal,1,False,0,0.4000706534445122,,,0.982,,,True,FALLEN
580,200,10,0.5,0.001225,half_20ms,0.18,ideal,1,False,0,0.6699993170028815,,,0.982,,,True,FALLEN
580,350,10,0.5,0.001225,half_20ms,0.18,ideal,1,False,0,0.6699993170028815,,,0.982,,,True,FALLEN
580,500,10,0.5,0.001225,half_20ms,0.18,ideal,1,False,0,0.6699993170028815,,,0.982,,,True,FALLEN
580,20,15,0.5,0.001225,half_20ms,0.18,ideal,1,False,0,0.0,,,0.982,,,False,FALLEN
580,50,15,0.5,0.001225,half_20ms,0.18,ideal,1,False,0,0.08059472044699767,,,0.982,,,True,FALLEN
580,100,15,0.5,0.001225,half_20ms,0.18,ideal,1,False,0,0.4000706534445122,,,0.982,,,True,FALLEN
580,200,15,0.5,0.001225,half_20ms,0.18,ideal,1,False,0,0.6699993170028815,,,0.982,,,True,FALLEN
580,350,15,0.5,0.001225,half_20ms,0.18,ideal,1,False,0,0.6699993170028815,,,0.982,,,True,FALLEN
580,500,15,0.5,0.001225,half_20ms,0.18,ideal,1,False,0,0.6699993170028815,,,0.982,,,True,FALLEN
100,20,5,0.5,0.001225,half_50ms,0.18,ideal,1,False,0,0.0,,,0.034,,,False,FALLEN
100,50,5,0.5,0.001225,half_50ms,0.18,ideal,1,False,0,0.0,,,0.034,,,False,FALLEN
100,100,5,0.5,0.001225,half_50ms,0.18,ideal,1,False,0,0.0,,,0.034,,,False,FALLEN
100,200,5,0.5,0.001225,half_50ms,0.18,ideal,1,False,0,0.196579315814148,,,0.034,,,True,FALLEN
100,350,5,0.5,0.001225,half_50ms,0.18,ideal,1,False,0,0.196579315814148,,,0.034,,,True,FALLEN
100,500,5,0.5,0.001225,half_50ms,0.18,ideal,1,False,0,0.196579315814148,,,0.034,,,True,FALLEN
100,20,10,0.5,0.001225,half_50ms,0.18,ideal,1,False,0,0.0,,,0.034,,,False,FALLEN
100,50,10,0.5,0.001225,half_50ms,0.18,ideal,1,False,0,0.0,,,0.034,,,False,FALLEN
100,100,10,0.5,0.001225,half_50ms,0.18,ideal,1,False,0,0.0,,,0.034,,,False,FALLEN
100,200,10,0.5,0.001225,half_50ms,0.18,ideal,1,False,0,0.196579315814148,,,0.034,,,True,FALLEN
100,350,10,0.5,0.001225,half_50ms,0.18,ideal,1,False,0,0.196579315814148,,,0.034,,,True,FALLEN
100,500,10,0.5,0.001225,half_50ms,0.18,ideal,1,False,0,0.196579315814148,,,0.034,,,True,FALLEN
100,20,15,0.5,0.001225,half_50ms,0.18,ideal,1,False,0,0.0,,,0.034,,,False,FALLEN
100,50,15,0.5,0.001225,half_50ms,0.18,ideal,1,False,0,0.0,,,0.034,,,False,FALLEN
100,100,15,0.5,0.001225,half_50ms,0.18,ideal,1,False,0,0.0,,,0.034,,,False,FALLEN
100,200,15,0.5,0.001225,half_50ms,0.18,ideal,1,False,0,0.196579315814148,,,0.034,,,True,FALLEN
100,350,15,0.5,0.001225,half_50ms,0.18,ideal,1,False,0,0.196579315814148,,,0.034,,,True,FALLEN
100,500,15,0.5,0.001225,half_50ms,0.18,ideal,1,False,0,0.196579315814148,,,0.034,,,True,FALLEN
150,20,5,0.5,0.001225,half_50ms,0.18,ideal,1,False,0,0.0,,,0.054,,,False,FALLEN
150,50,5,0.5,0.001225,half_50ms,0.18,ideal,1,False,0,0.0,,,0.054,,,False,FALLEN
150,100,5,0.5,0.001225,half_50ms,0.18,ideal,1,False,0,0.0,,,0.054,,,False,FALLEN
150,200,5,0.5,0.001225,half_50ms,0.18,ideal,1,False,0,0.191340912722735,,,0.054,,,True,FALLEN
150,350,5,0.5,0.001225,half_50ms,0.18,ideal,1,False,0,0.19449875341110356,,,0.054,,,True,FALLEN
150,500,5,0.5,0.001225,half_50ms,0.18,ideal,1,False,0,0.19449875341110356,,,0.054,,,True,FALLEN
150,20,10,0.5,0.001225,half_50ms,0.18,ideal,1,False,0,0.0,,,0.054,,,False,FALLEN
150,50,10,0.5,0.001225,half_50ms,0.18,ideal,1,False,0,0.0,,,0.054,,,False,FALLEN
150,100,10,0.5,0.001225,half_50ms,0.18,ideal,1,False,0,0.0,,,0.054,,,False,FALLEN
150,200,10,0.5,0.001225,half_50ms,0.18,ideal,1,False,0,0.191340912722735,,,0.054,,,True,FALLEN
150,350,10,0.5,0.001225,half_50ms,0.18,ideal,1,False,0,0.19449875341110356,,,0.054,,,True,FALLEN
150,500,10,0.5,0.001225,half_50ms,0.18,ideal,1,False,0,0.19449875341110356,,,0.054,,,True,FALLEN
150,20,15,0.5,0.001225,half_50ms,0.18,ideal,1,False,0,0.0,,,0.054,,,False,FALLEN
150,50,15,0.5,0.001225,half_50ms,0.18,ideal,1,False,0,0.0,,,0.054,,,False,FALLEN
150,100,15,0.5,0.001225,half_50ms,0.18,ideal,1,False,0,0.0,,,0.054,,,False,FALLEN
150,200,15,0.5,0.001225,half_50ms,0.18,ideal,1,False,0,0.191340912722735,,,0.054,,,True,FALLEN
150,350,15,0.5,0.001225,half_50ms,0.18,ideal,1,False,0,0.19449875341110356,,,0.054,,,True,FALLEN
150,500,15,0.5,0.001225,half_50ms,0.18,ideal,1,False,0,0.19449875341110356,,,0.054,,,True,FALLEN
200,20,5,0.5,0.001225,half_50ms,0.18,ideal,1,False,0,0.0,,,0.076,,,False,FALLEN
200,50,5,0.5,0.001225,half_50ms,0.18,ideal,1,False,0,0.0,,,0.076,,,False,FALLEN
200,100,5,0.5,0.001225,half_50ms,0.18,ideal,1,False,0,0.0,,,0.076,,,False,FALLEN
200,200,5,0.5,0.001225,half_50ms,0.18,ideal,1,False,0,0.1491032465077584,,,0.076,,,True,FALLEN
200,350,5,0.5,0.001225,half_50ms,0.18,ideal,1,False,0,0.19701698249165922,,,0.076,,,True,FALLEN
200,500,5,0.5,0.001225,half_50ms,0.18,ideal,1,False,0,0.19701698249165922,,,0.076,,,True,FALLEN
200,20,10,0.5,0.001225,half_50ms,0.18,ideal,1,False,0,0.0,,,0.076,,,False,FALLEN
200,50,10,0.5,0.001225,half_50ms,0.18,ideal,1,False,0,0.0,,,0.076,,,False,FALLEN
200,100,10,0.5,0.001225,half_50ms,0.18,ideal,1,False,0,0.0,,,0.076,,,False,FALLEN
200,200,10,0.5,0.001225,half_50ms,0.18,ideal,1,False,0,0.1491032465077584,,,0.076,,,True,FALLEN
200,350,10,0.5,0.001225,half_50ms,0.18,ideal,1,False,0,0.19701698249165922,,,0.076,,,True,FALLEN
200,500,10,0.5,0.001225,half_50ms,0.18,ideal,1,False,0,0.19701698249165922,,,0.076,,,True,FALLEN
200,20,15,0.5,0.001225,half_50ms,0.18,ideal,1,False,0,0.0,,,0.076,,,False,FALLEN
200,50,15,0.5,0.001225,half_50ms,0.18,ideal,1,False,0,0.0,,,0.076,,,False,FALLEN
200,100,15,0.5,0.001225,half_50ms,0.18,ideal,1,False,0,0.0,,,0.076,,,False,FALLEN
200,200,15,0.5,0.001225,half_50ms,0.18,ideal,1,False,0,0.1491032465077584,,,0.076,,,True,FALLEN
200,350,15,0.5,0.001225,half_50ms,0.18,ideal,1,False,0,0.19701698249165922,,,0.076,,,True,FALLEN
200,500,15,0.5,0.001225,half_50ms,0.18,ideal,1,False,0,0.19701698249165922,,,0.076,,,True,FALLEN
250,20,5,0.5,0.001225,half_50ms,0.18,ideal,1,False,0,0.0,,,0.10200000000000001,,,False,FALLEN
250,50,5,0.5,0.001225,half_50ms,0.18,ideal,1,False,0,0.0,,,0.10200000000000001,,,False,FALLEN
250,100,5,0.5,0.001225,half_50ms,0.18,ideal,1,False,0,0.0,,,0.10200000000000001,,,False,FALLEN
250,200,5,0.5,0.001225,half_50ms,0.18,ideal,1,False,0,0.07068464897461268,,,0.10200000000000001,,,True,FALLEN
250,350,5,0.5,0.001225,half_50ms,0.18,ideal,1,False,0,0.20000684993950557,,,0.10200000000000001,,,True,FALLEN
250,500,5,0.5,0.001225,half_50ms,0.18,ideal,1,False,0,0.20000684993950557,,,0.10200000000000001,,,True,FALLEN
250,20,10,0.5,0.001225,half_50ms,0.18,ideal,1,False,0,0.0,,,0.10200000000000001,,,False,FALLEN
250,50,10,0.5,0.001225,half_50ms,0.18,ideal,1,False,0,0.0,,,0.10200000000000001,,,False,FALLEN
250,100,10,0.5,0.001225,half_50ms,0.18,ideal,1,False,0,0.0,,,0.10200000000000001,,,False,FALLEN
250,200,10,0.5,0.001225,half_50ms,0.18,ideal,1,False,0,0.07068464897461268,,,0.10200000000000001,,,True,FALLEN
250,350,10,0.5,0.001225,half_50ms,0.18,ideal,1,False,0,0.20000684993950557,,,0.10200000000000001,,,True,FALLEN
250,500,10,0.5,0.001225,half_50ms,0.18,ideal,1,False,0,0.20000684993950557,,,0.10200000000000001,,,True,FALLEN
250,20,15,0.5,0.001225,half_50ms,0.18,ideal,1,False,0,0.0,,,0.10200000000000001,,,False,FALLEN
250,50,15,0.5,0.001225,half_50ms,0.18,ideal,1,False,0,0.0,,,0.10200000000000001,,,False,FALLEN
250,100,15,0.5,0.001225,half_50ms,0.18,ideal,1,False,0,0.0,,,0.10200000000000001,,,False,FALLEN
250,200,15,0.5,0.001225,half_50ms,0.18,ideal,1,False,0,0.07068464897461268,,,0.10200000000000001,,,True,FALLEN
250,350,15,0.5,0.001225,half_50ms,0.18,ideal,1,False,0,0.20000684993950557,,,0.10200000000000001,,,True,FALLEN
250,500,15,0.5,0.001225,half_50ms,0.18,ideal,1,False,0,0.20000684993950557,,,0.10200000000000001,,,True,FALLEN
300,20,5,0.5,0.001225,half_50ms,0.18,ideal,1,False,0,0.0,,,0.132,,,False,FALLEN
300,50,5,0.5,0.001225,half_50ms,0.18,ideal,1,False,0,0.0,,,0.132,,,False,FALLEN
300,100,5,0.5,0.001225,half_50ms,0.18,ideal,1,False,0,0.0,,,0.132,,,False,FALLEN
300,200,5,0.5,0.001225,half_50ms,0.18,ideal,1,False,0,0.005780484364388272,,,0.132,,,True,FALLEN
300,350,5,0.5,0.001225,half_50ms,0.18,ideal,1,False,0,0.19232895220115687,,,0.132,,,True,FALLEN
300,500,5,0.5,0.001225,half_50ms,0.18,ideal,1,False,0,0.19232895220115687,,,0.132,,,True,FALLEN
300,20,10,0.5,0.001225,half_50ms,0.18,ideal,1,False,0,0.0,,,0.132,,,False,FALLEN
300,50,10,0.5,0.001225,half_50ms,0.18,ideal,1,False,0,0.0,,,0.132,,,False,FALLEN
300,100,10,0.5,0.001225,half_50ms,0.18,ideal,1,False,0,0.0,,,0.132,,,False,FALLEN
300,200,10,0.5,0.001225,half_50ms,0.18,ideal,1,False,0,0.005780484364388272,,,0.132,,,True,FALLEN
300,350,10,0.5,0.001225,half_50ms,0.18,ideal,1,False,0,0.19232895220115687,,,0.132,,,True,FALLEN
300,500,10,0.5,0.001225,half_50ms,0.18,ideal,1,False,0,0.19232895220115687,,,0.132,,,True,FALLEN
300,20,15,0.5,0.001225,half_50ms,0.18,ideal,1,False,0,0.0,,,0.132,,,False,FALLEN
300,50,15,0.5,0.001225,half_50ms,0.18,ideal,1,False,0,0.0,,,0.132,,,False,FALLEN
300,100,15,0.5,0.001225,half_50ms,0.18,ideal,1,False,0,0.0,,,0.132,,,False,FALLEN
300,200,15,0.5,0.001225,half_50ms,0.18,ideal,1,False,0,0.005780484364388272,,,0.132,,,True,FALLEN
300,350,15,0.5,0.001225,half_50ms,0.18,ideal,1,False,0,0.19232895220115687,,,0.132,,,True,FALLEN
300,500,15,0.5,0.001225,half_50ms,0.18,ideal,1,False,0,0.19232895220115687,,,0.132,,,True,FALLEN
350,20,5,0.5,0.001225,half_50ms,0.18,ideal,1,False,0,0.0,,,0.166,,,False,FALLEN
350,50,5,0.5,0.001225,half_50ms,0.18,ideal,1,False,0,0.0,,,0.166,,,False,FALLEN
350,100,5,0.5,0.001225,half_50ms,0.18,ideal,1,False,0,0.0,,,0.166,,,False,FALLEN
350,200,5,0.5,0.001225,half_50ms,0.18,ideal,1,False,0,0.0,,,0.166,,,False,FALLEN
350,350,5,0.5,0.001225,half_50ms,0.18,ideal,1,False,0,0.1996325043404692,,,0.166,,,True,FALLEN
350,500,5,0.5,0.001225,half_50ms,0.18,ideal,1,False,0,0.1996325043404692,,,0.166,,,True,FALLEN
350,20,10,0.5,0.001225,half_50ms,0.18,ideal,1,False,0,0.0,,,0.166,,,False,FALLEN
350,50,10,0.5,0.001225,half_50ms,0.18,ideal,1,False,0,0.0,,,0.166,,,False,FALLEN
350,100,10,0.5,0.001225,half_50ms,0.18,ideal,1,False,0,0.0,,,0.166,,,False,FALLEN
350,200,10,0.5,0.001225,half_50ms,0.18,ideal,1,False,0,0.0,,,0.166,,,False,FALLEN
350,350,10,0.5,0.001225,half_50ms,0.18,ideal,1,False,0,0.1996325043404692,,,0.166,,,True,FALLEN
350,500,10,0.5,0.001225,half_50ms,0.18,ideal,1,False,0,0.1996325043404692,,,0.166,,,True,FALLEN
350,20,15,0.5,0.001225,half_50ms,0.18,ideal,1,False,0,0.0,,,0.166,,,False,FALLEN
350,50,15,0.5,0.001225,half_50ms,0.18,ideal,1,False,0,0.0,,,0.166,,,False,FALLEN
350,100,15,0.5,0.001225,half_50ms,0.18,ideal,1,False,0,0.0,,,0.166,,,False,FALLEN
350,200,15,0.5,0.001225,half_50ms,0.18,ideal,1,False,0,0.0,,,0.166,,,False,FALLEN
350,350,15,0.5,0.001225,half_50ms,0.18,ideal,1,False,0,0.1996325043404692,,,0.166,,,True,FALLEN
350,500,15,0.5,0.001225,half_50ms,0.18,ideal,1,False,0,0.1996325043404692,,,0.166,,,True,FALLEN
400,20,5,0.5,0.001225,half_50ms,0.18,ideal,1,False,0,0.0,,,0.21,,,False,FALLEN
400,50,5,0.5,0.001225,half_50ms,0.18,ideal,1,False,0,0.0,,,0.21,,,False,FALLEN
400,100,5,0.5,0.001225,half_50ms,0.18,ideal,1,False,0,0.0,,,0.21,,,False,FALLEN
400,200,5,0.5,0.001225,half_50ms,0.18,ideal,1,False,0,0.0,,,0.21,,,False,FALLEN
400,350,5,0.5,0.001225,half_50ms,0.18,ideal,1,False,0,0.19149862411776652,,,0.21,,,True,FALLEN
400,500,5,0.5,0.001225,half_50ms,0.18,ideal,1,False,0,0.19149862411776652,,,0.21,,,True,FALLEN
400,20,10,0.5,0.001225,half_50ms,0.18,ideal,1,False,0,0.0,,,0.21,,,False,FALLEN
400,50,10,0.5,0.001225,half_50ms,0.18,ideal,1,False,0,0.0,,,0.21,,,False,FALLEN
400,100,10,0.5,0.001225,half_50ms,0.18,ideal,1,False,0,0.0,,,0.21,,,False,FALLEN
400,200,10,0.5,0.001225,half_50ms,0.18,ideal,1,False,0,0.0,,,0.21,,,False,FALLEN
400,350,10,0.5,0.001225,half_50ms,0.18,ideal,1,False,0,0.19149862411776652,,,0.21,,,True,FALLEN
400,500,10,0.5,0.001225,half_50ms,0.18,ideal,1,False,0,0.19149862411776652,,,0.21,,,True,FALLEN
400,20,15,0.5,0.001225,half_50ms,0.18,ideal,1,False,0,0.0,,,0.21,,,False,FALLEN
400,50,15,0.5,0.001225,half_50ms,0.18,ideal,1,False,0,0.0,,,0.21,,,False,FALLEN
400,100,15,0.5,0.001225,half_50ms,0.18,ideal,1,False,0,0.0,,,0.21,,,False,FALLEN
400,200,15,0.5,0.001225,half_50ms,0.18,ideal,1,False,0,0.0,,,0.21,,,False,FALLEN
400,350,15,0.5,0.001225,half_50ms,0.18,ideal,1,False,0,0.19149862411776652,,,0.21,,,True,FALLEN
400,500,15,0.5,0.001225,half_50ms,0.18,ideal,1,False,0,0.19149862411776652,,,0.21,,,True,FALLEN
450,20,5,0.5,0.001225,half_50ms,0.18,ideal,1,False,0,0.0,,,0.268,,,False,FALLEN
450,50,5,0.5,0.001225,half_50ms,0.18,ideal,1,False,0,0.0,,,0.268,,,False,FALLEN
450,100,5,0.5,0.001225,half_50ms,0.18,ideal,1,False,0,0.006407510164905261,,,0.268,,,True,FALLEN
450,200,5,0.5,0.001225,half_50ms,0.18,ideal,1,False,0,0.006407510164905261,,,0.268,,,True,FALLEN
450,350,5,0.5,0.001225,half_50ms,0.18,ideal,1,False,0,0.19298911220959347,,,0.268,,,True,FALLEN
450,500,5,0.5,0.001225,half_50ms,0.18,ideal,1,False,0,0.19298911220959347,,,0.268,,,True,FALLEN
450,20,10,0.5,0.001225,half_50ms,0.18,ideal,1,False,0,0.0,,,0.268,,,False,FALLEN
450,50,10,0.5,0.001225,half_50ms,0.18,ideal,1,False,0,0.0,,,0.268,,,False,FALLEN
450,100,10,0.5,0.001225,half_50ms,0.18,ideal,1,False,0,0.006407510164905261,,,0.268,,,True,FALLEN
450,200,10,0.5,0.001225,half_50ms,0.18,ideal,1,False,0,0.006407510164905261,,,0.268,,,True,FALLEN
450,350,10,0.5,0.001225,half_50ms,0.18,ideal,1,False,0,0.19298911220959347,,,0.268,,,True,FALLEN
450,500,10,0.5,0.001225,half_50ms,0.18,ideal,1,False,0,0.19298911220959347,,,0.268,,,True,FALLEN
450,20,15,0.5,0.001225,half_50ms,0.18,ideal,1,False,0,0.0,,,0.268,,,False,FALLEN
450,50,15,0.5,0.001225,half_50ms,0.18,ideal,1,False,0,0.0,,,0.268,,,False,FALLEN
450,100,15,0.5,0.001225,half_50ms,0.18,ideal,1,False,0,0.006407510164905261,,,0.268,,,True,FALLEN
450,200,15,0.5,0.001225,half_50ms,0.18,ideal,1,False,0,0.006407510164905261,,,0.268,,,True,FALLEN
450,350,15,0.5,0.001225,half_50ms,0.18,ideal,1,False,0,0.19298911220959347,,,0.268,,,True,FALLEN
450,500,15,0.5,0.001225,half_50ms,0.18,ideal,1,False,0,0.19298911220959347,,,0.268,,,True,FALLEN
500,20,5,0.5,0.001225,half_50ms,0.18,ideal,1,False,0,0.0,,,0.352,,,False,FALLEN
500,50,5,0.5,0.001225,half_50ms,0.18,ideal,1,False,0,0.0,,,0.352,,,False,FALLEN
500,100,5,0.5,0.001225,half_50ms,0.18,ideal,1,False,0,0.05193814750240122,,,0.352,,,True,FALLEN
500,200,5,0.5,0.001225,half_50ms,0.18,ideal,1,False,0,0.06042564048263799,,,0.352,,,True,FALLEN
500,350,5,0.5,0.001225,half_50ms,0.18,ideal,1,False,0,0.1919955482828648,,,0.352,,,True,FALLEN
500,500,5,0.5,0.001225,half_50ms,0.18,ideal,1,False,0,0.1919955482828648,,,0.352,,,True,FALLEN
500,20,10,0.5,0.001225,half_50ms,0.18,ideal,1,False,0,0.0,,,0.352,,,False,FALLEN
500,50,10,0.5,0.001225,half_50ms,0.18,ideal,1,False,0,0.0,,,0.352,,,False,FALLEN
500,100,10,0.5,0.001225,half_50ms,0.18,ideal,1,False,0,0.05193814750240122,,,0.352,,,True,FALLEN
500,200,10,0.5,0.001225,half_50ms,0.18,ideal,1,False,0,0.06042564048263799,,,0.352,,,True,FALLEN
500,350,10,0.5,0.001225,half_50ms,0.18,ideal,1,False,0,0.1919955482828648,,,0.352,,,True,FALLEN
500,500,10,0.5,0.001225,half_50ms,0.18,ideal,1,False,0,0.1919955482828648,,,0.352,,,True,FALLEN
500,20,15,0.5,0.001225,half_50ms,0.18,ideal,1,False,0,0.0,,,0.352,,,False,FALLEN
500,50,15,0.5,0.001225,half_50ms,0.18,ideal,1,False,0,0.0,,,0.352,,,False,FALLEN
500,100,15,0.5,0.001225,half_50ms,0.18,ideal,1,False,0,0.05193814750240122,,,0.352,,,True,FALLEN
500,200,15,0.5,0.001225,half_50ms,0.18,ideal,1,False,0,0.06042564048263799,,,0.352,,,True,FALLEN
500,350,15,0.5,0.001225,half_50ms,0.18,ideal,1,False,0,0.1919955482828648,,,0.352,,,True,FALLEN
500,500,15,0.5,0.001225,half_50ms,0.18,ideal,1,False,0,0.1919955482828648,,,0.352,,,True,FALLEN
550,20,5,0.5,0.001225,half_50ms,0.18,ideal,1,False,0,0.0,,,0.52,,,False,FALLEN
550,50,5,0.5,0.001225,half_50ms,0.18,ideal,1,False,0,0.0,,,0.52,,,False,FALLEN
550,100,5,0.5,0.001225,half_50ms,0.18,ideal,1,False,0,0.12116718236654656,,,0.52,,,True,FALLEN
550,200,5,0.5,0.001225,half_50ms,0.18,ideal,1,False,0,0.2228690652117944,,,0.52,,,True,FALLEN
550,350,5,0.5,0.001225,half_50ms,0.18,ideal,1,False,0,0.2228690652117944,,,0.52,,,True,FALLEN
550,500,5,0.5,0.001225,half_50ms,0.18,ideal,1,False,0,0.2228690652117944,,,0.52,,,True,FALLEN
550,20,10,0.5,0.001225,half_50ms,0.18,ideal,1,False,0,0.0,,,0.52,,,False,FALLEN
550,50,10,0.5,0.001225,half_50ms,0.18,ideal,1,False,0,0.0,,,0.52,,,False,FALLEN
550,100,10,0.5,0.001225,half_50ms,0.18,ideal,1,False,0,0.12116718236654656,,,0.52,,,True,FALLEN
550,200,10,0.5,0.001225,half_50ms,0.18,ideal,1,False,0,0.2228690652117944,,,0.52,,,True,FALLEN
550,350,10,0.5,0.001225,half_50ms,0.18,ideal,1,False,0,0.2228690652117944,,,0.52,,,True,FALLEN
550,500,10,0.5,0.001225,half_50ms,0.18,ideal,1,False,0,0.2228690652117944,,,0.52,,,True,FALLEN
550,20,15,0.5,0.001225,half_50ms,0.18,ideal,1,False,0,0.0,,,0.52,,,False,FALLEN
550,50,15,0.5,0.001225,half_50ms,0.18,ideal,1,False,0,0.0,,,0.52,,,False,FALLEN
550,100,15,0.5,0.001225,half_50ms,0.18,ideal,1,False,0,0.12116718236654656,,,0.52,,,True,FALLEN
550,200,15,0.5,0.001225,half_50ms,0.18,ideal,1,False,0,0.2228690652117944,,,0.52,,,True,FALLEN
550,350,15,0.5,0.001225,half_50ms,0.18,ideal,1,False,0,0.2228690652117944,,,0.52,,,True,FALLEN
550,500,15,0.5,0.001225,half_50ms,0.18,ideal,1,False,0,0.2228690652117944,,,0.52,,,True,FALLEN
580,20,5,0.5,0.001225,half_50ms,0.18,ideal,1,False,0,0.0,,,0.982,,,False,FALLEN
580,50,5,0.5,0.001225,half_50ms,0.18,ideal,1,False,0,0.0,,,0.982,,,False,FALLEN
580,100,5,0.5,0.001225,half_50ms,0.18,ideal,1,False,0,0.15533295520478418,,,0.982,,,True,FALLEN
580,200,5,0.5,0.001225,half_50ms,0.18,ideal,1,False,0,0.40254084888841923,,,0.982,,,True,FALLEN
580,350,5,0.5,0.001225,half_50ms,0.18,ideal,1,False,0,0.40254084888841923,,,0.982,,,True,FALLEN
580,500,5,0.5,0.001225,half_50ms,0.18,ideal,1,False,0,0.40254084888841923,,,0.982,,,True,FALLEN
580,20,10,0.5,0.001225,half_50ms,0.18,ideal,1,False,0,0.0,,,0.982,,,False,FALLEN
580,50,10,0.5,0.001225,half_50ms,0.18,ideal,1,False,0,0.0,,,0.982,,,False,FALLEN
580,100,10,0.5,0.001225,half_50ms,0.18,ideal,1,False,0,0.15533295520478418,,,0.982,,,True,FALLEN
580,200,10,0.5,0.001225,half_50ms,0.18,ideal,1,False,0,0.40254084888841923,,,0.982,,,True,FALLEN
580,350,10,0.5,0.001225,half_50ms,0.18,ideal,1,False,0,0.40254084888841923,,,0.982,,,True,FALLEN
580,500,10,0.5,0.001225,half_50ms,0.18,ideal,1,False,0,0.40254084888841923,,,0.982,,,True,FALLEN
580,20,15,0.5,0.001225,half_50ms,0.18,ideal,1,False,0,0.0,,,0.982,,,False,FALLEN
580,50,15,0.5,0.001225,half_50ms,0.18,ideal,1,False,0,0.0,,,0.982,,,False,FALLEN
580,100,15,0.5,0.001225,half_50ms,0.18,ideal,1,False,0,0.15533295520478418,,,0.982,,,True,FALLEN
580,200,15,0.5,0.001225,half_50ms,0.18,ideal,1,False,0,0.40254084888841923,,,0.982,,,True,FALLEN
580,350,15,0.5,0.001225,half_50ms,0.18,ideal,1,False,0,0.40254084888841923,,,0.982,,,True,FALLEN
580,500,15,0.5,0.001225,half_50ms,0.18,ideal,1,False,0,0.40254084888841923,,,0.982,,,True,FALLEN
100,20,5,0.75,0.0018375,nominal,0.18,ideal,1,False,0,0.4414614606693661,,,0.034,,,True,FALLEN
100,50,5,0.75,0.0018375,nominal,0.18,ideal,1,False,0,2.1341166679152295,,,0.034,,,True,FALLEN
100,100,5,0.75,0.0018375,nominal,0.18,ideal,1,False,0,7.40834299757269,,,0.034,,,True,FALLEN
100,200,5,0.75,0.0018375,nominal,0.18,ideal,1,True,1.385232606221918,17.38523260622192,0.872,0.21,0.034,0.9664496904244472,1.0095893050715214,False,BALANCING
100,350,5,0.75,0.0018375,nominal,0.18,ideal,1,True,1.385232606221918,17.38523260622192,0.872,0.21,0.034,0.9664496904244472,1.0095893050715214,False,BALANCING
100,500,5,0.75,0.0018375,nominal,0.18,ideal,1,True,1.385232606221918,17.38523260622192,0.872,0.21,0.034,0.9664496904244472,1.0095893050715214,False,BALANCING
100,20,10,0.75,0.0018375,nominal,0.18,ideal,1,False,0,0.4414614606693661,,,0.034,,,True,FALLEN
100,50,10,0.75,0.0018375,nominal,0.18,ideal,1,False,0,2.1341166679152295,,,0.034,,,True,FALLEN
100,100,10,0.75,0.0018375,nominal,0.18,ideal,1,False,0,7.40834299757269,,,0.034,,,True,FALLEN
100,200,10,0.75,0.0018375,nominal,0.18,ideal,1,False,0,13.965174517132432,,0.158,0.034,16.0,0.0,True,FALLEN
100,350,10,0.75,0.0018375,nominal,0.18,ideal,1,False,0,13.965174517132432,,0.158,0.034,16.0,0.0,True,FALLEN
100,500,10,0.75,0.0018375,nominal,0.18,ideal,1,False,0,13.965174517132432,,0.158,0.034,16.0,0.0,True,FALLEN
100,20,15,0.75,0.0018375,nominal,0.18,ideal,1,False,0,0.4414614606693661,,,0.034,,,True,FALLEN
100,50,15,0.75,0.0018375,nominal,0.18,ideal,1,False,0,6.335515886941096,,0.082,0.034,16.0,0.0,True,FALLEN
100,100,15,0.75,0.0018375,nominal,0.18,ideal,1,False,0,6.335515886941096,,0.082,0.034,16.0,0.0,True,FALLEN
100,200,15,0.75,0.0018375,nominal,0.18,ideal,1,False,0,6.335515886941096,,0.082,0.034,16.0,0.0,True,FALLEN
100,350,15,0.75,0.0018375,nominal,0.18,ideal,1,False,0,6.335515886941096,,0.082,0.034,16.0,0.0,True,FALLEN
100,500,15,0.75,0.0018375,nominal,0.18,ideal,1,False,0,6.335515886941096,,0.082,0.034,16.0,0.0,True,FALLEN
150,20,5,0.75,0.0018375,nominal,0.18,ideal,1,False,0,0.5584800132732859,,,0.054,,,True,FALLEN
150,50,5,0.75,0.0018375,nominal,0.18,ideal,1,False,0,2.733843871496836,,,0.054,,,True,FALLEN
150,100,5,0.75,0.0018375,nominal,0.18,ideal,1,False,0,10.422583209964271,,,0.054,,,True,FALLEN
150,200,5,0.75,0.0018375,nominal,0.18,ideal,1,True,0.7723693052379258,16.772369305237927,0.93,0.214,0.054,0.574942214579364,0.5736491111102131,False,BALANCING
150,350,5,0.75,0.0018375,nominal,0.18,ideal,1,True,0.7723693052379258,16.772369305237927,0.93,0.214,0.054,0.574942214579364,0.5736491111102131,False,BALANCING
150,500,5,0.75,0.0018375,nominal,0.18,ideal,1,True,0.7723693052379258,16.772369305237927,0.93,0.214,0.054,0.574942214579364,0.5736491111102131,False,BALANCING
150,20,10,0.75,0.0018375,nominal,0.18,ideal,1,False,0,0.5584800132732859,,,0.054,,,True,FALLEN
150,50,10,0.75,0.0018375,nominal,0.18,ideal,1,False,0,2.733843871496836,,,0.054,,,True,FALLEN
150,100,10,0.75,0.0018375,nominal,0.18,ideal,1,False,0,10.422583209964271,,,0.054,,,True,FALLEN
150,200,10,0.75,0.0018375,nominal,0.18,ideal,1,False,2.961071857340686,18.961071857340684,1.21,0.168,0.054,2.687791808500895,2.086902372799645,False,BALANCING
150,350,10,0.75,0.0018375,nominal,0.18,ideal,1,False,2.961071857340686,18.961071857340684,1.21,0.168,0.054,2.687791808500895,2.086902372799645,False,BALANCING
150,500,10,0.75,0.0018375,nominal,0.18,ideal,1,False,2.961071857340686,18.961071857340684,1.21,0.168,0.054,2.687791808500895,2.086902372799645,False,BALANCING
150,20,15,0.75,0.0018375,nominal,0.18,ideal,1,False,0,0.5584800132732859,,,0.054,,,True,FALLEN
150,50,15,0.75,0.0018375,nominal,0.18,ideal,1,False,0,7.060249879338565,,0.098,0.054,16.0,0.0,True,FALLEN
150,100,15,0.75,0.0018375,nominal,0.18,ideal,1,False,0,7.060249879338565,,0.098,0.054,16.0,0.0,True,FALLEN
150,200,15,0.75,0.0018375,nominal,0.18,ideal,1,False,0,7.060249879338565,,0.098,0.054,16.0,0.0,True,FALLEN
150,350,15,0.75,0.0018375,nominal,0.18,ideal,1,False,0,7.060249879338565,,0.098,0.054,16.0,0.0,True,FALLEN
150,500,15,0.75,0.0018375,nominal,0.18,ideal,1,False,0,7.060249879338565,,0.098,0.054,16.0,0.0,True,FALLEN
200,20,5,0.75,0.0018375,nominal,0.18,ideal,1,False,0,0.5689783370511918,,,0.076,,,True,FALLEN
200,50,5,0.75,0.0018375,nominal,0.18,ideal,1,False,0,3.443465143523545,,,0.076,,,True,FALLEN
200,100,5,0.75,0.0018375,nominal,0.18,ideal,1,False,16.0,32.0,0.356,,0.076,,,True,FALLEN
200,200,5,0.75,0.0018375,nominal,0.18,ideal,1,True,0.19072065195812374,16.190720651958124,1.158,0.224,0.076,0.19072065195812374,0.1778345484531767,False,BALANCING
200,350,5,0.75,0.0018375,nominal,0.18,ideal,1,True,0.19072065195812374,16.190720651958124,1.158,0.224,0.076,0.19072065195812374,0.1778345484531767,False,BALANCING
200,500,5,0.75,0.0018375,nominal,0.18,ideal,1,True,0.19072065195812374,16.190720651958124,1.158,0.224,0.076,0.19072065195812374,0.1778345484531767,False,BALANCING
200,20,10,0.75,0.0018375,nominal,0.18,ideal,1,False,0,0.5689783370511918,,,0.076,,,True,FALLEN
200,50,10,0.75,0.0018375,nominal,0.18,ideal,1,False,0,3.443465143523545,,,0.076,,,True,FALLEN
200,100,10,0.75,0.0018375,nominal,0.18,ideal,1,False,16.0,32.0,0.356,,0.076,,,True,FALLEN
200,200,10,0.75,0.0018375,nominal,0.18,ideal,1,False,2.6313542997959596,18.63135429979596,1.296,0.182,0.076,2.465470055907117,1.8089831818767765,False,BALANCING
200,350,10,0.75,0.0018375,nominal,0.18,ideal,1,False,2.6313542997959596,18.63135429979596,1.296,0.182,0.076,2.465470055907117,1.8089831818767765,False,BALANCING
200,500,10,0.75,0.0018375,nominal,0.18,ideal,1,False,2.6313542997959596,18.63135429979596,1.296,0.182,0.076,2.465470055907117,1.8089831818767765,False,BALANCING
200,20,15,0.75,0.0018375,nominal,0.18,ideal,1,False,0,0.5689783370511918,,,0.076,,,True,FALLEN
200,50,15,0.75,0.0018375,nominal,0.18,ideal,1,False,0,7.82744104852943,,0.11800000000000001,0.076,16.0,0.0,True,FALLEN
200,100,15,0.75,0.0018375,nominal,0.18,ideal,1,False,0,7.82744104852943,,0.11800000000000001,0.076,16.0,0.0,True,FALLEN
200,200,15,0.75,0.0018375,nominal,0.18,ideal,1,False,0,7.82744104852943,,0.11800000000000001,0.076,16.0,0.0,True,FALLEN
200,350,15,0.75,0.0018375,nominal,0.18,ideal,1,False,0,7.82744104852943,,0.11800000000000001,0.076,16.0,0.0,True,FALLEN
200,500,15,0.75,0.0018375,nominal,0.18,ideal,1,False,0,7.82744104852943,,0.11800000000000001,0.076,16.0,0.0,True,FALLEN
250,20,5,0.75,0.0018375,nominal,0.18,ideal,1,False,0,0.8549358077952629,,,0.10200000000000001,,,True,FALLEN
250,50,5,0.75,0.0018375,nominal,0.18,ideal,1,False,0,4.698997943973897,,,0.10200000000000001,,,True,FALLEN
250,100,5,0.75,0.0018375,nominal,0.18,ideal,1,False,16.0,32.0,0.316,,0.10200000000000001,,,True,FALLEN
250,200,5,0.75,0.0018375,nominal,0.18,ideal,1,True,0.45825229984911503,16.458252299849114,0.3,0.24,0.10200000000000001,0.3077720253589046,0.3551569856954506,False,BALANCING
250,350,5,0.75,0.0018375,nominal,0.18,ideal,1,True,0.45825229984911503,16.458252299849114,0.3,0.24,0.10200000000000001,0.3077720253589046,0.3551569856954506,False,BALANCING
250,500,5,0.75,0.0018375,nominal,0.18,ideal,1,True,0.45825229984911503,16.458252299849114,0.3,0.24,0.10200000000000001,0.3077720253589046,0.3551569856954506,False,BALANCING
250,20,10,0.75,0.0018375,nominal,0.18,ideal,1,False,0,0.8549358077952629,,,0.10200000000000001,,,True,FALLEN
250,50,10,0.75,0.0018375,nominal,0.18,ideal,1,False,0,4.698997943973897,,,0.10200000000000001,,,True,FALLEN
250,100,10,0.75,0.0018375,nominal,0.18,ideal,1,False,2.260107867930977,18.260107867930977,1.4020000000000001,0.202,0.10200000000000001,2.182382608908189,1.491939338817037,False,BALANCING
250,200,10,0.75,0.0018375,nominal,0.18,ideal,1,False,2.260107867930977,18.260107867930977,1.4020000000000001,0.202,0.10200000000000001,2.182382608908189,1.491939338817037,False,BALANCING
250,350,10,0.75,0.0018375,nominal,0.18,ideal,1,False,2.260107867930977,18.260107867930977,1.4020000000000001,0.202,0.10200000000000001,2.182382608908189,1.491939338817037,False,BALANCING
250,500,10,0.75,0.0018375,nominal,0.18,ideal,1,False,2.260107867930977,18.260107867930977,1.4020000000000001,0.202,0.10200000000000001,2.182382608908189,1.491939338817037,False,BALANCING
250,20,15,0.75,0.0018375,nominal,0.18,ideal,1,False,0,0.8549358077952629,,,0.10200000000000001,,,True,FALLEN
250,50,15,0.75,0.0018375,nominal,0.18,ideal,1,False,0,8.570210006876497,,0.14200000000000002,0.10200000000000001,16.0,0.0,True,FALLEN
250,100,15,0.75,0.0018375,nominal,0.18,ideal,1,False,0,8.570210006876497,,0.14200000000000002,0.10200000000000001,16.0,0.0,True,FALLEN
250,200,15,0.75,0.0018375,nominal,0.18,ideal,1,False,0,8.570210006876497,,0.14200000000000002,0.10200000000000001,16.0,0.0,True,FALLEN
250,350,15,0.75,0.0018375,nominal,0.18,ideal,1,False,0,8.570210006876497,,0.14200000000000002,0.10200000000000001,16.0,0.0,True,FALLEN
250,500,15,0.75,0.0018375,nominal,0.18,ideal,1,False,0,8.570210006876497,,0.14200000000000002,0.10200000000000001,16.0,0.0,True,FALLEN
300,20,5,0.75,0.0018375,nominal,0.18,ideal,1,False,0,1.044077913716082,,,0.132,,,True,FALLEN
300,50,5,0.75,0.0018375,nominal,0.18,ideal,1,False,0,5.959754281200675,,,0.132,,,True,FALLEN
300,100,5,0.75,0.0018375,nominal,0.18,ideal,1,False,16.0,32.0,0.316,,0.132,,,True,FALLEN
300,200,5,0.75,0.0018375,nominal,0.18,ideal,1,True,1.5541984264509037,17.554198426450903,0.306,0.262,0.132,0.8379698036686679,0.8431356678772006,False,BALANCING
300,350,5,0.75,0.0018375,nominal,0.18,ideal,1,True,1.5541984264509037,17.554198426450903,0.306,0.262,0.132,0.8379698036686679,0.8431356678772006,False,BALANCING
300,500,5,0.75,0.0018375,nominal,0.18,ideal,1,True,1.5541984264509037,17.554198426450903,0.306,0.262,0.132,0.8379698036686679,0.8431356678772006,False,BALANCING
300,20,10,0.75,0.0018375,nominal,0.18,ideal,1,False,0,1.044077913716082,,,0.132,,,True,FALLEN
300,50,10,0.75,0.0018375,nominal,0.18,ideal,1,False,0,5.959754281200675,,,0.132,,,True,FALLEN
300,100,10,0.75,0.0018375,nominal,0.18,ideal,1,True,1.9622153169645054,17.962215316964507,1.528,0.226,0.132,1.940383895699098,1.2005556576943464,False,BALANCING
300,200,10,0.75,0.0018375,nominal,0.18,ideal,1,True,1.9622153169645054,17.962215316964507,1.528,0.226,0.132,1.940383895699098,1.2005556576943464,False,BALANCING
300,350,10,0.75,0.0018375,nominal,0.18,ideal,1,True,1.9622153169645054,17.962215316964507,1.528,0.226,0.132,1.940383895699098,1.2005556576943464,False,BALANCING
300,500,10,0.75,0.0018375,nominal,0.18,ideal,1,True,1.9622153169645054,17.962215316964507,1.528,0.226,0.132,1.940383895699098,1.2005556576943464,False,BALANCING
300,20,15,0.75,0.0018375,nominal,0.18,ideal,1,False,0,1.044077913716082,,,0.132,,,True,FALLEN
300,50,15,0.75,0.0018375,nominal,0.18,ideal,1,False,0,9.22325799385014,,0.17,0.132,16.0,0.0,True,FALLEN
300,100,15,0.75,0.0018375,nominal,0.18,ideal,1,False,0,9.22325799385014,,0.17,0.132,16.0,0.0,True,FALLEN
300,200,15,0.75,0.0018375,nominal,0.18,ideal,1,False,0,9.22325799385014,,0.17,0.132,16.0,0.0,True,FALLEN
300,350,15,0.75,0.0018375,nominal,0.18,ideal,1,False,0,9.22325799385014,,0.17,0.132,16.0,0.0,True,FALLEN
300,500,15,0.75,0.0018375,nominal,0.18,ideal,1,False,0,9.22325799385014,,0.17,0.132,16.0,0.0,True,FALLEN
350,20,5,0.75,0.0018375,nominal,0.18,ideal,1,False,0,1.2560465546376172,,,0.166,,,True,FALLEN
350,50,5,0.75,0.0018375,nominal,0.18,ideal,1,False,0,7.607820118328423,,,0.166,,,True,FALLEN
350,100,5,0.75,0.0018375,nominal,0.18,ideal,1,False,16.0,32.0,0.334,,0.166,,,True,FALLEN
350,200,5,0.75,0.0018375,nominal,0.18,ideal,1,True,3.0317078155596318,19.03170781555963,0.328,0.29,0.166,1.5167279996505398,1.427937579246263,False,BALANCING
350,350,5,0.75,0.0018375,nominal,0.18,ideal,1,True,3.0317078155596318,19.03170781555963,0.328,0.29,0.166,1.5167279996505398,1.427937579246263,False,BALANCING
350,500,5,0.75,0.0018375,nominal,0.18,ideal,1,True,3.0317078155596318,19.03170781555963,0.328,0.29,0.166,1.5167279996505398,1.427937579246263,False,BALANCING
350,20,10,0.75,0.0018375,nominal,0.18,ideal,1,False,0,1.2560465546376172,,,0.166,,,True,FALLEN
350,50,10,0.75,0.0018375,nominal,0.18,ideal,1,False,0,7.607820118328423,,,0.166,,,True,FALLEN
350,100,10,0.75,0.0018375,nominal,0.18,ideal,1,True,1.6236789824151694,17.623678982415168,1.684,0.256,0.166,1.6236760089433393,0.8608045125754759,False,BALANCING
350,200,10,0.75,0.0018375,nominal,0.18,ideal,1,True,1.6236789824151694,17.623678982415168,1.684,0.256,0.166,1.6236760089433393,0.8608045125754759,False,BALANCING
350,350,10,0.75,0.0018375,nominal,0.18,ideal,1,True,1.6236789824151694,17.623678982415168,1.684,0.256,0.166,1.6236760089433393,0.8608045125754759,False,BALANCING
350,500,10,0.75,0.0018375,nominal,0.18,ideal,1,True,1.6236789824151694,17.623678982415168,1.684,0.256,0.166,1.6236760089433393,0.8608045125754759,False,BALANCING
350,20,15,0.75,0.0018375,nominal,0.18,ideal,1,False,0,1.2560465546376172,,,0.166,,,True,FALLEN
350,50,15,0.75,0.0018375,nominal,0.18,ideal,1,False,0,9.745122088391224,,0.202,0.166,16.0,0.0,True,FALLEN
350,100,15,0.75,0.0018375,nominal,0.18,ideal,1,False,0,9.745122088391224,,0.202,0.166,16.0,0.0,True,FALLEN
350,200,15,0.75,0.0018375,nominal,0.18,ideal,1,False,0,9.745122088391224,,0.202,0.166,16.0,0.0,True,FALLEN
350,350,15,0.75,0.0018375,nominal,0.18,ideal,1,False,0,9.745122088391224,,0.202,0.166,16.0,0.0,True,FALLEN
350,500,15,0.75,0.0018375,nominal,0.18,ideal,1,False,0,9.745122088391224,,0.202,0.166,16.0,0.0,True,FALLEN
400,20,5,0.75,0.0018375,nominal,0.18,ideal,1,False,0,1.2435618182014512,,,0.21,,,True,FALLEN
400,50,5,0.75,0.0018375,nominal,0.18,ideal,1,False,0,9.258114737082693,,,0.21,,,True,FALLEN
400,100,5,0.75,0.0018375,nominal,0.18,ideal,1,False,16.0,32.0,0.366,,0.21,,,True,FALLEN
400,200,5,0.75,0.0018375,nominal,0.18,ideal,1,False,4.935721072081141,20.93572107208114,0.362,0.328,0.21,2.4034455406512696,2.1567340941744892,False,BALANCING
400,350,5,0.75,0.0018375,nominal,0.18,ideal,1,False,4.935721072081141,20.93572107208114,0.362,0.328,0.21,2.4034455406512696,2.1567340941744892,False,BALANCING
400,500,5,0.75,0.0018375,nominal,0.18,ideal,1,False,4.935721072081141,20.93572107208114,0.362,0.328,0.21,2.4034455406512696,2.1567340941744892,False,BALANCING
400,20,10,0.75,0.0018375,nominal,0.18,ideal,1,False,0,1.2435618182014512,,,0.21,,,True,FALLEN
400,50,10,0.75,0.0018375,nominal,0.18,ideal,1,False,0,9.258114737082693,,,0.21,,,True,FALLEN
400,100,10,0.75,0.0018375,nominal,0.18,ideal,1,True,1.3038733956842585,17.30387339568426,1.9000000000000001,0.296,0.21,1.3038733956842585,0.5023981765128107,False,BALANCING
400,200,10,0.75,0.0018375,nominal,0.18,ideal,1,True,1.3038733956842585,17.30387339568426,1.9000000000000001,0.296,0.21,1.3038733956842585,0.5023981765128107,False,BALANCING
400,350,10,0.75,0.0018375,nominal,0.18,ideal,1,True,1.3038733956842585,17.30387339568426,1.9000000000000001,0.296,0.21,1.3038733956842585,0.5023981765128107,False,BALANCING
400,500,10,0.75,0.0018375,nominal,0.18,ideal,1,True,1.3038733956842585,17.30387339568426,1.9000000000000001,0.296,0.21,1.3038733956842585,0.5023981765128107,False,BALANCING
400,20,15,0.75,0.0018375,nominal,0.18,ideal,1,False,0,1.2435618182014512,,,0.21,,,True,FALLEN
400,50,15,0.75,0.0018375,nominal,0.18,ideal,1,False,0,10.494116839694673,,0.246,0.21,16.0,0.0,True,FALLEN
400,100,15,0.75,0.0018375,nominal,0.18,ideal,1,False,0,10.494116839694673,,0.246,0.21,16.0,0.0,True,FALLEN
400,200,15,0.75,0.0018375,nominal,0.18,ideal,1,False,0,10.494116839694673,,0.246,0.21,16.0,0.0,True,FALLEN
400,350,15,0.75,0.0018375,nominal,0.18,ideal,1,False,0,10.494116839694673,,0.246,0.21,16.0,0.0,True,FALLEN
400,500,15,0.75,0.0018375,nominal,0.18,ideal,1,False,0,10.494116839694673,,0.246,0.21,16.0,0.0,True,FALLEN
450,20,5,0.75,0.0018375,nominal,0.18,ideal,1,False,0,1.4972265109658416,,,0.268,,,True,FALLEN
450,50,5,0.75,0.0018375,nominal,0.18,ideal,1,False,16.0,32.0,0.5760000000000001,,0.268,,,True,FALLEN
450,100,5,0.75,0.0018375,nominal,0.18,ideal,1,False,16.0,32.0,0.41200000000000003,,0.268,,,True,FALLEN
450,200,5,0.75,0.0018375,nominal,0.18,ideal,1,False,16.0,32.0,0.41200000000000003,0.382,0.268,16.0,0.0,True,FALLEN
450,350,5,0.75,0.0018375,nominal,0.18,ideal,1,False,16.0,32.0,0.41200000000000003,0.382,0.268,16.0,0.0,True,FALLEN
450,500,5,0.75,0.0018375,nominal,0.18,ideal,1,False,16.0,32.0,0.41200000000000003,0.382,0.268,16.0,0.0,True,FALLEN
450,20,10,0.75,0.0018375,nominal,0.18,ideal,1,False,0,1.4972265109658416,,,0.268,,,True,FALLEN
450,50,10,0.75,0.0018375,nominal,0.18,ideal,1,False,16.0,32.0,0.5760000000000001,,0.268,,,True,FALLEN
450,100,10,0.75,0.0018375,nominal,0.18,ideal,1,True,1.0479755156627908,17.04797551566279,2.182,0.35000000000000003,0.268,1.0479755156627908,0.6896111736538338,False,BALANCING
450,200,10,0.75,0.0018375,nominal,0.18,ideal,1,True,1.0479755156627908,17.04797551566279,2.182,0.35000000000000003,0.268,1.0479755156627908,0.6896111736538338,False,BALANCING
450,350,10,0.75,0.0018375,nominal,0.18,ideal,1,True,1.0479755156627908,17.04797551566279,2.182,0.35000000000000003,0.268,1.0479755156627908,0.6896111736538338,False,BALANCING
450,500,10,0.75,0.0018375,nominal,0.18,ideal,1,True,1.0479755156627908,17.04797551566279,2.182,0.35000000000000003,0.268,1.0479755156627908,0.6896111736538338,False,BALANCING
450,20,15,0.75,0.0018375,nominal,0.18,ideal,1,False,0,1.4972265109658416,,,0.268,,,True,FALLEN
450,50,15,0.75,0.0018375,nominal,0.18,ideal,1,False,0,10.932169983617506,,0.302,0.268,16.0,0.0,True,FALLEN
450,100,15,0.75,0.0018375,nominal,0.18,ideal,1,False,0,10.932169983617506,,0.302,0.268,16.0,0.0,True,FALLEN
450,200,15,0.75,0.0018375,nominal,0.18,ideal,1,False,0,10.932169983617506,,0.302,0.268,16.0,0.0,True,FALLEN
450,350,15,0.75,0.0018375,nominal,0.18,ideal,1,False,0,10.932169983617506,,0.302,0.268,16.0,0.0,True,FALLEN
450,500,15,0.75,0.0018375,nominal,0.18,ideal,1,False,0,10.932169983617506,,0.302,0.268,16.0,0.0,True,FALLEN
500,20,5,0.75,0.0018375,nominal,0.18,ideal,1,False,0,1.7981432918784108,,,0.352,,,True,FALLEN
500,50,5,0.75,0.0018375,nominal,0.18,ideal,1,False,16.0,32.0,0.608,,0.352,,,True,FALLEN
500,100,5,0.75,0.0018375,nominal,0.18,ideal,1,False,16.0,32.0,0.49,,0.352,,,True,FALLEN
500,200,5,0.75,0.0018375,nominal,0.18,ideal,1,False,16.0,32.0,0.49,0.46,0.352,16.0,0.0,True,FALLEN
500,350,5,0.75,0.0018375,nominal,0.18,ideal,1,False,16.0,32.0,0.49,0.46,0.352,16.0,0.0,True,FALLEN
500,500,5,0.75,0.0018375,nominal,0.18,ideal,1,False,16.0,32.0,0.49,0.46,0.352,16.0,0.0,True,FALLEN
500,20,10,0.75,0.0018375,nominal,0.18,ideal,1,False,0,1.7981432918784108,,,0.352,,,True,FALLEN
500,50,10,0.75,0.0018375,nominal,0.18,ideal,1,False,16.0,32.0,0.608,,0.352,,,True,FALLEN
500,100,10,0.75,0.0018375,nominal,0.18,ideal,1,True,0.6823130495808258,16.682313049580827,2.698,0.432,0.352,0.6823130495808258,1.1212001518952943,False,BALANCING
500,200,10,0.75,0.0018375,nominal,0.18,ideal,1,True,0.6823130495808258,16.682313049580827,2.698,0.432,0.352,0.6823130495808258,1.1212001518952943,False,BALANCING
500,350,10,0.75,0.0018375,nominal,0.18,ideal,1,True,0.6823130495808258,16.682313049580827,2.698,0.432,0.352,0.6823130495808258,1.1212001518952943,False,BALANCING
500,500,10,0.75,0.0018375,nominal,0.18,ideal,1,True,0.6823130495808258,16.682313049580827,2.698,0.432,0.352,0.6823130495808258,1.1212001518952943,False,BALANCING
500,20,15,0.75,0.0018375,nominal,0.18,ideal,1,False,0,1.7981432918784108,,,0.352,,,True,FALLEN
500,50,15,0.75,0.0018375,nominal,0.18,ideal,1,False,0,11.324790557564526,,0.384,0.352,16.0,0.0,True,FALLEN
500,100,15,0.75,0.0018375,nominal,0.18,ideal,1,False,0,11.324790557564526,,0.384,0.352,16.0,0.0,True,FALLEN
500,200,15,0.75,0.0018375,nominal,0.18,ideal,1,False,0,11.324790557564526,,0.384,0.352,16.0,0.0,True,FALLEN
500,350,15,0.75,0.0018375,nominal,0.18,ideal,1,False,0,11.324790557564526,,0.384,0.352,16.0,0.0,True,FALLEN
500,500,15,0.75,0.0018375,nominal,0.18,ideal,1,False,0,11.324790557564526,,0.384,0.352,16.0,0.0,True,FALLEN
550,20,5,0.75,0.0018375,nominal,0.18,ideal,1,False,0,2.1755199614738867,,,0.52,,,True,FALLEN
550,50,5,0.75,0.0018375,nominal,0.18,ideal,1,False,16.0,32.0,0.734,,0.52,,,True,FALLEN
550,100,5,0.75,0.0018375,nominal,0.18,ideal,1,False,16.0,32.0,0.65,,0.52,,,True,FALLEN
550,200,5,0.75,0.0018375,nominal,0.18,ideal,1,False,16.0,32.0,0.652,0.626,0.52,16.0,0.0,True,FALLEN
550,350,5,0.75,0.0018375,nominal,0.18,ideal,1,False,16.0,32.0,0.652,0.626,0.52,16.0,0.0,True,FALLEN
550,500,5,0.75,0.0018375,nominal,0.18,ideal,1,False,16.0,32.0,0.652,0.626,0.52,16.0,0.0,True,FALLEN
550,20,10,0.75,0.0018375,nominal,0.18,ideal,1,False,0,2.1755199614738867,,,0.52,,,True,FALLEN
550,50,10,0.75,0.0018375,nominal,0.18,ideal,1,False,16.0,32.0,0.734,,0.52,,,True,FALLEN
550,100,10,0.75,0.0018375,nominal,0.18,ideal,1,True,0.39509571298642726,16.39509571298643,3.24,0.596,0.52,0.39509571298642726,1.5068229942294318,False,BALANCING
550,200,10,0.75,0.0018375,nominal,0.18,ideal,1,True,0.39509571298642726,16.39509571298643,3.24,0.596,0.52,0.39509571298642726,1.5068229942294318,False,BALANCING
550,350,10,0.75,0.0018375,nominal,0.18,ideal,1,True,0.39509571298642726,16.39509571298643,3.24,0.596,0.52,0.39509571298642726,1.5068229942294318,False,BALANCING
550,500,10,0.75,0.0018375,nominal,0.18,ideal,1,True,0.39509571298642726,16.39509571298643,3.24,0.596,0.52,0.39509571298642726,1.5068229942294318,False,BALANCING
550,20,15,0.75,0.0018375,nominal,0.18,ideal,1,False,0,2.1755199614738867,,,0.52,,,True,FALLEN
550,50,15,0.75,0.0018375,nominal,0.18,ideal,1,False,0,12.058731914222427,,0.552,0.52,16.0,0.0,True,FALLEN
550,100,15,0.75,0.0018375,nominal,0.18,ideal,1,False,0,12.058731914222427,,0.552,0.52,16.0,0.0,True,FALLEN
550,200,15,0.75,0.0018375,nominal,0.18,ideal,1,False,0,12.058731914222427,,0.552,0.52,16.0,0.0,True,FALLEN
550,350,15,0.75,0.0018375,nominal,0.18,ideal,1,False,0,12.058731914222427,,0.552,0.52,16.0,0.0,True,FALLEN
550,500,15,0.75,0.0018375,nominal,0.18,ideal,1,False,0,12.058731914222427,,0.552,0.52,16.0,0.0,True,FALLEN
580,20,5,0.75,0.0018375,nominal,0.18,ideal,1,False,0,2.4462658810094347,,,0.982,,,True,FALLEN
580,50,5,0.75,0.0018375,nominal,0.18,ideal,1,False,16.0,32.0,1.182,,0.982,,,True,FALLEN
580,100,5,0.75,0.0018375,nominal,0.18,ideal,1,False,16.0,32.0,1.11,,0.982,,,True,FALLEN
580,200,5,0.75,0.0018375,nominal,0.18,ideal,1,False,16.0,32.0,1.112,1.086,0.982,16.0,0.0,True,FALLEN
580,350,5,0.75,0.0018375,nominal,0.18,ideal,1,False,16.0,32.0,1.112,1.086,0.982,16.0,0.0,True,FALLEN
580,500,5,0.75,0.0018375,nominal,0.18,ideal,1,False,16.0,32.0,1.112,1.086,0.982,16.0,0.0,True,FALLEN
580,20,10,0.75,0.0018375,nominal,0.18,ideal,1,False,0,2.4462658810094347,,,0.982,,,True,FALLEN
580,50,10,0.75,0.0018375,nominal,0.18,ideal,1,False,16.0,32.0,1.182,,0.982,,,True,FALLEN
580,100,10,0.75,0.0018375,nominal,0.18,ideal,1,True,0.2783936628043546,16.278393662804355,1.186,1.058,0.982,1.0502784488122334,1.9205584339264994,False,BALANCING
580,200,10,0.75,0.0018375,nominal,0.18,ideal,1,True,0.2783936628043546,16.278393662804355,1.186,1.058,0.982,1.0502784488122334,1.9205584339264994,False,BALANCING
580,350,10,0.75,0.0018375,nominal,0.18,ideal,1,True,0.2783936628043546,16.278393662804355,1.186,1.058,0.982,1.0502784488122334,1.9205584339264994,False,BALANCING
580,500,10,0.75,0.0018375,nominal,0.18,ideal,1,True,0.2783936628043546,16.278393662804355,1.186,1.058,0.982,1.0502784488122334,1.9205584339264994,False,BALANCING
580,20,15,0.75,0.0018375,nominal,0.18,ideal,1,False,0,2.4462658810094347,,,0.982,,,True,FALLEN
580,50,15,0.75,0.0018375,nominal,0.18,ideal,1,False,0,12.56437057255023,,1.014,0.982,16.0,0.0,True,FALLEN
580,100,15,0.75,0.0018375,nominal,0.18,ideal,1,False,0,12.56437057255023,,1.014,0.982,16.0,0.0,True,FALLEN
580,200,15,0.75,0.0018375,nominal,0.18,ideal,1,False,0,12.56437057255023,,1.014,0.982,16.0,0.0,True,FALLEN
580,350,15,0.75,0.0018375,nominal,0.18,ideal,1,False,0,12.56437057255023,,1.014,0.982,16.0,0.0,True,FALLEN
580,500,15,0.75,0.0018375,nominal,0.18,ideal,1,False,0,12.56437057255023,,1.014,0.982,16.0,0.0,True,FALLEN
100,20,5,0.75,0.0018375,half_20ms,0.18,ideal,1,False,0,0.0,,,0.034,,,False,FALLEN
100,50,5,0.75,0.0018375,half_20ms,0.18,ideal,1,False,0,0.01367576469152354,,,0.034,,,True,FALLEN
100,100,5,0.75,0.0018375,half_20ms,0.18,ideal,1,False,0,0.26135103870611154,,,0.034,,,True,FALLEN
100,200,5,0.75,0.0018375,half_20ms,0.18,ideal,1,False,0,5.028531763499233,,,0.034,,,True,FALLEN
100,350,5,0.75,0.0018375,half_20ms,0.18,ideal,1,True,2.435570907876871,18.435570907876873,0.772,0.36,0.034,1.6469846641607966,2.3763348640487827,False,BALANCING
100,500,5,0.75,0.0018375,half_20ms,0.18,ideal,1,True,2.435570907876871,18.435570907876873,0.772,0.36,0.034,1.6469846641607966,2.3763348640487827,False,BALANCING
100,20,10,0.75,0.0018375,half_20ms,0.18,ideal,1,False,0,0.0,,,0.034,,,False,FALLEN
100,50,10,0.75,0.0018375,half_20ms,0.18,ideal,1,False,0,0.01367576469152354,,,0.034,,,True,FALLEN
100,100,10,0.75,0.0018375,half_20ms,0.18,ideal,1,False,0,0.26135103870611154,,,0.034,,,True,FALLEN
100,200,10,0.75,0.0018375,half_20ms,0.18,ideal,1,False,0,5.028531763499233,,,0.034,,,True,FALLEN
100,350,10,0.75,0.0018375,half_20ms,0.18,ideal,1,False,0,10.587548608829454,,0.276,0.034,16.0,0.0,True,FALLEN
100,500,10,0.75,0.0018375,half_20ms,0.18,ideal,1,False,0,10.587548608829454,,0.276,0.034,16.0,0.0,True,FALLEN
100,20,15,0.75,0.0018375,half_20ms,0.18,ideal,1,False,0,0.0,,,0.034,,,False,FALLEN
100,50,15,0.75,0.0018375,half_20ms,0.18,ideal,1,False,0,0.01367576469152354,,,0.034,,,True,FALLEN
100,100,15,0.75,0.0018375,half_20ms,0.18,ideal,1,False,0,0.26135103870611154,,,0.034,,,True,FALLEN
100,200,15,0.75,0.0018375,half_20ms,0.18,ideal,1,False,0,4.561557442329095,,0.17,0.034,16.0,0.0,True,FALLEN
100,350,15,0.75,0.0018375,half_20ms,0.18,ideal,1,False,0,4.561557442329095,,0.17,0.034,16.0,0.0,True,FALLEN
100,500,15,0.75,0.0018375,half_20ms,0.18,ideal,1,False,0,4.561557442329095,,0.17,0.034,16.0,0.0,True,FALLEN
150,20,5,0.75,0.0018375,half_20ms,0.18,ideal,1,False,0,0.0,,,0.054,,,False,FALLEN
150,50,5,0.75,0.0018375,half_20ms,0.18,ideal,1,False,0,0.04903121404380961,,,0.054,,,True,FALLEN
150,100,5,0.75,0.0018375,half_20ms,0.18,ideal,1,False,0,0.20929431067108872,,,0.054,,,True,FALLEN
150,200,5,0.75,0.0018375,half_20ms,0.18,ideal,1,False,0,4.602290744964053,,,0.054,,,True,FALLEN
150,350,5,0.75,0.0018375,half_20ms,0.18,ideal,1,True,2.0393061437985542,18.039306143798555,0.706,0.376,0.054,1.2196038879325668,1.9967304178860754,False,BALANCING
150,500,5,0.75,0.0018375,half_20ms,0.18,ideal,1,True,2.0393061437985542,18.039306143798555,0.706,0.376,0.054,1.2196038879325668,1.9967304178860754,False,BALANCING
150,20,10,0.75,0.0018375,half_20ms,0.18,ideal,1,False,0,0.0,,,0.054,,,False,FALLEN
150,50,10,0.75,0.0018375,half_20ms,0.18,ideal,1,False,0,0.04903121404380961,,,0.054,,,True,FALLEN
150,100,10,0.75,0.0018375,half_20ms,0.18,ideal,1,False,0,0.20929431067108872,,,0.054,,,True,FALLEN
150,200,10,0.75,0.0018375,half_20ms,0.18,ideal,1,False,0,4.602290744964053,,,0.054,,,True,FALLEN
150,350,10,0.75,0.0018375,half_20ms,0.18,ideal,1,False,0,11.62670706464855,,0.302,0.054,16.0,0.0,True,FALLEN
150,500,10,0.75,0.0018375,half_20ms,0.18,ideal,1,False,0,11.62670706464855,,0.302,0.054,16.0,0.0,True,FALLEN
150,20,15,0.75,0.0018375,half_20ms,0.18,ideal,1,False,0,0.0,,,0.054,,,False,FALLEN
150,50,15,0.75,0.0018375,half_20ms,0.18,ideal,1,False,0,0.04903121404380961,,,0.054,,,True,FALLEN
150,100,15,0.75,0.0018375,half_20ms,0.18,ideal,1,False,0,0.20929431067108872,,,0.054,,,True,FALLEN
150,200,15,0.75,0.0018375,half_20ms,0.18,ideal,1,False,0,4.815891509626917,,0.2,0.054,16.0,0.0,True,FALLEN
150,350,15,0.75,0.0018375,half_20ms,0.18,ideal,1,False,0,4.815891509626917,,0.2,0.054,16.0,0.0,True,FALLEN
150,500,15,0.75,0.0018375,half_20ms,0.18,ideal,1,False,0,4.815891509626917,,0.2,0.054,16.0,0.0,True,FALLEN
200,20,5,0.75,0.0018375,half_20ms,0.18,ideal,1,False,0,0.0,,,0.076,,,False,FALLEN
200,50,5,0.75,0.0018375,half_20ms,0.18,ideal,1,False,0,0.08779634392980995,,,0.076,,,True,FALLEN
200,100,5,0.75,0.0018375,half_20ms,0.18,ideal,1,False,0,0.4806727145617984,,,0.076,,,True,FALLEN
200,200,5,0.75,0.0018375,half_20ms,0.18,ideal,1,False,0,4.500828622786964,,,0.076,,,True,FALLEN
200,350,5,0.75,0.0018375,half_20ms,0.18,ideal,1,True,1.5706581884471318,17.570658188447133,0.514,0.39,0.076,0.586842177317963,1.4668343628890477,False,BALANCING
200,500,5,0.75,0.0018375,half_20ms,0.18,ideal,1,True,1.5706581884471318,17.570658188447133,0.514,0.39,0.076,0.586842177317963,1.4668343628890477,False,BALANCING
200,20,10,0.75,0.0018375,half_20ms,0.18,ideal,1,False,0,0.0,,,0.076,,,False,FALLEN
200,50,10,0.75,0.0018375,half_20ms,0.18,ideal,1,False,0,0.08779634392980995,,,0.076,,,True,FALLEN
200,100,10,0.75,0.0018375,half_20ms,0.18,ideal,1,False,0,0.4806727145617984,,,0.076,,,True,FALLEN
200,200,10,0.75,0.0018375,half_20ms,0.18,ideal,1,False,0,4.500828622786964,,,0.076,,,True,FALLEN
200,350,10,0.75,0.0018375,half_20ms,0.18,ideal,1,False,0,13.402981396716921,,0.326,0.076,16.0,0.0,True,FALLEN
200,500,10,0.75,0.0018375,half_20ms,0.18,ideal,1,False,0,13.402981396716921,,0.326,0.076,16.0,0.0,True,FALLEN
200,20,15,0.75,0.0018375,half_20ms,0.18,ideal,1,False,0,0.0,,,0.076,,,False,FALLEN
200,50,15,0.75,0.0018375,half_20ms,0.18,ideal,1,False,0,0.08779634392980995,,,0.076,,,True,FALLEN
200,100,15,0.75,0.0018375,half_20ms,0.18,ideal,1,False,0,0.4806727145617984,,,0.076,,,True,FALLEN
200,200,15,0.75,0.0018375,half_20ms,0.18,ideal,1,False,0,5.193539498476717,,0.224,0.076,16.0,0.0,True,FALLEN
200,350,15,0.75,0.0018375,half_20ms,0.18,ideal,1,False,0,5.193539498476717,,0.224,0.076,16.0,0.0,True,FALLEN
200,500,15,0.75,0.0018375,half_20ms,0.18,ideal,1,False,0,5.193539498476717,,0.224,0.076,16.0,0.0,True,FALLEN
250,20,5,0.75,0.0018375,half_20ms,0.18,ideal,1,False,0,0.0,,,0.10200000000000001,,,False,FALLEN
250,50,5,0.75,0.0018375,half_20ms,0.18,ideal,1,False,0,0.13319366694017631,,,0.10200000000000001,,,True,FALLEN
250,100,5,0.75,0.0018375,half_20ms,0.18,ideal,1,False,0,0.7347588098878362,,,0.10200000000000001,,,True,FALLEN
250,200,5,0.75,0.0018375,half_20ms,0.18,ideal,1,False,0,4.899573472504679,,,0.10200000000000001,,,True,FALLEN
250,350,5,0.75,0.0018375,half_20ms,0.18,ideal,1,True,1.4699818413201742,17.469981841320173,0.47600000000000003,0.404,0.10200000000000001,0.47398902977842466,0.8161576115325164,False,BALANCING
250,500,5,0.75,0.0018375,half_20ms,0.18,ideal,1,True,1.4699818413201742,17.469981841320173,0.47600000000000003,0.404,0.10200000000000001,0.47398902977842466,0.8161576115325164,False,BALANCING
250,20,10,0.75,0.0018375,half_20ms,0.18,ideal,1,False,0,0.0,,,0.10200000000000001,,,False,FALLEN
250,50,10,0.75,0.0018375,half_20ms,0.18,ideal,1,False,0,0.13319366694017631,,,0.10200000000000001,,,True,FALLEN
250,100,10,0.75,0.0018375,half_20ms,0.18,ideal,1,False,0,0.7347588098878362,,,0.10200000000000001,,,True,FALLEN
250,200,10,0.75,0.0018375,half_20ms,0.18,ideal,1,False,0,4.899573472504679,,,0.10200000000000001,,,True,FALLEN
250,350,10,0.75,0.0018375,half_20ms,0.18,ideal,1,False,3.082917474135334,19.082917474135336,1.286,0.34600000000000003,0.10200000000000001,2.8394399797917624,2.9782835104079624,False,BALANCING
250,500,10,0.75,0.0018375,half_20ms,0.18,ideal,1,False,3.082917474135334,19.082917474135336,1.286,0.34600000000000003,0.10200000000000001,2.8394399797917624,2.9782835104079624,False,BALANCING
250,20,15,0.75,0.0018375,half_20ms,0.18,ideal,1,False,0,0.0,,,0.10200000000000001,,,False,FALLEN
250,50,15,0.75,0.0018375,half_20ms,0.18,ideal,1,False,0,0.13319366694017631,,,0.10200000000000001,,,True,FALLEN
250,100,15,0.75,0.0018375,half_20ms,0.18,ideal,1,False,0,0.7347588098878362,,,0.10200000000000001,,,True,FALLEN
250,200,15,0.75,0.0018375,half_20ms,0.18,ideal,1,False,0,5.312741672237561,,0.228,0.10200000000000001,16.0,0.0,True,FALLEN
250,350,15,0.75,0.0018375,half_20ms,0.18,ideal,1,False,0,5.312741672237561,,0.228,0.10200000000000001,16.0,0.0,True,FALLEN
250,500,15,0.75,0.0018375,half_20ms,0.18,ideal,1,False,0,5.312741672237561,,0.228,0.10200000000000001,16.0,0.0,True,FALLEN
300,20,5,0.75,0.0018375,half_20ms,0.18,ideal,1,False,0,0.0,,,0.132,,,False,FALLEN
300,50,5,0.75,0.0018375,half_20ms,0.18,ideal,1,False,0,0.21243304498418958,,,0.132,,,True,FALLEN
300,100,5,0.75,0.0018375,half_20ms,0.18,ideal,1,False,0,1.1235402841403648,,,0.132,,,True,FALLEN
300,200,5,0.75,0.0018375,half_20ms,0.18,ideal,1,False,0,5.772407942849078,,,0.132,,,True,FALLEN
300,350,5,0.75,0.0018375,half_20ms,0.18,ideal,1,True,3.027932098503828,19.02793209850383,0.47200000000000003,0.418,0.132,1.1548174069289023,0.568465366609979,False,BALANCING
300,500,5,0.75,0.0018375,half_20ms,0.18,ideal,1,True,3.027932098503828,19.02793209850383,0.47200000000000003,0.418,0.132,1.1548174069289023,0.568465366609979,False,BALANCING
300,20,10,0.75,0.0018375,half_20ms,0.18,ideal,1,False,0,0.0,,,0.132,,,False,FALLEN
300,50,10,0.75,0.0018375,half_20ms,0.18,ideal,1,False,0,0.21243304498418958,,,0.132,,,True,FALLEN
300,100,10,0.75,0.0018375,half_20ms,0.18,ideal,1,False,0,1.1235402841403648,,,0.132,,,True,FALLEN
300,200,10,0.75,0.0018375,half_20ms,0.18,ideal,1,False,0,5.772407942849078,,,0.132,,,True,FALLEN
300,350,10,0.75,0.0018375,half_20ms,0.18,ideal,1,False,2.7462136359144576,18.746213635914458,1.3780000000000001,0.364,0.132,2.53545667945538,2.6332614440857154,False,BALANCING
300,500,10,0.75,0.0018375,half_20ms,0.18,ideal,1,False,2.7462136359144576,18.746213635914458,1.3780000000000001,0.364,0.132,2.53545667945538,2.6332614440857154,False,BALANCING
300,20,15,0.75,0.0018375,half_20ms,0.18,ideal,1,False,0,0.0,,,0.132,,,False,FALLEN
300,50,15,0.75,0.0018375,half_20ms,0.18,ideal,1,False,0,0.21243304498418958,,,0.132,,,True,FALLEN
300,100,15,0.75,0.0018375,half_20ms,0.18,ideal,1,False,0,1.1235402841403648,,,0.132,,,True,FALLEN
300,200,15,0.75,0.0018375,half_20ms,0.18,ideal,1,False,0,5.151111782230366,,0.23800000000000002,0.132,16.0,0.0,True,FALLEN
300,350,15,0.75,0.0018375,half_20ms,0.18,ideal,1,False,0,5.151111782230366,,0.23800000000000002,0.132,16.0,0.0,True,FALLEN
300,500,15,0.75,0.0018375,half_20ms,0.18,ideal,1,False,0,5.151111782230366,,0.23800000000000002,0.132,16.0,0.0,True,FALLEN
350,20,5,0.75,0.0018375,half_20ms,0.18,ideal,1,False,0,0.0,,,0.166,,,False,FALLEN
350,50,5,0.75,0.0018375,half_20ms,0.18,ideal,1,False,0,0.27911672393755005,,,0.166,,,True,FALLEN
350,100,5,0.75,0.0018375,half_20ms,0.18,ideal,1,False,0,1.5152402853394609,,,0.166,,,True,FALLEN
350,200,5,0.75,0.0018375,half_20ms,0.18,ideal,1,False,0,7.281946977589403,,,0.166,,,True,FALLEN
350,350,5,0.75,0.0018375,half_20ms,0.18,ideal,1,True,3.471953113990685,19.471953113990686,0.488,0.438,0.166,1.3231331406935278,0.7271977491284668,False,BALANCING
350,500,5,0.75,0.0018375,half_20ms,0.18,ideal,1,True,3.471953113990685,19.471953113990686,0.488,0.438,0.166,1.3231331406935278,0.7271977491284668,False,BALANCING
350,20,10,0.75,0.0018375,half_20ms,0.18,ideal,1,False,0,0.0,,,0.166,,,False,FALLEN
350,50,10,0.75,0.0018375,half_20ms,0.18,ideal,1,False,0,0.27911672393755005,,,0.166,,,True,FALLEN
350,100,10,0.75,0.0018375,half_20ms,0.18,ideal,1,False,0,1.5152402853394609,,,0.166,,,True,FALLEN
350,200,10,0.75,0.0018375,half_20ms,0.18,ideal,1,False,0,7.281946977589403,,,0.166,,,True,FALLEN
350,350,10,0.75,0.0018375,half_20ms,0.18,ideal,1,False,2.567800177972956,18.567800177972956,1.488,0.386,0.166,2.39339415715407,2.3818956273717413,False,BALANCING
350,500,10,0.75,0.0018375,half_20ms,0.18,ideal,1,False,2.567800177972956,18.567800177972956,1.488,0.386,0.166,2.39339415715407,2.3818956273717413,False,BALANCING
350,20,15,0.75,0.0018375,half_20ms,0.18,ideal,1,False,0,0.0,,,0.166,,,False,FALLEN
350,50,15,0.75,0.0018375,half_20ms,0.18,ideal,1,False,0,0.27911672393755005,,,0.166,,,True,FALLEN
350,100,15,0.75,0.0018375,half_20ms,0.18,ideal,1,False,0,4.4773874534078715,,0.262,0.166,16.0,0.0,True,FALLEN
350,200,15,0.75,0.0018375,half_20ms,0.18,ideal,1,False,0,4.4773874534078715,,0.262,0.166,16.0,0.0,True,FALLEN
350,350,15,0.75,0.0018375,half_20ms,0.18,ideal,1,False,0,4.4773874534078715,,0.262,0.166,16.0,0.0,True,FALLEN
350,500,15,0.75,0.0018375,half_20ms,0.18,ideal,1,False,0,4.4773874534078715,,0.262,0.166,16.0,0.0,True,FALLEN
400,20,5,0.75,0.0018375,half_20ms,0.18,ideal,1,False,0,0.0,,,0.21,,,False,FALLEN
400,50,5,0.75,0.0018375,half_20ms,0.18,ideal,1,False,0,0.31667856920434545,,,0.21,,,True,FALLEN
400,100,5,0.75,0.0018375,half_20ms,0.18,ideal,1,False,0,1.9977577728628741,,,0.21,,,True,FALLEN
400,200,5,0.75,0.0018375,half_20ms,0.18,ideal,1,False,0,9.11053084144817,,,0.21,,,True,FALLEN
400,350,5,0.75,0.0018375,half_20ms,0.18,ideal,1,True,4.151424300271762,20.151424300271763,0.516,0.47000000000000003,0.21,1.7261500559552299,1.7698994025330932,False,BALANCING
400,500,5,0.75,0.0018375,half_20ms,0.18,ideal,1,True,4.151424300271762,20.151424300271763,0.516,0.47000000000000003,0.21,1.7261500559552299,1.7698994025330932,False,BALANCING
400,20,10,0.75,0.0018375,half_20ms,0.18,ideal,1,False,0,0.0,,,0.21,,,False,FALLEN
400,50,10,0.75,0.0018375,half_20ms,0.18,ideal,1,False,0,0.31667856920434545,,,0.21,,,True,FALLEN
400,100,10,0.75,0.0018375,half_20ms,0.18,ideal,1,False,0,1.9977577728628741,,,0.21,,,True,FALLEN
400,200,10,0.75,0.0018375,half_20ms,0.18,ideal,1,False,0,9.11053084144817,,,0.21,,,True,FALLEN
400,350,10,0.75,0.0018375,half_20ms,0.18,ideal,1,False,2.8170257412354474,18.817025741235447,1.606,0.41400000000000003,0.21,2.713528090271398,1.532288649590191,False,BALANCING
400,500,10,0.75,0.0018375,half_20ms,0.18,ideal,1,False,2.8170257412354474,18.817025741235447,1.606,0.41400000000000003,0.21,2.713528090271398,1.532288649590191,False,BALANCING
400,20,15,0.75,0.0018375,half_20ms,0.18,ideal,1,False,0,0.0,,,0.21,,,False,FALLEN
400,50,15,0.75,0.0018375,half_20ms,0.18,ideal,1,False,0,0.31667856920434545,,,0.21,,,True,FALLEN
400,100,15,0.75,0.0018375,half_20ms,0.18,ideal,1,False,0,4.353538576258055,,0.3,0.21,16.0,0.0,True,FALLEN
400,200,15,0.75,0.0018375,half_20ms,0.18,ideal,1,False,0,4.353538576258055,,0.3,0.21,16.0,0.0,True,FALLEN
400,350,15,0.75,0.0018375,half_20ms,0.18,ideal,1,False,0,4.353538576258055,,0.3,0.21,16.0,0.0,True,FALLEN
400,500,15,0.75,0.0018375,half_20ms,0.18,ideal,1,False,0,4.353538576258055,,0.3,0.21,16.0,0.0,True,FALLEN
450,20,5,0.75,0.0018375,half_20ms,0.18,ideal,1,False,0,0.0,,,0.268,,,False,FALLEN
450,50,5,0.75,0.0018375,half_20ms,0.18,ideal,1,False,0,0.39710815097245167,,,0.268,,,True,FALLEN
450,100,5,0.75,0.0018375,half_20ms,0.18,ideal,1,False,0,2.5556026869653614,,,0.268,,,True,FALLEN
450,200,5,0.75,0.0018375,half_20ms,0.18,ideal,1,False,16.0,32.0,0.706,,0.268,,,True,FALLEN
450,350,5,0.75,0.0018375,half_20ms,0.18,ideal,1,True,2.72414076016672,18.72414076016672,0.5640000000000001,0.516,0.268,1.474367924439053,1.5502996695327442,False,BALANCING
450,500,5,0.75,0.0018375,half_20ms,0.18,ideal,1,True,2.72414076016672,18.72414076016672,0.5640000000000001,0.516,0.268,1.474367924439053,1.5502996695327442,False,BALANCING
450,20,10,0.75,0.0018375,half_20ms,0.18,ideal,1,False,0,0.0,,,0.268,,,False,FALLEN
450,50,10,0.75,0.0018375,half_20ms,0.18,ideal,1,False,0,0.39710815097245167,,,0.268,,,True,FALLEN
450,100,10,0.75,0.0018375,half_20ms,0.18,ideal,1,False,0,2.5556026869653614,,,0.268,,,True,FALLEN
450,200,10,0.75,0.0018375,half_20ms,0.18,ideal,1,False,2.8349120267222645,18.834912026722264,1.742,0.456,0.268,2.7956910462861955,1.5413888575428836,False,BALANCING
450,350,10,0.75,0.0018375,half_20ms,0.18,ideal,1,False,2.8349120267222645,18.834912026722264,1.742,0.456,0.268,2.7956910462861955,1.5413888575428836,False,BALANCING
450,500,10,0.75,0.0018375,half_20ms,0.18,ideal,1,False,2.8349120267222645,18.834912026722264,1.742,0.456,0.268,2.7956910462861955,1.5413888575428836,False,BALANCING
450,20,15,0.75,0.0018375,half_20ms,0.18,ideal,1,False,0,0.0,,,0.268,,,False,FALLEN
450,50,15,0.75,0.0018375,half_20ms,0.18,ideal,1,False,0,0.39710815097245167,,,0.268,,,True,FALLEN
450,100,15,0.75,0.0018375,half_20ms,0.18,ideal,1,False,0,4.334291317608896,,0.354,0.268,16.0,0.0,True,FALLEN
450,200,15,0.75,0.0018375,half_20ms,0.18,ideal,1,False,0,4.334291317608896,,0.354,0.268,16.0,0.0,True,FALLEN
450,350,15,0.75,0.0018375,half_20ms,0.18,ideal,1,False,0,4.334291317608896,,0.354,0.268,16.0,0.0,True,FALLEN
450,500,15,0.75,0.0018375,half_20ms,0.18,ideal,1,False,0,4.334291317608896,,0.354,0.268,16.0,0.0,True,FALLEN
500,20,5,0.75,0.0018375,half_20ms,0.18,ideal,1,False,0,0.0,,,0.352,,,False,FALLEN
500,50,5,0.75,0.0018375,half_20ms,0.18,ideal,1,False,0,0.4959826154151443,,,0.352,,,True,FALLEN
500,100,5,0.75,0.0018375,half_20ms,0.18,ideal,1,False,0,3.267607546268289,,,0.352,,,True,FALLEN
500,200,5,0.75,0.0018375,half_20ms,0.18,ideal,1,False,16.0,32.0,0.654,,0.352,,,True,FALLEN
500,350,5,0.75,0.0018375,half_20ms,0.18,ideal,1,True,0.417441909881852,16.417441909881852,0.648,0.58,0.352,0.7132991761342543,1.235011080094148,False,BALANCING
500,500,5,0.75,0.0018375,half_20ms,0.18,ideal,1,True,0.417441909881852,16.417441909881852,0.648,0.58,0.352,0.7132991761342543,1.235011080094148,False,BALANCING
500,20,10,0.75,0.0018375,half_20ms,0.18,ideal,1,False,0,0.0,,,0.352,,,False,FALLEN
500,50,10,0.75,0.0018375,half_20ms,0.18,ideal,1,False,0,0.4959826154151443,,,0.352,,,True,FALLEN
500,100,10,0.75,0.0018375,half_20ms,0.18,ideal,1,False,0,3.267607546268289,,,0.352,,,True,FALLEN
500,200,10,0.75,0.0018375,half_20ms,0.18,ideal,1,False,2.655497784818858,18.65549778481886,1.92,0.526,0.352,2.6531415546292276,1.4440536847944156,False,BALANCING
500,350,10,0.75,0.0018375,half_20ms,0.18,ideal,1,False,2.655497784818858,18.65549778481886,1.92,0.526,0.352,2.6531415546292276,1.4440536847944156,False,BALANCING
500,500,10,0.75,0.0018375,half_20ms,0.18,ideal,1,False,2.655497784818858,18.65549778481886,1.92,0.526,0.352,2.6531415546292276,1.4440536847944156,False,BALANCING
500,20,15,0.75,0.0018375,half_20ms,0.18,ideal,1,False,0,0.0,,,0.352,,,False,FALLEN
500,50,15,0.75,0.0018375,half_20ms,0.18,ideal,1,False,0,0.4959826154151443,,,0.352,,,True,FALLEN
500,100,15,0.75,0.0018375,half_20ms,0.18,ideal,1,False,0,4.777852473727677,,0.432,0.352,16.0,0.0,True,FALLEN
500,200,15,0.75,0.0018375,half_20ms,0.18,ideal,1,False,0,4.777852473727677,,0.432,0.352,16.0,0.0,True,FALLEN
500,350,15,0.75,0.0018375,half_20ms,0.18,ideal,1,False,0,4.777852473727677,,0.432,0.352,16.0,0.0,True,FALLEN
500,500,15,0.75,0.0018375,half_20ms,0.18,ideal,1,False,0,4.777852473727677,,0.432,0.352,16.0,0.0,True,FALLEN
550,20,5,0.75,0.0018375,half_20ms,0.18,ideal,1,False,0,0.0,,,0.52,,,False,FALLEN
550,50,5,0.75,0.0018375,half_20ms,0.18,ideal,1,False,0,0.6123211558314949,,,0.52,,,True,FALLEN
550,100,5,0.75,0.0018375,half_20ms,0.18,ideal,1,False,0,4.379302228351518,,,0.52,,,True,FALLEN
550,200,5,0.75,0.0018375,half_20ms,0.18,ideal,1,False,16.0,32.0,0.786,,0.52,,,True,FALLEN
550,350,5,0.75,0.0018375,half_20ms,0.18,ideal,1,True,1.7831786035650925,17.78317860356509,0.786,0.734,0.52,1.5871953182360956,1.940926518231443,False,BALANCING
550,500,5,0.75,0.0018375,half_20ms,0.18,ideal,1,True,1.7831786035650925,17.78317860356509,0.786,0.734,0.52,1.5871953182360956,1.940926518231443,False,BALANCING
550,20,10,0.75,0.0018375,half_20ms,0.18,ideal,1,False,0,0.0,,,0.52,,,False,FALLEN
550,50,10,0.75,0.0018375,half_20ms,0.18,ideal,1,False,0,0.6123211558314949,,,0.52,,,True,FALLEN
550,100,10,0.75,0.0018375,half_20ms,0.18,ideal,1,False,0,4.379302228351518,,,0.52,,,True,FALLEN
550,200,10,0.75,0.0018375,half_20ms,0.18,ideal,1,False,2.3729882790513344,18.372988279051334,2.204,0.682,0.52,2.3729882790513344,1.0886042038663326,False,BALANCING
550,350,10,0.75,0.0018375,half_20ms,0.18,ideal,1,False,2.3729882790513344,18.372988279051334,2.204,0.682,0.52,2.3729882790513344,1.0886042038663326,False,BALANCING
550,500,10,0.75,0.0018375,half_20ms,0.18,ideal,1,False,2.3729882790513344,18.372988279051334,2.204,0.682,0.52,2.3729882790513344,1.0886042038663326,False,BALANCING
550,20,15,0.75,0.0018375,half_20ms,0.18,ideal,1,False,0,0.0,,,0.52,,,False,FALLEN
550,50,15,0.75,0.0018375,half_20ms,0.18,ideal,1,False,0,0.6123211558314949,,,0.52,,,True,FALLEN
550,100,15,0.75,0.0018375,half_20ms,0.18,ideal,1,False,0,5.328529471772015,,0.598,0.52,16.0,0.0,True,FALLEN
550,200,15,0.75,0.0018375,half_20ms,0.18,ideal,1,False,0,5.328529471772015,,0.598,0.52,16.0,0.0,True,FALLEN
550,350,15,0.75,0.0018375,half_20ms,0.18,ideal,1,False,0,5.328529471772015,,0.598,0.52,16.0,0.0,True,FALLEN
550,500,15,0.75,0.0018375,half_20ms,0.18,ideal,1,False,0,5.328529471772015,,0.598,0.52,16.0,0.0,True,FALLEN
580,20,5,0.75,0.0018375,half_20ms,0.18,ideal,1,False,0,0.0,,,0.982,,,False,FALLEN
580,50,5,0.75,0.0018375,half_20ms,0.18,ideal,1,False,0,0.6927413336671826,,,0.982,,,True,FALLEN
580,100,5,0.75,0.0018375,half_20ms,0.18,ideal,1,False,0,4.83790754626299,,,0.982,,,True,FALLEN
580,200,5,0.75,0.0018375,half_20ms,0.18,ideal,1,False,16.0,32.0,1.234,,0.982,,,True,FALLEN
580,350,5,0.75,0.0018375,half_20ms,0.18,ideal,1,False,3.1411305318255005,19.1411305318255,1.236,1.19,0.982,2.397546922456914,2.560593866646728,False,BALANCING
580,500,5,0.75,0.0018375,half_20ms,0.18,ideal,1,False,3.1411305318255005,19.1411305318255,1.236,1.19,0.982,2.397546922456914,2.560593866646728,False,BALANCING
580,20,10,0.75,0.0018375,half_20ms,0.18,ideal,1,False,0,0.0,,,0.982,,,False,FALLEN
580,50,10,0.75,0.0018375,half_20ms,0.18,ideal,1,False,0,0.6927413336671826,,,0.982,,,True,FALLEN
580,100,10,0.75,0.0018375,half_20ms,0.18,ideal,1,False,0,4.83790754626299,,,0.982,,,True,FALLEN
580,200,10,0.75,0.0018375,half_20ms,0.18,ideal,1,False,2.102152629286162,18.102152629286163,2.7640000000000002,1.1400000000000001,0.982,2.102152629286162,0.7725871551635619,False,BALANCING
580,350,10,0.75,0.0018375,half_20ms,0.18,ideal,1,False,2.102152629286162,18.102152629286163,2.7640000000000002,1.1400000000000001,0.982,2.102152629286162,0.7725871551635619,False,BALANCING
580,500,10,0.75,0.0018375,half_20ms,0.18,ideal,1,False,2.102152629286162,18.102152629286163,2.7640000000000002,1.1400000000000001,0.982,2.102152629286162,0.7725871551635619,False,BALANCING
580,20,15,0.75,0.0018375,half_20ms,0.18,ideal,1,False,0,0.0,,,0.982,,,False,FALLEN
580,50,15,0.75,0.0018375,half_20ms,0.18,ideal,1,False,0,0.6927413336671826,,,0.982,,,True,FALLEN
580,100,15,0.75,0.0018375,half_20ms,0.18,ideal,1,False,0,5.721398898562537,,1.058,0.982,16.0,0.0,True,FALLEN
580,200,15,0.75,0.0018375,half_20ms,0.18,ideal,1,False,0,5.721398898562537,,1.058,0.982,16.0,0.0,True,FALLEN
580,350,15,0.75,0.0018375,half_20ms,0.18,ideal,1,False,0,5.721398898562537,,1.058,0.982,16.0,0.0,True,FALLEN
580,500,15,0.75,0.0018375,half_20ms,0.18,ideal,1,False,0,5.721398898562537,,1.058,0.982,16.0,0.0,True,FALLEN
100,20,5,0.75,0.0018375,half_50ms,0.18,ideal,1,False,0,0.0,,,0.034,,,False,FALLEN
100,50,5,0.75,0.0018375,half_50ms,0.18,ideal,1,False,0,0.0,,,0.034,,,False,FALLEN
100,100,5,0.75,0.0018375,half_50ms,0.18,ideal,1,False,0,0.016448091621464656,,,0.034,,,True,FALLEN
100,200,5,0.75,0.0018375,half_50ms,0.18,ideal,1,False,0,3.5923971936737047,,,0.034,,,True,FALLEN
100,350,5,0.75,0.0018375,half_50ms,0.18,ideal,1,True,2.300055327384009,18.30005532738401,0.6980000000000001,0.384,0.034,1.4010779705222136,2.3794673028460305,False,BALANCING
100,500,5,0.75,0.0018375,half_50ms,0.18,ideal,1,True,2.300055327384009,18.30005532738401,0.6980000000000001,0.384,0.034,1.4010779705222136,2.3794673028460305,False,BALANCING
100,20,10,0.75,0.0018375,half_50ms,0.18,ideal,1,False,0,0.0,,,0.034,,,False,FALLEN
100,50,10,0.75,0.0018375,half_50ms,0.18,ideal,1,False,0,0.0,,,0.034,,,False,FALLEN
100,100,10,0.75,0.0018375,half_50ms,0.18,ideal,1,False,0,0.016448091621464656,,,0.034,,,True,FALLEN
100,200,10,0.75,0.0018375,half_50ms,0.18,ideal,1,False,0,3.5923971936737047,,,0.034,,,True,FALLEN
100,350,10,0.75,0.0018375,half_50ms,0.18,ideal,1,False,0,10.11327672834638,,0.3,0.034,16.0,0.0,True,FALLEN
100,500,10,0.75,0.0018375,half_50ms,0.18,ideal,1,False,0,10.11327672834638,,0.3,0.034,16.0,0.0,True,FALLEN
100,20,15,0.75,0.0018375,half_50ms,0.18,ideal,1,False,0,0.0,,,0.034,,,False,FALLEN
100,50,15,0.75,0.0018375,half_50ms,0.18,ideal,1,False,0,0.0,,,0.034,,,False,FALLEN
100,100,15,0.75,0.0018375,half_50ms,0.18,ideal,1,False,0,0.016448091621464656,,,0.034,,,True,FALLEN
100,200,15,0.75,0.0018375,half_50ms,0.18,ideal,1,False,0,4.553952598812659,,0.194,0.034,16.0,0.0,True,FALLEN
100,350,15,0.75,0.0018375,half_50ms,0.18,ideal,1,False,0,4.553952598812659,,0.194,0.034,16.0,0.0,True,FALLEN
100,500,15,0.75,0.0018375,half_50ms,0.18,ideal,1,False,0,4.553952598812659,,0.194,0.034,16.0,0.0,True,FALLEN
150,20,5,0.75,0.0018375,half_50ms,0.18,ideal,1,False,0,0.0,,,0.054,,,False,FALLEN
150,50,5,0.75,0.0018375,half_50ms,0.18,ideal,1,False,0,0.0,,,0.054,,,False,FALLEN
150,100,5,0.75,0.0018375,half_50ms,0.18,ideal,1,False,0,0.09491443270672306,,,0.054,,,True,FALLEN
150,200,5,0.75,0.0018375,half_50ms,0.18,ideal,1,False,0,2.7039241427608918,,,0.054,,,True,FALLEN
150,350,5,0.75,0.0018375,half_50ms,0.18,ideal,1,False,0,15.831957241334193,,,0.054,,,True,FALLEN
150,500,5,0.75,0.0018375,half_50ms,0.18,ideal,1,True,1.995325296423928,17.99532529642393,0.562,0.40800000000000003,0.054,0.8729425109232157,1.9949216051100616,False,BALANCING
150,20,10,0.75,0.0018375,half_50ms,0.18,ideal,1,False,0,0.0,,,0.054,,,False,FALLEN
150,50,10,0.75,0.0018375,half_50ms,0.18,ideal,1,False,0,0.0,,,0.054,,,False,FALLEN
150,100,10,0.75,0.0018375,half_50ms,0.18,ideal,1,False,0,0.09491443270672306,,,0.054,,,True,FALLEN
150,200,10,0.75,0.0018375,half_50ms,0.18,ideal,1,False,0,2.7039241427608918,,,0.054,,,True,FALLEN
150,350,10,0.75,0.0018375,half_50ms,0.18,ideal,1,False,0,11.036648240516541,,0.334,0.054,16.0,0.0,True,FALLEN
150,500,10,0.75,0.0018375,half_50ms,0.18,ideal,1,False,0,11.036648240516541,,0.334,0.054,16.0,0.0,True,FALLEN
150,20,15,0.75,0.0018375,half_50ms,0.18,ideal,1,False,0,0.0,,,0.054,,,False,FALLEN
150,50,15,0.75,0.0018375,half_50ms,0.18,ideal,1,False,0,0.0,,,0.054,,,False,FALLEN
150,100,15,0.75,0.0018375,half_50ms,0.18,ideal,1,False,0,0.09491443270672306,,,0.054,,,True,FALLEN
150,200,15,0.75,0.0018375,half_50ms,0.18,ideal,1,False,0,4.831880672845582,,0.232,0.054,16.0,0.0,True,FALLEN
150,350,15,0.75,0.0018375,half_50ms,0.18,ideal,1,False,0,4.831880672845582,,0.232,0.054,16.0,0.0,True,FALLEN
150,500,15,0.75,0.0018375,half_50ms,0.18,ideal,1,False,0,4.831880672845582,,0.232,0.054,16.0,0.0,True,FALLEN
200,20,5,0.75,0.0018375,half_50ms,0.18,ideal,1,False,0,0.0,,,0.076,,,False,FALLEN
200,50,5,0.75,0.0018375,half_50ms,0.18,ideal,1,False,0,0.0,,,0.076,,,False,FALLEN
200,100,5,0.75,0.0018375,half_50ms,0.18,ideal,1,False,0,0.21287596768159922,,,0.076,,,True,FALLEN
200,200,5,0.75,0.0018375,half_50ms,0.18,ideal,1,False,0,2.5251396156554407,,,0.076,,,True,FALLEN
200,350,5,0.75,0.0018375,half_50ms,0.18,ideal,1,True,1.9438408017276732,17.943840801727674,0.5,0.42,0.076,0.5904836887695062,1.3279375472325567,False,BALANCING
200,500,5,0.75,0.0018375,half_50ms,0.18,ideal,1,True,1.9438408017276732,17.943840801727674,0.5,0.42,0.076,0.5904836887695062,1.3279375472325567,False,BALANCING
200,20,10,0.75,0.0018375,half_50ms,0.18,ideal,1,False,0,0.0,,,0.076,,,False,FALLEN
200,50,10,0.75,0.0018375,half_50ms,0.18,ideal,1,False,0,0.0,,,0.076,,,False,FALLEN
200,100,10,0.75,0.0018375,half_50ms,0.18,ideal,1,False,0,0.21287596768159922,,,0.076,,,True,FALLEN
200,200,10,0.75,0.0018375,half_50ms,0.18,ideal,1,False,0,2.5251396156554407,,,0.076,,,True,FALLEN
200,350,10,0.75,0.0018375,half_50ms,0.18,ideal,1,False,0,12.534354062122334,,0.354,0.076,16.0,0.0,True,FALLEN
200,500,10,0.75,0.0018375,half_50ms,0.18,ideal,1,False,0,12.534354062122334,,0.354,0.076,16.0,0.0,True,FALLEN
200,20,15,0.75,0.0018375,half_50ms,0.18,ideal,1,False,0,0.0,,,0.076,,,False,FALLEN
200,50,15,0.75,0.0018375,half_50ms,0.18,ideal,1,False,0,0.0,,,0.076,,,False,FALLEN
200,100,15,0.75,0.0018375,half_50ms,0.18,ideal,1,False,0,0.21287596768159922,,,0.076,,,True,FALLEN
200,200,15,0.75,0.0018375,half_50ms,0.18,ideal,1,False,0,5.139489607177296,,0.254,0.076,16.0,0.0,True,FALLEN
200,350,15,0.75,0.0018375,half_50ms,0.18,ideal,1,False,0,5.139489607177296,,0.254,0.076,16.0,0.0,True,FALLEN
200,500,15,0.75,0.0018375,half_50ms,0.18,ideal,1,False,0,5.139489607177296,,0.254,0.076,16.0,0.0,True,FALLEN
250,20,5,0.75,0.0018375,half_50ms,0.18,ideal,1,False,0,0.0,,,0.10200000000000001,,,False,FALLEN
250,50,5,0.75,0.0018375,half_50ms,0.18,ideal,1,False,0,0.0,,,0.10200000000000001,,,False,FALLEN
250,100,5,0.75,0.0018375,half_50ms,0.18,ideal,1,False,0,0.2918072135167282,,,0.10200000000000001,,,True,FALLEN
250,200,5,0.75,0.0018375,half_50ms,0.18,ideal,1,False,0,2.5544925022495804,,,0.10200000000000001,,,True,FALLEN
250,350,5,0.75,0.0018375,half_50ms,0.18,ideal,1,True,4.125322826340298,20.125322826340298,0.496,0.436,0.10200000000000001,1.572523793620854,0.5542870050917,False,BALANCING
250,500,5,0.75,0.0018375,half_50ms,0.18,ideal,1,True,4.125322826340298,20.125322826340298,0.496,0.436,0.10200000000000001,1.572523793620854,0.5542870050917,False,BALANCING
250,20,10,0.75,0.0018375,half_50ms,0.18,ideal,1,False,0,0.0,,,0.10200000000000001,,,False,FALLEN
250,50,10,0.75,0.0018375,half_50ms,0.18,ideal,1,False,0,0.0,,,0.10200000000000001,,,False,FALLEN
250,100,10,0.75,0.0018375,half_50ms,0.18,ideal,1,False,0,0.2918072135167282,,,0.10200000000000001,,,True,FALLEN
250,200,10,0.75,0.0018375,half_50ms,0.18,ideal,1,False,0,2.5544925022495804,,,0.10200000000000001,,,True,FALLEN
250,350,10,0.75,0.0018375,half_50ms,0.18,ideal,1,False,3.102621350300985,19.102621350300986,1.302,0.378,0.10200000000000001,3.033203520291621,4.608461332930223,False,BALANCING
250,500,10,0.75,0.0018375,half_50ms,0.18,ideal,1,False,3.102621350300985,19.102621350300986,1.302,0.378,0.10200000000000001,3.033203520291621,4.608461332930223,False,BALANCING
250,20,15,0.75,0.0018375,half_50ms,0.18,ideal,1,False,0,0.0,,,0.10200000000000001,,,False,FALLEN
250,50,15,0.75,0.0018375,half_50ms,0.18,ideal,1,False,0,0.0,,,0.10200000000000001,,,False,FALLEN
250,100,15,0.75,0.0018375,half_50ms,0.18,ideal,1,False,0,0.2918072135167282,,,0.10200000000000001,,,True,FALLEN
250,200,15,0.75,0.0018375,half_50ms,0.18,ideal,1,False,0,5.367725387250831,,0.266,0.10200000000000001,16.0,0.0,True,FALLEN
250,350,15,0.75,0.0018375,half_50ms,0.18,ideal,1,False,0,5.367725387250831,,0.266,0.10200000000000001,16.0,0.0,True,FALLEN
250,500,15,0.75,0.0018375,half_50ms,0.18,ideal,1,False,0,5.367725387250831,,0.266,0.10200000000000001,16.0,0.0,True,FALLEN
300,20,5,0.75,0.0018375,half_50ms,0.18,ideal,1,False,0,0.0,,,0.132,,,False,FALLEN
300,50,5,0.75,0.0018375,half_50ms,0.18,ideal,1,False,0,0.0,,,0.132,,,False,FALLEN
300,100,5,0.75,0.0018375,half_50ms,0.18,ideal,1,False,0,0.4485396103680479,,,0.132,,,True,FALLEN
300,200,5,0.75,0.0018375,half_50ms,0.18,ideal,1,False,0,2.9153095590629334,,,0.132,,,True,FALLEN
300,350,5,0.75,0.0018375,half_50ms,0.18,ideal,1,True,5.036915325229833,21.036915325229835,0.502,0.452,0.132,1.919905467590359,1.0380967242701764,False,BALANCING
300,500,5,0.75,0.0018375,half_50ms,0.18,ideal,1,True,5.036915325229833,21.036915325229835,0.502,0.452,0.132,1.919905467590359,1.0380967242701764,False,BALANCING
300,20,10,0.75,0.0018375,half_50ms,0.18,ideal,1,False,0,0.0,,,0.132,,,False,FALLEN
300,50,10,0.75,0.0018375,half_50ms,0.18,ideal,1,False,0,0.0,,,0.132,,,False,FALLEN
300,100,10,0.75,0.0018375,half_50ms,0.18,ideal,1,False,0,0.4485396103680479,,,0.132,,,True,FALLEN
300,200,10,0.75,0.0018375,half_50ms,0.18,ideal,1,False,0,2.9153095590629334,,,0.132,,,True,FALLEN
300,350,10,0.75,0.0018375,half_50ms,0.18,ideal,1,False,2.652864609073461,18.65286460907346,1.3820000000000001,0.398,0.132,2.6004441171992014,3.9267324008850393,False,BALANCING
300,500,10,0.75,0.0018375,half_50ms,0.18,ideal,1,False,2.652864609073461,18.65286460907346,1.3820000000000001,0.398,0.132,2.6004441171992014,3.9267324008850393,False,BALANCING
300,20,15,0.75,0.0018375,half_50ms,0.18,ideal,1,False,0,0.0,,,0.132,,,False,FALLEN
300,50,15,0.75,0.0018375,half_50ms,0.18,ideal,1,False,0,0.0,,,0.132,,,False,FALLEN
300,100,15,0.75,0.0018375,half_50ms,0.18,ideal,1,False,0,0.4485396103680479,,,0.132,,,True,FALLEN
300,200,15,0.75,0.0018375,half_50ms,0.18,ideal,1,False,0,5.213808276370537,,0.272,0.132,16.0,0.0,True,FALLEN
300,350,15,0.75,0.0018375,half_50ms,0.18,ideal,1,False,0,5.213808276370537,,0.272,0.132,16.0,0.0,True,FALLEN
300,500,15,0.75,0.0018375,half_50ms,0.18,ideal,1,False,0,5.213808276370537,,0.272,0.132,16.0,0.0,True,FALLEN
350,20,5,0.75,0.0018375,half_50ms,0.18,ideal,1,False,0,0.0,,,0.166,,,False,FALLEN
350,50,5,0.75,0.0018375,half_50ms,0.18,ideal,1,False,0,0.0,,,0.166,,,False,FALLEN
350,100,5,0.75,0.0018375,half_50ms,0.18,ideal,1,False,0,0.5467680477017307,,,0.166,,,True,FALLEN
350,200,5,0.75,0.0018375,half_50ms,0.18,ideal,1,False,0,3.842639972606916,,,0.166,,,True,FALLEN
350,350,5,0.75,0.0018375,half_50ms,0.18,ideal,1,False,6.349869003740989,22.349869003740988,0.522,0.47600000000000003,0.166,2.419002284265023,3.8598293423166363,False,BALANCING
350,500,5,0.75,0.0018375,half_50ms,0.18,ideal,1,False,6.349869003740989,22.349869003740988,0.522,0.47600000000000003,0.166,2.419002284265023,3.8598293423166363,False,BALANCING
350,20,10,0.75,0.0018375,half_50ms,0.18,ideal,1,False,0,0.0,,,0.166,,,False,FALLEN
350,50,10,0.75,0.0018375,half_50ms,0.18,ideal,1,False,0,0.0,,,0.166,,,False,FALLEN
350,100,10,0.75,0.0018375,half_50ms,0.18,ideal,1,False,0,0.5467680477017307,,,0.166,,,True,FALLEN
350,200,10,0.75,0.0018375,half_50ms,0.18,ideal,1,False,0,3.842639972606916,,,0.166,,,True,FALLEN
350,350,10,0.75,0.0018375,half_50ms,0.18,ideal,1,False,2.3757001355104244,18.375700135510424,1.488,0.424,0.166,2.3446960238169914,3.695687413791993,False,BALANCING
350,500,10,0.75,0.0018375,half_50ms,0.18,ideal,1,False,2.3757001355104244,18.375700135510424,1.488,0.424,0.166,2.3446960238169914,3.695687413791993,False,BALANCING
350,20,15,0.75,0.0018375,half_50ms,0.18,ideal,1,False,0,0.0,,,0.166,,,False,FALLEN
350,50,15,0.75,0.0018375,half_50ms,0.18,ideal,1,False,0,0.0,,,0.166,,,False,FALLEN
350,100,15,0.75,0.0018375,half_50ms,0.18,ideal,1,False,0,0.5467680477017307,,,0.166,,,True,FALLEN
350,200,15,0.75,0.0018375,half_50ms,0.18,ideal,1,False,0,5.059914362982749,,0.298,0.166,16.0,0.0,True,FALLEN
350,350,15,0.75,0.0018375,half_50ms,0.18,ideal,1,False,0,5.059914362982749,,0.298,0.166,16.0,0.0,True,FALLEN
350,500,15,0.75,0.0018375,half_50ms,0.18,ideal,1,False,0,5.059914362982749,,0.298,0.166,16.0,0.0,True,FALLEN
400,20,5,0.75,0.0018375,half_50ms,0.18,ideal,1,False,0,0.0,,,0.21,,,False,FALLEN
400,50,5,0.75,0.0018375,half_50ms,0.18,ideal,1,False,0,0.0,,,0.21,,,False,FALLEN
400,100,5,0.75,0.0018375,half_50ms,0.18,ideal,1,False,0,0.7674115690796732,,,0.21,,,True,FALLEN
400,200,5,0.75,0.0018375,half_50ms,0.18,ideal,1,False,0,5.454010261277375,,,0.21,,,True,FALLEN
400,350,5,0.75,0.0018375,half_50ms,0.18,ideal,1,False,7.174444019143593,23.174444019143593,0.55,0.504,0.21,2.942765145846908,4.45794304499229,False,BALANCING
400,500,5,0.75,0.0018375,half_50ms,0.18,ideal,1,False,7.174444019143593,23.174444019143593,0.55,0.504,0.21,2.942765145846908,4.45794304499229,False,BALANCING
400,20,10,0.75,0.0018375,half_50ms,0.18,ideal,1,False,0,0.0,,,0.21,,,False,FALLEN
400,50,10,0.75,0.0018375,half_50ms,0.18,ideal,1,False,0,0.0,,,0.21,,,False,FALLEN
400,100,10,0.75,0.0018375,half_50ms,0.18,ideal,1,False,0,0.7674115690796732,,,0.21,,,True,FALLEN
400,200,10,0.75,0.0018375,half_50ms,0.18,ideal,1,False,0,5.454010261277375,,,0.21,,,True,FALLEN
400,350,10,0.75,0.0018375,half_50ms,0.18,ideal,1,False,2.4338797346984866,18.433879734698486,1.616,0.452,0.21,2.4017367377418,3.787702933619501,False,BALANCING
400,500,10,0.75,0.0018375,half_50ms,0.18,ideal,1,False,2.4338797346984866,18.433879734698486,1.616,0.452,0.21,2.4017367377418,3.787702933619501,False,BALANCING
400,20,15,0.75,0.0018375,half_50ms,0.18,ideal,1,False,0,0.0,,,0.21,,,False,FALLEN
400,50,15,0.75,0.0018375,half_50ms,0.18,ideal,1,False,0,0.0,,,0.21,,,False,FALLEN
400,100,15,0.75,0.0018375,half_50ms,0.18,ideal,1,False,0,0.7674115690796732,,,0.21,,,True,FALLEN
400,200,15,0.75,0.0018375,half_50ms,0.18,ideal,1,False,0,1.492015282624969,,0.332,0.21,16.0,0.0,True,FALLEN
400,350,15,0.75,0.0018375,half_50ms,0.18,ideal,1,False,0,1.492015282624969,,0.332,0.21,16.0,0.0,True,FALLEN
400,500,15,0.75,0.0018375,half_50ms,0.18,ideal,1,False,0,1.492015282624969,,0.332,0.21,16.0,0.0,True,FALLEN
450,20,5,0.75,0.0018375,half_50ms,0.18,ideal,1,False,0,0.0,,,0.268,,,False,FALLEN
450,50,5,0.75,0.0018375,half_50ms,0.18,ideal,1,False,0,0.0,,,0.268,,,False,FALLEN
450,100,5,0.75,0.0018375,half_50ms,0.18,ideal,1,False,0,1.0433733793696547,,,0.268,,,True,FALLEN
450,200,5,0.75,0.0018375,half_50ms,0.18,ideal,1,False,0,7.611290606185099,,,0.268,,,True,FALLEN
450,350,5,0.75,0.0018375,half_50ms,0.18,ideal,1,False,16.0,32.0,0.594,0.55,0.268,16.0,0.0,True,FALLEN
450,500,5,0.75,0.0018375,half_50ms,0.18,ideal,1,False,16.0,32.0,0.594,0.55,0.268,16.0,0.0,True,FALLEN
450,20,10,0.75,0.0018375,half_50ms,0.18,ideal,1,False,0,0.0,,,0.268,,,False,FALLEN
450,50,10,0.75,0.0018375,half_50ms,0.18,ideal,1,False,0,0.0,,,0.268,,,False,FALLEN
450,100,10,0.75,0.0018375,half_50ms,0.18,ideal,1,False,0,1.0433733793696547,,,0.268,,,True,FALLEN
450,200,10,0.75,0.0018375,half_50ms,0.18,ideal,1,False,0,7.611290606185099,,,0.268,,,True,FALLEN
450,350,10,0.75,0.0018375,half_50ms,0.18,ideal,1,False,2.63274153298494,18.63274153298494,1.752,0.49,0.268,2.5836181802246942,3.900670235178713,False,BALANCING
450,500,10,0.75,0.0018375,half_50ms,0.18,ideal,1,False,2.63274153298494,18.63274153298494,1.752,0.49,0.268,2.5836181802246942,3.900670235178713,False,BALANCING
450,20,15,0.75,0.0018375,half_50ms,0.18,ideal,1,False,0,0.0,,,0.268,,,False,FALLEN
450,50,15,0.75,0.0018375,half_50ms,0.18,ideal,1,False,0,0.0,,,0.268,,,False,FALLEN
450,100,15,0.75,0.0018375,half_50ms,0.18,ideal,1,False,0,1.0433733793696547,,,0.268,,,True,FALLEN
450,200,15,0.75,0.0018375,half_50ms,0.18,ideal,1,False,0,1.622804494331719,,0.384,0.268,16.0,0.0,True,FALLEN
450,350,15,0.75,0.0018375,half_50ms,0.18,ideal,1,False,0,1.622804494331719,,0.384,0.268,16.0,0.0,True,FALLEN
450,500,15,0.75,0.0018375,half_50ms,0.18,ideal,1,False,0,1.622804494331719,,0.384,0.268,16.0,0.0,True,FALLEN
500,20,5,0.75,0.0018375,half_50ms,0.18,ideal,1,False,0,0.0,,,0.352,,,False,FALLEN
500,50,5,0.75,0.0018375,half_50ms,0.18,ideal,1,False,0,0.0,,,0.352,,,False,FALLEN
500,100,5,0.75,0.0018375,half_50ms,0.18,ideal,1,False,0,1.2010710846860206,,,0.352,,,True,FALLEN
500,200,5,0.75,0.0018375,half_50ms,0.18,ideal,1,False,0,11.396130526692746,,,0.352,,,True,FALLEN
500,350,5,0.75,0.0018375,half_50ms,0.18,ideal,1,False,4.38326538536621,20.383265385366208,0.668,0.62,0.352,2.3465602885117356,3.70846044015336,False,BALANCING
500,500,5,0.75,0.0018375,half_50ms,0.18,ideal,1,False,4.38326538536621,20.383265385366208,0.668,0.62,0.352,2.3465602885117356,3.70846044015336,False,BALANCING
500,20,10,0.75,0.0018375,half_50ms,0.18,ideal,1,False,0,0.0,,,0.352,,,False,FALLEN
500,50,10,0.75,0.0018375,half_50ms,0.18,ideal,1,False,0,0.0,,,0.352,,,False,FALLEN
500,100,10,0.75,0.0018375,half_50ms,0.18,ideal,1,False,0,1.2010710846860206,,,0.352,,,True,FALLEN
500,200,10,0.75,0.0018375,half_50ms,0.18,ideal,1,False,0,11.396130526692746,,,0.352,,,True,FALLEN
500,350,10,0.75,0.0018375,half_50ms,0.18,ideal,1,False,2.440344212286179,18.440344212286178,1.938,0.56,0.352,2.4358905200640875,1.54527100265834,False,BALANCING
500,500,10,0.75,0.0018375,half_50ms,0.18,ideal,1,False,2.440344212286179,18.440344212286178,1.938,0.56,0.352,2.4358905200640875,1.54527100265834,False,BALANCING
500,20,15,0.75,0.0018375,half_50ms,0.18,ideal,1,False,0,0.0,,,0.352,,,False,FALLEN
500,50,15,0.75,0.0018375,half_50ms,0.18,ideal,1,False,0,0.0,,,0.352,,,False,FALLEN
500,100,15,0.75,0.0018375,half_50ms,0.18,ideal,1,False,0,1.2010710846860206,,,0.352,,,True,FALLEN
500,200,15,0.75,0.0018375,half_50ms,0.18,ideal,1,False,0,1.8011218093684391,,0.464,0.352,16.0,0.0,True,FALLEN
500,350,15,0.75,0.0018375,half_50ms,0.18,ideal,1,False,0,1.8011218093684391,,0.464,0.352,16.0,0.0,True,FALLEN
500,500,15,0.75,0.0018375,half_50ms,0.18,ideal,1,False,0,1.8011218093684391,,0.464,0.352,16.0,0.0,True,FALLEN
550,20,5,0.75,0.0018375,half_50ms,0.18,ideal,1,False,0,0.0,,,0.52,,,False,FALLEN
550,50,5,0.75,0.0018375,half_50ms,0.18,ideal,1,False,0,0.0,,,0.52,,,False,FALLEN
550,100,5,0.75,0.0018375,half_50ms,0.18,ideal,1,False,0,1.5960811159822264,,,0.52,,,True,FALLEN
550,200,5,0.75,0.0018375,half_50ms,0.18,ideal,1,False,16.0,32.0,0.886,,0.52,,,True,FALLEN
550,350,5,0.75,0.0018375,half_50ms,0.18,ideal,1,False,4.886567219406057,20.886567219406057,0.8180000000000001,0.772,0.52,2.8333690580900304,4.28979083688945,False,BALANCING
550,500,5,0.75,0.0018375,half_50ms,0.18,ideal,1,False,4.886567219406057,20.886567219406057,0.8180000000000001,0.772,0.52,2.8333690580900304,4.28979083688945,False,BALANCING
550,20,10,0.75,0.0018375,half_50ms,0.18,ideal,1,False,0,0.0,,,0.52,,,False,FALLEN
550,50,10,0.75,0.0018375,half_50ms,0.18,ideal,1,False,0,0.0,,,0.52,,,False,FALLEN
550,100,10,0.75,0.0018375,half_50ms,0.18,ideal,1,False,0,1.5960811159822264,,,0.52,,,True,FALLEN
550,200,10,0.75,0.0018375,half_50ms,0.18,ideal,1,False,2.0038024103575496,18.00380241035755,2.2640000000000002,0.718,0.52,2.0038024103575496,0.8779214539113844,False,BALANCING
550,350,10,0.75,0.0018375,half_50ms,0.18,ideal,1,False,2.0038024103575496,18.00380241035755,2.2640000000000002,0.718,0.52,2.0038024103575496,0.8779214539113844,False,BALANCING
550,500,10,0.75,0.0018375,half_50ms,0.18,ideal,1,False,2.0038024103575496,18.00380241035755,2.2640000000000002,0.718,0.52,2.0038024103575496,0.8779214539113844,False,BALANCING
550,20,15,0.75,0.0018375,half_50ms,0.18,ideal,1,False,0,0.0,,,0.52,,,False,FALLEN
550,50,15,0.75,0.0018375,half_50ms,0.18,ideal,1,False,0,0.0,,,0.52,,,False,FALLEN
550,100,15,0.75,0.0018375,half_50ms,0.18,ideal,1,False,0,1.5960811159822264,,,0.52,,,True,FALLEN
550,200,15,0.75,0.0018375,half_50ms,0.18,ideal,1,False,0,1.9662661643707793,,0.628,0.52,16.0,0.0,True,FALLEN
550,350,15,0.75,0.0018375,half_50ms,0.18,ideal,1,False,0,1.9662661643707793,,0.628,0.52,16.0,0.0,True,FALLEN
550,500,15,0.75,0.0018375,half_50ms,0.18,ideal,1,False,0,1.9662661643707793,,0.628,0.52,16.0,0.0,True,FALLEN
580,20,5,0.75,0.0018375,half_50ms,0.18,ideal,1,False,0,0.0,,,0.982,,,False,FALLEN
580,50,5,0.75,0.0018375,half_50ms,0.18,ideal,1,False,0,0.0,,,0.982,,,False,FALLEN
580,100,5,0.75,0.0018375,half_50ms,0.18,ideal,1,False,0,1.6735380596023717,,,0.982,,,True,FALLEN
580,200,5,0.75,0.0018375,half_50ms,0.18,ideal,1,False,16.0,32.0,1.312,,0.982,,,True,FALLEN
580,350,5,0.75,0.0018375,half_50ms,0.18,ideal,1,False,16.0,32.0,1.272,1.226,0.982,16.0,0.0,True,FALLEN
580,500,5,0.75,0.0018375,half_50ms,0.18,ideal,1,False,16.0,32.0,1.272,1.226,0.982,16.0,0.0,True,FALLEN
580,20,10,0.75,0.0018375,half_50ms,0.18,ideal,1,False,0,0.0,,,0.982,,,False,FALLEN
580,50,10,0.75,0.0018375,half_50ms,0.18,ideal,1,False,0,0.0,,,0.982,,,False,FALLEN
580,100,10,0.75,0.0018375,half_50ms,0.18,ideal,1,False,0,1.6735380596023717,,,0.982,,,True,FALLEN
580,200,10,0.75,0.0018375,half_50ms,0.18,ideal,1,True,1.796458435872097,17.796458435872097,2.836,1.174,0.982,1.796458435872097,0.6458484983090172,False,BALANCING
580,350,10,0.75,0.0018375,half_50ms,0.18,ideal,1,True,1.796458435872097,17.796458435872097,2.836,1.174,0.982,1.796458435872097,0.6458484983090172,False,BALANCING
580,500,10,0.75,0.0018375,half_50ms,0.18,ideal,1,True,1.796458435872097,17.796458435872097,2.836,1.174,0.982,1.796458435872097,0.6458484983090172,False,BALANCING
580,20,15,0.75,0.0018375,half_50ms,0.18,ideal,1,False,0,0.0,,,0.982,,,False,FALLEN
580,50,15,0.75,0.0018375,half_50ms,0.18,ideal,1,False,0,0.0,,,0.982,,,False,FALLEN
580,100,15,0.75,0.0018375,half_50ms,0.18,ideal,1,False,0,1.6735380596023717,,,0.982,,,True,FALLEN
580,200,15,0.75,0.0018375,half_50ms,0.18,ideal,1,False,0,3.667904124870656,,1.09,0.982,16.0,0.0,True,FALLEN
580,350,15,0.75,0.0018375,half_50ms,0.18,ideal,1,False,0,3.667904124870656,,1.09,0.982,16.0,0.0,True,FALLEN
580,500,15,0.75,0.0018375,half_50ms,0.18,ideal,1,False,0,3.667904124870656,,1.09,0.982,16.0,0.0,True,FALLEN
100,20,5,1.0,0.00245,nominal,0.18,ideal,1,False,0,0.9635552380369674,,,0.034,,,True,FALLEN
100,50,5,1.0,0.00245,nominal,0.18,ideal,1,False,0,4.979280435620391,,,0.034,,,True,FALLEN
100,100,5,1.0,0.00245,nominal,0.18,ideal,1,False,16.0,32.0,0.22,,0.034,,,True,FALLEN
100,200,5,1.0,0.00245,nominal,0.18,ideal,1,True,0.2787465980096583,16.278746598009658,0.776,0.162,0.034,0.21794182673314433,0.13866152999103185,False,BALANCING
100,350,5,1.0,0.00245,nominal,0.18,ideal,1,True,0.2787465980096583,16.278746598009658,0.776,0.162,0.034,0.21794182673314433,0.13866152999103185,False,BALANCING
100,500,5,1.0,0.00245,nominal,0.18,ideal,1,True,0.2787465980096583,16.278746598009658,0.776,0.162,0.034,0.21794182673314433,0.13866152999103185,False,BALANCING
100,20,10,1.0,0.00245,nominal,0.18,ideal,1,False,0,0.9635552380369674,,,0.034,,,True,FALLEN
100,50,10,1.0,0.00245,nominal,0.18,ideal,1,False,0,4.979280435620391,,,0.034,,,True,FALLEN
100,100,10,1.0,0.00245,nominal,0.18,ideal,1,True,1.7612660809850251,17.761266080985024,1.232,0.128,0.034,1.6971437706241295,0.8157984865496314,False,BALANCING
100,200,10,1.0,0.00245,nominal,0.18,ideal,1,True,1.7612660809850251,17.761266080985024,1.232,0.128,0.034,1.6971437706241295,0.8157984865496314,False,BALANCING
100,350,10,1.0,0.00245,nominal,0.18,ideal,1,True,1.7612660809850251,17.761266080985024,1.232,0.128,0.034,1.6971437706241295,0.8157984865496314,False,BALANCING
100,500,10,1.0,0.00245,nominal,0.18,ideal,1,True,1.7612660809850251,17.761266080985024,1.232,0.128,0.034,1.6971437706241295,0.8157984865496314,False,BALANCING
100,20,15,1.0,0.00245,nominal,0.18,ideal,1,False,0,0.9635552380369674,,,0.034,,,True,FALLEN
100,50,15,1.0,0.00245,nominal,0.18,ideal,1,False,0,12.894571288375928,,0.07200000000000001,0.034,16.0,0.0,True,FALLEN
100,100,15,1.0,0.00245,nominal,0.18,ideal,1,False,0,12.894571288375928,,0.07200000000000001,0.034,16.0,0.0,True,FALLEN
100,200,15,1.0,0.00245,nominal,0.18,ideal,1,False,0,12.894571288375928,,0.07200000000000001,0.034,16.0,0.0,True,FALLEN
100,350,15,1.0,0.00245,nominal,0.18,ideal,1,False,0,12.894571288375928,,0.07200000000000001,0.034,16.0,0.0,True,FALLEN
100,500,15,1.0,0.00245,nominal,0.18,ideal,1,False,0,12.894571288375928,,0.07200000000000001,0.034,16.0,0.0,True,FALLEN
150,20,5,1.0,0.00245,nominal,0.18,ideal,1,False,0,1.2155346833875864,,,0.054,,,True,FALLEN
150,50,5,1.0,0.00245,nominal,0.18,ideal,1,False,0,6.549964814728348,,,0.054,,,True,FALLEN
150,100,5,1.0,0.00245,nominal,0.18,ideal,1,False,16.0,32.0,0.218,,0.054,,,True,FALLEN
150,200,5,1.0,0.00245,nominal,0.18,ideal,1,True,0.46700849580180326,16.467008495801803,0.224,0.17400000000000002,0.054,0.1915540517626952,0.11038959497707153,False,BALANCING
150,350,5,1.0,0.00245,nominal,0.18,ideal,1,True,0.46700849580180326,16.467008495801803,0.224,0.17400000000000002,0.054,0.1915540517626952,0.11038959497707153,False,BALANCING
150,500,5,1.0,0.00245,nominal,0.18,ideal,1,True,0.46700849580180326,16.467008495801803,0.224,0.17400000000000002,0.054,0.1915540517626952,0.11038959497707153,False,BALANCING
150,20,10,1.0,0.00245,nominal,0.18,ideal,1,False,0,1.2155346833875864,,,0.054,,,True,FALLEN
150,50,10,1.0,0.00245,nominal,0.18,ideal,1,False,0,6.549964814728348,,,0.054,,,True,FALLEN
150,100,10,1.0,0.00245,nominal,0.18,ideal,1,True,1.4588538092606016,17.458853809260603,1.346,0.14200000000000002,0.054,1.4360093129310343,0.6382081188222626,False,BALANCING
150,200,10,1.0,0.00245,nominal,0.18,ideal,1,True,1.4588538092606016,17.458853809260603,1.346,0.14200000000000002,0.054,1.4360093129310343,0.6382081188222626,False,BALANCING
150,350,10,1.0,0.00245,nominal,0.18,ideal,1,True,1.4588538092606016,17.458853809260603,1.346,0.14200000000000002,0.054,1.4360093129310343,0.6382081188222626,False,BALANCING
150,500,10,1.0,0.00245,nominal,0.18,ideal,1,True,1.4588538092606016,17.458853809260603,1.346,0.14200000000000002,0.054,1.4360093129310343,0.6382081188222626,False,BALANCING
150,20,15,1.0,0.00245,nominal,0.18,ideal,1,False,0,1.2155346833875864,,,0.054,,,True,FALLEN
150,50,15,1.0,0.00245,nominal,0.18,ideal,1,False,0,14.681534940609795,,0.09,0.054,16.0,0.0,True,FALLEN
150,100,15,1.0,0.00245,nominal,0.18,ideal,1,False,0,14.681534940609795,,0.09,0.054,16.0,0.0,True,FALLEN
150,200,15,1.0,0.00245,nominal,0.18,ideal,1,False,0,14.681534940609795,,0.09,0.054,16.0,0.0,True,FALLEN
150,350,15,1.0,0.00245,nominal,0.18,ideal,1,False,0,14.681534940609795,,0.09,0.054,16.0,0.0,True,FALLEN
150,500,15,1.0,0.00245,nominal,0.18,ideal,1,False,0,14.681534940609795,,0.09,0.054,16.0,0.0,True,FALLEN
200,20,5,1.0,0.00245,nominal,0.18,ideal,1,False,0,1.2416713228216878,,,0.076,,,True,FALLEN
200,50,5,1.0,0.00245,nominal,0.18,ideal,1,False,0,8.830928903272001,,,0.076,,,True,FALLEN
200,100,5,1.0,0.00245,nominal,0.18,ideal,1,False,16.0,32.0,0.224,,0.076,,,True,FALLEN
200,200,5,1.0,0.00245,nominal,0.18,ideal,1,True,1.6705249637687498,17.67052496376875,0.228,0.19,0.076,0.6727491207099179,0.3878959933955104,False,BALANCING
200,350,5,1.0,0.00245,nominal,0.18,ideal,1,True,1.6705249637687498,17.67052496376875,0.228,0.19,0.076,0.6727491207099179,0.3878959933955104,False,BALANCING
200,500,5,1.0,0.00245,nominal,0.18,ideal,1,True,1.6705249637687498,17.67052496376875,0.228,0.19,0.076,0.6727491207099179,0.3878959933955104,False,BALANCING
200,20,10,1.0,0.00245,nominal,0.18,ideal,1,False,0,1.2416713228216878,,,0.076,,,True,FALLEN
200,50,10,1.0,0.00245,nominal,0.18,ideal,1,False,0,8.830928903272001,,,0.076,,,True,FALLEN
200,100,10,1.0,0.00245,nominal,0.18,ideal,1,True,1.1250375262343237,17.125037526234323,1.496,0.16,0.076,1.12371216722897,0.43955807570764255,False,BALANCING
200,200,10,1.0,0.00245,nominal,0.18,ideal,1,True,1.1250375262343237,17.125037526234323,1.496,0.16,0.076,1.12371216722897,0.43955807570764255,False,BALANCING
200,350,10,1.0,0.00245,nominal,0.18,ideal,1,True,1.1250375262343237,17.125037526234323,1.496,0.16,0.076,1.12371216722897,0.43955807570764255,False,BALANCING
200,500,10,1.0,0.00245,nominal,0.18,ideal,1,True,1.1250375262343237,17.125037526234323,1.496,0.16,0.076,1.12371216722897,0.43955807570764255,False,BALANCING
200,20,15,1.0,0.00245,nominal,0.18,ideal,1,False,0,1.2416713228216878,,,0.076,,,True,FALLEN
200,50,15,1.0,0.00245,nominal,0.18,ideal,1,False,2.7767299343420784,18.77672993434208,1.3760000000000001,0.11,0.076,2.7572613900750653,1.1594278228273884,False,BALANCING
200,100,15,1.0,0.00245,nominal,0.18,ideal,1,False,2.7767299343420784,18.77672993434208,1.3760000000000001,0.11,0.076,2.7572613900750653,1.1594278228273884,False,BALANCING
200,200,15,1.0,0.00245,nominal,0.18,ideal,1,False,2.7767299343420784,18.77672993434208,1.3760000000000001,0.11,0.076,2.7572613900750653,1.1594278228273884,False,BALANCING
200,350,15,1.0,0.00245,nominal,0.18,ideal,1,False,2.7767299343420784,18.77672993434208,1.3760000000000001,0.11,0.076,2.7572613900750653,1.1594278228273884,False,BALANCING
200,500,15,1.0,0.00245,nominal,0.18,ideal,1,False,2.7767299343420784,18.77672993434208,1.3760000000000001,0.11,0.076,2.7572613900750653,1.1594278228273884,False,BALANCING
250,20,5,1.0,0.00245,nominal,0.18,ideal,1,False,0,1.8996318013962394,,,0.10200000000000001,,,True,FALLEN
250,50,5,1.0,0.00245,nominal,0.18,ideal,1,False,16.0,32.0,0.41000000000000003,,0.10200000000000001,,,True,FALLEN
250,100,5,1.0,0.00245,nominal,0.18,ideal,1,False,16.0,32.0,0.24,,0.10200000000000001,,,True,FALLEN
250,200,5,1.0,0.00245,nominal,0.18,ideal,1,True,2.959948025926667,18.959948025926668,0.242,0.21,0.10200000000000001,1.182052409498732,0.6778984270736215,False,BALANCING
250,350,5,1.0,0.00245,nominal,0.18,ideal,1,True,2.959948025926667,18.959948025926668,0.242,0.21,0.10200000000000001,1.182052409498732,0.6778984270736215,False,BALANCING
250,500,5,1.0,0.00245,nominal,0.18,ideal,1,True,2.959948025926667,18.959948025926668,0.242,0.21,0.10200000000000001,1.182052409498732,0.6778984270736215,False,BALANCING
250,20,10,1.0,0.00245,nominal,0.18,ideal,1,False,0,1.8996318013962394,,,0.10200000000000001,,,True,FALLEN
250,50,10,1.0,0.00245,nominal,0.18,ideal,1,False,16.0,32.0,0.41000000000000003,,0.10200000000000001,,,True,FALLEN
250,100,10,1.0,0.00245,nominal,0.18,ideal,1,True,0.8105678348197108,16.81056783481971,1.714,0.182,0.10200000000000001,0.8105678348197108,0.23463552170847538,False,BALANCING
250,200,10,1.0,0.00245,nominal,0.18,ideal,1,True,0.8105678348197108,16.81056783481971,1.714,0.182,0.10200000000000001,0.8105678348197108,0.23463552170847538,False,BALANCING
250,350,10,1.0,0.00245,nominal,0.18,ideal,1,True,0.8105678348197108,16.81056783481971,1.714,0.182,0.10200000000000001,0.8105678348197108,0.23463552170847538,False,BALANCING
250,500,10,1.0,0.00245,nominal,0.18,ideal,1,True,0.8105678348197108,16.81056783481971,1.714,0.182,0.10200000000000001,0.8105678348197108,0.23463552170847538,False,BALANCING
250,20,15,1.0,0.00245,nominal,0.18,ideal,1,False,0,1.8996318013962394,,,0.10200000000000001,,,True,FALLEN
250,50,15,1.0,0.00245,nominal,0.18,ideal,1,False,2.603939377536689,18.60393937753669,1.454,0.134,0.10200000000000001,2.5986459061015936,1.0331252196212897,False,BALANCING
250,100,15,1.0,0.00245,nominal,0.18,ideal,1,False,2.603939377536689,18.60393937753669,1.454,0.134,0.10200000000000001,2.5986459061015936,1.0331252196212897,False,BALANCING
250,200,15,1.0,0.00245,nominal,0.18,ideal,1,False,2.603939377536689,18.60393937753669,1.454,0.134,0.10200000000000001,2.5986459061015936,1.0331252196212897,False,BALANCING
250,350,15,1.0,0.00245,nominal,0.18,ideal,1,False,2.603939377536689,18.60393937753669,1.454,0.134,0.10200000000000001,2.5986459061015936,1.0331252196212897,False,BALANCING
250,500,15,1.0,0.00245,nominal,0.18,ideal,1,False,2.603939377536689,18.60393937753669,1.454,0.134,0.10200000000000001,2.5986459061015936,1.0331252196212897,False,BALANCING
300,20,5,1.0,0.00245,nominal,0.18,ideal,1,False,0,2.377244430605332,,,0.132,,,True,FALLEN
300,50,5,1.0,0.00245,nominal,0.18,ideal,1,False,16.0,32.0,0.34800000000000003,,0.132,,,True,FALLEN
300,100,5,1.0,0.00245,nominal,0.18,ideal,1,False,16.0,32.0,0.262,,0.132,,,True,FALLEN
300,200,5,1.0,0.00245,nominal,0.18,ideal,1,True,5.10083551661077,21.100835516610772,0.264,0.23600000000000002,0.132,1.9226485290231932,1.0700012369067236,False,BALANCING
300,350,5,1.0,0.00245,nominal,0.18,ideal,1,True,5.10083551661077,21.100835516610772,0.264,0.23600000000000002,0.132,1.9226485290231932,1.0700012369067236,False,BALANCING
300,500,5,1.0,0.00245,nominal,0.18,ideal,1,True,5.10083551661077,21.100835516610772,0.264,0.23600000000000002,0.132,1.9226485290231932,1.0700012369067236,False,BALANCING
300,20,10,1.0,0.00245,nominal,0.18,ideal,1,False,0,2.377244430605332,,,0.132,,,True,FALLEN
300,50,10,1.0,0.00245,nominal,0.18,ideal,1,False,16.0,32.0,0.34800000000000003,,0.132,,,True,FALLEN
300,100,10,1.0,0.00245,nominal,0.18,ideal,1,True,0.5540442941461943,16.554044294146195,2.028,0.20800000000000002,0.132,0.5540442941461943,0.3291157084698005,False,BALANCING
300,200,10,1.0,0.00245,nominal,0.18,ideal,1,True,0.5540442941461943,16.554044294146195,2.028,0.20800000000000002,0.132,0.5540442941461943,0.3291157084698005,False,BALANCING
300,350,10,1.0,0.00245,nominal,0.18,ideal,1,True,0.5540442941461943,16.554044294146195,2.028,0.20800000000000002,0.132,0.5540442941461943,0.3291157084698005,False,BALANCING
300,500,10,1.0,0.00245,nominal,0.18,ideal,1,True,0.5540442941461943,16.554044294146195,2.028,0.20800000000000002,0.132,0.5540442941461943,0.3291157084698005,False,BALANCING
300,20,15,1.0,0.00245,nominal,0.18,ideal,1,False,0,2.377244430605332,,,0.132,,,True,FALLEN
300,50,15,1.0,0.00245,nominal,0.18,ideal,1,False,2.399128423569316,18.399128423569316,1.544,0.164,0.132,2.3991139631985843,0.8905224442736038,False,BALANCING
300,100,15,1.0,0.00245,nominal,0.18,ideal,1,False,2.399128423569316,18.399128423569316,1.544,0.164,0.132,2.3991139631985843,0.8905224442736038,False,BALANCING
300,200,15,1.0,0.00245,nominal,0.18,ideal,1,False,2.399128423569316,18.399128423569316,1.544,0.164,0.132,2.3991139631985843,0.8905224442736038,False,BALANCING
300,350,15,1.0,0.00245,nominal,0.18,ideal,1,False,2.399128423569316,18.399128423569316,1.544,0.164,0.132,2.3991139631985843,0.8905224442736038,False,BALANCING
300,500,15,1.0,0.00245,nominal,0.18,ideal,1,False,2.399128423569316,18.399128423569316,1.544,0.164,0.132,2.3991139631985843,0.8905224442736038,False,BALANCING
350,20,5,1.0,0.00245,nominal,0.18,ideal,1,False,0,2.959968078972066,,,0.166,,,True,FALLEN
350,50,5,1.0,0.00245,nominal,0.18,ideal,1,False,16.0,32.0,0.35000000000000003,,0.166,,,True,FALLEN
350,100,5,1.0,0.00245,nominal,0.18,ideal,1,False,16.0,32.0,0.292,0.266,0.166,16.0,0.0,True,FALLEN
350,200,5,1.0,0.00245,nominal,0.18,ideal,1,False,16.0,32.0,0.292,0.266,0.166,16.0,0.0,True,FALLEN
350,350,5,1.0,0.00245,nominal,0.18,ideal,1,False,16.0,32.0,0.292,0.266,0.166,16.0,0.0,True,FALLEN
350,500,5,1.0,0.00245,nominal,0.18,ideal,1,False,16.0,32.0,0.292,0.266,0.166,16.0,0.0,True,FALLEN
350,20,10,1.0,0.00245,nominal,0.18,ideal,1,False,0,2.959968078972066,,,0.166,,,True,FALLEN
350,50,10,1.0,0.00245,nominal,0.18,ideal,1,False,16.0,32.0,0.35000000000000003,,0.166,,,True,FALLEN
350,100,10,1.0,0.00245,nominal,0.18,ideal,1,True,0.36187160209099134,16.361871602090993,2.424,0.23800000000000002,0.166,0.36187160209099134,0.5051654747236882,False,BALANCING
350,200,10,1.0,0.00245,nominal,0.18,ideal,1,True,0.36187160209099134,16.361871602090993,2.424,0.23800000000000002,0.166,0.36187160209099134,0.5051654747236882,False,BALANCING
350,350,10,1.0,0.00245,nominal,0.18,ideal,1,True,0.36187160209099134,16.361871602090993,2.424,0.23800000000000002,0.166,0.36187160209099134,0.5051654747236882,False,BALANCING
350,500,10,1.0,0.00245,nominal,0.18,ideal,1,True,0.36187160209099134,16.361871602090993,2.424,0.23800000000000002,0.166,0.36187160209099134,0.5051654747236882,False,BALANCING
350,20,15,1.0,0.00245,nominal,0.18,ideal,1,False,0,2.959968078972066,,,0.166,,,True,FALLEN
350,50,15,1.0,0.00245,nominal,0.18,ideal,1,False,2.2582820360127354,18.258282036012737,1.6340000000000001,0.196,0.166,2.2582820360127354,0.7739122251695242,False,BALANCING
350,100,15,1.0,0.00245,nominal,0.18,ideal,1,False,2.2582820360127354,18.258282036012737,1.6340000000000001,0.196,0.166,2.2582820360127354,0.7739122251695242,False,BALANCING
350,200,15,1.0,0.00245,nominal,0.18,ideal,1,False,2.2582820360127354,18.258282036012737,1.6340000000000001,0.196,0.166,2.2582820360127354,0.7739122251695242,False,BALANCING
350,350,15,1.0,0.00245,nominal,0.18,ideal,1,False,2.2582820360127354,18.258282036012737,1.6340000000000001,0.196,0.166,2.2582820360127354,0.7739122251695242,False,BALANCING
350,500,15,1.0,0.00245,nominal,0.18,ideal,1,False,2.2582820360127354,18.258282036012737,1.6340000000000001,0.196,0.166,2.2582820360127354,0.7739122251695242,False,BALANCING
400,20,5,1.0,0.00245,nominal,0.18,ideal,1,False,0,3.035945143060566,,,0.21,,,True,FALLEN
400,50,5,1.0,0.00245,nominal,0.18,ideal,1,False,16.0,32.0,0.382,,0.21,,,True,FALLEN
400,100,5,1.0,0.00245,nominal,0.18,ideal,1,False,16.0,32.0,0.33,0.306,0.21,16.0,0.0,True,FALLEN
400,200,5,1.0,0.00245,nominal,0.18,ideal,1,False,16.0,32.0,0.33,0.306,0.21,16.0,0.0,True,FALLEN
400,350,5,1.0,0.00245,nominal,0.18,ideal,1,False,16.0,32.0,0.33,0.306,0.21,16.0,0.0,True,FALLEN
400,500,5,1.0,0.00245,nominal,0.18,ideal,1,False,16.0,32.0,0.33,0.306,0.21,16.0,0.0,True,FALLEN
400,20,10,1.0,0.00245,nominal,0.18,ideal,1,False,0,3.035945143060566,,,0.21,,,True,FALLEN
400,50,10,1.0,0.00245,nominal,0.18,ideal,1,False,16.0,32.0,0.382,,0.21,,,True,FALLEN
400,100,10,1.0,0.00245,nominal,0.18,ideal,1,True,0.0033455940009098463,16.00334559400091,3.274,0.28,0.21,0.28432105460097734,0.7316440115341721,False,BALANCING
400,200,10,1.0,0.00245,nominal,0.18,ideal,1,True,0.0033455940009098463,16.00334559400091,3.274,0.28,0.21,0.28432105460097734,0.7316440115341721,False,BALANCING
400,350,10,1.0,0.00245,nominal,0.18,ideal,1,True,0.0033455940009098463,16.00334559400091,3.274,0.28,0.21,0.28432105460097734,0.7316440115341721,False,BALANCING
400,500,10,1.0,0.00245,nominal,0.18,ideal,1,True,0.0033455940009098463,16.00334559400091,3.274,0.28,0.21,0.28432105460097734,0.7316440115341721,False,BALANCING
400,20,15,1.0,0.00245,nominal,0.18,ideal,1,False,0,3.035945143060566,,,0.21,,,True,FALLEN
400,50,15,1.0,0.00245,nominal,0.18,ideal,1,False,2.0603158186188533,18.060315818618854,1.75,0.24,0.21,2.0603158186188533,0.6258430998792686,False,BALANCING
400,100,15,1.0,0.00245,nominal,0.18,ideal,1,False,2.0603158186188533,18.060315818618854,1.75,0.24,0.21,2.0603158186188533,0.6258430998792686,False,BALANCING
400,200,15,1.0,0.00245,nominal,0.18,ideal,1,False,2.0603158186188533,18.060315818618854,1.75,0.24,0.21,2.0603158186188533,0.6258430998792686,False,BALANCING
400,350,15,1.0,0.00245,nominal,0.18,ideal,1,False,2.0603158186188533,18.060315818618854,1.75,0.24,0.21,2.0603158186188533,0.6258430998792686,False,BALANCING
400,500,15,1.0,0.00245,nominal,0.18,ideal,1,False,2.0603158186188533,18.060315818618854,1.75,0.24,0.21,2.0603158186188533,0.6258430998792686,False,BALANCING
450,20,5,1.0,0.00245,nominal,0.18,ideal,1,False,0,3.917511737255923,,,0.268,,,True,FALLEN
450,50,5,1.0,0.00245,nominal,0.18,ideal,1,False,16.0,32.0,0.418,,0.268,,,True,FALLEN
450,100,5,1.0,0.00245,nominal,0.18,ideal,1,False,16.0,32.0,0.384,0.36,0.268,16.0,0.0,True,FALLEN
450,200,5,1.0,0.00245,nominal,0.18,ideal,1,False,16.0,32.0,0.384,0.36,0.268,16.0,0.0,True,FALLEN
450,350,5,1.0,0.00245,nominal,0.18,ideal,1,False,16.0,32.0,0.384,0.36,0.268,16.0,0.0,True,FALLEN
450,500,5,1.0,0.00245,nominal,0.18,ideal,1,False,16.0,32.0,0.384,0.36,0.268,16.0,0.0,True,FALLEN
450,20,10,1.0,0.00245,nominal,0.18,ideal,1,False,0,3.917511737255923,,,0.268,,,True,FALLEN
450,50,10,1.0,0.00245,nominal,0.18,ideal,1,False,16.0,32.0,0.418,,0.268,,,True,FALLEN
450,100,10,1.0,0.00245,nominal,0.18,ideal,1,True,0,15.56102221033906,,0.336,0.268,0.8726742951839951,0.9538915755662349,False,BALANCING
450,200,10,1.0,0.00245,nominal,0.18,ideal,1,True,0,15.56102221033906,,0.336,0.268,0.8726742951839951,0.9538915755662349,False,BALANCING
450,350,10,1.0,0.00245,nominal,0.18,ideal,1,True,0,15.56102221033906,,0.336,0.268,0.8726742951839951,0.9538915755662349,False,BALANCING
450,500,10,1.0,0.00245,nominal,0.18,ideal,1,True,0,15.56102221033906,,0.336,0.268,0.8726742951839951,0.9538915755662349,False,BALANCING
450,20,15,1.0,0.00245,nominal,0.18,ideal,1,False,0,3.917511737255923,,,0.268,,,True,FALLEN
450,50,15,1.0,0.00245,nominal,0.18,ideal,1,True,1.9306344869227905,17.93063448692279,1.874,0.296,0.268,1.9306344869227905,0.5035250985041965,False,BALANCING
450,100,15,1.0,0.00245,nominal,0.18,ideal,1,True,1.9306344869227905,17.93063448692279,1.874,0.296,0.268,1.9306344869227905,0.5035250985041965,False,BALANCING
450,200,15,1.0,0.00245,nominal,0.18,ideal,1,True,1.9306344869227905,17.93063448692279,1.874,0.296,0.268,1.9306344869227905,0.5035250985041965,False,BALANCING
450,350,15,1.0,0.00245,nominal,0.18,ideal,1,True,1.9306344869227905,17.93063448692279,1.874,0.296,0.268,1.9306344869227905,0.5035250985041965,False,BALANCING
450,500,15,1.0,0.00245,nominal,0.18,ideal,1,True,1.9306344869227905,17.93063448692279,1.874,0.296,0.268,1.9306344869227905,0.5035250985041965,False,BALANCING
500,20,5,1.0,0.00245,nominal,0.18,ideal,1,False,0,5.264077010298209,,,0.352,,,True,FALLEN
500,50,5,1.0,0.00245,nominal,0.18,ideal,1,False,16.0,32.0,0.496,,0.352,,,True,FALLEN
500,100,5,1.0,0.00245,nominal,0.18,ideal,1,False,16.0,32.0,0.464,0.442,0.352,16.0,0.0,True,FALLEN
500,200,5,1.0,0.00245,nominal,0.18,ideal,1,False,16.0,32.0,0.464,0.442,0.352,16.0,0.0,True,FALLEN
500,350,5,1.0,0.00245,nominal,0.18,ideal,1,False,16.0,32.0,0.464,0.442,0.352,16.0,0.0,True,FALLEN
500,500,5,1.0,0.00245,nominal,0.18,ideal,1,False,16.0,32.0,0.464,0.442,0.352,16.0,0.0,True,FALLEN
500,20,10,1.0,0.00245,nominal,0.18,ideal,1,False,0,5.264077010298209,,,0.352,,,True,FALLEN
500,50,10,1.0,0.00245,nominal,0.18,ideal,1,False,16.0,32.0,0.496,,0.352,,,True,FALLEN
500,100,10,1.0,0.00245,nominal,0.18,ideal,1,True,1.151805057607287,17.151805057607287,0.51,0.418,0.352,1.6035191104710804,1.205575280510131,False,BALANCING
500,200,10,1.0,0.00245,nominal,0.18,ideal,1,True,1.151805057607287,17.151805057607287,0.51,0.418,0.352,1.6035191104710804,1.205575280510131,False,BALANCING
500,350,10,1.0,0.00245,nominal,0.18,ideal,1,True,1.151805057607287,17.151805057607287,0.51,0.418,0.352,1.6035191104710804,1.205575280510131,False,BALANCING
500,500,10,1.0,0.00245,nominal,0.18,ideal,1,True,1.151805057607287,17.151805057607287,0.51,0.418,0.352,1.6035191104710804,1.205575280510131,False,BALANCING
500,20,15,1.0,0.00245,nominal,0.18,ideal,1,False,0,5.264077010298209,,,0.352,,,True,FALLEN
500,50,15,1.0,0.00245,nominal,0.18,ideal,1,True,1.7391875107828976,17.739187510782898,2.0420000000000003,0.38,0.352,1.7391875107828976,0.6027654645923073,False,BALANCING
500,100,15,1.0,0.00245,nominal,0.18,ideal,1,True,1.7391875107828976,17.739187510782898,2.0420000000000003,0.38,0.352,1.7391875107828976,0.6027654645923073,False,BALANCING
500,200,15,1.0,0.00245,nominal,0.18,ideal,1,True,1.7391875107828976,17.739187510782898,2.0420000000000003,0.38,0.352,1.7391875107828976,0.6027654645923073,False,BALANCING
500,350,15,1.0,0.00245,nominal,0.18,ideal,1,True,1.7391875107828976,17.739187510782898,2.0420000000000003,0.38,0.352,1.7391875107828976,0.6027654645923073,False,BALANCING
500,500,15,1.0,0.00245,nominal,0.18,ideal,1,True,1.7391875107828976,17.739187510782898,2.0420000000000003,0.38,0.352,1.7391875107828976,0.6027654645923073,False,BALANCING
550,20,5,1.0,0.00245,nominal,0.18,ideal,1,False,0,8.456558622366494,,,0.52,,,True,FALLEN
550,50,5,1.0,0.00245,nominal,0.18,ideal,1,False,16.0,32.0,0.654,,0.52,,,True,FALLEN
550,100,5,1.0,0.00245,nominal,0.18,ideal,1,False,16.0,32.0,0.628,0.606,0.52,16.0,0.0,True,FALLEN
550,200,5,1.0,0.00245,nominal,0.18,ideal,1,False,16.0,32.0,0.628,0.606,0.52,16.0,0.0,True,FALLEN
550,350,5,1.0,0.00245,nominal,0.18,ideal,1,False,16.0,32.0,0.628,0.606,0.52,16.0,0.0,True,FALLEN
550,500,5,1.0,0.00245,nominal,0.18,ideal,1,False,16.0,32.0,0.628,0.606,0.52,16.0,0.0,True,FALLEN
550,20,10,1.0,0.00245,nominal,0.18,ideal,1,False,0,8.456558622366494,,,0.52,,,True,FALLEN
550,50,10,1.0,0.00245,nominal,0.18,ideal,1,False,16.0,32.0,0.654,,0.52,,,True,FALLEN
550,100,10,1.0,0.00245,nominal,0.18,ideal,1,False,16.0,32.0,0.66,0.584,0.52,16.0,0.0,True,FALLEN
550,200,10,1.0,0.00245,nominal,0.18,ideal,1,False,16.0,32.0,0.66,0.584,0.52,16.0,0.0,True,FALLEN
550,350,10,1.0,0.00245,nominal,0.18,ideal,1,False,16.0,32.0,0.66,0.584,0.52,16.0,0.0,True,FALLEN
550,500,10,1.0,0.00245,nominal,0.18,ideal,1,False,16.0,32.0,0.66,0.584,0.52,16.0,0.0,True,FALLEN
550,20,15,1.0,0.00245,nominal,0.18,ideal,1,False,0,8.456558622366494,,,0.52,,,True,FALLEN
550,50,15,1.0,0.00245,nominal,0.18,ideal,1,True,1.5347600853078198,17.53476008530782,2.312,0.548,0.52,1.5347600853078198,0.7706656615322764,False,BALANCING
550,100,15,1.0,0.00245,nominal,0.18,ideal,1,True,1.5347600853078198,17.53476008530782,2.312,0.548,0.52,1.5347600853078198,0.7706656615322764,False,BALANCING
550,200,15,1.0,0.00245,nominal,0.18,ideal,1,True,1.5347600853078198,17.53476008530782,2.312,0.548,0.52,1.5347600853078198,0.7706656615322764,False,BALANCING
550,350,15,1.0,0.00245,nominal,0.18,ideal,1,True,1.5347600853078198,17.53476008530782,2.312,0.548,0.52,1.5347600853078198,0.7706656615322764,False,BALANCING
550,500,15,1.0,0.00245,nominal,0.18,ideal,1,True,1.5347600853078198,17.53476008530782,2.312,0.548,0.52,1.5347600853078198,0.7706656615322764,False,BALANCING
580,20,5,1.0,0.00245,nominal,0.18,ideal,1,False,16.0,32.0,1.4020000000000001,,0.982,,,True,FALLEN
580,50,5,1.0,0.00245,nominal,0.18,ideal,1,False,16.0,32.0,1.112,,0.982,,,True,FALLEN
580,100,5,1.0,0.00245,nominal,0.18,ideal,1,False,16.0,32.0,1.088,1.068,0.982,16.0,0.0,True,FALLEN
580,200,5,1.0,0.00245,nominal,0.18,ideal,1,False,16.0,32.0,1.088,1.068,0.982,16.0,0.0,True,FALLEN
580,350,5,1.0,0.00245,nominal,0.18,ideal,1,False,16.0,32.0,1.088,1.068,0.982,16.0,0.0,True,FALLEN
580,500,5,1.0,0.00245,nominal,0.18,ideal,1,False,16.0,32.0,1.088,1.068,0.982,16.0,0.0,True,FALLEN
580,20,10,1.0,0.00245,nominal,0.18,ideal,1,False,16.0,32.0,1.4020000000000001,,0.982,,,True,FALLEN
580,50,10,1.0,0.00245,nominal,0.18,ideal,1,False,16.0,32.0,1.112,,0.982,,,True,FALLEN
580,100,10,1.0,0.00245,nominal,0.18,ideal,1,False,16.0,32.0,1.118,1.044,0.982,16.0,0.0,True,FALLEN
580,200,10,1.0,0.00245,nominal,0.18,ideal,1,False,16.0,32.0,1.118,1.044,0.982,16.0,0.0,True,FALLEN
580,350,10,1.0,0.00245,nominal,0.18,ideal,1,False,16.0,32.0,1.118,1.044,0.982,16.0,0.0,True,FALLEN
580,500,10,1.0,0.00245,nominal,0.18,ideal,1,False,16.0,32.0,1.118,1.044,0.982,16.0,0.0,True,FALLEN
580,20,15,1.0,0.00245,nominal,0.18,ideal,1,False,16.0,32.0,1.4020000000000001,,0.982,,,True,FALLEN
580,50,15,1.0,0.00245,nominal,0.18,ideal,1,True,1.5048599759839405,17.50485997598394,2.8120000000000003,1.008,0.982,1.5048599759839405,0.8548280419122961,False,BALANCING
580,100,15,1.0,0.00245,nominal,0.18,ideal,1,True,1.5048599759839405,17.50485997598394,2.8120000000000003,1.008,0.982,1.5048599759839405,0.8548280419122961,False,BALANCING
580,200,15,1.0,0.00245,nominal,0.18,ideal,1,True,1.5048599759839405,17.50485997598394,2.8120000000000003,1.008,0.982,1.5048599759839405,0.8548280419122961,False,BALANCING
580,350,15,1.0,0.00245,nominal,0.18,ideal,1,True,1.5048599759839405,17.50485997598394,2.8120000000000003,1.008,0.982,1.5048599759839405,0.8548280419122961,False,BALANCING
580,500,15,1.0,0.00245,nominal,0.18,ideal,1,True,1.5048599759839405,17.50485997598394,2.8120000000000003,1.008,0.982,1.5048599759839405,0.8548280419122961,False,BALANCING
100,20,5,1.0,0.00245,half_20ms,0.18,ideal,1,False,0,0.0,,,0.034,,,False,FALLEN
100,50,5,1.0,0.00245,half_20ms,0.18,ideal,1,False,0,0.17801695621160896,,,0.034,,,True,FALLEN
100,100,5,1.0,0.00245,half_20ms,0.18,ideal,1,False,0,2.2364955721587805,,,0.034,,,True,FALLEN
100,200,5,1.0,0.00245,half_20ms,0.18,ideal,1,False,16.0,32.0,0.276,,0.034,,,True,FALLEN
100,350,5,1.0,0.00245,half_20ms,0.18,ideal,1,True,4.145635035001697,20.145635035001696,0.276,0.23600000000000002,0.034,0.9727874998328245,0.3104448775000348,False,BALANCING
100,500,5,1.0,0.00245,half_20ms,0.18,ideal,1,True,4.145635035001697,20.145635035001696,0.276,0.23600000000000002,0.034,0.9727874998328245,0.3104448775000348,False,BALANCING
100,20,10,1.0,0.00245,half_20ms,0.18,ideal,1,False,0,0.0,,,0.034,,,False,FALLEN
100,50,10,1.0,0.00245,half_20ms,0.18,ideal,1,False,0,0.17801695621160896,,,0.034,,,True,FALLEN
100,100,10,1.0,0.00245,half_20ms,0.18,ideal,1,False,0,2.2364955721587805,,,0.034,,,True,FALLEN
100,200,10,1.0,0.00245,half_20ms,0.18,ideal,1,True,1.6401049873131472,17.640104987313148,1.166,0.196,0.034,1.517817185816322,0.7963031896302689,False,BALANCING
100,350,10,1.0,0.00245,half_20ms,0.18,ideal,1,True,1.6401049873131472,17.640104987313148,1.166,0.196,0.034,1.517817185816322,0.7963031896302689,False,BALANCING
100,500,10,1.0,0.00245,half_20ms,0.18,ideal,1,True,1.6401049873131472,17.640104987313148,1.166,0.196,0.034,1.517817185816322,0.7963031896302689,False,BALANCING
100,20,15,1.0,0.00245,half_20ms,0.18,ideal,1,False,0,0.0,,,0.034,,,False,FALLEN
100,50,15,1.0,0.00245,half_20ms,0.18,ideal,1,False,0,0.17801695621160896,,,0.034,,,True,FALLEN
100,100,15,1.0,0.00245,half_20ms,0.18,ideal,1,False,0,11.187715632986219,,0.13,0.034,16.0,0.0,True,FALLEN
100,200,15,1.0,0.00245,half_20ms,0.18,ideal,1,False,0,11.187715632986219,,0.13,0.034,16.0,0.0,True,FALLEN
100,350,15,1.0,0.00245,half_20ms,0.18,ideal,1,False,0,11.187715632986219,,0.13,0.034,16.0,0.0,True,FALLEN
100,500,15,1.0,0.00245,half_20ms,0.18,ideal,1,False,0,11.187715632986219,,0.13,0.034,16.0,0.0,True,FALLEN
150,20,5,1.0,0.00245,half_20ms,0.18,ideal,1,False,0,0.0,,,0.054,,,False,FALLEN
150,50,5,1.0,0.00245,half_20ms,0.18,ideal,1,False,0,0.2835801552802586,,,0.054,,,True,FALLEN
150,100,5,1.0,0.00245,half_20ms,0.18,ideal,1,False,0,1.8127452734617773,,,0.054,,,True,FALLEN
150,200,5,1.0,0.00245,half_20ms,0.18,ideal,1,False,16.0,32.0,0.298,,0.054,,,True,FALLEN
150,350,5,1.0,0.00245,half_20ms,0.18,ideal,1,True,5.538168452729245,21.538168452729245,0.296,0.26,0.054,1.331982400134718,0.5332783258380633,False,BALANCING
150,500,5,1.0,0.00245,half_20ms,0.18,ideal,1,True,5.538168452729245,21.538168452729245,0.296,0.26,0.054,1.331982400134718,0.5332783258380633,False,BALANCING
150,20,10,1.0,0.00245,half_20ms,0.18,ideal,1,False,0,0.0,,,0.054,,,False,FALLEN
150,50,10,1.0,0.00245,half_20ms,0.18,ideal,1,False,0,0.2835801552802586,,,0.054,,,True,FALLEN
150,100,10,1.0,0.00245,half_20ms,0.18,ideal,1,False,0,1.8127452734617773,,,0.054,,,True,FALLEN
150,200,10,1.0,0.00245,half_20ms,0.18,ideal,1,True,1.345060241980799,17.3450602419808,1.254,0.222,0.054,1.2703037612268833,0.6413515557559408,False,BALANCING
150,350,10,1.0,0.00245,half_20ms,0.18,ideal,1,True,1.345060241980799,17.3450602419808,1.254,0.222,0.054,1.2703037612268833,0.6413515557559408,False,BALANCING
150,500,10,1.0,0.00245,half_20ms,0.18,ideal,1,True,1.345060241980799,17.3450602419808,1.254,0.222,0.054,1.2703037612268833,0.6413515557559408,False,BALANCING
150,20,15,1.0,0.00245,half_20ms,0.18,ideal,1,False,0,0.0,,,0.054,,,False,FALLEN
150,50,15,1.0,0.00245,half_20ms,0.18,ideal,1,False,0,0.2835801552802586,,,0.054,,,True,FALLEN
150,100,15,1.0,0.00245,half_20ms,0.18,ideal,1,False,0,11.680401603096147,,0.14400000000000002,0.054,16.0,0.0,True,FALLEN
150,200,15,1.0,0.00245,half_20ms,0.18,ideal,1,False,0,11.680401603096147,,0.14400000000000002,0.054,16.0,0.0,True,FALLEN
150,350,15,1.0,0.00245,half_20ms,0.18,ideal,1,False,0,11.680401603096147,,0.14400000000000002,0.054,16.0,0.0,True,FALLEN
150,500,15,1.0,0.00245,half_20ms,0.18,ideal,1,False,0,11.680401603096147,,0.14400000000000002,0.054,16.0,0.0,True,FALLEN
200,20,5,1.0,0.00245,half_20ms,0.18,ideal,1,False,0,0.0,,,0.076,,,False,FALLEN
200,50,5,1.0,0.00245,half_20ms,0.18,ideal,1,False,0,0.376017934037737,,,0.076,,,True,FALLEN
200,100,5,1.0,0.00245,half_20ms,0.18,ideal,1,False,0,2.571389881644752,,,0.076,,,True,FALLEN
200,200,5,1.0,0.00245,half_20ms,0.18,ideal,1,False,16.0,32.0,0.322,,0.076,,,True,FALLEN
200,350,5,1.0,0.00245,half_20ms,0.18,ideal,1,True,7.04729234857476,23.04729234857476,0.318,0.28400000000000003,0.076,1.808203307578729,0.798814378140678,False,BALANCING
200,500,5,1.0,0.00245,half_20ms,0.18,ideal,1,True,7.04729234857476,23.04729234857476,0.318,0.28400000000000003,0.076,1.808203307578729,0.798814378140678,False,BALANCING
200,20,10,1.0,0.00245,half_20ms,0.18,ideal,1,False,0,0.0,,,0.076,,,False,FALLEN
200,50,10,1.0,0.00245,half_20ms,0.18,ideal,1,False,0,0.376017934037737,,,0.076,,,True,FALLEN
200,100,10,1.0,0.00245,half_20ms,0.18,ideal,1,False,0,2.571389881644752,,,0.076,,,True,FALLEN
200,200,10,1.0,0.00245,half_20ms,0.18,ideal,1,True,1.1688416049978165,17.168841604997816,1.3840000000000001,0.246,0.076,1.1354924094715246,0.5323275710559101,False,BALANCING
200,350,10,1.0,0.00245,half_20ms,0.18,ideal,1,True,1.1688416049978165,17.168841604997816,1.3840000000000001,0.246,0.076,1.1354924094715246,0.5323275710559101,False,BALANCING
200,500,10,1.0,0.00245,half_20ms,0.18,ideal,1,True,1.1688416049978165,17.168841604997816,1.3840000000000001,0.246,0.076,1.1354924094715246,0.5323275710559101,False,BALANCING
200,20,15,1.0,0.00245,half_20ms,0.18,ideal,1,False,0,0.0,,,0.076,,,False,FALLEN
200,50,15,1.0,0.00245,half_20ms,0.18,ideal,1,False,0,0.376017934037737,,,0.076,,,True,FALLEN
200,100,15,1.0,0.00245,half_20ms,0.18,ideal,1,False,0,11.779432065401632,,0.16,0.076,16.0,0.0,True,FALLEN
200,200,15,1.0,0.00245,half_20ms,0.18,ideal,1,False,0,11.779432065401632,,0.16,0.076,16.0,0.0,True,FALLEN
200,350,15,1.0,0.00245,half_20ms,0.18,ideal,1,False,0,11.779432065401632,,0.16,0.076,16.0,0.0,True,FALLEN
200,500,15,1.0,0.00245,half_20ms,0.18,ideal,1,False,0,11.779432065401632,,0.16,0.076,16.0,0.0,True,FALLEN
250,20,5,1.0,0.00245,half_20ms,0.18,ideal,1,False,0,0.0,,,0.10200000000000001,,,False,FALLEN
250,50,5,1.0,0.00245,half_20ms,0.18,ideal,1,False,0,0.48835474232227405,,,0.10200000000000001,,,True,FALLEN
250,100,5,1.0,0.00245,half_20ms,0.18,ideal,1,False,0,3.1127241753180925,,,0.10200000000000001,,,True,FALLEN
250,200,5,1.0,0.00245,half_20ms,0.18,ideal,1,False,16.0,32.0,0.34600000000000003,,0.10200000000000001,,,True,FALLEN
250,350,5,1.0,0.00245,half_20ms,0.18,ideal,1,True,7.152957337713141,23.15295733771314,0.34400000000000003,0.31,0.10200000000000001,1.9910041461094818,0.9373764432621644,False,BALANCING
250,500,5,1.0,0.00245,half_20ms,0.18,ideal,1,True,7.152957337713141,23.15295733771314,0.34400000000000003,0.31,0.10200000000000001,1.9910041461094818,0.9373764432621644,False,BALANCING
250,20,10,1.0,0.00245,half_20ms,0.18,ideal,1,False,0,0.0,,,0.10200000000000001,,,False,FALLEN
250,50,10,1.0,0.00245,half_20ms,0.18,ideal,1,False,0,0.48835474232227405,,,0.10200000000000001,,,True,FALLEN
250,100,10,1.0,0.00245,half_20ms,0.18,ideal,1,False,0,3.1127241753180925,,,0.10200000000000001,,,True,FALLEN
250,200,10,1.0,0.00245,half_20ms,0.18,ideal,1,True,1.1848307532844118,17.184830753284412,1.534,0.27,0.10200000000000001,1.1763782627945965,0.49539815704407325,False,BALANCING
250,350,10,1.0,0.00245,half_20ms,0.18,ideal,1,True,1.1848307532844118,17.184830753284412,1.534,0.27,0.10200000000000001,1.1763782627945965,0.49539815704407325,False,BALANCING
250,500,10,1.0,0.00245,half_20ms,0.18,ideal,1,True,1.1848307532844118,17.184830753284412,1.534,0.27,0.10200000000000001,1.1763782627945965,0.49539815704407325,False,BALANCING
250,20,15,1.0,0.00245,half_20ms,0.18,ideal,1,False,0,0.0,,,0.10200000000000001,,,False,FALLEN
250,50,15,1.0,0.00245,half_20ms,0.18,ideal,1,False,0,0.48835474232227405,,,0.10200000000000001,,,True,FALLEN
250,100,15,1.0,0.00245,half_20ms,0.18,ideal,1,False,0,12.214359220465418,,0.184,0.10200000000000001,16.0,0.0,True,FALLEN
250,200,15,1.0,0.00245,half_20ms,0.18,ideal,1,False,0,12.214359220465418,,0.184,0.10200000000000001,16.0,0.0,True,FALLEN
250,350,15,1.0,0.00245,half_20ms,0.18,ideal,1,False,0,12.214359220465418,,0.184,0.10200000000000001,16.0,0.0,True,FALLEN
250,500,15,1.0,0.00245,half_20ms,0.18,ideal,1,False,0,12.214359220465418,,0.184,0.10200000000000001,16.0,0.0,True,FALLEN
300,20,5,1.0,0.00245,half_20ms,0.18,ideal,1,False,0,0.0,,,0.132,,,False,FALLEN
300,50,5,1.0,0.00245,half_20ms,0.18,ideal,1,False,0,0.7143929442437678,,,0.132,,,True,FALLEN
300,100,5,1.0,0.00245,half_20ms,0.18,ideal,1,False,0,4.3375778567076235,,,0.132,,,True,FALLEN
300,200,5,1.0,0.00245,half_20ms,0.18,ideal,1,True,5.886560088568301,21.886560088568302,0.368,0.332,0.132,1.8320627047600664,0.9285723297374001,False,BALANCING
300,350,5,1.0,0.00245,half_20ms,0.18,ideal,1,True,5.886560088568301,21.886560088568302,0.368,0.332,0.132,1.8320627047600664,0.9285723297374001,False,BALANCING
300,500,5,1.0,0.00245,half_20ms,0.18,ideal,1,True,5.886560088568301,21.886560088568302,0.368,0.332,0.132,1.8320627047600664,0.9285723297374001,False,BALANCING
300,20,10,1.0,0.00245,half_20ms,0.18,ideal,1,False,0,0.0,,,0.132,,,False,FALLEN
300,50,10,1.0,0.00245,half_20ms,0.18,ideal,1,False,0,0.7143929442437678,,,0.132,,,True,FALLEN
300,100,10,1.0,0.00245,half_20ms,0.18,ideal,1,False,0,4.3375778567076235,,,0.132,,,True,FALLEN
300,200,10,1.0,0.00245,half_20ms,0.18,ideal,1,True,1.503614785637117,17.50361478563712,1.6460000000000001,0.28800000000000003,0.132,1.503085926654936,0.5734534753617444,False,BALANCING
300,350,10,1.0,0.00245,half_20ms,0.18,ideal,1,True,1.503614785637117,17.50361478563712,1.6460000000000001,0.28800000000000003,0.132,1.503085926654936,0.5734534753617444,False,BALANCING
300,500,10,1.0,0.00245,half_20ms,0.18,ideal,1,True,1.503614785637117,17.50361478563712,1.6460000000000001,0.28800000000000003,0.132,1.503085926654936,0.5734534753617444,False,BALANCING
300,20,15,1.0,0.00245,half_20ms,0.18,ideal,1,False,0,0.0,,,0.132,,,False,FALLEN
300,50,15,1.0,0.00245,half_20ms,0.18,ideal,1,False,0,0.7143929442437678,,,0.132,,,True,FALLEN
300,100,15,1.0,0.00245,half_20ms,0.18,ideal,1,False,0,12.573095700491558,,0.20600000000000002,0.132,16.0,0.0,True,FALLEN
300,200,15,1.0,0.00245,half_20ms,0.18,ideal,1,False,0,12.573095700491558,,0.20600000000000002,0.132,16.0,0.0,True,FALLEN
300,350,15,1.0,0.00245,half_20ms,0.18,ideal,1,False,0,12.573095700491558,,0.20600000000000002,0.132,16.0,0.0,True,FALLEN
300,500,15,1.0,0.00245,half_20ms,0.18,ideal,1,False,0,12.573095700491558,,0.20600000000000002,0.132,16.0,0.0,True,FALLEN
350,20,5,1.0,0.00245,half_20ms,0.18,ideal,1,False,0,0.0,,,0.166,,,False,FALLEN
350,50,5,1.0,0.00245,half_20ms,0.18,ideal,1,False,0,0.8958480974848371,,,0.166,,,True,FALLEN
350,100,5,1.0,0.00245,half_20ms,0.18,ideal,1,False,0,5.701414848301489,,,0.166,,,True,FALLEN
350,200,5,1.0,0.00245,half_20ms,0.18,ideal,1,True,3.2309403355525617,19.23094033555256,0.398,0.36,0.166,1.314228816138321,0.7550368450440275,False,BALANCING
350,350,5,1.0,0.00245,half_20ms,0.18,ideal,1,True,3.2309403355525617,19.23094033555256,0.398,0.36,0.166,1.314228816138321,0.7550368450440275,False,BALANCING
350,500,5,1.0,0.00245,half_20ms,0.18,ideal,1,True,3.2309403355525617,19.23094033555256,0.398,0.36,0.166,1.314228816138321,0.7550368450440275,False,BALANCING
350,20,10,1.0,0.00245,half_20ms,0.18,ideal,1,False,0,0.0,,,0.166,,,False,FALLEN
350,50,10,1.0,0.00245,half_20ms,0.18,ideal,1,False,0,0.8958480974848371,,,0.166,,,True,FALLEN
350,100,10,1.0,0.00245,half_20ms,0.18,ideal,1,False,0,5.701414848301489,,,0.166,,,True,FALLEN
350,200,10,1.0,0.00245,half_20ms,0.18,ideal,1,True,1.2564842548141804,17.25648425481418,1.824,0.314,0.166,1.2564842548141804,0.3815301720215947,False,BALANCING
350,350,10,1.0,0.00245,half_20ms,0.18,ideal,1,True,1.2564842548141804,17.25648425481418,1.824,0.314,0.166,1.2564842548141804,0.3815301720215947,False,BALANCING
350,500,10,1.0,0.00245,half_20ms,0.18,ideal,1,True,1.2564842548141804,17.25648425481418,1.824,0.314,0.166,1.2564842548141804,0.3815301720215947,False,BALANCING
350,20,15,1.0,0.00245,half_20ms,0.18,ideal,1,False,0,0.0,,,0.166,,,False,FALLEN
350,50,15,1.0,0.00245,half_20ms,0.18,ideal,1,False,0,0.8958480974848371,,,0.166,,,True,FALLEN
350,100,15,1.0,0.00245,half_20ms,0.18,ideal,1,False,0,13.556442747743816,,0.23800000000000002,0.166,16.0,0.0,True,FALLEN
350,200,15,1.0,0.00245,half_20ms,0.18,ideal,1,False,0,13.556442747743816,,0.23800000000000002,0.166,16.0,0.0,True,FALLEN
350,350,15,1.0,0.00245,half_20ms,0.18,ideal,1,False,0,13.556442747743816,,0.23800000000000002,0.166,16.0,0.0,True,FALLEN
350,500,15,1.0,0.00245,half_20ms,0.18,ideal,1,False,0,13.556442747743816,,0.23800000000000002,0.166,16.0,0.0,True,FALLEN
400,20,5,1.0,0.00245,half_20ms,0.18,ideal,1,False,0,0.0,,,0.21,,,False,FALLEN
400,50,5,1.0,0.00245,half_20ms,0.18,ideal,1,False,0,0.9916485100504673,,,0.21,,,True,FALLEN
400,100,5,1.0,0.00245,half_20ms,0.18,ideal,1,False,0,7.943951694686982,,,0.21,,,True,FALLEN
400,200,5,1.0,0.00245,half_20ms,0.18,ideal,1,True,2.944024098624163,18.944024098624162,0.432,0.394,0.21,1.4297850480588863,0.8686753886485313,False,BALANCING
400,350,5,1.0,0.00245,half_20ms,0.18,ideal,1,True,2.944024098624163,18.944024098624162,0.432,0.394,0.21,1.4297850480588863,0.8686753886485313,False,BALANCING
400,500,5,1.0,0.00245,half_20ms,0.18,ideal,1,True,2.944024098624163,18.944024098624162,0.432,0.394,0.21,1.4297850480588863,0.8686753886485313,False,BALANCING
400,20,10,1.0,0.00245,half_20ms,0.18,ideal,1,False,0,0.0,,,0.21,,,False,FALLEN
400,50,10,1.0,0.00245,half_20ms,0.18,ideal,1,False,0,0.9916485100504673,,,0.21,,,True,FALLEN
400,100,10,1.0,0.00245,half_20ms,0.18,ideal,1,False,0,7.943951694686982,,,0.21,,,True,FALLEN
400,200,10,1.0,0.00245,half_20ms,0.18,ideal,1,True,0.9703269476487303,16.97032694764873,2.07,0.35000000000000003,0.21,0.9703269476487303,0.4203800707054598,False,BALANCING
400,350,10,1.0,0.00245,half_20ms,0.18,ideal,1,True,0.9703269476487303,16.97032694764873,2.07,0.35000000000000003,0.21,0.9703269476487303,0.4203800707054598,False,BALANCING
400,500,10,1.0,0.00245,half_20ms,0.18,ideal,1,True,0.9703269476487303,16.97032694764873,2.07,0.35000000000000003,0.21,0.9703269476487303,0.4203800707054598,False,BALANCING
400,20,15,1.0,0.00245,half_20ms,0.18,ideal,1,False,0,0.0,,,0.21,,,False,FALLEN
400,50,15,1.0,0.00245,half_20ms,0.18,ideal,1,False,0,0.9916485100504673,,,0.21,,,True,FALLEN
400,100,15,1.0,0.00245,half_20ms,0.18,ideal,1,False,2.8934579369245306,18.89345793692453,1.73,0.28,0.21,2.8934579369245306,0.9470033486894764,False,BALANCING
400,200,15,1.0,0.00245,half_20ms,0.18,ideal,1,False,2.8934579369245306,18.89345793692453,1.73,0.28,0.21,2.8934579369245306,0.9470033486894764,False,BALANCING
400,350,15,1.0,0.00245,half_20ms,0.18,ideal,1,False,2.8934579369245306,18.89345793692453,1.73,0.28,0.21,2.8934579369245306,0.9470033486894764,False,BALANCING
400,500,15,1.0,0.00245,half_20ms,0.18,ideal,1,False,2.8934579369245306,18.89345793692453,1.73,0.28,0.21,2.8934579369245306,0.9470033486894764,False,BALANCING
450,20,5,1.0,0.00245,half_20ms,0.18,ideal,1,False,0,0.0,,,0.268,,,False,FALLEN
450,50,5,1.0,0.00245,half_20ms,0.18,ideal,1,False,0,1.2414770420064922,,,0.268,,,True,FALLEN
450,100,5,1.0,0.00245,half_20ms,0.18,ideal,1,False,16.0,32.0,0.734,,0.268,,,True,FALLEN
450,200,5,1.0,0.00245,half_20ms,0.18,ideal,1,True,4.058854752209809,20.05885475220981,0.482,0.444,0.268,1.9115511949486015,1.1389321392962928,False,BALANCING
450,350,5,1.0,0.00245,half_20ms,0.18,ideal,1,True,4.058854752209809,20.05885475220981,0.482,0.444,0.268,1.9115511949486015,1.1389321392962928,False,BALANCING
450,500,5,1.0,0.00245,half_20ms,0.18,ideal,1,True,4.058854752209809,20.05885475220981,0.482,0.444,0.268,1.9115511949486015,1.1389321392962928,False,BALANCING
450,20,10,1.0,0.00245,half_20ms,0.18,ideal,1,False,0,0.0,,,0.268,,,False,FALLEN
450,50,10,1.0,0.00245,half_20ms,0.18,ideal,1,False,0,1.2414770420064922,,,0.268,,,True,FALLEN
450,100,10,1.0,0.00245,half_20ms,0.18,ideal,1,False,16.0,32.0,0.734,,0.268,,,True,FALLEN
450,200,10,1.0,0.00245,half_20ms,0.18,ideal,1,True,0.6576205021647366,16.657620502164736,2.444,0.404,0.268,0.6576205021647366,0.6714789587198257,False,BALANCING
450,350,10,1.0,0.00245,half_20ms,0.18,ideal,1,True,0.6576205021647366,16.657620502164736,2.444,0.404,0.268,0.6576205021647366,0.6714789587198257,False,BALANCING
450,500,10,1.0,0.00245,half_20ms,0.18,ideal,1,True,0.6576205021647366,16.657620502164736,2.444,0.404,0.268,0.6576205021647366,0.6714789587198257,False,BALANCING
450,20,15,1.0,0.00245,half_20ms,0.18,ideal,1,False,0,0.0,,,0.268,,,False,FALLEN
450,50,15,1.0,0.00245,half_20ms,0.18,ideal,1,False,0,1.2414770420064922,,,0.268,,,True,FALLEN
450,100,15,1.0,0.00245,half_20ms,0.18,ideal,1,False,2.686996953138469,18.68699695313847,1.826,0.338,0.268,2.686996953138469,0.8493329109371807,False,BALANCING
450,200,15,1.0,0.00245,half_20ms,0.18,ideal,1,False,2.686996953138469,18.68699695313847,1.826,0.338,0.268,2.686996953138469,0.8493329109371807,False,BALANCING
450,350,15,1.0,0.00245,half_20ms,0.18,ideal,1,False,2.686996953138469,18.68699695313847,1.826,0.338,0.268,2.686996953138469,0.8493329109371807,False,BALANCING
450,500,15,1.0,0.00245,half_20ms,0.18,ideal,1,False,2.686996953138469,18.68699695313847,1.826,0.338,0.268,2.686996953138469,0.8493329109371807,False,BALANCING
500,20,5,1.0,0.00245,half_20ms,0.18,ideal,1,False,0,0.0,,,0.352,,,False,FALLEN
500,50,5,1.0,0.00245,half_20ms,0.18,ideal,1,False,0,1.5793635057648334,,,0.352,,,True,FALLEN
500,100,5,1.0,0.00245,half_20ms,0.18,ideal,1,False,16.0,32.0,0.658,,0.352,,,True,FALLEN
500,200,5,1.0,0.00245,half_20ms,0.18,ideal,1,False,16.0,32.0,0.554,0.52,0.352,16.0,0.0,True,FALLEN
500,350,5,1.0,0.00245,half_20ms,0.18,ideal,1,False,16.0,32.0,0.554,0.52,0.352,16.0,0.0,True,FALLEN
500,500,5,1.0,0.00245,half_20ms,0.18,ideal,1,False,16.0,32.0,0.554,0.52,0.352,16.0,0.0,True,FALLEN
500,20,10,1.0,0.00245,half_20ms,0.18,ideal,1,False,0,0.0,,,0.352,,,False,FALLEN
500,50,10,1.0,0.00245,half_20ms,0.18,ideal,1,False,0,1.5793635057648334,,,0.352,,,True,FALLEN
500,100,10,1.0,0.00245,half_20ms,0.18,ideal,1,False,16.0,32.0,0.658,,0.352,,,True,FALLEN
500,200,10,1.0,0.00245,half_20ms,0.18,ideal,1,True,0.32734477707631215,16.327344777076313,2.988,0.482,0.352,0.32734477707631215,0.9425906119393381,False,BALANCING
500,350,10,1.0,0.00245,half_20ms,0.18,ideal,1,True,0.32734477707631215,16.327344777076313,2.988,0.482,0.352,0.32734477707631215,0.9425906119393381,False,BALANCING
500,500,10,1.0,0.00245,half_20ms,0.18,ideal,1,True,0.32734477707631215,16.327344777076313,2.988,0.482,0.352,0.32734477707631215,0.9425906119393381,False,BALANCING
500,20,15,1.0,0.00245,half_20ms,0.18,ideal,1,False,0,0.0,,,0.352,,,False,FALLEN
500,50,15,1.0,0.00245,half_20ms,0.18,ideal,1,False,0,1.5793635057648334,,,0.352,,,True,FALLEN
500,100,15,1.0,0.00245,half_20ms,0.18,ideal,1,False,2.494578426701664,18.494578426701665,1.976,0.418,0.352,2.494578426701664,0.683504332601624,False,BALANCING
500,200,15,1.0,0.00245,half_20ms,0.18,ideal,1,False,2.494578426701664,18.494578426701665,1.976,0.418,0.352,2.494578426701664,0.683504332601624,False,BALANCING
500,350,15,1.0,0.00245,half_20ms,0.18,ideal,1,False,2.494578426701664,18.494578426701665,1.976,0.418,0.352,2.494578426701664,0.683504332601624,False,BALANCING
500,500,15,1.0,0.00245,half_20ms,0.18,ideal,1,False,2.494578426701664,18.494578426701665,1.976,0.418,0.352,2.494578426701664,0.683504332601624,False,BALANCING
550,20,5,1.0,0.00245,half_20ms,0.18,ideal,1,False,0,0.0,,,0.52,,,False,FALLEN
550,50,5,1.0,0.00245,half_20ms,0.18,ideal,1,False,0,2.032924710755635,,,0.52,,,True,FALLEN
550,100,5,1.0,0.00245,half_20ms,0.18,ideal,1,False,16.0,32.0,0.776,,0.52,,,True,FALLEN
550,200,5,1.0,0.00245,half_20ms,0.18,ideal,1,False,16.0,32.0,0.712,0.682,0.52,16.0,0.0,True,FALLEN
550,350,5,1.0,0.00245,half_20ms,0.18,ideal,1,False,16.0,32.0,0.712,0.682,0.52,16.0,0.0,True,FALLEN
550,500,5,1.0,0.00245,half_20ms,0.18,ideal,1,False,16.0,32.0,0.712,0.682,0.52,16.0,0.0,True,FALLEN
550,20,10,1.0,0.00245,half_20ms,0.18,ideal,1,False,0,0.0,,,0.52,,,False,FALLEN
550,50,10,1.0,0.00245,half_20ms,0.18,ideal,1,False,0,2.032924710755635,,,0.52,,,True,FALLEN
550,100,10,1.0,0.00245,half_20ms,0.18,ideal,1,False,16.0,32.0,0.776,,0.52,,,True,FALLEN
550,200,10,1.0,0.00245,half_20ms,0.18,ideal,1,True,0.02991900901074312,16.029919009010744,3.602,0.644,0.52,0.43784390731170464,1.1969751981700651,False,BALANCING
550,350,10,1.0,0.00245,half_20ms,0.18,ideal,1,True,0.02991900901074312,16.029919009010744,3.602,0.644,0.52,0.43784390731170464,1.1969751981700651,False,BALANCING
550,500,10,1.0,0.00245,half_20ms,0.18,ideal,1,True,0.02991900901074312,16.029919009010744,3.602,0.644,0.52,0.43784390731170464,1.1969751981700651,False,BALANCING
550,20,15,1.0,0.00245,half_20ms,0.18,ideal,1,False,0,0.0,,,0.52,,,False,FALLEN
550,50,15,1.0,0.00245,half_20ms,0.18,ideal,1,False,0,2.032924710755635,,,0.52,,,True,FALLEN
550,100,15,1.0,0.00245,half_20ms,0.18,ideal,1,False,2.317275109271545,18.317275109271545,2.214,0.584,0.52,2.317275109271545,0.6979019551836427,False,BALANCING
550,200,15,1.0,0.00245,half_20ms,0.18,ideal,1,False,2.317275109271545,18.317275109271545,2.214,0.584,0.52,2.317275109271545,0.6979019551836427,False,BALANCING
550,350,15,1.0,0.00245,half_20ms,0.18,ideal,1,False,2.317275109271545,18.317275109271545,2.214,0.584,0.52,2.317275109271545,0.6979019551836427,False,BALANCING
550,500,15,1.0,0.00245,half_20ms,0.18,ideal,1,False,2.317275109271545,18.317275109271545,2.214,0.584,0.52,2.317275109271545,0.6979019551836427,False,BALANCING
580,20,5,1.0,0.00245,half_20ms,0.18,ideal,1,False,0,0.0,,,0.982,,,False,FALLEN
580,50,5,1.0,0.00245,half_20ms,0.18,ideal,1,False,0,2.391848431423023,,,0.982,,,True,FALLEN
580,100,5,1.0,0.00245,half_20ms,0.18,ideal,1,False,16.0,32.0,1.226,,0.982,,,True,FALLEN
580,200,5,1.0,0.00245,half_20ms,0.18,ideal,1,False,16.0,32.0,1.17,1.1400000000000001,0.982,16.0,0.0,True,FALLEN
580,350,5,1.0,0.00245,half_20ms,0.18,ideal,1,False,16.0,32.0,1.17,1.1400000000000001,0.982,16.0,0.0,True,FALLEN
580,500,5,1.0,0.00245,half_20ms,0.18,ideal,1,False,16.0,32.0,1.17,1.1400000000000001,0.982,16.0,0.0,True,FALLEN
580,20,10,1.0,0.00245,half_20ms,0.18,ideal,1,False,0,0.0,,,0.982,,,False,FALLEN
580,50,10,1.0,0.00245,half_20ms,0.18,ideal,1,False,0,2.391848431423023,,,0.982,,,True,FALLEN
580,100,10,1.0,0.00245,half_20ms,0.18,ideal,1,False,16.0,32.0,1.226,,0.982,,,True,FALLEN
580,200,10,1.0,0.00245,half_20ms,0.18,ideal,1,True,0,15.723075595798454,,1.104,0.982,0.8534690636176773,1.3820893977822983,False,BALANCING
580,350,10,1.0,0.00245,half_20ms,0.18,ideal,1,True,0,15.723075595798454,,1.104,0.982,0.8534690636176773,1.3820893977822983,False,BALANCING
580,500,10,1.0,0.00245,half_20ms,0.18,ideal,1,True,0,15.723075595798454,,1.104,0.982,0.8534690636176773,1.3820893977822983,False,BALANCING
580,20,15,1.0,0.00245,half_20ms,0.18,ideal,1,False,0,0.0,,,0.982,,,False,FALLEN
580,50,15,1.0,0.00245,half_20ms,0.18,ideal,1,False,0,2.391848431423023,,,0.982,,,True,FALLEN
580,100,15,1.0,0.00245,half_20ms,0.18,ideal,1,False,2.246472449014987,18.246472449014988,2.716,1.044,0.982,2.246472449014987,0.8056695040228891,False,BALANCING
580,200,15,1.0,0.00245,half_20ms,0.18,ideal,1,False,2.246472449014987,18.246472449014988,2.716,1.044,0.982,2.246472449014987,0.8056695040228891,False,BALANCING
580,350,15,1.0,0.00245,half_20ms,0.18,ideal,1,False,2.246472449014987,18.246472449014988,2.716,1.044,0.982,2.246472449014987,0.8056695040228891,False,BALANCING
580,500,15,1.0,0.00245,half_20ms,0.18,ideal,1,False,2.246472449014987,18.246472449014988,2.716,1.044,0.982,2.246472449014987,0.8056695040228891,False,BALANCING
100,20,5,1.0,0.00245,half_50ms,0.18,ideal,1,False,0,0.0,,,0.034,,,False,FALLEN
100,50,5,1.0,0.00245,half_50ms,0.18,ideal,1,False,0,0.0,,,0.034,,,False,FALLEN
100,100,5,1.0,0.00245,half_50ms,0.18,ideal,1,False,0,0.5278047781743087,,,0.034,,,True,FALLEN
100,200,5,1.0,0.00245,half_50ms,0.18,ideal,1,False,16.0,32.0,0.332,,0.034,,,True,FALLEN
100,350,5,1.0,0.00245,half_50ms,0.18,ideal,1,True,7.600053473110306,23.600053473110307,0.3,0.262,0.034,1.8163405961325418,0.690606706054098,False,BALANCING
100,500,5,1.0,0.00245,half_50ms,0.18,ideal,1,True,7.600053473110306,23.600053473110307,0.3,0.262,0.034,1.8163405961325418,0.690606706054098,False,BALANCING
100,20,10,1.0,0.00245,half_50ms,0.18,ideal,1,False,0,0.0,,,0.034,,,False,FALLEN
100,50,10,1.0,0.00245,half_50ms,0.18,ideal,1,False,0,0.0,,,0.034,,,False,FALLEN
100,100,10,1.0,0.00245,half_50ms,0.18,ideal,1,False,0,0.5278047781743087,,,0.034,,,True,FALLEN
100,200,10,1.0,0.00245,half_50ms,0.18,ideal,1,True,1.2400711800185138,17.240071180018514,1.102,0.224,0.034,1.1076904805081584,0.6125489786496047,False,BALANCING
100,350,10,1.0,0.00245,half_50ms,0.18,ideal,1,True,1.2400711800185138,17.240071180018514,1.102,0.224,0.034,1.1076904805081584,0.6125489786496047,False,BALANCING
100,500,10,1.0,0.00245,half_50ms,0.18,ideal,1,True,1.2400711800185138,17.240071180018514,1.102,0.224,0.034,1.1076904805081584,0.6125489786496047,False,BALANCING
100,20,15,1.0,0.00245,half_50ms,0.18,ideal,1,False,0,0.0,,,0.034,,,False,FALLEN
100,50,15,1.0,0.00245,half_50ms,0.18,ideal,1,False,0,0.0,,,0.034,,,False,FALLEN
100,100,15,1.0,0.00245,half_50ms,0.18,ideal,1,False,0,0.5278047781743087,,,0.034,,,True,FALLEN
100,200,15,1.0,0.00245,half_50ms,0.18,ideal,1,False,0,9.533303472717623,,0.158,0.034,16.0,0.0,True,FALLEN
100,350,15,1.0,0.00245,half_50ms,0.18,ideal,1,False,0,9.533303472717623,,0.158,0.034,16.0,0.0,True,FALLEN
100,500,15,1.0,0.00245,half_50ms,0.18,ideal,1,False,0,9.533303472717623,,0.158,0.034,16.0,0.0,True,FALLEN
150,20,5,1.0,0.00245,half_50ms,0.18,ideal,1,False,0,0.0,,,0.054,,,False,FALLEN
150,50,5,1.0,0.00245,half_50ms,0.18,ideal,1,False,0,0.0,,,0.054,,,False,FALLEN
150,100,5,1.0,0.00245,half_50ms,0.18,ideal,1,False,0,0.6744954559033989,,,0.054,,,True,FALLEN
150,200,5,1.0,0.00245,half_50ms,0.18,ideal,1,False,16.0,32.0,0.384,,0.054,,,True,FALLEN
150,350,5,1.0,0.00245,half_50ms,0.18,ideal,1,False,10.256594625997721,26.25659462599772,0.326,0.292,0.054,2.540459873896934,1.05492445468052,False,BALANCING
150,500,5,1.0,0.00245,half_50ms,0.18,ideal,1,False,10.256594625997721,26.25659462599772,0.326,0.292,0.054,2.540459873896934,1.05492445468052,False,BALANCING
150,20,10,1.0,0.00245,half_50ms,0.18,ideal,1,False,0,0.0,,,0.054,,,False,FALLEN
150,50,10,1.0,0.00245,half_50ms,0.18,ideal,1,False,0,0.0,,,0.054,,,False,FALLEN
150,100,10,1.0,0.00245,half_50ms,0.18,ideal,1,False,0,0.6744954559033989,,,0.054,,,True,FALLEN
150,200,10,1.0,0.00245,half_50ms,0.18,ideal,1,True,1.0537982365801821,17.05379823658018,1.214,0.252,0.054,0.9725220015030894,0.5126704683372137,False,BALANCING
150,350,10,1.0,0.00245,half_50ms,0.18,ideal,1,True,1.0537982365801821,17.05379823658018,1.214,0.252,0.054,0.9725220015030894,0.5126704683372137,False,BALANCING
150,500,10,1.0,0.00245,half_50ms,0.18,ideal,1,True,1.0537982365801821,17.05379823658018,1.214,0.252,0.054,0.9725220015030894,0.5126704683372137,False,BALANCING
150,20,15,1.0,0.00245,half_50ms,0.18,ideal,1,False,0,0.0,,,0.054,,,False,FALLEN
150,50,15,1.0,0.00245,half_50ms,0.18,ideal,1,False,0,0.0,,,0.054,,,False,FALLEN
150,100,15,1.0,0.00245,half_50ms,0.18,ideal,1,False,0,0.6744954559033989,,,0.054,,,True,FALLEN
150,200,15,1.0,0.00245,half_50ms,0.18,ideal,1,False,0,11.653104918742109,,0.178,0.054,16.0,0.0,True,FALLEN
150,350,15,1.0,0.00245,half_50ms,0.18,ideal,1,False,0,11.653104918742109,,0.178,0.054,16.0,0.0,True,FALLEN
150,500,15,1.0,0.00245,half_50ms,0.18,ideal,1,False,0,11.653104918742109,,0.178,0.054,16.0,0.0,True,FALLEN
200,20,5,1.0,0.00245,half_50ms,0.18,ideal,1,False,0,0.0,,,0.076,,,False,FALLEN
200,50,5,1.0,0.00245,half_50ms,0.18,ideal,1,False,0,0.0,,,0.076,,,False,FALLEN
200,100,5,1.0,0.00245,half_50ms,0.18,ideal,1,False,0,1.0395099787118998,,,0.076,,,True,FALLEN
200,200,5,1.0,0.00245,half_50ms,0.18,ideal,1,False,16.0,32.0,0.402,,0.076,,,True,FALLEN
200,350,5,1.0,0.00245,half_50ms,0.18,ideal,1,False,16.0,32.0,0.34800000000000003,0.312,0.076,16.0,0.0,True,FALLEN
200,500,5,1.0,0.00245,half_50ms,0.18,ideal,1,False,16.0,32.0,0.34800000000000003,0.312,0.076,16.0,0.0,True,FALLEN
200,20,10,1.0,0.00245,half_50ms,0.18,ideal,1,False,0,0.0,,,0.076,,,False,FALLEN
200,50,10,1.0,0.00245,half_50ms,0.18,ideal,1,False,0,0.0,,,0.076,,,False,FALLEN
200,100,10,1.0,0.00245,half_50ms,0.18,ideal,1,False,0,1.0395099787118998,,,0.076,,,True,FALLEN
200,200,10,1.0,0.00245,half_50ms,0.18,ideal,1,True,0.8701149818349438,16.870114981834945,1.366,0.274,0.076,0.8357828250110892,0.405363311835215,False,BALANCING
200,350,10,1.0,0.00245,half_50ms,0.18,ideal,1,True,0.8701149818349438,16.870114981834945,1.366,0.274,0.076,0.8357828250110892,0.405363311835215,False,BALANCING
200,500,10,1.0,0.00245,half_50ms,0.18,ideal,1,True,0.8701149818349438,16.870114981834945,1.366,0.274,0.076,0.8357828250110892,0.405363311835215,False,BALANCING
200,20,15,1.0,0.00245,half_50ms,0.18,ideal,1,False,0,0.0,,,0.076,,,False,FALLEN
200,50,15,1.0,0.00245,half_50ms,0.18,ideal,1,False,0,0.0,,,0.076,,,False,FALLEN
200,100,15,1.0,0.00245,half_50ms,0.18,ideal,1,False,0,1.0395099787118998,,,0.076,,,True,FALLEN
200,200,15,1.0,0.00245,half_50ms,0.18,ideal,1,False,0,12.095829163279527,,0.192,0.076,16.0,0.0,True,FALLEN
200,350,15,1.0,0.00245,half_50ms,0.18,ideal,1,False,0,12.095829163279527,,0.192,0.076,16.0,0.0,True,FALLEN
200,500,15,1.0,0.00245,half_50ms,0.18,ideal,1,False,0,12.095829163279527,,0.192,0.076,16.0,0.0,True,FALLEN
250,20,5,1.0,0.00245,half_50ms,0.18,ideal,1,False,0,0.0,,,0.10200000000000001,,,False,FALLEN
250,50,5,1.0,0.00245,half_50ms,0.18,ideal,1,False,0,0.0,,,0.10200000000000001,,,False,FALLEN
250,100,5,1.0,0.00245,half_50ms,0.18,ideal,1,False,0,1.1552564281513398,,,0.10200000000000001,,,True,FALLEN
250,200,5,1.0,0.00245,half_50ms,0.18,ideal,1,False,16.0,32.0,0.43,,0.10200000000000001,,,True,FALLEN
250,350,5,1.0,0.00245,half_50ms,0.18,ideal,1,False,16.0,32.0,0.374,0.34,0.10200000000000001,16.0,0.0,True,FALLEN
250,500,5,1.0,0.00245,half_50ms,0.18,ideal,1,False,16.0,32.0,0.374,0.34,0.10200000000000001,16.0,0.0,True,FALLEN
250,20,10,1.0,0.00245,half_50ms,0.18,ideal,1,False,0,0.0,,,0.10200000000000001,,,False,FALLEN
250,50,10,1.0,0.00245,half_50ms,0.18,ideal,1,False,0,0.0,,,0.10200000000000001,,,False,FALLEN
250,100,10,1.0,0.00245,half_50ms,0.18,ideal,1,False,0,1.1552564281513398,,,0.10200000000000001,,,True,FALLEN
250,200,10,1.0,0.00245,half_50ms,0.18,ideal,1,True,0.703920024682754,16.703920024682755,1.572,0.302,0.10200000000000001,0.6993869227334724,0.2928238181496593,False,BALANCING
250,350,10,1.0,0.00245,half_50ms,0.18,ideal,1,True,0.703920024682754,16.703920024682755,1.572,0.302,0.10200000000000001,0.6993869227334724,0.2928238181496593,False,BALANCING
250,500,10,1.0,0.00245,half_50ms,0.18,ideal,1,True,0.703920024682754,16.703920024682755,1.572,0.302,0.10200000000000001,0.6993869227334724,0.2928238181496593,False,BALANCING
250,20,15,1.0,0.00245,half_50ms,0.18,ideal,1,False,0,0.0,,,0.10200000000000001,,,False,FALLEN
250,50,15,1.0,0.00245,half_50ms,0.18,ideal,1,False,0,0.0,,,0.10200000000000001,,,False,FALLEN
250,100,15,1.0,0.00245,half_50ms,0.18,ideal,1,False,0,1.1552564281513398,,,0.10200000000000001,,,True,FALLEN
250,200,15,1.0,0.00245,half_50ms,0.18,ideal,1,False,0,10.723014740041938,,0.214,0.10200000000000001,16.0,0.0,True,FALLEN
250,350,15,1.0,0.00245,half_50ms,0.18,ideal,1,False,0,10.723014740041938,,0.214,0.10200000000000001,16.0,0.0,True,FALLEN
250,500,15,1.0,0.00245,half_50ms,0.18,ideal,1,False,0,10.723014740041938,,0.214,0.10200000000000001,16.0,0.0,True,FALLEN
300,20,5,1.0,0.00245,half_50ms,0.18,ideal,1,False,0,0.0,,,0.132,,,False,FALLEN
300,50,5,1.0,0.00245,half_50ms,0.18,ideal,1,False,0,0.0,,,0.132,,,False,FALLEN
300,100,5,1.0,0.00245,half_50ms,0.18,ideal,1,False,0,1.6001555940241516,,,0.132,,,True,FALLEN
300,200,5,1.0,0.00245,half_50ms,0.18,ideal,1,False,16.0,32.0,0.448,,0.132,,,True,FALLEN
300,350,5,1.0,0.00245,half_50ms,0.18,ideal,1,False,16.0,32.0,0.398,0.364,0.132,16.0,0.0,True,FALLEN
300,500,5,1.0,0.00245,half_50ms,0.18,ideal,1,False,16.0,32.0,0.398,0.364,0.132,16.0,0.0,True,FALLEN
300,20,10,1.0,0.00245,half_50ms,0.18,ideal,1,False,0,0.0,,,0.132,,,False,FALLEN
300,50,10,1.0,0.00245,half_50ms,0.18,ideal,1,False,0,0.0,,,0.132,,,False,FALLEN
300,100,10,1.0,0.00245,half_50ms,0.18,ideal,1,False,0,1.6001555940241516,,,0.132,,,True,FALLEN
300,200,10,1.0,0.00245,half_50ms,0.18,ideal,1,True,1.2151602459522133,17.215160245952212,1.688,0.322,0.132,1.214943666600955,0.4594490869271407,False,BALANCING
300,350,10,1.0,0.00245,half_50ms,0.18,ideal,1,True,1.2151602459522133,17.215160245952212,1.688,0.322,0.132,1.214943666600955,0.4594490869271407,False,BALANCING
300,500,10,1.0,0.00245,half_50ms,0.18,ideal,1,True,1.2151602459522133,17.215160245952212,1.688,0.322,0.132,1.214943666600955,0.4594490869271407,False,BALANCING
300,20,15,1.0,0.00245,half_50ms,0.18,ideal,1,False,0,0.0,,,0.132,,,False,FALLEN
300,50,15,1.0,0.00245,half_50ms,0.18,ideal,1,False,0,0.0,,,0.132,,,False,FALLEN
300,100,15,1.0,0.00245,half_50ms,0.18,ideal,1,False,0,1.6001555940241516,,,0.132,,,True,FALLEN
300,200,15,1.0,0.00245,half_50ms,0.18,ideal,1,False,0,11.085838376324393,,0.23800000000000002,0.132,16.0,0.0,True,FALLEN
300,350,15,1.0,0.00245,half_50ms,0.18,ideal,1,False,0,11.085838376324393,,0.23800000000000002,0.132,16.0,0.0,True,FALLEN
300,500,15,1.0,0.00245,half_50ms,0.18,ideal,1,False,0,11.085838376324393,,0.23800000000000002,0.132,16.0,0.0,True,FALLEN
350,20,5,1.0,0.00245,half_50ms,0.18,ideal,1,False,0,0.0,,,0.166,,,False,FALLEN
350,50,5,1.0,0.00245,half_50ms,0.18,ideal,1,False,0,0.0,,,0.166,,,False,FALLEN
350,100,5,1.0,0.00245,half_50ms,0.18,ideal,1,False,0,1.8365877535158557,,,0.166,,,True,FALLEN
350,200,5,1.0,0.00245,half_50ms,0.18,ideal,1,False,16.0,32.0,0.458,,0.166,,,True,FALLEN
350,350,5,1.0,0.00245,half_50ms,0.18,ideal,1,False,16.0,32.0,0.43,0.394,0.166,16.0,0.0,True,FALLEN
350,500,5,1.0,0.00245,half_50ms,0.18,ideal,1,False,16.0,32.0,0.43,0.394,0.166,16.0,0.0,True,FALLEN
350,20,10,1.0,0.00245,half_50ms,0.18,ideal,1,False,0,0.0,,,0.166,,,False,FALLEN
350,50,10,1.0,0.00245,half_50ms,0.18,ideal,1,False,0,0.0,,,0.166,,,False,FALLEN
350,100,10,1.0,0.00245,half_50ms,0.18,ideal,1,False,0,1.8365877535158557,,,0.166,,,True,FALLEN
350,200,10,1.0,0.00245,half_50ms,0.18,ideal,1,True,0.980773570123661,16.98077357012366,1.9020000000000001,0.34800000000000003,0.166,0.980773570123661,0.27080330651122364,False,BALANCING
350,350,10,1.0,0.00245,half_50ms,0.18,ideal,1,True,0.980773570123661,16.98077357012366,1.9020000000000001,0.34800000000000003,0.166,0.980773570123661,0.27080330651122364,False,BALANCING
350,500,10,1.0,0.00245,half_50ms,0.18,ideal,1,True,0.980773570123661,16.98077357012366,1.9020000000000001,0.34800000000000003,0.166,0.980773570123661,0.27080330651122364,False,BALANCING
350,20,15,1.0,0.00245,half_50ms,0.18,ideal,1,False,0,0.0,,,0.166,,,False,FALLEN
350,50,15,1.0,0.00245,half_50ms,0.18,ideal,1,False,0,0.0,,,0.166,,,False,FALLEN
350,100,15,1.0,0.00245,half_50ms,0.18,ideal,1,False,0,1.8365877535158557,,,0.166,,,True,FALLEN
350,200,15,1.0,0.00245,half_50ms,0.18,ideal,1,False,0,11.605639373004358,,0.272,0.166,16.0,0.0,True,FALLEN
350,350,15,1.0,0.00245,half_50ms,0.18,ideal,1,False,0,11.605639373004358,,0.272,0.166,16.0,0.0,True,FALLEN
350,500,15,1.0,0.00245,half_50ms,0.18,ideal,1,False,0,11.605639373004358,,0.272,0.166,16.0,0.0,True,FALLEN
400,20,5,1.0,0.00245,half_50ms,0.18,ideal,1,False,0,0.0,,,0.21,,,False,FALLEN
400,50,5,1.0,0.00245,half_50ms,0.18,ideal,1,False,0,0.0,,,0.21,,,False,FALLEN
400,100,5,1.0,0.00245,half_50ms,0.18,ideal,1,False,0,2.521232326884009,,,0.21,,,True,FALLEN
400,200,5,1.0,0.00245,half_50ms,0.18,ideal,1,False,16.0,32.0,0.47400000000000003,,0.21,,,True,FALLEN
400,350,5,1.0,0.00245,half_50ms,0.18,ideal,1,False,6.498118739090765,22.498118739090764,0.466,0.426,0.21,2.306318695004004,1.2316247280635904,False,BALANCING
400,500,5,1.0,0.00245,half_50ms,0.18,ideal,1,False,6.498118739090765,22.498118739090764,0.466,0.426,0.21,2.306318695004004,1.2316247280635904,False,BALANCING
400,20,10,1.0,0.00245,half_50ms,0.18,ideal,1,False,0,0.0,,,0.21,,,False,FALLEN
400,50,10,1.0,0.00245,half_50ms,0.18,ideal,1,False,0,0.0,,,0.21,,,False,FALLEN
400,100,10,1.0,0.00245,half_50ms,0.18,ideal,1,False,0,2.521232326884009,,,0.21,,,True,FALLEN
400,200,10,1.0,0.00245,half_50ms,0.18,ideal,1,True,0.5216440215531699,16.52164402155317,2.394,0.384,0.21,0.5216440215531699,0.49740754557090733,False,BALANCING
400,350,10,1.0,0.00245,half_50ms,0.18,ideal,1,True,0.5216440215531699,16.52164402155317,2.394,0.384,0.21,0.5216440215531699,0.49740754557090733,False,BALANCING
400,500,10,1.0,0.00245,half_50ms,0.18,ideal,1,True,0.5216440215531699,16.52164402155317,2.394,0.384,0.21,0.5216440215531699,0.49740754557090733,False,BALANCING
400,20,15,1.0,0.00245,half_50ms,0.18,ideal,1,False,0,0.0,,,0.21,,,False,FALLEN
400,50,15,1.0,0.00245,half_50ms,0.18,ideal,1,False,0,0.0,,,0.21,,,False,FALLEN
400,100,15,1.0,0.00245,half_50ms,0.18,ideal,1,False,0,11.867011429025393,,0.31,0.21,16.0,0.0,True,FALLEN
400,200,15,1.0,0.00245,half_50ms,0.18,ideal,1,False,0,11.867011429025393,,0.31,0.21,16.0,0.0,True,FALLEN
400,350,15,1.0,0.00245,half_50ms,0.18,ideal,1,False,0,11.867011429025393,,0.31,0.21,16.0,0.0,True,FALLEN
400,500,15,1.0,0.00245,half_50ms,0.18,ideal,1,False,0,11.867011429025393,,0.31,0.21,16.0,0.0,True,FALLEN
450,20,5,1.0,0.00245,half_50ms,0.18,ideal,1,False,0,0.0,,,0.268,,,False,FALLEN
450,50,5,1.0,0.00245,half_50ms,0.18,ideal,1,False,0,0.0,,,0.268,,,False,FALLEN
450,100,5,1.0,0.00245,half_50ms,0.18,ideal,1,False,0,3.464461060164883,,,0.268,,,True,FALLEN
450,200,5,1.0,0.00245,half_50ms,0.18,ideal,1,False,16.0,32.0,0.516,,0.268,,,True,FALLEN
450,350,5,1.0,0.00245,half_50ms,0.18,ideal,1,False,16.0,32.0,0.512,0.47600000000000003,0.268,16.0,0.0,True,FALLEN
450,500,5,1.0,0.00245,half_50ms,0.18,ideal,1,False,16.0,32.0,0.512,0.47600000000000003,0.268,16.0,0.0,True,FALLEN
450,20,10,1.0,0.00245,half_50ms,0.18,ideal,1,False,0,0.0,,,0.268,,,False,FALLEN
450,50,10,1.0,0.00245,half_50ms,0.18,ideal,1,False,0,0.0,,,0.268,,,False,FALLEN
450,100,10,1.0,0.00245,half_50ms,0.18,ideal,1,False,0,3.464461060164883,,,0.268,,,True,FALLEN
450,200,10,1.0,0.00245,half_50ms,0.18,ideal,1,True,0.25382064867427284,16.253820648674274,2.958,0.434,0.268,0.25382064867427284,0.7633500224635305,False,BALANCING
450,350,10,1.0,0.00245,half_50ms,0.18,ideal,1,True,0.25382064867427284,16.253820648674274,2.958,0.434,0.268,0.25382064867427284,0.7633500224635305,False,BALANCING
450,500,10,1.0,0.00245,half_50ms,0.18,ideal,1,True,0.25382064867427284,16.253820648674274,2.958,0.434,0.268,0.25382064867427284,0.7633500224635305,False,BALANCING
450,20,15,1.0,0.00245,half_50ms,0.18,ideal,1,False,0,0.0,,,0.268,,,False,FALLEN
450,50,15,1.0,0.00245,half_50ms,0.18,ideal,1,False,0,0.0,,,0.268,,,False,FALLEN
450,100,15,1.0,0.00245,half_50ms,0.18,ideal,1,False,0,14.923151150659713,,0.366,0.268,16.0,0.0,True,FALLEN
450,200,15,1.0,0.00245,half_50ms,0.18,ideal,1,False,0,14.923151150659713,,0.366,0.268,16.0,0.0,True,FALLEN
450,350,15,1.0,0.00245,half_50ms,0.18,ideal,1,False,0,14.923151150659713,,0.366,0.268,16.0,0.0,True,FALLEN
450,500,15,1.0,0.00245,half_50ms,0.18,ideal,1,False,0,14.923151150659713,,0.366,0.268,16.0,0.0,True,FALLEN
500,20,5,1.0,0.00245,half_50ms,0.18,ideal,1,False,0,0.0,,,0.352,,,False,FALLEN
500,50,5,1.0,0.00245,half_50ms,0.18,ideal,1,False,0,0.0,,,0.352,,,False,FALLEN
500,100,5,1.0,0.00245,half_50ms,0.18,ideal,1,False,0,4.086309889749527,,,0.352,,,True,FALLEN
500,200,5,1.0,0.00245,half_50ms,0.18,ideal,1,False,16.0,32.0,0.588,0.552,0.352,16.0,0.0,True,FALLEN
500,350,5,1.0,0.00245,half_50ms,0.18,ideal,1,False,16.0,32.0,0.588,0.552,0.352,16.0,0.0,True,FALLEN
500,500,5,1.0,0.00245,half_50ms,0.18,ideal,1,False,16.0,32.0,0.588,0.552,0.352,16.0,0.0,True,FALLEN
500,20,10,1.0,0.00245,half_50ms,0.18,ideal,1,False,0,0.0,,,0.352,,,False,FALLEN
500,50,10,1.0,0.00245,half_50ms,0.18,ideal,1,False,0,0.0,,,0.352,,,False,FALLEN
500,100,10,1.0,0.00245,half_50ms,0.18,ideal,1,False,0,4.086309889749527,,,0.352,,,True,FALLEN
500,200,10,1.0,0.00245,half_50ms,0.18,ideal,1,True,0,15.761256620711135,,0.514,0.352,0.6942763837320033,1.0860643385445152,False,BALANCING
500,350,10,1.0,0.00245,half_50ms,0.18,ideal,1,True,0,15.761256620711135,,0.514,0.352,0.6942763837320033,1.0860643385445152,False,BALANCING
500,500,10,1.0,0.00245,half_50ms,0.18,ideal,1,True,0,15.761256620711135,,0.514,0.352,0.6942763837320033,1.0860643385445152,False,BALANCING
500,20,15,1.0,0.00245,half_50ms,0.18,ideal,1,False,0,0.0,,,0.352,,,False,FALLEN
500,50,15,1.0,0.00245,half_50ms,0.18,ideal,1,False,0,0.0,,,0.352,,,False,FALLEN
500,100,15,1.0,0.00245,half_50ms,0.18,ideal,1,False,2.708433884409691,18.70843388440969,1.97,0.448,0.352,2.708433884409691,0.8015303073346506,False,BALANCING
500,200,15,1.0,0.00245,half_50ms,0.18,ideal,1,False,2.708433884409691,18.70843388440969,1.97,0.448,0.352,2.708433884409691,0.8015303073346506,False,BALANCING
500,350,15,1.0,0.00245,half_50ms,0.18,ideal,1,False,2.708433884409691,18.70843388440969,1.97,0.448,0.352,2.708433884409691,0.8015303073346506,False,BALANCING
500,500,15,1.0,0.00245,half_50ms,0.18,ideal,1,False,2.708433884409691,18.70843388440969,1.97,0.448,0.352,2.708433884409691,0.8015303073346506,False,BALANCING
550,20,5,1.0,0.00245,half_50ms,0.18,ideal,1,False,0,0.0,,,0.52,,,False,FALLEN
550,50,5,1.0,0.00245,half_50ms,0.18,ideal,1,False,0,0.0,,,0.52,,,False,FALLEN
550,100,5,1.0,0.00245,half_50ms,0.18,ideal,1,False,0,6.0682078792973435,,,0.52,,,True,FALLEN
550,200,5,1.0,0.00245,half_50ms,0.18,ideal,1,False,16.0,32.0,0.746,0.714,0.52,16.0,0.0,True,FALLEN
550,350,5,1.0,0.00245,half_50ms,0.18,ideal,1,False,16.0,32.0,0.746,0.714,0.52,16.0,0.0,True,FALLEN
550,500,5,1.0,0.00245,half_50ms,0.18,ideal,1,False,16.0,32.0,0.746,0.714,0.52,16.0,0.0,True,FALLEN
550,20,10,1.0,0.00245,half_50ms,0.18,ideal,1,False,0,0.0,,,0.52,,,False,FALLEN
550,50,10,1.0,0.00245,half_50ms,0.18,ideal,1,False,0,0.0,,,0.52,,,False,FALLEN
550,100,10,1.0,0.00245,half_50ms,0.18,ideal,1,False,0,6.0682078792973435,,,0.52,,,True,FALLEN
550,200,10,1.0,0.00245,half_50ms,0.18,ideal,1,True,0,15.383817051236242,,0.676,0.52,0.9778263203029921,1.3321775307797943,False,BALANCING
550,350,10,1.0,0.00245,half_50ms,0.18,ideal,1,True,0,15.383817051236242,,0.676,0.52,0.9778263203029921,1.3321775307797943,False,BALANCING
550,500,10,1.0,0.00245,half_50ms,0.18,ideal,1,True,0,15.383817051236242,,0.676,0.52,0.9778263203029921,1.3321775307797943,False,BALANCING
550,20,15,1.0,0.00245,half_50ms,0.18,ideal,1,False,0,0.0,,,0.52,,,False,FALLEN
550,50,15,1.0,0.00245,half_50ms,0.18,ideal,1,False,0,0.0,,,0.52,,,False,FALLEN
550,100,15,1.0,0.00245,half_50ms,0.18,ideal,1,False,2.460073550750257,18.460073550750256,2.212,0.614,0.52,2.460073550750257,0.6338473086584634,False,BALANCING
550,200,15,1.0,0.00245,half_50ms,0.18,ideal,1,False,2.460073550750257,18.460073550750256,2.212,0.614,0.52,2.460073550750257,0.6338473086584634,False,BALANCING
550,350,15,1.0,0.00245,half_50ms,0.18,ideal,1,False,2.460073550750257,18.460073550750256,2.212,0.614,0.52,2.460073550750257,0.6338473086584634,False,BALANCING
550,500,15,1.0,0.00245,half_50ms,0.18,ideal,1,False,2.460073550750257,18.460073550750256,2.212,0.614,0.52,2.460073550750257,0.6338473086584634,False,BALANCING
580,20,5,1.0,0.00245,half_50ms,0.18,ideal,1,False,0,0.0,,,0.982,,,False,FALLEN
580,50,5,1.0,0.00245,half_50ms,0.18,ideal,1,False,0,0.0,,,0.982,,,False,FALLEN
580,100,5,1.0,0.00245,half_50ms,0.18,ideal,1,False,0,6.844157379807454,,,0.982,,,True,FALLEN
580,200,5,1.0,0.00245,half_50ms,0.18,ideal,1,False,16.0,32.0,1.204,1.174,0.982,16.0,0.0,True,FALLEN
580,350,5,1.0,0.00245,half_50ms,0.18,ideal,1,False,16.0,32.0,1.204,1.174,0.982,16.0,0.0,True,FALLEN
580,500,5,1.0,0.00245,half_50ms,0.18,ideal,1,False,16.0,32.0,1.204,1.174,0.982,16.0,0.0,True,FALLEN
580,20,10,1.0,0.00245,half_50ms,0.18,ideal,1,False,0,0.0,,,0.982,,,False,FALLEN
580,50,10,1.0,0.00245,half_50ms,0.18,ideal,1,False,0,0.0,,,0.982,,,False,FALLEN
580,100,10,1.0,0.00245,half_50ms,0.18,ideal,1,False,0,6.844157379807454,,,0.982,,,True,FALLEN
580,200,10,1.0,0.00245,half_50ms,0.18,ideal,1,True,0.5399916429592905,16.53999164295929,1.25,1.1360000000000001,0.982,1.384544707831824,1.395012655152409,False,BALANCING
580,350,10,1.0,0.00245,half_50ms,0.18,ideal,1,True,0.5399916429592905,16.53999164295929,1.25,1.1360000000000001,0.982,1.384544707831824,1.395012655152409,False,BALANCING
580,500,10,1.0,0.00245,half_50ms,0.18,ideal,1,True,0.5399916429592905,16.53999164295929,1.25,1.1360000000000001,0.982,1.384544707831824,1.395012655152409,False,BALANCING
580,20,15,1.0,0.00245,half_50ms,0.18,ideal,1,False,0,0.0,,,0.982,,,False,FALLEN
580,50,15,1.0,0.00245,half_50ms,0.18,ideal,1,False,0,0.0,,,0.982,,,False,FALLEN
580,100,15,1.0,0.00245,half_50ms,0.18,ideal,1,False,2.2949107490019762,18.294910749001975,2.728,1.076,0.982,2.2949107490019762,0.7541402464157523,False,BALANCING
580,200,15,1.0,0.00245,half_50ms,0.18,ideal,1,False,2.2949107490019762,18.294910749001975,2.728,1.076,0.982,2.2949107490019762,0.7541402464157523,False,BALANCING
580,350,15,1.0,0.00245,half_50ms,0.18,ideal,1,False,2.2949107490019762,18.294910749001975,2.728,1.076,0.982,2.2949107490019762,0.7541402464157523,False,BALANCING
580,500,15,1.0,0.00245,half_50ms,0.18,ideal,1,False,2.2949107490019762,18.294910749001975,2.728,1.076,0.982,2.2949107490019762,0.7541402464157523,False,BALANCING
100,20,5,1.25,0.0030625,nominal,0.18,ideal,1,False,0,1.6820917039703147,,,0.034,,,True,FALLEN
100,50,5,1.25,0.0030625,nominal,0.18,ideal,1,False,0,10.011249181516146,,,0.034,,,True,FALLEN
100,100,5,1.25,0.0030625,nominal,0.18,ideal,1,False,16.0,32.0,0.17200000000000001,,0.034,,,True,FALLEN
100,200,5,1.25,0.0030625,nominal,0.18,ideal,1,True,0.8692382371549527,16.869238237154953,0.18,0.14200000000000002,0.034,0.1967527957173749,0.0701737526435164,False,BALANCING
100,350,5,1.25,0.0030625,nominal,0.18,ideal,1,True,0.8692382371549527,16.869238237154953,0.18,0.14200000000000002,0.034,0.1967527957173749,0.0701737526435164,False,BALANCING
100,500,5,1.25,0.0030625,nominal,0.18,ideal,1,True,0.8692382371549527,16.869238237154953,0.18,0.14200000000000002,0.034,0.1967527957173749,0.0701737526435164,False,BALANCING
100,20,10,1.25,0.0030625,nominal,0.18,ideal,1,False,0,1.6820917039703147,,,0.034,,,True,FALLEN
100,50,10,1.25,0.0030625,nominal,0.18,ideal,1,False,0,10.011249181516146,,,0.034,,,True,FALLEN
100,100,10,1.25,0.0030625,nominal,0.18,ideal,1,True,1.0516933562667257,17.051693356266725,1.336,0.114,0.034,1.0462448657293781,0.33453827386143187,False,BALANCING
100,200,10,1.25,0.0030625,nominal,0.18,ideal,1,True,1.0516933562667257,17.051693356266725,1.336,0.114,0.034,1.0462448657293781,0.33453827386143187,False,BALANCING
100,350,10,1.25,0.0030625,nominal,0.18,ideal,1,True,1.0516933562667257,17.051693356266725,1.336,0.114,0.034,1.0462448657293781,0.33453827386143187,False,BALANCING
100,500,10,1.25,0.0030625,nominal,0.18,ideal,1,True,1.0516933562667257,17.051693356266725,1.336,0.114,0.034,1.0462448657293781,0.33453827386143187,False,BALANCING
100,20,15,1.25,0.0030625,nominal,0.18,ideal,1,False,0,1.6820917039703147,,,0.034,,,True,FALLEN
100,50,15,1.25,0.0030625,nominal,0.18,ideal,1,False,2.2190764457883914,18.219076445788392,1.308,0.066,0.034,2.2108548128536665,0.6949630185019063,False,BALANCING
100,100,15,1.25,0.0030625,nominal,0.18,ideal,1,False,2.2190764457883914,18.219076445788392,1.308,0.066,0.034,2.2108548128536665,0.6949630185019063,False,BALANCING
100,200,15,1.25,0.0030625,nominal,0.18,ideal,1,False,2.2190764457883914,18.219076445788392,1.308,0.066,0.034,2.2108548128536665,0.6949630185019063,False,BALANCING
100,350,15,1.25,0.0030625,nominal,0.18,ideal,1,False,2.2190764457883914,18.219076445788392,1.308,0.066,0.034,2.2108548128536665,0.6949630185019063,False,BALANCING
100,500,15,1.25,0.0030625,nominal,0.18,ideal,1,False,2.2190764457883914,18.219076445788392,1.308,0.066,0.034,2.2108548128536665,0.6949630185019063,False,BALANCING
150,20,5,1.25,0.0030625,nominal,0.18,ideal,1,False,0,2.1549101232302963,,,0.054,,,True,FALLEN
150,50,5,1.25,0.0030625,nominal,0.18,ideal,1,False,16.0,32.0,0.338,,0.054,,,True,FALLEN
150,100,5,1.25,0.0030625,nominal,0.18,ideal,1,False,16.0,32.0,0.182,,0.054,,,True,FALLEN
150,200,5,1.25,0.0030625,nominal,0.18,ideal,1,True,1.913758041624347,17.913758041624348,0.188,0.156,0.054,0.5990013833613549,0.24116761214538418,False,BALANCING
150,350,5,1.25,0.0030625,nominal,0.18,ideal,1,True,1.913758041624347,17.913758041624348,0.188,0.156,0.054,0.5990013833613549,0.24116761214538418,False,BALANCING
150,500,5,1.25,0.0030625,nominal,0.18,ideal,1,True,1.913758041624347,17.913758041624348,0.188,0.156,0.054,0.5990013833613549,0.24116761214538418,False,BALANCING
150,20,10,1.25,0.0030625,nominal,0.18,ideal,1,False,0,2.1549101232302963,,,0.054,,,True,FALLEN
150,50,10,1.25,0.0030625,nominal,0.18,ideal,1,False,16.0,32.0,0.338,,0.054,,,True,FALLEN
150,100,10,1.25,0.0030625,nominal,0.18,ideal,1,True,0.8274572880956063,16.827457288095605,1.506,0.128,0.054,0.8274572880956063,0.22310105721456988,False,BALANCING
150,200,10,1.25,0.0030625,nominal,0.18,ideal,1,True,0.8274572880956063,16.827457288095605,1.506,0.128,0.054,0.8274572880956063,0.22310105721456988,False,BALANCING
150,350,10,1.25,0.0030625,nominal,0.18,ideal,1,True,0.8274572880956063,16.827457288095605,1.506,0.128,0.054,0.8274572880956063,0.22310105721456988,False,BALANCING
150,500,10,1.25,0.0030625,nominal,0.18,ideal,1,True,0.8274572880956063,16.827457288095605,1.506,0.128,0.054,0.8274572880956063,0.22310105721456988,False,BALANCING
150,20,15,1.25,0.0030625,nominal,0.18,ideal,1,False,0,2.1549101232302963,,,0.054,,,True,FALLEN
150,50,15,1.25,0.0030625,nominal,0.18,ideal,1,True,1.9950999658131143,17.995099965813115,1.3900000000000001,0.08600000000000001,0.054,1.9942133040964822,0.5874907318547105,False,BALANCING
150,100,15,1.25,0.0030625,nominal,0.18,ideal,1,True,1.9950999658131143,17.995099965813115,1.3900000000000001,0.08600000000000001,0.054,1.9942133040964822,0.5874907318547105,False,BALANCING
150,200,15,1.25,0.0030625,nominal,0.18,ideal,1,True,1.9950999658131143,17.995099965813115,1.3900000000000001,0.08600000000000001,0.054,1.9942133040964822,0.5874907318547105,False,BALANCING
150,350,15,1.25,0.0030625,nominal,0.18,ideal,1,True,1.9950999658131143,17.995099965813115,1.3900000000000001,0.08600000000000001,0.054,1.9942133040964822,0.5874907318547105,False,BALANCING
150,500,15,1.25,0.0030625,nominal,0.18,ideal,1,True,1.9950999658131143,17.995099965813115,1.3900000000000001,0.08600000000000001,0.054,1.9942133040964822,0.5874907318547105,False,BALANCING
200,20,5,1.25,0.0030625,nominal,0.18,ideal,1,False,0,2.2409379409807766,,,0.076,,,True,FALLEN
200,50,5,1.25,0.0030625,nominal,0.18,ideal,1,False,16.0,32.0,0.274,,0.076,,,True,FALLEN
200,100,5,1.25,0.0030625,nominal,0.18,ideal,1,True,3.563162680057782,19.563162680057783,0.202,0.17400000000000002,0.076,1.1129595016607572,0.4467309282932657,False,BALANCING
200,200,5,1.25,0.0030625,nominal,0.18,ideal,1,True,3.563162680057782,19.563162680057783,0.202,0.17400000000000002,0.076,1.1129595016607572,0.4467309282932657,False,BALANCING
200,350,5,1.25,0.0030625,nominal,0.18,ideal,1,True,3.563162680057782,19.563162680057783,0.202,0.17400000000000002,0.076,1.1129595016607572,0.4467309282932657,False,BALANCING
200,500,5,1.25,0.0030625,nominal,0.18,ideal,1,True,3.563162680057782,19.563162680057783,0.202,0.17400000000000002,0.076,1.1129595016607572,0.4467309282932657,False,BALANCING
200,20,10,1.25,0.0030625,nominal,0.18,ideal,1,False,0,2.2409379409807766,,,0.076,,,True,FALLEN
200,50,10,1.25,0.0030625,nominal,0.18,ideal,1,False,16.0,32.0,0.274,,0.076,,,True,FALLEN
200,100,10,1.25,0.0030625,nominal,0.18,ideal,1,True,0.4860129540321231,16.486012954032123,1.798,0.148,0.076,0.4860129540321231,0.1594888843549253,False,BALANCING
200,200,10,1.25,0.0030625,nominal,0.18,ideal,1,True,0.4860129540321231,16.486012954032123,1.798,0.148,0.076,0.4860129540321231,0.1594888843549253,False,BALANCING
200,350,10,1.25,0.0030625,nominal,0.18,ideal,1,True,0.4860129540321231,16.486012954032123,1.798,0.148,0.076,0.4860129540321231,0.1594888843549253,False,BALANCING
200,500,10,1.25,0.0030625,nominal,0.18,ideal,1,True,0.4860129540321231,16.486012954032123,1.798,0.148,0.076,0.4860129540321231,0.1594888843549253,False,BALANCING
200,20,15,1.25,0.0030625,nominal,0.18,ideal,1,False,0,2.2409379409807766,,,0.076,,,True,FALLEN
200,50,15,1.25,0.0030625,nominal,0.18,ideal,1,True,1.8129461850721618,17.81294618507216,1.48,0.106,0.076,1.8129461850721618,0.4908273267396737,False,BALANCING
200,100,15,1.25,0.0030625,nominal,0.18,ideal,1,True,1.8129461850721618,17.81294618507216,1.48,0.106,0.076,1.8129461850721618,0.4908273267396737,False,BALANCING
200,200,15,1.25,0.0030625,nominal,0.18,ideal,1,True,1.8129461850721618,17.81294618507216,1.48,0.106,0.076,1.8129461850721618,0.4908273267396737,False,BALANCING
200,350,15,1.25,0.0030625,nominal,0.18,ideal,1,True,1.8129461850721618,17.81294618507216,1.48,0.106,0.076,1.8129461850721618,0.4908273267396737,False,BALANCING
200,500,15,1.25,0.0030625,nominal,0.18,ideal,1,True,1.8129461850721618,17.81294618507216,1.48,0.106,0.076,1.8129461850721618,0.4908273267396737,False,BALANCING
250,20,5,1.25,0.0030625,nominal,0.18,ideal,1,False,0,3.5927832190798537,,,0.10200000000000001,,,True,FALLEN
250,50,5,1.25,0.0030625,nominal,0.18,ideal,1,False,16.0,32.0,0.262,,0.10200000000000001,,,True,FALLEN
250,100,5,1.25,0.0030625,nominal,0.18,ideal,1,True,5.5124512978806965,21.512451297880695,0.22,0.196,0.10200000000000001,1.7018995841142335,0.6760968213200395,False,BALANCING
250,200,5,1.25,0.0030625,nominal,0.18,ideal,1,True,5.5124512978806965,21.512451297880695,0.22,0.196,0.10200000000000001,1.7018995841142335,0.6760968213200395,False,BALANCING
250,350,5,1.25,0.0030625,nominal,0.18,ideal,1,True,5.5124512978806965,21.512451297880695,0.22,0.196,0.10200000000000001,1.7018995841142335,0.6760968213200395,False,BALANCING
250,500,5,1.25,0.0030625,nominal,0.18,ideal,1,True,5.5124512978806965,21.512451297880695,0.22,0.196,0.10200000000000001,1.7018995841142335,0.6760968213200395,False,BALANCING
250,20,10,1.25,0.0030625,nominal,0.18,ideal,1,False,0,3.5927832190798537,,,0.10200000000000001,,,True,FALLEN
250,50,10,1.25,0.0030625,nominal,0.18,ideal,1,False,16.0,32.0,0.262,,0.10200000000000001,,,True,FALLEN
250,100,10,1.25,0.0030625,nominal,0.18,ideal,1,True,0.2569399932290092,16.256939993229008,2.262,0.17,0.10200000000000001,0.2569399932290092,0.28723648013581965,False,BALANCING
250,200,10,1.25,0.0030625,nominal,0.18,ideal,1,True,0.2569399932290092,16.256939993229008,2.262,0.17,0.10200000000000001,0.2569399932290092,0.28723648013581965,False,BALANCING
250,350,10,1.25,0.0030625,nominal,0.18,ideal,1,True,0.2569399932290092,16.256939993229008,2.262,0.17,0.10200000000000001,0.2569399932290092,0.28723648013581965,False,BALANCING
250,500,10,1.25,0.0030625,nominal,0.18,ideal,1,True,0.2569399932290092,16.256939993229008,2.262,0.17,0.10200000000000001,0.2569399932290092,0.28723648013581965,False,BALANCING
250,20,15,1.25,0.0030625,nominal,0.18,ideal,1,False,0,3.5927832190798537,,,0.10200000000000001,,,True,FALLEN
250,50,15,1.25,0.0030625,nominal,0.18,ideal,1,True,1.6352226916347479,17.63522269163475,1.582,0.13,0.10200000000000001,1.6352226916347479,0.39165960217787305,False,BALANCING
250,100,15,1.25,0.0030625,nominal,0.18,ideal,1,True,1.6352226916347479,17.63522269163475,1.582,0.13,0.10200000000000001,1.6352226916347479,0.39165960217787305,False,BALANCING
250,200,15,1.25,0.0030625,nominal,0.18,ideal,1,True,1.6352226916347479,17.63522269163475,1.582,0.13,0.10200000000000001,1.6352226916347479,0.39165960217787305,False,BALANCING
250,350,15,1.25,0.0030625,nominal,0.18,ideal,1,True,1.6352226916347479,17.63522269163475,1.582,0.13,0.10200000000000001,1.6352226916347479,0.39165960217787305,False,BALANCING
250,500,15,1.25,0.0030625,nominal,0.18,ideal,1,True,1.6352226916347479,17.63522269163475,1.582,0.13,0.10200000000000001,1.6352226916347479,0.39165960217787305,False,BALANCING
300,20,5,1.25,0.0030625,nominal,0.18,ideal,1,False,0,4.801534483354766,,,0.132,,,True,FALLEN
300,50,5,1.25,0.0030625,nominal,0.18,ideal,1,False,16.0,32.0,0.276,,0.132,,,True,FALLEN
300,100,5,1.25,0.0030625,nominal,0.18,ideal,1,False,7.780945238505386,23.780945238505385,0.244,0.222,0.132,2.381094934535247,0.9305758420424493,False,BALANCING
300,200,5,1.25,0.0030625,nominal,0.18,ideal,1,False,7.780945238505386,23.780945238505385,0.244,0.222,0.132,2.381094934535247,0.9305758420424493,False,BALANCING
300,350,5,1.25,0.0030625,nominal,0.18,ideal,1,False,7.780945238505386,23.780945238505385,0.244,0.222,0.132,2.381094934535247,0.9305758420424493,False,BALANCING
300,500,5,1.25,0.0030625,nominal,0.18,ideal,1,False,7.780945238505386,23.780945238505385,0.244,0.222,0.132,2.381094934535247,0.9305758420424493,False,BALANCING
300,20,10,1.25,0.0030625,nominal,0.18,ideal,1,False,0,4.801534483354766,,,0.132,,,True,FALLEN
300,50,10,1.25,0.0030625,nominal,0.18,ideal,1,False,16.0,32.0,0.276,,0.132,,,True,FALLEN
300,100,10,1.25,0.0030625,nominal,0.18,ideal,1,True,0,15.926833456396052,,0.198,0.132,0.24667730252685113,0.4520842961964491,False,BALANCING
300,200,10,1.25,0.0030625,nominal,0.18,ideal,1,True,0,15.926833456396052,,0.198,0.132,0.24667730252685113,0.4520842961964491,False,BALANCING
300,350,10,1.25,0.0030625,nominal,0.18,ideal,1,True,0,15.926833456396052,,0.198,0.132,0.24667730252685113,0.4520842961964491,False,BALANCING
300,500,10,1.25,0.0030625,nominal,0.18,ideal,1,True,0,15.926833456396052,,0.198,0.132,0.24667730252685113,0.4520842961964491,False,BALANCING
300,20,15,1.25,0.0030625,nominal,0.18,ideal,1,False,0,4.801534483354766,,,0.132,,,True,FALLEN
300,50,15,1.25,0.0030625,nominal,0.18,ideal,1,True,1.4283619561256142,17.428361956125613,1.702,0.16,0.132,1.4283619561256142,0.2842609338544341,False,BALANCING
300,100,15,1.25,0.0030625,nominal,0.18,ideal,1,True,1.4283619561256142,17.428361956125613,1.702,0.16,0.132,1.4283619561256142,0.2842609338544341,False,BALANCING
300,200,15,1.25,0.0030625,nominal,0.18,ideal,1,True,1.4283619561256142,17.428361956125613,1.702,0.16,0.132,1.4283619561256142,0.2842609338544341,False,BALANCING
300,350,15,1.25,0.0030625,nominal,0.18,ideal,1,True,1.4283619561256142,17.428361956125613,1.702,0.16,0.132,1.4283619561256142,0.2842609338544341,False,BALANCING
300,500,15,1.25,0.0030625,nominal,0.18,ideal,1,True,1.4283619561256142,17.428361956125613,1.702,0.16,0.132,1.4283619561256142,0.2842609338544341,False,BALANCING
350,20,5,1.25,0.0030625,nominal,0.18,ideal,1,False,0,6.75857521527392,,,0.166,,,True,FALLEN
350,50,5,1.25,0.0030625,nominal,0.18,ideal,1,False,16.0,32.0,0.3,,0.166,,,True,FALLEN
350,100,5,1.25,0.0030625,nominal,0.18,ideal,1,False,16.0,32.0,0.274,0.252,0.166,16.0,0.0,True,FALLEN
350,200,5,1.25,0.0030625,nominal,0.18,ideal,1,False,16.0,32.0,0.274,0.252,0.166,16.0,0.0,True,FALLEN
350,350,5,1.25,0.0030625,nominal,0.18,ideal,1,False,16.0,32.0,0.274,0.252,0.166,16.0,0.0,True,FALLEN
350,500,5,1.25,0.0030625,nominal,0.18,ideal,1,False,16.0,32.0,0.274,0.252,0.166,16.0,0.0,True,FALLEN
350,20,10,1.25,0.0030625,nominal,0.18,ideal,1,False,0,6.75857521527392,,,0.166,,,True,FALLEN
350,50,10,1.25,0.0030625,nominal,0.18,ideal,1,False,16.0,32.0,0.3,,0.166,,,True,FALLEN
350,100,10,1.25,0.0030625,nominal,0.18,ideal,1,True,0,15.592478701855834,,0.23,0.166,0.64697979011691,0.5505299775075352,False,BALANCING
350,200,10,1.25,0.0030625,nominal,0.18,ideal,1,True,0,15.592478701855834,,0.23,0.166,0.64697979011691,0.5505299775075352,False,BALANCING
350,350,10,1.25,0.0030625,nominal,0.18,ideal,1,True,0,15.592478701855834,,0.23,0.166,0.64697979011691,0.5505299775075352,False,BALANCING
350,500,10,1.25,0.0030625,nominal,0.18,ideal,1,True,0,15.592478701855834,,0.23,0.166,0.64697979011691,0.5505299775075352,False,BALANCING
350,20,15,1.25,0.0030625,nominal,0.18,ideal,1,False,0,6.75857521527392,,,0.166,,,True,FALLEN
350,50,15,1.25,0.0030625,nominal,0.18,ideal,1,True,1.2838982905289902,17.28389829052899,1.822,0.192,0.166,1.2838982905289902,0.3904181249910074,False,BALANCING
350,100,15,1.25,0.0030625,nominal,0.18,ideal,1,True,1.2838982905289902,17.28389829052899,1.822,0.192,0.166,1.2838982905289902,0.3904181249910074,False,BALANCING
350,200,15,1.25,0.0030625,nominal,0.18,ideal,1,True,1.2838982905289902,17.28389829052899,1.822,0.192,0.166,1.2838982905289902,0.3904181249910074,False,BALANCING
350,350,15,1.25,0.0030625,nominal,0.18,ideal,1,True,1.2838982905289902,17.28389829052899,1.822,0.192,0.166,1.2838982905289902,0.3904181249910074,False,BALANCING
350,500,15,1.25,0.0030625,nominal,0.18,ideal,1,True,1.2838982905289902,17.28389829052899,1.822,0.192,0.166,1.2838982905289902,0.3904181249910074,False,BALANCING
400,20,5,1.25,0.0030625,nominal,0.18,ideal,1,False,0,8.178460277703259,,,0.21,,,True,FALLEN
400,50,5,1.25,0.0030625,nominal,0.18,ideal,1,False,16.0,32.0,0.338,,0.21,,,True,FALLEN
400,100,5,1.25,0.0030625,nominal,0.18,ideal,1,False,16.0,32.0,0.314,0.294,0.21,16.0,0.0,True,FALLEN
400,200,5,1.25,0.0030625,nominal,0.18,ideal,1,False,16.0,32.0,0.314,0.294,0.21,16.0,0.0,True,FALLEN
400,350,5,1.25,0.0030625,nominal,0.18,ideal,1,False,16.0,32.0,0.314,0.294,0.21,16.0,0.0,True,FALLEN
400,500,5,1.25,0.0030625,nominal,0.18,ideal,1,False,16.0,32.0,0.314,0.294,0.21,16.0,0.0,True,FALLEN
400,20,10,1.25,0.0030625,nominal,0.18,ideal,1,False,0,8.178460277703259,,,0.21,,,True,FALLEN
400,50,10,1.25,0.0030625,nominal,0.18,ideal,1,False,16.0,32.0,0.338,,0.21,,,True,FALLEN
400,100,10,1.25,0.0030625,nominal,0.18,ideal,1,True,0,15.61915225931796,,0.272,0.21,1.1489901529733495,0.6896436824173356,False,BALANCING
400,200,10,1.25,0.0030625,nominal,0.18,ideal,1,True,0,15.61915225931796,,0.272,0.21,1.1489901529733495,0.6896436824173356,False,BALANCING
400,350,10,1.25,0.0030625,nominal,0.18,ideal,1,True,0,15.61915225931796,,0.272,0.21,1.1489901529733495,0.6896436824173356,False,BALANCING
400,500,10,1.25,0.0030625,nominal,0.18,ideal,1,True,0,15.61915225931796,,0.272,0.21,1.1489901529733495,0.6896436824173356,False,BALANCING
400,20,15,1.25,0.0030625,nominal,0.18,ideal,1,False,0,8.178460277703259,,,0.21,,,True,FALLEN
400,50,15,1.25,0.0030625,nominal,0.18,ideal,1,True,1.0893783364568037,17.089378336456804,1.984,0.23600000000000002,0.21,1.0893783364568037,0.5043630535645847,False,BALANCING
400,100,15,1.25,0.0030625,nominal,0.18,ideal,1,True,1.0893783364568037,17.089378336456804,1.984,0.23600000000000002,0.21,1.0893783364568037,0.5043630535645847,False,BALANCING
400,200,15,1.25,0.0030625,nominal,0.18,ideal,1,True,1.0893783364568037,17.089378336456804,1.984,0.23600000000000002,0.21,1.0893783364568037,0.5043630535645847,False,BALANCING
400,350,15,1.25,0.0030625,nominal,0.18,ideal,1,True,1.0893783364568037,17.089378336456804,1.984,0.23600000000000002,0.21,1.0893783364568037,0.5043630535645847,False,BALANCING
400,500,15,1.25,0.0030625,nominal,0.18,ideal,1,True,1.0893783364568037,17.089378336456804,1.984,0.23600000000000002,0.21,1.0893783364568037,0.5043630535645847,False,BALANCING
450,20,5,1.25,0.0030625,nominal,0.18,ideal,1,False,16.0,32.0,0.604,,0.268,,,True,FALLEN
450,50,5,1.25,0.0030625,nominal,0.18,ideal,1,False,16.0,32.0,0.384,,0.268,,,True,FALLEN
450,100,5,1.25,0.0030625,nominal,0.18,ideal,1,False,16.0,32.0,0.37,0.34800000000000003,0.268,16.0,0.0,True,FALLEN
450,200,5,1.25,0.0030625,nominal,0.18,ideal,1,False,16.0,32.0,0.37,0.34800000000000003,0.268,16.0,0.0,True,FALLEN
450,350,5,1.25,0.0030625,nominal,0.18,ideal,1,False,16.0,32.0,0.37,0.34800000000000003,0.268,16.0,0.0,True,FALLEN
450,500,5,1.25,0.0030625,nominal,0.18,ideal,1,False,16.0,32.0,0.37,0.34800000000000003,0.268,16.0,0.0,True,FALLEN
450,20,10,1.25,0.0030625,nominal,0.18,ideal,1,False,16.0,32.0,0.604,,0.268,,,True,FALLEN
450,50,10,1.25,0.0030625,nominal,0.18,ideal,1,False,16.0,32.0,0.384,,0.268,,,True,FALLEN
450,100,10,1.25,0.0030625,nominal,0.18,ideal,1,True,1.7900338516783696,17.79003385167837,0.404,0.328,0.268,1.777621556676448,0.8619635121596567,False,BALANCING
450,200,10,1.25,0.0030625,nominal,0.18,ideal,1,True,1.7900338516783696,17.79003385167837,0.404,0.328,0.268,1.777621556676448,0.8619635121596567,False,BALANCING
450,350,10,1.25,0.0030625,nominal,0.18,ideal,1,True,1.7900338516783696,17.79003385167837,0.404,0.328,0.268,1.777621556676448,0.8619635121596567,False,BALANCING
450,500,10,1.25,0.0030625,nominal,0.18,ideal,1,True,1.7900338516783696,17.79003385167837,0.404,0.328,0.268,1.777621556676448,0.8619635121596567,False,BALANCING
450,20,15,1.25,0.0030625,nominal,0.18,ideal,1,False,16.0,32.0,0.604,,0.268,,,True,FALLEN
450,50,15,1.25,0.0030625,nominal,0.18,ideal,1,True,0.8954314240908758,16.895431424090877,2.184,0.294,0.268,0.8954314240908758,0.61933612175592,False,BALANCING
450,100,15,1.25,0.0030625,nominal,0.18,ideal,1,True,0.8954314240908758,16.895431424090877,2.184,0.294,0.268,0.8954314240908758,0.61933612175592,False,BALANCING
450,200,15,1.25,0.0030625,nominal,0.18,ideal,1,True,0.8954314240908758,16.895431424090877,2.184,0.294,0.268,0.8954314240908758,0.61933612175592,False,BALANCING
450,350,15,1.25,0.0030625,nominal,0.18,ideal,1,True,0.8954314240908758,16.895431424090877,2.184,0.294,0.268,0.8954314240908758,0.61933612175592,False,BALANCING
450,500,15,1.25,0.0030625,nominal,0.18,ideal,1,True,0.8954314240908758,16.895431424090877,2.184,0.294,0.268,0.8954314240908758,0.61933612175592,False,BALANCING
500,20,5,1.25,0.0030625,nominal,0.18,ideal,1,False,16.0,32.0,0.61,,0.352,,,True,FALLEN
500,50,5,1.25,0.0030625,nominal,0.18,ideal,1,False,16.0,32.0,0.466,,0.352,,,True,FALLEN
500,100,5,1.25,0.0030625,nominal,0.18,ideal,1,False,16.0,32.0,0.45,0.43,0.352,16.0,0.0,True,FALLEN
500,200,5,1.25,0.0030625,nominal,0.18,ideal,1,False,16.0,32.0,0.45,0.43,0.352,16.0,0.0,True,FALLEN
500,350,5,1.25,0.0030625,nominal,0.18,ideal,1,False,16.0,32.0,0.45,0.43,0.352,16.0,0.0,True,FALLEN
500,500,5,1.25,0.0030625,nominal,0.18,ideal,1,False,16.0,32.0,0.45,0.43,0.352,16.0,0.0,True,FALLEN
500,20,10,1.25,0.0030625,nominal,0.18,ideal,1,False,16.0,32.0,0.61,,0.352,,,True,FALLEN
500,50,10,1.25,0.0030625,nominal,0.18,ideal,1,False,16.0,32.0,0.466,,0.352,,,True,FALLEN
500,100,10,1.25,0.0030625,nominal,0.18,ideal,1,False,16.0,32.0,0.47600000000000003,0.41000000000000003,0.352,16.0,0.0,True,FALLEN
500,200,10,1.25,0.0030625,nominal,0.18,ideal,1,False,16.0,32.0,0.47600000000000003,0.41000000000000003,0.352,16.0,0.0,True,FALLEN
500,350,10,1.25,0.0030625,nominal,0.18,ideal,1,False,16.0,32.0,0.47600000000000003,0.41000000000000003,0.352,16.0,0.0,True,FALLEN
500,500,10,1.25,0.0030625,nominal,0.18,ideal,1,False,16.0,32.0,0.47600000000000003,0.41000000000000003,0.352,16.0,0.0,True,FALLEN
500,20,15,1.25,0.0030625,nominal,0.18,ideal,1,False,16.0,32.0,0.61,,0.352,,,True,FALLEN
500,50,15,1.25,0.0030625,nominal,0.18,ideal,1,True,0.7676355343857251,16.767635534385725,2.396,0.376,0.352,0.7676355343857251,0.7276507276894293,False,BALANCING
500,100,15,1.25,0.0030625,nominal,0.18,ideal,1,True,0.7676355343857251,16.767635534385725,2.396,0.376,0.352,0.7676355343857251,0.7276507276894293,False,BALANCING
500,200,15,1.25,0.0030625,nominal,0.18,ideal,1,True,0.7676355343857251,16.767635534385725,2.396,0.376,0.352,0.7676355343857251,0.7276507276894293,False,BALANCING
500,350,15,1.25,0.0030625,nominal,0.18,ideal,1,True,0.7676355343857251,16.767635534385725,2.396,0.376,0.352,0.7676355343857251,0.7276507276894293,False,BALANCING
500,500,15,1.25,0.0030625,nominal,0.18,ideal,1,True,0.7676355343857251,16.767635534385725,2.396,0.376,0.352,0.7676355343857251,0.7276507276894293,False,BALANCING
550,20,5,1.25,0.0030625,nominal,0.18,ideal,1,False,16.0,32.0,0.74,,0.52,,,True,FALLEN
550,50,5,1.25,0.0030625,nominal,0.18,ideal,1,False,16.0,32.0,0.628,,0.52,,,True,FALLEN
550,100,5,1.25,0.0030625,nominal,0.18,ideal,1,False,16.0,32.0,0.614,0.596,0.52,16.0,0.0,True,FALLEN
550,200,5,1.25,0.0030625,nominal,0.18,ideal,1,False,16.0,32.0,0.614,0.596,0.52,16.0,0.0,True,FALLEN
550,350,5,1.25,0.0030625,nominal,0.18,ideal,1,False,16.0,32.0,0.614,0.596,0.52,16.0,0.0,True,FALLEN
550,500,5,1.25,0.0030625,nominal,0.18,ideal,1,False,16.0,32.0,0.614,0.596,0.52,16.0,0.0,True,FALLEN
550,20,10,1.25,0.0030625,nominal,0.18,ideal,1,False,16.0,32.0,0.74,,0.52,,,True,FALLEN
550,50,10,1.25,0.0030625,nominal,0.18,ideal,1,False,16.0,32.0,0.628,,0.52,,,True,FALLEN
550,100,10,1.25,0.0030625,nominal,0.18,ideal,1,False,16.0,32.0,0.636,0.5760000000000001,0.52,16.0,0.0,True,FALLEN
550,200,10,1.25,0.0030625,nominal,0.18,ideal,1,False,16.0,32.0,0.636,0.5760000000000001,0.52,16.0,0.0,True,FALLEN
550,350,10,1.25,0.0030625,nominal,0.18,ideal,1,False,16.0,32.0,0.636,0.5760000000000001,0.52,16.0,0.0,True,FALLEN
550,500,10,1.25,0.0030625,nominal,0.18,ideal,1,False,16.0,32.0,0.636,0.5760000000000001,0.52,16.0,0.0,True,FALLEN
550,20,15,1.25,0.0030625,nominal,0.18,ideal,1,False,16.0,32.0,0.74,,0.52,,,True,FALLEN
550,50,15,1.25,0.0030625,nominal,0.18,ideal,1,True,0.5474818939349213,16.547481893934922,2.7800000000000002,0.544,0.52,0.5474818939349213,0.8467929038258539,False,BALANCING
550,100,15,1.25,0.0030625,nominal,0.18,ideal,1,True,0.5474818939349213,16.547481893934922,2.7800000000000002,0.544,0.52,0.5474818939349213,0.8467929038258539,False,BALANCING
550,200,15,1.25,0.0030625,nominal,0.18,ideal,1,True,0.5474818939349213,16.547481893934922,2.7800000000000002,0.544,0.52,0.5474818939349213,0.8467929038258539,False,BALANCING
550,350,15,1.25,0.0030625,nominal,0.18,ideal,1,True,0.5474818939349213,16.547481893934922,2.7800000000000002,0.544,0.52,0.5474818939349213,0.8467929038258539,False,BALANCING
550,500,15,1.25,0.0030625,nominal,0.18,ideal,1,True,0.5474818939349213,16.547481893934922,2.7800000000000002,0.544,0.52,0.5474818939349213,0.8467929038258539,False,BALANCING
580,20,5,1.25,0.0030625,nominal,0.18,ideal,1,False,16.0,32.0,1.188,,0.982,,,True,FALLEN
580,50,5,1.25,0.0030625,nominal,0.18,ideal,1,False,16.0,32.0,1.086,,0.982,,,True,FALLEN
580,100,5,1.25,0.0030625,nominal,0.18,ideal,1,False,16.0,32.0,1.074,1.058,0.982,16.0,0.0,True,FALLEN
580,200,5,1.25,0.0030625,nominal,0.18,ideal,1,False,16.0,32.0,1.074,1.058,0.982,16.0,0.0,True,FALLEN
580,350,5,1.25,0.0030625,nominal,0.18,ideal,1,False,16.0,32.0,1.074,1.058,0.982,16.0,0.0,True,FALLEN
580,500,5,1.25,0.0030625,nominal,0.18,ideal,1,False,16.0,32.0,1.074,1.058,0.982,16.0,0.0,True,FALLEN
580,20,10,1.25,0.0030625,nominal,0.18,ideal,1,False,16.0,32.0,1.188,,0.982,,,True,FALLEN
580,50,10,1.25,0.0030625,nominal,0.18,ideal,1,False,16.0,32.0,1.086,,0.982,,,True,FALLEN
580,100,10,1.25,0.0030625,nominal,0.18,ideal,1,False,16.0,32.0,1.092,1.038,0.982,16.0,0.0,True,FALLEN
580,200,10,1.25,0.0030625,nominal,0.18,ideal,1,False,16.0,32.0,1.092,1.038,0.982,16.0,0.0,True,FALLEN
580,350,10,1.25,0.0030625,nominal,0.18,ideal,1,False,16.0,32.0,1.092,1.038,0.982,16.0,0.0,True,FALLEN
580,500,10,1.25,0.0030625,nominal,0.18,ideal,1,False,16.0,32.0,1.092,1.038,0.982,16.0,0.0,True,FALLEN
580,20,15,1.25,0.0030625,nominal,0.18,ideal,1,False,16.0,32.0,1.188,,0.982,,,True,FALLEN
580,50,15,1.25,0.0030625,nominal,0.18,ideal,1,True,0.3962587675673305,16.396258767567332,3.414,1.006,0.982,0.3962587675673305,0.9194893658841228,False,BALANCING
580,100,15,1.25,0.0030625,nominal,0.18,ideal,1,True,0.3962587675673305,16.396258767567332,3.414,1.006,0.982,0.3962587675673305,0.9194893658841228,False,BALANCING
580,200,15,1.25,0.0030625,nominal,0.18,ideal,1,True,0.3962587675673305,16.396258767567332,3.414,1.006,0.982,0.3962587675673305,0.9194893658841228,False,BALANCING
580,350,15,1.25,0.0030625,nominal,0.18,ideal,1,True,0.3962587675673305,16.396258767567332,3.414,1.006,0.982,0.3962587675673305,0.9194893658841228,False,BALANCING
580,500,15,1.25,0.0030625,nominal,0.18,ideal,1,True,0.3962587675673305,16.396258767567332,3.414,1.006,0.982,0.3962587675673305,0.9194893658841228,False,BALANCING
100,20,5,1.25,0.0030625,half_20ms,0.18,ideal,1,False,0,0.0,,,0.034,,,False,FALLEN
100,50,5,1.25,0.0030625,half_20ms,0.18,ideal,1,False,0,0.4194868599878383,,,0.034,,,True,FALLEN
100,100,5,1.25,0.0030625,half_20ms,0.18,ideal,1,False,0,5.42569308549221,,,0.034,,,True,FALLEN
100,200,5,1.25,0.0030625,half_20ms,0.18,ideal,1,True,8.220040934478218,24.22004093447822,0.232,0.20400000000000001,0.034,1.505090762729485,0.45081540047905194,False,BALANCING
100,350,5,1.25,0.0030625,half_20ms,0.18,ideal,1,True,8.220040934478218,24.22004093447822,0.232,0.20400000000000001,0.034,1.505090762729485,0.45081540047905194,False,BALANCING
100,500,5,1.25,0.0030625,half_20ms,0.18,ideal,1,True,8.220040934478218,24.22004093447822,0.232,0.20400000000000001,0.034,1.505090762729485,0.45081540047905194,False,BALANCING
100,20,10,1.25,0.0030625,half_20ms,0.18,ideal,1,False,0,0.0,,,0.034,,,False,FALLEN
100,50,10,1.25,0.0030625,half_20ms,0.18,ideal,1,False,0,0.4194868599878383,,,0.034,,,True,FALLEN
100,100,10,1.25,0.0030625,half_20ms,0.18,ideal,1,False,0,5.42569308549221,,,0.034,,,True,FALLEN
100,200,10,1.25,0.0030625,half_20ms,0.18,ideal,1,True,0.7460761964760159,16.746076196476015,1.246,0.17200000000000001,0.034,0.7270673987362581,0.2612102990404355,False,BALANCING
100,350,10,1.25,0.0030625,half_20ms,0.18,ideal,1,True,0.7460761964760159,16.746076196476015,1.246,0.17200000000000001,0.034,0.7270673987362581,0.2612102990404355,False,BALANCING
100,500,10,1.25,0.0030625,half_20ms,0.18,ideal,1,True,0.7460761964760159,16.746076196476015,1.246,0.17200000000000001,0.034,0.7270673987362581,0.2612102990404355,False,BALANCING
100,20,15,1.25,0.0030625,half_20ms,0.18,ideal,1,False,0,0.0,,,0.034,,,False,FALLEN
100,50,15,1.25,0.0030625,half_20ms,0.18,ideal,1,False,0,0.4194868599878383,,,0.034,,,True,FALLEN
100,100,15,1.25,0.0030625,half_20ms,0.18,ideal,1,False,2.4082882826551235,18.408288282655125,1.32,0.114,0.034,2.391900172157281,0.7764459891832716,False,BALANCING
100,200,15,1.25,0.0030625,half_20ms,0.18,ideal,1,False,2.4082882826551235,18.408288282655125,1.32,0.114,0.034,2.391900172157281,0.7764459891832716,False,BALANCING
100,350,15,1.25,0.0030625,half_20ms,0.18,ideal,1,False,2.4082882826551235,18.408288282655125,1.32,0.114,0.034,2.391900172157281,0.7764459891832716,False,BALANCING
100,500,15,1.25,0.0030625,half_20ms,0.18,ideal,1,False,2.4082882826551235,18.408288282655125,1.32,0.114,0.034,2.391900172157281,0.7764459891832716,False,BALANCING
150,20,5,1.25,0.0030625,half_20ms,0.18,ideal,1,False,0,0.0,,,0.054,,,False,FALLEN
150,50,5,1.25,0.0030625,half_20ms,0.18,ideal,1,False,0,0.63591047395985,,,0.054,,,True,FALLEN
150,100,5,1.25,0.0030625,half_20ms,0.18,ideal,1,False,0,4.432461147108583,,,0.054,,,True,FALLEN
150,200,5,1.25,0.0030625,half_20ms,0.18,ideal,1,True,8.913142281220209,24.91314228122021,0.256,0.226,0.054,1.7954332214007394,0.576745830807149,False,BALANCING
150,350,5,1.25,0.0030625,half_20ms,0.18,ideal,1,True,8.913142281220209,24.91314228122021,0.256,0.226,0.054,1.7954332214007394,0.576745830807149,False,BALANCING
150,500,5,1.25,0.0030625,half_20ms,0.18,ideal,1,True,8.913142281220209,24.91314228122021,0.256,0.226,0.054,1.7954332214007394,0.576745830807149,False,BALANCING
150,20,10,1.25,0.0030625,half_20ms,0.18,ideal,1,False,0,0.0,,,0.054,,,False,FALLEN
150,50,10,1.25,0.0030625,half_20ms,0.18,ideal,1,False,0,0.63591047395985,,,0.054,,,True,FALLEN
150,100,10,1.25,0.0030625,half_20ms,0.18,ideal,1,False,0,4.432461147108583,,,0.054,,,True,FALLEN
150,200,10,1.25,0.0030625,half_20ms,0.18,ideal,1,True,0.6169241168150226,16.61692411681502,1.446,0.194,0.054,0.6150861109576834,0.19153203860184223,False,BALANCING
150,350,10,1.25,0.0030625,half_20ms,0.18,ideal,1,True,0.6169241168150226,16.61692411681502,1.446,0.194,0.054,0.6150861109576834,0.19153203860184223,False,BALANCING
150,500,10,1.25,0.0030625,half_20ms,0.18,ideal,1,True,0.6169241168150226,16.61692411681502,1.446,0.194,0.054,0.6150861109576834,0.19153203860184223,False,BALANCING
150,20,15,1.25,0.0030625,half_20ms,0.18,ideal,1,False,0,0.0,,,0.054,,,False,FALLEN
150,50,15,1.25,0.0030625,half_20ms,0.18,ideal,1,False,0,0.63591047395985,,,0.054,,,True,FALLEN
150,100,15,1.25,0.0030625,half_20ms,0.18,ideal,1,False,2.3267075279618052,18.326707527961805,1.3920000000000001,0.128,0.054,2.3216612552366125,0.7135777922688271,False,BALANCING
150,200,15,1.25,0.0030625,half_20ms,0.18,ideal,1,False,2.3267075279618052,18.326707527961805,1.3920000000000001,0.128,0.054,2.3216612552366125,0.7135777922688271,False,BALANCING
150,350,15,1.25,0.0030625,half_20ms,0.18,ideal,1,False,2.3267075279618052,18.326707527961805,1.3920000000000001,0.128,0.054,2.3216612552366125,0.7135777922688271,False,BALANCING
150,500,15,1.25,0.0030625,half_20ms,0.18,ideal,1,False,2.3267075279618052,18.326707527961805,1.3920000000000001,0.128,0.054,2.3216612552366125,0.7135777922688271,False,BALANCING
200,20,5,1.25,0.0030625,half_20ms,0.18,ideal,1,False,0,0.0,,,0.076,,,False,FALLEN
200,50,5,1.25,0.0030625,half_20ms,0.18,ideal,1,False,0,0.8204168564983103,,,0.076,,,True,FALLEN
200,100,5,1.25,0.0030625,half_20ms,0.18,ideal,1,False,0,6.3312628116236045,,,0.076,,,True,FALLEN
200,200,5,1.25,0.0030625,half_20ms,0.18,ideal,1,True,8.987571893464963,24.987571893464963,0.278,0.25,0.076,1.980504980776049,0.6734491168564015,False,BALANCING
200,350,5,1.25,0.0030625,half_20ms,0.18,ideal,1,True,8.987571893464963,24.987571893464963,0.278,0.25,0.076,1.980504980776049,0.6734491168564015,False,BALANCING
200,500,5,1.25,0.0030625,half_20ms,0.18,ideal,1,True,8.987571893464963,24.987571893464963,0.278,0.25,0.076,1.980504980776049,0.6734491168564015,False,BALANCING
200,20,10,1.25,0.0030625,half_20ms,0.18,ideal,1,False,0,0.0,,,0.076,,,False,FALLEN
200,50,10,1.25,0.0030625,half_20ms,0.18,ideal,1,False,0,0.8204168564983103,,,0.076,,,True,FALLEN
200,100,10,1.25,0.0030625,half_20ms,0.18,ideal,1,False,0,6.3312628116236045,,,0.076,,,True,FALLEN
200,200,10,1.25,0.0030625,half_20ms,0.18,ideal,1,True,0.7351000519123352,16.735100051912337,1.622,0.216,0.076,0.7351000519123352,0.18998286212072396,False,BALANCING
200,350,10,1.25,0.0030625,half_20ms,0.18,ideal,1,True,0.7351000519123352,16.735100051912337,1.622,0.216,0.076,0.7351000519123352,0.18998286212072396,False,BALANCING
200,500,10,1.25,0.0030625,half_20ms,0.18,ideal,1,True,0.7351000519123352,16.735100051912337,1.622,0.216,0.076,0.7351000519123352,0.18998286212072396,False,BALANCING
200,20,15,1.25,0.0030625,half_20ms,0.18,ideal,1,False,0,0.0,,,0.076,,,False,FALLEN
200,50,15,1.25,0.0030625,half_20ms,0.18,ideal,1,False,0,0.8204168564983103,,,0.076,,,True,FALLEN
200,100,15,1.25,0.0030625,half_20ms,0.18,ideal,1,False,2.218229124494648,18.21822912449465,1.47,0.146,0.076,2.218075946860657,0.6387904226890245,False,BALANCING
200,200,15,1.25,0.0030625,half_20ms,0.18,ideal,1,False,2.218229124494648,18.21822912449465,1.47,0.146,0.076,2.218075946860657,0.6387904226890245,False,BALANCING
200,350,15,1.25,0.0030625,half_20ms,0.18,ideal,1,False,2.218229124494648,18.21822912449465,1.47,0.146,0.076,2.218075946860657,0.6387904226890245,False,BALANCING
200,500,15,1.25,0.0030625,half_20ms,0.18,ideal,1,False,2.218229124494648,18.21822912449465,1.47,0.146,0.076,2.218075946860657,0.6387904226890245,False,BALANCING
250,20,5,1.25,0.0030625,half_20ms,0.18,ideal,1,False,0,0.0,,,0.10200000000000001,,,False,FALLEN
250,50,5,1.25,0.0030625,half_20ms,0.18,ideal,1,False,0,1.0564712456473835,,,0.10200000000000001,,,True,FALLEN
250,100,5,1.25,0.0030625,half_20ms,0.18,ideal,1,False,0,7.960042334301065,,,0.10200000000000001,,,True,FALLEN
250,200,5,1.25,0.0030625,half_20ms,0.18,ideal,1,True,7.32497868155166,23.32497868155166,0.306,0.276,0.10200000000000001,1.8379656965726185,0.6706303281431548,False,BALANCING
250,350,5,1.25,0.0030625,half_20ms,0.18,ideal,1,True,7.32497868155166,23.32497868155166,0.306,0.276,0.10200000000000001,1.8379656965726185,0.6706303281431548,False,BALANCING
250,500,5,1.25,0.0030625,half_20ms,0.18,ideal,1,True,7.32497868155166,23.32497868155166,0.306,0.276,0.10200000000000001,1.8379656965726185,0.6706303281431548,False,BALANCING
250,20,10,1.25,0.0030625,half_20ms,0.18,ideal,1,False,0,0.0,,,0.10200000000000001,,,False,FALLEN
250,50,10,1.25,0.0030625,half_20ms,0.18,ideal,1,False,0,1.0564712456473835,,,0.10200000000000001,,,True,FALLEN
250,100,10,1.25,0.0030625,half_20ms,0.18,ideal,1,False,0,7.960042334301065,,,0.10200000000000001,,,True,FALLEN
250,200,10,1.25,0.0030625,half_20ms,0.18,ideal,1,True,0.8255325598385416,16.825532559838543,1.768,0.23800000000000002,0.10200000000000001,0.8255325598385416,0.1673266601384704,False,BALANCING
250,350,10,1.25,0.0030625,half_20ms,0.18,ideal,1,True,0.8255325598385416,16.825532559838543,1.768,0.23800000000000002,0.10200000000000001,0.8255325598385416,0.1673266601384704,False,BALANCING
250,500,10,1.25,0.0030625,half_20ms,0.18,ideal,1,True,0.8255325598385416,16.825532559838543,1.768,0.23800000000000002,0.10200000000000001,0.8255325598385416,0.1673266601384704,False,BALANCING
250,20,15,1.25,0.0030625,half_20ms,0.18,ideal,1,False,0,0.0,,,0.10200000000000001,,,False,FALLEN
250,50,15,1.25,0.0030625,half_20ms,0.18,ideal,1,False,0,1.0564712456473835,,,0.10200000000000001,,,True,FALLEN
250,100,15,1.25,0.0030625,half_20ms,0.18,ideal,1,False,2.0801298695633332,18.080129869563333,1.562,0.17200000000000001,0.10200000000000001,2.0801298695633332,0.5504000370841132,False,BALANCING
250,200,15,1.25,0.0030625,half_20ms,0.18,ideal,1,False,2.0801298695633332,18.080129869563333,1.562,0.17200000000000001,0.10200000000000001,2.0801298695633332,0.5504000370841132,False,BALANCING
250,350,15,1.25,0.0030625,half_20ms,0.18,ideal,1,False,2.0801298695633332,18.080129869563333,1.562,0.17200000000000001,0.10200000000000001,2.0801298695633332,0.5504000370841132,False,BALANCING
250,500,15,1.25,0.0030625,half_20ms,0.18,ideal,1,False,2.0801298695633332,18.080129869563333,1.562,0.17200000000000001,0.10200000000000001,2.0801298695633332,0.5504000370841132,False,BALANCING
300,20,5,1.25,0.0030625,half_20ms,0.18,ideal,1,False,0,0.0,,,0.132,,,False,FALLEN
300,50,5,1.25,0.0030625,half_20ms,0.18,ideal,1,False,0,1.5624511667830099,,,0.132,,,True,FALLEN
300,100,5,1.25,0.0030625,half_20ms,0.18,ideal,1,False,16.0,32.0,0.52,,0.132,,,True,FALLEN
300,200,5,1.25,0.0030625,half_20ms,0.18,ideal,1,True,2.8287797321100623,18.828779732110064,0.332,0.298,0.132,1.1627229204125966,0.49864851988195147,False,BALANCING
300,350,5,1.25,0.0030625,half_20ms,0.18,ideal,1,True,2.8287797321100623,18.828779732110064,0.332,0.298,0.132,1.1627229204125966,0.49864851988195147,False,BALANCING
300,500,5,1.25,0.0030625,half_20ms,0.18,ideal,1,True,2.8287797321100623,18.828779732110064,0.332,0.298,0.132,1.1627229204125966,0.49864851988195147,False,BALANCING
300,20,10,1.25,0.0030625,half_20ms,0.18,ideal,1,False,0,0.0,,,0.132,,,False,FALLEN
300,50,10,1.25,0.0030625,half_20ms,0.18,ideal,1,False,0,1.5624511667830099,,,0.132,,,True,FALLEN
300,100,10,1.25,0.0030625,half_20ms,0.18,ideal,1,False,16.0,32.0,0.52,,0.132,,,True,FALLEN
300,200,10,1.25,0.0030625,half_20ms,0.18,ideal,1,True,0.5071269827383539,16.507126982738352,2.114,0.26,0.132,0.5071269827383539,0.31931925025716223,False,BALANCING
300,350,10,1.25,0.0030625,half_20ms,0.18,ideal,1,True,0.5071269827383539,16.507126982738352,2.114,0.26,0.132,0.5071269827383539,0.31931925025716223,False,BALANCING
300,500,10,1.25,0.0030625,half_20ms,0.18,ideal,1,True,0.5071269827383539,16.507126982738352,2.114,0.26,0.132,0.5071269827383539,0.31931925025716223,False,BALANCING
300,20,15,1.25,0.0030625,half_20ms,0.18,ideal,1,False,0,0.0,,,0.132,,,False,FALLEN
300,50,15,1.25,0.0030625,half_20ms,0.18,ideal,1,False,0,1.5624511667830099,,,0.132,,,True,FALLEN
300,100,15,1.25,0.0030625,half_20ms,0.18,ideal,1,True,1.947758002564736,17.947758002564736,1.6600000000000001,0.196,0.132,1.947758002564736,0.4561280435451107,False,BALANCING
300,200,15,1.25,0.0030625,half_20ms,0.18,ideal,1,True,1.947758002564736,17.947758002564736,1.6600000000000001,0.196,0.132,1.947758002564736,0.4561280435451107,False,BALANCING
300,350,15,1.25,0.0030625,half_20ms,0.18,ideal,1,True,1.947758002564736,17.947758002564736,1.6600000000000001,0.196,0.132,1.947758002564736,0.4561280435451107,False,BALANCING
300,500,15,1.25,0.0030625,half_20ms,0.18,ideal,1,True,1.947758002564736,17.947758002564736,1.6600000000000001,0.196,0.132,1.947758002564736,0.4561280435451107,False,BALANCING
350,20,5,1.25,0.0030625,half_20ms,0.18,ideal,1,False,0,0.0,,,0.166,,,False,FALLEN
350,50,5,1.25,0.0030625,half_20ms,0.18,ideal,1,False,0,2.008001523705232,,,0.166,,,True,FALLEN
350,100,5,1.25,0.0030625,half_20ms,0.18,ideal,1,False,16.0,32.0,0.442,,0.166,,,True,FALLEN
350,200,5,1.25,0.0030625,half_20ms,0.18,ideal,1,True,4.533239850149288,20.533239850149286,0.356,0.326,0.166,1.6949766600067675,0.7076674694638213,False,BALANCING
350,350,5,1.25,0.0030625,half_20ms,0.18,ideal,1,True,4.533239850149288,20.533239850149286,0.356,0.326,0.166,1.6949766600067675,0.7076674694638213,False,BALANCING
350,500,5,1.25,0.0030625,half_20ms,0.18,ideal,1,True,4.533239850149288,20.533239850149286,0.356,0.326,0.166,1.6949766600067675,0.7076674694638213,False,BALANCING
350,20,10,1.25,0.0030625,half_20ms,0.18,ideal,1,False,0,0.0,,,0.166,,,False,FALLEN
350,50,10,1.25,0.0030625,half_20ms,0.18,ideal,1,False,0,2.008001523705232,,,0.166,,,True,FALLEN
350,100,10,1.25,0.0030625,half_20ms,0.18,ideal,1,False,16.0,32.0,0.442,,0.166,,,True,FALLEN
350,200,10,1.25,0.0030625,half_20ms,0.18,ideal,1,True,0.2636245457355524,16.263624545735553,2.588,0.28800000000000003,0.166,0.2636245457355524,0.4722097346337107,False,BALANCING
350,350,10,1.25,0.0030625,half_20ms,0.18,ideal,1,True,0.2636245457355524,16.263624545735553,2.588,0.28800000000000003,0.166,0.2636245457355524,0.4722097346337107,False,BALANCING
350,500,10,1.25,0.0030625,half_20ms,0.18,ideal,1,True,0.2636245457355524,16.263624545735553,2.588,0.28800000000000003,0.166,0.2636245457355524,0.4722097346337107,False,BALANCING
350,20,15,1.25,0.0030625,half_20ms,0.18,ideal,1,False,0,0.0,,,0.166,,,False,FALLEN
350,50,15,1.25,0.0030625,half_20ms,0.18,ideal,1,False,0,2.008001523705232,,,0.166,,,True,FALLEN
350,100,15,1.25,0.0030625,half_20ms,0.18,ideal,1,True,1.7368285703045985,17.7368285703046,1.776,0.228,0.166,1.7368285703045985,0.35677727668378645,False,BALANCING
350,200,15,1.25,0.0030625,half_20ms,0.18,ideal,1,True,1.7368285703045985,17.7368285703046,1.776,0.228,0.166,1.7368285703045985,0.35677727668378645,False,BALANCING
350,350,15,1.25,0.0030625,half_20ms,0.18,ideal,1,True,1.7368285703045985,17.7368285703046,1.776,0.228,0.166,1.7368285703045985,0.35677727668378645,False,BALANCING
350,500,15,1.25,0.0030625,half_20ms,0.18,ideal,1,True,1.7368285703045985,17.7368285703046,1.776,0.228,0.166,1.7368285703045985,0.35677727668378645,False,BALANCING
400,20,5,1.25,0.0030625,half_20ms,0.18,ideal,1,False,0,0.0,,,0.21,,,False,FALLEN
400,50,5,1.25,0.0030625,half_20ms,0.18,ideal,1,False,0,2.3157561132170645,,,0.21,,,True,FALLEN
400,100,5,1.25,0.0030625,half_20ms,0.18,ideal,1,False,16.0,32.0,0.446,,0.21,,,True,FALLEN
400,200,5,1.25,0.0030625,half_20ms,0.18,ideal,1,False,5.842691606495505,21.842691606495507,0.394,0.362,0.21,2.1763673419133696,0.8990096573639427,False,BALANCING
400,350,5,1.25,0.0030625,half_20ms,0.18,ideal,1,False,5.842691606495505,21.842691606495507,0.394,0.362,0.21,2.1763673419133696,0.8990096573639427,False,BALANCING
400,500,5,1.25,0.0030625,half_20ms,0.18,ideal,1,False,5.842691606495505,21.842691606495507,0.394,0.362,0.21,2.1763673419133696,0.8990096573639427,False,BALANCING
400,20,10,1.25,0.0030625,half_20ms,0.18,ideal,1,False,0,0.0,,,0.21,,,False,FALLEN
400,50,10,1.25,0.0030625,half_20ms,0.18,ideal,1,False,0,2.3157561132170645,,,0.21,,,True,FALLEN
400,100,10,1.25,0.0030625,half_20ms,0.18,ideal,1,False,16.0,32.0,0.446,,0.21,,,True,FALLEN
400,200,10,1.25,0.0030625,half_20ms,0.18,ideal,1,True,0,15.92180788430724,,0.328,0.21,0.3303238330516385,0.6636666706377747,False,BALANCING
400,350,10,1.25,0.0030625,half_20ms,0.18,ideal,1,True,0,15.92180788430724,,0.328,0.21,0.3303238330516385,0.6636666706377747,False,BALANCING
400,500,10,1.25,0.0030625,half_20ms,0.18,ideal,1,True,0,15.92180788430724,,0.328,0.21,0.3303238330516385,0.6636666706377747,False,BALANCING
400,20,15,1.25,0.0030625,half_20ms,0.18,ideal,1,False,0,0.0,,,0.21,,,False,FALLEN
400,50,15,1.25,0.0030625,half_20ms,0.18,ideal,1,False,0,2.3157561132170645,,,0.21,,,True,FALLEN
400,100,15,1.25,0.0030625,half_20ms,0.18,ideal,1,True,1.5231774133943912,17.523177413394393,1.9160000000000001,0.27,0.21,1.5231774133943912,0.493109021187773,False,BALANCING
400,200,15,1.25,0.0030625,half_20ms,0.18,ideal,1,True,1.5231774133943912,17.523177413394393,1.9160000000000001,0.27,0.21,1.5231774133943912,0.493109021187773,False,BALANCING
400,350,15,1.25,0.0030625,half_20ms,0.18,ideal,1,True,1.5231774133943912,17.523177413394393,1.9160000000000001,0.27,0.21,1.5231774133943912,0.493109021187773,False,BALANCING
400,500,15,1.25,0.0030625,half_20ms,0.18,ideal,1,True,1.5231774133943912,17.523177413394393,1.9160000000000001,0.27,0.21,1.5231774133943912,0.493109021187773,False,BALANCING
450,20,5,1.25,0.0030625,half_20ms,0.18,ideal,1,False,0,0.0,,,0.268,,,False,FALLEN
450,50,5,1.25,0.0030625,half_20ms,0.18,ideal,1,False,0,3.1282199440196603,,,0.268,,,True,FALLEN
450,100,5,1.25,0.0030625,half_20ms,0.18,ideal,1,False,16.0,32.0,0.484,,0.268,,,True,FALLEN
450,200,5,1.25,0.0030625,half_20ms,0.18,ideal,1,False,16.0,32.0,0.446,0.418,0.268,16.0,0.0,True,FALLEN
450,350,5,1.25,0.0030625,half_20ms,0.18,ideal,1,False,16.0,32.0,0.446,0.418,0.268,16.0,0.0,True,FALLEN
450,500,5,1.25,0.0030625,half_20ms,0.18,ideal,1,False,16.0,32.0,0.446,0.418,0.268,16.0,0.0,True,FALLEN
450,20,10,1.25,0.0030625,half_20ms,0.18,ideal,1,False,0,0.0,,,0.268,,,False,FALLEN
450,50,10,1.25,0.0030625,half_20ms,0.18,ideal,1,False,0,3.1282199440196603,,,0.268,,,True,FALLEN
450,100,10,1.25,0.0030625,half_20ms,0.18,ideal,1,False,16.0,32.0,0.484,,0.268,,,True,FALLEN
450,200,10,1.25,0.0030625,half_20ms,0.18,ideal,1,True,0,15.641413311253622,,0.384,0.268,0.6082314325714012,0.6413457716301257,False,BALANCING
450,350,10,1.25,0.0030625,half_20ms,0.18,ideal,1,True,0,15.641413311253622,,0.384,0.268,0.6082314325714012,0.6413457716301257,False,BALANCING
450,500,10,1.25,0.0030625,half_20ms,0.18,ideal,1,True,0,15.641413311253622,,0.384,0.268,0.6082314325714012,0.6413457716301257,False,BALANCING
450,20,15,1.25,0.0030625,half_20ms,0.18,ideal,1,False,0,0.0,,,0.268,,,False,FALLEN
450,50,15,1.25,0.0030625,half_20ms,0.18,ideal,1,False,0,3.1282199440196603,,,0.268,,,True,FALLEN
450,100,15,1.25,0.0030625,half_20ms,0.18,ideal,1,True,1.3061136109449576,17.30611361094496,2.088,0.33,0.268,1.3061136109449576,0.6243395356798365,False,BALANCING
450,200,15,1.25,0.0030625,half_20ms,0.18,ideal,1,True,1.3061136109449576,17.30611361094496,2.088,0.33,0.268,1.3061136109449576,0.6243395356798365,False,BALANCING
450,350,15,1.25,0.0030625,half_20ms,0.18,ideal,1,True,1.3061136109449576,17.30611361094496,2.088,0.33,0.268,1.3061136109449576,0.6243395356798365,False,BALANCING
450,500,15,1.25,0.0030625,half_20ms,0.18,ideal,1,True,1.3061136109449576,17.30611361094496,2.088,0.33,0.268,1.3061136109449576,0.6243395356798365,False,BALANCING
500,20,5,1.25,0.0030625,half_20ms,0.18,ideal,1,False,0,0.0,,,0.352,,,False,FALLEN
500,50,5,1.25,0.0030625,half_20ms,0.18,ideal,1,False,0,4.64192263618569,,,0.352,,,True,FALLEN
500,100,5,1.25,0.0030625,half_20ms,0.18,ideal,1,False,16.0,32.0,0.55,,0.352,,,True,FALLEN
500,200,5,1.25,0.0030625,half_20ms,0.18,ideal,1,False,16.0,32.0,0.522,0.494,0.352,16.0,0.0,True,FALLEN
500,350,5,1.25,0.0030625,half_20ms,0.18,ideal,1,False,16.0,32.0,0.522,0.494,0.352,16.0,0.0,True,FALLEN
500,500,5,1.25,0.0030625,half_20ms,0.18,ideal,1,False,16.0,32.0,0.522,0.494,0.352,16.0,0.0,True,FALLEN
500,20,10,1.25,0.0030625,half_20ms,0.18,ideal,1,False,0,0.0,,,0.352,,,False,FALLEN
500,50,10,1.25,0.0030625,half_20ms,0.18,ideal,1,False,0,4.64192263618569,,,0.352,,,True,FALLEN
500,100,10,1.25,0.0030625,half_20ms,0.18,ideal,1,False,16.0,32.0,0.55,,0.352,,,True,FALLEN
500,200,10,1.25,0.0030625,half_20ms,0.18,ideal,1,True,0,15.29300178207002,,0.462,0.352,1.0559010387823757,0.7750655331418633,False,BALANCING
500,350,10,1.25,0.0030625,half_20ms,0.18,ideal,1,True,0,15.29300178207002,,0.462,0.352,1.0559010387823757,0.7750655331418633,False,BALANCING
500,500,10,1.25,0.0030625,half_20ms,0.18,ideal,1,True,0,15.29300178207002,,0.462,0.352,1.0559010387823757,0.7750655331418633,False,BALANCING
500,20,15,1.25,0.0030625,half_20ms,0.18,ideal,1,False,0,0.0,,,0.352,,,False,FALLEN
500,50,15,1.25,0.0030625,half_20ms,0.18,ideal,1,False,0,4.64192263618569,,,0.352,,,True,FALLEN
500,100,15,1.25,0.0030625,half_20ms,0.18,ideal,1,True,1.1279566685503553,17.127956668550354,2.29,0.41000000000000003,0.352,1.1279566685503553,0.7606773107749706,False,BALANCING
500,200,15,1.25,0.0030625,half_20ms,0.18,ideal,1,True,1.1279566685503553,17.127956668550354,2.29,0.41000000000000003,0.352,1.1279566685503553,0.7606773107749706,False,BALANCING
500,350,15,1.25,0.0030625,half_20ms,0.18,ideal,1,True,1.1279566685503553,17.127956668550354,2.29,0.41000000000000003,0.352,1.1279566685503553,0.7606773107749706,False,BALANCING
500,500,15,1.25,0.0030625,half_20ms,0.18,ideal,1,True,1.1279566685503553,17.127956668550354,2.29,0.41000000000000003,0.352,1.1279566685503553,0.7606773107749706,False,BALANCING
550,20,5,1.25,0.0030625,half_20ms,0.18,ideal,1,False,0,0.0,,,0.52,,,False,FALLEN
550,50,5,1.25,0.0030625,half_20ms,0.18,ideal,1,False,16.0,32.0,1.1340000000000001,,0.52,,,True,FALLEN
550,100,5,1.25,0.0030625,half_20ms,0.18,ideal,1,False,16.0,32.0,0.704,,0.52,,,True,FALLEN
550,200,5,1.25,0.0030625,half_20ms,0.18,ideal,1,False,16.0,32.0,0.684,0.658,0.52,16.0,0.0,True,FALLEN
550,350,5,1.25,0.0030625,half_20ms,0.18,ideal,1,False,16.0,32.0,0.684,0.658,0.52,16.0,0.0,True,FALLEN
550,500,5,1.25,0.0030625,half_20ms,0.18,ideal,1,False,16.0,32.0,0.684,0.658,0.52,16.0,0.0,True,FALLEN
550,20,10,1.25,0.0030625,half_20ms,0.18,ideal,1,False,0,0.0,,,0.52,,,False,FALLEN
550,50,10,1.25,0.0030625,half_20ms,0.18,ideal,1,False,16.0,32.0,1.1340000000000001,,0.52,,,True,FALLEN
550,100,10,1.25,0.0030625,half_20ms,0.18,ideal,1,False,16.0,32.0,0.704,,0.52,,,True,FALLEN
550,200,10,1.25,0.0030625,half_20ms,0.18,ideal,1,True,0,15.939863668003769,,0.628,0.52,1.6098420990139435,0.9115016003876547,False,BALANCING
550,350,10,1.25,0.0030625,half_20ms,0.18,ideal,1,True,0,15.939863668003769,,0.628,0.52,1.6098420990139435,0.9115016003876547,False,BALANCING
550,500,10,1.25,0.0030625,half_20ms,0.18,ideal,1,True,0,15.939863668003769,,0.628,0.52,1.6098420990139435,0.9115016003876547,False,BALANCING
550,20,15,1.25,0.0030625,half_20ms,0.18,ideal,1,False,0,0.0,,,0.52,,,False,FALLEN
550,50,15,1.25,0.0030625,half_20ms,0.18,ideal,1,False,16.0,32.0,1.1340000000000001,,0.52,,,True,FALLEN
550,100,15,1.25,0.0030625,half_20ms,0.18,ideal,1,True,0.9676219945070618,16.967621994507063,2.586,0.5760000000000001,0.52,0.9676219945070618,0.8951788481836584,False,BALANCING
550,200,15,1.25,0.0030625,half_20ms,0.18,ideal,1,True,0.9676219945070618,16.967621994507063,2.586,0.5760000000000001,0.52,0.9676219945070618,0.8951788481836584,False,BALANCING
550,350,15,1.25,0.0030625,half_20ms,0.18,ideal,1,True,0.9676219945070618,16.967621994507063,2.586,0.5760000000000001,0.52,0.9676219945070618,0.8951788481836584,False,BALANCING
550,500,15,1.25,0.0030625,half_20ms,0.18,ideal,1,True,0.9676219945070618,16.967621994507063,2.586,0.5760000000000001,0.52,0.9676219945070618,0.8951788481836584,False,BALANCING
580,20,5,1.25,0.0030625,half_20ms,0.18,ideal,1,False,0,0.0,,,0.982,,,False,FALLEN
580,50,5,1.25,0.0030625,half_20ms,0.18,ideal,1,False,16.0,32.0,1.3840000000000001,,0.982,,,True,FALLEN
580,100,5,1.25,0.0030625,half_20ms,0.18,ideal,1,False,16.0,32.0,1.162,,0.982,,,True,FALLEN
580,200,5,1.25,0.0030625,half_20ms,0.18,ideal,1,False,16.0,32.0,1.1440000000000001,1.118,0.982,16.0,0.0,True,FALLEN
580,350,5,1.25,0.0030625,half_20ms,0.18,ideal,1,False,16.0,32.0,1.1440000000000001,1.118,0.982,16.0,0.0,True,FALLEN
580,500,5,1.25,0.0030625,half_20ms,0.18,ideal,1,False,16.0,32.0,1.1440000000000001,1.118,0.982,16.0,0.0,True,FALLEN
580,20,10,1.25,0.0030625,half_20ms,0.18,ideal,1,False,0,0.0,,,0.982,,,False,FALLEN
580,50,10,1.25,0.0030625,half_20ms,0.18,ideal,1,False,16.0,32.0,1.3840000000000001,,0.982,,,True,FALLEN
580,100,10,1.25,0.0030625,half_20ms,0.18,ideal,1,False,16.0,32.0,1.162,,0.982,,,True,FALLEN
580,200,10,1.25,0.0030625,half_20ms,0.18,ideal,1,False,1.4312422971399044,17.431242297139903,1.186,1.088,0.982,2.044811473832632,1.0155910848934346,False,BALANCING
580,350,10,1.25,0.0030625,half_20ms,0.18,ideal,1,False,1.4312422971399044,17.431242297139903,1.186,1.088,0.982,2.044811473832632,1.0155910848934346,False,BALANCING
580,500,10,1.25,0.0030625,half_20ms,0.18,ideal,1,False,1.4312422971399044,17.431242297139903,1.186,1.088,0.982,2.044811473832632,1.0155910848934346,False,BALANCING
580,20,15,1.25,0.0030625,half_20ms,0.18,ideal,1,False,0,0.0,,,0.982,,,False,FALLEN
580,50,15,1.25,0.0030625,half_20ms,0.18,ideal,1,False,16.0,32.0,1.3840000000000001,,0.982,,,True,FALLEN
580,100,15,1.25,0.0030625,half_20ms,0.18,ideal,1,True,0.833976165868125,16.833976165868126,3.152,1.038,0.982,0.833976165868125,0.9786161958522769,False,BALANCING
580,200,15,1.25,0.0030625,half_20ms,0.18,ideal,1,True,0.833976165868125,16.833976165868126,3.152,1.038,0.982,0.833976165868125,0.9786161958522769,False,BALANCING
580,350,15,1.25,0.0030625,half_20ms,0.18,ideal,1,True,0.833976165868125,16.833976165868126,3.152,1.038,0.982,0.833976165868125,0.9786161958522769,False,BALANCING
580,500,15,1.25,0.0030625,half_20ms,0.18,ideal,1,True,0.833976165868125,16.833976165868126,3.152,1.038,0.982,0.833976165868125,0.9786161958522769,False,BALANCING
100,20,5,1.25,0.0030625,half_50ms,0.18,ideal,1,False,0,0.0,,,0.034,,,False,FALLEN
100,50,5,1.25,0.0030625,half_50ms,0.18,ideal,1,False,0,0.0,,,0.034,,,False,FALLEN
100,100,5,1.25,0.0030625,half_50ms,0.18,ideal,1,False,0,1.2892932193025786,,,0.034,,,True,FALLEN
100,200,5,1.25,0.0030625,half_50ms,0.18,ideal,1,False,14.210398562050484,30.210398562050486,0.26,0.23,0.034,2.7466063509647323,0.8216377358750955,False,BALANCING
100,350,5,1.25,0.0030625,half_50ms,0.18,ideal,1,False,14.210398562050484,30.210398562050486,0.26,0.23,0.034,2.7466063509647323,0.8216377358750955,False,BALANCING
100,500,5,1.25,0.0030625,half_50ms,0.18,ideal,1,False,14.210398562050484,30.210398562050486,0.26,0.23,0.034,2.7466063509647323,0.8216377358750955,False,BALANCING
100,20,10,1.25,0.0030625,half_50ms,0.18,ideal,1,False,0,0.0,,,0.034,,,False,FALLEN
100,50,10,1.25,0.0030625,half_50ms,0.18,ideal,1,False,0,0.0,,,0.034,,,False,FALLEN
100,100,10,1.25,0.0030625,half_50ms,0.18,ideal,1,False,0,1.2892932193025786,,,0.034,,,True,FALLEN
100,200,10,1.25,0.0030625,half_50ms,0.18,ideal,1,True,0.3508465156494715,16.350846515649472,0.962,0.198,0.034,0.3146840962437308,0.1332716699953864,False,BALANCING
100,350,10,1.25,0.0030625,half_50ms,0.18,ideal,1,True,0.3508465156494715,16.350846515649472,0.962,0.198,0.034,0.3146840962437308,0.1332716699953864,False,BALANCING
100,500,10,1.25,0.0030625,half_50ms,0.18,ideal,1,True,0.3508465156494715,16.350846515649472,0.962,0.198,0.034,0.3146840962437308,0.1332716699953864,False,BALANCING
100,20,15,1.25,0.0030625,half_50ms,0.18,ideal,1,False,0,0.0,,,0.034,,,False,FALLEN
100,50,15,1.25,0.0030625,half_50ms,0.18,ideal,1,False,0,0.0,,,0.034,,,False,FALLEN
100,100,15,1.25,0.0030625,half_50ms,0.18,ideal,1,False,0,1.2892932193025786,,,0.034,,,True,FALLEN
100,200,15,1.25,0.0030625,half_50ms,0.18,ideal,1,False,2.6145146132103942,18.614514613210396,1.344,0.14200000000000002,0.034,2.596001299927142,0.8446568604580831,False,BALANCING
100,350,15,1.25,0.0030625,half_50ms,0.18,ideal,1,False,2.6145146132103942,18.614514613210396,1.344,0.14200000000000002,0.034,2.596001299927142,0.8446568604580831,False,BALANCING
100,500,15,1.25,0.0030625,half_50ms,0.18,ideal,1,False,2.6145146132103942,18.614514613210396,1.344,0.14200000000000002,0.034,2.596001299927142,0.8446568604580831,False,BALANCING
150,20,5,1.25,0.0030625,half_50ms,0.18,ideal,1,False,0,0.0,,,0.054,,,False,FALLEN
150,50,5,1.25,0.0030625,half_50ms,0.18,ideal,1,False,0,0.0,,,0.054,,,False,FALLEN
150,100,5,1.25,0.0030625,half_50ms,0.18,ideal,1,False,0,1.552207585956367,,,0.054,,,True,FALLEN
150,200,5,1.25,0.0030625,half_50ms,0.18,ideal,1,False,16.0,32.0,0.28800000000000003,,0.054,,,True,FALLEN
150,350,5,1.25,0.0030625,half_50ms,0.18,ideal,1,False,16.0,32.0,0.28600000000000003,0.258,0.054,16.0,0.0,True,FALLEN
150,500,5,1.25,0.0030625,half_50ms,0.18,ideal,1,False,16.0,32.0,0.28600000000000003,0.258,0.054,16.0,0.0,True,FALLEN
150,20,10,1.25,0.0030625,half_50ms,0.18,ideal,1,False,0,0.0,,,0.054,,,False,FALLEN
150,50,10,1.25,0.0030625,half_50ms,0.18,ideal,1,False,0,0.0,,,0.054,,,False,FALLEN
150,100,10,1.25,0.0030625,half_50ms,0.18,ideal,1,False,0,1.552207585956367,,,0.054,,,True,FALLEN
150,200,10,1.25,0.0030625,half_50ms,0.18,ideal,1,True,0.12040019568216175,16.120400195682162,1.3820000000000001,0.226,0.054,0.11890061040765622,0.04020711308941053,False,BALANCING
150,350,10,1.25,0.0030625,half_50ms,0.18,ideal,1,True,0.12040019568216175,16.120400195682162,1.3820000000000001,0.226,0.054,0.11890061040765622,0.04020711308941053,False,BALANCING
150,500,10,1.25,0.0030625,half_50ms,0.18,ideal,1,True,0.12040019568216175,16.120400195682162,1.3820000000000001,0.226,0.054,0.11890061040765622,0.04020711308941053,False,BALANCING
150,20,15,1.25,0.0030625,half_50ms,0.18,ideal,1,False,0,0.0,,,0.054,,,False,FALLEN
150,50,15,1.25,0.0030625,half_50ms,0.18,ideal,1,False,0,0.0,,,0.054,,,False,FALLEN
150,100,15,1.25,0.0030625,half_50ms,0.18,ideal,1,False,0,1.552207585956367,,,0.054,,,True,FALLEN
150,200,15,1.25,0.0030625,half_50ms,0.18,ideal,1,False,2.512076700032379,18.51207670003238,1.414,0.16,0.054,2.505147038181722,0.7772415742447322,False,BALANCING
150,350,15,1.25,0.0030625,half_50ms,0.18,ideal,1,False,2.512076700032379,18.51207670003238,1.414,0.16,0.054,2.505147038181722,0.7772415742447322,False,BALANCING
150,500,15,1.25,0.0030625,half_50ms,0.18,ideal,1,False,2.512076700032379,18.51207670003238,1.414,0.16,0.054,2.505147038181722,0.7772415742447322,False,BALANCING
200,20,5,1.25,0.0030625,half_50ms,0.18,ideal,1,False,0,0.0,,,0.076,,,False,FALLEN
200,50,5,1.25,0.0030625,half_50ms,0.18,ideal,1,False,0,0.0,,,0.076,,,False,FALLEN
200,100,5,1.25,0.0030625,half_50ms,0.18,ideal,1,False,0,2.342240312852992,,,0.076,,,True,FALLEN
200,200,5,1.25,0.0030625,half_50ms,0.18,ideal,1,False,16.0,32.0,0.31,,0.076,,,True,FALLEN
200,350,5,1.25,0.0030625,half_50ms,0.18,ideal,1,False,16.0,32.0,0.308,0.28,0.076,16.0,0.0,True,FALLEN
200,500,5,1.25,0.0030625,half_50ms,0.18,ideal,1,False,16.0,32.0,0.308,0.28,0.076,16.0,0.0,True,FALLEN
200,20,10,1.25,0.0030625,half_50ms,0.18,ideal,1,False,0,0.0,,,0.076,,,False,FALLEN
200,50,10,1.25,0.0030625,half_50ms,0.18,ideal,1,False,0,0.0,,,0.076,,,False,FALLEN
200,100,10,1.25,0.0030625,half_50ms,0.18,ideal,1,False,0,2.342240312852992,,,0.076,,,True,FALLEN
200,200,10,1.25,0.0030625,half_50ms,0.18,ideal,1,True,0.12490404969702144,16.124904049697022,2.176,0.248,0.076,0.12490404969702144,0.09501806039142022,False,BALANCING
200,350,10,1.25,0.0030625,half_50ms,0.18,ideal,1,True,0.12490404969702144,16.124904049697022,2.176,0.248,0.076,0.12490404969702144,0.09501806039142022,False,BALANCING
200,500,10,1.25,0.0030625,half_50ms,0.18,ideal,1,True,0.12490404969702144,16.124904049697022,2.176,0.248,0.076,0.12490404969702144,0.09501806039142022,False,BALANCING
200,20,15,1.25,0.0030625,half_50ms,0.18,ideal,1,False,0,0.0,,,0.076,,,False,FALLEN
200,50,15,1.25,0.0030625,half_50ms,0.18,ideal,1,False,0,0.0,,,0.076,,,False,FALLEN
200,100,15,1.25,0.0030625,half_50ms,0.18,ideal,1,False,2.403432303647197,18.403432303647197,1.486,0.176,0.076,2.402630244735141,0.7042503904778332,False,BALANCING
200,200,15,1.25,0.0030625,half_50ms,0.18,ideal,1,False,2.403432303647197,18.403432303647197,1.486,0.176,0.076,2.402630244735141,0.7042503904778332,False,BALANCING
200,350,15,1.25,0.0030625,half_50ms,0.18,ideal,1,False,2.403432303647197,18.403432303647197,1.486,0.176,0.076,2.402630244735141,0.7042503904778332,False,BALANCING
200,500,15,1.25,0.0030625,half_50ms,0.18,ideal,1,False,2.403432303647197,18.403432303647197,1.486,0.176,0.076,2.402630244735141,0.7042503904778332,False,BALANCING
250,20,5,1.25,0.0030625,half_50ms,0.18,ideal,1,False,0,0.0,,,0.10200000000000001,,,False,FALLEN
250,50,5,1.25,0.0030625,half_50ms,0.18,ideal,1,False,0,0.0,,,0.10200000000000001,,,False,FALLEN
250,100,5,1.25,0.0030625,half_50ms,0.18,ideal,1,False,0,2.567804753682635,,,0.10200000000000001,,,True,FALLEN
250,200,5,1.25,0.0030625,half_50ms,0.18,ideal,1,False,16.0,32.0,0.338,,0.10200000000000001,,,True,FALLEN
250,350,5,1.25,0.0030625,half_50ms,0.18,ideal,1,False,16.0,32.0,0.336,0.308,0.10200000000000001,16.0,0.0,True,FALLEN
250,500,5,1.25,0.0030625,half_50ms,0.18,ideal,1,False,16.0,32.0,0.336,0.308,0.10200000000000001,16.0,0.0,True,FALLEN
250,20,10,1.25,0.0030625,half_50ms,0.18,ideal,1,False,0,0.0,,,0.10200000000000001,,,False,FALLEN
250,50,10,1.25,0.0030625,half_50ms,0.18,ideal,1,False,0,0.0,,,0.10200000000000001,,,False,FALLEN
250,100,10,1.25,0.0030625,half_50ms,0.18,ideal,1,False,0,2.567804753682635,,,0.10200000000000001,,,True,FALLEN
250,200,10,1.25,0.0030625,half_50ms,0.18,ideal,1,True,0.4925181372485831,16.492518137248585,1.934,0.27,0.10200000000000001,0.4925181372485831,0.17078649690695102,False,BALANCING
250,350,10,1.25,0.0030625,half_50ms,0.18,ideal,1,True,0.4925181372485831,16.492518137248585,1.934,0.27,0.10200000000000001,0.4925181372485831,0.17078649690695102,False,BALANCING
250,500,10,1.25,0.0030625,half_50ms,0.18,ideal,1,True,0.4925181372485831,16.492518137248585,1.934,0.27,0.10200000000000001,0.4925181372485831,0.17078649690695102,False,BALANCING
250,20,15,1.25,0.0030625,half_50ms,0.18,ideal,1,False,0,0.0,,,0.10200000000000001,,,False,FALLEN
250,50,15,1.25,0.0030625,half_50ms,0.18,ideal,1,False,0,0.0,,,0.10200000000000001,,,False,FALLEN
250,100,15,1.25,0.0030625,half_50ms,0.18,ideal,1,False,2.275280992194602,18.275280992194602,1.568,0.202,0.10200000000000001,2.275280992194602,0.6220021628646301,False,BALANCING
250,200,15,1.25,0.0030625,half_50ms,0.18,ideal,1,False,2.275280992194602,18.275280992194602,1.568,0.202,0.10200000000000001,2.275280992194602,0.6220021628646301,False,BALANCING
250,350,15,1.25,0.0030625,half_50ms,0.18,ideal,1,False,2.275280992194602,18.275280992194602,1.568,0.202,0.10200000000000001,2.275280992194602,0.6220021628646301,False,BALANCING
250,500,15,1.25,0.0030625,half_50ms,0.18,ideal,1,False,2.275280992194602,18.275280992194602,1.568,0.202,0.10200000000000001,2.275280992194602,0.6220021628646301,False,BALANCING
300,20,5,1.25,0.0030625,half_50ms,0.18,ideal,1,False,0,0.0,,,0.132,,,False,FALLEN
300,50,5,1.25,0.0030625,half_50ms,0.18,ideal,1,False,0,0.0,,,0.132,,,False,FALLEN
300,100,5,1.25,0.0030625,half_50ms,0.18,ideal,1,False,0,3.6356509421655527,,,0.132,,,True,FALLEN
300,200,5,1.25,0.0030625,half_50ms,0.18,ideal,1,False,9.271903377313736,25.271903377313734,0.362,0.33,0.132,2.393801560801957,0.8718545586703769,False,BALANCING
300,350,5,1.25,0.0030625,half_50ms,0.18,ideal,1,False,9.271903377313736,25.271903377313734,0.362,0.33,0.132,2.393801560801957,0.8718545586703769,False,BALANCING
300,500,5,1.25,0.0030625,half_50ms,0.18,ideal,1,False,9.271903377313736,25.271903377313734,0.362,0.33,0.132,2.393801560801957,0.8718545586703769,False,BALANCING
300,20,10,1.25,0.0030625,half_50ms,0.18,ideal,1,False,0,0.0,,,0.132,,,False,FALLEN
300,50,10,1.25,0.0030625,half_50ms,0.18,ideal,1,False,0,0.0,,,0.132,,,False,FALLEN
300,100,10,1.25,0.0030625,half_50ms,0.18,ideal,1,False,0,3.6356509421655527,,,0.132,,,True,FALLEN
300,200,10,1.25,0.0030625,half_50ms,0.18,ideal,1,True,0.10859388338843357,16.108593883388433,2.836,0.292,0.132,0.10859388338843357,0.3614547675463158,False,BALANCING
300,350,10,1.25,0.0030625,half_50ms,0.18,ideal,1,True,0.10859388338843357,16.108593883388433,2.836,0.292,0.132,0.10859388338843357,0.3614547675463158,False,BALANCING
300,500,10,1.25,0.0030625,half_50ms,0.18,ideal,1,True,0.10859388338843357,16.108593883388433,2.836,0.292,0.132,0.10859388338843357,0.3614547675463158,False,BALANCING
300,20,15,1.25,0.0030625,half_50ms,0.18,ideal,1,False,0,0.0,,,0.132,,,False,FALLEN
300,50,15,1.25,0.0030625,half_50ms,0.18,ideal,1,False,0,0.0,,,0.132,,,False,FALLEN
300,100,15,1.25,0.0030625,half_50ms,0.18,ideal,1,False,2.1159306673547644,18.115930667354764,1.6600000000000001,0.228,0.132,2.1159306673547644,0.5238042587494518,False,BALANCING
300,200,15,1.25,0.0030625,half_50ms,0.18,ideal,1,False,2.1159306673547644,18.115930667354764,1.6600000000000001,0.228,0.132,2.1159306673547644,0.5238042587494518,False,BALANCING
300,350,15,1.25,0.0030625,half_50ms,0.18,ideal,1,False,2.1159306673547644,18.115930667354764,1.6600000000000001,0.228,0.132,2.1159306673547644,0.5238042587494518,False,BALANCING
300,500,15,1.25,0.0030625,half_50ms,0.18,ideal,1,False,2.1159306673547644,18.115930667354764,1.6600000000000001,0.228,0.132,2.1159306673547644,0.5238042587494518,False,BALANCING
350,20,5,1.25,0.0030625,half_50ms,0.18,ideal,1,False,0,0.0,,,0.166,,,False,FALLEN
350,50,5,1.25,0.0030625,half_50ms,0.18,ideal,1,False,0,0.0,,,0.166,,,False,FALLEN
350,100,5,1.25,0.0030625,half_50ms,0.18,ideal,1,False,0,4.306306534575105,,,0.166,,,True,FALLEN
350,200,5,1.25,0.0030625,half_50ms,0.18,ideal,1,False,16.0,32.0,0.392,0.36,0.166,16.0,0.0,True,FALLEN
350,350,5,1.25,0.0030625,half_50ms,0.18,ideal,1,False,16.0,32.0,0.392,0.36,0.166,16.0,0.0,True,FALLEN
350,500,5,1.25,0.0030625,half_50ms,0.18,ideal,1,False,16.0,32.0,0.392,0.36,0.166,16.0,0.0,True,FALLEN
350,20,10,1.25,0.0030625,half_50ms,0.18,ideal,1,False,0,0.0,,,0.166,,,False,FALLEN
350,50,10,1.25,0.0030625,half_50ms,0.18,ideal,1,False,0,0.0,,,0.166,,,False,FALLEN
350,100,10,1.25,0.0030625,half_50ms,0.18,ideal,1,False,0,4.306306534575105,,,0.166,,,True,FALLEN
350,200,10,1.25,0.0030625,half_50ms,0.18,ideal,1,True,0,15.772679149958678,,0.322,0.166,0.3262335057084838,0.47348253264592965,False,BALANCING
350,350,10,1.25,0.0030625,half_50ms,0.18,ideal,1,True,0,15.772679149958678,,0.322,0.166,0.3262335057084838,0.47348253264592965,False,BALANCING
350,500,10,1.25,0.0030625,half_50ms,0.18,ideal,1,True,0,15.772679149958678,,0.322,0.166,0.3262335057084838,0.47348253264592965,False,BALANCING
350,20,15,1.25,0.0030625,half_50ms,0.18,ideal,1,False,0,0.0,,,0.166,,,False,FALLEN
350,50,15,1.25,0.0030625,half_50ms,0.18,ideal,1,False,0,0.0,,,0.166,,,False,FALLEN
350,100,15,1.25,0.0030625,half_50ms,0.18,ideal,1,True,1.859678259051192,17.859678259051194,1.776,0.262,0.166,1.859678259051192,0.39140910308993726,False,BALANCING
350,200,15,1.25,0.0030625,half_50ms,0.18,ideal,1,True,1.859678259051192,17.859678259051194,1.776,0.262,0.166,1.859678259051192,0.39140910308993726,False,BALANCING
350,350,15,1.25,0.0030625,half_50ms,0.18,ideal,1,True,1.859678259051192,17.859678259051194,1.776,0.262,0.166,1.859678259051192,0.39140910308993726,False,BALANCING
350,500,15,1.25,0.0030625,half_50ms,0.18,ideal,1,True,1.859678259051192,17.859678259051194,1.776,0.262,0.166,1.859678259051192,0.39140910308993726,False,BALANCING
400,20,5,1.25,0.0030625,half_50ms,0.18,ideal,1,False,0,0.0,,,0.21,,,False,FALLEN
400,50,5,1.25,0.0030625,half_50ms,0.18,ideal,1,False,0,0.0,,,0.21,,,False,FALLEN
400,100,5,1.25,0.0030625,half_50ms,0.18,ideal,1,False,0,6.67919831876595,,,0.21,,,True,FALLEN
400,200,5,1.25,0.0030625,half_50ms,0.18,ideal,1,False,16.0,32.0,0.426,0.396,0.21,16.0,0.0,True,FALLEN
400,350,5,1.25,0.0030625,half_50ms,0.18,ideal,1,False,16.0,32.0,0.426,0.396,0.21,16.0,0.0,True,FALLEN
400,500,5,1.25,0.0030625,half_50ms,0.18,ideal,1,False,16.0,32.0,0.426,0.396,0.21,16.0,0.0,True,FALLEN
400,20,10,1.25,0.0030625,half_50ms,0.18,ideal,1,False,0,0.0,,,0.21,,,False,FALLEN
400,50,10,1.25,0.0030625,half_50ms,0.18,ideal,1,False,0,0.0,,,0.21,,,False,FALLEN
400,100,10,1.25,0.0030625,half_50ms,0.18,ideal,1,False,0,6.67919831876595,,,0.21,,,True,FALLEN
400,200,10,1.25,0.0030625,half_50ms,0.18,ideal,1,True,0,15.491830081578037,,0.36,0.21,0.7453471093740446,0.5202631607221475,False,BALANCING
400,350,10,1.25,0.0030625,half_50ms,0.18,ideal,1,True,0,15.491830081578037,,0.36,0.21,0.7453471093740446,0.5202631607221475,False,BALANCING
400,500,10,1.25,0.0030625,half_50ms,0.18,ideal,1,True,0,15.491830081578037,,0.36,0.21,0.7453471093740446,0.5202631607221475,False,BALANCING
400,20,15,1.25,0.0030625,half_50ms,0.18,ideal,1,False,0,0.0,,,0.21,,,False,FALLEN
400,50,15,1.25,0.0030625,half_50ms,0.18,ideal,1,False,0,0.0,,,0.21,,,False,FALLEN
400,100,15,1.25,0.0030625,half_50ms,0.18,ideal,1,True,1.6078398986473437,17.607839898647345,1.9180000000000001,0.302,0.21,1.6078398986473437,0.4615606484979901,False,BALANCING
400,200,15,1.25,0.0030625,half_50ms,0.18,ideal,1,True,1.6078398986473437,17.607839898647345,1.9180000000000001,0.302,0.21,1.6078398986473437,0.4615606484979901,False,BALANCING
400,350,15,1.25,0.0030625,half_50ms,0.18,ideal,1,True,1.6078398986473437,17.607839898647345,1.9180000000000001,0.302,0.21,1.6078398986473437,0.4615606484979901,False,BALANCING
400,500,15,1.25,0.0030625,half_50ms,0.18,ideal,1,True,1.6078398986473437,17.607839898647345,1.9180000000000001,0.302,0.21,1.6078398986473437,0.4615606484979901,False,BALANCING
450,20,5,1.25,0.0030625,half_50ms,0.18,ideal,1,False,0,0.0,,,0.268,,,False,FALLEN
450,50,5,1.25,0.0030625,half_50ms,0.18,ideal,1,False,0,0.0,,,0.268,,,False,FALLEN
450,100,5,1.25,0.0030625,half_50ms,0.18,ideal,1,False,16.0,32.0,0.714,,0.268,,,True,FALLEN
450,200,5,1.25,0.0030625,half_50ms,0.18,ideal,1,False,16.0,32.0,0.47600000000000003,0.448,0.268,16.0,0.0,True,FALLEN
450,350,5,1.25,0.0030625,half_50ms,0.18,ideal,1,False,16.0,32.0,0.47600000000000003,0.448,0.268,16.0,0.0,True,FALLEN
450,500,5,1.25,0.0030625,half_50ms,0.18,ideal,1,False,16.0,32.0,0.47600000000000003,0.448,0.268,16.0,0.0,True,FALLEN
450,20,10,1.25,0.0030625,half_50ms,0.18,ideal,1,False,0,0.0,,,0.268,,,False,FALLEN
450,50,10,1.25,0.0030625,half_50ms,0.18,ideal,1,False,0,0.0,,,0.268,,,False,FALLEN
450,100,10,1.25,0.0030625,half_50ms,0.18,ideal,1,False,16.0,32.0,0.714,,0.268,,,True,FALLEN
450,200,10,1.25,0.0030625,half_50ms,0.18,ideal,1,True,0.22082071708288042,16.22082071708288,0.518,0.41400000000000003,0.268,1.1802417011351811,0.6466503956397733,False,BALANCING
450,350,10,1.25,0.0030625,half_50ms,0.18,ideal,1,True,0.22082071708288042,16.22082071708288,0.518,0.41400000000000003,0.268,1.1802417011351811,0.6466503956397733,False,BALANCING
450,500,10,1.25,0.0030625,half_50ms,0.18,ideal,1,True,0.22082071708288042,16.22082071708288,0.518,0.41400000000000003,0.268,1.1802417011351811,0.6466503956397733,False,BALANCING
450,20,15,1.25,0.0030625,half_50ms,0.18,ideal,1,False,0,0.0,,,0.268,,,False,FALLEN
450,50,15,1.25,0.0030625,half_50ms,0.18,ideal,1,False,0,0.0,,,0.268,,,False,FALLEN
450,100,15,1.25,0.0030625,half_50ms,0.18,ideal,1,True,1.3718004117666096,17.37180041176661,2.088,0.358,0.268,1.3718004117666096,0.6010053931210417,False,BALANCING
450,200,15,1.25,0.0030625,half_50ms,0.18,ideal,1,True,1.3718004117666096,17.37180041176661,2.088,0.358,0.268,1.3718004117666096,0.6010053931210417,False,BALANCING
450,350,15,1.25,0.0030625,half_50ms,0.18,ideal,1,True,1.3718004117666096,17.37180041176661,2.088,0.358,0.268,1.3718004117666096,0.6010053931210417,False,BALANCING
450,500,15,1.25,0.0030625,half_50ms,0.18,ideal,1,True,1.3718004117666096,17.37180041176661,2.088,0.358,0.268,1.3718004117666096,0.6010053931210417,False,BALANCING
500,20,5,1.25,0.0030625,half_50ms,0.18,ideal,1,False,0,0.0,,,0.352,,,False,FALLEN
500,50,5,1.25,0.0030625,half_50ms,0.18,ideal,1,False,0,0.0,,,0.352,,,False,FALLEN
500,100,5,1.25,0.0030625,half_50ms,0.18,ideal,1,False,16.0,32.0,0.704,,0.352,,,True,FALLEN
500,200,5,1.25,0.0030625,half_50ms,0.18,ideal,1,False,16.0,32.0,0.554,0.526,0.352,16.0,0.0,True,FALLEN
500,350,5,1.25,0.0030625,half_50ms,0.18,ideal,1,False,16.0,32.0,0.554,0.526,0.352,16.0,0.0,True,FALLEN
500,500,5,1.25,0.0030625,half_50ms,0.18,ideal,1,False,16.0,32.0,0.554,0.526,0.352,16.0,0.0,True,FALLEN
500,20,10,1.25,0.0030625,half_50ms,0.18,ideal,1,False,0,0.0,,,0.352,,,False,FALLEN
500,50,10,1.25,0.0030625,half_50ms,0.18,ideal,1,False,0,0.0,,,0.352,,,False,FALLEN
500,100,10,1.25,0.0030625,half_50ms,0.18,ideal,1,False,16.0,32.0,0.704,,0.352,,,True,FALLEN
500,200,10,1.25,0.0030625,half_50ms,0.18,ideal,1,True,1.6642664478581823,17.664266447858182,0.582,0.494,0.352,1.6522710849784705,0.7981865147014767,False,BALANCING
500,350,10,1.25,0.0030625,half_50ms,0.18,ideal,1,True,1.6642664478581823,17.664266447858182,0.582,0.494,0.352,1.6522710849784705,0.7981865147014767,False,BALANCING
500,500,10,1.25,0.0030625,half_50ms,0.18,ideal,1,True,1.6642664478581823,17.664266447858182,0.582,0.494,0.352,1.6522710849784705,0.7981865147014767,False,BALANCING
500,20,15,1.25,0.0030625,half_50ms,0.18,ideal,1,False,0,0.0,,,0.352,,,False,FALLEN
500,50,15,1.25,0.0030625,half_50ms,0.18,ideal,1,False,0,0.0,,,0.352,,,False,FALLEN
500,100,15,1.25,0.0030625,half_50ms,0.18,ideal,1,True,1.1790209727101941,17.179020972710195,2.294,0.44,0.352,1.1790209727101941,0.7408491197586594,False,BALANCING
500,200,15,1.25,0.0030625,half_50ms,0.18,ideal,1,True,1.1790209727101941,17.179020972710195,2.294,0.44,0.352,1.1790209727101941,0.7408491197586594,False,BALANCING
500,350,15,1.25,0.0030625,half_50ms,0.18,ideal,1,True,1.1790209727101941,17.179020972710195,2.294,0.44,0.352,1.1790209727101941,0.7408491197586594,False,BALANCING
500,500,15,1.25,0.0030625,half_50ms,0.18,ideal,1,True,1.1790209727101941,17.179020972710195,2.294,0.44,0.352,1.1790209727101941,0.7408491197586594,False,BALANCING
550,20,5,1.25,0.0030625,half_50ms,0.18,ideal,1,False,0,0.0,,,0.52,,,False,FALLEN
550,50,5,1.25,0.0030625,half_50ms,0.18,ideal,1,False,0,0.0,,,0.52,,,False,FALLEN
550,100,5,1.25,0.0030625,half_50ms,0.18,ideal,1,False,16.0,32.0,0.81,,0.52,,,True,FALLEN
550,200,5,1.25,0.0030625,half_50ms,0.18,ideal,1,False,16.0,32.0,0.718,0.6900000000000001,0.52,16.0,0.0,True,FALLEN
550,350,5,1.25,0.0030625,half_50ms,0.18,ideal,1,False,16.0,32.0,0.718,0.6900000000000001,0.52,16.0,0.0,True,FALLEN
550,500,5,1.25,0.0030625,half_50ms,0.18,ideal,1,False,16.0,32.0,0.718,0.6900000000000001,0.52,16.0,0.0,True,FALLEN
550,20,10,1.25,0.0030625,half_50ms,0.18,ideal,1,False,0,0.0,,,0.52,,,False,FALLEN
550,50,10,1.25,0.0030625,half_50ms,0.18,ideal,1,False,0,0.0,,,0.52,,,False,FALLEN
550,100,10,1.25,0.0030625,half_50ms,0.18,ideal,1,False,16.0,32.0,0.81,,0.52,,,True,FALLEN
550,200,10,1.25,0.0030625,half_50ms,0.18,ideal,1,False,16.0,32.0,0.734,0.66,0.52,16.0,0.0,True,FALLEN
550,350,10,1.25,0.0030625,half_50ms,0.18,ideal,1,False,16.0,32.0,0.734,0.66,0.52,16.0,0.0,True,FALLEN
550,500,10,1.25,0.0030625,half_50ms,0.18,ideal,1,False,16.0,32.0,0.734,0.66,0.52,16.0,0.0,True,FALLEN
550,20,15,1.25,0.0030625,half_50ms,0.18,ideal,1,False,0,0.0,,,0.52,,,False,FALLEN
550,50,15,1.25,0.0030625,half_50ms,0.18,ideal,1,False,0,0.0,,,0.52,,,False,FALLEN
550,100,15,1.25,0.0030625,half_50ms,0.18,ideal,1,True,0.9149881785046295,16.91498817850463,2.636,0.608,0.52,0.9149881785046295,0.8824040712305053,False,BALANCING
550,200,15,1.25,0.0030625,half_50ms,0.18,ideal,1,True,0.9149881785046295,16.91498817850463,2.636,0.608,0.52,0.9149881785046295,0.8824040712305053,False,BALANCING
550,350,15,1.25,0.0030625,half_50ms,0.18,ideal,1,True,0.9149881785046295,16.91498817850463,2.636,0.608,0.52,0.9149881785046295,0.8824040712305053,False,BALANCING
550,500,15,1.25,0.0030625,half_50ms,0.18,ideal,1,True,0.9149881785046295,16.91498817850463,2.636,0.608,0.52,0.9149881785046295,0.8824040712305053,False,BALANCING
580,20,5,1.25,0.0030625,half_50ms,0.18,ideal,1,False,0,0.0,,,0.982,,,False,FALLEN
580,50,5,1.25,0.0030625,half_50ms,0.18,ideal,1,False,0,0.0,,,0.982,,,False,FALLEN
580,100,5,1.25,0.0030625,half_50ms,0.18,ideal,1,False,16.0,32.0,1.264,,0.982,,,True,FALLEN
580,200,5,1.25,0.0030625,half_50ms,0.18,ideal,1,False,16.0,32.0,1.176,1.1500000000000001,0.982,16.0,0.0,True,FALLEN
580,350,5,1.25,0.0030625,half_50ms,0.18,ideal,1,False,16.0,32.0,1.176,1.1500000000000001,0.982,16.0,0.0,True,FALLEN
580,500,5,1.25,0.0030625,half_50ms,0.18,ideal,1,False,16.0,32.0,1.176,1.1500000000000001,0.982,16.0,0.0,True,FALLEN
580,20,10,1.25,0.0030625,half_50ms,0.18,ideal,1,False,0,0.0,,,0.982,,,False,FALLEN
580,50,10,1.25,0.0030625,half_50ms,0.18,ideal,1,False,0,0.0,,,0.982,,,False,FALLEN
580,100,10,1.25,0.0030625,half_50ms,0.18,ideal,1,False,16.0,32.0,1.264,,0.982,,,True,FALLEN
580,200,10,1.25,0.0030625,half_50ms,0.18,ideal,1,False,16.0,32.0,1.192,1.12,0.982,16.0,0.0,True,FALLEN
580,350,10,1.25,0.0030625,half_50ms,0.18,ideal,1,False,16.0,32.0,1.192,1.12,0.982,16.0,0.0,True,FALLEN
580,500,10,1.25,0.0030625,half_50ms,0.18,ideal,1,False,16.0,32.0,1.192,1.12,0.982,16.0,0.0,True,FALLEN
580,20,15,1.25,0.0030625,half_50ms,0.18,ideal,1,False,0,0.0,,,0.982,,,False,FALLEN
580,50,15,1.25,0.0030625,half_50ms,0.18,ideal,1,False,0,0.0,,,0.982,,,False,FALLEN
580,100,15,1.25,0.0030625,half_50ms,0.18,ideal,1,True,0.8223485432668468,16.82234854326685,3.18,1.068,0.982,0.8223485432668468,0.9644327602507421,False,BALANCING
580,200,15,1.25,0.0030625,half_50ms,0.18,ideal,1,True,0.8223485432668468,16.82234854326685,3.18,1.068,0.982,0.8223485432668468,0.9644327602507421,False,BALANCING
580,350,15,1.25,0.0030625,half_50ms,0.18,ideal,1,True,0.8223485432668468,16.82234854326685,3.18,1.068,0.982,0.8223485432668468,0.9644327602507421,False,BALANCING
580,500,15,1.25,0.0030625,half_50ms,0.18,ideal,1,True,0.8223485432668468,16.82234854326685,3.18,1.068,0.982,0.8223485432668468,0.9644327602507421,False,BALANCING
100,20,5,1.5,0.003675,nominal,0.18,ideal,1,False,0,2.6190279316523792,,,0.034,,,True,FALLEN
100,50,5,1.5,0.003675,nominal,0.18,ideal,1,False,16.0,32.0,0.24,,0.034,,,True,FALLEN
100,100,5,1.5,0.003675,nominal,0.18,ideal,1,True,1.8779912519090536,17.877991251909055,0.16,0.13,0.034,0.4137322900209448,0.1206919877010131,False,BALANCING
100,200,5,1.5,0.003675,nominal,0.18,ideal,1,True,1.8779912519090536,17.877991251909055,0.16,0.13,0.034,0.4137322900209448,0.1206919877010131,False,BALANCING
100,350,5,1.5,0.003675,nominal,0.18,ideal,1,True,1.8779912519090536,17.877991251909055,0.16,0.13,0.034,0.4137322900209448,0.1206919877010131,False,BALANCING
100,500,5,1.5,0.003675,nominal,0.18,ideal,1,True,1.8779912519090536,17.877991251909055,0.16,0.13,0.034,0.4137322900209448,0.1206919877010131,False,BALANCING
100,20,10,1.5,0.003675,nominal,0.18,ideal,1,False,0,2.6190279316523792,,,0.034,,,True,FALLEN
100,50,10,1.5,0.003675,nominal,0.18,ideal,1,False,16.0,32.0,0.24,,0.034,,,True,FALLEN
100,100,10,1.5,0.003675,nominal,0.18,ideal,1,True,0.7090144171058137,16.709014417105813,1.45,0.10400000000000001,0.034,0.7090144171058137,0.15283980209189135,False,BALANCING
100,200,10,1.5,0.003675,nominal,0.18,ideal,1,True,0.7090144171058137,16.709014417105813,1.45,0.10400000000000001,0.034,0.7090144171058137,0.15283980209189135,False,BALANCING
100,350,10,1.5,0.003675,nominal,0.18,ideal,1,True,0.7090144171058137,16.709014417105813,1.45,0.10400000000000001,0.034,0.7090144171058137,0.15283980209189135,False,BALANCING
100,500,10,1.5,0.003675,nominal,0.18,ideal,1,True,0.7090144171058137,16.709014417105813,1.45,0.10400000000000001,0.034,0.7090144171058137,0.15283980209189135,False,BALANCING
100,20,15,1.5,0.003675,nominal,0.18,ideal,1,False,0,2.6190279316523792,,,0.034,,,True,FALLEN
100,50,15,1.5,0.003675,nominal,0.18,ideal,1,True,1.6521618840607915,17.652161884060792,1.3760000000000001,0.064,0.034,1.6521618840607915,0.37223219281736486,False,BALANCING
100,100,15,1.5,0.003675,nominal,0.18,ideal,1,True,1.6521618840607915,17.652161884060792,1.3760000000000001,0.064,0.034,1.6521618840607915,0.37223219281736486,False,BALANCING
100,200,15,1.5,0.003675,nominal,0.18,ideal,1,True,1.6521618840607915,17.652161884060792,1.3760000000000001,0.064,0.034,1.6521618840607915,0.37223219281736486,False,BALANCING
100,350,15,1.5,0.003675,nominal,0.18,ideal,1,True,1.6521618840607915,17.652161884060792,1.3760000000000001,0.064,0.034,1.6521618840607915,0.37223219281736486,False,BALANCING
100,500,15,1.5,0.003675,nominal,0.18,ideal,1,True,1.6521618840607915,17.652161884060792,1.3760000000000001,0.064,0.034,1.6521618840607915,0.37223219281736486,False,BALANCING
150,20,5,1.5,0.003675,nominal,0.18,ideal,1,False,0,3.4531622034260785,,,0.054,,,True,FALLEN
150,50,5,1.5,0.003675,nominal,0.18,ideal,1,False,16.0,32.0,0.22,,0.054,,,True,FALLEN
150,100,5,1.5,0.003675,nominal,0.18,ideal,1,True,3.4533842271072963,19.453384227107296,0.17,0.146,0.054,0.8698255761605432,0.26448781793426607,False,BALANCING
150,200,5,1.5,0.003675,nominal,0.18,ideal,1,True,3.4533842271072963,19.453384227107296,0.17,0.146,0.054,0.8698255761605432,0.26448781793426607,False,BALANCING
150,350,5,1.5,0.003675,nominal,0.18,ideal,1,True,3.4533842271072963,19.453384227107296,0.17,0.146,0.054,0.8698255761605432,0.26448781793426607,False,BALANCING
150,500,5,1.5,0.003675,nominal,0.18,ideal,1,True,3.4533842271072963,19.453384227107296,0.17,0.146,0.054,0.8698255761605432,0.26448781793426607,False,BALANCING
150,20,10,1.5,0.003675,nominal,0.18,ideal,1,False,0,3.4531622034260785,,,0.054,,,True,FALLEN
150,50,10,1.5,0.003675,nominal,0.18,ideal,1,False,16.0,32.0,0.22,,0.054,,,True,FALLEN
150,100,10,1.5,0.003675,nominal,0.18,ideal,1,True,0.3761580169559757,16.376158016955976,1.768,0.122,0.054,0.3761580169559757,0.12201363102388921,False,BALANCING
150,200,10,1.5,0.003675,nominal,0.18,ideal,1,True,0.3761580169559757,16.376158016955976,1.768,0.122,0.054,0.3761580169559757,0.12201363102388921,False,BALANCING
150,350,10,1.5,0.003675,nominal,0.18,ideal,1,True,0.3761580169559757,16.376158016955976,1.768,0.122,0.054,0.3761580169559757,0.12201363102388921,False,BALANCING
150,500,10,1.5,0.003675,nominal,0.18,ideal,1,True,0.3761580169559757,16.376158016955976,1.768,0.122,0.054,0.3761580169559757,0.12201363102388921,False,BALANCING
150,20,15,1.5,0.003675,nominal,0.18,ideal,1,False,0,3.4531622034260785,,,0.054,,,True,FALLEN
150,50,15,1.5,0.003675,nominal,0.18,ideal,1,True,1.4543223576089206,17.45432235760892,1.476,0.082,0.054,1.4543223576089206,0.2908550120793393,False,BALANCING
150,100,15,1.5,0.003675,nominal,0.18,ideal,1,True,1.4543223576089206,17.45432235760892,1.476,0.082,0.054,1.4543223576089206,0.2908550120793393,False,BALANCING
150,200,15,1.5,0.003675,nominal,0.18,ideal,1,True,1.4543223576089206,17.45432235760892,1.476,0.082,0.054,1.4543223576089206,0.2908550120793393,False,BALANCING
150,350,15,1.5,0.003675,nominal,0.18,ideal,1,True,1.4543223576089206,17.45432235760892,1.476,0.082,0.054,1.4543223576089206,0.2908550120793393,False,BALANCING
150,500,15,1.5,0.003675,nominal,0.18,ideal,1,True,1.4543223576089206,17.45432235760892,1.476,0.082,0.054,1.4543223576089206,0.2908550120793393,False,BALANCING
200,20,5,1.5,0.003675,nominal,0.18,ideal,1,False,0,3.706525335184029,,,0.076,,,True,FALLEN
200,50,5,1.5,0.003675,nominal,0.18,ideal,1,False,16.0,32.0,0.222,,0.076,,,True,FALLEN
200,100,5,1.5,0.003675,nominal,0.18,ideal,1,True,5.037979981811876,21.037979981811876,0.186,0.164,0.076,1.3273729670879864,0.406998151886802,False,BALANCING
200,200,5,1.5,0.003675,nominal,0.18,ideal,1,True,5.037979981811876,21.037979981811876,0.186,0.164,0.076,1.3273729670879864,0.406998151886802,False,BALANCING
200,350,5,1.5,0.003675,nominal,0.18,ideal,1,True,5.037979981811876,21.037979981811876,0.186,0.164,0.076,1.3273729670879864,0.406998151886802,False,BALANCING
200,500,5,1.5,0.003675,nominal,0.18,ideal,1,True,5.037979981811876,21.037979981811876,0.186,0.164,0.076,1.3273729670879864,0.406998151886802,False,BALANCING
200,20,10,1.5,0.003675,nominal,0.18,ideal,1,False,0,3.706525335184029,,,0.076,,,True,FALLEN
200,50,10,1.5,0.003675,nominal,0.18,ideal,1,False,16.0,32.0,0.222,,0.076,,,True,FALLEN
200,100,10,1.5,0.003675,nominal,0.18,ideal,1,True,0.1593436459450275,16.15934364594503,2.318,0.14,0.076,0.1593436459450275,0.21461245522573208,False,BALANCING
200,200,10,1.5,0.003675,nominal,0.18,ideal,1,True,0.1593436459450275,16.15934364594503,2.318,0.14,0.076,0.1593436459450275,0.21461245522573208,False,BALANCING
200,350,10,1.5,0.003675,nominal,0.18,ideal,1,True,0.1593436459450275,16.15934364594503,2.318,0.14,0.076,0.1593436459450275,0.21461245522573208,False,BALANCING
200,500,10,1.5,0.003675,nominal,0.18,ideal,1,True,0.1593436459450275,16.15934364594503,2.318,0.14,0.076,0.1593436459450275,0.21461245522573208,False,BALANCING
200,20,15,1.5,0.003675,nominal,0.18,ideal,1,False,0,3.706525335184029,,,0.076,,,True,FALLEN
200,50,15,1.5,0.003675,nominal,0.18,ideal,1,True,1.2394089978097758,17.239408997809775,1.592,0.10400000000000001,0.076,1.2394089978097758,0.2049163683412637,False,BALANCING
200,100,15,1.5,0.003675,nominal,0.18,ideal,1,True,1.2394089978097758,17.239408997809775,1.592,0.10400000000000001,0.076,1.2394089978097758,0.2049163683412637,False,BALANCING
200,200,15,1.5,0.003675,nominal,0.18,ideal,1,True,1.2394089978097758,17.239408997809775,1.592,0.10400000000000001,0.076,1.2394089978097758,0.2049163683412637,False,BALANCING
200,350,15,1.5,0.003675,nominal,0.18,ideal,1,True,1.2394089978097758,17.239408997809775,1.592,0.10400000000000001,0.076,1.2394089978097758,0.2049163683412637,False,BALANCING
200,500,15,1.5,0.003675,nominal,0.18,ideal,1,True,1.2394089978097758,17.239408997809775,1.592,0.10400000000000001,0.076,1.2394089978097758,0.2049163683412637,False,BALANCING
250,20,5,1.5,0.003675,nominal,0.18,ideal,1,False,0,6.66077783622428,,,0.10200000000000001,,,True,FALLEN
250,50,5,1.5,0.003675,nominal,0.18,ideal,1,False,16.0,32.0,0.23,,0.10200000000000001,,,True,FALLEN
250,100,5,1.5,0.003675,nominal,0.18,ideal,1,True,6.905697807988334,22.905697807988332,0.20800000000000002,0.186,0.10200000000000001,1.847459525741025,0.5643160541760798,False,BALANCING
250,200,5,1.5,0.003675,nominal,0.18,ideal,1,True,6.905697807988334,22.905697807988332,0.20800000000000002,0.186,0.10200000000000001,1.847459525741025,0.5643160541760798,False,BALANCING
250,350,5,1.5,0.003675,nominal,0.18,ideal,1,True,6.905697807988334,22.905697807988332,0.20800000000000002,0.186,0.10200000000000001,1.847459525741025,0.5643160541760798,False,BALANCING
250,500,5,1.5,0.003675,nominal,0.18,ideal,1,True,6.905697807988334,22.905697807988332,0.20800000000000002,0.186,0.10200000000000001,1.847459525741025,0.5643160541760798,False,BALANCING
250,20,10,1.5,0.003675,nominal,0.18,ideal,1,False,0,6.66077783622428,,,0.10200000000000001,,,True,FALLEN
250,50,10,1.5,0.003675,nominal,0.18,ideal,1,False,16.0,32.0,0.23,,0.10200000000000001,,,True,FALLEN
250,100,10,1.5,0.003675,nominal,0.18,ideal,1,True,0,15.838851860229871,,0.164,0.10200000000000001,0.28228911480570834,0.30902553878283145,False,BALANCING
250,200,10,1.5,0.003675,nominal,0.18,ideal,1,True,0,15.838851860229871,,0.164,0.10200000000000001,0.28228911480570834,0.30902553878283145,False,BALANCING
250,350,10,1.5,0.003675,nominal,0.18,ideal,1,True,0,15.838851860229871,,0.164,0.10200000000000001,0.28228911480570834,0.30902553878283145,False,BALANCING
250,500,10,1.5,0.003675,nominal,0.18,ideal,1,True,0,15.838851860229871,,0.164,0.10200000000000001,0.28228911480570834,0.30902553878283145,False,BALANCING
250,20,15,1.5,0.003675,nominal,0.18,ideal,1,False,0,6.66077783622428,,,0.10200000000000001,,,True,FALLEN
250,50,15,1.5,0.003675,nominal,0.18,ideal,1,True,1.0579014187561835,17.057901418756185,1.726,0.128,0.10200000000000001,1.0579014187561835,0.28533112571483427,False,BALANCING
250,100,15,1.5,0.003675,nominal,0.18,ideal,1,True,1.0579014187561835,17.057901418756185,1.726,0.128,0.10200000000000001,1.0579014187561835,0.28533112571483427,False,BALANCING
250,200,15,1.5,0.003675,nominal,0.18,ideal,1,True,1.0579014187561835,17.057901418756185,1.726,0.128,0.10200000000000001,1.0579014187561835,0.28533112571483427,False,BALANCING
250,350,15,1.5,0.003675,nominal,0.18,ideal,1,True,1.0579014187561835,17.057901418756185,1.726,0.128,0.10200000000000001,1.0579014187561835,0.28533112571483427,False,BALANCING
250,500,15,1.5,0.003675,nominal,0.18,ideal,1,True,1.0579014187561835,17.057901418756185,1.726,0.128,0.10200000000000001,1.0579014187561835,0.28533112571483427,False,BALANCING
300,20,5,1.5,0.003675,nominal,0.18,ideal,1,False,16.0,32.0,0.58,,0.132,,,True,FALLEN
300,50,5,1.5,0.003675,nominal,0.18,ideal,1,False,16.0,32.0,0.25,,0.132,,,True,FALLEN
300,100,5,1.5,0.003675,nominal,0.18,ideal,1,False,9.062068532698273,25.062068532698273,0.234,0.212,0.132,2.439223723998196,0.7357632300177199,False,BALANCING
300,200,5,1.5,0.003675,nominal,0.18,ideal,1,False,9.062068532698273,25.062068532698273,0.234,0.212,0.132,2.439223723998196,0.7357632300177199,False,BALANCING
300,350,5,1.5,0.003675,nominal,0.18,ideal,1,False,9.062068532698273,25.062068532698273,0.234,0.212,0.132,2.439223723998196,0.7357632300177199,False,BALANCING
300,500,5,1.5,0.003675,nominal,0.18,ideal,1,False,9.062068532698273,25.062068532698273,0.234,0.212,0.132,2.439223723998196,0.7357632300177199,False,BALANCING
300,20,10,1.5,0.003675,nominal,0.18,ideal,1,False,16.0,32.0,0.58,,0.132,,,True,FALLEN
300,50,10,1.5,0.003675,nominal,0.18,ideal,1,False,16.0,32.0,0.25,,0.132,,,True,FALLEN
300,100,10,1.5,0.003675,nominal,0.18,ideal,1,True,0,15.501765805811715,,0.192,0.132,0.6770240593532414,0.40396192239996426,False,BALANCING
300,200,10,1.5,0.003675,nominal,0.18,ideal,1,True,0,15.501765805811715,,0.192,0.132,0.6770240593532414,0.40396192239996426,False,BALANCING
300,350,10,1.5,0.003675,nominal,0.18,ideal,1,True,0,15.501765805811715,,0.192,0.132,0.6770240593532414,0.40396192239996426,False,BALANCING
300,500,10,1.5,0.003675,nominal,0.18,ideal,1,True,0,15.501765805811715,,0.192,0.132,0.6770240593532414,0.40396192239996426,False,BALANCING
300,20,15,1.5,0.003675,nominal,0.18,ideal,1,False,16.0,32.0,0.58,,0.132,,,True,FALLEN
300,50,15,1.5,0.003675,nominal,0.18,ideal,1,True,0.8500900466773281,16.850090046677327,1.8940000000000001,0.158,0.132,0.8500900466773281,0.3738541140993221,False,BALANCING
300,100,15,1.5,0.003675,nominal,0.18,ideal,1,True,0.8500900466773281,16.850090046677327,1.8940000000000001,0.158,0.132,0.8500900466773281,0.3738541140993221,False,BALANCING
300,200,15,1.5,0.003675,nominal,0.18,ideal,1,True,0.8500900466773281,16.850090046677327,1.8940000000000001,0.158,0.132,0.8500900466773281,0.3738541140993221,False,BALANCING
300,350,15,1.5,0.003675,nominal,0.18,ideal,1,True,0.8500900466773281,16.850090046677327,1.8940000000000001,0.158,0.132,0.8500900466773281,0.3738541140993221,False,BALANCING
300,500,15,1.5,0.003675,nominal,0.18,ideal,1,True,0.8500900466773281,16.850090046677327,1.8940000000000001,0.158,0.132,0.8500900466773281,0.3738541140993221,False,BALANCING
350,20,5,1.5,0.003675,nominal,0.18,ideal,1,False,16.0,32.0,0.43,,0.166,,,True,FALLEN
350,50,5,1.5,0.003675,nominal,0.18,ideal,1,False,16.0,32.0,0.276,,0.166,,,True,FALLEN
350,100,5,1.5,0.003675,nominal,0.18,ideal,1,False,16.0,32.0,0.264,0.244,0.166,16.0,0.0,True,FALLEN
350,200,5,1.5,0.003675,nominal,0.18,ideal,1,False,16.0,32.0,0.264,0.244,0.166,16.0,0.0,True,FALLEN
350,350,5,1.5,0.003675,nominal,0.18,ideal,1,False,16.0,32.0,0.264,0.244,0.166,16.0,0.0,True,FALLEN
350,500,5,1.5,0.003675,nominal,0.18,ideal,1,False,16.0,32.0,0.264,0.244,0.166,16.0,0.0,True,FALLEN
350,20,10,1.5,0.003675,nominal,0.18,ideal,1,False,16.0,32.0,0.43,,0.166,,,True,FALLEN
350,50,10,1.5,0.003675,nominal,0.18,ideal,1,False,16.0,32.0,0.276,,0.166,,,True,FALLEN
350,100,10,1.5,0.003675,nominal,0.18,ideal,1,True,0,15.311263422682792,,0.224,0.166,1.0813622372001577,0.4934371650386183,False,BALANCING
350,200,10,1.5,0.003675,nominal,0.18,ideal,1,True,0,15.311263422682792,,0.224,0.166,1.0813622372001577,0.4934371650386183,False,BALANCING
350,350,10,1.5,0.003675,nominal,0.18,ideal,1,True,0,15.311263422682792,,0.224,0.166,1.0813622372001577,0.4934371650386183,False,BALANCING
350,500,10,1.5,0.003675,nominal,0.18,ideal,1,True,0,15.311263422682792,,0.224,0.166,1.0813622372001577,0.4934371650386183,False,BALANCING
350,20,15,1.5,0.003675,nominal,0.18,ideal,1,False,16.0,32.0,0.43,,0.166,,,True,FALLEN
350,50,15,1.5,0.003675,nominal,0.18,ideal,1,True,0.7037251233768126,16.703725123376813,2.066,0.19,0.166,0.7037251233768126,0.4581782751959663,False,BALANCING
350,100,15,1.5,0.003675,nominal,0.18,ideal,1,True,0.7037251233768126,16.703725123376813,2.066,0.19,0.166,0.7037251233768126,0.4581782751959663,False,BALANCING
350,200,15,1.5,0.003675,nominal,0.18,ideal,1,True,0.7037251233768126,16.703725123376813,2.066,0.19,0.166,0.7037251233768126,0.4581782751959663,False,BALANCING
350,350,15,1.5,0.003675,nominal,0.18,ideal,1,True,0.7037251233768126,16.703725123376813,2.066,0.19,0.166,0.7037251233768126,0.4581782751959663,False,BALANCING
350,500,15,1.5,0.003675,nominal,0.18,ideal,1,True,0.7037251233768126,16.703725123376813,2.066,0.19,0.166,0.7037251233768126,0.4581782751959663,False,BALANCING
400,20,5,1.5,0.003675,nominal,0.18,ideal,1,False,16.0,32.0,0.454,,0.21,,,True,FALLEN
400,50,5,1.5,0.003675,nominal,0.18,ideal,1,False,16.0,32.0,0.316,,0.21,,,True,FALLEN
400,100,5,1.5,0.003675,nominal,0.18,ideal,1,False,16.0,32.0,0.304,0.28600000000000003,0.21,16.0,0.0,True,FALLEN
400,200,5,1.5,0.003675,nominal,0.18,ideal,1,False,16.0,32.0,0.304,0.28600000000000003,0.21,16.0,0.0,True,FALLEN
400,350,5,1.5,0.003675,nominal,0.18,ideal,1,False,16.0,32.0,0.304,0.28600000000000003,0.21,16.0,0.0,True,FALLEN
400,500,5,1.5,0.003675,nominal,0.18,ideal,1,False,16.0,32.0,0.304,0.28600000000000003,0.21,16.0,0.0,True,FALLEN
400,20,10,1.5,0.003675,nominal,0.18,ideal,1,False,16.0,32.0,0.454,,0.21,,,True,FALLEN
400,50,10,1.5,0.003675,nominal,0.18,ideal,1,False,16.0,32.0,0.316,,0.21,,,True,FALLEN
400,100,10,1.5,0.003675,nominal,0.18,ideal,1,True,1.1479107987797648,17.147910798779765,0.338,0.266,0.21,1.5771401475383584,0.6017180078689787,False,BALANCING
400,200,10,1.5,0.003675,nominal,0.18,ideal,1,True,1.1479107987797648,17.147910798779765,0.338,0.266,0.21,1.5771401475383584,0.6017180078689787,False,BALANCING
400,350,10,1.5,0.003675,nominal,0.18,ideal,1,True,1.1479107987797648,17.147910798779765,0.338,0.266,0.21,1.5771401475383584,0.6017180078689787,False,BALANCING
400,500,10,1.5,0.003675,nominal,0.18,ideal,1,True,1.1479107987797648,17.147910798779765,0.338,0.266,0.21,1.5771401475383584,0.6017180078689787,False,BALANCING
400,20,15,1.5,0.003675,nominal,0.18,ideal,1,False,16.0,32.0,0.454,,0.21,,,True,FALLEN
400,50,15,1.5,0.003675,nominal,0.18,ideal,1,True,0.499478525096101,16.4994785250961,2.322,0.234,0.21,0.499478525096101,0.5466590649533695,False,BALANCING
400,100,15,1.5,0.003675,nominal,0.18,ideal,1,True,0.499478525096101,16.4994785250961,2.322,0.234,0.21,0.499478525096101,0.5466590649533695,False,BALANCING
400,200,15,1.5,0.003675,nominal,0.18,ideal,1,True,0.499478525096101,16.4994785250961,2.322,0.234,0.21,0.499478525096101,0.5466590649533695,False,BALANCING
400,350,15,1.5,0.003675,nominal,0.18,ideal,1,True,0.499478525096101,16.4994785250961,2.322,0.234,0.21,0.499478525096101,0.5466590649533695,False,BALANCING
400,500,15,1.5,0.003675,nominal,0.18,ideal,1,True,0.499478525096101,16.4994785250961,2.322,0.234,0.21,0.499478525096101,0.5466590649533695,False,BALANCING
450,20,5,1.5,0.003675,nominal,0.18,ideal,1,False,16.0,32.0,0.47400000000000003,,0.268,,,True,FALLEN
450,50,5,1.5,0.003675,nominal,0.18,ideal,1,False,16.0,32.0,0.368,,0.268,,,True,FALLEN
450,100,5,1.5,0.003675,nominal,0.18,ideal,1,False,16.0,32.0,0.358,0.342,0.268,16.0,0.0,True,FALLEN
450,200,5,1.5,0.003675,nominal,0.18,ideal,1,False,16.0,32.0,0.358,0.342,0.268,16.0,0.0,True,FALLEN
450,350,5,1.5,0.003675,nominal,0.18,ideal,1,False,16.0,32.0,0.358,0.342,0.268,16.0,0.0,True,FALLEN
450,500,5,1.5,0.003675,nominal,0.18,ideal,1,False,16.0,32.0,0.358,0.342,0.268,16.0,0.0,True,FALLEN
450,20,10,1.5,0.003675,nominal,0.18,ideal,1,False,16.0,32.0,0.47400000000000003,,0.268,,,True,FALLEN
450,50,10,1.5,0.003675,nominal,0.18,ideal,1,False,16.0,32.0,0.368,,0.268,,,True,FALLEN
450,100,10,1.5,0.003675,nominal,0.18,ideal,1,False,3.761196489672779,19.76119648967278,0.384,0.322,0.268,2.225508480205148,0.7737024095252161,False,BALANCING
450,200,10,1.5,0.003675,nominal,0.18,ideal,1,False,3.761196489672779,19.76119648967278,0.384,0.322,0.268,2.225508480205148,0.7737024095252161,False,BALANCING
450,350,10,1.5,0.003675,nominal,0.18,ideal,1,False,3.761196489672779,19.76119648967278,0.384,0.322,0.268,2.225508480205148,0.7737024095252161,False,BALANCING
450,500,10,1.5,0.003675,nominal,0.18,ideal,1,False,3.761196489672779,19.76119648967278,0.384,0.322,0.268,2.225508480205148,0.7737024095252161,False,BALANCING
450,20,15,1.5,0.003675,nominal,0.18,ideal,1,False,16.0,32.0,0.47400000000000003,,0.268,,,True,FALLEN
450,50,15,1.5,0.003675,nominal,0.18,ideal,1,True,0.2804336244350324,16.280433624435034,2.686,0.292,0.268,0.2804336244350324,0.6355169068899883,False,BALANCING
450,100,15,1.5,0.003675,nominal,0.18,ideal,1,True,0.2804336244350324,16.280433624435034,2.686,0.292,0.268,0.2804336244350324,0.6355169068899883,False,BALANCING
450,200,15,1.5,0.003675,nominal,0.18,ideal,1,True,0.2804336244350324,16.280433624435034,2.686,0.292,0.268,0.2804336244350324,0.6355169068899883,False,BALANCING
450,350,15,1.5,0.003675,nominal,0.18,ideal,1,True,0.2804336244350324,16.280433624435034,2.686,0.292,0.268,0.2804336244350324,0.6355169068899883,False,BALANCING
450,500,15,1.5,0.003675,nominal,0.18,ideal,1,True,0.2804336244350324,16.280433624435034,2.686,0.292,0.268,0.2804336244350324,0.6355169068899883,False,BALANCING
500,20,5,1.5,0.003675,nominal,0.18,ideal,1,False,16.0,32.0,0.536,,0.352,,,True,FALLEN
500,50,5,1.5,0.003675,nominal,0.18,ideal,1,False,16.0,32.0,0.45,,0.352,,,True,FALLEN
500,100,5,1.5,0.003675,nominal,0.18,ideal,1,False,16.0,32.0,0.44,0.424,0.352,16.0,0.0,True,FALLEN
500,200,5,1.5,0.003675,nominal,0.18,ideal,1,False,16.0,32.0,0.44,0.424,0.352,16.0,0.0,True,FALLEN
500,350,5,1.5,0.003675,nominal,0.18,ideal,1,False,16.0,32.0,0.44,0.424,0.352,16.0,0.0,True,FALLEN
500,500,5,1.5,0.003675,nominal,0.18,ideal,1,False,16.0,32.0,0.44,0.424,0.352,16.0,0.0,True,FALLEN
500,20,10,1.5,0.003675,nominal,0.18,ideal,1,False,16.0,32.0,0.536,,0.352,,,True,FALLEN
500,50,10,1.5,0.003675,nominal,0.18,ideal,1,False,16.0,32.0,0.45,,0.352,,,True,FALLEN
500,100,10,1.5,0.003675,nominal,0.18,ideal,1,False,16.0,32.0,0.462,0.404,0.352,16.0,0.0,True,FALLEN
500,200,10,1.5,0.003675,nominal,0.18,ideal,1,False,16.0,32.0,0.462,0.404,0.352,16.0,0.0,True,FALLEN
500,350,10,1.5,0.003675,nominal,0.18,ideal,1,False,16.0,32.0,0.462,0.404,0.352,16.0,0.0,True,FALLEN
500,500,10,1.5,0.003675,nominal,0.18,ideal,1,False,16.0,32.0,0.462,0.404,0.352,16.0,0.0,True,FALLEN
500,20,15,1.5,0.003675,nominal,0.18,ideal,1,False,16.0,32.0,0.536,,0.352,,,True,FALLEN
500,50,15,1.5,0.003675,nominal,0.18,ideal,1,True,0.12651618222068217,16.126516182220684,3.0700000000000003,0.374,0.352,0.12651618222068217,0.7231939776132138,False,BALANCING
500,100,15,1.5,0.003675,nominal,0.18,ideal,1,True,0.12651618222068217,16.126516182220684,3.0700000000000003,0.374,0.352,0.12651618222068217,0.7231939776132138,False,BALANCING
500,200,15,1.5,0.003675,nominal,0.18,ideal,1,True,0.12651618222068217,16.126516182220684,3.0700000000000003,0.374,0.352,0.12651618222068217,0.7231939776132138,False,BALANCING
500,350,15,1.5,0.003675,nominal,0.18,ideal,1,True,0.12651618222068217,16.126516182220684,3.0700000000000003,0.374,0.352,0.12651618222068217,0.7231939776132138,False,BALANCING
500,500,15,1.5,0.003675,nominal,0.18,ideal,1,True,0.12651618222068217,16.126516182220684,3.0700000000000003,0.374,0.352,0.12651618222068217,0.7231939776132138,False,BALANCING
550,20,5,1.5,0.003675,nominal,0.18,ideal,1,False,16.0,32.0,0.686,,0.52,,,True,FALLEN
550,50,5,1.5,0.003675,nominal,0.18,ideal,1,False,16.0,32.0,0.614,,0.52,,,True,FALLEN
550,100,5,1.5,0.003675,nominal,0.18,ideal,1,False,16.0,32.0,0.606,0.59,0.52,16.0,0.0,True,FALLEN
550,200,5,1.5,0.003675,nominal,0.18,ideal,1,False,16.0,32.0,0.606,0.59,0.52,16.0,0.0,True,FALLEN
550,350,5,1.5,0.003675,nominal,0.18,ideal,1,False,16.0,32.0,0.606,0.59,0.52,16.0,0.0,True,FALLEN
550,500,5,1.5,0.003675,nominal,0.18,ideal,1,False,16.0,32.0,0.606,0.59,0.52,16.0,0.0,True,FALLEN
550,20,10,1.5,0.003675,nominal,0.18,ideal,1,False,16.0,32.0,0.686,,0.52,,,True,FALLEN
550,50,10,1.5,0.003675,nominal,0.18,ideal,1,False,16.0,32.0,0.614,,0.52,,,True,FALLEN
550,100,10,1.5,0.003675,nominal,0.18,ideal,1,False,16.0,32.0,0.62,0.5720000000000001,0.52,16.0,0.0,True,FALLEN
550,200,10,1.5,0.003675,nominal,0.18,ideal,1,False,16.0,32.0,0.62,0.5720000000000001,0.52,16.0,0.0,True,FALLEN
550,350,10,1.5,0.003675,nominal,0.18,ideal,1,False,16.0,32.0,0.62,0.5720000000000001,0.52,16.0,0.0,True,FALLEN
550,500,10,1.5,0.003675,nominal,0.18,ideal,1,False,16.0,32.0,0.62,0.5720000000000001,0.52,16.0,0.0,True,FALLEN
550,20,15,1.5,0.003675,nominal,0.18,ideal,1,False,16.0,32.0,0.686,,0.52,,,True,FALLEN
550,50,15,1.5,0.003675,nominal,0.18,ideal,1,True,0,15.866963481394519,,0.542,0.52,0.4374303161938708,0.8309257234959107,False,BALANCING
550,100,15,1.5,0.003675,nominal,0.18,ideal,1,True,0,15.866963481394519,,0.542,0.52,0.4374303161938708,0.8309257234959107,False,BALANCING
550,200,15,1.5,0.003675,nominal,0.18,ideal,1,True,0,15.866963481394519,,0.542,0.52,0.4374303161938708,0.8309257234959107,False,BALANCING
550,350,15,1.5,0.003675,nominal,0.18,ideal,1,True,0,15.866963481394519,,0.542,0.52,0.4374303161938708,0.8309257234959107,False,BALANCING
550,500,15,1.5,0.003675,nominal,0.18,ideal,1,True,0,15.866963481394519,,0.542,0.52,0.4374303161938708,0.8309257234959107,False,BALANCING
580,20,5,1.5,0.003675,nominal,0.18,ideal,1,False,16.0,32.0,1.1400000000000001,,0.982,,,True,FALLEN
580,50,5,1.5,0.003675,nominal,0.18,ideal,1,False,16.0,32.0,1.072,,0.982,,,True,FALLEN
580,100,5,1.5,0.003675,nominal,0.18,ideal,1,False,16.0,32.0,1.066,1.05,0.982,16.0,0.0,True,FALLEN
580,200,5,1.5,0.003675,nominal,0.18,ideal,1,False,16.0,32.0,1.066,1.05,0.982,16.0,0.0,True,FALLEN
580,350,5,1.5,0.003675,nominal,0.18,ideal,1,False,16.0,32.0,1.066,1.05,0.982,16.0,0.0,True,FALLEN
580,500,5,1.5,0.003675,nominal,0.18,ideal,1,False,16.0,32.0,1.066,1.05,0.982,16.0,0.0,True,FALLEN
580,20,10,1.5,0.003675,nominal,0.18,ideal,1,False,16.0,32.0,1.1400000000000001,,0.982,,,True,FALLEN
580,50,10,1.5,0.003675,nominal,0.18,ideal,1,False,16.0,32.0,1.082,1.032,0.982,16.0,0.0,True,FALLEN
580,100,10,1.5,0.003675,nominal,0.18,ideal,1,False,16.0,32.0,1.082,1.032,0.982,16.0,0.0,True,FALLEN
580,200,10,1.5,0.003675,nominal,0.18,ideal,1,False,16.0,32.0,1.082,1.032,0.982,16.0,0.0,True,FALLEN
580,350,10,1.5,0.003675,nominal,0.18,ideal,1,False,16.0,32.0,1.082,1.032,0.982,16.0,0.0,True,FALLEN
580,500,10,1.5,0.003675,nominal,0.18,ideal,1,False,16.0,32.0,1.082,1.032,0.982,16.0,0.0,True,FALLEN
580,20,15,1.5,0.003675,nominal,0.18,ideal,1,False,16.0,32.0,1.1400000000000001,,0.982,,,True,FALLEN
580,50,15,1.5,0.003675,nominal,0.18,ideal,1,True,0,15.64856177677067,,1.004,0.982,0.6381802088955326,0.8618545334815165,False,BALANCING
580,100,15,1.5,0.003675,nominal,0.18,ideal,1,True,0,15.64856177677067,,1.004,0.982,0.6381802088955326,0.8618545334815165,False,BALANCING
580,200,15,1.5,0.003675,nominal,0.18,ideal,1,True,0,15.64856177677067,,1.004,0.982,0.6381802088955326,0.8618545334815165,False,BALANCING
580,350,15,1.5,0.003675,nominal,0.18,ideal,1,True,0,15.64856177677067,,1.004,0.982,0.6381802088955326,0.8618545334815165,False,BALANCING
580,500,15,1.5,0.003675,nominal,0.18,ideal,1,True,0,15.64856177677067,,1.004,0.982,0.6381802088955326,0.8618545334815165,False,BALANCING
100,20,5,1.5,0.003675,half_20ms,0.18,ideal,1,False,0,0.0,,,0.034,,,False,FALLEN
100,50,5,1.5,0.003675,half_20ms,0.18,ideal,1,False,0,0.7401011145329104,,,0.034,,,True,FALLEN
100,100,5,1.5,0.003675,half_20ms,0.18,ideal,1,False,0,11.182745132592961,,,0.034,,,True,FALLEN
100,200,5,1.5,0.003675,half_20ms,0.18,ideal,1,True,10.703726958013933,26.70372695801393,0.212,0.186,0.034,1.6934225383437735,0.39911119581600457,False,BALANCING
100,350,5,1.5,0.003675,half_20ms,0.18,ideal,1,True,10.703726958013933,26.70372695801393,0.212,0.186,0.034,1.6934225383437735,0.39911119581600457,False,BALANCING
100,500,5,1.5,0.003675,half_20ms,0.18,ideal,1,True,10.703726958013933,26.70372695801393,0.212,0.186,0.034,1.6934225383437735,0.39911119581600457,False,BALANCING
100,20,10,1.5,0.003675,half_20ms,0.18,ideal,1,False,0,0.0,,,0.034,,,False,FALLEN
100,50,10,1.5,0.003675,half_20ms,0.18,ideal,1,False,0,0.7401011145329104,,,0.034,,,True,FALLEN
100,100,10,1.5,0.003675,half_20ms,0.18,ideal,1,False,0,11.182745132592961,,,0.034,,,True,FALLEN
100,200,10,1.5,0.003675,half_20ms,0.18,ideal,1,True,0.3268594416724414,16.32685944167244,1.3980000000000001,0.158,0.034,0.32651640754033323,0.07982201768356047,False,BALANCING
100,350,10,1.5,0.003675,half_20ms,0.18,ideal,1,True,0.3268594416724414,16.32685944167244,1.3980000000000001,0.158,0.034,0.32651640754033323,0.07982201768356047,False,BALANCING
100,500,10,1.5,0.003675,half_20ms,0.18,ideal,1,True,0.3268594416724414,16.32685944167244,1.3980000000000001,0.158,0.034,0.32651640754033323,0.07982201768356047,False,BALANCING
100,20,15,1.5,0.003675,half_20ms,0.18,ideal,1,False,0,0.0,,,0.034,,,False,FALLEN
100,50,15,1.5,0.003675,half_20ms,0.18,ideal,1,False,0,0.7401011145329104,,,0.034,,,True,FALLEN
100,100,15,1.5,0.003675,half_20ms,0.18,ideal,1,True,1.840687701485227,17.840687701485226,1.3860000000000001,0.10400000000000001,0.034,1.8405672986976125,0.43005984821179755,False,BALANCING
100,200,15,1.5,0.003675,half_20ms,0.18,ideal,1,True,1.840687701485227,17.840687701485226,1.3860000000000001,0.10400000000000001,0.034,1.8405672986976125,0.43005984821179755,False,BALANCING
100,350,15,1.5,0.003675,half_20ms,0.18,ideal,1,True,1.840687701485227,17.840687701485226,1.3860000000000001,0.10400000000000001,0.034,1.8405672986976125,0.43005984821179755,False,BALANCING
100,500,15,1.5,0.003675,half_20ms,0.18,ideal,1,True,1.840687701485227,17.840687701485226,1.3860000000000001,0.10400000000000001,0.034,1.8405672986976125,0.43005984821179755,False,BALANCING
150,20,5,1.5,0.003675,half_20ms,0.18,ideal,1,False,0,0.0,,,0.054,,,False,FALLEN
150,50,5,1.5,0.003675,half_20ms,0.18,ideal,1,False,0,1.1180859911187255,,,0.054,,,True,FALLEN
150,100,5,1.5,0.003675,half_20ms,0.18,ideal,1,False,0,9.03026382233272,,,0.054,,,True,FALLEN
150,200,5,1.5,0.003675,half_20ms,0.18,ideal,1,True,10.711069212251294,26.711069212251296,0.234,0.20800000000000002,0.054,1.8736762456924942,0.47262237953347336,False,BALANCING
150,350,5,1.5,0.003675,half_20ms,0.18,ideal,1,True,10.711069212251294,26.711069212251296,0.234,0.20800000000000002,0.054,1.8736762456924942,0.47262237953347336,False,BALANCING
150,500,5,1.5,0.003675,half_20ms,0.18,ideal,1,True,10.711069212251294,26.711069212251296,0.234,0.20800000000000002,0.054,1.8736762456924942,0.47262237953347336,False,BALANCING
150,20,10,1.5,0.003675,half_20ms,0.18,ideal,1,False,0,0.0,,,0.054,,,False,FALLEN
150,50,10,1.5,0.003675,half_20ms,0.18,ideal,1,False,0,1.1180859911187255,,,0.054,,,True,FALLEN
150,100,10,1.5,0.003675,half_20ms,0.18,ideal,1,False,0,9.03026382233272,,,0.054,,,True,FALLEN
150,200,10,1.5,0.003675,half_20ms,0.18,ideal,1,True,0.29953416290791396,16.299534162907914,1.756,0.18,0.054,0.29953416290791396,0.07358238776454686,False,BALANCING
150,350,10,1.5,0.003675,half_20ms,0.18,ideal,1,True,0.29953416290791396,16.299534162907914,1.756,0.18,0.054,0.29953416290791396,0.07358238776454686,False,BALANCING
150,500,10,1.5,0.003675,half_20ms,0.18,ideal,1,True,0.29953416290791396,16.299534162907914,1.756,0.18,0.054,0.29953416290791396,0.07358238776454686,False,BALANCING
150,20,15,1.5,0.003675,half_20ms,0.18,ideal,1,False,0,0.0,,,0.054,,,False,FALLEN
150,50,15,1.5,0.003675,half_20ms,0.18,ideal,1,False,0,1.1180859911187255,,,0.054,,,True,FALLEN
150,100,15,1.5,0.003675,half_20ms,0.18,ideal,1,True,1.6887475283705455,17.688747528370545,1.474,0.12,0.054,1.6887475283705455,0.35952311325833575,False,BALANCING
150,200,15,1.5,0.003675,half_20ms,0.18,ideal,1,True,1.6887475283705455,17.688747528370545,1.474,0.12,0.054,1.6887475283705455,0.35952311325833575,False,BALANCING
150,350,15,1.5,0.003675,half_20ms,0.18,ideal,1,True,1.6887475283705455,17.688747528370545,1.474,0.12,0.054,1.6887475283705455,0.35952311325833575,False,BALANCING
150,500,15,1.5,0.003675,half_20ms,0.18,ideal,1,True,1.6887475283705455,17.688747528370545,1.474,0.12,0.054,1.6887475283705455,0.35952311325833575,False,BALANCING
200,20,5,1.5,0.003675,half_20ms,0.18,ideal,1,False,0,0.0,,,0.076,,,False,FALLEN
200,50,5,1.5,0.003675,half_20ms,0.18,ideal,1,False,0,1.4548937616224773,,,0.076,,,True,FALLEN
200,100,5,1.5,0.003675,half_20ms,0.18,ideal,1,False,16.0,32.0,0.404,,0.076,,,True,FALLEN
200,200,5,1.5,0.003675,half_20ms,0.18,ideal,1,True,9.638812324077787,25.638812324077787,0.258,0.232,0.076,1.8929535247189435,0.5109423178486547,False,BALANCING
200,350,5,1.5,0.003675,half_20ms,0.18,ideal,1,True,9.638812324077787,25.638812324077787,0.258,0.232,0.076,1.8929535247189435,0.5109423178486547,False,BALANCING
200,500,5,1.5,0.003675,half_20ms,0.18,ideal,1,True,9.638812324077787,25.638812324077787,0.258,0.232,0.076,1.8929535247189435,0.5109423178486547,False,BALANCING
200,20,10,1.5,0.003675,half_20ms,0.18,ideal,1,False,0,0.0,,,0.076,,,False,FALLEN
200,50,10,1.5,0.003675,half_20ms,0.18,ideal,1,False,0,1.4548937616224773,,,0.076,,,True,FALLEN
200,100,10,1.5,0.003675,half_20ms,0.18,ideal,1,False,16.0,32.0,0.404,,0.076,,,True,FALLEN
200,200,10,1.5,0.003675,half_20ms,0.18,ideal,1,True,0.5079568440526712,16.50795684405267,1.836,0.2,0.076,0.5079568440526712,0.15859069141739188,False,BALANCING
200,350,10,1.5,0.003675,half_20ms,0.18,ideal,1,True,0.5079568440526712,16.50795684405267,1.836,0.2,0.076,0.5079568440526712,0.15859069141739188,False,BALANCING
200,500,10,1.5,0.003675,half_20ms,0.18,ideal,1,True,0.5079568440526712,16.50795684405267,1.836,0.2,0.076,0.5079568440526712,0.15859069141739188,False,BALANCING
200,20,15,1.5,0.003675,half_20ms,0.18,ideal,1,False,0,0.0,,,0.076,,,False,FALLEN
200,50,15,1.5,0.003675,half_20ms,0.18,ideal,1,False,0,1.4548937616224773,,,0.076,,,True,FALLEN
200,100,15,1.5,0.003675,half_20ms,0.18,ideal,1,True,1.5687025767464045,17.568702576746404,1.57,0.138,0.076,1.5687025767464045,0.29314407822652927,False,BALANCING
200,200,15,1.5,0.003675,half_20ms,0.18,ideal,1,True,1.5687025767464045,17.568702576746404,1.57,0.138,0.076,1.5687025767464045,0.29314407822652927,False,BALANCING
200,350,15,1.5,0.003675,half_20ms,0.18,ideal,1,True,1.5687025767464045,17.568702576746404,1.57,0.138,0.076,1.5687025767464045,0.29314407822652927,False,BALANCING
200,500,15,1.5,0.003675,half_20ms,0.18,ideal,1,True,1.5687025767464045,17.568702576746404,1.57,0.138,0.076,1.5687025767464045,0.29314407822652927,False,BALANCING
250,20,5,1.5,0.003675,half_20ms,0.18,ideal,1,False,0,0.0,,,0.10200000000000001,,,False,FALLEN
250,50,5,1.5,0.003675,half_20ms,0.18,ideal,1,False,0,1.9175114786491445,,,0.10200000000000001,,,True,FALLEN
250,100,5,1.5,0.003675,half_20ms,0.18,ideal,1,False,16.0,32.0,0.366,,0.10200000000000001,,,True,FALLEN
250,200,5,1.5,0.003675,half_20ms,0.18,ideal,1,True,4.504489500848789,20.504489500848788,0.28600000000000003,0.256,0.10200000000000001,1.287371399475958,0.40250100620517326,False,BALANCING
250,350,5,1.5,0.003675,half_20ms,0.18,ideal,1,True,4.504489500848789,20.504489500848788,0.28600000000000003,0.256,0.10200000000000001,1.287371399475958,0.40250100620517326,False,BALANCING
250,500,5,1.5,0.003675,half_20ms,0.18,ideal,1,True,4.504489500848789,20.504489500848788,0.28600000000000003,0.256,0.10200000000000001,1.287371399475958,0.40250100620517326,False,BALANCING
250,20,10,1.5,0.003675,half_20ms,0.18,ideal,1,False,0,0.0,,,0.10200000000000001,,,False,FALLEN
250,50,10,1.5,0.003675,half_20ms,0.18,ideal,1,False,0,1.9175114786491445,,,0.10200000000000001,,,True,FALLEN
250,100,10,1.5,0.003675,half_20ms,0.18,ideal,1,False,16.0,32.0,0.366,,0.10200000000000001,,,True,FALLEN
250,200,10,1.5,0.003675,half_20ms,0.18,ideal,1,True,0.23352373558373252,16.23352373558373,2.342,0.222,0.10200000000000001,0.23352373558373252,0.27529298380605377,False,BALANCING
250,350,10,1.5,0.003675,half_20ms,0.18,ideal,1,True,0.23352373558373252,16.23352373558373,2.342,0.222,0.10200000000000001,0.23352373558373252,0.27529298380605377,False,BALANCING
250,500,10,1.5,0.003675,half_20ms,0.18,ideal,1,True,0.23352373558373252,16.23352373558373,2.342,0.222,0.10200000000000001,0.23352373558373252,0.27529298380605377,False,BALANCING
250,20,15,1.5,0.003675,half_20ms,0.18,ideal,1,False,0,0.0,,,0.10200000000000001,,,False,FALLEN
250,50,15,1.5,0.003675,half_20ms,0.18,ideal,1,False,0,1.9175114786491445,,,0.10200000000000001,,,True,FALLEN
250,100,15,1.5,0.003675,half_20ms,0.18,ideal,1,True,1.3986640508061292,17.39866405080613,1.688,0.164,0.10200000000000001,1.3986640508061292,0.2680128682121351,False,BALANCING
250,200,15,1.5,0.003675,half_20ms,0.18,ideal,1,True,1.3986640508061292,17.39866405080613,1.688,0.164,0.10200000000000001,1.3986640508061292,0.2680128682121351,False,BALANCING
250,350,15,1.5,0.003675,half_20ms,0.18,ideal,1,True,1.3986640508061292,17.39866405080613,1.688,0.164,0.10200000000000001,1.3986640508061292,0.2680128682121351,False,BALANCING
250,500,15,1.5,0.003675,half_20ms,0.18,ideal,1,True,1.3986640508061292,17.39866405080613,1.688,0.164,0.10200000000000001,1.3986640508061292,0.2680128682121351,False,BALANCING
300,20,5,1.5,0.003675,half_20ms,0.18,ideal,1,False,0,0.0,,,0.132,,,False,FALLEN
300,50,5,1.5,0.003675,half_20ms,0.18,ideal,1,False,0,2.986932988825849,,,0.132,,,True,FALLEN
300,100,5,1.5,0.003675,half_20ms,0.18,ideal,1,False,16.0,32.0,0.35000000000000003,,0.132,,,True,FALLEN
300,200,5,1.5,0.003675,half_20ms,0.18,ideal,1,True,5.190640626002313,21.190640626002313,0.306,0.278,0.132,1.6188976715726011,0.5154076462720086,False,BALANCING
300,350,5,1.5,0.003675,half_20ms,0.18,ideal,1,True,5.190640626002313,21.190640626002313,0.306,0.278,0.132,1.6188976715726011,0.5154076462720086,False,BALANCING
300,500,5,1.5,0.003675,half_20ms,0.18,ideal,1,True,5.190640626002313,21.190640626002313,0.306,0.278,0.132,1.6188976715726011,0.5154076462720086,False,BALANCING
300,20,10,1.5,0.003675,half_20ms,0.18,ideal,1,False,0,0.0,,,0.132,,,False,FALLEN
300,50,10,1.5,0.003675,half_20ms,0.18,ideal,1,False,0,2.986932988825849,,,0.132,,,True,FALLEN
300,100,10,1.5,0.003675,half_20ms,0.18,ideal,1,False,16.0,32.0,0.35000000000000003,,0.132,,,True,FALLEN
300,200,10,1.5,0.003675,half_20ms,0.18,ideal,1,True,0,15.883572055671612,,0.246,0.132,0.2750782647105526,0.4054712008444513,False,BALANCING
300,350,10,1.5,0.003675,half_20ms,0.18,ideal,1,True,0,15.883572055671612,,0.246,0.132,0.2750782647105526,0.4054712008444513,False,BALANCING
300,500,10,1.5,0.003675,half_20ms,0.18,ideal,1,True,0,15.883572055671612,,0.246,0.132,0.2750782647105526,0.4054712008444513,False,BALANCING
300,20,15,1.5,0.003675,half_20ms,0.18,ideal,1,False,0,0.0,,,0.132,,,False,FALLEN
300,50,15,1.5,0.003675,half_20ms,0.18,ideal,1,False,0,2.986932988825849,,,0.132,,,True,FALLEN
300,100,15,1.5,0.003675,half_20ms,0.18,ideal,1,True,1.1494803728347187,17.14948037283472,1.838,0.192,0.132,1.1494803728347187,0.3734900538850183,False,BALANCING
300,200,15,1.5,0.003675,half_20ms,0.18,ideal,1,True,1.1494803728347187,17.14948037283472,1.838,0.192,0.132,1.1494803728347187,0.3734900538850183,False,BALANCING
300,350,15,1.5,0.003675,half_20ms,0.18,ideal,1,True,1.1494803728347187,17.14948037283472,1.838,0.192,0.132,1.1494803728347187,0.3734900538850183,False,BALANCING
300,500,15,1.5,0.003675,half_20ms,0.18,ideal,1,True,1.1494803728347187,17.14948037283472,1.838,0.192,0.132,1.1494803728347187,0.3734900538850183,False,BALANCING
350,20,5,1.5,0.003675,half_20ms,0.18,ideal,1,False,0,0.0,,,0.166,,,False,FALLEN
350,50,5,1.5,0.003675,half_20ms,0.18,ideal,1,False,0,4.1824871174207665,,,0.166,,,True,FALLEN
350,100,5,1.5,0.003675,half_20ms,0.18,ideal,1,False,16.0,32.0,0.364,,0.166,,,True,FALLEN
350,200,5,1.5,0.003675,half_20ms,0.18,ideal,1,True,6.198197777837728,22.198197777837727,0.334,0.306,0.166,1.9934019314378018,0.6352002849009306,False,BALANCING
350,350,5,1.5,0.003675,half_20ms,0.18,ideal,1,True,6.198197777837728,22.198197777837727,0.334,0.306,0.166,1.9934019314378018,0.6352002849009306,False,BALANCING
350,500,5,1.5,0.003675,half_20ms,0.18,ideal,1,True,6.198197777837728,22.198197777837727,0.334,0.306,0.166,1.9934019314378018,0.6352002849009306,False,BALANCING
350,20,10,1.5,0.003675,half_20ms,0.18,ideal,1,False,0,0.0,,,0.166,,,False,FALLEN
350,50,10,1.5,0.003675,half_20ms,0.18,ideal,1,False,0,4.1824871174207665,,,0.166,,,True,FALLEN
350,100,10,1.5,0.003675,half_20ms,0.18,ideal,1,False,16.0,32.0,0.364,,0.166,,,True,FALLEN
350,200,10,1.5,0.003675,half_20ms,0.18,ideal,1,True,0,15.622497674282274,,0.276,0.166,0.5527483938489541,0.41814479349370554,False,BALANCING
350,350,10,1.5,0.003675,half_20ms,0.18,ideal,1,True,0,15.622497674282274,,0.276,0.166,0.5527483938489541,0.41814479349370554,False,BALANCING
350,500,10,1.5,0.003675,half_20ms,0.18,ideal,1,True,0,15.622497674282274,,0.276,0.166,0.5527483938489541,0.41814479349370554,False,BALANCING
350,20,15,1.5,0.003675,half_20ms,0.18,ideal,1,False,0,0.0,,,0.166,,,False,FALLEN
350,50,15,1.5,0.003675,half_20ms,0.18,ideal,1,False,0,4.1824871174207665,,,0.166,,,True,FALLEN
350,100,15,1.5,0.003675,half_20ms,0.18,ideal,1,True,0.9531320041630861,16.953132004163088,2.0,0.224,0.166,0.9531320041630861,0.4736373012467994,False,BALANCING
350,200,15,1.5,0.003675,half_20ms,0.18,ideal,1,True,0.9531320041630861,16.953132004163088,2.0,0.224,0.166,0.9531320041630861,0.4736373012467994,False,BALANCING
350,350,15,1.5,0.003675,half_20ms,0.18,ideal,1,True,0.9531320041630861,16.953132004163088,2.0,0.224,0.166,0.9531320041630861,0.4736373012467994,False,BALANCING
350,500,15,1.5,0.003675,half_20ms,0.18,ideal,1,True,0.9531320041630861,16.953132004163088,2.0,0.224,0.166,0.9531320041630861,0.4736373012467994,False,BALANCING
400,20,5,1.5,0.003675,half_20ms,0.18,ideal,1,False,0,0.0,,,0.21,,,False,FALLEN
400,50,5,1.5,0.003675,half_20ms,0.18,ideal,1,False,0,5.6545829333264095,,,0.21,,,True,FALLEN
400,100,5,1.5,0.003675,half_20ms,0.18,ideal,1,False,16.0,32.0,0.394,,0.21,,,True,FALLEN
400,200,5,1.5,0.003675,half_20ms,0.18,ideal,1,False,16.0,32.0,0.372,0.34600000000000003,0.21,16.0,0.0,True,FALLEN
400,350,5,1.5,0.003675,half_20ms,0.18,ideal,1,False,16.0,32.0,0.372,0.34600000000000003,0.21,16.0,0.0,True,FALLEN
400,500,5,1.5,0.003675,half_20ms,0.18,ideal,1,False,16.0,32.0,0.372,0.34600000000000003,0.21,16.0,0.0,True,FALLEN
400,20,10,1.5,0.003675,half_20ms,0.18,ideal,1,False,0,0.0,,,0.21,,,False,FALLEN
400,50,10,1.5,0.003675,half_20ms,0.18,ideal,1,False,0,5.6545829333264095,,,0.21,,,True,FALLEN
400,100,10,1.5,0.003675,half_20ms,0.18,ideal,1,False,16.0,32.0,0.394,,0.21,,,True,FALLEN
400,200,10,1.5,0.003675,half_20ms,0.18,ideal,1,True,0,15.380688039778587,,0.316,0.21,0.8435585295773486,0.5077928460124608,False,BALANCING
400,350,10,1.5,0.003675,half_20ms,0.18,ideal,1,True,0,15.380688039778587,,0.316,0.21,0.8435585295773486,0.5077928460124608,False,BALANCING
400,500,10,1.5,0.003675,half_20ms,0.18,ideal,1,True,0,15.380688039778587,,0.316,0.21,0.8435585295773486,0.5077928460124608,False,BALANCING
400,20,15,1.5,0.003675,half_20ms,0.18,ideal,1,False,0,0.0,,,0.21,,,False,FALLEN
400,50,15,1.5,0.003675,half_20ms,0.18,ideal,1,False,0,5.6545829333264095,,,0.21,,,True,FALLEN
400,100,15,1.5,0.003675,half_20ms,0.18,ideal,1,True,0.7536295736177837,16.753629573617783,2.206,0.266,0.21,0.7536295736177837,0.5767099285693706,False,BALANCING
400,200,15,1.5,0.003675,half_20ms,0.18,ideal,1,True,0.7536295736177837,16.753629573617783,2.206,0.266,0.21,0.7536295736177837,0.5767099285693706,False,BALANCING
400,350,15,1.5,0.003675,half_20ms,0.18,ideal,1,True,0.7536295736177837,16.753629573617783,2.206,0.266,0.21,0.7536295736177837,0.5767099285693706,False,BALANCING
400,500,15,1.5,0.003675,half_20ms,0.18,ideal,1,True,0.7536295736177837,16.753629573617783,2.206,0.266,0.21,0.7536295736177837,0.5767099285693706,False,BALANCING
450,20,5,1.5,0.003675,half_20ms,0.18,ideal,1,False,0,0.0,,,0.268,,,False,FALLEN
450,50,5,1.5,0.003675,half_20ms,0.18,ideal,1,False,16.0,32.0,0.712,,0.268,,,True,FALLEN
450,100,5,1.5,0.003675,half_20ms,0.18,ideal,1,False,16.0,32.0,0.444,,0.268,,,True,FALLEN
450,200,5,1.5,0.003675,half_20ms,0.18,ideal,1,False,16.0,32.0,0.426,0.402,0.268,16.0,0.0,True,FALLEN
450,350,5,1.5,0.003675,half_20ms,0.18,ideal,1,False,16.0,32.0,0.426,0.402,0.268,16.0,0.0,True,FALLEN
450,500,5,1.5,0.003675,half_20ms,0.18,ideal,1,False,16.0,32.0,0.426,0.402,0.268,16.0,0.0,True,FALLEN
450,20,10,1.5,0.003675,half_20ms,0.18,ideal,1,False,0,0.0,,,0.268,,,False,FALLEN
450,50,10,1.5,0.003675,half_20ms,0.18,ideal,1,False,16.0,32.0,0.712,,0.268,,,True,FALLEN
450,100,10,1.5,0.003675,half_20ms,0.18,ideal,1,False,16.0,32.0,0.444,,0.268,,,True,FALLEN
450,200,10,1.5,0.003675,half_20ms,0.18,ideal,1,True,0,15.008616795164304,,0.374,0.268,1.2733659590729518,0.5959935256943876,False,BALANCING
450,350,10,1.5,0.003675,half_20ms,0.18,ideal,1,True,0,15.008616795164304,,0.374,0.268,1.2733659590729518,0.5959935256943876,False,BALANCING
450,500,10,1.5,0.003675,half_20ms,0.18,ideal,1,True,0,15.008616795164304,,0.374,0.268,1.2733659590729518,0.5959935256943876,False,BALANCING
450,20,15,1.5,0.003675,half_20ms,0.18,ideal,1,False,0,0.0,,,0.268,,,False,FALLEN
450,50,15,1.5,0.003675,half_20ms,0.18,ideal,1,False,16.0,32.0,0.712,,0.268,,,True,FALLEN
450,100,15,1.5,0.003675,half_20ms,0.18,ideal,1,True,0.5306563359119106,16.53065633591191,2.48,0.326,0.268,0.5306563359119106,0.6773686810538414,False,BALANCING
450,200,15,1.5,0.003675,half_20ms,0.18,ideal,1,True,0.5306563359119106,16.53065633591191,2.48,0.326,0.268,0.5306563359119106,0.6773686810538414,False,BALANCING
450,350,15,1.5,0.003675,half_20ms,0.18,ideal,1,True,0.5306563359119106,16.53065633591191,2.48,0.326,0.268,0.5306563359119106,0.6773686810538414,False,BALANCING
450,500,15,1.5,0.003675,half_20ms,0.18,ideal,1,True,0.5306563359119106,16.53065633591191,2.48,0.326,0.268,0.5306563359119106,0.6773686810538414,False,BALANCING
500,20,5,1.5,0.003675,half_20ms,0.18,ideal,1,False,0,0.0,,,0.352,,,False,FALLEN
500,50,5,1.5,0.003675,half_20ms,0.18,ideal,1,False,16.0,32.0,0.668,,0.352,,,True,FALLEN
500,100,5,1.5,0.003675,half_20ms,0.18,ideal,1,False,16.0,32.0,0.516,,0.352,,,True,FALLEN
500,200,5,1.5,0.003675,half_20ms,0.18,ideal,1,False,16.0,32.0,0.504,0.48,0.352,16.0,0.0,True,FALLEN
500,350,5,1.5,0.003675,half_20ms,0.18,ideal,1,False,16.0,32.0,0.504,0.48,0.352,16.0,0.0,True,FALLEN
500,500,5,1.5,0.003675,half_20ms,0.18,ideal,1,False,16.0,32.0,0.504,0.48,0.352,16.0,0.0,True,FALLEN
500,20,10,1.5,0.003675,half_20ms,0.18,ideal,1,False,0,0.0,,,0.352,,,False,FALLEN
500,50,10,1.5,0.003675,half_20ms,0.18,ideal,1,False,16.0,32.0,0.668,,0.352,,,True,FALLEN
500,100,10,1.5,0.003675,half_20ms,0.18,ideal,1,True,0.2339072196779903,16.23390721967799,0.556,0.452,0.352,1.6882115459474178,0.6864204583478345,False,BALANCING
500,200,10,1.5,0.003675,half_20ms,0.18,ideal,1,True,0.2339072196779903,16.23390721967799,0.556,0.452,0.352,1.6882115459474178,0.6864204583478345,False,BALANCING
500,350,10,1.5,0.003675,half_20ms,0.18,ideal,1,True,0.2339072196779903,16.23390721967799,0.556,0.452,0.352,1.6882115459474178,0.6864204583478345,False,BALANCING
500,500,10,1.5,0.003675,half_20ms,0.18,ideal,1,True,0.2339072196779903,16.23390721967799,0.556,0.452,0.352,1.6882115459474178,0.6864204583478345,False,BALANCING
500,20,15,1.5,0.003675,half_20ms,0.18,ideal,1,False,0,0.0,,,0.352,,,False,FALLEN
500,50,15,1.5,0.003675,half_20ms,0.18,ideal,1,False,16.0,32.0,0.668,,0.352,,,True,FALLEN
500,100,15,1.5,0.003675,half_20ms,0.18,ideal,1,True,0.3179605752016814,16.31796057520168,2.834,0.406,0.352,0.3179605752016814,0.7881628299608993,False,BALANCING
500,200,15,1.5,0.003675,half_20ms,0.18,ideal,1,True,0.3179605752016814,16.31796057520168,2.834,0.406,0.352,0.3179605752016814,0.7881628299608993,False,BALANCING
500,350,15,1.5,0.003675,half_20ms,0.18,ideal,1,True,0.3179605752016814,16.31796057520168,2.834,0.406,0.352,0.3179605752016814,0.7881628299608993,False,BALANCING
500,500,15,1.5,0.003675,half_20ms,0.18,ideal,1,True,0.3179605752016814,16.31796057520168,2.834,0.406,0.352,0.3179605752016814,0.7881628299608993,False,BALANCING
550,20,5,1.5,0.003675,half_20ms,0.18,ideal,1,False,0,0.009814724575971212,,,0.52,,,True,FALLEN
550,50,5,1.5,0.003675,half_20ms,0.18,ideal,1,False,16.0,32.0,0.788,,0.52,,,True,FALLEN
550,100,5,1.5,0.003675,half_20ms,0.18,ideal,1,False,16.0,32.0,0.676,,0.52,,,True,FALLEN
550,200,5,1.5,0.003675,half_20ms,0.18,ideal,1,False,16.0,32.0,0.668,0.644,0.52,16.0,0.0,True,FALLEN
550,350,5,1.5,0.003675,half_20ms,0.18,ideal,1,False,16.0,32.0,0.668,0.644,0.52,16.0,0.0,True,FALLEN
550,500,5,1.5,0.003675,half_20ms,0.18,ideal,1,False,16.0,32.0,0.668,0.644,0.52,16.0,0.0,True,FALLEN
550,20,10,1.5,0.003675,half_20ms,0.18,ideal,1,False,0,0.009814724575971212,,,0.52,,,True,FALLEN
550,50,10,1.5,0.003675,half_20ms,0.18,ideal,1,False,16.0,32.0,0.788,,0.52,,,True,FALLEN
550,100,10,1.5,0.003675,half_20ms,0.18,ideal,1,False,16.0,32.0,0.6940000000000001,0.618,0.52,16.0,0.0,True,FALLEN
550,200,10,1.5,0.003675,half_20ms,0.18,ideal,1,False,16.0,32.0,0.6940000000000001,0.618,0.52,16.0,0.0,True,FALLEN
550,350,10,1.5,0.003675,half_20ms,0.18,ideal,1,False,16.0,32.0,0.6940000000000001,0.618,0.52,16.0,0.0,True,FALLEN
550,500,10,1.5,0.003675,half_20ms,0.18,ideal,1,False,16.0,32.0,0.6940000000000001,0.618,0.52,16.0,0.0,True,FALLEN
550,20,15,1.5,0.003675,half_20ms,0.18,ideal,1,False,0,0.009814724575971212,,,0.52,,,True,FALLEN
550,50,15,1.5,0.003675,half_20ms,0.18,ideal,1,False,16.0,32.0,0.788,,0.52,,,True,FALLEN
550,100,15,1.5,0.003675,half_20ms,0.18,ideal,1,True,0.1064655344263709,16.10646553442637,3.354,0.5720000000000001,0.52,0.20610717655520738,0.9019114878274535,False,BALANCING
550,200,15,1.5,0.003675,half_20ms,0.18,ideal,1,True,0.1064655344263709,16.10646553442637,3.354,0.5720000000000001,0.52,0.20610717655520738,0.9019114878274535,False,BALANCING
550,350,15,1.5,0.003675,half_20ms,0.18,ideal,1,True,0.1064655344263709,16.10646553442637,3.354,0.5720000000000001,0.52,0.20610717655520738,0.9019114878274535,False,BALANCING
550,500,15,1.5,0.003675,half_20ms,0.18,ideal,1,True,0.1064655344263709,16.10646553442637,3.354,0.5720000000000001,0.52,0.20610717655520738,0.9019114878274535,False,BALANCING
580,20,5,1.5,0.003675,half_20ms,0.18,ideal,1,False,0,0.1753225959320801,,,0.982,,,True,FALLEN
580,50,5,1.5,0.003675,half_20ms,0.18,ideal,1,False,16.0,32.0,1.228,,0.982,,,True,FALLEN
580,100,5,1.5,0.003675,half_20ms,0.18,ideal,1,False,16.0,32.0,1.1340000000000001,,0.982,,,True,FALLEN
580,200,5,1.5,0.003675,half_20ms,0.18,ideal,1,False,16.0,32.0,1.1260000000000001,1.104,0.982,16.0,0.0,True,FALLEN
580,350,5,1.5,0.003675,half_20ms,0.18,ideal,1,False,16.0,32.0,1.1260000000000001,1.104,0.982,16.0,0.0,True,FALLEN
580,500,5,1.5,0.003675,half_20ms,0.18,ideal,1,False,16.0,32.0,1.1260000000000001,1.104,0.982,16.0,0.0,True,FALLEN
580,20,10,1.5,0.003675,half_20ms,0.18,ideal,1,False,0,0.1753225959320801,,,0.982,,,True,FALLEN
580,50,10,1.5,0.003675,half_20ms,0.18,ideal,1,False,16.0,32.0,1.228,,0.982,,,True,FALLEN
580,100,10,1.5,0.003675,half_20ms,0.18,ideal,1,False,16.0,32.0,1.1480000000000001,1.078,0.982,16.0,0.0,True,FALLEN
580,200,10,1.5,0.003675,half_20ms,0.18,ideal,1,False,16.0,32.0,1.1480000000000001,1.078,0.982,16.0,0.0,True,FALLEN
580,350,10,1.5,0.003675,half_20ms,0.18,ideal,1,False,16.0,32.0,1.1480000000000001,1.078,0.982,16.0,0.0,True,FALLEN
580,500,10,1.5,0.003675,half_20ms,0.18,ideal,1,False,16.0,32.0,1.1480000000000001,1.078,0.982,16.0,0.0,True,FALLEN
580,20,15,1.5,0.003675,half_20ms,0.18,ideal,1,False,0,0.1753225959320801,,,0.982,,,True,FALLEN
580,50,15,1.5,0.003675,half_20ms,0.18,ideal,1,False,16.0,32.0,1.228,,0.982,,,True,FALLEN
580,100,15,1.5,0.003675,half_20ms,0.18,ideal,1,True,0,15.936441548073498,,1.034,0.982,0.41469692999421404,0.9765261119048292,False,BALANCING
580,200,15,1.5,0.003675,half_20ms,0.18,ideal,1,True,0,15.936441548073498,,1.034,0.982,0.41469692999421404,0.9765261119048292,False,BALANCING
580,350,15,1.5,0.003675,half_20ms,0.18,ideal,1,True,0,15.936441548073498,,1.034,0.982,0.41469692999421404,0.9765261119048292,False,BALANCING
580,500,15,1.5,0.003675,half_20ms,0.18,ideal,1,True,0,15.936441548073498,,1.034,0.982,0.41469692999421404,0.9765261119048292,False,BALANCING
100,20,5,1.5,0.003675,half_50ms,0.18,ideal,1,False,0,0.0,,,0.034,,,False,FALLEN
100,50,5,1.5,0.003675,half_50ms,0.18,ideal,1,False,0,0.0,,,0.034,,,False,FALLEN
100,100,5,1.5,0.003675,half_50ms,0.18,ideal,1,False,0,2.321508123325776,,,0.034,,,True,FALLEN
100,200,5,1.5,0.003675,half_50ms,0.18,ideal,1,False,16.0,32.0,0.23800000000000002,0.214,0.034,16.0,0.0,True,FALLEN
100,350,5,1.5,0.003675,half_50ms,0.18,ideal,1,False,16.0,32.0,0.23800000000000002,0.214,0.034,16.0,0.0,True,FALLEN
100,500,5,1.5,0.003675,half_50ms,0.18,ideal,1,False,16.0,32.0,0.23800000000000002,0.214,0.034,16.0,0.0,True,FALLEN
100,20,10,1.5,0.003675,half_50ms,0.18,ideal,1,False,0,0.0,,,0.034,,,False,FALLEN
100,50,10,1.5,0.003675,half_50ms,0.18,ideal,1,False,0,0.0,,,0.034,,,False,FALLEN
100,100,10,1.5,0.003675,half_50ms,0.18,ideal,1,False,0,2.321508123325776,,,0.034,,,True,FALLEN
100,200,10,1.5,0.003675,half_50ms,0.18,ideal,1,True,1.6994292410849303,17.699429241084932,0.266,0.186,0.034,0.24055631039435899,0.050113898997497665,False,BALANCING
100,350,10,1.5,0.003675,half_50ms,0.18,ideal,1,True,1.6994292410849303,17.699429241084932,0.266,0.186,0.034,0.24055631039435899,0.050113898997497665,False,BALANCING
100,500,10,1.5,0.003675,half_50ms,0.18,ideal,1,True,1.6994292410849303,17.699429241084932,0.266,0.186,0.034,0.24055631039435899,0.050113898997497665,False,BALANCING
100,20,15,1.5,0.003675,half_50ms,0.18,ideal,1,False,0,0.0,,,0.034,,,False,FALLEN
100,50,15,1.5,0.003675,half_50ms,0.18,ideal,1,False,0,0.0,,,0.034,,,False,FALLEN
100,100,15,1.5,0.003675,half_50ms,0.18,ideal,1,True,1.9806528770230651,17.980652877023065,1.408,0.132,0.034,1.9803937090049888,0.46570948068152623,False,BALANCING
100,200,15,1.5,0.003675,half_50ms,0.18,ideal,1,True,1.9806528770230651,17.980652877023065,1.408,0.132,0.034,1.9803937090049888,0.46570948068152623,False,BALANCING
100,350,15,1.5,0.003675,half_50ms,0.18,ideal,1,True,1.9806528770230651,17.980652877023065,1.408,0.132,0.034,1.9803937090049888,0.46570948068152623,False,BALANCING
100,500,15,1.5,0.003675,half_50ms,0.18,ideal,1,True,1.9806528770230651,17.980652877023065,1.408,0.132,0.034,1.9803937090049888,0.46570948068152623,False,BALANCING
150,20,5,1.5,0.003675,half_50ms,0.18,ideal,1,False,0,0.0,,,0.054,,,False,FALLEN
150,50,5,1.5,0.003675,half_50ms,0.18,ideal,1,False,0,0.0,,,0.054,,,False,FALLEN
150,100,5,1.5,0.003675,half_50ms,0.18,ideal,1,False,0,2.786801773598844,,,0.054,,,True,FALLEN
150,200,5,1.5,0.003675,half_50ms,0.18,ideal,1,False,16.0,32.0,0.264,0.24,0.054,16.0,0.0,True,FALLEN
150,350,5,1.5,0.003675,half_50ms,0.18,ideal,1,False,16.0,32.0,0.264,0.24,0.054,16.0,0.0,True,FALLEN
150,500,5,1.5,0.003675,half_50ms,0.18,ideal,1,False,16.0,32.0,0.264,0.24,0.054,16.0,0.0,True,FALLEN
150,20,10,1.5,0.003675,half_50ms,0.18,ideal,1,False,0,0.0,,,0.054,,,False,FALLEN
150,50,10,1.5,0.003675,half_50ms,0.18,ideal,1,False,0,0.0,,,0.054,,,False,FALLEN
150,100,10,1.5,0.003675,half_50ms,0.18,ideal,1,False,0,2.786801773598844,,,0.054,,,True,FALLEN
150,200,10,1.5,0.003675,half_50ms,0.18,ideal,1,True,0.7471512022553068,16.747151202255306,0.3,0.212,0.054,0.25970576379699345,0.08339943369622065,False,BALANCING
150,350,10,1.5,0.003675,half_50ms,0.18,ideal,1,True,0.7471512022553068,16.747151202255306,0.3,0.212,0.054,0.25970576379699345,0.08339943369622065,False,BALANCING
150,500,10,1.5,0.003675,half_50ms,0.18,ideal,1,True,0.7471512022553068,16.747151202255306,0.3,0.212,0.054,0.25970576379699345,0.08339943369622065,False,BALANCING
150,20,15,1.5,0.003675,half_50ms,0.18,ideal,1,False,0,0.0,,,0.054,,,False,FALLEN
150,50,15,1.5,0.003675,half_50ms,0.18,ideal,1,False,0,0.0,,,0.054,,,False,FALLEN
150,100,15,1.5,0.003675,half_50ms,0.18,ideal,1,True,1.8246896542746283,17.82468965427463,1.492,0.152,0.054,1.8246896542746283,0.3963136175566602,False,BALANCING
150,200,15,1.5,0.003675,half_50ms,0.18,ideal,1,True,1.8246896542746283,17.82468965427463,1.492,0.152,0.054,1.8246896542746283,0.3963136175566602,False,BALANCING
150,350,15,1.5,0.003675,half_50ms,0.18,ideal,1,True,1.8246896542746283,17.82468965427463,1.492,0.152,0.054,1.8246896542746283,0.3963136175566602,False,BALANCING
150,500,15,1.5,0.003675,half_50ms,0.18,ideal,1,True,1.8246896542746283,17.82468965427463,1.492,0.152,0.054,1.8246896542746283,0.3963136175566602,False,BALANCING
200,20,5,1.5,0.003675,half_50ms,0.18,ideal,1,False,0,0.0,,,0.076,,,False,FALLEN
200,50,5,1.5,0.003675,half_50ms,0.18,ideal,1,False,0,0.0,,,0.076,,,False,FALLEN
200,100,5,1.5,0.003675,half_50ms,0.18,ideal,1,False,0,4.327708146491146,,,0.076,,,True,FALLEN
200,200,5,1.5,0.003675,half_50ms,0.18,ideal,1,False,16.0,32.0,0.28600000000000003,0.262,0.076,16.0,0.0,True,FALLEN
200,350,5,1.5,0.003675,half_50ms,0.18,ideal,1,False,16.0,32.0,0.28600000000000003,0.262,0.076,16.0,0.0,True,FALLEN
200,500,5,1.5,0.003675,half_50ms,0.18,ideal,1,False,16.0,32.0,0.28600000000000003,0.262,0.076,16.0,0.0,True,FALLEN
200,20,10,1.5,0.003675,half_50ms,0.18,ideal,1,False,0,0.0,,,0.076,,,False,FALLEN
200,50,10,1.5,0.003675,half_50ms,0.18,ideal,1,False,0,0.0,,,0.076,,,False,FALLEN
200,100,10,1.5,0.003675,half_50ms,0.18,ideal,1,False,0,4.327708146491146,,,0.076,,,True,FALLEN
200,200,10,1.5,0.003675,half_50ms,0.18,ideal,1,True,0.08605326326151617,16.086053263261515,2.572,0.23,0.076,0.08605326326151617,0.17097092982368686,False,BALANCING
200,350,10,1.5,0.003675,half_50ms,0.18,ideal,1,True,0.08605326326151617,16.086053263261515,2.572,0.23,0.076,0.08605326326151617,0.17097092982368686,False,BALANCING
200,500,10,1.5,0.003675,half_50ms,0.18,ideal,1,True,0.08605326326151617,16.086053263261515,2.572,0.23,0.076,0.08605326326151617,0.17097092982368686,False,BALANCING
200,20,15,1.5,0.003675,half_50ms,0.18,ideal,1,False,0,0.0,,,0.076,,,False,FALLEN
200,50,15,1.5,0.003675,half_50ms,0.18,ideal,1,False,0,0.0,,,0.076,,,False,FALLEN
200,100,15,1.5,0.003675,half_50ms,0.18,ideal,1,True,1.6722257241390472,17.672225724139047,1.582,0.17,0.076,1.6722257241390472,0.3248412801795063,False,BALANCING
200,200,15,1.5,0.003675,half_50ms,0.18,ideal,1,True,1.6722257241390472,17.672225724139047,1.582,0.17,0.076,1.6722257241390472,0.3248412801795063,False,BALANCING
200,350,15,1.5,0.003675,half_50ms,0.18,ideal,1,True,1.6722257241390472,17.672225724139047,1.582,0.17,0.076,1.6722257241390472,0.3248412801795063,False,BALANCING
200,500,15,1.5,0.003675,half_50ms,0.18,ideal,1,True,1.6722257241390472,17.672225724139047,1.582,0.17,0.076,1.6722257241390472,0.3248412801795063,False,BALANCING
250,20,5,1.5,0.003675,half_50ms,0.18,ideal,1,False,0,0.0,,,0.10200000000000001,,,False,FALLEN
250,50,5,1.5,0.003675,half_50ms,0.18,ideal,1,False,0,0.0,,,0.10200000000000001,,,False,FALLEN
250,100,5,1.5,0.003675,half_50ms,0.18,ideal,1,False,0,4.892810839828565,,,0.10200000000000001,,,True,FALLEN
250,200,5,1.5,0.003675,half_50ms,0.18,ideal,1,False,16.0,32.0,0.314,0.28800000000000003,0.10200000000000001,16.0,0.0,True,FALLEN
250,350,5,1.5,0.003675,half_50ms,0.18,ideal,1,False,16.0,32.0,0.314,0.28800000000000003,0.10200000000000001,16.0,0.0,True,FALLEN
250,500,5,1.5,0.003675,half_50ms,0.18,ideal,1,False,16.0,32.0,0.314,0.28800000000000003,0.10200000000000001,16.0,0.0,True,FALLEN
250,20,10,1.5,0.003675,half_50ms,0.18,ideal,1,False,0,0.0,,,0.10200000000000001,,,False,FALLEN
250,50,10,1.5,0.003675,half_50ms,0.18,ideal,1,False,0,0.0,,,0.10200000000000001,,,False,FALLEN
250,100,10,1.5,0.003675,half_50ms,0.18,ideal,1,False,0,4.892810839828565,,,0.10200000000000001,,,True,FALLEN
250,200,10,1.5,0.003675,half_50ms,0.18,ideal,1,True,0,15.836556497508022,,0.254,0.10200000000000001,0.25374316563748717,0.2216779154056514,False,BALANCING
250,350,10,1.5,0.003675,half_50ms,0.18,ideal,1,True,0,15.836556497508022,,0.254,0.10200000000000001,0.25374316563748717,0.2216779154056514,False,BALANCING
250,500,10,1.5,0.003675,half_50ms,0.18,ideal,1,True,0,15.836556497508022,,0.254,0.10200000000000001,0.25374316563748717,0.2216779154056514,False,BALANCING
250,20,15,1.5,0.003675,half_50ms,0.18,ideal,1,False,0,0.0,,,0.10200000000000001,,,False,FALLEN
250,50,15,1.5,0.003675,half_50ms,0.18,ideal,1,False,0,0.0,,,0.10200000000000001,,,False,FALLEN
250,100,15,1.5,0.003675,half_50ms,0.18,ideal,1,True,1.482001014788177,17.482001014788178,1.694,0.196,0.10200000000000001,1.482001014788177,0.24637994738350957,False,BALANCING
250,200,15,1.5,0.003675,half_50ms,0.18,ideal,1,True,1.482001014788177,17.482001014788178,1.694,0.196,0.10200000000000001,1.482001014788177,0.24637994738350957,False,BALANCING
250,350,15,1.5,0.003675,half_50ms,0.18,ideal,1,True,1.482001014788177,17.482001014788178,1.694,0.196,0.10200000000000001,1.482001014788177,0.24637994738350957,False,BALANCING
250,500,15,1.5,0.003675,half_50ms,0.18,ideal,1,True,1.482001014788177,17.482001014788178,1.694,0.196,0.10200000000000001,1.482001014788177,0.24637994738350957,False,BALANCING
300,20,5,1.5,0.003675,half_50ms,0.18,ideal,1,False,0,0.0,,,0.132,,,False,FALLEN
300,50,5,1.5,0.003675,half_50ms,0.18,ideal,1,False,0,0.0,,,0.132,,,False,FALLEN
300,100,5,1.5,0.003675,half_50ms,0.18,ideal,1,False,0,7.981925947436318,,,0.132,,,True,FALLEN
300,200,5,1.5,0.003675,half_50ms,0.18,ideal,1,False,10.855256446980468,26.85525644698047,0.338,0.31,0.132,2.489631269986975,0.7058697779140013,False,BALANCING
300,350,5,1.5,0.003675,half_50ms,0.18,ideal,1,False,10.855256446980468,26.85525644698047,0.338,0.31,0.132,2.489631269986975,0.7058697779140013,False,BALANCING
300,500,5,1.5,0.003675,half_50ms,0.18,ideal,1,False,10.855256446980468,26.85525644698047,0.338,0.31,0.132,2.489631269986975,0.7058697779140013,False,BALANCING
300,20,10,1.5,0.003675,half_50ms,0.18,ideal,1,False,0,0.0,,,0.132,,,False,FALLEN
300,50,10,1.5,0.003675,half_50ms,0.18,ideal,1,False,0,0.0,,,0.132,,,False,FALLEN
300,100,10,1.5,0.003675,half_50ms,0.18,ideal,1,False,0,7.981925947436318,,,0.132,,,True,FALLEN
300,200,10,1.5,0.003675,half_50ms,0.18,ideal,1,True,0,15.579488467374569,,0.276,0.132,0.5608499676126991,0.31119070263006005,False,BALANCING
300,350,10,1.5,0.003675,half_50ms,0.18,ideal,1,True,0,15.579488467374569,,0.276,0.132,0.5608499676126991,0.31119070263006005,False,BALANCING
300,500,10,1.5,0.003675,half_50ms,0.18,ideal,1,True,0,15.579488467374569,,0.276,0.132,0.5608499676126991,0.31119070263006005,False,BALANCING
300,20,15,1.5,0.003675,half_50ms,0.18,ideal,1,False,0,0.0,,,0.132,,,False,FALLEN
300,50,15,1.5,0.003675,half_50ms,0.18,ideal,1,False,0,0.0,,,0.132,,,False,FALLEN
300,100,15,1.5,0.003675,half_50ms,0.18,ideal,1,True,1.2228557779549838,17.222855777954983,1.838,0.222,0.132,1.2228557779549838,0.35478422710273316,False,BALANCING
300,200,15,1.5,0.003675,half_50ms,0.18,ideal,1,True,1.2228557779549838,17.222855777954983,1.838,0.222,0.132,1.2228557779549838,0.35478422710273316,False,BALANCING
300,350,15,1.5,0.003675,half_50ms,0.18,ideal,1,True,1.2228557779549838,17.222855777954983,1.838,0.222,0.132,1.2228557779549838,0.35478422710273316,False,BALANCING
300,500,15,1.5,0.003675,half_50ms,0.18,ideal,1,True,1.2228557779549838,17.222855777954983,1.838,0.222,0.132,1.2228557779549838,0.35478422710273316,False,BALANCING
350,20,5,1.5,0.003675,half_50ms,0.18,ideal,1,False,0,0.0,,,0.166,,,False,FALLEN
350,50,5,1.5,0.003675,half_50ms,0.18,ideal,1,False,0,0.0,,,0.166,,,False,FALLEN
350,100,5,1.5,0.003675,half_50ms,0.18,ideal,1,False,16.0,32.0,0.668,,0.166,,,True,FALLEN
350,200,5,1.5,0.003675,half_50ms,0.18,ideal,1,False,16.0,32.0,0.368,0.34,0.166,16.0,0.0,True,FALLEN
350,350,5,1.5,0.003675,half_50ms,0.18,ideal,1,False,16.0,32.0,0.368,0.34,0.166,16.0,0.0,True,FALLEN
350,500,5,1.5,0.003675,half_50ms,0.18,ideal,1,False,16.0,32.0,0.368,0.34,0.166,16.0,0.0,True,FALLEN
350,20,10,1.5,0.003675,half_50ms,0.18,ideal,1,False,0,0.0,,,0.166,,,False,FALLEN
350,50,10,1.5,0.003675,half_50ms,0.18,ideal,1,False,0,0.0,,,0.166,,,False,FALLEN
350,100,10,1.5,0.003675,half_50ms,0.18,ideal,1,False,16.0,32.0,0.668,,0.166,,,True,FALLEN
350,200,10,1.5,0.003675,half_50ms,0.18,ideal,1,True,0,15.64509424327336,,0.308,0.166,0.8919674838268185,0.39225730145421006,False,BALANCING
350,350,10,1.5,0.003675,half_50ms,0.18,ideal,1,True,0,15.64509424327336,,0.308,0.166,0.8919674838268185,0.39225730145421006,False,BALANCING
350,500,10,1.5,0.003675,half_50ms,0.18,ideal,1,True,0,15.64509424327336,,0.308,0.166,0.8919674838268185,0.39225730145421006,False,BALANCING
350,20,15,1.5,0.003675,half_50ms,0.18,ideal,1,False,0,0.0,,,0.166,,,False,FALLEN
350,50,15,1.5,0.003675,half_50ms,0.18,ideal,1,False,0,0.0,,,0.166,,,False,FALLEN
350,100,15,1.5,0.003675,half_50ms,0.18,ideal,1,True,1.0002539417758132,17.000253941775814,2.0020000000000002,0.256,0.166,1.0002539417758132,0.45414236367202265,False,BALANCING
350,200,15,1.5,0.003675,half_50ms,0.18,ideal,1,True,1.0002539417758132,17.000253941775814,2.0020000000000002,0.256,0.166,1.0002539417758132,0.45414236367202265,False,BALANCING
350,350,15,1.5,0.003675,half_50ms,0.18,ideal,1,True,1.0002539417758132,17.000253941775814,2.0020000000000002,0.256,0.166,1.0002539417758132,0.45414236367202265,False,BALANCING
350,500,15,1.5,0.003675,half_50ms,0.18,ideal,1,True,1.0002539417758132,17.000253941775814,2.0020000000000002,0.256,0.166,1.0002539417758132,0.45414236367202265,False,BALANCING
400,20,5,1.5,0.003675,half_50ms,0.18,ideal,1,False,0,0.0,,,0.21,,,False,FALLEN
400,50,5,1.5,0.003675,half_50ms,0.18,ideal,1,False,0,0.0,,,0.21,,,False,FALLEN
400,100,5,1.5,0.003675,half_50ms,0.18,ideal,1,False,16.0,32.0,0.524,,0.21,,,True,FALLEN
400,200,5,1.5,0.003675,half_50ms,0.18,ideal,1,False,16.0,32.0,0.404,0.378,0.21,16.0,0.0,True,FALLEN
400,350,5,1.5,0.003675,half_50ms,0.18,ideal,1,False,16.0,32.0,0.404,0.378,0.21,16.0,0.0,True,FALLEN
400,500,5,1.5,0.003675,half_50ms,0.18,ideal,1,False,16.0,32.0,0.404,0.378,0.21,16.0,0.0,True,FALLEN
400,20,10,1.5,0.003675,half_50ms,0.18,ideal,1,False,0,0.0,,,0.21,,,False,FALLEN
400,50,10,1.5,0.003675,half_50ms,0.18,ideal,1,False,0,0.0,,,0.21,,,False,FALLEN
400,100,10,1.5,0.003675,half_50ms,0.18,ideal,1,False,16.0,32.0,0.524,,0.21,,,True,FALLEN
400,200,10,1.5,0.003675,half_50ms,0.18,ideal,1,True,1.581817199851272,17.581817199851272,0.426,0.34800000000000003,0.21,1.3963244569223454,0.5113010309146082,False,BALANCING
400,350,10,1.5,0.003675,half_50ms,0.18,ideal,1,True,1.581817199851272,17.581817199851272,0.426,0.34800000000000003,0.21,1.3963244569223454,0.5113010309146082,False,BALANCING
400,500,10,1.5,0.003675,half_50ms,0.18,ideal,1,True,1.581817199851272,17.581817199851272,0.426,0.34800000000000003,0.21,1.3963244569223454,0.5113010309146082,False,BALANCING
400,20,15,1.5,0.003675,half_50ms,0.18,ideal,1,False,0,0.0,,,0.21,,,False,FALLEN
400,50,15,1.5,0.003675,half_50ms,0.18,ideal,1,False,0,0.0,,,0.21,,,False,FALLEN
400,100,15,1.5,0.003675,half_50ms,0.18,ideal,1,True,0.7750164254935826,16.775016425493583,2.216,0.296,0.21,0.7750164254935826,0.5653730802794393,False,BALANCING
400,200,15,1.5,0.003675,half_50ms,0.18,ideal,1,True,0.7750164254935826,16.775016425493583,2.216,0.296,0.21,0.7750164254935826,0.5653730802794393,False,BALANCING
400,350,15,1.5,0.003675,half_50ms,0.18,ideal,1,True,0.7750164254935826,16.775016425493583,2.216,0.296,0.21,0.7750164254935826,0.5653730802794393,False,BALANCING
400,500,15,1.5,0.003675,half_50ms,0.18,ideal,1,True,0.7750164254935826,16.775016425493583,2.216,0.296,0.21,0.7750164254935826,0.5653730802794393,False,BALANCING
450,20,5,1.5,0.003675,half_50ms,0.18,ideal,1,False,0,0.0,,,0.268,,,False,FALLEN
450,50,5,1.5,0.003675,half_50ms,0.18,ideal,1,False,0,0.0,,,0.268,,,False,FALLEN
450,100,5,1.5,0.003675,half_50ms,0.18,ideal,1,False,16.0,32.0,0.532,,0.268,,,True,FALLEN
450,200,5,1.5,0.003675,half_50ms,0.18,ideal,1,False,16.0,32.0,0.456,0.432,0.268,16.0,0.0,True,FALLEN
450,350,5,1.5,0.003675,half_50ms,0.18,ideal,1,False,16.0,32.0,0.456,0.432,0.268,16.0,0.0,True,FALLEN
450,500,5,1.5,0.003675,half_50ms,0.18,ideal,1,False,16.0,32.0,0.456,0.432,0.268,16.0,0.0,True,FALLEN
450,20,10,1.5,0.003675,half_50ms,0.18,ideal,1,False,0,0.0,,,0.268,,,False,FALLEN
450,50,10,1.5,0.003675,half_50ms,0.18,ideal,1,False,0,0.0,,,0.268,,,False,FALLEN
450,100,10,1.5,0.003675,half_50ms,0.18,ideal,1,False,16.0,32.0,0.532,,0.268,,,True,FALLEN
450,200,10,1.5,0.003675,half_50ms,0.18,ideal,1,True,3.004022301535245,19.004022301535244,0.47400000000000003,0.402,0.268,1.8254504403323202,0.6392034101789401,False,BALANCING
450,350,10,1.5,0.003675,half_50ms,0.18,ideal,1,True,3.004022301535245,19.004022301535244,0.47400000000000003,0.402,0.268,1.8254504403323202,0.6392034101789401,False,BALANCING
450,500,10,1.5,0.003675,half_50ms,0.18,ideal,1,True,3.004022301535245,19.004022301535244,0.47400000000000003,0.402,0.268,1.8254504403323202,0.6392034101789401,False,BALANCING
450,20,15,1.5,0.003675,half_50ms,0.18,ideal,1,False,0,0.0,,,0.268,,,False,FALLEN
450,50,15,1.5,0.003675,half_50ms,0.18,ideal,1,False,0,0.0,,,0.268,,,False,FALLEN
450,100,15,1.5,0.003675,half_50ms,0.18,ideal,1,True,0.5032195163157941,16.503219516315795,2.528,0.354,0.268,0.5032195163157941,0.6726464031035531,False,BALANCING
450,200,15,1.5,0.003675,half_50ms,0.18,ideal,1,True,0.5032195163157941,16.503219516315795,2.528,0.354,0.268,0.5032195163157941,0.6726464031035531,False,BALANCING
450,350,15,1.5,0.003675,half_50ms,0.18,ideal,1,True,0.5032195163157941,16.503219516315795,2.528,0.354,0.268,0.5032195163157941,0.6726464031035531,False,BALANCING
450,500,15,1.5,0.003675,half_50ms,0.18,ideal,1,True,0.5032195163157941,16.503219516315795,2.528,0.354,0.268,0.5032195163157941,0.6726464031035531,False,BALANCING
500,20,5,1.5,0.003675,half_50ms,0.18,ideal,1,False,0,0.0,,,0.352,,,False,FALLEN
500,50,5,1.5,0.003675,half_50ms,0.18,ideal,1,False,0,0.0,,,0.352,,,False,FALLEN
500,100,5,1.5,0.003675,half_50ms,0.18,ideal,1,False,16.0,32.0,0.602,,0.352,,,True,FALLEN
500,200,5,1.5,0.003675,half_50ms,0.18,ideal,1,False,16.0,32.0,0.536,0.512,0.352,16.0,0.0,True,FALLEN
500,350,5,1.5,0.003675,half_50ms,0.18,ideal,1,False,16.0,32.0,0.536,0.512,0.352,16.0,0.0,True,FALLEN
500,500,5,1.5,0.003675,half_50ms,0.18,ideal,1,False,16.0,32.0,0.536,0.512,0.352,16.0,0.0,True,FALLEN
500,20,10,1.5,0.003675,half_50ms,0.18,ideal,1,False,0,0.0,,,0.352,,,False,FALLEN
500,50,10,1.5,0.003675,half_50ms,0.18,ideal,1,False,0,0.0,,,0.352,,,False,FALLEN
500,100,10,1.5,0.003675,half_50ms,0.18,ideal,1,False,16.0,32.0,0.602,,0.352,,,True,FALLEN
500,200,10,1.5,0.003675,half_50ms,0.18,ideal,1,False,16.0,32.0,0.55,0.484,0.352,16.0,0.0,True,FALLEN
500,350,10,1.5,0.003675,half_50ms,0.18,ideal,1,False,16.0,32.0,0.55,0.484,0.352,16.0,0.0,True,FALLEN
500,500,10,1.5,0.003675,half_50ms,0.18,ideal,1,False,16.0,32.0,0.55,0.484,0.352,16.0,0.0,True,FALLEN
500,20,15,1.5,0.003675,half_50ms,0.18,ideal,1,False,0,0.0,,,0.352,,,False,FALLEN
500,50,15,1.5,0.003675,half_50ms,0.18,ideal,1,False,0,0.0,,,0.352,,,False,FALLEN
500,100,15,1.5,0.003675,half_50ms,0.18,ideal,1,True,0.28675207642405287,16.286752076424055,2.898,0.436,0.352,0.28675207642405287,0.7789088484532147,False,BALANCING
500,200,15,1.5,0.003675,half_50ms,0.18,ideal,1,True,0.28675207642405287,16.286752076424055,2.898,0.436,0.352,0.28675207642405287,0.7789088484532147,False,BALANCING
500,350,15,1.5,0.003675,half_50ms,0.18,ideal,1,True,0.28675207642405287,16.286752076424055,2.898,0.436,0.352,0.28675207642405287,0.7789088484532147,False,BALANCING
500,500,15,1.5,0.003675,half_50ms,0.18,ideal,1,True,0.28675207642405287,16.286752076424055,2.898,0.436,0.352,0.28675207642405287,0.7789088484532147,False,BALANCING
550,20,5,1.5,0.003675,half_50ms,0.18,ideal,1,False,0,0.009814724575971212,,,0.52,,,True,FALLEN
550,50,5,1.5,0.003675,half_50ms,0.18,ideal,1,False,0,0.009814724575971212,,,0.52,,,True,FALLEN
550,100,5,1.5,0.003675,half_50ms,0.18,ideal,1,False,16.0,32.0,0.748,,0.52,,,True,FALLEN
550,200,5,1.5,0.003675,half_50ms,0.18,ideal,1,False,16.0,32.0,0.7000000000000001,0.676,0.52,16.0,0.0,True,FALLEN
550,350,5,1.5,0.003675,half_50ms,0.18,ideal,1,False,16.0,32.0,0.7000000000000001,0.676,0.52,16.0,0.0,True,FALLEN
550,500,5,1.5,0.003675,half_50ms,0.18,ideal,1,False,16.0,32.0,0.7000000000000001,0.676,0.52,16.0,0.0,True,FALLEN
550,20,10,1.5,0.003675,half_50ms,0.18,ideal,1,False,0,0.009814724575971212,,,0.52,,,True,FALLEN
550,50,10,1.5,0.003675,half_50ms,0.18,ideal,1,False,0,0.009814724575971212,,,0.52,,,True,FALLEN
550,100,10,1.5,0.003675,half_50ms,0.18,ideal,1,False,16.0,32.0,0.748,,0.52,,,True,FALLEN
550,200,10,1.5,0.003675,half_50ms,0.18,ideal,1,False,16.0,32.0,0.712,0.65,0.52,16.0,0.0,True,FALLEN
550,350,10,1.5,0.003675,half_50ms,0.18,ideal,1,False,16.0,32.0,0.712,0.65,0.52,16.0,0.0,True,FALLEN
550,500,10,1.5,0.003675,half_50ms,0.18,ideal,1,False,16.0,32.0,0.712,0.65,0.52,16.0,0.0,True,FALLEN
550,20,15,1.5,0.003675,half_50ms,0.18,ideal,1,False,0,0.009814724575971212,,,0.52,,,True,FALLEN
550,50,15,1.5,0.003675,half_50ms,0.18,ideal,1,False,0,0.009814724575971212,,,0.52,,,True,FALLEN
550,100,15,1.5,0.003675,half_50ms,0.18,ideal,1,True,0,15.995967280127891,,0.604,0.52,0.3244513134520482,0.9018955304686535,False,BALANCING
550,200,15,1.5,0.003675,half_50ms,0.18,ideal,1,True,0,15.995967280127891,,0.604,0.52,0.3244513134520482,0.9018955304686535,False,BALANCING
550,350,15,1.5,0.003675,half_50ms,0.18,ideal,1,True,0,15.995967280127891,,0.604,0.52,0.3244513134520482,0.9018955304686535,False,BALANCING
550,500,15,1.5,0.003675,half_50ms,0.18,ideal,1,True,0,15.995967280127891,,0.604,0.52,0.3244513134520482,0.9018955304686535,False,BALANCING
580,20,5,1.5,0.003675,half_50ms,0.18,ideal,1,False,0,0.1753225959320801,,,0.982,,,True,FALLEN
580,50,5,1.5,0.003675,half_50ms,0.18,ideal,1,False,0,0.1753225959320801,,,0.982,,,True,FALLEN
580,100,5,1.5,0.003675,half_50ms,0.18,ideal,1,False,16.0,32.0,1.202,,0.982,,,True,FALLEN
580,200,5,1.5,0.003675,half_50ms,0.18,ideal,1,False,16.0,32.0,1.158,1.1340000000000001,0.982,16.0,0.0,True,FALLEN
580,350,5,1.5,0.003675,half_50ms,0.18,ideal,1,False,16.0,32.0,1.158,1.1340000000000001,0.982,16.0,0.0,True,FALLEN
580,500,5,1.5,0.003675,half_50ms,0.18,ideal,1,False,16.0,32.0,1.158,1.1340000000000001,0.982,16.0,0.0,True,FALLEN
580,20,10,1.5,0.003675,half_50ms,0.18,ideal,1,False,0,0.1753225959320801,,,0.982,,,True,FALLEN
580,50,10,1.5,0.003675,half_50ms,0.18,ideal,1,False,0,0.1753225959320801,,,0.982,,,True,FALLEN
580,100,10,1.5,0.003675,half_50ms,0.18,ideal,1,False,16.0,32.0,1.202,,0.982,,,True,FALLEN
580,200,10,1.5,0.003675,half_50ms,0.18,ideal,1,False,16.0,32.0,1.17,1.108,0.982,16.0,0.0,True,FALLEN
580,350,10,1.5,0.003675,half_50ms,0.18,ideal,1,False,16.0,32.0,1.17,1.108,0.982,16.0,0.0,True,FALLEN
580,500,10,1.5,0.003675,half_50ms,0.18,ideal,1,False,16.0,32.0,1.17,1.108,0.982,16.0,0.0,True,FALLEN
580,20,15,1.5,0.003675,half_50ms,0.18,ideal,1,False,0,0.1753225959320801,,,0.982,,,True,FALLEN
580,50,15,1.5,0.003675,half_50ms,0.18,ideal,1,False,0,0.1753225959320801,,,0.982,,,True,FALLEN
580,100,15,1.5,0.003675,half_50ms,0.18,ideal,1,True,0,15.875166241453318,,1.062,0.982,0.4842705979371812,0.9876393194854753,False,BALANCING
580,200,15,1.5,0.003675,half_50ms,0.18,ideal,1,True,0,15.875166241453318,,1.062,0.982,0.4842705979371812,0.9876393194854753,False,BALANCING
580,350,15,1.5,0.003675,half_50ms,0.18,ideal,1,True,0,15.875166241453318,,1.062,0.982,0.4842705979371812,0.9876393194854753,False,BALANCING
580,500,15,1.5,0.003675,half_50ms,0.18,ideal,1,True,0,15.875166241453318,,1.062,0.982,0.4842705979371812,0.9876393194854753,False,BALANCING
