t,theta_deg,rate_dps,wheel_rpm,duty,phase
0.0,16.0,0.0,0.0,-1,SPINUP
0.002,16.0,0.0,-6.436476596174447,-1,SPINUP
0.004,16.0,0.0,-12.801832631651454,-1,SPINUP
0.006,16.0,0.0,-19.096853960939825,-1,SPINUP
0.008,16.0,0.0,-25.32231775516197,-1,SPINUP
0.01,16.0,0.0,-31.47899259800195,-1,SPINUP
0.012,16.0,0.0,-37.56763858059332,-1,SPINUP
0.014,16.0,0.0,-43.5890073953585,-1,SPINUP
0.016,16.0,0.0,-49.543842428811296,-1,SPINUP
0.018000000000000002,16.0,0.0,-55.43287885333392,-1,SPINUP
0.02,16.0,0.0,-61.256843717939944,-1,SPINUP
0.022,16.0,0.0,-67.0164560380344,-1,SPINUP
0.024,16.0,0.0,-72.71242688418201,-1,SPINUP
0.026000000000000002,16.0,0.0,-78.34545946989454,-1,SPINUP
0.028,16.0,0.0,-83.91624923844823,-1,SPINUP
0.03,16.0,0.0,-89.42548394874186,-1,SPINUP
0.032,16.0,0.0,-94.87384376020609,-1,SPINUP
0.034,16.0,0.0,-100.26200131677466,0.0,KICK
0.036000000000000004,16.0,0.0,-99.92835103845167,0.0,KICK
0.038,16.0,0.0,-99.5958110761683,0.0,KICK
0.04,16.0,0.0,-99.26437773503264,0.0,KICK
0.042,16.0,0.0,-98.9340473324486,0.0,KICK
0.044,16.0,0.0,-98.60481619807497,0.0,KICK
0.046,16.0,0.0,-98.27668067378468,0.0,KICK
0.048,16.0,0.0,-97.94963711362406,0.0,KICK
0.05,16.0,0.0,-97.62368188377242,0.0,KICK
0.052000000000000005,16.0,0.0,-97.29881136250161,0.0,KICK
0.054,16.0,0.0,-96.97502194013585,0.0,KICK
0.056,16.0,0.0,-96.65231001901155,0.0,KICK
0.058,16.0,0.0,-96.33067201343736,0.0,KICK
0.06,16.0,0.0,-96.0101043496544,0.0,KICK
0.062,16.0,0.0,-95.69060346579641,0.0,KICK
0.064,16.0,0.0,-95.37216581185028,0.0,KICK
0.066,16.0,0.0,-95.0547878496166,0.0,KICK
0.068,16.0,0.0,-94.73846605267028,0.0,KICK
0.07,16.0,0.0,-94.42319690632145,0.0,KICK
0.07200000000000001,16.0,0.0,-94.10897690757632,0.0,KICK
0.074,16.0,0.0,-93.79580256509837,0.0,KICK
0.076,16.0,0.0,-93.48367039916947,0.0,KICK
0.078,16.0,0.0,-93.1725769416512,0.0,KICK
0.08,16.0,0.0,-92.86251873594641,0.0,KICK
0.082,16.0,0.0,-92.55349233696072,0.0,KICK
0.084,16.0,0.0,-92.24549431106429,0.0,KICK
0.08600000000000001,16.0,0.0,-91.93852123605369,1,KICK
0.088,15.999199077853328,-0.7983820142820849,-88.20199002789658,1,KICK
0.09,15.996816540498932,-1.5816608518418458,-84.48615977056696,1,KICK
0.092,15.992882321783638,-2.3501083461009658,-80.79091577765077,1,KICK
0.094,15.98742581590269,-3.1039923270790624,-77.11614399811417,1,KICK
0.096,15.980475885335819,-3.8435766919256475,-73.46173101278336,1,KICK
0.098,15.972060868643469,-4.569121474235025,-69.827564030844,1,KICK
0.1,15.962208588125574,-5.280882912171349,-66.21353088636,1,KICK
0.10200000000000001,15.950946357345273,-5.979113515430556,-62.61952003481163,1,KICK
0.10400000000000001,15.938300988519845,-6.66406213106533,-59.04542054965273,1,KICK
0.106,15.924298799781074,-7.335974008198776,-55.49112211888708,1,KICK
0.108,15.908965622307326,-7.995090861651954,-51.95651504166366,1,KICK
0.11,15.892326807329395,-8.64165093450987,-48.44149022489088,1,KICK
0.112,15.874407233012287,-9.275889059650117,-44.94593917986942,1,KICK
0.114,15.855231311214947,-9.898036720257716,-41.469754018943874,1,KICK
0.116,15.834822994129956,-10.508322109349388,-38.012827452172814,1,KICK
0.11800000000000001,15.813205780805154,-11.106970188329841,-34.57505278401743,1,KICK
0.12,15.7904027235491,-11.694202744602295,-31.15632391004839,1,KICK
0.122,15.766436434222232,-12.270238448254918,-27.756535313671034,1,KICK
0.124,15.741329090415563,-12.83529290784446,-24.375582062868677,1,KICK
0.126,15.715102441518708,-13.389578725297836,-21.013359806963955,1,KICK
0.128,15.68777781467895,-13.933305549952042,-17.669764773398118,1,KICK
0.13,15.659376120653086,-14.466680131752259,-14.34469376452816,1,KICK
0.132,15.629917859553704,-14.989906373627694,-11.038044154441707,1,KICK
0.134,15.599423126491502,-15.503185383064137,-7.749713885789535,1,KICK
0.136,15.567911617115266,-16.006715522891934,-4.47960146663565,1,KICK
0.138,15.53540263305103,-16.500692461307583,-1.2276059673248088,1,KICK
0.14,15.500326700890607,-18.966441446588366,4.6879124289049425,1,KICK
0.14200000000000002,15.45956899871606,-21.783338811692076,11.07258941772241,1,KICK
0.14400000000000002,15.413224613956485,-24.55333223736431,17.386718211338383,1,KICK
0.146,15.361386111002668,-27.277662370956545,23.631078339845764,1,KICK
0.148,15.304143589859015,-29.957553018964255,29.80644071983338,1,KICK
0.15,15.241584719423118,-32.59421154785897,35.91356774956188,1,KICK
0.152,15.173794769971533,-35.18882927704905,41.95321340308791,1,KICK
0.154,15.100856644867353,-37.7425818641903,47.92612332334833,1,KICK
0.156,15.022850911504605,-40.25662968306502,53.83303491421582,1,KICK
0.158,14.93985583150415,-42.732118194245,59.674677431537326,1,KICK
0.16,14.851947390175303,-45.17017830875059,65.4517720731666,1,KICK
0.162,14.759199325256935,-47.57192674491434,71.16503206800182,1,KICK
0.164,14.661683154951527,-49.9384663786535,76.81516276403956,1,KICK
0.166,14.559468205265041,-52.270886587352,82.40286171545559,1,KICK
0.168,14.452621636665297,-54.5702635875475,87.92881876872359,1,KICK
0.17,14.341208470070995,-56.83766076661518,93.39371614778224,1,KICK
0.17200000000000001,14.225291612183222,-59.07412900863469,98.79822853826133,1,KICK
0.17400000000000002,14.104931880170874,-61.28070701462231,104.14302317077707,1,KICK
0.176,13.98018802572113,-63.45842161730518,109.4287599033071,1,KICK
0.178,13.851116758465665,-65.60828809060963,114.65609130265531,1,KICK
0.18,13.717772768793044,-67.73131045403045,119.82566272501643,1,KICK
0.182,13.580208750057357,-69.8284817720429,124.93811239565046,1,KICK
0.184,13.438475420192873,-71.90078444871422,129.9940714876768,1,KICK
0.186,13.292621542744111,-73.94919051766611,134.9941641999975,1,KICK
0.188,13.14269394732055,-75.9746619275344,139.9390078343598,1,KICK
0.19,12.988737549484778,-77.97815082306725,144.82921287156697,1,KICK
0.192,12.830795370082699,-79.96059982199772,149.66538304684693,1,KICK
0.194,12.66890855402412,-81.9229422878215,154.44811542438856,1,KICK
0.196,12.503116388521773,-83.86610259860558,159.17800047105374,1,KICK
0.198,12.333456320796559,-85.79099641194823,163.85562212927542,1,KICK
0.2,12.159963975256666,-87.69853092620575,168.48155788915003,1,KICK
0.202,11.982673170157842,-89.58960513809615,173.05637885973323,1,KICK
0.20400000000000001,11.801615933752016,-91.46511009678522,177.58064983954793,1,KICK
0.20600000000000002,11.616822519931166,-93.32592915455479,182.0549293863132,1,KICK
0.20800000000000002,11.4283214233732,-95.17293821414856,186.4797698859029,1,KICK
0.21,11.236139394196385,-97.00700597288557,190.85571762054187,1,KICK
0.212,11.04030145212871,-98.82899416362622,195.1833128362491,1,KICK
0.214,10.840830900198409,-100.63975779267122,199.46308980953538,1,KICK
0.216,10.637749337951664,-102.44014537466845,203.69557691336402,1,KICK
0.218,10.431076674203466,-104.2309991645981,207.88129668238284,1,KICK
0.22,10.220831139327329,-106.01315538690113,212.02076587743514,1,KICK
0.222,10.007029297089588,-107.78744446181162,216.11449554935817,1,KICK
0.224,9.78968605603377,-109.55469122894819,220.1629911020763,0.0,BALANCING
0.226,9.572319729848639,-107.81637269407643,219.43033623489944,0.0,BALANCING
0.228,9.358401752608023,-106.10627366658707,218.70011948482713,0.0,BALANCING
0.23,9.147876095080447,-104.42398531952604,217.97233273833243,0.0,BALANCING
0.232,8.940687539962509,-102.7691045456517,217.24696790888845,0.0,BALANCING
0.234,8.736781670476798,-101.14123391980146,216.52401693687852,0.0,BALANCING
0.23600000000000002,8.53610485904678,-99.53998165957157,215.8034717895066,0.0,BALANCING
0.23800000000000002,8.338604256051905,-97.96496158444776,215.0853244607081,0.0,BALANCING
0.24,8.144227778665893,-96.41579307351746,214.36956697106086,0.0,BALANCING
0.242,7.952924099780904,-94.89210102188723,213.6561913676965,0.0,BALANCING
0.244,7.764642637020074,-93.39351579592272,212.94518972421213,0.0,BALANCING
0.246,7.579333541840655,-91.91967318742262,212.23655414058214,0.0,BALANCING
0.248,7.3969476887297825,-90.47021436683141,211.53027674307057,0.0,BALANCING
0.25,7.217436664494697,-89.04478583559103,210.82634968414345,0.0,BALANCING
0.252,7.040752757649046,-87.64303937772527,210.12476514238185,0.0,BALANCING
0.254,6.866848947896706,-86.26463201074654,209.4255153223947,0.0,BALANCING
0.256,6.695678895714402,-84.9092259359689,208.72859245473236,0.0,BALANCING
0.258,6.527196932034226,-83.57648848830728,208.03398879580027,0.0,BALANCING
0.26,6.361358048027002,-82.26609208563778,207.34169662777285,0.0,BALANCING
0.262,6.198117884987322,-80.9777141777906,206.6517082585078,0.0,BALANCING
0.264,6.037432724320901,-79.71103719524189,205.9640160214605,0.0,BALANCING
0.266,5.879259477634789,-78.46574849756824,205.2786122755991,0.0,BALANCING
0.268,5.723555676930877,-77.24154032172306,204.5954894053193,0.0,BALANCING
0.27,5.57027946490297,-76.03810973019097,203.91463982036007,0.0,BALANCING
0.272,5.419389585337629,-74.85515855907292,203.2360559557189,0.0,BALANCING
0.274,5.270845373618879,-73.69239336615173,202.55973027156818,0.0,BALANCING
0.276,5.124606747336759,-72.54952537898471,201.88565525317108,-1,BALANCING
0.278,4.983351120282417,-68.71198812791357,197.540000211138,-1,BALANCING
0.28,4.849735597477292,-64.90924764428789,193.21842075855588,-0.9959670026054437,BALANCING
0.28200000000000003,4.723681998916437,-61.149883089489215,188.93379871276508,-0.9152239094223878,BALANCING
0.28400000000000003,4.604921588914587,-57.61571453080804,184.93348644429722,-0.8392766316723106,BALANCING
0.28600000000000003,4.493017467211673,-54.29327083339517,181.20043188454792,-0.767838412868628,BALANCING
0.28800000000000003,4.387558869117235,-51.169886338595255,177.71860285013966,-0.7006396411767767,BALANCING
0.29,4.288159602746148,-48.233652747826,174.47292606376197,-0.6374268254578969,BALANCING
0.292,4.194456579614856,-45.47337387406271,171.44922981733416,-0.577961632308326,BALANCING
0.294,4.106108433033022,-42.878523091034054,168.63419006046783,-0.5220199804856313,BALANCING
0.296,4.022794219055377,-40.43920332014374,166.01527971005598,-0.46939118932169355,BALANCING
0.298,3.944212195069124,-38.14610940448859,163.58072098891654,-0.4198771779215889,BALANCING
0.3,3.870078671384719,-35.990492728173436,161.31944061281507,-0.3732917121341517,BALANCING
0.302,3.800126931473073,-33.964127947452766,159.22102765591814,-0.32945969645676176,BALANCING
0.304,3.7341062167513117,-32.05928170808433,157.27569393482727,-0.2882165082035325,BALANCING
0.306,3.6717807720630504,-30.268683230685372,155.47423676084946,-0.24940737142323505,BALANCING
0.308,3.6129289482285656,-28.585496652860808,153.8080039191036,-0.2128867682014486,BALANCING
0.31,3.557342358256115,-27.003295023448956,152.26886074148095,-0.17851788512106678,BALANCING
0.312,3.5048250840087847,-25.516035850424533,150.84915914839647,-0.14617209278685359,BALANCING
0.314,3.455192930312302,-24.118038109832643,149.54170854172065,-0.11572845644368762,BALANCING
0.316,3.4082727236690094,-22.803960628621116,148.3397484382907,-0.08707327583486353,BALANCING
0.318,3.363901652912291,-21.56878175941039,147.23692273999544,-0.060099652556740706,BALANCING
0.32,3.3219266492947788,-20.40778027010914,146.22725554263113,-0.03470708326951785,BALANCING
0.322,3.282203803653257,-19.3165173758664,145.30512839156137,-0.01080107722134218,BALANCING
0.324,3.244597818433898,-18.290819845163817,144.46525889770155,0.0,BALANCING
0.326,3.2087729523653756,-17.534984214634083,143.98450972846314,0.0,BALANCING
0.328,3.174454193384717,-16.784680986658774,143.50536038859192,0.0,BALANCING
0.33,3.1416306668555745,-16.039720216134942,143.02780555420142,0.0,BALANCING
0.332,3.11029187670512,-15.299913277038524,142.55183991912187,0.0,BALANCING
0.334,3.0804277028314484,-14.565072816905117,142.07745819484134,0.0,BALANCING
0.336,3.0520283986017698,-13.8350127115574,141.6046551104469,0.0,BALANCING
0.338,3.02508458844091,-13.109548020072278,141.13342541256608,0.0,BALANCING
0.34,2.999587265509638,-12.3884949399806,140.6637638653085,0.0,BALANCING
0.342,2.975527789472372,-11.67167076269227,140.1956652502077,0.0,BALANCING
0.34400000000000003,2.9528978843538125,-10.95889382913943,139.72912436616312,0.0,BALANCING
0.34600000000000003,2.931689636484079,-10.249983485630239,139.26413602938234,0.0,BALANCING
0.34800000000000003,2.9118954925319342,-9.544760039905787,138.80069507332357,0.0,BALANCING
0.35000000000000003,2.8935082576256983,-8.843044717392502,138.33879634863806,0.0,BALANCING
0.352,2.876521093561467,-8.144659617642343,137.87843472311295,0.0,BALANCING
0.354,2.8609275170982724,-7.449427670953036,137.41960508161438,0.0,BALANCING
0.356,2.846721398339824,-6.75717259516051,136.9623023260305,0.0,BALANCING
0.358,2.8338969592025043,-6.067718852595638,136.5065213752149,0.0,BALANCING
0.36,2.822448771969291,-5.380891607197321,136.05225716493004,0.0,BALANCING
0.362,2.812371757929303,-4.696516681773928,135.5995046477912,0.0,BALANCING
0.364,2.8036611861026826,-4.014420515405026,135.14825879321015,0.0,BALANCING
0.366,2.79631267205054,-3.334430120975317,134.69851458733945,0.0,BALANCING
0.368,2.790322176769706,-2.656373042832667,134.2502670330166,0.0,BALANCING
0.37,2.785686005672051,-1.9800773145620467,133.80351114970864,0.0,BALANCING
0.372,2.7824008076481435,-1.3053714168672252,133.35824197345667,0.0,BALANCING
0.374,2.78046357421505,-0.6320842355519952,132.91445455682086,0.0,BALANCING
0.376,2.779871638748076,0.03995498040728926,132.47214396882535,0.43222145990903765,BALANCING
0.378,2.7793210976477667,-0.5887039270439134,133.79036165982583,0.4186711255723831,BALANCING
0.38,2.7775884545115885,-1.1423107601062483,135.00679714868855,0.4067780112787929,BALANCING
0.382,2.7748149454266087,-1.629714526899528,136.13324174714566,0.396346407619354,BALANCING
0.384,2.771125154070816,-2.058720874550812,137.1800967984949,0.3872036813658849,BALANCING
0.386,2.7666289751498176,-2.4362151096322076,138.15653756550682,0.37919755460709215,BALANCING
0.388,2.761423346329033,-2.7682707134506157,139.0706577946581,0.3721937046978071,BALANCING
0.39,2.755593775957715,-3.060245062486669,139.9295972351158,0.36607364719427005,BALANCING
0.392,2.749215690662607,-3.316863862615441,140.73965412224877,0.3607328684087123,BALANCING
0.394,2.74235562405006,-3.54229562785645,141.50638439847174,0.35607917815081636,BALANCING
0.396,2.7350722652511967,-3.7402173774907674,142.23468923519613,0.3520312566940503,BALANCING
0.398,2.7274173838357183,-3.9138725869753035,142.92889223528076,0.3485173730660709,BALANCING
0.4,2.7194366456714474,-4.066122305996733,143.59280753273129,0.34547425446262836,BALANCING
0.402,2.71117033258796,-4.199490249315596,144.22979986293367,0.3428460889662555,BALANCING
0.404,2.702653977186517,-4.316202571057412,144.84283755015716,0.3405836458520165,BALANCING
0.406,2.6939189228012057,-4.41822294931475,145.4345392474346,0.3386434996158589,BALANCING
0.40800000000000003,2.6849928174365183,-4.507283534011436,146.00721516546162,0.3369873454958525,BALANCING
0.41000000000000003,2.6759000494660423,-4.584912245782394,146.56290344030143,0.33558139569859086,BALANCING
0.41200000000000003,2.6666621319590598,-4.652456856112386,147.10340221306564,0.3343958468149934,BALANCING
0.41400000000000003,2.6572980416922105,-4.711106228247739,147.63029792716156,0.33340441003173493,BALANCING
0.41600000000000004,2.6478245181891835,-4.761909053647321,148.14499028908273,0.3325838967342226,BALANCING
0.418,2.6382563275014284,-4.805790379267508,148.64871428613574,0.33191385297004,BALANCING
0.42,2.6286064948871792,-4.843566186158252,149.14255960811212,0.33137623701184554,BALANCING
0.422,2.6188865100559133,-4.875956249135176,149.6274877789997,0.3309551349379777,BALANCING
0.424,2.6091065082129776,-4.903595480201498,150.10434726873618,0.3306365097481997,BALANCING
0.426,2.599275429757724,-4.927043934496904,150.5738868231733,0.33040798006054267,BALANCING
0.428,2.589401161152064,-4.946795636471247,151.0367672223373,0.3302586249014182,BALANCING
0.43,2.5794906591795845,-4.963286365387249,151.49357165230148,0.3301788115124122,BALANCING
0.432,2.5695500605536035,-4.976900522854935,151.944814854136,0.3301600434599258,BALANCING
0.434,2.559584778601634,-4.987977190632998,152.39095119412653,0.3301948266538075,BALANCING
0.436,2.549599588550041,-4.996815474170548,152.83238178245233,0.3302765511633765,BALANCING
0.438,2.5395987027530156,-5.003679216105687,153.26946075251715,0.33039938696820875,BALANCING
0.44,2.529585837051504,-5.008801154007626,153.70250079989856,0.3305581920006758,BALANCING
0.442,2.519564269307937,-5.012386587890095,154.1317780682117,0.3307484310309479,BALANCING
0.444,2.509536891039291,-5.014616615297614,154.55753645889163,0.33096610411605637,BALANCING
0.446,2.4995062529622354,-5.015650984950966,154.97999143281822,0.33120768348534213,BALANCING
0.448,2.4894746051681853,-5.015630613926542,155.39933336369918,0.33147005786757844,BALANCING
0.45,2.479443932561422,-5.014679808041397,155.81573049606249,0.33175048338233987,BALANCING
0.452,2.4694159861188134,-5.012908220438243,156.22933155447737,0.33204654022164454,BALANCING
0.454,2.459392310463788,-5.01041257923857,156.64026804512704,0.3323560944391538,BALANCING
0.456,2.449374268189148,-5.007278211492429,157.04865628600695,0.3326772642447109,BALANCING
0.458,2.4393630613120525,-5.003580387443055,157.4545991977456,0.3330083902730048,BALANCING
0.46,2.429359750199316,-4.99938550629251,157.85818788327273,0.3333480093577816,BALANCING
0.462,2.4193652702612796,-4.994752142156585,158.2595030212308,0.3336948313982732,BALANCING
0.464,2.409380446677372,-4.989731966693667,158.6586160950912,0.33404771895324636,BALANCING
0.466,2.399406007385427,-4.984370562948647,159.05559047734695,0.3344056692410681,BALANCING
0.468,2.389442594539479,-4.978708143238428,159.4504823858692,0.33476779826209735,BALANCING
0.47000000000000003,2.3794907746166167,-4.972780182393241,159.8433417275005,0.33513332679316654,BALANCING
0.47200000000000003,2.369551047332174,-4.96661797633397,160.23421284218054,0.33550156803341863,BALANCING
0.47400000000000003,2.3596238535037726,-4.96024913478892,160.62313515933232,0.3358719167067937,BALANCING
0.47600000000000003,2.34970958198815,-4.953698015915492,161.0101437768538,0.336243839449413,BALANCING
0.47800000000000004,2.339808575800098,-4.946986109676619,161.39526997184075,0.33661686633036353,BALANCING
0.48,2.3299211375099533,-4.9401323760141596,161.77854165108994,0.3369905833722455,BALANCING
0.482,2.320047534004694,-4.933153543149033,162.15998374848297,0.33736462595360295,BALANCING
0.484,2.3101880006876883,-4.926064370709464,162.53961857551428,0.3377386729892573,BALANCING
0.486,2.3003427451832774,-4.918877881834359,162.9174661304878,0.3381124417968236,BALANCING
0.488,2.2905119506045755,-4.911605567909894,163.29354437125548,0.33848568356850145,BALANCING
0.49,2.2806957784359914,-4.904257569166069,163.6678694557963,0.33885817937677626,BALANCING
0.492,2.270894371075894,-4.896842833979514,164.0404559544281,0.3392297366510776,BALANCING
0.494,2.2611078540794978,-4.889369259393255,164.41131703699634,0.339600186069865,BALANCING
0.496,2.25133633813731,-4.881843815068096,164.7804646379908,0.33996937881915984,BALANCING
0.498,2.241579920820324,-4.8742726526191715,165.14790960219202,0.3403371841743159,BALANCING
0.5,2.2318386881194607,-4.866661202060854,165.51366181314384,0.340703487366917,BALANCING
0.502,2.2221127158035086,-4.859014256880052,165.87773030647656,0.3410681877031816,BALANCING
0.504,2.212402070616979,-4.851336049078704,166.2401233698671,0.34143119690422125,BALANCING
0.506,2.2027068113367374,-4.843630315368162,166.60084863121176,0.3417924376419943,BALANCING
0.508,2.1930269897040686,-4.835900355558748,166.9599131364015,0.34215184224787987,BALANCING
0.51,2.1833626512468656,-4.828149084064717,167.31732341792537,0.34250935157351986,BALANCING
0.512,2.173713836004888,-4.820379075336374,167.67308555538395,0.34286491398597524,BALANCING
0.514,2.1640805791695326,-4.812592603935403,168.02720522886636,0.34321848448135944,BALANCING
0.516,2.1544629116481797,-4.804791679884981,168.3796877660326,0.34357002390297986,BALANCING
0.518,2.1448608605620256,-4.796978079851851,168.73053818364284,0.3439194982516653,BALANCING
0.52,2.1352744496852276,-4.789153374651774,169.07976122418918,0.3442668780774092,BALANCING
0.522,2.1257036998322922,-4.781318953511881,169.4273613882068,0.34461213794274187,BALANCING
0.524,2.1161486291998064,-4.773476045472291,169.77334296277394,0.3449552559493735,BALANCING
0.526,2.106609253667889,-4.765625738264333,170.11771004665053,0.34529621332064797,BALANCING
0.528,2.097085587066125,-4.7577689949628565,170.4604665724513,0.34563499403322767,BALANCING
0.53,2.0875776414081533,-4.749906668675119,170.80161632620323,0.3459715844922033,BALANCING
0.532,2.078085427098621,-4.742039515497739,171.14116296459588,0.34630597324450946,BALANCING
0.534,2.068608953115748,-4.7341682059459185,171.4791100301965,0.34663815072612997,BALANCING
0.536,2.0591482271723875,-4.726293335035088,171.81546096486966,0.34696810903910663,BALANCING
0.538,2.0497032558581143,-4.7184154311738284,172.1502191216137,0.34729584175484,BALANCING
0.54,2.0402740447645766,-4.710534964008273,172.48338777500012,0.3476213437405811,BALANCING
0.542,2.030860598596085,-4.702652351341582,172.81497013038089,0.34794461100637847,BALANCING
0.544,2.0214629212671844,-4.694767965237567,173.14496933200877,0.34826564057007064,BALANCING
0.546,2.012081015988737,-4.686882137404652,173.47338847019918,0.3485844303381955,BALANCING
0.548,2.002714885343869,-4.678995163945031,173.80023058764627,0.34890097900093936,BALANCING
0.55,1.993364531354992,-4.671107309543866,174.12549868499298,0.34921528593947143,BALANCING
0.552,1.9840299555429284,-4.663218811164547,174.4491957257432,0.3495273511442019,BALANCING
0.554,1.9747111589790913,-4.655329881308262,174.77132464059363,0.34983717514267726,BALANCING
0.556,1.9654081423315257,-4.647440710889245,175.09188833125336,0.3501447589359755,BALANCING
0.558,1.9561209059055416,-4.6395514717710045,175.41088967381216,0.3504501039425989,BALANCING
0.56,1.9468494496795732,-4.6316623190035315,175.72833152171032,0.3507532119489815,BALANCING
0.562,1.9375937733368291,-4.623773392796718,176.04421670835706,0.35105408506582986,BALANCING
0.5640000000000001,1.9283538762932264,-4.615884820261103,176.35854804943898,0.35135272568961046,BALANCING
0.5660000000000001,1.9191297577220525,-4.607996716943378,176.67132834495527,0.3516491364685763,BALANCING
0.5680000000000001,1.9099214165757337,-4.600109188180852,176.98256038101172,0.3519433202727983,BALANCING
0.5700000000000001,1.9007288516050573,-4.592222330296211,177.29224693140176,0.35223528016772715,BALANCING
0.5720000000000001,1.8915520613761454,-4.584336231651432,177.60039075900025,0.35252501939087305,BALANCING
0.5740000000000001,1.8823910442854437,-4.576450973577413,177.9069946169915,0.35281254133123185,BALANCING
0.5760000000000001,1.8732457985729616,-4.568566631194024,178.2120612499514,0.35309784951113615,BALANCING
0.578,1.8641163223339712,-4.560683274133458,178.51559339480076,0.35338094757024496,BALANCING
0.58,1.855002613529341,-4.552800967178301,178.81759378164506,0.35366183925141914,BALANCING
0.582,1.8459046699946726,-4.544919770824387,179.118065134514,0.3539405283882611,BALANCING
0.584,1.836822489448376,-4.537039741777279,179.41701017201277,0.35421701889412205,BALANCING
0.586,1.8277560694988109,-4.52916093339023,179.71443160789508,0.3544913147524036,BALANCING
0.588,1.8187054076506048,-4.521283396050506,180.01033215156792,0.3547634200080019,BALANCING
0.59,1.8096705013102445,-4.513407177520168,180.30471450853523,0.3550333387597588,BALANCING
0.592,1.800651347791022,-4.505532323236678,180.5975813807883,0.3553010751538016,BALANCING
0.594,1.7916479443174216,-4.49765887657807,180.88893546714888,0.35556663337766653,BALANCING
0.596,1.7826602880290026,-4.489786879096862,181.17877946357078,0.35583001765511396,BALANCING
0.598,1.7736883759838427,-4.481916370726393,181.46711606340472,0.35609123224155315,BALANCING
0.6,1.764732205161596,-4.474047389962842,181.7539479576308,0.356350281420005,BALANCING
0.602,1.7557917724662055,-4.466179974025793,182.03927783506234,0.3566071694975397,BALANCING
0.604,1.7468670747283137,-4.458314158999868,182.32310838252474,0.35686190080213254,BALANCING
0.606,1.7379581087074083,-4.4504499799596795,182.60544228501192,0.35711447967988935,BALANCING
0.608,1.729064871093731,-4.442587471080045,182.88628222582324,0.3573649104925972,BALANCING
0.61,1.7201873585099805,-4.434726665733224,183.16563088668326,0.3576131976155631,BALANCING
0.612,1.7113255675128307,-4.426867596574691,183.443490947846,0.3578593454357051,BALANCING
0.614,1.7024794945942896,-4.419010295618809,183.71986508818605,0.35810335834986834,BALANCING
0.616,1.6936491361829134,-4.411154794305575,183.99475598527766,0.35834524076333696,BALANCING
0.618,1.6848344886448972,-4.40330112355952,184.26816631546347,0.358584997088521,BALANCING
0.62,1.6760355482850526,-4.395449313841661,184.54009875391395,0.3588226317437962,BALANCING
0.622,1.6672523113476914,-4.387599395195336,184.8105559746787,0.3590581491524792,BALANCING
0.624,1.6584847740174167,-4.379751397286645,185.0795406507307,0.35929155374192234,BALANCING
0.626,1.6497329324198453,-4.371905349440131,185.3470554540042,0.3595228499427136,BALANCING
0.628,1.640996782622257,-4.364061280670255,185.61310305542696,0.35975204218796997,BALANCING
0.63,1.6322763206341873,-4.356219219709176,185.87768612494773,0.35997913491271194,BALANCING
0.632,1.623571542407968,-4.348379195031257,186.1408073315592,0.36020413255331096,BALANCING
0.634,1.614882443839221,-4.340541234874695,186.40246934331736,0.3604270395470005,BALANCING
0.636,1.606209020767311,-4.332705367260598,186.66267482735742,0.3606478603314434,BALANCING
0.638,1.5975512689757638,-4.324871620009833,186.92142644990662,0.3608665993443488,BALANCING
0.64,1.5889091841926504,-4.317040020757888,187.1787268762947,0.3610832610231327,BALANCING
0.642,1.580282762090946,-4.309210596967989,187.43457877096182,0.36129784980461793,BALANCING
0.644,1.5716719982888627,-4.301383375942681,187.68898479746463,0.36151037012476694,BALANCING
0.646,1.56307688835016,-4.293558384834052,187.94194761848053,0.36172082641844594,BALANCING
0.648,1.5544974277844366,-4.285735650652753,188.19346989581024,0.36192922311921444,BALANCING
0.65,1.5459336120474063,-4.277915200275971,188.44355429037913,0.3621355646591394,BALANCING
0.652,1.5373854365411577,-4.270097060454464,188.69220346223727,0.36233985546862857,BALANCING
0.654,1.5288528966143995,-4.262281257818777,188.9394200705584,0.36254209997628384,BALANCING
0.656,1.5203359875626972,-4.254467818884727,189.1852067736381,0.3627423026087688,BALANCING
0.658,1.5118347046286962,-4.246656770058263,189.42956622889088,0.36294046779069183,BALANCING
0.66,1.5033490430023384,-4.238848137639744,189.67250109284672,0.3631365999445012,BALANCING
0.662,1.494878997821069,-4.231041947827732,189.914014021147,0.3633307034903913,BALANCING
0.664,1.486424564170037,-4.2232382267223425,190.15410766853978,0.3635227828462186,BALANCING
0.666,1.477985737082289,-4.215437000328206,190.3927846888746,0.36371284242742574,BALANCING
0.668,1.469562511538957,-4.20763829455709,190.63004773509687,0.36390088664697484,BALANCING
0.67,1.4611548824694434,-4.199842135230225,190.86589945924194,0.3640869199152851,BALANCING
0.672,1.452762844751598,-4.192048548080351,191.10034251242882,0.3642709466401783,BALANCING
0.674,1.4443863932118948,-4.184257558753542,191.3333795448534,0.3644529712268287,BALANCING
0.676,1.436025522625603,-4.176469192810824,191.5650132057818,0.3646329980777175,BALANCING
0.678,1.4276802277169554,-4.168683475729605,191.7952461435433,0.36481103159259176,BALANCING
0.68,1.4193505031593148,-4.160900432904941,192.02408100552293,0.3649870761684267,BALANCING
0.682,1.4110363435753381,-4.153120089650673,192.2515204381543,0.36516113619939083,BALANCING
0.684,1.4027377435371366,-4.1453424712004265,192.47756708691185,0.3653332160768147,BALANCING
0.686,1.394454697566436,-4.137567602708509,192.7022235963032,0.36550332018916154,BALANCING
0.6880000000000001,1.3861872001347346,-4.129795509250705,192.92549260986155,0.36567145292200004,BALANCING
0.6900000000000001,1.3779352456634597,-4.122026215824988,193.14737677013764,0.36583761865797954,BALANCING
0.6920000000000001,1.3696988285241214,-4.114259747352154,193.36787871869186,0.3660018217768065,BALANCING
0.6940000000000001,1.3614779430384678,-4.106496128676394,193.58700109608628,0.36616406665522283,BALANCING
0.6960000000000001,1.353272583478637,-4.098735384565803,193.8047465418766,0.36632435766698496,BALANCING
0.6980000000000001,1.3450827440673094,-4.090977539712834,194.021117694604,0.3664826991828451,BALANCING
0.7000000000000001,1.3369084189778575,-4.083222618734717,194.23611719178706,0.3666390955705327,BALANCING
0.7020000000000001,1.3287496023344971,-4.075470646173826,194.44974766991365,0.36679355119473717,BALANCING
0.704,1.3206062882124365,-4.067721646498019,194.6620117644326,0.3669460704170913,BALANCING
0.706,1.3124784706380246,-4.059975644100941,194.87291210974573,0.3670966575961557,BALANCING
0.708,1.3043661435888994,-4.052232663302301,195.0824513391994,0.3672453170874036,BALANCING
0.71,1.2962693009941357,-4.04449272834813,195.29063208507645,0.36739205324320634,BALANCING
0.712,1.2881879367343927,-4.036755863411004,195.497456978588,0.36753687041281946,BALANCING
0.714,1.2801220446420594,-4.029022092590268,195.70292864986513,0.36767977294236914,BALANCING
0.716,1.2720716185014023,-4.021291439912224,195.9070497279508,0.36782076517483886,BALANCING
0.718,1.2640366520487103,-4.013563929330313,196.10982284079157,0.3679598514500572,BALANCING
0.72,1.256017138972441,-4.005839584725287,196.31125061522934,0.3680970361046849,BALANCING
0.722,1.2480130729133656,-3.998118429905367,196.51133567699333,0.36823232347220297,BALANCING
0.724,1.2400244474647133,-3.9904004886063844,196.7100806506918,0.3683657178829008,BALANCING
0.726,1.232051256172317,-3.9826857844919235,196.9074881598039,0.3684972236638645,BALANCING
0.728,1.2240934925347566,-3.9749743411534535,197.10356082667155,0.36862684513896565,BALANCING
0.73,1.2161511500035043,-3.9672661821104476,197.29830127249136,0.36875458662884997,BALANCING
0.732,1.2082242219830674,-3.9595613308105033,197.4917121173064,0.3688804524509264,BALANCING
0.734,1.2003127018311326,-3.951859810629455,197.68379597999825,0.3690044469193561,BALANCING
0.736,1.1924165828587088,-3.944161644871482,197.87455547827878,0.36912657434504154,BALANCING
0.738,1.1845358583302708,-3.9364668567692096,198.06399322868228,0.3692468390356168,BALANCING
0.74,1.1766705214639024,-3.928775469483813,198.2521118465573,0.36936524529543585,BALANCING
0.742,1.1688205654314396,-3.9210875061051107,198.43891394605865,0.3694817974255631,BALANCING
0.744,1.1609859833586118,-3.9134029896516607,198.6244021401395,0.3695964997237629,BALANCING
0.746,1.1531667683251852,-3.9057219430708514,198.80857904054332,0.3697093564844894,BALANCING
0.748,1.145362913365105,-3.8980443892389918,198.99144725779604,0.36982037199887635,BALANCING
0.75,1.1375744114666382,-3.890370350961398,199.17300940119802,0.3699295505547273,BALANCING
0.752,1.1298012555725137,-3.8826998509724815,199.35326807881623,0.37003689643650567,BALANCING
0.754,1.1220434385800657,-3.875032911935831,199.5322258974764,0.3701424139253249,BALANCING
0.756,1.1143009533413744,-3.867369556444299,199.70988546275504,0.3702461072989386,BALANCING
0.758,1.1065737926634076,-3.8597098070200833,199.88624937897188,0.37034798083173115,BALANCING
0.76,1.0988619493081622,-3.8520536861148065,200.06132024918176,0.37044803879470783,BALANCING
0.762,1.0911654159928048,-3.8444012161095986,200.23510067516708,0.3705462854554851,BALANCING
0.764,1.0834841853898134,-3.8367524193151774,200.40759325742985,0.37064272507828167,BALANCING
0.766,1.075818250127117,-3.8291073179719257,200.5788005951843,0.3707373619239084,BALANCING
0.768,1.068167602788237,-3.8214659342499737,200.74872528634876,0.3708302002497594,BALANCING
0.77,1.0605322359124274,-3.8138282902492744,200.91736992753832,0.3709212443098023,BALANCING
0.772,1.0529121419948155,-3.8061944079996826,201.084737114057,0.37101049835456934,BALANCING
0.774,1.0453073134865414,-3.7985643094610326,201.25082943989017,0.3710979666311478,BALANCING
0.776,1.0377177427948983,-3.7909380165232185,201.41564949769696,0.3711836533831709,BALANCING
0.778,1.030143422283472,-3.7833155510062655,201.57919987880265,0.37126756285080864,BALANCING
0.78,1.0225843442722813,-3.775696934660413,201.7414831731912,0.37134969927075895,BALANCING
0.782,1.0150405010379164,-3.7680821891661886,201.90250196949756,0.3714300668762382,BALANCING
0.784,1.0075118848136793,-3.760471336134487,202.06225885500035,0.3715086698969724,BALANCING
0.786,0.9999984877897228,-3.752864397106644,202.22075641561432,0.37158551255918837,BALANCING
0.788,0.9925003021131885,-3.7452613935545167,202.3779972358828,0.3716605990856045,BALANCING
0.79,0.9850173198883474,-3.737662346880558,202.53398389897038,0.3717339336954219,BALANCING
0.792,0.9775495331767371,-3.7300672784178923,202.6887189866555,0.3718055206043161,BALANCING
0.794,0.9700969339973013,-3.7224762094303965,202.84220507932307,0.3718753640244273,BALANCING
0.796,0.962659514326528,-3.7148891611127723,202.99444475595698,0.3719434681643525,BALANCING
0.798,0.9552372660985875,-3.7073061545906274,203.145440594133,0.3720098372291361,BALANCING
0.8,0.947830181205471,-3.699727210920547,203.29519517001137,0.3720744754202618,BALANCING
0.802,0.9404382514971282,-3.6921523510901757,203.44371105832943,0.3721373869356434,BALANCING
0.804,0.9330614687816052,-3.6845815960182913,203.5909908323945,0.3721985759696167,BALANCING
0.806,0.9256998248251822,-3.677014966554885,203.7370370640766,0.3722580467129304,BALANCING
0.808,0.9183533113525111,-3.669452483481234,203.8818523238012,0.3723158033527382,BALANCING
0.81,0.911021920046753,-3.661894167509983,204.02543918054218,0.37237185007258966,BALANCING
0.812,0.9037056425497144,-3.654340039285219,204.1678002018145,0.3724261910524223,BALANCING
0.8140000000000001,0.8964044704619858,-3.6467901193825503,204.3089379536671,0.3724788304685528,BALANCING
0.8160000000000001,0.8891183953430775,-3.639244428309182,204.448855000676,0.3725297724936689,BALANCING
0.8180000000000001,0.8818474087115563,-3.6317029865039965,204.58755390593686,0.37257902129682086,BALANCING
0.8200000000000001,0.8745915020451831,-3.6241658143376267,204.72503723105837,0.3726265810434134,BALANCING
0.8220000000000001,0.8673506667810478,-3.6166329321125397,204.86130753615473,0.3726724558951971,BALANCING
0.8240000000000001,0.8601248943157072,-3.6091043600631085,204.99636737983903,0.37271665001026055,BALANCING
0.8260000000000001,0.8529141760053195,-3.601580118355695,205.13021931921608,0.37275916754302196,BALANCING
0.8280000000000001,0.8457185031657817,-3.5940602270887245,205.26286590987547,0.37280001264422097,BALANCING
0.8300000000000001,0.8385378670728644,-3.5865447062927673,205.39430970588475,0.3728391894609108,BALANCING
0.8320000000000001,0.8313722589623479,-3.5790335759306138,205.52455325978232,0.3728767021364499,BALANCING
0.834,0.8242216700301577,-3.5715268558973543,205.6535991225707,0.37291255481049407,BALANCING
0.836,0.8170860914324994,-3.564024566020458,205.7814498437096,0.3729467516189883,BALANCING
0.838,0.8099655142859945,-3.5565267260598503,205.90810797110913,0.37297929669415913,BALANCING
0.84,0.8028599296678149,-3.5490333557079943,206.03357605112296,0.37301019416450637,BALANCING
0.842,0.7957693286158182,-3.541544474589965,206.15785662854157,0.3730394481547957,BALANCING
0.844,0.7886937021286816,-3.5340601022635334,206.2809522465854,0.3730670627860503,BALANCING
0.846,0.7816330411660376,-3.5265802582192425,206.40286544689818,0.37309304217554307,BALANCING
0.848,0.7745873366486075,-3.5191049618804873,206.52359876954017,0.3731173904367893,BALANCING
0.85,0.7675565794583357,-3.5116342326035928,206.64315475298156,0.37314011167953887,BALANCING
0.852,0.7605407604385243,-3.5041680896778966,206.76153593409572,0.37316121000976793,BALANCING
0.854,0.7535398703939663,-3.4967065523258265,206.87874484815254,0.37318068952967187,BALANCING
0.856,0.7465539000910802,-3.4892496397029777,206.9947840288119,0.3731985543376576,BALANCING
0.858,0.7395828402580428,-3.4817973708981986,207.10965600811696,0.37321480852833566,BALANCING
0.86,0.7326266815849226,-3.4743497649336637,207.22336331648768,0.37322945619251313,BALANCING
0.862,0.7256854147238141,-3.4669068407649597,207.33590848271433,0.3732425014171857,BALANCING
0.864,0.7187590302889695,-3.459468617281161,207.44729403395078,0.37325394828553027,BALANCING
0.866,0.7118475188569328,-3.452035113304913,207.55752249570813,0.37326380087689787,BALANCING
0.868,0.704950870966672,-3.4446063475925106,207.66659639184826,0.3732720632668056,BALANCING
0.87,0.6980690771197117,-3.43718233883398,207.77451824457725,0.37327873952693,BALANCING
0.872,0.6912021277802658,-3.4297631056531572,207.8812905744391,0.37328383372509916,BALANCING
0.874,0.6843500133753699,-3.4223486666077716,207.98691590030927,0.3732873499252855,BALANCING
0.876,0.6775127242950132,-3.414939040189523,208.09139673938822,0.3732892921875988,BALANCING
0.878,0.6706902508922702,-3.407534244824167,208.19473560719516,0.37328966456827883,BALANCING
0.88,0.6638825834834332,-3.4001342988715906,208.29693501756168,0.3732884711196878,BALANCING
0.882,0.6570897123481435,-3.3927392206258986,208.3979974826255,0.37328571589030407,BALANCING
0.884,0.6503116277295231,-3.385349028315492,208.49792551282408,0.373281402924714,BALANCING
0.886,0.6435483198343058,-3.377963740103149,208.59672161688837,0.3732755362636055,BALANCING
0.888,0.6367997788329688,-3.3705833740861064,208.69438830183668,0.3732681199437609,BALANCING
0.89,0.6300659948598628,-3.3632079482961434,208.7909280729684,0.37325915799805004,BALANCING
0.892,0.6233469580133443,-3.3558374806996603,208.8863434338578,0.37324865445542266,BALANCING
0.894,0.6166426583559046,-3.348471989197762,208.98063688634778,0.3732366133409024,BALANCING
0.896,0.6099530859143016,-3.341111491626338,209.073810930544,0.3732230386755792,BALANCING
0.898,0.6032782306796898,-3.333756005756148,209.1658680648084,0.37320793447660267,BALANCING
0.9,0.5966180826077501,-3.3264055492928994,209.25681078575337,0.37319130475717527,BALANCING
0.902,0.5899726316188202,-3.3190601398773323,209.3466415882356,0.37317315352654534,BALANCING
0.904,0.5833418675980245,-3.3117197950853003,209.43536296534995,0.37315348479000077,BALANCING
0.906,0.5767257803954037,-3.3043845324278545,209.52297740842357,0.3731323025488616,BALANCING
0.908,0.5701243598260439,-3.297054369351323,209.60948740700977,0.37310961080047395,BALANCING
0.91,0.5635375956702068,-3.2897293232373968,209.6948954488821,0.37308541353820296,BALANCING
0.912,0.5569654776734584,-3.2824094114032105,209.7792040200284,0.3730597147514265,BALANCING
0.914,0.5504079955467979,-3.2750946511014245,209.8624156046448,0.37303251842552826,BALANCING
0.916,0.5438651389667867,-3.2677850595203104,209.94453268512996,0.37300382854189124,BALANCING
0.918,0.5373368975756776,-3.2604806537838305,210.02555774207897,0.3729736490778914,BALANCING
0.92,0.5308232609815426,-3.253181450951723,210.10549325427763,0.37294198400689094,BALANCING
0.922,0.5243242187584017,-3.245887468019585,210.1843416986966,0.3729088372982323,BALANCING
0.924,0.5178397604463507,-3.238598721918954,210.2621055504856,0.3728742129172313,BALANCING
0.926,0.51136987555169,-3.2313152295173944,210.33878728296742,0.37283811482517043,BALANCING
0.928,0.5049145535470515,-3.224037007618577,210.41438936763245,0.3728005469792938,BALANCING
0.93,0.4984737838715271,-3.216764072962365,210.48891427413272,0.3727615133327993,BALANCING
0.932,0.49204755593079597,-3.2094964422248977,210.56236447027626,0.3727210178348332,BALANCING
0.934,0.4856358590972518,-3.202234132018673,210.6347424220213,0.37267906443048365,BALANCING
0.936,0.4792386827101301,-3.194977158892631,210.70605059347074,0.37263565706077484,BALANCING
0.9380000000000001,0.4728560160756351,-3.1877255393322383,210.77629144686634,0.37259079966265995,BALANCING
0.9400000000000001,0.46648784846706703,-3.1804792897595737,210.84546744258324,0.37254449616901597,BALANCING
0.9420000000000001,0.46013416912494814,-3.1732384265334086,210.9135810391242,0.37249675050863695,BALANCING
0.9440000000000001,0.4537949672571501,-3.1660029659492945,210.9806346931141,0.37244756660622835,BALANCING
0.9460000000000001,0.4474702320390195,-3.158772924239645,211.04663085929434,0.3723969483824006,BALANCING
0.9480000000000001,0.4411599526135046,-3.1515483175738224,211.11157199051726,0.37234489975366325,BALANCING
0.9500000000000001,0.4348641180912812,-3.1443291620582174,211.17546053774072,0.3722914246324191,BALANCING
0.9520000000000001,0.42858271755087846,-3.1371154737363396,211.23829895002248,0.3722365269269583,BALANCING
0.9540000000000001,0.42231574003880457,-3.1299072685888985,211.30008967451488,0.3721802105414521,BALANCING
0.9560000000000001,0.41606317456967246,-3.1227045625338885,211.3608351564592,0.37212247937594733,BALANCING
0.9580000000000001,0.4098250101263248,-3.115507371426674,211.4205378391803,0.37206333732636027,BALANCING
0.96,0.40360123565995953,-3.1083157110600745,211.47920016408128,0.37200278828447103,BALANCING
0.962,0.39739184009025474,-3.101129597164449,211.53682457063803,0.37194083613791784,BALANCING
0.964,0.39119681230549336,-3.0939490454077805,211.5934134963939,0.3718774847701913,BALANCING
0.966,0.385016141162688,-3.086774071395763,211.64896937695426,0.3718127380606281,BALANCING
0.968,0.37884981548770563,-3.0796046906718852,211.70349464598127,0.37174659988440617,BALANCING
0.97,0.3726978240753914,-3.072440918717514,211.7569917351886,0.3716790741125387,BALANCING
0.972,0.3665601556896933,-3.0652827709519843,211.8094630743361,0.37161016461186835,BALANCING
0.974,0.36043679906378573,-3.058130262732681,211.86091109122455,0.3715398752450618,BALANCING
0.976,0.3543277429001938,-3.050983409355124,211.91133821169046,0.3714682098706044,BALANCING
0.978,0.34823297587091645,-3.043842226053056,211.9607468596008,0.37139517234279434,BALANCING
0.98,0.3421524866175504,-3.036706727998528,212.0091394568479,0.37132076651173734,BALANCING
0.982,0.33608626375141304,-3.0295769303019826,212.05651842334422,0.3712449962233411,BALANCING
0.984,0.3300342958536659,-3.022452848012343,212.1028861770172,0.37116786531931,BALANCING
0.986,0.32399657147543737,-3.0153344961170956,212.1482451338042,0.37108937763713984,BALANCING
0.988,0.31797307913794565,-3.0082218895423787,212.1925977076474,0.3710095370101122,BALANCING
0.99,0.3119638073326213,-3.0011150431530673,212.23594631048854,0.37092834726728907,BALANCING
0.992,0.3059687445212296,-2.9940139717528584,212.27829335226417,0.37084581223350804,BALANCING
0.994,0.29998787913599306,-2.98691869008436,212.3196412409004,0.3707619357293766,BALANCING
0.996,0.29402119957971323,-2.979829212829174,212.35999238230792,0.37067672157126696,BALANCING
0.998,0.2880686942258928,-2.972745554607983,212.39934918037707,0.3705901735713112,BALANCING
1.0,0.28213035141885745,-2.9656677299806393,212.43771403697284,0.3705022955373957,BALANCING
1.002,0.27620615947387706,-2.9585957534462497,212.47508935192982,0.3704130912731563,BALANCING
1.004,0.27029610667728754,-2.9515296394432617,212.51147752304755,0.37032256457797297,BALANCING
1.006,0.26440018128661186,-2.9444694023495503,212.54688094608528,0.37023071924696493,BALANCING
1.008,0.2585183715306811,-2.937415056482505,212.5813020147573,0.37013755907098556,BALANCING
1.01,0.25265066560975535,-2.930366616099116,212.61474312072815,0.3700430878366175,BALANCING
1.012,0.24679705169564461,-2.9233240953960618,212.6472066536074,0.3699473093261675,BALANCING
1.014,0.24095751793182896,-2.916287508509796,212.67869500094534,0.3698502273176615,BALANCING
1.016,0.23513205243357926,-2.9092568695166343,212.7092105482278,0.36975184558483987,BALANCING
1.018,0.2293206432880772,-2.90223219243284,212.73875567887154,0.36965216789715255,BALANCING
1.02,0.2235232785545353,-2.8952134912147134,212.76733277421945,0.36955119801975395,BALANCING
1.022,0.2177399462643169,-2.8882007797586775,212.79494421353596,0.3694489397134985,BALANCING
1.024,0.21197063442105563,-2.8811940719013656,212.821592374002,0.3693453967349356,BALANCING
1.026,0.206215331000775,-2.874193381419709,212.84727963071072,0.369240572836305,BALANCING
1.028,0.20047402395200783,-2.8671987220310236,212.87200835666246,0.3691344717655319,BALANCING
1.03,0.19474670119591514,-2.860210107393098,212.89578092276037,0.3690270972662226,BALANCING
1.032,0.18903335062640542,-2.8532275511042804,212.9185996978056,0.3689184530776596,BALANCING
1.034,0.18333396011025319,-2.846251066703567,212.94046704849282,0.3688085429347969,BALANCING
1.036,0.17764851748721772,-2.8392806676706894,212.9613853394056,0.3686973705682558,BALANCING
1.038,0.17197701057016143,-2.832316367426201,212.9813569330118,0.3685849397043197,BALANCING
1.04,0.16631942714516834,-2.8253581793315665,213.0003841896591,0.36847125406493036,BALANCING
1.042,0.1606757549716618,-2.818406116689249,213.01846946757038,0.3683563173676828,BALANCING
1.044,0.15504598178252285,-2.8114601927427967,213.0356151228394,0.36824013332582095,BALANCING
1.046,0.1494300952842076,-2.8045204206769343,213.05182350942616,0.3681227056482333,BALANCING
1.048,0.14382808315686493,-2.7975868136176465,213.06709697915244,0.36800403803944876,BALANCING
1.05,0.13823993305445398,-2.7906593846322694,213.08143788169744,0.36788413419963145,BALANCING
1.052,0.13266563260486125,-2.7837381467295765,213.0948485645934,0.3677629978245775,BALANCING
1.054,0.12710516941001757,-2.7768231128598697,213.10733137322111,0.3676406326057096,BALANCING
1.056,0.12155853104601518,-2.769914295915063,213.11888865080553,0.3675170422300736,BALANCING
1.058,0.11602570506322424,-2.7630117087287753,213.12952273841154,0.36739223038033375,BALANCING
1.06,0.11050667898640938,-2.7561153640764164,213.13923597493954,0.3672662007347687,BALANCING
1.062,0.10500144031484605,-2.749225274675276,213.14803069712113,0.3671389569672671,BALANCING
1.064,0.09950997652243668,-2.742341453184611,213.15590923951484,0.3670105027473238,BALANCING
1.066,0.09403227505782663,-2.7354639122057365,213.16287393450182,0.36688084174003516,BALANCING
1.068,0.08856832334452001,-2.728592664282112,213.16892711228164,0.36674997760609535,BALANCING
1.07,0.08311810878099532,-2.721727721899431,213.1740711008681,0.36661791400179233,BALANCING
1.072,0.07768161874082086,-2.7148690974857104,213.1783082260849,0.36648465457900364,BALANCING
1.074,0.07225884057277,-2.7080168034113767,213.18164081156155,0.3663502029851921,BALANCING
1.076,0.06684976160093634,-2.7011708519893576,213.18407117872914,0.36621456286340254,BALANCING
1.078,0.06145436912484852,-2.69433125547517,213.18560164681628,0.36607773785225706,BALANCING
1.08,0.056072650419585056,-2.6874980260670074,213.18623453284485,0.3659397315859517,BALANCING
1.082,0.050704592735888815,-2.680671175905831,213.18597215162598,0.36580054769425224,BALANCING
1.084,0.04535018330028147,-2.673850717075457,213.18481681575594,0.36566018980249027,BALANCING
1.086,0.04000940931517764,-2.667036661602647,213.1827708356121,0.36551866153155965,BALANCING
1.088,0.03468225795899894,-2.660229021457195,213.17983651934884,0.36537596649791243,BALANCING
1.09,0.029368716386287845,-2.6534278085520193,213.17601617289347,0.36523210831355507,BALANCING
1.092,0.024068771727821334,-2.64663303474325,213.1713120999424,0.36508709058604494,BALANCING
1.094,0.018782411090724392,-2.639844711830318,213.16572660195706,0.36494091691848646,BALANCING
1.096,0.013509621558583306,-2.6330628515560446,213.15926197815978,0.3647935909095272,BALANCING
1.098,0.008250390191558815,-2.6262874656067305,213.1519205255302,0.36464511615335454,BALANCING
1.1,0.0030047040264990603,-2.619518565612247,213.1437045388009,0.3644954962396918,BALANCING
1.102,-0.0022274499229476457,-2.6127561631461234,213.13461631045394,0.36434473475379475,BALANCING
1.104,-0.007446084666220222,-2.6060002697256364,213.1246581307166,0.3641928352764479,BALANCING
1.106,-0.012651213235732393,-2.5992508968119004,213.11383228755778,0.3640398013839614,BALANCING
1.108,-0.017842848686760466,-2.5925080558099576,213.10214106668403,0.3638856366481667,BALANCING
1.11,-0.02302100409733126,-2.5857717580688653,213.08958675153568,0.36373034463641385,BALANCING
1.112,-0.02818569256811022,-2.5790420148817885,213.07617162328313,0.3635739289115676,BALANCING
1.114,-0.03333692722228974,-2.5723188374860873,213.0618979608231,0.36341639303200396,BALANCING
1.116,-0.038474721205477604,-2.5656022370634073,213.04676804077474,0.3632577405516071,BALANCING
1.118,-0.043599087685585694,-2.558892224739769,213.03078413747588,0.3630979750197658,BALANCING
1.12,-0.04871003985271877,-2.5521888115856597,213.01394852297946,0.36293709998136986,BALANCING
1.122,-0.05380759091906354,-2.5454920086161192,212.99626346704966,0.3627751189768072,BALANCING
1.124,-0.05889175411877784,-2.538801826790834,212.97773123715825,0.3626120355419601,BALANCING
1.1260000000000001,-0.06396254270787997,-2.532118277014224,212.958354098481,0.3624478532082025,BALANCING
1.1280000000000001,-0.06901996996413834,-2.525441370135534,212.938134313894,0.36228257550239623,BALANCING
1.1300000000000001,-0.07406404918696109,-2.5187711169489226,212.91707414396993,0.3621162059468882,BALANCING
1.1320000000000001,-0.07909479369728611,-2.5121075281935545,212.89517584697455,0.36194874805950694,BALANCING
1.1340000000000001,-0.08411221683747108,-2.5054506145536877,212.87244167886308,0.3617802053535594,BALANCING
1.1360000000000001,-0.08911633197118378,-2.4988003866587642,212.84887389327665,0.36161058133782825,BALANCING
1.1380000000000001,-0.09410715248329249,-2.4921568550835027,212.82447474153875,0.3614398795165683,BALANCING
1.1400000000000001,-0.09908469177975669,-2.4855200303479847,212.7992464726516,0.36126810338950377,BALANCING
1.1420000000000001,-0.10404896328751786,-2.478889922917748,212.77319133329277,0.3610952564518249,BALANCING
1.1440000000000001,-0.10899998045439047,-2.472266543203876,212.7463115678116,0.36092134219418526,BALANCING
1.1460000000000001,-0.11393775674895311,-2.465649901563085,212.7186094182258,0.3607463641026988,BALANCING
1.1480000000000001,-0.11886230566043998,-2.45904000829782,212.69008712421794,0.36057032565893626,BALANCING
1.1500000000000001,-0.1237736406986323,-2.4524368736563407,212.6607469231319,0.36039323033992315,BALANCING
1.1520000000000001,-0.12867177539375008,-2.4458405078328127,212.6305910499698,0.3602150816181363,BALANCING
1.154,-0.133556723296344,-2.439250920967399,212.59962173738816,0.3600358829615009,BALANCING
1.156,-0.13842849797718754,-2.4326681231463496,212.5678412156948,0.3598556378333879,BALANCING
1.158,-0.14328711302716918,-2.426092124402092,212.5352517128455,0.3596743496926113,BALANCING
1.16,-0.14813258205718494,-2.4195229347133216,212.5018554544405,0.3594920219934249,BALANCING
1.162,-0.15296491869803083,-2.4129605640050924,212.4676546637212,0.35930865818551977,BALANCING
1.164,-0.1577841366002959,-2.4064050221489075,212.43265156156696,0.3591242617140217,BALANCING
1.166,-0.16259024943425496,-2.3998563189628084,212.39684836649175,0.3589388360194883,BALANCING
1.168,-0.167383270889762,-2.393314464211469,212.36024729464094,0.3587523845379061,BALANCING
1.17,-0.17216321467614326,-2.386779467606281,212.32285055978792,0.35856491070068836,BALANCING
1.172,-0.17693009452209107,-2.38025133880545,212.284660373331,0.3583764179346719,BALANCING
1.174,-0.18168392417555734,-2.373730087414081,212.24567894429018,0.358186909662115,BALANCING
1.176,-0.18642471740364752,-2.3672157229842727,212.20590847930384,0.3579963893006945,BALANCING
1.178,-0.19115248799251472,-2.3607082550152083,212.1653511826258,0.35780486026350317,BALANCING
1.18,-0.1958672497472538,-2.3542076929532425,212.1240092561219,0.3576123259590475,BALANCING
1.182,-0.20056901649179606,-2.3477140461919963,212.08188489926707,0.35741878979124514,BALANCING
1.184,-0.20525780206880365,-2.3412273240724457,212.0389803091421,0.3572242551594218,BALANCING
1.186,-0.20993362033956448,-2.3347475358830128,211.99529768043055,0.3570287254583099,BALANCING
1.188,-0.21459648518388708,-2.328274690859657,211.95083920541578,0.35683220407804506,BALANCING
1.19,-0.21924641049999596,-2.3218087981859648,211.90560707397773,0.3566346944041646,BALANCING
1.192,-0.22388341020442679,-2.315349866993242,211.85960347358997,0.3564361998176045,BALANCING
1.194,-0.22850749823192198,-2.308897906360604,211.8128305893166,0.35623672369469717,BALANCING
1.196,-0.23311868853532636,-2.302452925315065,211.76529060380943,0.35603626940716965,BALANCING
1.198,-0.23771699508548313,-2.2960149328316333,211.71698569730475,0.3558348403221406,BALANCING
1.2,-0.24230243187112993,-2.289583937833396,211.66791804762047,0.3556324398021184,BALANCING
1.202,-0.24687501289879496,-2.283159949191617,211.61808983015322,0.35542907120499906,BALANCING
1.204,-0.2514347521926936,-2.2767429757258206,211.56750321787536,0.35522473788406356,BALANCING
1.206,-0.2559816637946249,-2.2703330262038883,211.51616038133199,0.35501944318797607,BALANCING
1.208,-0.2605157617638685,-2.2639301093421476,211.46406348863823,0.3548131904607816,BALANCING
1.21,-0.26503706017708134,-2.2575342338054623,211.41121470547617,0.3546059830419036,BALANCING
1.212,-0.26954557312819527,-2.2511454082073237,211.3576161950921,0.35439782426614247,BALANCING
1.214,-0.27404131472831395,-2.2447636411099423,211.30327011829365,0.3541887174636729,BALANCING
1.216,-0.2785242991056107,-2.2383889410243403,211.24817863344697,0.3539786659600422,BALANCING
1.218,-0.282994540405226,-2.232021316410439,211.19234389647386,0.35376767307616774,BALANCING
1.22,-0.28745205278916547,-2.2256607756771523,211.1357680608491,0.3535557421283357,BALANCING
1.222,-0.29189685043619795,-2.219307327182478,211.07845327759756,0.35334287642819817,BALANCING
1.224,-0.2963289475417537,-2.212960979233588,211.0204016952915,0.3531290792827721,BALANCING
1.226,-0.300748358317823,-2.206621740086918,210.96161546004782,0.3529143539944367,BALANCING
1.228,-0.3051550969928544,-2.2002896179482634,210.90209671552543,0.35269870386093183,BALANCING
1.23,-0.30954917781165414,-2.193964620972864,210.84184760292237,0.35248213217535596,BALANCING
1.232,-0.31393061503528435,-2.1876467572655,210.78087026097327,0.3522646422261645,BALANCING
1.234,-0.3182994229409631,-2.181336034880582,210.71916682594664,0.3520462372971676,BALANCING
1.236,-0.3226556158219628,-2.17503246182224,210.65673943164222,0.3518269206675288,BALANCING
1.238,-0.3269992079875105,-2.1687360460444163,210.59359020938834,0.35160669561176305,BALANCING
1.24,-0.33133021376268723,-2.162446795450959,210.52972128803935,0.35138556539973465,BALANCING
1.242,-0.33564864748832807,-2.1561647178957077,210.465134793973,0.35116353329665595,BALANCING
1.244,-0.3399545235209221,-2.1498898211825903,210.39983285108775,0.3509406025630854,BALANCING
1.246,-0.34424785623251264,-2.143622113065709,210.33381758080048,0.3507167764549259,BALANCING
1.248,-0.34852866001059785,-2.1373616012494354,210.26709110204362,0.35049205822342305,BALANCING
1.25,-0.3527969492580312,-2.1311082933885013,210.19965553126295,0.3502664511151638,BALANCING
1.252,-0.3570527383929224,-2.1248621970880865,210.1315129824148,0.35003995837207447,BALANCING
1.254,-0.36129604184853825,-2.1186233199039153,210.06266556696374,0.3498125832314194,BALANCING
1.256,-0.365526874073204,-2.1123916693423426,209.9931153938801,0.34958432892579916,BALANCING
1.258,-0.36974524953020454,-2.1061672528604483,209.9228645696373,0.3493551986831492,BALANCING
1.26,-0.373951182697686,-2.0999500778661275,209.85191519820984,0.3491251957267383,BALANCING
1.262,-0.37814468806855756,-2.0937401517181815,209.78026938107035,0.34889432327516695,BALANCING
1.264,-0.3823257801503931,-2.08753748172641,209.70792921718765,0.34866258454236604,BALANCING
1.266,-0.38649447346533355,-2.0813420751517007,209.63489680302408,0.34842998273759535,BALANCING
1.268,-0.3906507825499891,-2.075153939206122,209.5611742325332,0.348196521065442,BALANCING
1.27,-0.3947947219553415,-2.0689730810530134,209.48676359715748,0.3479622027258192,BALANCING
1.272,-0.3989263062466469,-2.0627995078070773,209.41166698582592,0.3477270309139647,BALANCING
1.274,-0.40304555000333847,-2.05663322653447,209.33588648495171,0.34749100882043976,BALANCING
1.276,-0.4071524678189296,-2.0504742442528916,209.25942417843004,0.3472541396311274,BALANCING
1.278,-0.4112470743009169,-2.0443225679316797,209.18228214763565,0.34701642652723147,BALANCING
1.28,-0.4153293840706837,-2.0381782044918983,209.10446247142067,0.3467778726852751,BALANCING
1.282,-0.41939941176340345,-2.0320411608064317,209.02596722611233,0.34653848127709946,BALANCING
1.284,-0.4234571720279436,-2.025911443700072,208.94679848551078,0.34629825546986276,BALANCING
1.286,-0.42750267952676935,-2.019789059949614,208.8669583208868,0.3460571984260389,BALANCING
1.288,-0.4315359489358479,-2.013674016283943,208.78644880097957,0.345815313303416,BALANCING
1.29,-0.43555699494455274,-2.007566319384129,208.7052719919946,0.34557260325509565,BALANCING
1.292,-0.43956583225556783,-2.0014659758835167,208.6234299576015,0.3453290714294916,BALANCING
1.294,-0.4435624755847926,-1.9953729923678152,208.5409247589318,0.3450847209703286,BALANCING
1.296,-0.4475469396612465,-1.9892873753751923,208.45775845457683,0.3448395550166412,BALANCING
1.298,-0.45151923922697407,-1.9832091313963627,208.37393310058565,0.34459357670277313,BALANCING
1.3,-0.45547938903695034,-1.9771382668746813,208.28945075046286,0.3443467891583757,BALANCING
1.302,-0.45942740385898595,-1.9710747882062325,208.20431345516664,0.3440991955084069,BALANCING
1.304,-0.46336329847363267,-1.9650187017399228,208.11852326310648,0.34385079887313064,BALANCING
1.306,-0.46728708767408933,-1.9589700137775707,208.03208222014135,0.3436016023681156,BALANCING
1.308,-0.47119878626610767,-1.952928730574,207.9449923695775,0.34335160910423423,BALANCING
1.31,-0.47509840906789846,-1.9468948583371284,207.85725575216654,0.34310082218766186,BALANCING
1.312,-0.4789859709100375,-1.94086840322806,207.76887440610338,0.3428492447198758,BALANCING
1.314,-0.48286148663537243,-1.9348493713611759,207.67985036702422,0.3425968797976545,BALANCING
1.316,-0.4867249710989294,-1.9288377688042255,207.5901856680047,0.34234373051307637,BALANCING
1.318,-0.4905764391678197,-1.9228336015784178,207.49988233955773,0.3420897999535194,BALANCING
1.32,-0.4944159057211466,-1.916836875658511,207.40894240963183,0.34183509120165995,BALANCING
1.322,-0.49824338564991305,-1.9108475969729068,207.31736790360893,0.3415796073354722,BALANCING
1.324,-0.5020588938569287,-1.9048657714037383,207.22516084430265,0.3413233514282272,BALANCING
1.326,-0.5058624452567175,-1.8988914047869616,207.1323232519563,0.34106632654849206,BALANCING
1.328,-0.5096540547754254,-1.8929245029124482,207.0388571442411,0.3408085357601296,BALANCING
1.33,-0.5134337373507283,-1.886965071524075,206.94476453625418,0.3405499821222969,BALANCING
1.332,-0.5172015079317406,-1.881013116319815,206.85004744051696,0.3402906686894456,BALANCING
1.334,-0.5209573814789223,-1.875068642951829,206.7547078669731,0.3400305985113202,BALANCING
1.336,-0.524701372963989,-1.8691316570265564,206.65874782298678,0.33976977463295827,BALANCING
1.338,-0.5284334973698194,-1.8632021641048055,206.56216931334095,0.3395082000946892,BALANCING
1.34,-0.5321537696903644,-1.857280169701845,206.4649743402354,0.33924587793213384,BALANCING
1.342,-0.5358622049305566,-1.8513656792874957,206.36716490328513,0.33898281117620405,BALANCING
1.344,-0.5395588181062188,-1.8454586982862191,206.26874299951865,0.33871900285310186,BALANCING
1.346,-0.5432436242439737,-1.8395592320772107,206.1697106233761,0.33845445598431917,BALANCING
1.348,-0.5469166383811536,-1.8336672859944896,206.07006976670755,0.338189173586637,BALANCING
1.35,-0.5505778755657099,-1.8277828653269892,205.9698224187714,0.3379231586721253,BALANCING
1.352,-0.5542273508561233,-1.8219059753186488,205.86897056623263,0.3376564142481421,BALANCING
1.354,-0.5578650793213134,-1.8160366211685037,205.76751619316113,0.33738894331733327,BALANCING
1.356,-0.5614910760405492,-1.8101748080307765,205.66546128103008,0.3371207488776321,BALANCING
1.358,-0.5651053561033601,-1.8043205410149672,205.5628078087142,0.336851833922259,BALANCING
1.36,-0.5687079346094459,-1.7984738251859451,205.45955775248828,0.33658220143972045,BALANCING
1.362,-0.5722988266685876,-1.792634665564038,205.35571308602545,0.33631185441380973,BALANCING
1.364,-0.5758780474005589,-1.7868030671251236,205.25127578039567,0.3360407958236055,BALANCING
1.366,-0.5794456119350372,-1.7809790348007206,205.14624780406413,0.3357690286434723,BALANCING
1.368,-0.5830015354115146,-1.7751625734780792,205.0406311228896,0.3354965558430595,BALANCING
1.37,-0.5865458329792098,-1.7693536880002707,204.93442770012302,0.3352233803873017,BALANCING
1.372,-0.59007851979698,-1.7635523831662798,204.82763949640588,0.33494950523641803,BALANCING
1.374,-0.5935996110332324,-1.757758663731094,204.7202684697687,0.3346749333459119,BALANCING
1.3760000000000001,-0.5971091218658366,-1.7519725344057937,204.61231657562968,0.3343996676665712,BALANCING
1.3780000000000001,-0.6006070674820368,-1.7461939998576443,204.50378576679284,0.3341237111444675,BALANCING
1.3800000000000001,-0.6040934630783641,-1.740423064710186,204.39467799344706,0.33384706672095626,BALANCING
1.3820000000000001,-0.6075683238605494,-1.7346597335433231,204.28499520316421,0.3335697373326767,BALANCING
1.3840000000000001,-0.6110316650434358,-1.7289040108934164,204.1747393408979,0.3332917259115515,BALANCING
1.3860000000000001,-0.6144835018508924,-1.7231559012533726,204.063912348982,0.3330130353847863,BALANCING
1.3880000000000001,-0.6179238495157265,-1.717415409072734,203.95251616712923,0.3327336686748707,BALANCING
1.3900000000000001,-0.6213527232795979,-1.711682538757771,203.84055273242984,0.33245362869957684,BALANCING
1.3920000000000001,-0.6247701383929315,-1.70595729467157,203.72802397935004,0.3321729183719605,BALANCING
1.3940000000000001,-0.6281761101148318,-1.7002396811341254,203.61493183973081,0.33189154060035997,BALANCING
1.3960000000000001,-0.6315706537129964,-1.6945297024224293,203.50127824278658,0.3316094982883972,BALANCING
1.3980000000000001,-0.6349537844636303,-1.688827362770562,203.3870651151037,0.33132679433497686,BALANCING
1.4000000000000001,-0.6383255176513598,-1.6831326663697814,203.2722943806392,0.3310434316342866,BALANCING
1.4020000000000001,-0.6416858685691478,-1.6774456173686145,203.15696796071964,0.33075941307579754,BALANCING
1.4040000000000001,-0.645034852518207,-1.6717662198729466,203.04108777403954,0.3304747415442637,BALANCING
1.4060000000000001,-0.6483724848079164,-1.6660944779461115,202.92465573666036,0.3301894199197225,BALANCING
1.408,-0.6516987807557348,-1.6604303956089828,202.807673762009,0.32990345107749447,BALANCING
1.41,-0.655013755687117,-1.6547739768400613,202.69014376087677,0.3296168378881841,BALANCING
1.412,-0.6583174249354282,-1.6491252255755686,202.57206764141802,0.3293295832176789,BALANCING
1.414,-0.6616098038418609,-1.643484145709534,202.45344730914894,0.3290416899271507,BALANCING
1.416,-0.6648909077553491,-1.6378507410938867,202.33428466694642,0.3287531608730549,BALANCING
1.418,-0.668160752032485,-1.6322250155385445,202.21458161504674,0.32846399890713124,BALANCING
1.42,-0.6714193520374354,-1.6266069728115033,202.0943400510446,0.32817420687640386,BALANCING
1.422,-0.674666723141857,-1.6209966166389291,201.97356186989163,0.3278837876231814,BALANCING
1.424,-0.6779028807248133,-1.6153939507052455,201.8522489638956,0.32759274398505733,BALANCING
1.426,-0.6811278401726916,-1.6097989786532243,201.73040322271902,0.3273010787949103,BALANCING
1.428,-0.684341616879119,-1.6042117040840764,201.60802653337817,0.3270087948809046,BALANCING
1.43,-0.6875442262448802,-1.5986321305575397,201.48512078024189,0.3267158950664899,BALANCING
1.432,-0.6907356836778337,-1.5930602615919702,201.36168784503064,0.32642238217040237,BALANCING
1.434,-0.6939160045928301,-1.587496100664431,201.2377296068153,0.32612825900666426,BALANCING
1.436,-0.6970852044116291,-1.5819396512107828,201.11324794201605,0.32583352838458474,BALANCING
1.438,-0.700243298562817,-1.5763909166257712,200.98824472440154,0.32553819310876025,BALANCING
1.44,-0.7033903024817248,-1.5708499002631198,200.8627218250876,0.3252422559790749,BALANCING
1.442,-0.7065262316103466,-1.5653166054356162,200.73668111253647,0.3249457197907006,BALANCING
1.444,-0.7096511013972571,-1.5597910354152043,200.61012445255557,0.32464858733409807,BALANCING
1.446,-0.7127649272975305,-1.5542731934330714,200.48305370829664,0.3243508613950167,BALANCING
1.448,-0.7158677247726589,-1.5487630826797398,200.35547074025476,0.32405254475449535,BALANCING
1.45,-0.7189595092904711,-1.5432607063051542,200.22737740626735,0.32375364018886316,BALANCING
1.452,-0.7220402963250517,-1.5377660674187728,200.09877556151315,0.3234541504697394,BALANCING
1.454,-0.7251101013566599,-1.5322791690896553,199.96966705851145,0.32315407836403437,BALANCING
1.456,-0.7281689398716488,-1.5268000143465523,199.84005374712106,0.3228534266339501,BALANCING
1.458,-0.7312168273623854,-1.521328606177995,199.70993747453937,0.32255219803698076,BALANCING
1.46,-0.7342537793271693,-1.5158649475323842,199.5793200853016,0.3222503953259132,BALANCING
1.462,-0.7372798112701537,-1.5104090413180797,199.4482034212797,0.3219480212488277,BALANCING
1.464,-0.7402949387012645,-1.5049608904034886,199.3165893216817,0.32164507854909846,BALANCING
1.466,-0.7432991771361207,-1.4995204976171548,199.18447962305066,0.3213415699653943,BALANCING
1.468,-0.7462925420959551,-1.4940878657478485,199.0518761592641,0.3210374982316796,BALANCING
1.47,-0.7492750491075345,-1.488662997544654,198.91878076153284,0.3207328660772145,BALANCING
1.472,-0.7522467137030803,-1.4832458957170593,198.78519525840048,0.32042767622655605,BALANCING
1.474,-0.7552075514201897,-1.4778365629350454,198.65112147574234,0.32012193139955875,BALANCING
1.476,-0.7581575778017569,-1.4724350018291747,198.5165612367649,0.31981563431137505,BALANCING
1.478,-0.761096808395894,-1.4670412149906793,198.3815163620049,0.31950878767245666,BALANCING
1.48,-0.7640252587558525,-1.4616552049715503,198.24598866932868,0.31920139418855487,BALANCING
1.482,-0.766942944439945,-1.4562769742846264,198.10997997393127,0.3188934565607216,BALANCING
1.484,-0.7698498810114671,-1.450906525403683,197.97349208833583,0.31858497748530995,BALANCING
1.486,-0.7727460840386189,-1.4455438607635198,197.83652682239278,0.3182759596539753,BALANCING
1.488,-0.7756315690944278,-1.4401889827600494,197.6990859832793,0.31796640575367624,BALANCING
1.49,-0.7785063517566702,-1.434841893750387,197.56117137549845,0.3176563184666751,BALANCING
1.492,-0.7813704476077944,-1.4295025960529388,197.42278480087845,0.3173457004705388,BALANCING
1.494,-0.784223872234843,-1.4241710919474877,197.28392805857231,0.31703455443814044,BALANCING
1.496,-0.7870666412293763,-1.418847383675286,197.14460294505687,0.31672288303765933,BALANCING
1.498,-0.7898987701873943,-1.4135314734391393,197.00481125413225,0.3164106889325825,BALANCING
1.5,-0.7927202747092609,-1.4082233634034989,196.8645547769213,0.3160979747817054,BALANCING
1.502,-0.7955311703996267,-1.4029230556945465,196.72383530186892,0.31578474323913325,BALANCING
1.504,-0.7983314728673528,-1.3976305524002846,196.58265461474147,0.3154709969542813,BALANCING
1.506,-0.8011211977254347,-1.3923458555706238,196.44101449862623,0.31515673857187676,BALANCING
1.508,-0.8039003605909255,-1.3870689672174712,196.29891673393072,0.314841970731959,BALANCING
1.51,-0.8066689770848606,-1.3817998893148176,196.15636309838226,0.3145266960698812,BALANCING
1.512,-0.8094270628321822,-1.3765386237988266,196.0133553670273,0.31421091721631095,BALANCING
1.514,-0.8121746334616629,-1.3712851725679218,195.869895312231,0.3138946367972317,BALANCING
1.516,-0.8149117046058306,-1.366039537482875,195.72598470367663,0.3135778574339435,BALANCING
1.518,-0.8176382919008941,-1.3608017203668938,195.58162530836512,0.31326058174306465,BALANCING
1.52,-0.8203544109866667,-1.3555717230057094,195.43681889061446,0.31294281233653215,BALANCING
1.522,-0.8230600775064927,-1.3503495471476643,195.29156721205936,0.3126245518216033,BALANCING
1.524,-0.8257553071071713,-1.3451351945038004,195.1458720316507,0.3123058028008569,BALANCING
1.526,-0.8284401154388833,-1.3399286667479458,194.999735105655,0.3119865678721939,BALANCING
1.528,-0.8311145181551163,-1.3347299655168032,194.8531581876541,0.3116668496288393,BALANCING
1.53,-0.8337785309125901,-1.3295390924100365,194.70614302854466,0.3113466506593429,BALANCING
1.532,-0.8364321693711838,-1.3243560489903592,194.5586913765378,0.31102597354758077,BALANCING
1.534,-0.8390754491938609,-1.319180836783621,194.41080497715862,0.31070482087275625,BALANCING
1.536,-0.841708386046596,-1.3140134572788962,194.26248557324573,0.31038319520940133,BALANCING
1.538,-0.8443309955983017,-1.308853911928569,194.11373490495114,0.31006109912737806,BALANCING
1.54,-0.846943293520755,-1.3037022021484233,193.96455470973962,0.3097385351918797,BALANCING
1.542,-0.849545295488524,-1.2985583293177276,193.81494672238838,0.30941550596343215,BALANCING
1.544,-0.8521370171788952,-1.293422294779324,193.66491267498694,0.309092013997895,BALANCING
1.546,-0.8547184742718009,-1.2882940998397134,193.5144542969365,0.30876806184646316,BALANCING
1.548,-0.8572896824497465,-1.2831737457691443,193.3635733149498,0.30844365205566826,BALANCING
1.55,-0.8598506573977376,-1.2780612338016983,193.21227145305076,0.3081187871673796,BALANCING
1.552,-0.8624014148032085,-1.2729565651353785,193.0605504325742,0.3077934697188061,BALANCING
1.554,-0.8649419703559498,-1.267859740932194,192.90841197216554,0.3074677022424975,BALANCING
1.556,-0.8674723397480362,-1.2627707623182491,192.7558577877806,0.3071414872663455,BALANCING
1.558,-0.8699925386737551,-1.2576896303838294,192.60288959268513,0.30681482731358545,BALANCING
1.56,-0.8725025828295355,-1.2526163461834876,192.4495090974548,0.3064877249027981,BALANCING
1.562,-0.8750024879138755,-1.2475509107361304,192.2957180099749,0.3061601825479104,BALANCING
1.564,-0.877492269627272,-1.2424933250251056,192.14151803544,0.30583220275819745,BALANCING
1.566,-0.8799719436721494,-1.2374435899982883,191.98691087635385,0.30550378803828415,BALANCING
1.568,-0.8824415257527889,-1.2324017065681665,191.8318982325292,0.3051749408881462,BALANCING
1.57,-0.8849010315752575,-1.2273676756119296,191.67648180108753,0.30484566380311207,BALANCING
1.572,-0.8873504768473375,-1.2223414979715528,191.52066327645895,0.30451595927386427,BALANCING
1.574,-0.8897898772784565,-1.2173231744538833,191.36444435038192,0.30418582978644126,BALANCING
1.576,-0.8922192485796171,-1.212312705830728,191.20782671190324,0.30385527782223865,BALANCING
1.578,-0.8946386064633267,-1.2073100928389378,191.05081204737783,0.30352430585801093,BALANCING
1.58,-0.8970479666435279,-1.2023153361804955,190.8934020404686,0.30319291636587326,BALANCING
1.582,-0.8994473448355286,-1.1973284365226002,190.73559837214637,0.302861111813303,BALANCING
1.584,-0.9018367567559329,-1.1923493944977543,190.57740272068975,0.30252889466314103,BALANCING
1.586,-0.9042162181225715,-1.1873782107038489,190.41881676168504,0.3021962673735941,BALANCING
1.588,-0.9065857446544328,-1.1824148857042498,190.25984216802613,0.30186323239823576,BALANCING
1.59,-0.9089453520715933,-1.1774594200278825,190.10048060991448,0.30152979218600867,BALANCING
1.592,-0.91129505609515,-1.17251181416932,189.94073375485902,0.3011959491812258,BALANCING
1.594,-0.9136348724471507,-1.1675720685888655,189.78060326767618,0.3008617058235725,BALANCING
1.596,-0.9159648168505258,-1.1626401837126403,189.62009081048967,0.3005270645481082,BALANCING
1.598,-0.9182849050290203,-1.1577161599326682,189.45919804273066,0.30019202778526793,BALANCING
1.6,-0.9205951527071256,-1.1527999976069614,189.29792662113772,0.29985659796086417,BALANCING
1.602,-0.9228955756100113,-1.1478916970596051,189.13627819975676,0.2995207774960891,BALANCING
1.604,-0.9251861894634578,-1.1429912585808446,188.97425442994103,0.29918456880751537,BALANCING
1.606,-0.9274670099937885,-1.1380986824271677,188.81185696035124,0.2988479743070992,BALANCING
1.608,-0.9297380529278024,-1.133213968821393,188.6490874369555,0.2985109964021811,BALANCING
1.61,-0.9319993339927068,-1.1283371179527522,188.48594750302942,0.2981736374954882,BALANCING
1.612,-0.9342508689160505,-1.1234681299769778,188.3224387991562,0.2978358999851362,BALANCING
1.614,-0.9364926734256563,-1.1186070050163854,188.15856296322656,0.2974977862646311,BALANCING
1.616,-0.9387247632495551,-1.1137537431599607,187.99432163043898,0.2971592987228709,BALANCING
1.618,-0.9409471541159183,-1.1089083444634436,187.82971643329964,0.29682043974414773,BALANCING
1.62,-0.9431598617529923,-1.1040708089494122,187.66474900162274,0.29648121170814995,BALANCING
1.622,-0.9453629018890315,-1.0992411366073693,187.49942096253034,0.29614161698996355,BALANCING
1.624,-0.9475562902522332,-1.0944193273938259,187.33373394045265,0.29580165796007446,BALANCING
1.6260000000000001,-0.9497400425706709,-1.0896053812323852,187.16768955712823,0.29546133698437066,BALANCING
1.6280000000000001,-0.9519141745722287,-1.0847992980138286,187.00128943160394,0.29512065642414353,BALANCING
1.6300000000000001,-0.9540787019845357,-1.0800010775961983,186.8345351802352,0.29477961863609053,BALANCING
1.6320000000000001,-0.9562336405349013,-1.075210719804884,186.66742841668625,0.2944382259723167,BALANCING
1.6340000000000001,-0.9583790059502489,-1.0704282244327052,186.49997075193014,0.2940964807803371,BALANCING
1.6360000000000001,-0.9605148139570516,-1.065653591239996,186.33216379424906,0.2937543854030785,BALANCING
1.6380000000000001,-0.9626410802812669,-1.0608868199546901,186.16400914923452,0.2934119421788814,BALANCING
1.6400000000000001,-0.9647578206482728,-1.0561279102724042,185.9955084197875,0.2930691534415023,BALANCING
1.6420000000000001,-0.9668650507828017,-1.051376861856521,185.82666320611878,0.29272602152011573,BALANCING
1.6440000000000001,-0.9689627864088778,-1.046633674338275,185.657475105749,0.2923825487393163,BALANCING
1.6460000000000001,-0.9710510432497517,-1.041898347316836,185.48794571350913,0.29203873741912073,BALANCING
1.6480000000000001,-0.9731298370278364,-1.0371708803593913,185.31807662154057,0.2916945898749701,BALANCING
1.6500000000000001,-0.9751991834646442,-1.0324512730012319,185.14786941929546,0.29135010841773173,BALANCING
1.6520000000000001,-0.9772590982807222,-1.027739524745834,184.97732569353698,0.2910052953537018,BALANCING
1.6540000000000001,-0.9793095971955894,-1.0230356350649443,184.80644702833956,0.29066015298460685,BALANCING
1.6560000000000001,-0.9813506959276725,-1.0183396033986625,184.63523500508927,0.29031468360760637,BALANCING
1.6580000000000001,-0.9833824101942437,-1.0136514291555243,184.46369120248409,0.2899688895152951,BALANCING
1.6600000000000001,-0.9854047557113568,-1.0089711117125864,184.29181719653425,0.2896227729957049,BALANCING
1.6620000000000001,-0.9874177481937845,-1.0042986504155087,184.11961456056255,0.28927633633230687,BALANCING
1.6640000000000001,-0.9894214033549564,-0.9996340445786375,183.9470848652046,0.28892958180401407,BALANCING
1.666,-0.9914157369068956,-0.9949772934850892,183.7742296784094,0.2885825116851834,BALANCING
1.668,-0.9934007645601566,-0.9903283963868335,183.60105056543946,0.2882351282456177,BALANCING
1.67,-0.9953765020237632,-0.9856873525047747,183.4275490888714,0.28788743375056847,BALANCING
1.672,-0.9973429650051466,-0.9810541610288371,183.25372680859604,0.2875394304607378,BALANCING
1.674,-0.9993001692100829,-0.9764288211180469,183.0795852818192,0.28719112063228086,BALANCING
1.676,-1.0012481303426322,-0.9718113319006141,182.90512606306163,0.28684250651680787,BALANCING
1.678,-1.0031868641050763,-0.9672016924740163,182.73035070415983,0.2864935903613869,BALANCING
1.68,-1.0051163861978578,-0.9625999019050814,182.5552607542663,0.2861443744085456,BALANCING
1.682,-1.007036712319519,-0.9580059592300696,182.3798577598499,0.2857948608962743,BALANCING
1.684,-1.00894785816664,-0.9534198634547558,182.20414326469643,0.28544505205802756,BALANCING
1.686,-1.0108498394337793,-0.9488416135545127,182.0281188099091,0.2850949501227273,BALANCING
1.688,-1.0127426718134112,-0.9442712084743929,181.85178593390881,0.2847445573147643,BALANCING
1.69,-1.0146263709958672,-0.9397086471292105,181.67514617243484,0.28439387585400155,BALANCING
1.692,-1.016500952669274,-0.9351539284036247,181.49820105854522,0.2840429079557759,BALANCING
1.694,-1.0183664325194943,-0.9306070511522202,181.3209521226172,0.28369165583090106,BALANCING
1.696,-1.0202228262300663,-0.9260680141995912,181.14340089234793,0.28334012168566947,BALANCING
1.698,-1.0220701494821431,-0.9215368163404215,180.96554889275473,0.28298830772185507,BALANCING
1.7,-1.023908417954435,-0.9170134563395673,180.78739764617578,0.2826362161367159,BALANCING
1.702,-1.025737647323148,-0.9124979329321398,180.6089486722706,0.28228384912299603,BALANCING
1.704,-1.027557853261925,-0.9079902448235847,180.43020348802065,0.28193120886892864,BALANCING
1.706,-1.0293690514417866,-0.9034903906897663,180.25116360772986,0.2815782975582383,BALANCING
1.708,-1.031171257531072,-0.8989983691770477,180.0718305430251,0.2812251173701432,BALANCING
1.71,-1.0329644871953807,-0.8945141789023723,179.89220580285686,0.280871670479358,BALANCING
1.712,-1.0347487560975122,-0.890037818453346,179.7122908934999,0.2805179590560964,BALANCING
1.714,-1.0365240798974091,-0.8855692863883179,179.5320873185537,0.28016398526607345,BALANCING
1.716,-1.0382904742520973,-0.881108581236462,179.3515965789431,0.2798097512705081,BALANCING
1.718,-1.040047954815629,-0.8766557014978581,179.17082017291892,0.2794552592261259,BALANCING
1.72,-1.0417965372390234,-0.8722106456435725,178.98975959605875,0.27910051128516183,BALANCING
1.722,-1.04353623717021,-0.8677734121157404,178.80841634126728,0.27874550959536226,BALANCING
1.724,-1.045267070253969,-0.8633439993276453,178.62679189877718,0.2783902562999881,BALANCING
1.726,-1.046989052131876,-0.8589224056638011,178.44488775614965,0.2780347535378171,BALANCING
1.728,-1.048702198442243,-0.8545086294800316,178.26270539827513,0.2776790034431468,BALANCING
1.73,-1.0504065248200611,-0.850102669103553,178.08024630737395,0.2773230081457967,BALANCING
1.732,-1.052102046896944,-0.8457045228330526,177.89751196299702,0.2769667697711115,BALANCING
1.734,-1.0537887803010706,-0.8413141889387709,177.7145038420265,0.2766102904399632,BALANCING
1.736,-1.055466740657128,-0.8369316656625807,177.53122341867655,0.2762535722687543,BALANCING
1.738,-1.0571359435862564,-0.832556951218069,177.34767216449396,0.27589661736942,BALANCING
1.74,-1.0587964047059903,-0.8281900437906164,177.16385154835902,0.27553942784943114,BALANCING
1.742,-1.0604481396302035,-0.8238309415374774,176.97976303648602,0.27518200581179697,BALANCING
1.744,-1.0620911639690527,-0.8194796425878605,176.79540809242428,0.2748243533550678,BALANCING
1.746,-1.0637254933289215,-0.8151361450430084,176.61078817705857,0.27446647257333767,BALANCING
1.748,-1.0653511433123648,-0.8108004469762785,176.42590474861015,0.2741083655562472,BALANCING
1.75,-1.0669681295180526,-0.8064725464332215,176.24075926263743,0.2737500343889864,BALANCING
1.752,-1.0685764675407146,-0.8021524414316628,176.05535317203666,0.2733914811522971,BALANCING
1.754,-1.070176172971085,-0.7978401299617809,175.86968792704286,0.2730327079224762,BALANCING
1.756,-1.0717672613958475,-0.7935356099861879,175.68376497523056,0.27267371677137825,BALANCING
1.758,-1.07334974839758,-0.7892388794400089,175.49758576151456,0.27231450976641824,BALANCING
1.76,-1.0749236495546992,-0.7849499362309613,175.31115172815083,0.27195508897057424,BALANCING
1.762,-1.0764889804414068,-0.7806687782394343,175.12446431473725,0.2715954564423908,BALANCING
1.764,-1.0780457566276342,-0.7763954033185683,174.93752495821448,0.27123561423598097,BALANCING
1.766,-1.0795939936789887,-0.7721298092943341,174.75033509286678,0.2708755644010298,BALANCING
1.768,-1.0811337071566987,-0.7678719939656116,174.5628961503229,0.270515308982797,BALANCING
1.77,-1.0826649126175596,-0.7636219551042699,174.37520955955694,0.2701548500221199,BALANCING
1.772,-1.0841876256138805,-0.7593796904552458,174.18727674688915,0.26979418955541595,BALANCING
1.774,-1.08570186169343,-0.7551451977366221,173.99909913598688,0.2694333296146862,BALANCING
1.776,-1.087207636399382,-0.7509184746397074,173.8106781478654,0.26907227222751756,BALANCING
1.778,-1.0887049652702632,-0.7466995188291141,173.62201520088882,0.2687110194170865,BALANCING
1.78,-1.0901938638398994,-0.7424883279428376,173.43311171077116,0.26834957320216124,BALANCING
1.782,-1.0916743476373623,-0.7382848995923341,173.24396909057688,0.26798793559710504,BALANCING
1.784,-1.0931464321869162,-0.7340892313626004,173.0545887507222,0.2676261086118791,BALANCING
1.786,-1.0946101330079663,-0.7299013208122507,172.8649720989757,0.26726409425204556,BALANCING
1.788,-1.0960654656150042,-0.7257211654735964,172.6751205404596,0.2669018945187704,BALANCING
1.79,-1.0975124455175571,-0.7215487628527232,172.4850354776504,0.2665395114088264,BALANCING
1.792,-1.0989510882201343,-0.7173841104295698,172.29471831038,0.2661769469145965,BALANCING
1.794,-1.1003814092221758,-0.713227205658006,172.10417043583666,0.26581420302407593,BALANCING
1.796,-1.1018034240179992,-0.7090780459659104,171.91339324856588,0.26545128172087623,BALANCING
1.798,-1.1032171480967492,-0.7049366287552481,171.72238814047148,0.2650881849842278,BALANCING
1.8,-1.1046225969423447,-0.7008029514021494,171.53115650081656,0.2647249147889828,BALANCING
1.802,-1.1060197860334275,-0.6966770112569867,171.33969971622443,0.2643614731056183,BALANCING
1.804,-1.1074087308433114,-0.6925588056444517,171.1480191706798,0.26399786190023966,BALANCING
1.806,-1.1087894468399297,-0.6884483318636344,170.95611624552953,0.26363408313458314,BALANCING
1.808,-1.110161949485786,-0.6843455871880999,170.76399231948395,0.2632701387660191,BALANCING
1.81,-1.1115262542379007,-0.6802505688659646,170.57164876861762,0.2629060307475556,BALANCING
1.812,-1.1128823765477627,-0.6761632741199753,170.37908696637064,0.2625417610278404,BALANCING
1.814,-1.1142303318612774,-0.6720837001475851,170.18630828354944,0.26217733155116524,BALANCING
1.816,-1.115570135618716,-0.6680118441210314,169.993314088328,0.2618127442574682,BALANCING
1.818,-1.116901803254666,-0.6639477031874117,169.80010574624882,0.2614480010823372,BALANCING
1.82,-1.11822535019798,-0.6598912744687623,169.60668462022417,0.2610831039570128,BALANCING
1.822,-1.119540791871727,-0.6558425550621335,169.41305207053702,0.2607180548083918,BALANCING
1.824,-1.120848143693141,-0.651801542039667,169.21920945484212,0.2603528555590301,BALANCING
1.826,-1.122147421073572,-0.6477682324486729,169.02515812816716,0.2599875081271459,BALANCING
1.828,-1.1234386394184372,-0.6437426233117057,168.8308994429139,0.25962201442662275,BALANCING
1.83,-1.12472181412717,-0.639724711626641,168.63643474885922,0.25925637636701315,BALANCING
1.832,-1.1259969605931717,-0.6357144943667515,168.44176539315626,0.25889059585354135,BALANCING
1.834,-1.127264094203762,-0.6317119684807849,168.2468927203357,0.2585246747871067,BALANCING
1.836,-1.1285232303401305,-0.6277171308930375,168.0518180723066,0.25815861506428694,BALANCING
1.838,-1.1297743843772874,-0.6237299785034326,167.8565427883578,0.25779241857734125,BALANCING
1.84,-1.1310175716840147,-0.6197505081875951,167.66106820515913,0.2574260872142138,BALANCING
1.842,-1.1322528076228189,-0.6157787167969287,167.4653956567622,0.25705962285853656,BALANCING
1.844,-1.1334801075498808,-0.6118146011586912,167.269526474602,0.25669302738963284,BALANCING
1.846,-1.1346994868150082,-0.6078581580760695,167.07346198749786,0.25632630268252066,BALANCING
1.848,-1.1359109607615887,-0.603909384328256,166.87720352165468,0.2559594506079157,BALANCING
1.85,-1.1371145447265398,-0.5999682766705247,166.68075240066406,0.2555924730322348,BALANCING
1.852,-1.1383102540402632,-0.5960348318343052,166.48410994550574,0.25522537181759936,BALANCING
1.854,-1.139498104026596,-0.5921090465272598,166.2872774745485,0.2548581488218384,BALANCING
1.856,-1.1406781100027628,-0.5881909174333584,166.09025630355157,0.2544908058984918,BALANCING
1.858,-1.1418502872793301,-0.5842804412129524,165.89304774566585,0.2541233448968141,BALANCING
1.86,-1.1430146511601578,-0.5803776145028513,165.69565311143506,0.25375576766177727,BALANCING
1.862,-1.1441712169423524,-0.5764824339163968,165.49807370879716,0.25338807603407465,BALANCING
1.864,-1.14531999991622,-0.5725948960435391,165.30031084308533,0.25302027185012355,BALANCING
1.866,-1.1464610153652204,-0.5687149974509104,165.10236581702944,0.2526523569420693,BALANCING
1.868,-1.1475942785659197,-0.5648427346818995,164.90423993075737,0.25228433313778836,BALANCING
1.87,-1.1487198047879443,-0.5609781042567282,164.70593448179602,0.25191620226089156,BALANCING
1.872,-1.1498376092939346,-0.5571211026725243,164.50745076507286,0.2515479661307277,BALANCING
1.874,-1.1509477073394987,-0.5532717264033966,164.308790072917,0.25117962656238685,BALANCING
1.8760000000000001,-1.1520501141731667,-0.5494299719005095,164.10995369506074,0.2508111853667037,BALANCING
1.8780000000000001,-1.1531448450363442,-0.5455958355921569,163.91094291864061,0.2504426443502612,BALANCING
1.8800000000000001,-1.1542319151632683,-0.5417693138838368,163.71175902819894,0.25007400531539364,BALANCING
1.8820000000000001,-1.1553113397809598,-0.5379504031583247,163.51240330568487,0.24970527006019044,BALANCING
1.8840000000000001,-1.15638313410918,-0.534139099775749,163.31287703045606,0.24933644037849936,BALANCING
1.8860000000000001,-1.1574473133603838,-0.530335400073664,163.1131814792797,0.24896751805993,BALANCING
1.8880000000000001,-1.1585038927396754,-0.5265393003671235,162.91331792633397,0.24859850488985735,BALANCING
1.8900000000000001,-1.1595528874447638,-0.5227507969487555,162.71328764320953,0.2482294026494251,BALANCING
1.8920000000000001,-1.160594312665917,-0.5189698860888345,162.5130918989106,0.24786021311554932,BALANCING
1.8940000000000001,-1.1616281835859181,-0.5151965640353567,162.3127319598566,0.24749093806092176,BALANCING
1.8960000000000001,-1.1626545153800207,-0.5114308270141122,162.1122090898833,0.24712157925401346,BALANCING
1.8980000000000001,-1.163673323215904,-0.5076726712287593,161.9115245502443,0.2467521384590781,BALANCING
1.9000000000000001,-1.1646846222536296,-0.5039220928608968,161.71067959961252,0.24638261743615572,BALANCING
1.9020000000000001,-1.165688427645597,-0.5001790880701379,161.50967549408136,0.24601301794107616,BALANCING
1.9040000000000001,-1.166684754536499,-0.4964436529941833,161.30851348716632,0.24564334172546254,BALANCING
1.9060000000000001,-1.1676736180632792,-0.4927157837488939,161.1071948298063,0.2452735905367349,BALANCING
1.9080000000000001,-1.1686550333550878,-0.4889954764283642,160.90572077036504,0.24490376611811351,BALANCING
1.9100000000000001,-1.1696290155332378,-0.4852827271049945,160.70409255463258,0.24453387020862283,BALANCING
1.9120000000000001,-1.170595579711162,-0.4815775318295639,160.50231142582655,0.24416390454309464,BALANCING
1.9140000000000001,-1.1715547409943703,-0.4778798866313031,160.3003786245938,0.2437938708521719,BALANCING
1.9160000000000001,-1.1725065144804059,-0.4741897875179667,160.09829538901178,0.24342377086231232,BALANCING
1.9180000000000001,-1.1734509152588026,-0.47050723047590587,159.8960629545899,0.24305360629579162,BALANCING
1.92,-1.174387958411043,-0.4668322114701407,159.6936825542711,0.24268337887070765,BALANCING
1.922,-1.175317659010514,-0.4631647264444319,159.49115541843327,0.24231309030098358,BALANCING
1.924,-1.1762400321224666,-0.45950477132135364,159.2884827748907,0.24194274229637167,BALANCING
1.926,-1.1771550928039716,-0.45585234200236563,159.08566584889564,0.24157233656245683,BALANCING
1.928,-1.1780628561038788,-0.4522074343678847,158.88270586313973,0.24120187480066038,BALANCING
1.93,-1.1789633370627748,-0.4485700442773565,158.67960403775544,0.24083135870824351,BALANCING
1.932,-1.1798565507129402,-0.44494016756932814,158.47636159031774,0.2404607899783111,BALANCING
1.934,-1.180742512078309,-0.44131780006151905,158.27297973584538,0.24009017029981528,BALANCING
1.936,-1.1816212361744263,-0.4377029375508929,158.06945968680262,0.23971950135755898,BALANCING
1.938,-1.1824927380084076,-0.4340955758137291,157.86580265310062,0.23934878483219982,BALANCING
1.94,-1.1833570325788962,-0.43049571060569414,157.66200984209897,0.23897802240025362,BALANCING
1.942,-1.1842141348760238,-0.4269033376619132,157.45808245860738,0.23860721573409827,BALANCING
1.944,-1.185064059881368,-0.42331845269704066,157.25402170488695,0.23823636650197716,BALANCING
1.946,-1.1859068225679121,-0.41974105140533197,157.04982878065198,0.23786547636800306,BALANCING
1.948,-1.1867424379000047,-0.4161711294607143,156.84550488307138,0.2374945469921618,BALANCING
1.95,-1.1875709208333178,-0.41260868251685734,156.6410512067703,0.23712358003031603,BALANCING
1.952,-1.1883922863148082,-0.40905370620724485,156.43646894383158,0.23675257713420872,BALANCING
1.954,-1.1892065492826758,-0.405506196145244,156.23175928379752,0.23638153995146724,BALANCING
1.956,-1.1900137246663238,-0.40196614792417773,156.02692341367128,0.23601047012560677,BALANCING
1.958,-1.190813827386319,-0.39843355711739364,155.8219625179186,0.2356393692960343,BALANCING
1.96,-1.1916068723543518,-0.3949084192783359,155.6168777784693,0.2352682390980522,BALANCING
1.962,-1.192392874473196,-0.3913907299406146,155.41167037471897,0.23489708116286206,BALANCING
1.964,-1.1931718486366698,-0.3878804846180762,155.20634148353045,0.2345258971175685,BALANCING
1.966,-1.1939438097295962,-0.3843776788048741,155.00089227923556,0.23415468858518276,BALANCING
1.968,-1.1947087726277636,-0.38088230797553807,154.79532393363672,0.23378345718462681,BALANCING
1.97,-1.1954667521978863,-0.37739436758504485,154.58963761600847,0.2334122045307368,BALANCING
1.972,-1.1962177632975663,-0.37391385306888747,154.3838344930993,0.2330409322342671,BALANCING
1.974,-1.1969618207752537,-0.37044075984314534,154.17791572913302,0.232669641901894,BALANCING
1.976,-1.197698939470208,-0.36697508330455386,153.97188248581068,0.23229833513621947,BALANCING
1.978,-1.1984291342124598,-0.3635168188305741,153.765735922312,0.23192701353577505,BALANCING
1.98,-1.199152419822772,-0.36006596177946176,153.55947719529715,0.23155567869502575,BALANCING
1.982,-1.1998688111126024,-0.35662250749033747,153.35310745890845,0.2311843322043738,BALANCING
1.984,-1.2005783228840632,-0.3531864512832552,153.14662786477192,0.23081297565016226,BALANCING
1.986,-1.201280969929886,-0.3497577884592719,152.94003956199901,0.23044161061467944,BALANCING
1.988,-1.2019767670333814,-0.3463365143005162,152.7333436971884,0.2300702386761622,BALANCING
1.99,-1.2026657289684024,-0.3429226240702582,152.52654141442744,0.22969886140880008,BALANCING
1.992,-1.2033478704993068,-0.3395161130129775,152.31963385529411,0.22932748038273915,BALANCING
1.994,-1.204023206380919,-0.3361169763544324,152.11262215885856,0.22895609716408571,BALANCING
1.996,-1.2046917513584934,-0.3327252093017284,151.90550746168483,0.22858471331491056,BALANCING
1.998,-1.2053535201676762,-0.3293408070433872,151.6982908978327,0.22821333039325237,BALANCING
2.0,-1.2060085275344696,-0.3259637647494148,151.4909735988592,0.227841949953122,BALANCING
2.0020000000000002,-1.2066567881751942,-0.3225940775713699,151.28355669382051,0.22747057354450625,BALANCING
2.004,-1.2072983167964513,-0.31923174064243254,151.07604130927368,0.22709920271337172,BALANCING
2.0060000000000002,-1.2079331280950876,-0.31587674907747215,150.8684285692782,0.22672783900166885,BALANCING
2.008,-1.2085612367581582,-0.3125290979731156,150.66071959539795,0.22635648394733557,BALANCING
2.0100000000000002,-1.2091826574628897,-0.3091887824078151,150.45291550670288,0.2259851390843017,BALANCING
2.012,-1.2097974048766444,-0.30585579744191643,150.24501741977068,0.2256138059424924,BALANCING
2.0140000000000002,-1.2104054936568844,-0.3025301381177264,150.0370264486887,0.22524248604783242,BALANCING
2.016,-1.2110069384511348,-0.2992117994595808,149.8289437050556,0.22487118092224997,BALANCING
2.0180000000000002,-1.2116017538969484,-0.2959007764739123,149.62077029798314,0.2244998920836806,BALANCING
2.02,-1.2121899546218697,-0.2925970641493171,149.41250733409802,0.2241286210460712,BALANCING
2.0220000000000002,-1.2127715552434002,-0.2893006574566231,149.20415591754363,0.22375736931938406,BALANCING
2.024,-1.213346570368961,-0.2860115513489571,148.9957171499818,0.22338613840960078,BALANCING
2.0260000000000002,-1.2139150145958595,-0.2827297407618123,148.7871921305947,0.22301492981872612,BALANCING
2.028,-1.214476902511253,-0.2794552206131141,148.57858195608654,0.2226437450447923,BALANCING
2.0300000000000002,-1.215032248692114,-0.27618798580328885,148.36988772068548,0.22227258558186275,BALANCING
2.032,-1.2155810677051953,-0.27292803121533005,148.1611105161453,0.221901452920036,BALANCING
2.0340000000000003,-1.2161233741069952,-0.2696753517148647,147.95225143174738,0.22153034854545006,BALANCING
2.036,-1.2166591824437227,-0.26642994215022076,147.7433115543024,0.22115927394028617,BALANCING
2.0380000000000003,-1.217188507251263,-0.26319179735249365,147.53429196815233,0.22078823058277275,BALANCING
2.04,-1.2177113630551433,-0.2599609121356123,147.32519375517205,0.22041721994718974,BALANCING
2.0420000000000003,-1.2182277643704984,-0.2567372812964061,147.1160179947714,0.22004624350387234,BALANCING
2.044,-1.2187377257020364,-0.25352089961467117,146.90676576389689,0.2196753027192151,BALANCING
2.0460000000000003,-1.2192412615440051,-0.2503117618532363,146.69743813703357,0.2193043990556761,BALANCING
2.048,-1.2197383863801579,-0.24710986275802924,146.48803618620707,0.21893353397178092,BALANCING
2.05,-1.2202291146837196,-0.243915197058143,146.27856098098513,0.21856270892212656,BALANCING
2.052,-1.2207134609173542,-0.24072775946590128,146.0690135884798,0.21819192535738577,BALANCING
2.054,-1.2211914395331296,-0.23754754467692496,145.85939507334916,0.21782118472431086,BALANCING
2.056,-1.2216630649724858,-0.23437454737019708,145.64970649779917,0.21745048846573795,BALANCING
2.058,-1.2221283516662005,-0.23120876220812905,145.4399489215856,0.21707983802059094,BALANCING
2.06,-1.2225873140343568,-0.22805018383662598,145.230123402016,0.2167092348238857,BALANCING
2.062,-1.2230399664863107,-0.22489880688515232,145.02023099395151,0.216338680306734,BALANCING
2.064,-1.2234863234206568,-0.22175462596679668,144.81027274980872,0.2159681758963478,BALANCING
2.066,-1.2239263992251965,-0.2186176356783377,144.60024971956173,0.2155977230160432,BALANCING
2.068,-1.2243602082769058,-0.21548783060030882,144.39016295074393,0.21522732308524462,BALANCING
2.07,-1.2247877649419023,-0.21236520529706338,144.18001348844993,0.21485697751948885,BALANCING
2.072,-1.225209083575413,-0.20924975431683956,143.9698023753376,0.21448668773042934,BALANCING
2.074,-1.2256241785217425,-0.20614147219182571,143.7595306516299,0.21411645512584,BALANCING
2.076,-1.22603306411424,-0.20304035343822394,143.54919935511674,0.21374628110961968,BALANCING
2.078,-1.2264357546752693,-0.199946392556316,143.33880952115717,0.2133761670817961,BALANCING
2.08,-1.2268322645161744,-0.196859584030527,143.12836218268106,0.21300611443853001,BALANCING
2.082,-1.2272226079372506,-0.19377992232949023,142.91785837019123,0.21263612457211947,BALANCING
2.084,-1.2276067992277104,-0.1907074019061114,142.70729911176528,0.21226619887100384,BALANCING
2.086,-1.2279848526656543,-0.18764201719763307,142.49668543305765,0.21189633871976796,BALANCING
2.088,-1.2283567825180381,-0.1845837626256985,142.28601835730151,0.21152654549914635,BALANCING
2.09,-1.2287226030406428,-0.181532632596416,142.07529890531083,0.21115682058602744,BALANCING
2.092,-1.2290823284780426,-0.17848862150042222,141.8645280954822,0.21078716535345762,BALANCING
2.094,-1.2294359730635742,-0.1754517237129468,141.65370694379703,0.21041758117064557,BALANCING
2.096,-1.2297835510193071,-0.17242193359387586,141.4428364638233,0.21004806940296625,BALANCING
2.098,-1.230125076556012,-0.1693992454878156,141.23191766671772,0.20967863141196516,BALANCING
2.1,-1.2304605638731303,-0.1663836537241554,141.02095156122763,0.20930926855536267,BALANCING
2.102,-1.2307900271587442,-0.163375152617132,140.80993915369305,0.20893998218705806,BALANCING
2.104,-1.231113480589546,-0.16037373646589245,140.59888144804873,0.2085707736571338,BALANCING
2.106,-1.2314309383308084,-0.15737939955455732,140.38777944582603,0.20820164431185972,BALANCING
2.108,-1.2317424145363542,-0.1543921361522841,140.17663414615504,0.20783259549369726,BALANCING
2.11,-1.2320479233485266,-0.15141194051333018,139.96544654576658,0.20746362854130357,BALANCING
2.112,-1.2323474788981597,-0.1484388068771153,139.75421763899425,0.2070947447895359,BALANCING
2.114,-1.2326410953045481,-0.14547272946828482,139.54294841777633,0.2067259455694559,BALANCING
2.116,-1.2329287866754186,-0.1425137024967729,139.33163987165804,0.2063572322083334,BALANCING
2.118,-1.2332105671068996,-0.13956172015786422,139.12029298779336,0.2059886060296513,BALANCING
2.12,-1.2334864506834928,-0.13661677663225688,138.90890875094718,0.20562006835310925,BALANCING
2.122,-1.2337564514780437,-0.13367886608612542,138.6974881434974,0.20525162049462817,BALANCING
2.124,-1.2340205835517124,-0.13074798267118212,138.48603214543687,0.20488326376635455,BALANCING
2.126,-1.2342788609539455,-0.12782412052473993,138.2745417343755,0.20451499947666457,BALANCING
2.128,-1.2345312977224463,-0.1249072737697747,138.0630178855423,0.20414682893016833,BALANCING
2.13,-1.2347779078831473,-0.1219974365149867,137.85146157178758,0.2037787534277143,BALANCING
2.132,-1.2350187054501809,-0.11909460285486276,137.63987376358477,0.2034107742663935,BALANCING
2.134,-1.2352537044258514,-0.1161987668697384,137.42825542903273,0.20304289273954368,BALANCING
2.136,-1.2354829188006065,-0.11330992262585926,137.21660753385774,0.2026751101367537,BALANCING
2.138,-1.2357063625530098,-0.11042806417544264,137.00493104141555,0.2023074277438679,BALANCING
2.14,-1.2359240496497117,-0.10755318555673915,136.79322691269354,0.20193984684299024,BALANCING
2.142,-1.2361359940454226,-0.10468528079409463,136.58149610631276,0.2015723687124886,BALANCING
2.144,-1.2363422096828853,-0.10182434389801062,136.36973957853013,0.20120499462699923,BALANCING
2.146,-1.2365427104928457,-0.09897036886520622,136.15795828324036,0.20083772585743084,BALANCING
2.148,-1.2367375103940275,-0.09612334967867876,135.94615317197824,0.2004705636709692,BALANCING
2.15,-1.2369266232931029,-0.09328328030776546,135.73432519392065,0.200103509331081,BALANCING
2.152,-1.2371100630846668,-0.09045015470820361,135.52247529588877,0.19973656409751875,BALANCING
2.154,-1.2372878436512087,-0.08762396682219191,135.31060442235005,0.19936972922632462,BALANCING
2.156,-1.2374599788630865,-0.08480471057845107,135.09871351542049,0.199003005969835,BALANCING
2.158,-1.2376264825784984,-0.08199237989228451,134.8868035148667,0.19863639557668472,BALANCING
2.16,-1.237787368643458,-0.07918696866563874,134.674875358108,0.19826989929181144,BALANCING
2.162,-1.2379426508917653,-0.0763884707871636,134.46292998021872,0.19790351835646006,BALANCING
2.164,-1.2380923431449826,-0.07359688013227295,134.25096831393006,0.19753725400818697,BALANCING
2.166,-1.2382364592124058,-0.07081219056320513,134.03899128963255,0.19717110748086436,BALANCING
2.168,-1.23837501289104,-0.0680343959290822,133.82699983537796,0.19680508000468466,BALANCING
2.17,-1.238508017965572,-0.06526349006597072,133.61499487688164,0.19643917280616494,BALANCING
2.172,-1.2386354882083457,-0.06249946679694154,133.4029773375245,0.196073387108151,BALANCING
2.174,-1.2387574373793342,-0.059742319932129216,133.19094813835534,0.19570772412982218,BALANCING
2.176,-1.2388738792261156,-0.0569920432687922,132.9789081980929,0.19534218508669526,BALANCING
2.178,-1.2389848274838466,-0.054248630591372374,132.76685843312816,0.19497677119062923,BALANCING
2.18,-1.2390902958752377,-0.05151207567155423,132.55479975752633,0.19461148364982928,BALANCING
2.182,-1.2391902981105258,-0.0487823722683248,132.34273308302923,0.19424632366885156,BALANCING
2.184,-1.2392848478874519,-0.04605951412803239,132.13065931905734,0.19388129244860736,BALANCING
2.186,-1.2393739588912327,-0.04334349498444651,131.91857937271203,0.19351639118636738,BALANCING
2.188,-1.2394576447945382,-0.04063430855881609,131.70649414877778,0.19315162107576642,BALANCING
2.19,-1.2395359192574649,-0.03793194855992924,131.49440454972432,0.1927869833068076,BALANCING
2.192,-1.2396087959275115,-0.03523640868417196,131.28231147570898,0.19242247906586674,BALANCING
2.194,-1.2396762884395545,-0.03254768261558688,131.0702158245786,0.1920581095356968,BALANCING
2.196,-1.2397384104158233,-0.02986576402593182,130.8581184918721,0.19169387589543235,BALANCING
2.198,-1.2397951754658758,-0.027190646574738762,130.64602037082238,0.1913297793205939,BALANCING
2.2,-1.2398465971865733,-0.024522323909372142,130.43392235235873,0.1909658209830922,BALANCING
2.202,-1.2398926891620576,-0.02186078966508714,130.22182532510908,0.19060200205123298,BALANCING
2.204,-1.2399334649637255,-0.019206037465088067,130.00973017540196,0.19023832368972116,BALANCING
2.206,-1.2399689381502055,-0.01655806092058695,129.79763778726905,0.18987478705966518,BALANCING
2.208,-1.239999122267334,-0.013916853630861049,129.58554904244724,0.18951139331858163,BALANCING
2.21,-1.2400240308481312,-0.011282409183311092,129.37346482038086,0.18914814362039967,BALANCING
2.212,-1.2400436774127768,-0.008654721153519574,129.161385998224,0.18878503911546518,BALANCING
2.214,-1.2400580754685877,-0.006033783105307698,128.9493134508427,0.1884220809505457,BALANCING
2.216,-1.2400672385099936,-0.0034195885907940507,128.73724805081724,0.1880592702688343,BALANCING
2.218,-1.2400711800185138,-0.0008121311504512833,128.5251906684443,0.18769660820995446,BALANCING
2.22,-1.2400699134627347,0.0017885956868357493,128.31314217173932,0.18733409590996442,BALANCING
2.222,-1.2400634522982852,0.004382598403712728,128.10110342643873,0.18697173450136148,BALANCING
2.224,-1.2400518099678155,0.00696988349429871,127.8890752960022,0.18660952511308665,BALANCING
2.226,-1.2400349999009725,0.00955045746412888,127.67705864161488,0.18624746887052893,BALANCING
2.228,-1.2400130355143784,0.012124326830097412,127.46505432218973,0.18588556689552993,BALANCING
2.23,-1.2399859302116072,0.014691498120400484,127.25306319436974,0.18552382030638825,BALANCING
2.232,-1.2399536973831624,0.017251977874479314,127.04108611253025,0.18516223021786404,BALANCING
2.234,-1.2399163504064548,0.019805772642963376,126.82912392878121,0.18480079774118321,BALANCING
2.236,-1.2398739026457801,0.02235288898761418,126.61717749296945,0.18443952398404237,BALANCING
2.238,-1.239826367452296,0.024893333481267616,126.40524765268101,0.18407841005061273,BALANCING
2.24,-1.2397737581640014,0.027427112707778895,126.19333525324338,0.18371745704154516,BALANCING
2.242,-1.239716088105713,0.029954233261964773,125.98144113772784,0.1833566660539743,BALANCING
2.244,-1.239653370589045,0.03247470174954798,125.76956614695176,0.18299603818152307,BALANCING
2.246,-1.2395856189123853,0.034988524787101134,125.55771111948083,0.1826355745143074,BALANCING
2.248,-1.2395128463608764,0.03749570900199032,125.3458768916315,0.18227527613894046,BALANCING
2.25,-1.2394350662063918,0.03999626103231913,125.13406429747313,0.18191514413853727,BALANCING
2.2520000000000002,-1.2393522917075153,0.04249018752687307,124.92227416883043,0.18155517959271927,BALANCING
2.254,-1.23926453610952,0.044977495145063474,124.71050733528571,0.1811953835776187,BALANCING
2.2560000000000002,-1.2391718126443465,0.04745819055687181,124.49876462418122,0.1808357571658831,BALANCING
2.258,-1.2390741345305825,0.049932280442794394,124.28704686062149,0.18047630142668006,BALANCING
2.2600000000000002,-1.238971514973441,0.05239977149378642,124.07535486747562,0.18011701742570133,BALANCING
2.262,-1.2388639671647403,0.054860670411207214,123.86368946537962,0.17975790622516766,BALANCING
2.2640000000000002,-1.238751504282883,0.05731498390676442,123.65205147273878,0.17939896888383328,BALANCING
2.266,-1.2386341394928344,0.05976271870245895,123.44044170572994,0.1790402064569902,BALANCING
2.2680000000000002,-1.2385118859461037,0.062203881530530004,123.2288609783039,0.178681619996473,BALANCING
2.27,-1.2383847567807225,0.06463847913340007,123.0173101021877,0.17832321055066325,BALANCING
2.2720000000000002,-1.238252765121224,0.06706651826361977,122.805789886887,0.17796497916449386,BALANCING
2.274,-1.2381159240786241,0.06948800568381372,122.59430113968847,0.177606926879454,BALANCING
2.2760000000000002,-1.2379742467504011,0.07190294816662517,122.382844665662,0.17724905473359331,BALANCING
2.278,-1.2378277462204739,0.07431135249466164,122.17142126766329,0.1768913637615265,BALANCING
2.2800000000000002,-1.2376764355591847,0.07671322546044089,121.96003174633593,0.1765338549944381,BALANCING
2.282,-1.237520327823278,0.07910857386633553,121.74867690011399,0.1761765294600866,BALANCING
2.2840000000000003,-1.2373594360558806,0.08149740452451995,121.53735752522428,0.1758193881828095,BALANCING
2.286,-1.2371937732864826,0.08387972425691498,121.32607441568875,0.1754624321835273,BALANCING
2.2880000000000003,-1.2370233525309178,0.08625553989513499,121.1148283633268,0.1751056624797486,BALANCING
2.29,-1.2368481867913446,0.08862485828043275,120.90362015775777,0.17474908008557422,BALANCING
2.2920000000000003,-1.2366682890562262,0.09098768626364642,120.69245058640318,0.174392686011702,BALANCING
2.294,-1.2364836723003123,0.09334403070514519,120.48132043448925,0.1740364812654312,BALANCING
2.2960000000000003,-1.2362943494846197,0.09569389847477625,120.27023048504915,0.17368046685066724,BALANCING
2.298,-1.2361003335564127,0.0980372964518104,120.05918151892553,0.17332464376792606,BALANCING
2.3000000000000003,-1.2359016374491858,0.10037423152488936,119.84817431477273,0.17296901301433898,BALANCING
2.302,-1.2356982740826437,0.1027047105919717,119.63720964905937,0.17261357558365684,BALANCING
2.3040000000000003,-1.2354902563626833,0.1050287405602801,119.42628829607058,0.17225833246625494,BALANCING
2.306,-1.2352775971813754,0.10734632834624781,119.2154110279105,0.17190328464913743,BALANCING
2.308,-1.2350603094169457,0.10965748087546588,119.0045786145047,0.17154843311594198,BALANCING
2.31,-1.2348384059337572,0.11196220508263006,118.79379182360239,0.17119377884694423,BALANCING
2.312,-1.2346118995822914,0.1142605079114877,118.58305142077911,0.17083932281906244,BALANCING
2.314,-1.2343808031991315,0.11655239631478526,118.37235816943894,0.1704850660058622,BALANCING
2.316,-1.2341451296069426,0.1188378772542154,118.16171283081698,0.17013100937756076,BALANCING
2.318,-1.233904891614455,0.12111695770036468,117.95111616398177,0.16977715390103174,BALANCING
2.32,-1.233660102016447,0.12338964463266086,117.74056892583766,0.16942350053980976,BALANCING
2.322,-1.2334107735937259,0.12565594503932087,117.53007187112735,0.16907005025409502,BALANCING
2.324,-1.2331569191131115,0.1279158659172977,117.31962575243415,0.16871680400075778,BALANCING
2.326,-1.232898551327418,0.13016941427222933,117.10923132018452,0.16836376273334308,BALANCING
2.328,-1.2326356829754377,0.13241659711838563,116.89888932265048,0.1680109274020752,BALANCING
2.33,-1.2323683267819223,0.1346574214786173,116.68860050595202,0.16765829895386253,BALANCING
2.332,-1.2320964954575673,0.13689189438430305,116.47836561405956,0.16730587833230173,BALANCING
2.334,-1.2318202016989939,0.13912002287529868,116.26818538879637,0.16695366647768278,BALANCING
2.336,-1.2315394581887327,0.14134181399988488,116.058060569841,0.1666016643269933,BALANCING
2.338,-1.2312542775952067,0.14355727481471595,115.84799189472977,0.16624987281392323,BALANCING
2.34,-1.2309646725727146,0.1457664123847678,115.63798009885915,0.16589829286886948,BALANCING
2.342,-1.2306706557614142,0.14796923378328727,115.42802591548826,0.1655469254189405,BALANCING
2.344,-1.2303722397873065,0.15016574609174027,115.21813007574131,0.16519577138796085,BALANCING
2.346,-1.2300694372622176,0.1523559563997609,115.00829330861005,0.16484483169647587,BALANCING
2.348,-1.2297622607837848,0.1545398718051004,114.79851634095621,0.16449410726175634,BALANCING
2.35,-1.2294507229354386,0.15671749941357607,114.58879989751397,0.16414359899780298,BALANCING
2.352,-1.2291348362863872,0.15888884633902006,114.37914470089243,0.16379330781535112,BALANCING
2.354,-1.228814613391601,0.16105391970322921,114.16955147157807,0.1634432346218753,BALANCING
2.356,-1.2284900667917957,0.16321272663591407,113.96002092793721,0.16309338032159398,BALANCING
2.358,-1.2281612090134177,0.1653652742746479,113.75055378621849,0.16274374581547404,BALANCING
2.36,-1.2278280525686274,0.16751156976481707,113.54115076055533,0.16239433200123551,BALANCING
2.362,-1.2274906099552843,0.1696516202595697,113.3318125629684,0.16204513977335608,BALANCING
2.364,-1.227148893656931,0.17178543291976608,113.1225399033681,0.16169617002307582,BALANCING
2.366,-1.226802916142779,0.17391301491392833,112.91333348955706,0.1613474236384018,BALANCING
2.368,-1.2264526898676913,0.17603437341818998,112.7041940272326,0.16099890150411267,BALANCING
2.37,-1.2260982272721694,0.17814951561624612,112.49512221998921,0.1606506045017633,BALANCING
2.372,-1.225739540782337,0.18025844869930402,112.28611876932104,0.1603025335096895,BALANCING
2.374,-1.2253766428099253,0.1823611798660325,112.07718437462441,0.15995468940301258,BALANCING
2.376,-1.2250095457522583,0.18445771632251284,111.86831973320024,0.15960707305364397,BALANCING
2.378,-1.2246382619922378,0.1865480652821887,111.65952554025661,0.15925968533028984,BALANCING
2.38,-1.2242628038983292,0.18863223396581721,111.45080248891125,0.15891252709845588,BALANCING
2.382,-1.2238831838245463,0.190710229601419,111.24215127019397,0.1585655992204518,BALANCING
2.384,-1.223499414110437,0.1927820594242293,111.03357257304926,0.158218902555396,BALANCING
2.386,-1.2231115070810685,0.1948477306766484,110.82506708433866,0.15787243795922018,BALANCING
2.388,-1.2227194750470152,0.19690725060819297,110.6166354888434,0.15752620628467418,BALANCING
2.39,-1.222323330304341,0.19896062647544646,110.40827846926686,0.15718020838133034,BALANCING
2.392,-1.2219230851345881,0.20100786554201078,110.19999670623703,0.1568344450955884,BALANCING
2.394,-1.2215187518047617,0.2030489750784571,109.99179087830906,0.1564889172706799,BALANCING
2.396,-1.2211103425673167,0.20508396236227736,109.78366166196778,0.1561436257466731,BALANCING
2.398,-1.2206978696601432,0.20711283467783542,109.57560973163022,0.15579857136047737,BALANCING
2.4,-1.2202813453065533,0.209135599316319,109.3676357596481,0.15545375494584812,BALANCING
2.402,-1.2198607817152678,0.2111522635756905,109.15974041631034,0.15510917733339114,BALANCING
2.404,-1.219436191080402,0.21316283476063946,108.95192436984564,0.1547648393505675,BALANCING
2.406,-1.2190075855814524,0.21516732018253373,108.74418828642493,0.15442074182169813,BALANCING
2.408,-1.2185749773832844,0.21716572715937182,108.53653283016395,0.1540768855679684,BALANCING
2.41,-1.2181383786361175,0.2191580630157348,108.32895866312579,0.15373327140743293,BALANCING
2.412,-1.2176978014755133,0.22114433508273776,108.12146644532335,0.15338990015502008,BALANCING
2.414,-1.2172532580223625,0.22312455069798284,107.91405683472192,0.15304677262253674,BALANCING
2.416,-1.216804760382871,0.22509871720551114,107.70673048724171,0.15270388961867296,BALANCING
2.418,-1.2163523206485487,0.2270668419557546,107.49948805676038,0.15236125194900652,BALANCING
2.42,-1.2158959508961948,0.22902893230548946,107.29233019511558,0.15201886041600773,BALANCING
2.422,-1.2154356631878867,0.23098499561778785,107.08525755210749,0.15167671581904404,BALANCING
2.424,-1.2149714695709668,0.23293503926197098,106.87827077550136,0.15133481895438464,BALANCING
2.426,-1.2145033820780302,0.23487907061356209,106.67137051103008,0.1509931706152052,BALANCING
2.428,-1.2140314127269125,0.23681709705423845,106.46455740239664,0.15065177159159251,BALANCING
2.43,-1.213555573520677,0.2387491259717853,106.25783209127677,0.15031062267054918,BALANCING
2.432,-1.2130758764476033,0.24067516476004852,106.05119521732148,0.1499697246359983,BALANCING
2.434,-1.2125923334811743,0.24259522081888707,105.84464741815955,0.149629078268788,BALANCING
2.436,-1.2121049565800655,0.24450930155412753,105.63818932940015,0.1492886843466963,BALANCING
2.438,-1.2116137576881318,0.24641741437751633,105.43182158463534,0.1489485436444356,BALANCING
2.44,-1.2111187487343964,0.24831956670667396,105.22554481544269,0.14860865693365757,BALANCING
2.442,-1.2106199416330392,0.2502157659650477,105.01935965138775,0.14826902498295755,BALANCING
2.444,-1.210117348283385,0.2521060195818662,104.81326672002669,0.14792964855787943,BALANCING
2.446,-1.2096109805698911,0.2539903349920925,104.60726664690887,0.1475905284209203,BALANCING
2.448,-1.2091008503621383,0.25586871963637814,104.40136005557929,0.14725166533153503,BALANCING
2.45,-1.2085869695148166,0.2577411809610168,104.19554756758129,0.1469130600461409,BALANCING
2.452,-1.2080693498677162,0.2596077264178987,103.98982980245906,0.14657471331812263,BALANCING
2.454,-1.2075480032457153,0.26146836346446467,103.78420737776018,0.1462366258978365,BALANCING
2.456,-1.2070229414587692,0.26332309956366,103.57868090903823,0.14589879853261553,BALANCING
2.458,-1.2064941763018997,0.265171942183889,103.37325100985538,0.14556123196677387,BALANCING
2.46,-1.2059617195551837,0.2670148987989695,103.16791829178491,0.14522392694161154,BALANCING
2.462,-1.205425582983743,0.2688519768880871,102.96268336441382,0.14488688419541912,BALANCING
2.464,-1.204885778337733,0.27068318393575,102.75754683534541,0.14455010446348251,BALANCING
2.466,-1.2043423173523322,0.2725085274317434,102.55250931020181,0.1442135884780874,BALANCING
2.468,-1.2037952117477324,0.27432801487108494,102.34757139262669,0.14387733696852426,BALANCING
2.47,-1.2032444732291279,0.2761416537539785,102.14273368428766,0.14354135066109266,BALANCING
2.472,-1.2026901134867043,0.27794945158577006,101.93799678487899,0.1432056302791062,BALANCING
2.474,-1.2021321441956296,0.2797514158769026,101.73336129212414,0.14287017654289716,BALANCING
2.476,-1.2015705770160434,0.2815475541428713,101.52882780177839,0.14253499016982107,BALANCING
2.478,-1.2010054235930472,0.2833378739041783,101.32439690763138,0.14220007187426154,BALANCING
2.48,-1.2004366955566934,0.28512238268628876,101.1200692015097,0.14186542236763475,BALANCING
2.482,-1.1998644045219768,0.2869010880195858,100.9158452732795,0.1415310423583943,BALANCING
2.484,-1.199288562088824,0.28867399743932665,100.71172571084912,0.14119693255203591,BALANCING
2.486,-1.1987091798420841,0.2904411184855977,100.50771110017165,0.14086309365110194,BALANCING
2.488,-1.1981262693515184,0.29220245870327033,100.30380202524746,0.1405295263551862,BALANCING
2.49,-1.1975398421717918,0.29395802564195717,100.09999906812692,0.14019623136093856,BALANCING
2.492,-1.1969499098424625,0.2957078268559675,99.89630280891292,0.13986320936206967,BALANCING
2.494,-1.1963564838879739,0.2974518699042638,99.6927138257635,0.13953046104935565,BALANCING
2.496,-1.1957595758176436,0.2991901623504177,99.48923269489445,0.1391979871106428,BALANCING
2.498,-1.1951591971256554,0.3009227117625658,99.28585999058188,0.1388657882308522,BALANCING
2.5,-1.1945553592910505,0.3026495257133666,99.08259628516487,0.13853386509198443,BALANCING
2.5020000000000002,-1.1939480737777175,0.30437061177995667,98.87944214904806,0.13820221837312435,BALANCING
2.504,-1.193337352034384,0.3060859775439068,98.67639815070424,0.13787084875044556,BALANCING
2.5060000000000002,-1.1927232054946073,0.3077956305911795,98.47346485667698,0.13753975689721537,BALANCING
2.508,-1.1921056455767673,0.3094995785120845,98.27064283158326,0.13720894348379922,BALANCING
2.5100000000000002,-1.1914846836840556,0.3111978289012367,98.06793263811599,0.13687840917766547,BALANCING
2.512,-1.1908603312044683,0.3128903893575126,97.86533483704675,0.1365481546433903,BALANCING
2.5140000000000002,-1.1902325995107974,0.3145772674840068,97.66284998722827,0.13621818054266188,BALANCING
2.516,-1.189601499960622,0.3162584708879897,97.46047864559722,0.13588848753428556,BALANCING
2.5180000000000002,-1.1889670438963003,0.3179340071808647,97.25822136717665,0.1355590762741883,BALANCING
2.52,-1.1883292426449612,0.3196038839781251,97.05607870507866,0.13522994741542346,BALANCING
2.5220000000000002,-1.1876881075184966,0.3212681088993117,96.85405121050711,0.1349011016081754,BALANCING
2.524,-1.1870436498135528,0.32292668956796994,96.6521394327601,0.13457253949976408,BALANCING
2.5260000000000002,-1.186395880811523,0.3245796336116082,96.45034391923271,0.13424426173465004,BALANCING
2.528,-1.1857448117785383,0.3262269486616544,96.24866521541954,0.13391626895443884,BALANCING
2.5300000000000002,-1.1850904539654619,0.3278686423534148,96.04710386491737,0.1335885617978857,BALANCING
2.532,-1.1844328186078794,0.329504722326031,95.84566040942784,0.13326114090090055,BALANCING
2.5340000000000003,-1.1837719169260927,0.33113519622243826,95.6443353887599,0.1329340068965521,BALANCING
2.536,-1.1831077601251119,0.33276007168932353,95.44312934083266,0.13260716041507317,BALANCING
2.5380000000000003,-1.1824403593946469,0.3343793563770835,95.24204280167785,0.13228060208386494,BALANCING
2.54,-1.1817697259091013,0.3359930579397829,95.04107630544254,0.13195433252750174,BALANCING
2.5420000000000003,-1.1810958708275654,0.33760118403511247,94.84023038439175,0.13162835236773587,BALANCING
2.544,-1.1804188052938072,0.33920374232434797,94.63950556891103,0.1313026622235021,BALANCING
2.5460000000000003,-1.1797385404362668,0.340800740472308,94.43890238750919,0.13097726271092247,BALANCING
2.548,-1.1790550873680492,0.3423921861473131,94.23842136682082,0.13065215444331085,BALANCING
2.5500000000000003,-1.1783684571869166,0.3439780870211441,94.03806303160903,0.13032733803117771,BALANCING
2.552,-1.177678660975282,0.34555845076900127,93.837827904768,0.13000281408223485,BALANCING
2.5540000000000003,-1.176985709800203,0.3471332850694627,93.6377165073257,0.12967858320139997,BALANCING
2.556,-1.1762896147133735,0.3487025976044437,93.43772935844648,0.1293546459908014,BALANCING
2.5580000000000003,-1.1755903867511188,0.35026639605915555,93.23786697543365,0.1290310030497828,BALANCING
2.56,-1.1748880369343884,0.3518246881220647,93.03812987373223,0.1287076549749077,BALANCING
2.562,-1.1741825762687483,0.3533774814848523,92.83851856693155,0.1283846023599644,BALANCING
2.564,-1.1734740157443773,0.3549247838423733,92.63903356676785,0.12806184579597055,BALANCING
2.566,-1.172762366336058,0.35646660289261567,92.43967538312697,0.12773938587117767,BALANCING
2.568,-1.1720476390031724,0.3580029463366605,92.24044452404698,0.12741722317107618,BALANCING
2.57,-1.1713298446896945,0.3595338218786408,92.04134149572081,0.12709535827839968,BALANCING
2.572,-1.1706089943241849,0.36105923722570193,91.84236680249892,0.1267737917731299,BALANCING
2.574,-1.1698850988197855,0.3625792000879612,91.64352094689194,0.1264525242325013,BALANCING
2.576,-1.1691581690742119,0.3640937181784675,91.44480442957328,0.12613155623100566,BALANCING
2.578,-1.168428215969749,0.3656027992131615,91.24621774938183,0.12581088834039686,BALANCING
2.58,-1.167695250373245,0.36710645091083616,91.04776140332457,0.12549052112969555,BALANCING
2.582,-1.1669592831361046,0.3686046809930959,90.84943588657927,0.1251704551651938,BALANCING
2.584,-1.1662203250942855,0.3700974971843174,90.65124169249705,0.1248506910104596,BALANCING
2.586,-1.165478387068291,0.3715849072116102,90.45317931260513,0.12453122922634194,BALANCING
2.588,-1.1647334798631654,0.3730669188047769,90.2552492366094,0.12421207037097501,BALANCING
2.59,-1.1639856142684886,0.3745435396962736,90.05745195239716,0.12389321499978324,BALANCING
2.592,-1.163234801058371,0.3760147776211707,89.85978794603965,0.12357466366548576,BALANCING
2.594,-1.1624810509914483,0.37748064031711354,89.66225770179484,0.12325641691810114,BALANCING
2.596,-1.1617243748108754,0.37894113552428327,89.46486170210997,0.12293847530495204,BALANCING
2.598,-1.1609647832443228,0.38039627098535755,89.2676004276243,0.12262083937066988,BALANCING
2.6,-1.1602022870039714,0.3818460544454718,89.07047435717168,0.12230350965719951,BALANCING
2.602,-1.1594368967865065,0.3832904936521803,88.8734839677833,0.1219864867038039,BALANCING
2.604,-1.158668623273114,0.3847295963554173,88.67662973469024,0.12166977104706873,BALANCING
2.606,-1.1578974771294757,0.38616337030745806,88.47991213132619,0.12135336322090715,BALANCING
2.608,-1.1571234690057641,0.38759182326288055,88.28333162933014,0.12103726375656436,BALANCING
2.61,-1.1563466095366386,0.3890149629785267,88.08688869854898,0.12072147318262232,BALANCING
2.612,-1.15556690934124,0.3904327972134641,87.89058380704014,0.12040599202500438,BALANCING
2.614,-1.1547843790231866,0.3918453337289475,87.69441742107438,0.12009082080698001,BALANCING
2.616,-1.1539990291705708,0.3932525802883807,87.49839000513826,0.11977596004916934,BALANCING
2.618,-1.1532108703559534,0.39465454465727806,87.302502021937,0.1194614102695479,BALANCING
2.62,-1.1524199131363595,0.3960512346032268,87.10675393239696,0.11914717198345126,BALANCING
2.622,-1.1516261680532758,0.3974426578958487,86.91114619566841,0.11883324570357968,BALANCING
2.624,-1.1508296456326448,0.39882882230676237,86.71567926912824,0.11851963194000284,BALANCING
2.626,-1.1500303563848626,0.4002097356095453,86.52035360838248,0.11820633120016431,BALANCING
2.628,-1.1492283108047734,0.4015854055796964,86.32516966726907,0.11789334398888639,BALANCING
2.63,-1.1484235193716668,0.4029558399945979,86.13012789786045,0.11758067080837467,BALANCING
2.632,-1.1476159925492733,0.40432104663347823,85.93522875046634,0.11726831215822268,BALANCING
2.634,-1.1468057407857615,0.4056810332773744,85.74047267363629,0.11695626853541659,BALANCING
2.636,-1.1459927745137342,0.40703580770909464,85.5458601141624,0.11664454043433983,BALANCING
2.638,-1.1451771041502241,0.40838537771318095,85.35139151708198,0.11633312834677767,BALANCING
2.64,-1.1443587400966915,0.4097297510758724,85.15706732568023,0.11602203276192204,BALANCING
2.642,-1.1435376927390204,0.4110689355850675,84.96288798149287,0.11571125416637597,BALANCING
2.644,-1.1427139724475153,0.4124029390302876,84.76885392430884,0.11540079304415837,BALANCING
2.646,-1.1418875895768983,0.41373176920263954,84.57496559217297,0.11509064987670865,BALANCING
2.648,-1.141058554466305,0.41505543389477934,84.38122342138863,0.11478082514289129,BALANCING
2.65,-1.1402268774392827,0.4163739409008752,84.1876278465204,0.11447131931900062,BALANCING
2.652,-1.1393925688037865,0.4176872980165707,83.99417930039675,0.11416213287876527,BALANCING
2.654,-1.1385556388521771,0.41899551303894833,83.80087821411273,0.11385326629335299,BALANCING
2.656,-1.1377160978612175,0.42029859376649337,83.60772501703259,0.11354472003137517,BALANCING
2.658,-1.1368739560920702,0.4215965479990571,83.4147201367925,0.11323649455889155,BALANCING
2.66,-1.1360292237902943,0.42288938353782074,83.22186399930317,0.11292859033941477,BALANCING
2.662,-1.1351819111858434,0.4241771081852591,83.02915702875258,0.1126210078339151,BALANCING
2.664,-1.1343320284930631,0.42545972974510443,82.83659964760861,0.11231374750082493,BALANCING
2.666,-1.1334795859106888,0.4267372560223107,82.64419227662172,0.11200680979604363,BALANCING
2.668,-1.1326245936218415,0.42800969482301743,82.45193533482764,0.11170019517294193,BALANCING
2.67,-1.1317670617940276,0.4292770539545139,82.25982923955,0.11139390408236666,BALANCING
2.672,-1.1309070005791355,0.4305393412252033,82.06787440640308,0.1110879369726455,BALANCING
2.674,-1.130044420113434,0.4317965644445673,81.8760712492944,0.11078229428959131,BALANCING
2.676,-1.1291793305175697,0.4330487314231303,81.68442018042742,0.11047697647650705,BALANCING
2.678,-1.1283117418965651,0.4342958499724237,81.49292161030425,0.11017198397419017,BALANCING
2.68,-1.1274416643398166,0.4355379279049512,81.30157594772827,0.10986731722093741,BALANCING
2.682,-1.1265691079210929,0.4367749730341528,81.11038359980682,0.10956297665254933,BALANCING
2.684,-1.1256940826985327,0.4380069931743698,80.91934497195392,0.10925896270233486,BALANCING
2.686,-1.1248165987146432,0.43923399614081005,80.7284604678929,0.1089552758011161,BALANCING
2.688,-1.1239366659962986,0.4404559897495122,80.53773048965903,0.1086519163772328,BALANCING
2.69,-1.123054294554738,0.4416729818173112,80.34715543760231,0.10834888485654696,BALANCING
2.692,-1.122169494385564,0.44288498016180333,80.15673571039002,0.1080461816624475,BALANCING
2.694,-1.1212822754687415,0.4440919926013118,79.96647170500954,0.10774380721585491,BALANCING
2.696,-1.1203926477685964,0.445294026954851,79.77636381677083,0.10744176193522573,BALANCING
2.698,-1.1195006212338128,0.44649109104209295,79.58641243930929,0.10714004623655722,BALANCING
2.7,-1.1186062057974346,0.4476831926833325,79.39661796458834,0.10683866053339205,BALANCING
2.702,-1.117709411376861,0.44887033969945245,79.20698078290212,0.10653760523682272,BALANCING
2.704,-1.1168102478738478,0.45005253991189004,79.01750128287813,0.10623688075549638,BALANCING
2.706,-1.115908725174505,0.45122980114260164,78.82817985147997,0.1059364874956192,BALANCING
2.708,-1.1150048531492966,0.4524021312140296,78.63901687400995,0.10563642586096117,BALANCING
2.71,-1.1140986416530394,0.4535695379490674,78.45001273411184,0.10533669625286055,BALANCING
2.712,-1.1131901005249014,0.45473202917102645,78.26116781377344,0.10503729907022859,BALANCING
2.714,-1.1122792395884022,0.4558896127036013,78.07248249332939,0.10473823470955403,BALANCING
2.716,-1.1113660686514115,0.4570422963708362,77.88395715146368,0.10443950356490768,BALANCING
2.718,-1.1104505975061492,0.4581900879970916,77.69559216521247,0.1041411060279471,BALANCING
2.72,-1.1095328359291834,0.45933299540701006,77.50738790996674,0.10384304248792113,BALANCING
2.722,-1.1086127936814314,0.46047102642548315,77.3193447594749,0.10354531333167448,BALANCING
2.724,-1.1076904805081584,0.4616041888776177,77.13146308584548,0.10324791894365229,BALANCING
2.726,-1.1067659061389772,0.46273249058870247,76.94374325954988,0.10295085970590477,BALANCING
2.728,-1.1058390802878477,0.4638559393841748,76.75618564942494,0.10265413599809177,BALANCING
2.73,-1.1049100126530778,0.46497454308958736,76.56879062267572,0.10235774819748727,BALANCING
2.732,-1.1039787129173215,0.4660883095305751,76.38155854487809,0.10206169667898411,BALANCING
2.734,-1.1030451907475798,0.4671972465328223,76.19448977998144,0.10176598181509842,BALANCING
2.736,-1.1021094557952003,0.46830136192202965,76.00758469031136,0.10147060397597432,BALANCING
2.738,-1.1011715176958772,0.4694006635238808,75.8208436365723,0.10117556352938835,BALANCING
2.74,-1.1002313860696524,0.4704951591640106,75.63426697785027,0.10088086084075415,BALANCING
2.742,-1.0992890705209135,0.4715848566679713,75.44785507161546,0.10058649627312703,BALANCING
2.744,-1.0983445806383962,0.47266976386120074,75.261608273725,0.10029247018720847,BALANCING
2.746,-1.0973979259951827,0.4737498885689895,75.07552693842554,0.0999987829413507,BALANCING
2.748,-1.096449116148704,0.4748252386164483,74.88961141835597,0.09970543489156125,BALANCING
2.75,-1.0954981606407381,0.4758958218284763,74.70386206455012,0.09941242639150764,BALANCING
2.7520000000000002,-1.0945450689974123,0.476961646029728,74.51827922643942,0.09911975779252179,BALANCING
2.754,-1.0935898507292026,0.47802271904458143,74.33286325185549,0.09882742944360454,BALANCING
2.7560000000000002,-1.0926325153309353,0.4790790486971062,74.14761448703293,0.09853544169143037,BALANCING
2.758,-1.0916730722817862,0.4801306428110312,73.96253327661194,0.09824379488035184,BALANCING
2.7600000000000002,-1.090711531045283,0.4811775092097127,73.777619963641,0.09795248935240415,BALANCING
2.762,-1.0897479010693045,0.482219655716103,73.59287488957953,0.09766152544730974,BALANCING
2.7640000000000002,-1.0887821917860827,0.48325709015271784,73.40829839430057,0.09737090350248276,BALANCING
2.766,-1.0878144126122031,0.48428982034160545,73.22389081609346,0.09708062385303369,BALANCING
2.7680000000000002,-1.0868445729486054,0.48531785410431444,73.0396524916665,0.09679068683177382,BALANCING
2.77,-1.0858726821805855,0.4863411992618626,72.85558375614966,0.09650109276921978,BALANCING
2.7720000000000002,-1.0848987496777953,0.4873598636347055,72.67168494309713,0.0962118419935982,BALANCING
2.774,-1.0839227847942452,0.4883738550427048,72.48795638449018,0.0959229348308501,BALANCING
2.7760000000000002,-1.0829447968683044,0.4893831813050974,72.30439841073967,0.09563437160463546,BALANCING
2.778,-1.0819647952227023,0.49038785024046394,72.1210113506888,0.09534615263633779,BALANCING
2.7800000000000002,-1.0809827891645303,0.49138786966669823,71.93779553161573,0.09505827824506867,BALANCING
2.782,-1.0799987879852426,0.49238324740097555,71.75475127923633,0.0947707487476722,BALANCING
2.7840000000000003,-1.0790128009606585,0.4933739912597222,71.57187891770673,0.09448356445872957,BALANCING
2.786,-1.0780248373509629,0.49436010905858463,71.38917876962611,0.09419672569056367,BALANCING
2.7880000000000003,-1.0770349064007088,0.4953416086123983,71.2066511560393,0.09391023275324338,BALANCING
2.79,-1.076043017338818,0.4963184977351577,71.02429639643944,0.09362408595458832,BALANCING
2.7920000000000003,-1.0750491793785841,0.49729078423998513,70.84211480877069,0.09333828560017327,BALANCING
2.794,-1.0740534017176733,0.49825847593910066,70.66010670943086,0.09305283199333268,BALANCING
2.7960000000000003,-1.073055693538126,0.4992215806437912,70.47827241327413,0.09276772543516518,BALANCING
2.798,-1.0720560640063599,0.5001801061643807,70.29661223361362,0.0924829662245381,BALANCING
2.8000000000000003,-1.0710545222731709,0.5011340603101995,70.11512648222414,0.09219855465809196,BALANCING
2.802,-1.070051077473736,0.5020834508895545,69.93381546934485,0.09191449103024503,BALANCING
2.8040000000000003,-1.069045738727614,0.5030282857096988,69.75267950368189,0.09163077563319773,BALANCING
2.806,-1.068038515138749,0.503968572576802,69.57171889241106,0.09134740875693725,BALANCING
2.8080000000000003,-1.0670294157954725,0.5049043192959197,69.39093394118045,0.09106439068924198,BALANCING
2.81,-1.0660184497705043,0.5058355336709643,69.21032495411319,0.09078172171568591,BALANCING
2.8120000000000003,-1.0650056261209566,0.5067622235046751,69.02989223381003,0.0904994021196434,BALANCING
2.814,-1.0639909538883352,0.5076843965985882,68.84963608135205,0.09021743218229333,BALANCING
2.816,-1.0629744420985427,0.5086020607530073,68.66955679630325,0.08993581218262386,BALANCING
2.818,-1.0619560997618798,0.5095152237669743,68.48965467671336,0.0896545423974367,BALANCING
2.82,-1.0609359358730497,0.5104238934382398,68.30993001912029,0.08937362310135182,BALANCING
2.822,-1.0599139594111586,0.5113280775632333,68.13038311855298,0.08909305456681169,BALANCING
2.824,-1.0588901793397207,0.5122277839370345,67.951014268534,0.08881283706408598,BALANCING
2.826,-1.0578646046066582,0.5131230203533439,67.77182376108213,0.08853297086127586,BALANCING
2.828,-1.0568372441443068,0.5140137946044536,67.59281188671514,0.08825345622431856,BALANCING
2.83,-1.055808106869417,0.5149001144812189,67.41397893445235,0.08797429341699184,BALANCING
2.832,-1.054777201683157,0.515781987773028,67.23532519181734,0.08769548270091844,BALANCING
2.834,-1.053744537471116,0.5166594222677747,67.0568509448406,0.08741702433557054,BALANCING
2.836,-1.052710123103308,0.5175324257518288,66.87855647806222,0.08713891857827422,BALANCING
2.838,-1.051673967434173,0.5184010060100075,66.70044207453442,0.08686116568421395,BALANCING
2.84,-1.0506360793025822,0.5192651708255467,66.52250801582437,0.086583765906437,BALANCING
2.842,-1.0495964675318397,0.520124927980073,66.34475458201672,0.08630671949585796,BALANCING
2.844,-1.048555140929686,0.5209802852535746,66.16718205171631,0.0860300267012631,BALANCING
2.846,-1.0475121082883025,0.5218312504243734,65.98979070205083,0.08575368776931493,BALANCING
2.848,-1.0464673783843133,0.5226778312690962,65.81258080867342,0.08547770294455659,BALANCING
2.85,-1.045420959978789,0.5235200355626473,65.6355526457654,0.08520207246941629,BALANCING
2.852,-1.0443728618172514,0.5243578710781793,65.45870648603884,0.08492679658421172,BALANCING
2.854,-1.0433230926296755,0.5251913455870663,65.28204260073926,0.08465187552715456,BALANCING
2.856,-1.0422716611304934,0.5260204668588748,65.10556125964828,0.0843773095343549,BALANCING
2.858,-1.0412185760185986,0.5268452426613368,64.92926273108624,0.08410309883982565,BALANCING
2.86,-1.0401638459773495,0.527665680760321,64.75314728191483,0.08382924367548697,BALANCING
2.862,-1.0391074796745727,0.528481788919806,64.57721517753987,0.08355574427117071,BALANCING
2.864,-1.038049485762567,0.529293574901852,64.40146668191373,0.08328260085462486,BALANCING
2.866,-1.036989872878108,0.5301010464665739,64.2259020575382,0.0830098136515179,BALANCING
2.868,-1.0359286496424502,0.5309042113721127,64.05052156546701,0.08273738288544336,BALANCING
2.87,-1.0348658246613334,0.5317030773746096,63.87532546530848,0.08246530877792403,BALANCING
2.872,-1.0338014065249848,0.5324976522281775,63.700314015228194,0.08219359154841661,BALANCING
2.874,-1.0327354038081238,0.5332879436848739,63.52548747195166,0.0819222314143159,BALANCING
2.876,-1.0316678250699665,0.5340739594946747,63.35084609076689,0.08165122859095943,BALANCING
2.878,-1.030598678854229,0.534855707405446,63.176390125527114,0.08138058329163168,BALANCING
2.88,-1.0295279736891327,0.5356331951629173,63.002119828653356,0.08111029572756855,BALANCING
2.882,-1.0284557180874077,0.5364064305106551,62.82803545113711,0.08084036610796183,BALANCING
2.884,-1.0273819205462975,0.5371754211900358,62.65413724254298,0.08057079463996347,BALANCING
2.886,-1.0263065895475638,0.5379401749402185,62.48042545101128,0.08030158152869007,BALANCING
2.888,-1.0252297335574903,0.538700699498119,62.30690032326072,0.08003272697722726,BALANCING
2.89,-1.0241513610268875,0.539457002598383,62.133562104591014,0.07976423118663406,BALANCING
2.892,-1.0230714803910972,0.5402090919733591,61.960411038885525,0.07949609435594727,BALANCING
2.894,-1.0219901000699978,0.5409569753530729,61.7874473686139,0.07922831668218598,BALANCING
2.896,-1.0209072284680076,0.5417006604652002,61.614671334834675,0.07896089836035565,BALANCING
2.898,-1.019822873974091,0.5424401550350414,61.442083177197965,0.0786938395834528,BALANCING
2.9,-1.0187370449617623,0.5431754667854944,61.269683133948035,0.07842714054246928,BALANCING
2.902,-1.0176497497890904,0.5439066034370293,61.097471441925975,0.07816080142639656,BALANCING
2.904,-1.0165609967987048,0.5446335727076614,60.925448336572295,0.07789482242223018,BALANCING
2.906,-1.0154707943177999,0.5453563823129264,60.7536140519296,0.0776292037149742,BALANCING
2.908,-1.014379150658139,0.5460750399658529,60.581968820645166,0.0773639454876453,BALANCING
2.91,-1.0132860741160614,0.5467895533769386,60.41051287397359,0.07709904792127746,BALANCING
2.912,-1.0121915729724857,0.5474999302541228,60.23924644177942,0.0768345111949261,BALANCING
2.914,-1.011095655492916,0.5482061783027615,60.06816975253978,0.07657033548567248,BALANCING
2.916,-1.0099983299274462,0.5489083052256021,59.897283033347,0.07630652096862814,BALANCING
2.918,-1.0088996045107665,0.5496063187227569,59.72658650991121,0.07604306781693916,BALANCING
2.92,-1.0077994874621679,0.5503002264916788,59.556080406562984,0.07577997620179053,BALANCING
2.922,-1.0066979869855464,0.5509900362271349,59.38576494625598,0.07551724629241045,BALANCING
2.924,-1.005595111269411,0.5516757556211823,59.21564035056952,0.07525487825607484,BALANCING
2.926,-1.0044908684868874,0.552357392363142,59.04570683971122,0.07499287225811138,BALANCING
2.928,-1.0033852667957237,0.5530349541395739,58.87596463251963,0.07473122846190416,BALANCING
2.93,-1.0022783143382958,0.5537084486342524,58.70641394646684,0.07446994702889781,BALANCING
2.932,-1.0011700192416138,0.5543778835281405,58.53705499766108,0.07420902811860187,BALANCING
2.934,-1.0000603896173275,0.555043266499366,58.367888000849355,0.07394847188859517,BALANCING
2.936,-0.9989494335617307,0.5557046052231953,58.19891316942005,0.0736882784945301,BALANCING
2.938,-0.9978371591557689,0.5563619073720099,58.03013071540556,0.07342844809013693,BALANCING
2.94,-0.9967235744650439,0.5570151806152809,57.86154084948485,0.07316898082722816,BALANCING
2.942,-0.9956086875398201,0.5576644326195451,57.693143780986134,0.07290987685570276,BALANCING
2.944,-0.9944925064150301,0.5583096710483801,57.524939717889424,0.07265113632355057,BALANCING
2.946,-0.9933750391102806,0.5589509035623796,57.35692886682921,0.07239275937685663,BALANCING
2.948,-0.9922562936298591,0.5595881378191296,57.18911143309698,0.0721347461598053,BALANCING
2.95,-0.9911362779627393,0.5602213814731838,57.021487620643896,0.07187709681468471,BALANCING
2.952,-0.9900150000825868,0.5608506421760393,56.85405763208336,0.07161981148189113,BALANCING
2.954,-0.9888924679477665,0.5614759275761125,56.68682166869364,0.07136289029993301,BALANCING
2.956,-0.9877686895013478,0.5620972453187156,56.519779930420455,0.07110633340543553,BALANCING
2.958,-0.9866436726711111,0.5627146030460318,56.35293261587962,0.07085014093314475,BALANCING
2.96,-0.9855174253695539,0.5633280083970917,56.186279922359546,0.07059431301593189,BALANCING
2.962,-0.9843899554938975,0.5639374690077498,56.01982204582398,0.07033884978479771,BALANCING
2.964,-0.9832612709260933,0.56454299251066,55.85355918091447,0.07008375136887665,BALANCING
2.966,-0.9821313795328288,0.565144586535253,55.68749152095306,0.06982901789544124,BALANCING
2.968,-0.9810002891655348,0.5657422587077114,55.52161925794483,0.06957464948990624,BALANCING
2.97,-0.9798680076603913,0.5663360166509472,55.355942582580504,0.06932064627583306,BALANCING
2.972,-0.9787345428383343,0.5669258679845781,55.19046168423906,0.06906700837493387,BALANCING
2.974,-0.9775999025050623,0.5675118203249034,55.02517675099031,0.06881373590707601,BALANCING
2.976,-0.9764640944510433,0.568093881284882,54.860087969597494,0.0685608289902861,BALANCING
2.978,-0.9753271264515212,0.568672058474108,54.69519552551984,0.06830828774075438,BALANCING
2.98,-0.9741890062665225,0.569246359498788,54.530499602915214,0.06805611227283898,BALANCING
2.982,-0.9730497416408636,0.569816791961718,54.366000384642646,0.06780430269907008,BALANCING
2.984,-0.9719093403041567,0.5703833634622606,54.201698052264945,0.06755285913015428,BALANCING
2.986,-0.9707678099708177,0.5709460815963215,54.03759278605131,0.06730178167497874,BALANCING
2.988,-0.9696251583400726,0.5715049539563277,53.873684764979856,0.06705107044061549,BALANCING
2.99,-0.9684813930959648,0.572059988131203,53.709974166740245,0.06680072553232555,BALANCING
2.992,-0.9673365219073615,0.5726111917063469,53.54646116773622,0.0665507470535633,BALANCING
2.994,-0.9661905524279615,0.5731585722636112,53.383145943088245,0.06630113510598067,BALANCING
2.996,-0.965043492296302,0.5737021373812776,53.22002866663603,0.06605188978943125,BALANCING
2.998,-0.9638953491357659,0.574241894634035,53.05710951094115,0.06580301120197468,BALANCING
3.0,-0.9627461305545886,0.5747778515929577,52.894388647289574,0.06555449943988081,BALANCING
3.0020000000000002,-0.9615958441458659,0.575310015825482,52.73186624569429,0.06530635459763386,BALANCING
3.004,-0.9604444974875606,0.575838394895385,52.56954247489783,0.06505857676793665,BALANCING
3.0060000000000002,-0.9592920981425105,0.5763629963627618,52.4074175023749,0.06481116604171487,BALANCING
3.008,-0.9581386536584355,0.5768838277840033,52.24549149433487,0.06456412250812124,BALANCING
3.0100000000000002,-0.9569841715679449,0.5774008967117746,52.08376461572444,0.06431744625453971,BALANCING
3.012,-0.9558286593885449,0.5779142106949928,51.92223703023012,0.06407113736658963,BALANCING
3.0140000000000002,-0.9546721246226465,0.5784237772788048,51.76090890028086,0.06382519592813002,BALANCING
3.016,-0.9535145747575727,0.5789296040045658,51.59978038705058,0.06357962202126373,BALANCING
3.0180000000000002,-0.9523560172655661,0.5794316984098177,51.438851650460734,0.06333441572634155,BALANCING
3.02,-0.9511964596037967,0.5799300680282667,51.27812284918291,0.06308957712196651,BALANCING
3.0220000000000002,-0.9500359092143695,0.5804247203897628,51.11759414064133,0.06284510628499802,BALANCING
3.024,-0.9488743735243326,0.5809156630202769,50.95726568101546,0.062601003290556,BALANCING
3.0260000000000002,-0.9477118599456841,0.5814029034418803,50.79713762524255,0.06235726821202513,BALANCING
3.028,-0.9465483758753809,0.5818864491727233,50.6372101270202,0.06211390112105895,BALANCING
3.0300000000000002,-0.945383928695346,0.5823663077270129,50.47748333880889,0.06187090208758407,BALANCING
3.032,-0.944218525772477,0.582842486614993,50.31795741183457,0.06162827117980433,BALANCING
3.0340000000000003,-0.9430521744586529,0.5833149933429221,50.15863249609119,0.06138600846420494,BALANCING
3.036,-0.9418848820907433,0.5837838354130526,49.99950874034324,0.06114411400555665,BALANCING
3.0380000000000003,-0.9407166559906157,0.5842490203236091,49.840586292128336,0.060902587866919926,BALANCING
3.04,-0.9395475034651444,0.5847105555687688,49.68186529775974,0.06066143010964901,BALANCING
3.0420000000000003,-0.9383774318062172,0.5851684486386396,49.52334590232892,0.060420640793396214,BALANCING
3.044,-0.9372064482907451,0.585622707019239,49.36502824970808,0.060180219976115876,BALANCING
3.0460000000000003,-0.9360345601806696,0.5860733381924745,49.20691248255272,0.05994016771406866,BALANCING
3.048,-0.9348617747229706,0.5865203496361219,49.048998742304164,0.059700484061825654,BALANCING
3.0500000000000003,-0.9336880991496764,0.5869637488238048,48.89128716919213,0.059461169072272425,BALANCING
3.052,-0.9325135406778702,0.5874035432249746,48.73377790223723,0.059222222796613204,BALANCING
3.0540000000000003,-0.931338106509699,0.5878397403048896,48.57647107925354,0.05898364528437503,BALANCING
3.056,-0.9301618038323823,0.5882723475245945,48.419366836851104,0.058745436583411824,BALANCING
3.0580000000000003,-0.9289846398182205,0.5887013723409006,48.26246531043852,0.05850759673990853,BALANCING
3.06,-0.9278066216246035,0.5891268222063647,48.10576663422542,0.058270125798385246,BALANCING
3.0620000000000003,-0.9266277563940187,0.5895487045692698,47.949270941225016,0.05803302380170124,BALANCING
3.064,-0.9254480512540599,0.5899670268736042,47.79297836325667,0.05779629079105923,BALANCING
3.0660000000000003,-0.9242675133174362,0.5903817965590424,47.63688903094836,0.057559926806009305,BALANCING
3.068,-0.9230861496819799,0.5907930210609239,47.48100307373926,0.0573239318844531,BALANCING
3.0700000000000003,-0.9219039674306564,0.5912007078102341,47.32532061988222,0.05708830606264794,BALANCING
3.072,-0.9207209736315713,0.5916048642335846,47.169841796446356,0.056853049375210865,BALANCING
3.074,-0.9195371753379807,0.5920054977531927,47.01456672931949,0.05661816185512274,BALANCING
3.076,-0.9183525795882993,0.5924026157868622,46.85949554321074,0.056383643533732306,BALANCING
3.078,-0.9171671934061091,0.5927962257479635,46.70462836165301,0.056149494440760304,BALANCING
3.08,-0.9159810238001688,0.5931863350454148,46.54996530700548,0.055915714604303536,BALANCING
3.082,-0.9147940777644218,0.5935729510836614,46.39550650045619,0.05568230405083895,BALANCING
3.084,-0.9136063622780067,0.5939560812626569,46.24125206202451,0.055449262805227675,BALANCING
3.086,-0.9124178843052647,0.5943357329778443,46.08720211056364,0.05521659089071915,BALANCING
3.088,-0.9112286507957499,0.5947119136201355,45.93335676376316,0.05498428832895505,BALANCING
3.09,-0.9100386686842374,0.5950846305758936,45.779716138151535,0.054752355139973556,BALANCING
3.092,-0.908847944890733,0.5954538912269123,45.62628034909858,0.05452079134221319,BALANCING
3.094,-0.9076564863204823,0.5958197029503978,45.473049510818015,0.054289596952517026,BALANCING
3.096,-0.9064642998639799,0.5961820731189493,45.320023736369954,0.05405877198613663,BALANCING
3.098,-0.9052713923969784,0.5965410091005406,45.16720313766341,0.05382831645673617,BALANCING
3.1,-0.904077770780498,0.5968965182585003,45.014587825458776,0.05359823037639645,BALANCING
3.102,-0.9028834418608351,0.5972486079514939,44.86217790937036,0.05336851375561889,BALANCING
3.104,-0.9016884124695731,0.5975972855335044,44.70997349786887,0.0531391666033296,BALANCING
3.106,-0.9004926894235902,0.5979425583538144,44.5579746982839,0.052910188926883456,BALANCING
3.108,-0.8992962795250694,0.5982844337569865,44.40618161680643,0.052681580732068,BALANCING
3.11,-0.8980991895615088,0.5986229190828455,44.254594358491325,0.052453342023107564,BALANCING
3.112,-0.8969014263057297,0.5989580216664597,44.10321302725982,0.052225472802667205,BALANCING
3.114,-0.895702996515887,0.5992897488381227,43.95203772590202,0.05199797307185682,BALANCING
3.116,-0.8945039069354787,0.5996181079233346,43.80106855607939,0.0517708428302351,BALANCING
3.118,-0.893304164293355,0.5999431062427842,43.65030561832723,0.05154408207581348,BALANCING
3.12,-0.8921037753037288,0.6002647511123305,43.49974901205715,0.051317690805060254,BALANCING
3.122,-0.8909027466661845,0.6005830498429847,43.3493988355596,0.05109166901290445,BALANCING
3.124,-0.8897010850656885,0.6008980097408922,43.19925518600628,0.0508660166927399,BALANCING
3.126,-0.888498797172598,0.6012096381073145,43.0493181594527,0.05064073383642925,BALANCING
3.128,-0.887295889642672,0.6015179422386113,42.89958785084059,0.050415820434307854,BALANCING
3.13,-0.88609236911708,0.6018229294262228,42.75006435400041,0.05019127647518783,BALANCING
3.132,-0.8848882422224127,0.6021246069566516,42.60074776165383,0.049967101946362044,BALANCING
3.134,-0.8836835155706911,0.6024229821114447,42.45163816541618,0.04974329683360799,BALANCING
3.136,-0.8824781957593774,0.602718062167177,42.302735655798934,0.04951986112119186,BALANCING
3.138,-0.881272289371384,0.6030098543954329,42.1540403222122,0.049296794791872496,BALANCING
3.14,-0.8800658029750842,0.603298366062788,42.005552252967135,0.0490740978269053,BALANCING
3.142,-0.8788587431243219,0.6035836044307934,41.857271535278464,0.04885177020604622,BALANCING
3.144,-0.8776511163584215,0.6038655767559569,41.70919825526692,0.04862981190755571,BALANCING
3.146,-0.8764429292021987,0.6041442902897263,41.56133249796171,0.048408222908202694,BALANCING
3.148,-0.8752341881659699,0.6044197522784719,41.41367434730296,0.04818700318326847,BALANCING
3.15,-0.8740248997455626,0.6046919699634694,41.26622388614422,0.047966152706550705,BALANCING
3.152,-0.8728150704223261,0.6049609505808828,41.11898119625485,0.047745671450367275,BALANCING
3.154,-0.8716047066631408,0.6052267013617474,40.971946358322555,0.04752555938556037,BALANCING
3.156,-0.8703938149204293,0.6054892295319523,40.82511945195577,0.04730581648150024,BALANCING
3.158,-0.8691824016321664,0.6057485423122242,40.67850055568615,0.04708644270608922,BALANCING
3.16,-0.8679704732218892,0.6060046469181102,40.53208974697101,0.046867438025765686,BALANCING
3.162,-0.8667580360987082,0.6062575505599606,40.385887102195774,0.046648802405507825,BALANCING
3.164,-0.8655450966573166,0.6065072604429128,40.239892696676414,0.04643053580883775,BALANCING
3.166,-0.8643316612780022,0.6067537837668745,40.09410660466191,0.04621263819782523,BALANCING
3.168,-0.8631177363266563,0.6069971277265067,39.94852889933668,0.04599510953309173,BALANCING
3.17,-0.8619033281547854,0.6072372995112074,39.80315965282301,0.045777949773814226,BALANCING
3.172,-0.8606884430995214,0.6074743063050954,39.65799893618353,0.04556115887772911,BALANCING
3.174,-0.8594730874836319,0.6077081552869932,39.513046819423614,0.04534473680113617,BALANCING
3.176,-0.8582572676155311,0.6079388536304114,39.36830337149383,0.04512868349890239,BALANCING
3.178,-0.8570409897892902,0.6081664085035321,39.223768660292365,0.04491299892446585,BALANCING
3.18,-0.8558242602846485,0.6083908270691923,39.079442752667475,0.044697683029839626,BALANCING
3.182,-0.8546070853670239,0.6086121164848685,38.93532571441988,0.044482735765615684,BALANCING
3.184,-0.8533894712875232,0.6088302839026598,38.79141761030525,0.044268157080968706,BALANCING
3.186,-0.8521714242829536,0.6090453364692726,38.64771850403656,0.04405394692366002,BALANCING
3.188,-0.8509529505758329,0.6092572813260042,38.504228458286576,0.04384010524004143,BALANCING
3.19,-0.8497340563744009,0.6094661256087269,38.36094753469022,0.04362663197505903,BALANCING
3.192,-0.8485147478726299,0.6096718764478727,38.21787579384704,0.043413527072257235,BALANCING
3.194,-0.8472950312502356,0.6098745409684164,38.075013295323615,0.04320079047378238,BALANCING
3.196,-0.8460749126726882,0.6100741262898611,37.93236009765593,0.04298842212038676,BALANCING
3.198,-0.844854398291223,0.6102706395262218,37.789916258351845,0.042776421951432414,BALANCING
3.2,-0.843633494242852,0.6104640877860105,37.64768183389349,0.04256478990489502,BALANCING
3.202,-0.8424122066503743,0.6106544781722195,37.505656879739675,0.04235352591736758,BALANCING
3.204,-0.8411905416223878,0.6108418177823075,37.363841450328266,0.042142629924064465,BALANCING
3.206,-0.8399685052532996,0.6110261137081826,37.222235599078644,0.041932101858825094,BALANCING
3.208,-0.8387461036233376,0.6112073730361882,37.08083937839408,0.04172194165411774,BALANCING
3.21,-0.8375233427985616,0.6113856028470874,36.939652839664156,0.04151214924104351,BALANCING
3.212,-0.8363002288308741,0.6115608102160475,36.79867603326712,0.04130272454934,BALANCING
3.214,-0.8350767677580319,0.6117330022126249,36.657909008572354,0.041093667507385225,BALANCING
3.216,-0.8338529656036574,0.6119021859007505,36.51735181394271,0.04088497804220131,BALANCING
3.218,-0.8326288283772496,0.612068368338714,36.377004496736944,0.04067665607945842,BALANCING
3.22,-0.8314043620741953,0.6122315565791495,36.23686710331207,0.04046870154347843,BALANCING
3.222,-0.8301795726757811,0.6123917576690204,36.096939679025816,0.04026111435723884,BALANCING
3.224,-0.8289544661492038,0.6125489786496047,35.95722226823893,0.04005389444237652,BALANCING
