t,theta_deg,rate_dps,wheel_rpm,duty,phase
0.0,16.0,0.0,0.0,-1,SPINUP
0.002,16.0,0.0,-6.436476596174447,-1,SPINUP
0.004,16.0,0.0,-12.801832631651454,-1,SPINUP
0.006,16.0,0.0,-19.096853960939825,-1,SPINUP
0.008,16.0,0.0,-25.32231775516197,-1,SPINUP
0.01,16.0,0.0,-31.47899259800195,-1,SPINUP
0.012,16.0,0.0,-37.56763858059332,-1,SPINUP
0.014,16.0,0.0,-43.5890073953585,-1,SPINUP
0.016,16.0,0.0,-49.543842428811296,-1,SPINUP
0.018000000000000002,16.0,0.0,-55.43287885333392,-1,SPINUP
0.02,16.0,0.0,-61.256843717939944,-1,SPINUP
0.022,16.0,0.0,-67.0164560380344,-1,SPINUP
0.024,16.0,0.0,-72.71242688418201,-1,SPINUP
0.026000000000000002,16.0,0.0,-78.34545946989454,-1,SPINUP
0.028,16.0,0.0,-83.91624923844823,-1,SPINUP
0.03,16.0,0.0,-89.42548394874186,-1,SPINUP
0.032,16.0,0.0,-94.87384376020609,-1,SPINUP
0.034,16.0,0.0,-100.26200131677466,0.0,KICK
0.036000000000000004,16.0,0.0,-99.92835103845167,1,KICK
0.038,15.996380833038861,-3.608922155542848,-92.38770506494282,1,KICK
0.04,15.985604773953636,-7.157148590776488,-84.93038029390299,1,KICK
0.042,15.967791682713013,-10.646207154776642,-77.55545605848143,1,KICK
0.044,15.943058385146378,-14.077604226159663,-70.26202186483769,1,KICK
0.046,15.91151871535819,-17.452825237753448,-63.04917727973384,1,KICK
0.048,15.873283557104104,-20.77333519024061,-55.91603181936867,1,KICK
0.05,15.828460884150614,-24.04057915502676,-48.861704839440314,1,KICK
0.052000000000000005,15.777155799639532,-27.25598276659059,-41.88532542642361,1,KICK
0.054,15.719470574478054,-30.420952704575004,-34.986032290048804,1,KICK
0.056,15.655504684774705,-33.536877165879844,-28.16297365696834,1,KICK
0.058,15.58535484834086,-36.60512632701748,-21.415307165598545,1,KICK
0.06,15.509115060277079,-39.62705279699177,-14.742199762123327,1,KICK
0.062,15.426876627662962,-42.603992060959825,-8.142827597646955,1,KICK
0.064,15.33872820336865,-45.53726291493383,-1.6163759264832758,1,KICK
0.066,15.244755819005709,-48.42816789177763,4.83796099443121,1,KICK
0.068,15.145042917034475,-51.277993678749525,11.220980005012818,1,KICK
0.07,15.039670382044594,-54.08801152683865,17.533469140407,1,KICK
0.07200000000000001,14.928716571224879,-56.85947765213864,23.776207728277623,1,KICK
0.074,14.812257344038176,-59.593633629496864,29.949966485021257,1,KICK
0.076,14.690366091116482,-62.291706778673216,36.05550761091833,1,KICK
0.078,14.563113762391012,-64.9549105432364,42.093584884232904,1,KICK
0.08,14.430568894471595,-67.58444486242068,48.06494375427264,1,KICK
0.082,14.292797637289164,-70.18149653615963,53.970321433420565,1,KICK
0.084,14.149863780014869,-72.74723958350746,59.810446988149856,1,KICK
0.08600000000000001,14.001828776268765,-75.28283559465261,65.586041429033,1,KICK
0.088,13.848751768630718,-77.78943407672101,71.29781779975634,1,KICK
0.09,13.690689612465764,-80.26817279356077,76.94648126515108,1,KICK
0.092,13.527696899075755,-82.7201780996926,82.53272919825149,1,KICK
0.094,13.359825978188784,-85.14656526860385,88.05725126639139,1,KICK
0.096,13.187126979797554,-87.54843881555695,93.520729516349,1,KICK
0.098,13.009647835357464,-89.92689281507634,98.92383845855112,1,KICK
0.1,12.827434298354907,-92.28301121327051,104.26724515034701,1,KICK
0.10200000000000001,12.640529964255983,-94.61786813513916,109.55160927836184,1,KICK
0.10400000000000001,12.44897628984547,-96.93252818700793,114.7775832399404,1,KICK
0.106,12.252812611965705,-99.2280467542264,119.94581222369075,1,KICK
0.108,12.052076165664683,-101.50547029425735,125.05693428913808,1,KICK
0.11,11.846802101762492,-103.76583662527857,130.1115804454982,1,KICK
0.112,11.637023503844938,-106.01017521041086,135.11037472958066,1,KICK
0.114,11.422771404692988,-108.23950743767868,140.05393428283128,1,KICK
0.116,11.204074802156489,-110.45484689580258,144.94286942752316,1,KICK
0.11800000000000001,10.980960674480395,-112.65719964591524,149.77778374210578,1,KICK
0.12,10.75345399509154,-114.84756448928553,154.55927413572186,1,KICK
0.122,10.521577746853932,-117.02693323112724,159.28793092190037,1,KICK
0.124,10.28535293580025,-119.19629094056246,163.96433789143563,1,KICK
0.126,10.044798604347225,-121.35661620680092,168.58907238446093,1,KICK
0.128,9.7999318440024,-123.50888139159022,173.1627053617258,1,KICK
0.13,9.550767807569676,-125.65405287798318,177.68580147508587,1,KICK
0.132,9.297319720860969,-127.79309131546145,182.1589191372135,1,KICK
0.134,9.039598893921253,-129.9269518614468,186.58261059053845,1,KICK
0.136,8.777614731774145,-132.0565844192228,190.95742197542657,1,KICK
0.138,8.511374744695248,-134.18293387228263,195.28389339760537,1,KICK
0.14,8.240884558020356,-136.30694031511024,199.56255899484418,1,KICK
0.14200000000000002,7.966147921495664,-138.42953928039336,203.79394700289805,1,KICK
0.14400000000000002,7.687166718177125,-140.55166196265927,207.9785798207225,1,KICK
0.146,7.403940972886131,-142.67423543831572,212.11697407496803,1,KICK
0.148,7.116468860228726,-144.79818288206965,216.20964068376173,1,KICK
0.15,6.8247467121856324,-146.92442377968905,220.25708491978423,1,KICK
0.152,6.528769025280448,-149.05387413706302,224.25980647264984,1,KICK
0.154,6.2285284673334695,-151.18744668550673,228.2182995105971,1,KICK
0.156,5.924015883808709,-153.32605108324776,232.1330527414979,1,KICK
0.158,5.61522030376182,-155.47059411302158,236.00454947319238,1,KICK
0.16,5.302128945396791,-157.62197987569252,239.83326767315725,1,KICK
0.162,4.984727221239447,-159.78110997980858,243.61968002751462,0.0,BALANCING
0.164,4.666369652554392,-158.5833604903321,242.8089663675177,-1,BALANCING
0.166,4.356518891929363,-151.2862733816249,233.68954521737913,-1,BALANCING
0.168,4.061149940712344,-144.10111672101266,224.67089012080152,-1,BALANCING
0.17,3.780041532902127,-137.02530120568377,215.75188765212073,-1,BALANCING
0.17200000000000001,3.512977547660263,-130.05627091942657,206.93143668859287,-1,BALANCING
0.17400000000000002,3.2597469428872627,-123.1915029774871,198.2084482744516,-1,BALANCING
0.176,3.0201436895422797,-116.42850713884143,189.58184548646793,-1,BALANCING
0.178,2.7939667067678244,-109.76482538947697,181.0505633009953,-1,BALANCING
0.18,2.5810197978741107,-103.198031500008,172.61354846248383,-1,BALANCING
0.182,2.3811115872312554,-96.72573056069866,164.2697593534474,-1,BALANCING
0.184,2.194055458111642,-90.34555849673197,156.0181658658677,-1,BALANCING
0.186,2.0196694915192994,-84.05518156634265,147.85774927401894,-1,BALANCING
0.188,1.8577764060381248,-77.85229584422741,139.78750210869802,-1,BALANCING
0.19,1.7082034987261425,-71.73462669245406,131.8064280328444,-1,BALANCING
0.192,1.5707825870787273,-65.69992822091397,123.91354171853403,-1,BALANCING
0.194,1.445349952079801,-59.74598273919574,116.10786872533302,-1,BALANCING
0.196,1.331746282356412,-53.87060020160451,108.38844537999482,-1,BALANCING
0.198,1.229816619448801,-48.07161764690878,100.75431865748715,-0.9617398020431274,BALANCING
0.2,1.139228029347907,-42.52884033929512,93.45080693204771,-0.8391104717433404,BALANCING
0.202,1.0590702509148224,-37.63939977095159,87.0172969824305,-0.7309316591173846,BALANCING
0.20400000000000001,0.9881138109047751,-33.32626154912533,81.35116520889007,-0.6354995772191195,BALANCING
0.20600000000000002,0.9252742023125742,-29.521474276444803,76.361888347311,-0.5513113293590759,BALANCING
0.20800000000000002,0.8695947916272231,-26.165098609638505,71.9696167397743,-0.47704122297200646,BALANCING
0.21,0.8202317414326935,-23.20426258330495,68.1039158251658,-0.4115198760830804,BALANCING
0.212,0.7764407107418069,-20.5923283135826,64.70265601656482,-0.353715787164376,BALANCING
0.214,0.7375651234624424,-18.288156950866977,61.71103347024274,-0.30271907797062786,BALANCING
0.216,0.7030258201060061,-16.25546029841295,59.0807063136403,-0.2577271531717453,BALANCING
0.218,0.6723119296461257,-14.462228879031375,56.769032719129086,-0.21803205079641386,BALANCING
0.22,0.6449728176640497,-12.880227436587273,54.73839881533506,-0.1830092841402205,BALANCING
0.222,0.6206109838789697,-11.484549921564815,52.95562584357752,-0.15210799929187613,BALANCING
0.224,0.5988757971236254,-10.25322694729443,51.3914472158508,-0.12484229316173295,BALANCING
0.226,0.5794579690237234,-9.166879530287222,50.020047232417866,-0.10078355518407006,BALANCING
0.228,0.5620846792818712,-8.208413657506958,48.81865418884897,-0.07955371199633432,BALANCING
0.23,0.5465152757362719,-7.362750866813288,47.76718145953312,-0.060819268628643765,BALANCING
0.232,0.5325374814231884,-6.616590594364163,46.84791090082129,-0.04428605228945493,BALANCING
0.234,0.519964048862887,-5.9582005434094745,46.04521358394216,-0.02969457590606367,BALANCING
0.23600000000000002,0.5086298088373391,-5.3772317705286365,45.345303456173546,-0.016815948345962676,BALANCING
0.23800000000000002,0.4983890671454538,-4.864555574919035,44.736020047726484,-0.005448266860893346,BALANCING
0.24,0.48911330830604804,-4.412119619968125,44.20663679958299,0.0,BALANCING
0.242,0.480458218513769,-4.243209772496688,44.05952666335797,0.008131122625693514,BALANCING
0.244,0.4723527488642854,-3.863022190531138,43.62502182637678,0.01656625475222489,BALANCING
0.246,0.4649629395082836,-3.5274538101999164,43.24961062921159,0.02401403789307719,BALANCING
0.248,0.45820482437793736,-3.2312436228106995,42.926285061508715,0.030590832158593873,BALANCING
0.25,0.45200433776161225,-2.9697509452378394,42.64886349782769,0.03639927777547361,BALANCING
0.252,0.4462961469526855,-2.738882277451715,42.411893258699614,0.04152991279543927,BALANCING
0.254,0.44102262254053043,-2.535026784255706,42.210564660692015,0.04606260006036943,BALANCING
0.256,0.43613293011431703,-2.354999384354634,42.04063520081463,0.05006778591436464,BALANCING
0.258,0.43158222906387317,-2.195990549777481,41.898362680328695,0.05360761050139082,BALANCING
0.26,0.42733096584981706,-2.055522024439066,41.780446213917074,0.05673688714798425,BALANCING
0.262,0.42334425060410946,-1.931407763917061,41.68397419445372,0.059503966267150654,BALANCING
0.264,0.41959130723555194,-1.8217194808124513,41.6063783932396,0.06195149739952673,BALANCING
0.266,0.41604498837327697,-1.7247562526504057,41.54539347227317,0.064117101402409,BALANCING
0.268,0.4126813475031934,-1.639017713308464,41.4990212704234,0.0660339633810907,BALANCING
0.27,0.40947926155377473,-1.5631804054391827,41.46549930061548,0.06773135570776152,BALANCING
0.272,0.40642009798271655,-1.4960769211750784,41.44327296150912,0.06923509937132956,BALANCING
0.274,0.4034874211173723,-1.4366775023500677,41.43097102569449,0.07056797092955344,BALANCING
0.276,0.400666733120559,-1.384073810236282,41.427384018071734,0.07175006147750532,BALANCING
0.278,0.39794524549906135,-1.3374646089890838,41.431445143633255,0.07279909329011071,BALANCING
0.28,0.39531167755354735,-1.296143137155275,41.44221346404878,0.07373069912940683,BALANCING
0.28200000000000003,0.392756078593238,-1.2594859682052277,41.45885905789726,0.07455866861871688,BALANCING
0.28400000000000003,0.3902696711132316,-1.2269431845183594,41.48064993065405,0.07529516556687481,BALANCING
0.28600000000000003,0.38784471246277735,-1.198029709952851,41.50694046811994,0.07595091966777598,BALANCING
0.28800000000000003,0.38547437282423447,-1.1723176643911022,41.537161251304916,0.07653539559665518,BALANCING
0.29,0.3831526275795239,-1.1494296197599014,41.570810072237755,0.07705694216824112,BALANCING
0.292,0.38087416236764604,-1.129032651232538,41.607444009100455,0.07752292390768872,BALANCING
0.294,0.3786342893368616,-1.1108330898530536,41.64667243578243,0.07793983710799643,BALANCING
0.296,0.37642887327157465,-1.0945718938780369,41.688150855677435,0.07831341220310523,BALANCING
0.298,0.3742542664295917,-1.0800205658830384,41.73157546253653,0.07864870407019564,BALANCING
0.3,0.3721072510627184,-1.066977551282569,41.77667834265026,0.07895017168444975,BALANCING
0.302,0.3699849887147517,-1.0552650615002561,41.82322324274072,0.07922174838172762,BALANCING
0.304,0.36788497549774507,-1.0447262717187042,41.87100183686098,0.07946690383657816,BALANCING
0.306,0.36580500264164995,-1.0352228490424054,41.91983043346376,0.07968869873242851,BALANCING
0.308,0.3637431216955496,-1.0266327721147324,41.96954707073912,0.07988983298561587,BALANCING
0.31,0.3616976138320168,-1.0188484078236932,42.02000895444037,0.08007268828332843,BALANCING
0.312,0.359666962770796,-1.0117748147831371,42.071090197815515,0.08023936560590084,BALANCING
0.314,0.35764983089505614,-1.005328246850339,42.1226798280229,0.08039171832485936,BALANCING
0.316,0.3556450381837786,-0.999434833093695,42.174680027610044,0.08053138139837893,BALANCING
0.318,0.3536515436282289,-0.9940294134053125,42.22700458333924,0.08065979712430632,BALANCING
0.32,0.3516684288396162,-0.98905451140642,42.27957751791185,0.0807782378566463,BALANCING
0.322,0.3496948835895747,-0.9844594284574117,42.33233188302556,0.08088782604354856,BALANCING
0.324,0.34773019305557146,-0.9801994444930946,42.38520869474201,0.08098955190261722,BALANCING
0.326,0.3457737265702105,-0.9762351130873824,42.438155994384815,0.08108428901212553,BALANCING
0.328,0.3438249276971098,-0.9725316396368565,42.49112802016684,0.0811728080638718,BALANCING
0.33,0.3418833054769352,-0.9690583328626522,42.54408447649062,0.08125578899443685,BALANCING
0.332,0.33994842670561765,-0.9657881209857146,42.59698988940523,0.08133383168604548,BALANCING
0.334,0.33801990912304963,-0.9626971249497921,42.649813038061005,0.08140746540569017,BALANCING
0.336,0.33609741540490573,-0.9597642819656741,42.702526453201116,0.08147715713128821,BALANCING
0.338,0.3341806478628915,-0.9569710134432989,42.755105974785785,0.0815433188961018,BALANCING
0.34,0.3322693437698897,-0.9543009320779635,42.807530361776685,0.08160631426717821,BALANCING
0.342,0.3303632712363221,-0.9517395834739757,42.859780947931505,0.08166646405991701,BALANCING
0.34400000000000003,0.3284622255727336,-0.9492742182334436,42.91184133818345,0.08172405137883317,BALANCING
0.34600000000000003,0.3265660260812674,-0.9468935909180612,42.96369714082042,0.08177932606396361,BALANCING
0.34800000000000003,0.32467451322546176,-0.9445877827152956,43.01533573124267,0.08183250861299812,BALANCING
0.35000000000000003,0.32278754613375954,-0.9423480450139922,43.06674604357561,0.08188379364095208,BALANCING
0.352,0.3209050003973829,-0.9401666614239712,43.117918386853226,0.0819333529319087,BALANCING
0.354,0.3190267661278646,-0.9380368260648857,43.16884428287514,0.08198133813093078,BALANCING
0.356,0.3171527462436198,-0.9359525362060318,43.219516323181686,0.08202788311856883,BALANCING
0.358,0.3152828549585516,-0.9339084975649956,43.26992804289284,0.08207310610539081,BALANCING
0.36,0.31341701644887,-0.9319000407725299,43.32007380942253,0.0821171114795459,BALANCING
0.362,0.31155516367710945,-0.9299230476870537,43.369948724314426,0.08215999143648181,BALANCING
0.364,0.30969723735481075,-0.9279738863974071,43.4195485366521,0.08220182741650199,BALANCING
0.366,0.3078431850275169,-0.9260493538894276,43.4688695666787,0.08224269137282036,BALANCING
0.368,0.30599296026766165,-0.9241466254727102,43.517908638422426,0.0822826468900994,BALANCING
0.37,0.30414652196262776,-0.9222632101704552,43.56666302026592,0.08232175017110133,BALANCING
0.372,0.302303833686755,-0.9203969113692996,43.61513037252289,0.0823600509070031,BALANCING
0.374,0.30046486314739823,-0.9185457921089252,43.66330870119579,0.08239759304509223,BALANCING
0.376,0.2986295816963049,-0.9167081444643714,43.71119631718563,0.08243441546594348,BALANCING
0.378,0.29679796389861024,-0.9148824625384763,43.75879180031124,0.08247055258074933,BALANCING
0.38,0.2949699871526558,-0.9130674186387826,43.80609396757071,0.08250603485821917,BALANCING
0.382,0.29314563135463967,-0.9112618422634235,43.853101845144984,0.08254088928935142,BALANCING
0.384,0.29132487860281137,-0.9094647015647852,43.899814643702264,0.08257513979740423,BALANCING
0.386,0.28950771293654926,-0.9076750869987882,43.94623173661405,0.08260880759952627,BALANCING
0.388,0.28769412010620743,-0.9058921969020858,43.992352640739526,0.08264191152574732,BALANCING
0.39,0.2858840873701038,-0.9041153247698539,44.03817699947543,0.08267446830035668,BALANCING
0.392,0.2840776033154493,-0.9023438480336602,44.08370456780433,0.08270649279010378,BALANCING
0.394,0.28227465770039545,-0.9005772181625356,44.128935199105634,0.08273799822313331,BALANCING
0.396,0.28047524131470997,-0.8988149519312304,44.173868833521475,0.08276899638210544,BALANCING
0.398,0.27867934585688386,-0.8970566237180321,44.218505487694216,0.08279949777454508,BALANCING
0.4,0.2768869638257334,-0.8953018587107497,44.262845245713784,0.08282951178310492,BALANCING
0.402,0.27509808842478667,-0.8935503269137828,44.30688825113215,0.08285904679811071,BALANCING
0.404,0.273312713477948,-0.8918017378618177,44.350634699919226,0.08288811033447804,BALANCING
0.406,0.2715308333551105,-0.8900558359568362,44.394084834249135,0.08291670913484296,BALANCING
0.40800000000000003,0.2697524429065438,-0.8883123963549376,44.437238937018854,0.08294484926053247,BALANCING
0.41000000000000003,0.2679775374050213,-0.8865712213381488,44.48009732701306,0.0829725361718083,BALANCING
0.41200000000000003,0.2662061124947758,-0.8848321371140369,44.522660354638866,0.08299977479864899,BALANCING
0.41400000000000003,0.26443816414647786,-0.883094990992681,44.56492839816316,0.08302656960318573,BALANCING
0.41600000000000004,0.2626736886175258,-0.8813596488965098,44.60690186039357,0.0830529246347762,BALANCING
0.418,0.26091268241702265,-0.879625993163757,44.64858116575042,0.08307884357858436,BALANCING
0.42,0.25915514227488595,-0.8778939206109131,44.689966757683855,0.08310432979843212,BALANCING
0.422,0.2574010651146042,-0.876163340823636,44.731059096395214,0.08312938637459791,BALANCING
0.424,0.2556504480292094,-0.8744341746491835,44.77185865682695,0.08315401613715832,BALANCING
0.426,0.25390328826008635,-0.872706352866604,44.812365926889285,0.08317822169539818,BALANCING
0.428,0.2521595831782847,-0.870979815013729,44.85258140589582,0.08320200546375253,BALANCING
0.43,0.2504193302680383,-0.8692545083524762,44.892505603183416,0.08322536968468985,BALANCING
0.432,0.2486825271122317,-0.867530386956157,44.93213903689453,0.08324831644889649,BALANCING
0.434,0.24694917137958414,-0.8658074109044017,44.971482232903035,0.0832708477130812,BALANCING
0.436,0.24521926081334852,-0.8640855455730131,45.01053572386637,0.08329296531568006,BALANCING
0.438,0.24349279322134704,-0.8623647610075567,45.0493000483894,0.08331467099070927,BALANCING
0.44,0.2417697664671852,-0.8606450313708132,45.08777575028654,0.0833359663799845,BALANCING
0.442,0.2400501784625059,-0.8589263344553839,45.12596337793081,0.08335685304389905,BALANCING
0.444,0.23833402716016058,-0.8572086512537677,45.163863483679336,0.08337733247093114,BALANCING
0.446,0.2366213105481896,-0.8554919655791325,45.20147662336646,0.08339740608602979,BALANCING
0.448,0.2349120266445161,-0.853776263730805,45.23880335585645,0.08341707525801176,BALANCING
0.45,0.23320617349226924,-0.8520615341992032,45.27584424264868,0.08343634130608604,BALANCING
0.452,0.23150374915566302,-0.8503477674055647,45.31259984752923,0.08345520550560898,BALANCING
0.454,0.22980475171636458,-0.8486349554723652,45.34907073626337,0.0834736690931603,BALANCING
0.456,0.22810917927029484,-0.8469230920208095,45.38525747632411,0.0834917332710207,BALANCING
0.458,0.22641702992480997,-0.8452121719922032,45.42116063665252,0.08350939921112113,BALANCING
0.46,0.22472830179621905,-0.8435021914903886,45.45678078744625,0.0835266680585261,BALANCING
0.462,0.22304299300759833,-0.8417931476427624,45.49211849997262,0.08354354093450614,BALANCING
0.464,0.22136110168686696,-0.8400850384776816,45.52717434640374,0.08356001893924792,BALANCING
0.466,0.21968262596509341,-0.8383778628163291,45.561948899670746,0.08357610315424424,BALANCING
0.468,0.2180075639750055,-0.8366716201773303,45.59644273333512,0.0835917946444024,BALANCING
0.47000000000000003,0.21633591384967976,-0.8349663106926201,45.630656421474946,0.0836070944599034,BALANCING
0.47200000000000003,0.21466767372138923,-0.8332619350332314,45.66459053858446,0.08362200363784195,BALANCING
0.47400000000000003,0.21300284172059075,-0.8315584943438376,45.69824565948518,0.08363652320367278,BALANCING
0.47600000000000003,0.21134141597503572,-0.8298559901850149,45.73162235924738,0.08365065417248628,BALANCING
0.47800000000000004,0.2096833946089892,-0.8281544244823156,45.76472121312065,0.08366439755013334,BALANCING
0.48,0.20802877574254497,-0.8264537994813479,45.79754279647243,0.08367775433421763,BALANCING
0.482,0.20637755749102527,-0.8247541177081558,45.83008768473362,0.08369072551497038,BALANCING
0.484,0.20472973796445476,-0.8230553819342724,45.86235645335043,0.08370331207602202,BALANCING
0.486,0.20308531526710058,-0.821357595145897,45.894349677741744,0.0837155149950825,BALANCING
0.488,0.2014442874970702,-0.819660760516708,45.92606793326129,0.0837273352445412,BALANCING
0.49,0.19980665274596043,-0.8179648813838853,45.9575117951641,0.083738773791996,BALANCING
0.492,0.19817240909855183,-0.8162699612269618,45.98868183857684,0.08374983160071958,BALANCING
0.494,0.19654155463254241,-0.8145760036491705,46.019578638471266,0.08376050963007074,BALANCING
0.496,0.19491408741831695,-0.8128830123609949,46.05020276964085,0.08377080883585684,BALANCING
0.498,0.1932900055187469,-0.8111909911656607,46.08055480667984,0.0837807301706534,BALANCING
0.5,0.1916693069890178,-0.8094999439463402,46.11063532396468,0.08379027458408578,BALANCING
0.502,0.19005198987648064,-0.8078098746548692,46.1404448956374,0.08379944302307744,BALANCING
0.504,0.18843805222052457,-0.8061207873017964,46.16998409559087,0.08380823643206875,BALANCING
0.506,0.18682749205246818,-0.8044326859476081,46.199253497455494,0.08381665575320982,BALANCING
0.508,0.18522030739546744,-0.8027455746949909,46.22825367458744,0.08382470192653024,BALANCING
0.51,0.1836164962644382,-0.8010594576820088,46.256985200057976,0.0838323758900889,BALANCING
0.512,0.18201605666599133,-0.7993743390760879,46.28544864664396,0.08383967858010562,BALANCING
0.514,0.18041898659837938,-0.7976902230687121,46.31364458681923,0.08384661093107733,BALANCING
0.516,0.17882528405145312,-0.7960071138707477,46.341573592746904,0.0838531738758802,BALANCING
0.518,0.17723494700662706,-0.7943250157083214,46.36923623627233,0.08385936834585955,BALANCING
0.52,0.1756479734368523,-0.7926439328191868,46.396633088916786,0.08386519527090902,BALANCING
0.522,0.17406436130659672,-0.7909638694495219,46.4237647218717,0.08387065557954021,BALANCING
0.524,0.17248410857183089,-0.7892848298511077,46.45063170599339,0.08387575019894387,BALANCING
0.526,0.17090721318001925,-0.7876068182788405,46.47723461179828,0.0838804800550437,BALANCING
0.528,0.1693336730701163,-0.7859298389885413,46.503574009458504,0.08388484607254355,BALANCING
0.53,0.16776348617256645,-0.7842538962350257,46.52965046879785,0.08388884917496915,BALANCING
0.532,0.16619665040930787,-0.7825789942704041,46.555464559288005,0.08389249028470427,BALANCING
0.534,0.1646331636937794,-0.780905137342584,46.581016850045145,0.08389577032302285,BALANCING
0.536,0.16307302393093026,-0.7792323296939536,46.60630790982669,0.0838986902101169,BALANCING
0.538,0.16151622901723217,-0.7775605755602207,46.63133830702827,0.08390125086512103,BALANCING
0.54,0.15996277684069393,-0.7758898791693927,46.656108609681006,0.0839034532061339,BALANCING
0.542,0.15841266528087747,-0.7742202447408791,46.68061938544877,0.0839052981502369,BALANCING
0.544,0.15686589220891609,-0.7725516764847021,46.70487120162577,0.08390678661351053,BALANCING
0.546,0.15532245548753368,-0.7708841786008035,46.728864625134165,0.0839079195110486,BALANCING
0.548,0.15378235297106574,-0.7692177552784351,46.75260022252181,0.08390869775697057,BALANCING
0.55,0.15224558250548112,-0.767552410695624,46.77607855996013,0.08390912226443233,BALANCING
0.552,0.150712141928405,-0.7658881490187038,46.799300203242126,0.08390919394563544,BALANCING
0.554,0.14918202906914274,-0.7642249744019038,46.822265717780304,0.08390891371183512,BALANCING
0.556,0.14765524174870434,-0.7625628909869877,46.84497566860491,0.08390828247334724,BALANCING
0.558,0.14613177777982977,-0.7609019029029398,46.86743062036203,0.08390730113955412,BALANCING
0.56,0.1446116349670148,-0.7592420142656888,46.889631137311845,0.0839059706189096,BALANCING
0.562,0.14309481110653732,-0.7575832291778682,46.91157778332693,0.0839042918189433,BALANCING
0.5640000000000001,0.14158130398648416,-0.7559255517286069,46.93327112189059,0.08390226564626418,BALANCING
0.5660000000000001,0.14007111138677836,-0.7542689859933466,46.95471171609521,0.08389989300656359,BALANCING
0.5680000000000001,0.13856423107920648,-0.7526135360336846,46.97590012864068,0.08389717480461763,BALANCING
0.5700000000000001,0.13706066082744667,-0.7509592058972366,46.99683692183287,0.08389411194428929,BALANCING
0.5720000000000001,0.13556039838709666,-0.7493059996175191,47.01752265758206,0.08389070532852996,BALANCING
0.5740000000000001,0.13406344150570204,-0.7476539212138473,47.03795789740148,0.08388695585938064,BALANCING
0.5760000000000001,0.13256978792278476,-0.7460029746912485,47.0581432024058,0.08388286443797296,BALANCING
0.578,0.13107943536987182,-0.7443531640403885,47.078079133309735,0.08387843196452976,BALANCING
0.58,0.12959238157052394,-0.7427044932375081,47.097766250426574,0.08387365933836555,BALANCING
0.582,0.1281086242403647,-0.7410569662443708,47.11720511366676,0.0838685474578866,BALANCING
0.584,0.12662816108710925,-0.7394105870082187,47.13639628253654,0.0838630972205911,BALANCING
0.586,0.12515098981059364,-0.737765359461737,47.15534031613654,0.08385730952306882,BALANCING
0.588,0.12367710810280377,-0.736121287523024,47.174037773160435,0.08385118526100094,BALANCING
0.59,0.12220651364790475,-0.7344783750955678,47.19248921189359,0.08384472532915961,BALANCING
0.592,0.12073920412226997,-0.7328366260682295,47.21069519021168,0.08383793062140732,BALANCING
0.594,0.11927517719451054,-0.7311960443152291,47.22865626557944,0.08383080203069633,BALANCING
0.596,0.1178144305255045,-0.729556633696137,47.24637299504928,0.083823340449068,BALANCING
0.598,0.11635696176842608,-0.7279183980558686,47.26384593525999,0.08381554676765181,BALANCING
0.6,0.11490276856877511,-0.7262813412246818,47.28107564243546,0.08380742187666473,BALANCING
0.602,0.11345184856440628,-0.7246454670181789,47.298062672383416,0.08379896666541015,BALANCING
0.604,0.11200419938555842,-0.7230107792373087,47.314807580494055,0.08379018202227695,BALANCING
0.606,0.11055981865488389,-0.7213772816683728,47.33131092173886,0.08378106883473854,BALANCING
0.608,0.10911870398747779,-0.7197449780830327,47.34757325066927,0.08377162798935173,BALANCING
0.61,0.1076808529909073,-0.7181138722383196,47.36359512141547,0.08376186037175576,BALANCING
0.612,0.10624626326524081,-0.7164839678766443,47.37937708768511,0.08375176686667114,BALANCING
0.614,0.10481493240307731,-0.71485526872581,47.39491970276205,0.08374134835789852,BALANCING
0.616,0.10338685798957549,-0.7132277784990255,47.41022351950519,0.08373060572831761,BALANCING
0.618,0.10196203760248293,-0.7116015008949191,47.42528909034714,0.08371953985988599,BALANCING
0.62,0.10054046881216525,-0.7099764395975546,47.44011696729307,0.08370815163363789,BALANCING
0.622,0.09912214918163524,-0.7083525982764467,47.45470770191946,0.08369644192968312,BALANCING
0.624,0.09770707626658194,-0.7067299805865783,47.46906184537287,0.08368441162720573,BALANCING
0.626,0.09629524761539966,-0.7051085901684176,47.48317994836878,0.08367206160446301,BALANCING
0.628,0.09488666076921705,-0.7034884306479365,47.497062561190354,0.08365939273878414,BALANCING
0.63,0.09348131326192599,-0.7018695056366285,47.51071023368724,0.08364640590656904,BALANCING
0.632,0.09207920262021062,-0.7002518187315286,47.524123515274404,0.08363310198328713,BALANCING
0.634,0.09068032636357615,-0.6986353735152314,47.537302954930915,0.08361948184347623,BALANCING
0.636,0.08928468200437781,-0.6970201735559121,47.55024910119879,0.08360554636074119,BALANCING
0.638,0.0878922670478496,-0.6954062224073452,47.56296250218178,0.08359129640775279,BALANCING
0.64,0.08650307899213311,-0.6937935236089259,47.57544370554429,0.08357673285624653,BALANCING
0.642,0.08511711532830625,-0.6921820806856896,47.58769325851008,0.08356185657702142,BALANCING
0.644,0.08373437354041192,-0.6905718971483336,47.599711707861225,0.08354666843993874,BALANCING
0.646,0.08235485110548675,-0.6889629764932367,47.61149959993689,0.08353116931392088,BALANCING
0.648,0.08097854549358963,-0.6873553222024815,47.62305748063222,0.08351536006695012,BALANCING
0.65,0.07960545416783028,-0.6857489377438747,47.634385895397166,0.08349924156606753,BALANCING
0.652,0.07823557458439788,-0.684143826570969,47.64548538923537,0.08348281467737158,BALANCING
0.654,0.07686890419258945,-0.6825399921230838,47.656356506702984,0.0834660802660172,BALANCING
0.656,0.07550544043483834,-0.6809374378253276,47.66699979190764,0.08344903919621449,BALANCING
0.658,0.07414518074674264,-0.6793361670886188,47.677415788507204,0.08343169233122748,BALANCING
0.66,0.07278812255709355,-0.6777361833097079,47.687605039708735,0.08341404053337312,BALANCING
0.662,0.07143426328790364,-0.676137489871199,47.697568088267346,0.08339608466401996,BALANCING
0.664,0.07008360035443517,-0.6745400901415719,47.7073054764851,0.08337782558358714,BALANCING
0.666,0.06873613116522831,-0.6729439874752036,47.716817746209884,0.08335926415154313,BALANCING
0.668,0.0673918531221293,-0.6713491852123901,47.72610543883435,0.08334040122640468,BALANCING
0.67,0.06605076362031861,-0.6697556866793691,47.73516909529479,0.0833212376657356,BALANCING
0.672,0.06471286004833908,-0.6681634951883412,47.744009256070036,0.08330177432614566,BALANCING
0.674,0.06337813978812387,-0.6665726140374921,47.75262646118039,0.0832820120632895,BALANCING
0.676,0.062046600215024554,-0.6649830465110153,47.76102125018655,0.0832619517318655,BALANCING
0.678,0.06071823869783905,-0.6633947958791331,47.769194162188526,0.08324159418561461,BALANCING
0.68,0.05939305259883956,-0.6618078653981193,47.777145735824554,0.0832209402773193,BALANCING
0.682,0.05807103927380042,-0.6602222583103218,47.78487650927005,0.08319999085880248,BALANCING
0.684,0.05675219607202594,-0.6586379778441835,47.792387020236546,0.08317874678092635,BALANCING
0.686,0.055436520336378206,-0.6570550272142658,47.7996778059706,0.08315720889359136,BALANCING
0.6880000000000001,0.05412400940330481,-0.6554734096212698,47.806749403252816,0.08313537804573516,BALANCING
0.6900000000000001,0.05281466060286654,-0.6538931282520589,47.81360234839669,0.08311325508533135,BALANCING
0.6920000000000001,0.05150847125876506,-0.6523141862796807,47.82023717724768,0.08309084085938868,BALANCING
0.6940000000000001,0.0502054386883705,-0.6507365868633899,47.826654425182056,0.08306813621394984,BALANCING
0.6960000000000001,0.04890556020274903,-0.6491603331486695,47.83285462710598,0.08304514199409034,BALANCING
0.6980000000000001,0.047608833106690354,-0.6475854282672537,47.83883831745438,0.08302185904391769,BALANCING
0.7000000000000001,0.04631525469873525,-0.6460118753371503,47.844606030189986,0.08299828820657011,BALANCING
0.7020000000000001,0.045024822271202934,-0.6444396774626623,47.850158298802256,0.08297443032421561,BALANCING
0.704,0.04373753311021848,-0.6428688377344104,47.855495656306424,0.08295028623805108,BALANCING
0.706,0.04245338449574016,-0.6412993592293553,47.860618635242446,0.08292585678830101,BALANCING
0.708,0.041172373701586745,-0.6397312450108202,47.865527767674,0.08290114281421673,BALANCING
0.71,0.039894497995464746,-0.6381644981285124,47.8702235851875,0.08287614515407525,BALANCING
0.712,0.03861975463899564,-0.6365991216185461,47.874706618891075,0.08285086464517832,BALANCING
0.714,0.037348140887743034,-0.6350351185034645,47.87897739941359,0.08282530212385145,BALANCING
0.716,0.03607965399123977,-0.633472491792262,47.883036456903675,0.08279945842544281,BALANCING
0.718,0.03481429119301501,-0.6319112444804063,47.886884321028695,0.0827733343843225,BALANCING
0.72,0.03355204973062128,-0.630351379549861,47.89052152097382,0.08274693083388127,BALANCING
0.722,0.03229292683566143,-0.628792899969108,47.89394858544103,0.08272024860652975,BALANCING
0.724,0.03103691973381559,-0.6272358086931691,47.89716604264814,0.08269328853369749,BALANCING
0.726,0.02978402564486809,-0.6256801086636286,47.900174420327836,0.08266605144583189,BALANCING
0.728,0.02853424178273429,-0.6241258028086558,47.90297424572672,0.08263853817239734,BALANCING
0.73,0.027287565355487365,-0.6225728940430268,47.90556604560435,0.08261074954187432,BALANCING
0.732,0.026043993565385126,-0.6210213852681474,47.90795034623232,0.08258268638175835,BALANCING
0.734,0.024803523608896698,-0.6194712793720747,47.91012767339324,0.08255434951855913,BALANCING
0.736,0.023566152676729207,-0.6179225792295396,47.91209855237987,0.08252573977779966,BALANCING
0.738,0.022331877953854412,-0.6163752877019693,47.91386350799412,0.0824968579840152,BALANCING
0.74,0.021100696619535293,-0.614829407637509,47.915423064546175,0.08246770496075251,BALANCING
0.742,0.019872605847352592,-0.613284941871045,47.91677774585353,0.08243828153056884,BALANCING
0.744,0.0186476028052313,-0.611741893224226,47.91792807524005,0.08240858851503116,BALANCING
0.746,0.017425684655467136,-0.6102002645054863,47.918874575535085,0.08237862673471506,BALANCING
0.748,0.016206848554752917,-0.6086600585100669,47.919617769072545,0.0823483970092041,BALANCING
0.75,0.014991091654204952,-0.6071212780200392,47.92015817768998,0.08231790015708879,BALANCING
0.752,0.013778411099389353,-0.6055839258043261,47.92049632272767,0.08228713699596575,BALANCING
0.754,0.012568804030348307,-0.6040480046187245,47.92063272502774,0.08225610834243693,BALANCING
0.756,0.011362267581626303,-0.6025135172059282,47.92056790493324,0.08222481501210861,BALANCING
0.758,0.01015879888229633,-0.600980466295549,47.92030238228728,0.08219325781959069,BALANCING
0.76,0.008958395055986,-0.59944885460414,47.91983667643211,0.08216143757849573,BALANCING
0.762,0.007761053220903661,-0.5979186848352172,47.919171306208256,0.08212935510143822,BALANCING
0.764,0.0065667704898644454,-0.5963899596792822,47.91830678995361,0.08209701120003365,BALANCING
0.766,0.00537554397031627,-0.5948626818138438,47.917243645502616,0.08206440668489781,BALANCING
0.768,0.004187370764365806,-0.5933368539034412,47.91598239018532,0.08203154236564578,BALANCING
0.77,0.003002247968804398,-0.5918124785996651,47.91452354082657,0.08199841905089134,BALANCING
0.772,0.0018201726751339328,-0.5902895585411808,47.9128676137451,0.08196503754824601,BALANCING
0.774,0.0006411419695926772,-0.5887680963537499,47.91101512475272,0.08193139866431834,BALANCING
0.776,-0.000534847066818943,-0.5872480946502533,47.90896658915342,0.08189750320471303,BALANCING
0.778,-0.0017077973583126001,-0.5857295560307122,47.90672252174254,0.08186335197403022,BALANCING
0.78,-0.0028777118342863672,-0.5842124830823112,47.90428343680592,0.08182894577586469,BALANCING
0.782,-0.004044593429299067,-0.5826968783794206,47.901649848119064,0.08179428541280506,BALANCING
0.784,-0.005208445083044665,-0.581182744483618,47.89882226894632,0.08175937168643309,BALANCING
0.786,-0.006369269740326704,-0.5796700839437108,47.895801212039984,0.08172420539732281,BALANCING
0.788,-0.007527070351032787,-0.5781588992957586,47.89258718963955,0.08168878734503984,BALANCING
0.79,-0.008681849870109105,-0.5766491930630951,47.889180713470836,0.08165311832814069,BALANCING
0.792,-0.009833611257535001,-0.5751409677563507,47.88558229474518,0.08161719914417187,BALANCING
0.794,-0.01098235747829759,-0.573634225873474,47.88179244415862,0.0815810305896693,BALANCING
0.796,-0.012128091502366416,-0.5721289698997547,47.8778116718911,0.08154461346015747,BALANCING
0.798,-0.013270816304668158,-0.5706252023078456,47.87364048760565,0.08150794855014883,BALANCING
0.8,-0.014410534865061369,-0.5691229255577844,47.86927940044755,0.08147103665314294,BALANCING
0.802,-0.015547250168311278,-0.5676221420970163,47.8647289190436,0.08143387856162584,BALANCING
0.804,-0.016680965204064622,-0.5661228543604162,47.85998955150127,0.08139647506706936,BALANCING
0.806,-0.017811682966824526,-0.5646250647703105,47.85506180540794,0.08135882695993037,BALANCING
0.808,-0.018939406455925425,-0.5631287757364996,47.849946187830106,0.08132093502965008,BALANCING
0.81,-0.020064138675508048,-0.5616339896562798,47.84464320531259,0.08128280006465344,BALANCING
0.812,-0.021185882634494408,-0.5601407089144657,47.83915336387776,0.08124442285234833,BALANCING
0.8140000000000001,-0.02230464134656289,-0.5586489358834125,47.833477169024796,0.08120580417912496,BALANCING
0.8160000000000001,-0.023420417830123316,-0.5571586729230376,47.82761512572887,0.08116694483035525,BALANCING
0.8180000000000001,-0.024533215108292126,-0.5556699223808429,47.82156773844039,0.08112784559039206,BALANCING
0.8200000000000001,-0.025643036208867553,-0.5541826865919377,47.81533551108428,0.08108850724256855,BALANCING
0.8220000000000001,-0.02674988416430486,-0.5526969678790599,47.80891894705918,0.08104893056919761,BALANCING
0.8240000000000001,-0.02785376201169161,-0.551212768552598,47.80231854923671,0.08100911635157114,BALANCING
0.8260000000000001,-0.02895467279272302,-0.5497300909106148,47.79553481996073,0.08096906536995944,BALANCING
0.8280000000000001,-0.030052619553677287,-0.5482489372388671,47.78856826104657,0.08092877840361058,BALANCING
0.8300000000000001,-0.031147605345391037,-0.5467693098108303,47.78141937378033,0.08088825623074972,BALANCING
0.8320000000000001,-0.032239633223234754,-0.5452912108877185,47.77408865891812,0.08084749962857857,BALANCING
0.834,-0.0333287062470883,-0.5438146427185078,47.76657661668529,0.08080650937327473,BALANCING
0.836,-0.03441482748131646,-0.5423396075399581,47.75888374677581,0.08076528623999105,BALANCING
0.838,-0.03549799999474451,-0.5408661075766349,47.751010548351424,0.0807238310028551,BALANCING
0.84,-0.03657822686063387,-0.5393941450409319,47.74295752004102,0.08068214443496852,BALANCING
0.842,-0.03765551115665778,-0.5379237221330927,47.734725159939856,0.08064022730840638,BALANCING
0.844,-0.038729855964877,-0.5364548410412328,47.726313965608895,0.08059808039421677,BALANCING
0.846,-0.03980126437171561,-0.5349875039413621,47.71772443407407,0.08055570446241998,BALANCING
0.848,-0.0408697394679368,-0.5335217129974066,47.70895706182559,0.08051310028200812,BALANCING
0.85,-0.04193528434861874,-0.5320574703612306,47.70001234481724,0.08047026862094446,BALANCING
0.852,-0.04299790211313043,-0.530594778172659,47.69089077846568,0.08042721024616285,BALANCING
0.854,-0.04405759586510772,-0.5291336385594986,47.681592857649775,0.08038392592356726,BALANCING
0.856,-0.0451143687124292,-0.527674053637561,47.672119076709876,0.08034041641803111,BALANCING
0.858,-0.046168223767192346,-0.5262160255106841,47.66246992944718,0.08029668249339679,BALANCING
0.86,-0.047219164145689496,-0.5247595562707544,47.65264590912299,0.0802527249124751,BALANCING
0.862,-0.048267192968384,-0.5233046479977289,47.64264750845812,0.08020854443704478,BALANCING
0.864,-0.0493123133598864,-0.5218513027596571,47.63247521963214,0.08016414182785181,BALANCING
0.866,-0.05035452844893065,-0.5203995226127027,47.62212953428279,0.08011951784460912,BALANCING
0.868,-0.05139384136835029,-0.5189493096011668,47.61161094350526,0.08007467324599586,BALANCING
0.87,-0.05243025525505483,-0.5175006657575082,47.600919937851536,0.08002960878965706,BALANCING
0.872,-0.05346377325000605,-0.5160535931023666,47.59005700732978,0.07998432523220297,BALANCING
0.874,-0.054494398498194346,-0.5146080936445844,47.57902264140366,0.07993882332920868,BALANCING
0.876,-0.05552213414861524,-0.513164169381228,47.567817328991694,0.07989310383521357,BALANCING
0.878,-0.05654698335424579,-0.5117218222976105,47.55644155846662,0.07984716750372084,BALANCING
0.88,-0.05756894927202109,-0.5102810543673139,47.54489581765474,0.07980101508719697,BALANCING
0.882,-0.058588035062810906,-0.5088418675522096,47.53318059383532,0.07975464733707137,BALANCING
0.884,-0.05960424389139618,-0.5074042638024823,47.521296373739915,0.07970806500373573,BALANCING
0.886,-0.06061757892644578,-0.5059682450566504,47.50924364355179,0.0796612688365437,BALANCING
0.888,-0.06162804334049309,-0.5045338132415885,47.49702288890524,0.07961425958381041,BALANCING
0.89,-0.06263564030991282,-0.5031009702725496,47.48463459488504,0.0795670379928119,BALANCING
0.892,-0.06364037301489774,-0.5016697180531866,47.47207924602576,0.07951960480978482,BALANCING
0.894,-0.06464224463943549,-0.5002400584755743,47.45935732631119,0.0794719607799259,BALANCING
0.896,-0.06564125837128554,-0.4988119934202315,47.44646931917376,0.07942410664739151,BALANCING
0.898,-0.06663741740195595,-0.4973855247561427,47.433415707493864,0.07937604315529725,BALANCING
0.9,-0.06763072492668046,-0.49596065434078007,47.42019697359933,0.0793277710457175,BALANCING
0.902,-0.06862118414439541,-0.49453738402012515,47.40681359926478,0.07927929105968506,BALANCING
0.904,-0.0696087982577168,-0.493115715628691,47.39326606571106,0.07923060393719064,BALANCING
0.906,-0.0705935704729174,-0.4916956509895439,47.379554853604645,0.07918171041718251,BALANCING
0.908,-0.0715755039999038,-0.4902771919143253,47.36568044305706,0.0791326112375661,BALANCING
0.91,-0.07255460205219366,-0.4888603402032735,47.351643313624294,0.07908330713520352,BALANCING
0.912,-0.07353086784689294,-0.48744509764524563,47.337443944306216,0.07903379884591327,BALANCING
0.914,-0.07450430460467307,-0.4860314660177396,47.32308281354602,0.07898408710446977,BALANCING
0.916,-0.07547491554974832,-0.4846194470869157,47.308560399229656,0.07893417264460302,BALANCING
0.918,-0.0764427039098531,-0.48320904260761827,47.29387717868522,0.0788840561989982,BALANCING
0.92,-0.07740767291621944,-0.4818002543233979,47.279033628682484,0.07883373849929533,BALANCING
0.922,-0.07836982580355431,-0.48039308396653313,47.26403022543224,0.07878322027608885,BALANCING
0.924,-0.07932916581001717,-0.478987533258052,47.24886744458581,0.07873250225892725,BALANCING
0.926,-0.08028569617719747,-0.47758360390775406,47.23354576123446,0.07868158517631278,BALANCING
0.928,-0.0812394201500922,-0.47618129761423195,47.218065649908894,0.07863046975570107,BALANCING
0.93,-0.08219034097708353,-0.4747806160648935,47.20242758457867,0.07857915672350074,BALANCING
0.932,-0.08313846190991643,-0.47338156093598316,47.18663203865168,0.07852764680507311,BALANCING
0.934,-0.0840837862036764,-0.4719841338926037,47.170679484973626,0.07847594072473185,BALANCING
0.936,-0.08502631711676717,-0.4705883365887382,47.15457039582746,0.0784240392057426,BALANCING
0.9380000000000001,-0.0859660579108885,-0.46919417066727176,47.13830524293289,0.07837194297032274,BALANCING
0.9400000000000001,-0.08690301185101403,-0.4678016377600131,47.121884497445826,0.07831965273964098,BALANCING
0.9420000000000001,-0.08783718220536905,-0.46641073948771605,47.10530862995788,0.07826716923381709,BALANCING
0.9440000000000001,-0.08876857224540857,-0.46502147746010175,47.08857811049585,0.07821449317192156,BALANCING
0.9460000000000001,-0.08969718524579517,-0.4636338532758798,47.07169340852119,0.07816162527197533,BALANCING
0.9480000000000001,-0.090623024484377,-0.4622478685227706,47.05465499292953,0.07810856625094949,BALANCING
0.9500000000000001,-0.09154609324216581,-0.4608635247775263,47.03746333205012,0.07805531682476494,BALANCING
0.9520000000000001,-0.09246639480331514,-0.45948082360595294,47.0201188936454,0.07800187770829212,BALANCING
0.9540000000000001,-0.09338393245509835,-0.4580997665629319,47.002622144910454,0.07794824961535075,BALANCING
0.9560000000000001,-0.09429870948788678,-0.4567203551924416,46.98497355247251,0.07789443325870955,BALANCING
0.9580000000000001,-0.09521072919512806,-0.4553425910275792,46.96717358239047,0.07784042935008594,BALANCING
0.96,-0.09611999487332429,-0.4539664755905819,46.94922270015444,0.07778623860014573,BALANCING
0.962,-0.09702650982201035,-0.45259201039284913,46.931121370685204,0.07773186171850296,BALANCING
0.964,-0.09793027734373227,-0.45121919693496354,46.91287005833377,0.07767729941371958,BALANCING
0.966,-0.09883130074402563,-0.44984803670671303,46.89446922688091,0.07762255239330519,BALANCING
0.968,-0.09972958333139395,-0.44847853118711195,46.87591933953663,0.07756762136371682,BALANCING
0.97,-0.10062512841728717,-0.44711068184442315,46.85722085893977,0.07751250703035864,BALANCING
0.972,-0.1015179393160802,-0.4457444901361792,46.8383742471575,0.07745721009758179,BALANCING
0.974,-0.10240801934505148,-0.44437995750920384,46.81937996568487,0.07740173126868402,BALANCING
0.976,-0.10329537182436153,-0.44301708539963386,46.80023847544433,0.07734607124590968,BALANCING
0.978,-0.10418000007703168,-0.4416558752329404,46.780950236785344,0.07729023073044927,BALANCING
0.98,-0.10506190742892266,-0.4402963284239505,46.76151570948383,0.07723421042243936,BALANCING
0.982,-0.10594109720871343,-0.43893844637686874,46.74193535274181,0.07717801102096229,BALANCING
0.984,-0.10681757274787991,-0.4375822304852985,46.72220962518693,0.07712163322404605,BALANCING
0.986,-0.10769133738067378,-0.4362276821322636,46.70233898487199,0.07706507772866401,BALANCING
0.988,-0.10856239444410139,-0.4348748026902298,46.68232388927458,0.07700834523073471,BALANCING
0.99,-0.10943074727790263,-0.4335235935211262,46.66216479529657,0.07695143642512174,BALANCING
0.992,-0.11029639922452986,-0.43217405597636677,46.64186215926373,0.0768943520056335,BALANCING
0.994,-0.111159353629127,-0.4308261913968716,46.621416436925294,0.076837092665023,BALANCING
0.996,-0.11201961383950843,-0.42948000111308854,46.60082808345352,0.07677965909498774,BALANCING
0.998,-0.11287718320613815,-0.4281354864450144,46.58009755344329,0.07672205198616949,BALANCING
1.0,-0.11373206508210888,-0.4267926487022169,46.5592253009117,0.07666427202815408,BALANCING
1.002,-0.11458426282312124,-0.42545148918385517,46.53821177929762,0.07660631990947135,BALANCING
1.004,-0.11543377978746291,-0.42411200917870195,46.517057441461304,0.07654819631759492,BALANCING
1.006,-0.11628061933598792,-0.4227742099651645,46.495762739684,0.07648990193894199,BALANCING
1.008,-0.11712478483209592,-0.42143809281130623,46.47432812566752,0.07643143745887329,BALANCING
1.01,-0.1179662796417115,-0.42010365897486784,46.452754050533855,0.07637280356169289,BALANCING
1.012,-0.11880510713326362,-0.4187709097032888,46.43104096482478,0.07631400093064802,BALANCING
1.014,-0.11964127067766495,-0.4174398462337286,46.409189318501475,0.07625503024792898,BALANCING
1.016,-0.12047477364829143,-0.41611046979308813,46.38719956094412,0.07619589219466903,BALANCING
1.018,-0.12130561942096167,-0.41478278159803095,46.36507214095151,0.07613658745094423,BALANCING
1.02,-0.12213381137391656,-0.4134567828550046,46.3428075067407,0.07607711669577329,BALANCING
1.022,-0.12295935288779886,-0.41213247476026177,46.320406105946574,0.07601748060711748,BALANCING
1.024,-0.12378224734563281,-0.41080985849988183,46.29786838562155,0.07595767986188058,BALANCING
1.026,-0.12460249813280376,-0.4094889352497919,46.27519479223513,0.07589771513590865,BALANCING
1.028,-0.12542010863703804,-0.408169706175788,46.252385771673595,0.07583758710399005,BALANCING
1.03,-0.12623508224838248,-0.40685217243355665,46.22944176923961,0.07577729643985529,BALANCING
1.032,-0.1270474223591845,-0.40553633516869564,46.20636322965185,0.07571684381617685,BALANCING
1.034,-0.1278571323640717,-0.4042221955167354,46.18315059704469,0.0756562299045693,BALANCING
1.036,-0.12866421565993186,-0.4029097546031605,46.159804314967786,0.07559545537558897,BALANCING
1.038,-0.12946867564589284,-0.4015990135434303,46.136324826385824,0.0755345208987341,BALANCING
1.04,-0.13027051572330267,-0.4002899734430006,46.11271257367806,0.07547342714244458,BALANCING
1.042,-0.13106973929570934,-0.3989826353973446,46.08896799863805,0.07541217477410199,BALANCING
1.044,-0.13186634976884104,-0.39767700049197385,46.06509154247327,0.07535076446002953,BALANCING
1.046,-0.1326603505505862,-0.39637306980245995,46.04108364580483,0.07528919686549189,BALANCING
1.048,-0.13345174505097357,-0.3950708443944549,46.01694474866709,0.07522747265469527,BALANCING
1.05,-0.13424053668215252,-0.3937703253237129,45.992675290507364,0.07516559249078729,BALANCING
1.052,-0.13502672885837322,-0.3924715136361111,45.968275710185544,0.07510355703585693,BALANCING
1.054,-0.1358103249959668,-0.3911744103676707,45.943746445973844,0.07504136695093452,BALANCING
1.056,-0.1365913285133258,-0.38987901654457807,45.91908793555644,0.07497902289599173,BALANCING
1.058,-0.13736974283088454,-0.3885853331832059,45.89430061602916,0.07491652552994142,BALANCING
1.06,-0.13814557137109937,-0.38729336129013414,45.86938492389917,0.07485387551063777,BALANCING
1.062,-0.13891881755842914,-0.386003101862171,45.84434129508465,0.07479107349487611,BALANCING
1.064,-0.13968948481931578,-0.38471455588637393,45.81917016491451,0.07472812013839299,BALANCING
1.066,-0.1404575765821648,-0.3834277243400709,45.7938719681281,0.07466501609586616,BALANCING
1.068,-0.1412230962773257,-0.38214260819088103,45.76844713887486,0.07460176202091454,BALANCING
1.07,-0.14198604733707282,-0.3808592083967359,45.742896110714064,0.07453835856609815,BALANCING
1.072,-0.1427464331955857,-0.37957752590590027,45.717219316614504,0.07447480638291826,BALANCING
1.074,-0.14350425728893001,-0.3782975616569932,45.69141718895422,0.07441110612181727,BALANCING
1.076,-0.14425952305503814,-0.37701931657900883,45.66549015952018,0.07434725843217875,BALANCING
1.078,-0.14501223393369012,-0.37574279159133744,45.639438659508045,0.07428326396232741,BALANCING
1.08,-0.14576239336649416,-0.3744679876037863,45.613263119521825,0.07421912335952927,BALANCING
1.082,-0.14651000479686782,-0.3731949055166005,45.58696396957367,0.07415483726999146,BALANCING
1.084,-0.14725507167001867,-0.3719235462204842,45.560541639083525,0.07409040633886242,BALANCING
1.086,-0.14799759743292543,-0.37065391059662084,45.53399655687894,0.07402583121023187,BALANCING
1.088,-0.14873758553431868,-0.3693859995166947,45.5073291511947,0.07396111252713078,BALANCING
1.09,-0.14947503942466217,-0.36811981384291126,45.48053984967267,0.07389625093153156,BALANCING
1.092,-0.15020996255613375,-0.36685535442801825,45.453629079361434,0.0738312470643479,BALANCING
1.094,-0.1509423583826064,-0.36559262211532645,45.42659726671612,0.07376610156543503,BALANCING
1.096,-0.1516722303596295,-0.36433161773873024,45.399444837598075,0.07370081507358958,BALANCING
1.098,-0.15239958194441006,-0.3630723421227289,45.37217221727467,0.0736353882265498,BALANCING
1.1,-0.1531244165957937,-0.36181479608244693,45.34477983041899,0.07356982166099549,BALANCING
1.102,-0.1538467377742462,-0.36055898042365503,45.317268101109654,0.07350411601254811,BALANCING
1.104,-0.15456654894183475,-0.35930489594279075,45.28963745283054,0.07343827191577089,BALANCING
1.106,-0.1552838535622091,-0.3580525434269792,45.26188830847052,0.07337229000416888,BALANCING
1.108,-0.15599865510058325,-0.35680192365405383,45.23402109032327,0.07330617091018898,BALANCING
1.11,-0.15671095702371668,-0.3555530373925774,45.206036220087,0.07323991526522004,BALANCING
1.112,-0.1574207627998959,-0.354305885401862,45.177934118864265,0.07317352369959301,BALANCING
1.114,-0.158128075898916,-0.3530604684319904,45.14971520716168,0.07310699684258093,BALANCING
1.116,-0.1588328997920622,-0.35181678722383647,45.121379904889736,0.07304033532239908,BALANCING
1.118,-0.15953523795209132,-0.35057484250908544,45.09292863136258,0.07297353976620516,BALANCING
1.12,-0.16023509385321366,-0.3493346350102553,45.06436180529779,0.07290661080009915,BALANCING
1.122,-0.16093247097107452,-0.3480961654407167,45.03567984481613,0.07283954904912368,BALANCING
1.124,-0.16162737278273595,-0.34685943450471407,45.00688316744139,0.072772355137264,BALANCING
1.1260000000000001,-0.16231980276665858,-0.3456244428973858,44.97797219010013,0.0727050296874481,BALANCING
1.1280000000000001,-0.1630097644026833,-0.3443911913047852,44.94894732912152,0.07263757332154691,BALANCING
1.1300000000000001,-0.16369726117201333,-0.3431596804039007,44.919809000237095,0.0725699866603743,BALANCING
1.1320000000000001,-0.1643822965571958,-0.34192991086267666,44.89055761858058,0.07250227032368732,BALANCING
1.1340000000000001,-0.16506487404210404,-0.34070188334003376,44.86119359868768,0.07243442493018624,BALANCING
1.1360000000000001,-0.16574499711191928,-0.3394755984858895,44.831717354495886,0.0723664510975148,BALANCING
1.1380000000000001,-0.16642266925311275,-0.33825105694117885,44.80212929934431,0.07229834944226016,BALANCING
1.1400000000000001,-0.16709789395342778,-0.3370282593378745,44.77242984597346,0.07223012057995327,BALANCING
1.1420000000000001,-0.16777067470186183,-0.3358072062990075,44.74261940652508,0.07216176512506887,BALANCING
1.1440000000000001,-0.16844101498864866,-0.3345878984386878,44.71269839254196,0.07209328369102568,BALANCING
1.1460000000000001,-0.1691089183052405,-0.33337033636212443,44.682667214967736,0.0720246768901865,BALANCING
1.1480000000000001,-0.16977438814429033,-0.332154520665646,44.65252628414678,0.07195594533385856,BALANCING
1.1500000000000001,-0.17043742799963402,-0.3309404519367213,44.62227600982394,0.07188708963229337,BALANCING
1.1520000000000001,-0.17109804136627266,-0.32972813075397944,44.59191680114445,0.07181811039468722,BALANCING
1.154,-0.17175623174035504,-0.3285175576872304,44.561449066653694,0.07174900822918111,BALANCING
1.156,-0.17241200261915982,-0.32730873329748533,44.53087321429709,0.07167978374286102,BALANCING
1.158,-0.17306535750107815,-0.3261016581369769,44.5001896514199,0.07161043754175812,BALANCING
1.16,-0.173716299885596,-0.3248963327491795,44.469398784767115,0.07154097023084888,BALANCING
1.162,-0.17436483327327668,-0.3236927576688299,44.43850102048322,0.07147138241405528,BALANCING
1.164,-0.1750109611657435,-0.3224909334219471,44.407496764112146,0.07140167469424506,BALANCING
1.166,-0.17565468706566215,-0.3212908605258531,44.376386420597036,0.07133184767323182,BALANCING
1.168,-0.17629601447672355,-0.32009253948919264,44.34517039428012,0.07126190195177531,BALANCING
1.17,-0.17693494690362632,-0.318895970811954,44.31384908890259,0.07119183812958153,BALANCING
1.172,-0.17757148785205967,-0.3177011549854886,44.282422907604456,0.07112165680530305,BALANCING
1.174,-0.17820564082868598,-0.31650809249253187,44.250892252924395,0.07105135857653917,BALANCING
1.176,-0.1788374093411237,-0.3153167838072231,44.219257526799616,0.07098094403983608,BALANCING
1.178,-0.17946679689793008,-0.31412722939512566,44.187519130565754,0.07091041379068719,BALANCING
1.18,-0.18009380700858416,-0.31293942971324723,44.15567746495669,0.07083976842353323,BALANCING
1.182,-0.18071844318346963,-0.3117533852100599,44.12373293010448,0.07076900853176263,BALANCING
1.184,-0.18134070893385773,-0.3105690963255205,44.0916859255392,0.07069813470771155,BALANCING
1.186,-0.1819606077718903,-0.3093865634910902,44.059536850188834,0.07062714754266432,BALANCING
1.188,-0.18257814321056273,-0.30820578712975544,44.02728610237914,0.07055604762685348,BALANCING
1.19,-0.18319331876370715,-0.30702676765604714,43.994934079833584,0.07048483554946024,BALANCING
1.192,-0.18380613794597547,-0.3058495054760615,43.96248117967315,0.07041351189861451,BALANCING
1.194,-0.18441660427282247,-0.30467400098747977,43.9299277984163,0.07034207726139528,BALANCING
1.196,-0.18502472126048916,-0.303500254579588,43.897274331978856,0.07027053222383087,BALANCING
1.198,-0.18563049242598584,-0.30232826663329765,43.864521175673836,0.0701988773708991,BALANCING
1.2,-0.18623392128707544,-0.30115803752116516,43.83166872421144,0.07012711328652765,BALANCING
1.202,-0.18683501136225683,-0.2999895676074122,43.7987173716989,0.07005524055359424,BALANCING
1.204,-0.1874337661707482,-0.29882285724794533,43.76566751164038,0.06998325975392698,BALANCING
1.206,-0.18803018923247036,-0.2976579067903763,43.73251953693692,0.06991117146830456,BALANCING
1.208,-0.1886242840680303,-0.2964947165740419,43.69927383988632,0.06983897627645659,BALANCING
1.21,-0.18921605419870458,-0.2953332869300239,43.66593081218304,0.06976667475706386,BALANCING
1.212,-0.18980550314642272,-0.2941736181811687,43.63249084491816,0.06969426748775856,BALANCING
1.214,-0.1903926344337511,-0.29301571064210763,43.59895432857926,0.0696217550451247,BALANCING
1.216,-0.19097745158387613,-0.2918595646192765,43.565321653050354,0.06954913800469827,BALANCING
1.218,-0.1915599581205882,-0.29070518041093557,43.531593207611806,0.06947641694096757,BALANCING
1.22,-0.19214015756826516,-0.28955255830718957,43.49776938094028,0.06940359242737357,BALANCING
1.222,-0.19271805345185616,-0.28840169859000725,43.463850561108636,0.06933066503631014,BALANCING
1.224,-0.19329364929686524,-0.28725260153324134,43.42983713558589,0.0692576353391244,BALANCING
1.226,-0.19386694862933532,-0.28610526740264847,43.39572949123714,0.06918450390611693,BALANCING
1.228,-0.1944379549758318,-0.2849596964559086,43.36152801432351,0.06911127130654224,BALANCING
1.23,-0.19500667186342666,-0.2838158889426449,43.32723309050206,0.06903793810860898,BALANCING
1.232,-0.19557310281968218,-0.2826738451044439,43.292845104825766,0.06896450487948028,BALANCING
1.234,-0.19613725137263502,-0.28153356517487454,43.258364441743446,0.068890972185274,BALANCING
1.236,-0.19669912105078005,-0.2803950493795085,43.223791485099696,0.06881734059106324,BALANCING
1.238,-0.19725871538305462,-0.27925829793593937,43.1891266181349,0.06874361066087648,BALANCING
1.24,-0.19781603789882227,-0.27812331105380267,43.15437022348511,0.06866978295769804,BALANCING
1.242,-0.19837109212785722,-0.2769900889347954,43.11952268318205,0.06859585804346836,BALANCING
1.244,-0.19892388160032826,-0.27585863177269565,43.08458437865303,0.0685218364790843,BALANCING
1.246,-0.19947440984678297,-0.27472893975338236,43.049555690720965,0.06844771882439958,BALANCING
1.248,-0.200022680398132,-0.2736010130548548,43.01443699960431,0.06837350563822503,BALANCING
1.25,-0.20056869678563333,-0.2724748518472519,42.979228684917004,0.06829919747832904,BALANCING
1.252,-0.20111246254087653,-0.27135045629287247,42.94393112566849,0.06822479490143782,BALANCING
1.254,-0.20165398119576705,-0.27022782654619404,42.90854470026364,0.06815029846323582,BALANCING
1.256,-0.20219325628251078,-0.26910696275389306,42.873069786502754,0.06807570871836609,BALANCING
1.258,-0.2027302913335983,-0.2679878650548638,42.83750676158155,0.06800102622043057,BALANCING
1.26,-0.20326508988178926,-0.2668705335802383,42.801856002091085,0.06792625152199051,BALANCING
1.262,-0.2037976554600972,-0.2657549684534056,42.76611788401783,0.06785138517456696,BALANCING
1.264,-0.20432799160177376,-0.26464116979003144,42.730292782743575,0.06777642772864086,BALANCING
1.266,-0.20485610184029338,-0.2635291376980773,42.694381073045435,0.06770137973365367,BALANCING
1.268,-0.20538198970933796,-0.2624188722778203,42.65838312909588,0.06762624173800767,BALANCING
1.27,-0.20590565874278144,-0.26131037362187226,42.62229932446267,0.06755101428906633,BALANCING
1.272,-0.20642711247467443,-0.26020364181519934,42.586130032108905,0.0674756979331547,BALANCING
1.274,-0.20694635443922912,-0.2590986769351412,42.549875624392975,0.06740029321555979,BALANCING
1.276,-0.20746338817080395,-0.25799547905143055,42.5135364730686,0.06732480068053104,BALANCING
1.278,-0.2079782172038883,-0.2568940482262124,42.47711294928479,0.06724922087128063,BALANCING
1.28,-0.2084908450730875,-0.2557943845140634,42.4406054235859,0.06717355432998386,BALANCING
1.282,-0.20900127531310767,-0.2546964879620109,42.404014265911606,0.0670978015977797,BALANCING
1.284,-0.20950951145874064,-0.2536003586095527,42.367339845596916,0.06702196321477107,BALANCING
1.286,-0.2100155570448488,-0.25250599648867605,42.330582531372194,0.06694603972002523,BALANCING
1.288,-0.21051941560635035,-0.2514134016238767,42.29374269136317,0.06687003165157436,BALANCING
1.29,-0.21102109067820402,-0.25032257403217856,42.25682069309097,0.0667939395464158,BALANCING
1.292,-0.21152058579539443,-0.2492335137231529,42.21981690347211,0.06671776394051254,BALANCING
1.294,-0.212017904492917,-0.24814622069893694,42.182731688818535,0.06664150536879364,BALANCING
1.296,-0.21251305030576326,-0.24706069495425362,42.14556541483766,0.06656516436515471,BALANCING
1.298,-0.21300602676890587,-0.24597693647643065,42.10831844663237,0.06648874146245821,BALANCING
1.3,-0.21349683741728404,-0.24489494524541947,42.070991148701054,0.06641223719253406,BALANCING
1.302,-0.21398548578578863,-0.24381472123381442,42.03358388493766,0.06633565208617992,BALANCING
1.304,-0.2144719754092475,-0.24273626440687213,41.99609701863172,0.06625898667316171,BALANCING
1.306,-0.214956309822411,-0.24165957472253025,41.95853091246837,0.06618224148221402,BALANCING
1.308,-0.2154384925599372,-0.24058465213142644,41.920885928528406,0.06610541704104064,BALANCING
1.31,-0.21591852715637713,-0.23951149657691798,41.88316242828834,0.06602851387631485,BALANCING
1.312,-0.21639641714616079,-0.23844010799510004,41.84536077262041,0.06595153251368005,BALANCING
1.314,-0.21687216606358203,-0.23737048631482546,41.80748132179267,0.06587447347775008,BALANCING
1.316,-0.2173457774427845,-0.2363026314577232,41.769524435468995,0.06579733729210974,BALANCING
1.318,-0.217817254817747,-0.23523654333821745,41.73149047270917,0.06572012447931527,BALANCING
1.32,-0.21828660172226924,-0.2341722218635467,41.69337979196891,0.06564283556089474,BALANCING
1.322,-0.2187538216899574,-0.2331096669337824,41.65519275109997,0.06556547105734864,BALANCING
1.324,-0.21921891825420983,-0.2320488784418482,41.61692970735014,0.06548803148815023,BALANCING
1.326,-0.2196818949482027,-0.23098985627353885,41.578591017363365,0.0654105173717461,BALANCING
1.328,-0.22014275530487595,-0.22993260030753873,41.54017703717976,0.06533292922555654,BALANCING
1.33,-0.22060150285691893,-0.22887711041544104,41.50168812223571,0.0652552675659762,BALANCING
1.332,-0.22105814113675626,-0.22782338646176645,41.46312462736393,0.06517753290837439,BALANCING
1.334,-0.2215126736765338,-0.226771428303982,41.424486906793526,0.06509972576709568,BALANCING
1.336,-0.22196510400810437,-0.2257212357925201,41.38577531415009,0.06502184665546033,BALANCING
1.338,-0.22241543566301397,-0.22467280877079682,41.346990202455736,0.06494389608576485,BALANCING
1.34,-0.2228636721724875,-0.22362614707523112,41.30813192412925,0.06486587456928242,BALANCING
1.342,-0.22330981706741496,-0.2225812505352634,41.26920083098608,0.06478778261626345,BALANCING
1.344,-0.2237538738783374,-0.22153811897337425,41.2301972742385,0.06470962073593604,BALANCING
1.346,-0.22419584613543309,-0.2204967522051032,41.191121604495635,0.06463138943650651,BALANCING
1.348,-0.22463573736850373,-0.2194571500390674,41.15197417176359,0.06455308922515988,BALANCING
1.35,-0.22507355110696037,-0.21841931227698017,41.11275532544551,0.06447472060806043,BALANCING
1.352,-0.22550929087980992,-0.21738323871366985,41.07346541434169,0.06439628409035218,BALANCING
1.354,-0.2259429602156412,-0.21634892913709827,41.034104786649685,0.0643177801761594,BALANCING
1.356,-0.22637456264261133,-0.2153163833283795,40.99467378996435,0.06423920936858714,BALANCING
1.358,-0.22680410168843193,-0.21428560106179828,40.95517277127801,0.06416057216972178,BALANCING
1.36,-0.2272315808803557,-0.21325658210482873,40.9156020769805,0.0640818690806315,BALANCING
1.362,-0.22765700374516257,-0.21222932621815283,40.875962052859315,0.06400310060136687,BALANCING
1.364,-0.22808037380914625,-0.21120383315567898,40.8362530440997,0.06392426723096134,BALANCING
1.366,-0.2285016945981008,-0.2101801026645607,40.79647539528473,0.06384536946743177,BALANCING
1.368,-0.2289209696373069,-0.20915813448521464,40.756629450395465,0.06376640780777901,BALANCING
1.37,-0.22933820245151865,-0.20813792835133957,40.71671555281103,0.0636873827479884,BALANCING
1.372,-0.22975339656495,-0.20711948398993468,40.67673404530876,0.0636082947830303,BALANCING
1.374,-0.23016655550126136,-0.20610280112131782,40.63668527006428,0.06352914440686074,BALANCING
1.3760000000000001,-0.23057768278354632,-0.20508787945914414,40.59656956865166,0.06344993211242181,BALANCING
1.3780000000000001,-0.23098678193431835,-0.20407471871042449,40.55638728204351,0.06337065839164235,BALANCING
1.3800000000000001,-0.23139385647549754,-0.20306331857554363,40.51613875061111,0.06329132373543843,BALANCING
1.3820000000000001,-0.23179890992839725,-0.2020536787482788,40.47582431412455,0.0632119286337139,BALANCING
1.3840000000000001,-0.232201945813711,-0.20104579891581786,40.43544431175285,0.06313247357536102,BALANCING
1.3860000000000001,-0.2326029676514994,-0.20003967875877773,40.394999082064075,0.06305295904826094,BALANCING
1.3880000000000001,-0.23300197896117683,-0.19903531795122273,40.35448896302548,0.06297338553928435,BALANCING
1.3900000000000001,-0.2333989832614985,-0.19803271616068274,40.313914292003666,0.06289375353429195,BALANCING
1.3920000000000001,-0.23379398407054736,-0.19703187304817157,40.273275405764664,0.06281406351813511,BALANCING
1.3940000000000001,-0.2341869849057211,-0.19603278826820514,40.23257264047413,0.0627343159746564,BALANCING
1.3960000000000001,-0.23457798928371904,-0.19503546146881967,40.191806331697464,0.06265451138669018,BALANCING
1.3980000000000001,-0.23496700072052948,-0.19403989229159005,40.15097681439993,0.06257465023606315,BALANCING
1.4000000000000001,-0.2353540227314165,-0.1930460803716478,40.11008442294684,0.062494733003595,BALANCING
1.4020000000000001,-0.23573905883090732,-0.19205402533769944,40.06912949110367,0.062414760169098915,BALANCING
1.4040000000000001,-0.23612211253277918,-0.19106372681204448,40.02811235203625,0.06233473221138223,BALANCING
1.4060000000000001,-0.23650318735004688,-0.19007518441059357,39.987033338310866,0.06225464960824695,BALANCING
1.408,-0.2368822867949498,-0.18908839774288666,39.945892781894436,0.06217451283649042,BALANCING
1.41,-0.2372594143789393,-0.1881033664121111,39.90469101415467,0.06209432237190584,BALANCING
1.412,-0.23763457361266593,-0.18712009001511953,39.86342836586024,0.06201407868928298,BALANCING
1.414,-0.23800776800596687,-0.1861385681424483,39.822105167180915,0.061933782262408636,BALANCING
1.416,-0.2383790010678532,-0.18515880037833496,39.780721747687736,0.06185343356406735,BALANCING
1.418,-0.23874827630649742,-0.18418078630073678,39.739278436353175,0.06177303306604194,BALANCING
1.42,-0.23911559722922093,-0.18320452548134836,39.69777556155131,0.06169258123911417,BALANCING
1.422,-0.23948096734248142,-0.1822300174856198,39.656213451057994,0.06161207855306532,BALANCING
1.424,-0.23984439015186051,-0.1812572618727746,39.61459243205101,0.061531525476676834,BALANCING
1.426,-0.24020586916205122,-0.1802862581958276,39.572912831110266,0.06145092247773086,BALANCING
1.428,-0.24056540787684552,-0.17931700600160272,39.53117497421794,0.06137027002301098,BALANCING
1.43,-0.24092300979912223,-0.17834950483075107,39.4893791867587,0.06128956857830276,BALANCING
1.432,-0.24127867843083442,-0.17738375421776867,39.44752579351983,0.0612088186083944,BALANCING
1.434,-0.24163241727299722,-0.17641975369101445,39.405615118691465,0.061128020577077335,BALANCING
1.436,-0.24198422982567558,-0.17545750277272784,39.36364748586673,0.06104717494714689,BALANCING
1.438,-0.24233411958797207,-0.17449700097904675,39.32162321804196,0.06096628218040291,BALANCING
1.44,-0.24268209005801453,-0.17353824782002522,39.27954263761684,0.060885342737650394,BALANCING
1.442,-0.2430281447329442,-0.1725812427996514,39.23740606639468,0.06080435707870014,BALANCING
1.444,-0.24337228710890332,-0.17162598541586505,39.19521382558249,0.06072332566236932,BALANCING
1.446,-0.24371452068102328,-0.1706724751605753,39.15296623579126,0.06064224894648223,BALANCING
1.448,-0.24405484894341245,-0.1697207115196786,39.11066361703614,0.060561127387870874,BALANCING
1.45,-0.2443932753891442,-0.168770693973076,39.0683062887366,0.0604799614423756,BALANCING
1.452,-0.24472980351024495,-0.16782242199469122,39.02589456971667,0.060398751564845754,BALANCING
1.454,-0.24506443679768214,-0.1668758950524879,38.98342877820513,0.060317498209140404,BALANCING
1.456,-0.24539717874135253,-0.16593111260848753,38.9409092318357,0.06023620182812887,BALANCING
1.458,-0.2457280328300701,-0.16498807411878683,38.89833624764725,0.06015486287369147,BALANCING
1.46,-0.24605700255155433,-0.1640467790335755,38.85571014208403,0.060073481796720216,BALANCING
1.462,-0.24638409139241846,-0.1631072267971537,38.81303123099585,0.05999205904711933,BALANCING
1.464,-0.24670930283815767,-0.1621694168479495,38.77029982963828,0.05991059507380605,BALANCING
1.466,-0.2470326403731373,-0.16123334861853658,38.72751625267293,0.05982909032471123,BALANCING
1.468,-0.24735410748058126,-0.1602990215356516,38.68468081416756,0.059747545246780005,BALANCING
1.47,-0.24767370764256025,-0.1593664350202116,38.64179382759641,0.05966596028597253,BALANCING
1.472,-0.24799144433998033,-0.15843558848733177,38.59885560584032,0.05958433588726454,BALANCING
1.474,-0.24830732105257106,-0.1575064813463425,38.55586646118703,0.05950267249464814,BALANCING
1.476,-0.24862134125887428,-0.15657911300080693,38.51282670533134,0.059420970551132435,BALANCING
1.478,-0.24893350843623233,-0.15565348284853844,38.469736649375385,0.05933923049874418,BALANCING
1.48,-0.24924382606077664,-0.15472959028161803,38.42659660382882,0.059257452778528535,BALANCING
1.482,-0.24955229760741635,-0.15380743468641145,38.383406878609065,0.059175637830549695,BALANCING
1.484,-0.24985892654982686,-0.15288701544358682,38.34016778304155,0.059093786093891564,BALANCING
1.486,-0.2501637163604383,-0.15196833192813164,38.29687962585993,0.059011898006658535,BALANCING
1.488,-0.2504666705104246,-0.1510513835093703,38.253542715206294,0.05892997400597607,BALANCING
1.49,-0.25076779246969166,-0.15013616955098133,38.21015735863147,0.058848014527991495,BALANCING
1.492,-0.2510670857068664,-0.1492226894110145,38.1667238630952,0.05876602000787465,BALANCING
1.494,-0.25136455368928556,-0.14831094244190818,38.1232425349664,0.05868399087981855,BALANCING
1.496,-0.25166019988298416,-0.1474009279905065,38.07971368002341,0.05860192757704016,BALANCING
1.498,-0.2519540277526848,-0.14649264539807652,38.03613760345422,0.05851983053178108,BALANCING
1.5,-0.25224604076178603,-0.14558609400032538,37.992514609856734,0.05843770017530823,BALANCING
1.502,-0.25253624237235167,-0.14468127312741763,37.948845003239,0.058355536937914565,BALANCING
1.504,-0.2528246360450995,-0.143778182103992,37.90512908701947,0.05827334124891977,BALANCING
1.506,-0.25311122523939034,-0.14287682024917883,37.861367164027236,0.05819111353667105,BALANCING
1.508,-0.25339601341321694,-0.14197718687661684,37.81755953650231,0.05810885422854374,BALANCING
1.51,-0.25367900402319304,-0.14107928129447056,37.77370650609585,0.0580265637509421,BALANCING
1.512,-0.25396020052454266,-0.14018310280544696,37.729808373870426,0.0579442425293,BALANCING
1.514,-0.2542396063710888,-0.13928865070681287,37.6858654403003,0.05786189098808164,BALANCING
1.516,-0.2545172250152428,-0.1383959242904116,37.64187800527162,0.05777950955078233,BALANCING
1.518,-0.2547930599079937,-0.13750492284268015,37.59784636808278,0.05769709863992912,BALANCING
1.52,-0.2550671144988972,-0.13661564564466622,37.55377082744458,0.05761465867708161,BALANCING
1.522,-0.2553393922360647,-0.13572809197204486,37.50965168148058,0.05753219008283263,BALANCING
1.524,-0.2556098965661532,-0.1348422610951355,37.465489227727296,0.05744969327680904,BALANCING
1.526,-0.2558786309343539,-0.13395815227891908,37.42128376313452,0.05736716867767238,BALANCING
1.528,-0.2561455987843821,-0.13307576478305463,37.37703558406557,0.05728461670311966,BALANCING
1.53,-0.2564108035584662,-0.13219509786189615,37.332744986297534,0.0572020377698841,BALANCING
1.532,-0.2566742486973373,-0.13131615076450942,37.288412265021606,0.05711943229373585,BALANCING
1.534,-0.25693593764021855,-0.13043892273468907,37.244037714843316,0.05703680068948277,BALANCING
1.536,-0.25719587382481485,-0.12956341301097507,37.199621629782804,0.05695414337097109,BALANCING
1.538,-0.2574540606873018,-0.12868962082666952,37.15516430327514,0.05687146075108632,BALANCING
1.54,-0.25771050166231607,-0.12781754540985363,37.110666028170556,0.05678875324175379,BALANCING
1.542,-0.2579652001829441,-0.1269471859834041,37.06612709673476,0.05670602125393959,BALANCING
1.544,-0.2582181596807125,-0.12607854176501002,37.02154780064921,0.05662326519765121,BALANCING
1.546,-0.25846938358557703,-0.1252116119671895,36.9769284310114,0.05654048548193836,BALANCING
1.548,-0.25871887532591265,-0.12434639579730648,36.932269278335156,0.056457682514893665,BALANCING
1.55,-0.2589666383285033,-0.12348289245758702,36.88757063255091,0.05637485670365351,BALANCING
1.552,-0.2592126760185312,-0.12262110114513623,36.842832783005996,0.056292008454398704,BALANCING
1.554,-0.2594569918195672,-0.12176102105195469,36.798056018464955,0.056209138172355344,BALANCING
1.556,-0.2596995891535601,-0.1209026513649551,36.75324062710982,0.05612624626179551,BALANCING
1.558,-0.2599404714408268,-0.12004599126597876,36.708386896540404,0.05604333312603806,BALANCING
1.56,-0.260179642100042,-0.11919103993181228,36.66349511377461,0.05596039916744939,BALANCING
1.562,-0.26041710454822825,-0.11833779653420369,36.61856556524874,0.05587744478744425,BALANCING
1.564,-0.2606528622007457,-0.11748626023987938,36.573598536817755,0.05579447038648644,BALANCING
1.566,-0.26088691847128226,-0.11663643021056029,36.52859431375563,0.05571147636408966,BALANCING
1.568,-0.26111927677184354,-0.1157883056029784,36.483553180755635,0.05562846311881825,BALANCING
1.57,-0.26134994051274285,-0.1149418855688932,36.438475421930626,0.05554543104828799,BALANCING
1.572,-0.2615789131025914,-0.11409716925510804,36.39336132081337,0.05546238054916688,BALANCING
1.574,-0.26180619794828813,-0.11325415580348652,36.348211160356854,0.055379312017175886,BALANCING
1.576,-0.2620317984550101,-0.11241284435096885,36.3030252229346,0.05529622584708979,BALANCING
1.578,-0.2622557180262028,-0.11157323402958819,36.25780379034096,0.05521312243273793,BALANCING
1.58,-0.2624779600635697,-0.11073532396648694,36.212547143791454,0.05513000216700503,BALANCING
1.582,-0.26269852796706344,-0.10989911328393304,36.16725556392306,0.05504686544183195,BALANCING
1.584,-0.26291742513487515,-0.10906460109933626,36.12192933079455,0.054963712648216506,BALANCING
1.586,-0.26313465496342536,-0.1082317865252644,36.07656872388681,0.05488054417621427,BALANCING
1.588,-0.26335022084735427,-0.10740066866945953,36.031174022103144,0.05479736041493934,BALANCING
1.59,-0.26356412617951175,-0.10657124663485433,35.985745503769614,0.054714161752565174,BALANCING
1.592,-0.2637763743509482,-0.10574351951958792,35.940283446635355,0.054630948576325375,BALANCING
1.594,-0.26398696875090466,-0.10491748641702241,35.8947881278729,0.05454772127251449,BALANCING
1.596,-0.2641959127668035,-0.10409314641575886,35.849259824078516,0.05446448022648884,BALANCING
1.598,-0.26440320978423854,-0.1032704985996534,35.80369881127252,0.05438122582266729,BALANCING
1.6,-0.2646088631869662,-0.10244954204783327,35.75810536489961,0.054297958444532085,BALANCING
1.602,-0.2648128763568953,-0.10163027583471307,35.712479759829215,0.054214678474629664,BALANCING
1.604,-0.26501525267407844,-0.10081269903001067,35.66682227035581,0.05413138629457144,BALANCING
1.606,-0.26521599551670194,-0.09999681069876322,35.62113317019924,0.054048082285034674,BALANCING
1.608,-0.2654151082610769,-0.09918260990134328,35.57541273250511,0.05396476682576321,BALANCING
1.61,-0.26561259428162975,-0.0983700956934747,35.52966122984503,0.053881440295568385,BALANCING
1.612,-0.2658084569508929,-0.09755926712624866,35.48387893421707,0.053798103072329774,BALANCING
1.614,-0.2660026996394957,-0.09675012324613952,35.438066117046,0.05371475553299604,BALANCING
1.616,-0.2661953257161552,-0.09594266309502086,35.39222304918368,0.053631398053585785,BALANCING
1.618,-0.2663863385476665,-0.09513688571018127,35.3463500009094,0.053548031009188306,BALANCING
1.62,-0.26657574149889446,-0.09433279012434029,35.30044724193024,0.05346465477396452,BALANCING
1.622,-0.26676353793276364,-0.09353037536566429,35.254515041381374,0.05338126972114769,BALANCING
1.624,-0.26694973121024995,-0.09272964045778219,35.20855366782646,0.05329787622304434,BALANCING
1.6260000000000001,-0.2671343246903711,-0.09193058441980141,35.162563389257954,0.05321447465103502,BALANCING
1.6280000000000001,-0.26731732173017797,-0.09113320626632355,35.11654447309751,0.053131065375575215,BALANCING
1.6300000000000001,-0.26749872568474514,-0.09033750500746027,35.07049718619629,0.05304764876619608,BALANCING
1.6320000000000001,-0.2676785399071625,-0.0895434796488489,35.02442179483534,0.0529642251915054,BALANCING
1.6340000000000001,-0.2678567677485258,-0.08875112919166825,34.978318564725924,0.052880795019188326,BALANCING
1.6360000000000001,-0.26803341255792806,-0.08796045263265438,34.93218776100991,0.05279735861600825,BALANCING
1.6380000000000001,-0.26820847768245054,-0.08717144896411609,34.88602964826011,0.05271391634780768,BALANCING
1.6400000000000001,-0.26838196646715407,-0.08638411717395075,34.83984449048066,0.05263046857950905,BALANCING
1.6420000000000001,-0.26855388225507015,-0.08559845624565994,34.79363255110734,0.052547015675115556,BALANCING
1.6440000000000001,-0.26872422838719207,-0.08481446515836488,34.747394093008005,0.052463557997712046,BALANCING
1.6460000000000001,-0.26889300820246625,-0.08403214288682219,34.70112937848286,0.052380095909465824,BALANCING
1.6480000000000001,-0.26906022503778365,-0.08325148840143942,34.654838669264926,0.05229662977162755,BALANCING
1.6500000000000001,-0.26922588222797095,-0.08247250066829065,34.608522226520314,0.05221315994453204,BALANCING
1.6520000000000001,-0.2693899831057818,-0.08169517864913192,34.562180310848674,0.05212968678759915,BALANCING
1.6540000000000001,-0.26955253100188853,-0.08091952130141673,34.51581318228351,0.05204621065933463,BALANCING
1.6560000000000001,-0.26971352924487324,-0.08014552757831164,34.469421100292564,0.051962731917330994,BALANCING
1.6580000000000001,-0.26987298116121944,-0.07937319642871167,34.423004323778216,0.05187925091826835,BALANCING
1.6600000000000001,-0.27003089007530323,-0.07860252679725568,34.37656311107782,0.051795768017915265,BALANCING
1.6620000000000001,-0.2701872593093853,-0.07783351762434186,34.33009771996412,0.05171228357112966,BALANCING
1.6640000000000001,-0.27034209218360206,-0.0770661678461431,34.28360840764559,0.05162879793185966,BALANCING
1.666,-0.2704953920159573,-0.07630047639462245,34.23709543076682,0.05154531145314441,BALANCING
1.668,-0.2706471621223138,-0.0755364421975483,34.190559045408925,0.05146182448711501,BALANCING
1.67,-0.2707974058163851,-0.07477406417850982,34.143999507089916,0.051378337384995365,BALANCING
1.672,-0.2709461264097269,-0.07401334125693225,34.09741707076504,0.05129485049710305,BALANCING
1.674,-0.27109332721172885,-0.0732542723480922,34.05081199082722,0.05121136417285015,BALANCING
1.676,-0.2712390115296065,-0.07249685636313291,34.00418452110742,0.0511278787607442,BALANCING
1.678,-0.2713831826683926,-0.07174109220907943,33.957534914875026,0.051044394608389,BALANCING
1.68,-0.2715258439309293,-0.0709869787888539,33.91086342483824,0.05096091206248552,BALANCING
1.682,-0.2716669986178597,-0.07023451500129074,33.864170303144476,0.050877431468832786,BALANCING
1.684,-0.27180665002761983,-0.06948369974115187,33.817455801380724,0.050793953172328724,BALANCING
1.686,-0.27194480145643035,-0.06873453189914175,33.770720170573995,0.050710477516971074,BALANCING
1.688,-0.27208145619828866,-0.06798701036192253,33.723963661191654,0.050627004845858296,BALANCING
1.69,-0.27221661754496085,-0.06724113401212936,33.67718652314186,0.05054353550119034,BALANCING
1.692,-0.2723502887859733,-0.0664969017283851,33.63038900577394,0.050460069824269704,BALANCING
1.694,-0.27248247320860514,-0.06575431238531583,33.583571357878796,0.05037660815550216,BALANCING
1.696,-0.2726131740978799,-0.06501336485356549,33.536733827689304,0.05029315083439775,BALANCING
1.698,-0.27274239473655776,-0.06427405799981113,33.489876662880704,0.050209698199571606,BALANCING
1.7,-0.27287013840512764,-0.06353639068677784,33.44300011057101,0.05012625058874491,BALANCING
1.702,-0.2729964083817993,-0.06280036177325378,33.39610441732144,0.05004280833874573,BALANCING
1.704,-0.27312120794249517,-0.06206597011410505,33.34918982913674,0.04995937178550992,BALANCING
1.706,-0.27324454036084317,-0.0613332145602907,33.302256591465685,0.049875941264082055,BALANCING
1.708,-0.27336640890816827,-0.060602093958877556,33.255304949201424,0.04979251710861628,BALANCING
1.71,-0.2734868168534851,-0.05987260715305513,33.20833514668192,0.04970909965237726,BALANCING
1.712,-0.27360576746348997,-0.059144752982150633,33.16134742769034,0.04962568922774102,BALANCING
1.714,-0.2737232640025535,-0.058418530281643545,33.114342035455465,0.049542286166195895,BALANCING
1.716,-0.2738393097327125,-0.05769393788318068,33.06731921265212,0.04945889079834342,BALANCING
1.718,-0.2739539079136627,-0.056970974614590865,33.02027920140158,0.0493755034538992,BALANCING
1.72,-0.2740670618027509,-0.05624963929989968,32.97322224327196,0.04929212446169387,BALANCING
1.722,-0.2741787746549676,-0.05552993075934436,32.92614857927869,0.04920875414967398,BALANCING
1.724,-0.274289049722939,-0.05481184780938839,32.879058449884845,0.049125392844902895,BALANCING
1.726,-0.27439789025691996,-0.05409538926273626,32.831952095001654,0.049042040873561704,BALANCING
1.728,-0.27450529950478636,-0.053380553928348194,32.78482975398885,0.048958698560950115,BALANCING
1.73,-0.2746112807120274,-0.052667340611454665,32.73769166565514,0.04887536623148745,BALANCING
1.732,-0.27471583712173847,-0.051955748113571336,32.69053806825859,0.04879204420871343,BALANCING
1.734,-0.2748189719746135,-0.05124577523251329,32.64336919950706,0.04870873281528919,BALANCING
1.736,-0.2749206885089377,-0.050537420762409926,32.59618529655865,0.04862543237299818,BALANCING
1.738,-0.27502098996058016,-0.0498306834937195,32.54898659602209,0.04854214320274701,BALANCING
1.74,-0.27511987956298645,-0.04912556221324351,32.50177333395718,0.048458865624566486,BALANCING
1.742,-0.27521736054717155,-0.04842205570414138,32.454545745875244,0.04837559995761243,BALANCING
1.744,-0.27531343614171233,-0.04772016274594494,32.40730406673952,0.04829234652016666,BALANCING
1.746,-0.27540810957274037,-0.047019882114572906,32.360048530965614,0.04820910562963787,BALANCING
1.748,-0.27550138406393493,-0.0463212125823453,32.312779372421915,0.0481258776025626,BALANCING
1.75,-0.27559326283651553,-0.04562415291799798,32.265496824430045,0.048042662754606114,BALANCING
1.752,-0.27568374910923493,-0.04492870188669695,32.21820111976528,0.04795946140056337,BALANCING
1.754,-0.27577284609837194,-0.04423485825005288,32.170892490657,0.04787627385435992,BALANCING
1.756,-0.27586055701772444,-0.04354262076613539,32.123571168789105,0.04779310042905284,BALANCING
1.758,-0.27594688507860204,-0.0428519881894874,32.076237385300466,0.04770994143683169,BALANCING
1.76,-0.2760318334898194,-0.04216295927113959,32.02889137078537,0.047626797189019396,BALANCING
1.762,-0.2761154054576891,-0.04147553275862452,31.981533355293926,0.047543667996073236,BALANCING
1.764,-0.2761976041860144,-0.04078970739599111,31.934163568332554,0.04746055416758572,BALANCING
1.766,-0.2762784328760827,-0.04010548192381871,31.88678223886439,0.047377456012285574,BALANCING
1.768,-0.2763578947266583,-0.039422855079231475,31.839389595309743,0.04729437383803866,BALANCING
1.77,-0.2764359929339755,-0.03874182559591261,31.791985865546547,0.04721130795184887,BALANCING
1.772,-0.27651273069173227,-0.038062392204118375,31.744571276910776,0.04712825865985917,BALANCING
1.774,-0.27658811119108245,-0.03738455363069251,31.697146056196935,0.04704522626735239,BALANCING
1.776,-0.2766621376206299,-0.03670830859908024,31.649710429658466,0.04696221107875233,BALANCING
1.778,-0.2767348131664212,-0.03603365582934238,31.60226462300823,0.04687921339762457,BALANCING
1.78,-0.27680614101193873,-0.03536059403816955,31.554808861418937,0.04679623352667748,BALANCING
1.782,-0.2768761243380945,-0.03468912193889623,31.507343369523593,0.046713271767763145,BALANCING
1.784,-0.2769447663232232,-0.03401923824151473,31.45986837141597,0.04663032842187834,BALANCING
1.786,-0.2770120701430753,-0.033350941652689384,31.412384090651038,0.04654740378916541,BALANCING
1.788,-0.2770780389708106,-0.032684230875770444,31.364890750245454,0.046464498168913286,BALANCING
1.79,-0.2771426759769918,-0.03201910461080812,31.31738857267797,0.04638161185955842,BALANCING
1.792,-0.2772059843295776,-0.03135556155456662,31.26987777988992,0.04629874515868569,BALANCING
1.794,-0.2772679671939163,-0.03069360040053794,31.222358593285684,0.04621589836302942,BALANCING
1.796,-0.27732862773273925,-0.030033219838956,31.174831233733112,0.04613307176847426,BALANCING
1.798,-0.2773879691061544,-0.029374418556810354,31.127295921564027,0.046050265670056205,BALANCING
1.8,-0.27744599447163965,-0.028717195237860205,31.079752876574645,0.045967480361963534,BALANCING
1.802,-0.27750270698403656,-0.02806154856264825,31.032202318026066,0.04588471613753772,BALANCING
1.804,-0.27755810979554396,-0.027407477208514483,30.984644464644717,0.04580197328927445,BALANCING
1.806,-0.2776122060557115,-0.026754979849610047,30.93707953462284,0.045719252108824514,BALANCING
1.808,-0.27766499891143326,-0.026104055156910964,30.88950774561892,0.04563655288699485,BALANCING
1.81,-0.2777164915069414,-0.02545470179823201,30.841929314758193,0.04555387591374944,BALANCING
1.812,-0.2777666869837998,-0.024806918438240386,30.79434445863308,0.04547122147821028,BALANCING
1.814,-0.2778155884808981,-0.024160703738469517,30.746753393303667,0.04538858986865836,BALANCING
1.816,-0.27786319913444507,-0.023516056357332667,30.69915633429818,0.045305981372534616,BALANCING
1.818,-0.27790952207796255,-0.022872974950136703,30.651553496613445,0.045223396276440904,BALANCING
1.82,-0.2779545604422792,-0.022231458169095716,30.603945094715364,0.04514083486614096,BALANCING
1.822,-0.2779983173555244,-0.021591504663344703,30.556331342539387,0.045058297426561346,BALANCING
1.824,-0.27804079594312203,-0.020953113078953117,30.50871245349098,0.044975784241792445,BALANCING
1.826,-0.2780819993277845,-0.02031628205893853,30.461088640446103,0.044893295595089436,BALANCING
1.828,-0.2781219306295063,-0.01968101024328018,30.413460115751693,0.044810831768873224,BALANCING
1.83,-0.2781605929655585,-0.019047296268932486,30.36582709122612,0.044728393044731446,BALANCING
1.832,-0.2781979894504822,-0.018415138769838624,30.318189778159688,0.04464597970341945,BALANCING
1.834,-0.2782341231960827,-0.017784536376944046,30.270548387315085,0.0445635920248612,BALANCING
1.836,-0.27826899731142374,-0.017155487718209905,30.222903128927893,0.04448123028815034,BALANCING
1.838,-0.27830261490282115,-0.01652799141862657,30.175254212707042,0.04439889477155109,BALANCING
1.84,-0.27833497907383725,-0.015902046100226955,30.127601847835308,0.0443165857524993,BALANCING
1.842,-0.27836609292527476,-0.01527765038210015,30.07994624296978,0.04423430350760334,BALANCING
1.844,-0.27839595955517094,-0.014654802880404614,30.03228760624236,0.04415204831264514,BALANCING
1.846,-0.27842458205879184,-0.014033502208381603,29.984626145260233,0.04406982044258116,BALANCING
1.848,-0.2784519635286265,-0.013413746976368622,29.936962067106354,0.043987620171543326,BALANCING
1.85,-0.2784781070543809,-0.012795535791812578,29.889295578339933,0.04390544777284007,BALANCING
1.852,-0.2785030157229726,-0.012178867259283223,29.841626884996938,0.04382330351895726,BALANCING
1.854,-0.27852669261852464,-0.01156373998048638,29.793956192590553,0.04374118768155922,BALANCING
1.856,-0.27854914082235993,-0.010950152554277209,29.746283706111697,0.043659100531489685,BALANCING
1.858,-0.27857036341299574,-0.010338103576673452,29.698609630029488,0.0435770423387728,BALANCING
1.86,-0.2785903634661378,-0.009727591640868663,29.65093416829174,0.04349501337261409,BALANCING
1.862,-0.2786091440546748,-0.009118615337245329,29.603257524325475,0.04341301390140148,BALANCING
1.864,-0.2786267082486727,-0.008511173253388161,29.55557990103738,0.043331044192706225,BALANCING
1.866,-0.2786430591153692,-0.007905263974097139,29.50790150081433,0.04324910451328397,BALANCING
1.868,-0.2786581997191682,-0.0073008860814007155,29.460222525523868,0.04316719512907564,BALANCING
1.87,-0.27867213312163436,-0.006698038154568838,29.4125431765147,0.04308531630520853,BALANCING
1.872,-0.27868486238148715,-0.0060967187701261106,29.364863654617192,0.043003468305997244,BALANCING
1.874,-0.27869639055459605,-0.005496926501864811,29.31718416014387,0.04292165139494468,BALANCING
1.8760000000000001,-0.2787067206939746,-0.0048986599208579,29.269504892889913,0.04283986583474304,BALANCING
1.8780000000000001,-0.2787158558497752,-0.004301917595472166,29.22182605213365,0.04275811188727482,BALANCING
1.8800000000000001,-0.2787237990692836,-0.0037066980913810434,29.174147836637072,0.04267638981361378,BALANCING
1.8820000000000001,-0.2787305533969135,-0.0031129999715777267,29.126470444646316,0.04259469987402596,BALANCING
1.8840000000000001,-0.2787361218742014,-0.0025208217963879447,29.078794073892166,0.042513042327970714,BALANCING
1.8860000000000001,-0.2787405075398011,-0.0019301621234831686,29.03111892159058,0.042431417434101594,BALANCING
1.8880000000000001,-0.2787437134294785,-0.0013410195078932246,28.983445184443152,0.042349825450267456,BALANCING
1.8900000000000001,-0.2787457425761061,-0.0007533925020193058,28.935773058637665,0.042268266633513435,BALANCING
1.8920000000000001,-0.2787465980096583,-0.00016727965564690392,28.888102739848538,0.04218674124008188,BALANCING
1.8940000000000001,-0.2787462827572055,0.0004173204840414601,28.840434423237387,0.042105249525413405,BALANCING
1.8960000000000001,-0.2787447998429093,0.0010004093724534603,28.792768303453485,0.04202379174414791,BALANCING
1.8980000000000001,-0.2787421522880174,0.0015819884675740234,28.745104574634308,0.0419423681501255,BALANCING
1.9000000000000001,-0.2787383431108582,0.002162059229952714,28.697443430406015,0.04186097899638761,BALANCING
1.9020000000000001,-0.2787333753268359,0.0027406231226908464,28.649785063883968,0.041779624535177876,BALANCING
1.9040000000000001,-0.27872725194842524,0.0033176816114288176,28.60212966767324,0.04169830501794322,BALANCING
1.9060000000000001,-0.27871997598516657,0.0038932361643334553,28.55447743386912,0.0416170206953348,BALANCING
1.9080000000000001,-0.27871155044366075,0.004467288252085275,28.50682855405764,0.04153577181720908,BALANCING
1.9100000000000001,-0.2787019783275641,0.005039839347865869,28.45918321931607,0.041454558632628785,BALANCING
1.9120000000000001,-0.2786912626375835,0.005610890927345181,28.411541620213438,0.04137338138986393,BALANCING
1.9140000000000001,-0.27867940637147137,0.006180444468668945,28.363903946811035,0.04129224033639277,BALANCING
1.9160000000000001,-0.2786664125240207,0.006748501452446156,28.31627038866295,0.04121113571890292,BALANCING
1.9180000000000001,-0.2786522840870603,0.007315063361736375,28.268641134816566,0.04113006778329224,BALANCING
1.92,-0.2786370240494497,0.007880131682037262,28.22101637381308,0.04104903677466994,BALANCING
1.922,-0.2786206353970743,0.008443707901272059,28.173396293688025,0.040968042937357514,BALANCING
1.924,-0.27860312111284075,0.009005793509777036,28.125781081971777,0.0408870865148898,BALANCING
1.926,-0.278584484176672,0.00956639000028902,28.07817092569009,0.04080616775001598,BALANCING
1.928,-0.2785647275655024,0.010125498867932957,28.03056601136461,0.04072528688470057,BALANCING
1.93,-0.2785438542532731,0.010683121610209442,27.98296652501337,0.04064444416012446,BALANCING
1.932,-0.2785218672109273,0.011239259726982358,27.935372652151347,0.04056363981668589,BALANCING
1.934,-0.2784987694064055,0.01179391472046646,27.887784577790967,0.04048287409400153,BALANCING
1.936,-0.2784745638046407,0.012347088095214944,27.84020248644262,0.04040214723090741,BALANCING
1.938,-0.2784492533675539,0.012898781358107202,27.7926265621152,0.040321459465459994,BALANCING
1.94,-0.2784228410540494,0.013448996018336396,27.745056988316616,0.04024081103493718,BALANCING
1.942,-0.2783953298200103,0.01399773358739723,27.697493948054312,0.04016020217583931,BALANCING
1.944,-0.2783667226182937,0.014544995579073594,27.64993762383581,0.04007963312389015,BALANCING
1.946,-0.2783370223987262,0.015090783509426406,27.60238819766922,0.03999910411403801,BALANCING
1.948,-0.27830623210809946,0.015635098896781285,27.554845851063778,0.03991861538045666,BALANCING
1.95,-0.2782743546901656,0.01617794326171634,27.50731076503036,0.03983816715654638,BALANCING
1.952,-0.2782413930856326,0.016719318127050048,27.459783120082022,0.039757759674935014,BALANCING
1.954,-0.27820735023216026,0.01725922501782897,27.41226309623452,0.03967739316747891,BALANCING
1.956,-0.2781722290643551,0.01779766546131574,27.364750873006855,0.03959706786526405,BALANCING
1.958,-0.2781360325137666,0.018334640986976836,27.317246629421778,0.039516783998606975,BALANCING
1.96,-0.27809876350888235,0.018870153126470432,27.269750544006353,0.039436541797055844,BALANCING
1.962,-0.2780604249751238,0.01940420341363449,27.222262794792453,0.03935634148939145,BALANCING
1.964,-0.278021019834842,0.019936793384474554,27.17478355931732,0.03927618330362827,BALANCING
1.966,-0.27798055100731317,0.02046792457715171,27.127313014624086,0.039196067467015434,BALANCING
1.968,-0.2779390214087346,0.020997598531970665,27.07985133726231,0.03911599420603781,BALANCING
1.97,-0.27789643395222,0.021525816791367655,27.032398703288507,0.03903596374641696,BALANCING
1.972,-0.27785279154779574,0.0220525808998985,26.984955288266697,0.03895597631311224,BALANCING
1.974,-0.2778080971023961,0.022577892404226703,26.93752126726892,0.03887603213032175,BALANCING
1.976,-0.2777623535198595,0.02310175285311149,26.8900968148758,0.03879613142148343,BALANCING
1.978,-0.27771556370092415,0.023624163797395844,26.842682105177047,0.03871627440927603,BALANCING
1.98,-0.27766773054322375,0.024145126789994704,26.79527731177203,0.03863646131562017,BALANCING
1.982,-0.27761885694128363,0.02466464338588309,26.747882607770286,0.038556692361679364,BALANCING
1.984,-0.27756894578651653,0.025182715142084186,26.700498165792087,0.038476967767861026,BALANCING
1.986,-0.27751799996721843,0.02569934361765759,26.653124157968954,0.03839728775381751,BALANCING
1.988,-0.27746602236856455,0.02621453037368754,26.60576075594421,0.03831765253844717,BALANCING
1.99,-0.2774130158726054,0.026728276973271056,26.558408130873524,0.03823806233989532,BALANCING
1.992,-0.27735898335826276,0.027240584981506284,26.511066453425453,0.03815851737555536,BALANCING
1.994,-0.2773039277013254,0.027751455965480662,26.46373589378197,0.038079017862069686,BALANCING
1.996,-0.2772478517744455,0.028260891494259317,26.416416621639023,0.037999564015330854,BALANCING
1.998,-0.27719075844713453,0.028768893138873267,26.369108806207073,0.0379201560504825,BALANCING
2.0,-0.2771326505857593,0.029275462472307865,26.321812616211638,0.037840794181920434,BALANCING
2.0020000000000002,-0.2770735310535382,0.02978060106949105,26.27452821989384,0.03776147862329365,BALANCING
2.004,-0.2770134027105371,0.030284310507281805,26.22725578501094,0.03768220958750536,BALANCING
2.0060000000000002,-0.2769522684136657,0.030786592364458555,26.17999547883691,0.03760298728671404,BALANCING
2.008,-0.27689013101667365,0.03128744822170756,26.132747468162947,0.03752381193233446,BALANCING
2.0100000000000002,-0.2768269933701468,0.0317868796616113,26.085511919298042,0.037444683735038675,BALANCING
2.012,-0.2767628583215032,0.032284888268637096,26.038288998069525,0.03736560290475715,BALANCING
2.0140000000000002,-0.27669772871498965,0.03278147562912548,25.991078869823607,0.03728656965067972,BALANCING
2.016,-0.2766316073916778,0.03327664333127867,25.94388169942594,0.03720758418125662,BALANCING
2.0180000000000002,-0.27656449718946025,0.03377039296514928,25.896697651262144,0.03712864670419959,BALANCING
2.02,-0.2764964009430474,0.03426272612262868,25.849526889238394,0.03704975742648285,BALANCING
2.0220000000000002,-0.2764273214839631,0.03475364439743569,25.80236957678193,0.03697091655434417,BALANCING
2.024,-0.2763572616405417,0.035243149385105095,25.75522587684165,0.03689212429328586,BALANCING
2.0260000000000002,-0.27628622423792387,0.03573124268297639,25.708095951888627,0.036813380848075894,BALANCING
2.028,-0.27621421209805325,0.03621792589018223,25.660979963916677,0.036734686422748845,BALANCING
2.0300000000000002,-0.27614122803967284,0.03670320060763732,25.613878074442916,0.036656041220607,BALANCING
2.032,-0.2760672748783215,0.0371870684380269,25.566790444508307,0.036577445444221375,BALANCING
2.0340000000000003,-0.27599235542633044,0.03766953098579556,25.519717234678215,0.036498899295432735,BALANCING
2.036,-0.27591647249281953,0.03815058985713597,25.47265860504297,0.03642040297535267,BALANCING
2.0380000000000003,-0.27583962888369395,0.03863024665997755,25.42561471521841,0.03634195668436461,BALANCING
2.04,-0.27576182740164074,0.03910850300397534,25.37858572434644,0.03626356062212483,BALANCING
2.0420000000000003,-0.27568307084612537,0.03958536050049877,25.331571791095598,0.0361852149875636,BALANCING
2.044,-0.27560336201338825,0.040060820762620394,25.28457307366161,0.03610691997888611,BALANCING
2.0460000000000003,-0.27552270369644133,0.040534885405104824,25.237589729767937,0.036028675793573564,BALANCING
2.048,-0.27544109868506483,0.041007556044397576,25.19062191666634,0.03595048262838423,BALANCING
2.05,-0.2753585497658038,0.04147883429861389,25.143669791137444,0.03587234067935445,BALANCING
2.052,-0.2752750597219649,0.041948721787527725,25.09673350949129,0.035794250141799724,BALANCING
2.054,-0.27519063133361293,0.04241722013256051,25.049813227567896,0.0357162112103157,BALANCING
2.056,-0.2751052673775677,0.04288433095677037,25.002909100737824,0.03563822407877925,BALANCING
2.058,-0.27501897062740055,0.04335005588484086,24.95602128390273,0.03556028894034954,BALANCING
2.06,-0.27493174385343155,0.043814396543069976,24.90914993149593,0.035482405987469,BALANCING
2.062,-0.2748435898227257,0.04427735455935932,24.862295197482972,0.03540457541186443,BALANCING
2.064,-0.2747545112990903,0.044738931563202966,24.81545723536218,0.035326797404548034,BALANCING
2.066,-0.27466451104307127,0.04519912918567661,24.768636198165236,0.03524907215581845,BALANCING
2.068,-0.2745735918119504,0.045657949059426606,24.721832238457726,0.03517139985526177,BALANCING
2.07,-0.2744817563597419,0.046115392818659076,24.675045508339718,0.035093780691752674,BALANCING
2.072,-0.2743890074371897,0.046571462099128984,24.62827615944632,0.03501621485345535,BALANCING
2.074,-0.27429534779176384,0.047026158538129394,24.58152434294824,0.03493870252782466,BALANCING
2.076,-0.27420078016765786,0.047479483774480524,24.534790209552362,0.034861243901607095,BALANCING
2.078,-0.2741053073057856,0.047931439448519006,24.488073909502305,0.03478383916084187,BALANCING
2.08,-0.2740089319437779,0.04838202720208697,24.441375592578996,0.034706488490861984,BALANCING
2.082,-0.27391165681598023,0.0488312486785214,24.394695408101235,0.034629192076295195,BALANCING
2.084,-0.27381348465344896,0.04927910552264336,24.348033504926242,0.03455195010106514,BALANCING
2.086,-0.27371441818394915,0.049725599380747186,24.30139003145026,0.03447476274839236,BALANCING
2.088,-0.2736144601319509,0.0501707319005899,24.254765135609105,0.03439763020079533,BALANCING
2.09,-0.27351361321862705,0.050614504731380384,24.208158964878727,0.03432055264009153,BALANCING
2.092,-0.27341188016184986,0.05105691952376883,24.161571666275798,0.03424353024739848,BALANCING
2.094,-0.2733092636761884,0.05149797792983601,24.115003386358264,0.03416656320313476,BALANCING
2.096,-0.27320576647290556,0.05193768160308278,24.06845427122592,0.03408965168702116,BALANCING
2.098,-0.27310139125995525,0.0523760321984193,24.021924466521,0.03401279587808158,BALANCING
2.1,-0.2729961407419796,0.05281303137215463,23.97541411742871,0.0339359959546442,BALANCING
2.102,-0.2728900176203062,0.05324868078198604,23.928923368677832,0.03385925209434248,BALANCING
2.104,-0.2727830245929453,0.05368298208698855,23.882452364541294,0.033782564474116206,BALANCING
2.106,-0.27267516435458705,0.05411593694760441,23.836001248836713,0.03370593327021255,BALANCING
2.108,-0.27256643959659893,0.05454754702563258,23.789570164927003,0.033629358658187114,BALANCING
2.11,-0.27245685300702277,0.054977813984218304,23.74315925572093,0.03355284081290502,BALANCING
2.112,-0.27234640727057224,0.055406739487842534,23.696768663673684,0.03347637990854187,BALANCING
2.114,-0.2722351050686303,0.055834325202311644,23.650398530787463,0.033399976118584876,BALANCING
2.116,-0.27212294907924633,0.056260572794747,23.604048998612047,0.0333236296158339,BALANCING
2.118,-0.2720099419771336,0.05668548393357447,23.55772020824535,0.03324734057240243,BALANCING
2.12,-0.2718960864336667,0.05710906028851423,23.511412300334033,0.033171109159718756,BALANCING
2.122,-0.271781385116879,0.05753130353057029,23.465125415074052,0.03309493554852693,BALANCING
2.124,-0.27166584069146,0.05795221533202016,23.418859692211242,0.033018819908887824,BALANCING
2.126,-0.2715494558187529,0.05837179736640466,23.372615271041898,0.03294276241018023,BALANCING
2.128,-0.27143223315675186,0.058790051308517485,23.326392290413345,0.032866763221101845,BALANCING
2.13,-0.27131417536009983,0.05920697883439514,23.280190888724512,0.03279082250967037,BALANCING
2.132,-0.27119528508008584,0.05962258162130656,23.234011203926528,0.03271494044322459,BALANCING
2.134,-0.27107556496464263,0.06003686134774292,23.18785337352328,0.032639117188425305,BALANCING
2.136,-0.27095501765834423,0.06044981969340745,23.141717534571995,0.03256335291125651,BALANCING
2.138,-0.27083364580240343,0.06086145833920532,23.095603823683835,0.0324876477770264,BALANCING
2.14,-0.27071145203466956,0.061271778967233397,23.04951237702445,0.032412001950368405,BALANCING
2.142,-0.27058843898962603,0.06168078326077019,23.003443330314585,0.032336415595242265,BALANCING
2.144,-0.27046460929838806,0.062088472904265626,22.95739681883064,0.03226088887493506,BALANCING
2.146,-0.2703399655887,0.062494849583331125,22.91137297740526,0.032185421952062296,BALANCING
2.148,-0.2702145104849336,0.06289991498472945,22.86537194042791,0.03211001498856894,BALANCING
2.15,-0.2700882466080852,0.06330367079636456,22.819393841845454,0.03203466814573045,BALANCING
2.152,-0.26996117657577384,0.06370611870727179,22.773438815162752,0.03195938158415386,BALANCING
2.154,-0.2698333030022386,0.06410726040760767,22.72750699344322,0.03188415546377881,BALANCING
2.156,-0.26970462849833693,0.06450709758864014,22.681598509309428,0.03180898994387864,BALANCING
2.158,-0.2695751556715418,0.06490563194273827,22.635713494943683,0.03173388518306137,BALANCING
2.16,-0.26944488712593995,0.06530286516336273,22.589852082088594,0.031658841339270834,BALANCING
2.162,-0.26931382546222954,0.06569879894505547,22.544014402047676,0.031583858569787675,BALANCING
2.164,-0.2691819732777182,0.06609343498343016,22.49820058568592,0.031508937031230436,BALANCING
2.166,-0.2690493331663205,0.06648677497516199,22.452410763430386,0.03143407687955655,BALANCING
2.168,-0.2689159077185563,0.06687882061797817,22.406645065270773,0.03135927827006349,BALANCING
2.17,-0.2687816995215483,0.06726957361064784,22.360903620760023,0.031284541357389756,BALANCING
2.172,-0.2686467111590201,0.06765903565297225,22.315186559014894,0.031209866295515927,BALANCING
2.174,-0.2685109452112942,0.06804720844577514,22.26949400871654,0.03113525323776573,BALANCING
2.176,-0.26837440425529,0.06843409369089282,22.223826098111108,0.031060702336807116,BALANCING
2.178,-0.2682370908645216,0.06881969309116452,22.178182955010314,0.030986213744653268,BALANCING
2.18,-0.2680990076090958,0.06920400835042262,22.132564706792042,0.030911787612663687,BALANCING
2.182,-0.26796015705571036,0.06958704117348291,22.08697148040092,0.030837424091545246,BALANCING
2.184,-0.267820541767652,0.06996879326613488,22.041403402348898,0.03076312333135321,BALANCING
2.186,-0.26768016430479424,0.0703492663351322,21.995860598715858,0.03068888548149233,BALANCING
2.188,-0.2675390272235956,0.07072846208818288,21.950343195150186,0.03061471069071787,BALANCING
2.19,-0.26739713307709784,0.07110638223393981,21.90485131686935,0.030540599107136673,BALANCING
2.192,-0.26725448441492383,0.07148302848199103,21.85938508866052,0.030466550878208213,BALANCING
2.194,-0.2671110837832759,0.07185840254285027,21.81394463488112,0.03039256615074564,BALANCING
2.196,-0.26696693372493396,0.07223250612794727,21.76853007945944,0.03031864507091684,BALANCING
2.198,-0.2668220367792535,0.07260534094961829,21.723141545895214,0.030244787784245497,BALANCING
2.2,-0.26667639548216404,0.07297690872109665,21.677779157260208,0.03017099443561213,BALANCING
2.202,-0.26653001236616725,0.0733472111565031,21.632443036198822,0.030097265169255146,BALANCING
2.204,-0.26638288996033505,0.07371624997083646,21.587133304928663,0.03002360012877192,BALANCING
2.206,-0.2662350307903081,0.0740840268799641,21.541850085241148,0.02994999945711982,BALANCING
2.208,-0.26608643737829385,0.0744505436006125,21.49659349850208,0.02987646329661726,BALANCING
2.21,-0.26593711224306504,0.07481580185035787,21.451363665652256,0.029802991788944782,BALANCING
2.212,-0.2657870578999578,0.07517980334761673,21.40616070720804,0.029729585075146083,BALANCING
2.214,-0.26563627686087027,0.07554254981163652,21.360984743261962,0.02965624329562905,BALANCING
2.216,-0.26548477163426054,0.07590404296248633,21.315835893483317,0.029582966590166893,BALANCING
2.218,-0.2653325447251454,0.0762642845210474,21.270714277118735,0.029509755097899087,BALANCING
2.22,-0.2651795986350985,0.07662327620900403,21.225620012992795,0.029436608957332515,BALANCING
2.222,-0.2650259358622488,0.07698101974883409,21.180553219508603,0.029363528306342482,BALANCING
2.224,-0.2648715589012791,0.07733751686379983,21.13551401464839,0.029290513282173764,BALANCING
2.226,-0.2647164702434244,0.07769276927793867,21.090502515974094,0.029217564021441673,BALANCING
2.228,-0.26456067237647013,0.0780467787160539,21.04551884062798,0.029144680660133118,BALANCING
2.23,-0.2644041677847512,0.07839954690370546,21.000563105333185,0.029071863333607624,BALANCING
2.232,-0.26424695894914985,0.07875107556720086,20.955635426394366,0.028999112176598424,BALANCING
2.234,-0.26408904834709473,0.0791013664335859,20.910735919698254,0.028926427323213492,BALANCING
2.236,-0.2639304384525589,0.0794504212306356,20.86586470071425,0.028853808906936593,BALANCING
2.238,-0.263771131736059,0.07979824168684495,20.821021884495053,0.028781257060628337,BALANCING
2.24,-0.263611130664653,0.08014482953142,20.776207585677202,0.028708771916527244,BALANCING
2.242,-0.2634504377019397,0.0804901864942686,20.73142191848172,0.028636353606250775,BALANCING
2.244,-0.26328905530805663,0.08083431430599143,20.68666499671466,0.028564002260796403,BALANCING
2.246,-0.2631269859396791,0.08117721469787285,20.641936933767756,0.028491718010542642,BALANCING
2.248,-0.26296423205001856,0.08151888940187205,20.597237842618952,0.02841950098525013,BALANCING
2.25,-0.26280079608882145,0.0818593401506139,20.552567835833056,0.02834735131406264,BALANCING
2.2520000000000002,-0.2626366805023677,0.08219856867738004,20.5079270255623,0.0282752691255082,BALANCING
2.254,-0.26247188773346974,0.08253657671609982,20.463315523546942,0.028203254547500042,BALANCING
2.2560000000000002,-0.2623064202214708,0.08287336600134149,20.418733441115872,0.02813130770733774,BALANCING
2.258,-0.26214028040224413,0.08320893826830321,20.374180889187198,0.02805942873170825,BALANCING
2.2600000000000002,-0.2619734707081911,0.08354329525280414,20.329657978268834,0.027987617746686896,BALANCING
2.262,-0.26180599356824064,0.08387643869127562,20.285164818459123,0.027915874877738497,BALANCING
2.2640000000000002,-0.2616378514078476,0.08420837032075217,20.240701519447402,0.027844200249718395,BALANCING
2.266,-0.26146904664899173,0.0845390918788628,20.196268190514612,0.027772593986873456,BALANCING
2.2680000000000002,-0.26129958171017637,0.08486860510382215,20.1518649405339,0.027701056212843213,BALANCING
2.27,-0.2611294590064274,0.08519691173442162,20.107491877971214,0.027629587050660827,BALANCING
2.2720000000000002,-0.2609586809492922,0.08552401351002072,20.063149110885877,0.027558186622754194,BALANCING
2.274,-0.2607872499468382,0.08584991217053815,20.01883674693123,0.027486855050946963,BALANCING
2.2760000000000002,-0.26061516840365206,0.0861746094564432,19.974554893355176,0.027415592456459612,BALANCING
2.278,-0.2604424387208384,0.08649810710874695,19.930303657000817,0.02734439895991046,BALANCING
2.2800000000000002,-0.2602690632960189,0.08682040686899362,19.88608314430704,0.027273274681316767,BALANCING
2.282,-0.2600950445233311,0.08714151047925184,19.8418934613091,0.02720221974009574,BALANCING
2.2840000000000003,-0.25992038479342744,0.08746141968210606,19.797734713639233,0.027131234255065587,BALANCING
2.286,-0.2597450864934741,0.08778013622064784,19.753607006527265,0.027060318344446603,BALANCING
2.2880000000000003,-0.25956915200715025,0.08809766183846732,19.709510444801175,0.026989472125862165,BALANCING
2.29,-0.2593925837146468,0.0884139982796445,19.66544513288773,0.02691869571633982,BALANCING
2.2920000000000003,-0.2592153839926656,0.08872914728874076,19.621411174813055,0.02684798923231232,BALANCING
2.294,-0.25903755521441835,0.08904311061079029,19.577408674203255,0.02677735278961865,BALANCING
2.2960000000000003,-0.25885909974962595,0.08935588999129154,19.533437734284984,0.026706786503505105,BALANCING
2.298,-0.2586800199645171,0.08966748717619874,19.48949845788608,0.02663629048862634,BALANCING
2.3000000000000003,-0.2585003182218279,0.08997790391191327,19.445590947436138,0.02656586485904639,BALANCING
2.302,-0.2583199968808006,0.09028714194527532,19.40171530496712,0.02649550972823973,BALANCING
2.3040000000000003,-0.25813905829718287,0.09059520302355546,19.35787163211394,0.026425225209092323,BALANCING
2.306,-0.257957504823227,0.09090208889444606,19.314060030115087,0.026355011413902667,BALANCING
2.308,-0.257775338807689,0.09120780130605301,19.2702805998132,0.02628486845438284,BALANCING
2.31,-0.25759256259582786,0.09151234200688718,19.22653344165569,0.026214796441659548,BALANCING
2.312,-0.2574091785294045,0.09181571274585619,19.182818655695314,0.026144795486275164,BALANCING
2.314,-0.2572251889466813,0.09211791527225598,19.139136341590795,0.026074865698188773,BALANCING
2.316,-0.25704059618242125,0.09241895133576249,19.09548659860742,0.026005007186777226,BALANCING
2.318,-0.2568554025678871,0.09271882268642331,19.051869525617622,0.025935220060836192,BALANCING
2.32,-0.2566696104308406,0.09301753107464944,19.00828522110161,0.025865504428581165,BALANCING
2.322,-0.2564832220955419,0.093315078251207,18.96473378314793,0.025795860397648557,BALANCING
2.324,-0.25629623988274897,0.0936114659672089,18.92121530945411,0.02572628807509671,BALANCING
2.326,-0.25610866610971655,0.09390669597410672,18.87772989732722,0.025656787567406945,BALANCING
2.328,-0.2559205030901957,0.09420077002368245,18.834277643684498,0.025587358980484625,BALANCING
2.33,-0.2557317531344333,0.09449368986804019,18.790858645053937,0.025518002419660176,BALANCING
2.332,-0.255542418549171,0.0947854572595981,18.747472997574892,0.025448717989690117,BALANCING
2.334,-0.25535250163764506,0.09507607395108027,18.70412079699868,0.025379505794758166,BALANCING
2.336,-0.25516200469958544,0.09536554169550841,18.660802138689178,0.02531036593847619,BALANCING
2.338,-0.2549709300312154,0.09565386224619392,18.61751711762342,0.025241298523885333,BALANCING
2.34,-0.2547792799252506,0.09594103735672964,18.57426582839221,0.025172303653457004,BALANCING
2.342,-0.25458705667089926,0.09622706878098189,18.531048365200714,0.025103381429093942,BALANCING
2.344,-0.25439426255386055,0.09651195827308234,18.487864821869056,0.025034531952131244,BALANCING
2.346,-0.2542008998563251,0.09679570758742,18.44471529183293,0.02496575532333742,BALANCING
2.348,-0.2540069708569739,0.09707831847863317,18.401599868144203,0.02489705164291542,BALANCING
2.35,-0.253812477830978,0.09735979270160153,18.35851864347149,0.024828421010503678,BALANCING
2.352,-0.25361742304999796,0.09764013201143801,18.315471710100798,0.024759863525177173,BALANCING
2.354,-0.25342180878218357,0.09791933816348097,18.27245915993608,0.02469137928544842,BALANCING
2.356,-0.2532256372921731,0.09819741291328618,18.22948108449988,0.02462296838926857,BALANCING
2.358,-0.2530289108410932,0.09847435801661891,18.1865375749339,0.0245546309340284,BALANCING
2.36,-0.2528316316865582,0.09875017522944607,18.14362872199962,0.024486367016559374,BALANCING
2.362,-0.25263380208267,0.09902486630792826,18.100754616078895,0.02441817673313467,BALANCING
2.364,-0.2524354242800174,0.09929843300841197,18.057915347174557,0.024350060179470234,BALANCING
2.366,-0.25223650052567603,0.09957087708742174,18.01511100491101,0.024282017450725814,BALANCING
2.368,-0.2520370330632078,0.09984220030165224,17.97234167853484,0.024214048641505972,BALANCING
2.37,-0.25183702413266057,0.10011240440796057,17.929607456915416,0.024146153845861166,BALANCING
2.372,-0.25163647597056793,0.10038149116335844,17.886908428545485,0.024078333157288734,BALANCING
2.374,-0.2514353908099489,0.10064946232500445,17.844244681541774,0.02401058666873398,BALANCING
2.376,-0.2512337708803076,0.10091631965019622,17.801616303645602,0.02394291447259118,BALANCING
2.378,-0.25103161840763283,0.1011820648963628,17.759023382223468,0.023875316660704624,BALANCING
2.38,-0.2508289356143982,0.10144669982105686,17.716466004267666,0.02380779332436964,BALANCING
2.382,-0.25062572471956146,0.10171022618194712,17.67394425639687,0.023740344554333666,BALANCING
2.384,-0.25042198793856457,0.10197264573681054,17.631458224856747,0.023672970440797237,BALANCING
2.386,-0.25021772748333343,0.10223396024352481,17.589007995520568,0.023605671073415053,BALANCING
2.388,-0.25001294556227766,0.10249417146006055,17.546593653889783,0.023538446541296984,BALANCING
2.39,-0.24980764438029032,0.10275328114447398,17.504215285094645,0.023471296933009155,BALANCING
2.392,-0.24960182613874787,0.10301129105489894,17.461872973894806,0.0234042223365749,BALANCING
2.394,-0.2493954930355101,0.10326820294953971,17.419566804679913,0.023337222839475865,BALANCING
2.396,-0.2491886472649198,0.1035240185866632,17.37729686147022,0.023270298528653005,BALANCING
2.398,-0.24898129101780272,0.1037787397245915,17.335063227917175,0.023203449490507632,BALANCING
2.4,-0.2487734264814676,0.10403236812169438,17.292865987304033,0.023136675810902414,BALANCING
2.402,-0.24856505583970592,0.10428490553638176,17.25070522254646,0.023069977575162458,BALANCING
2.404,-0.24835618127279177,0.10453635372709631,17.208581016193126,0.0230033548680763,BALANCING
2.406,-0.24814680495748204,0.10478671445230588,17.1664934504263,0.022936807773896943,BALANCING
2.408,-0.24793692906701623,0.10503598947049611,17.12444260706248,0.022870336376342896,BALANCING
2.41,-0.2477265557711163,0.10528418054016307,17.082428567552963,0.022803940758599192,BALANCING
2.412,-0.24751568723598694,0.10553128941980583,17.04045141298446,0.02273762100331843,BALANCING
2.414,-0.24730432562431537,0.105777317867919,16.998511224079696,0.022671377192621793,BALANCING
2.416,-0.2470924730952714,0.10602226764298546,16.956608081198024,0.022605209408100065,BALANCING
2.418,-0.24688013180450744,0.10626614050346907,16.914742064336,0.022539117730814698,BALANCING
2.42,-0.24666730390415864,0.10650893820780719,16.872913253128004,0.0224731022412988,BALANCING
2.422,-0.24645399154284287,0.10675066251440345,16.831121726846845,0.022407163019558165,BALANCING
2.424,-0.24624019686566073,0.10699131518162053,16.789367564404344,0.022341300145072324,BALANCING
2.426,-0.24602592201419585,0.1072308979677728,16.747650844351945,0.02227551369679555,BALANCING
2.428,-0.24581116912651477,0.10746941263111914,16.705971644881323,0.022209803753157887,BALANCING
2.43,-0.2455959403371672,0.10770686092985568,16.664330043824975,0.02214417039206618,BALANCING
2.432,-0.24538023777718612,0.10794324462210858,16.62272611865682,0.022078613690905087,BALANCING
2.434,-0.24516406357408785,0.1081785654659269,16.581159946492818,0.02201313372653813,BALANCING
2.436,-0.24494741985187243,0.10841282521927532,16.539631604091543,0.021947730575308678,BALANCING
2.438,-0.24473030873102342,0.10864602564002714,16.49814116785481,0.02188240431304101,BALANCING
2.44,-0.24451273232850856,0.10887816848595697,16.456688713828257,0.02181715501504131,BALANCING
2.442,-0.2442946927577795,0.1091092555147338,16.415274317701954,0.021751982756098704,BALANCING
2.444,-0.24407619212877252,0.10933928848391376,16.373898054811015,0.021686887610486268,BALANCING
2.446,-0.24385723254790823,0.10956826915093311,16.33256000013618,0.02162186965196208,BALANCING
2.448,-0.24363781611809224,0.10979619927310116,16.291260228304413,0.02155692895377018,BALANCING
2.45,-0.2434179449387152,0.1100230806075933,16.24999881358953,0.021492065588641668,BALANCING
2.452,-0.2431976211056532,0.11024891491144383,16.20877582991277,0.02142727962879566,BALANCING
2.454,-0.24297684671126796,0.1104737039415391,16.167591350843416,0.021362571145940326,BALANCING
2.456,-0.24275562384440716,0.11069744945461049,16.126445449599377,0.021297940211273934,BALANCING
2.458,-0.24253395459040483,0.11092015320722742,16.08533819904781,0.02123338689548584,BALANCING
2.46,-0.2423118410310815,0.11114181695579041,16.044269671705703,0.021168911268757508,BALANCING
2.462,-0.24208928524474482,0.11136244245652419,16.003239939740478,0.021104513400763542,BALANCING
2.464,-0.24186628930618972,0.11158203146547067,15.962249074970602,0.02104019336067268,BALANCING
2.466,-0.24164285528669877,0.11180058573848231,15.92129714886617,0.020975951217148844,BALANCING
2.468,-0.2414189852540427,0.11201810703121493,15.880384232549519,0.02091178703835211,BALANCING
2.47,-0.2411946812724807,0.11223459709912108,15.83951039679582,0.020847700891939762,BALANCING
2.472,-0.24096994540276084,0.11245005769744314,15.798675712033683,0.0207836928450673,BALANCING
2.474,-0.2407447797021206,0.11266449058120646,15.757880248345757,0.020719762964389432,BALANCING
2.476,-0.2405191862242871,0.11287789750521271,15.717124075469316,0.020655911316061117,BALANCING
2.478,-0.2402931670194778,0.11309028022403288,15.676407262796882,0.020592137965738562,BALANCING
2.48,-0.24006672413440086,0.11330164049200063,15.635729879376802,0.020528442978580214,BALANCING
2.482,-0.23983985961225557,0.11351198006320569,15.595091993913861,0.02046482641924783,BALANCING
2.484,-0.23961257549273293,0.1137213006914869,15.554493674769873,0.020401288351907427,BALANCING
2.486,-0.23938487381201606,0.11392960413042565,15.513934989964287,0.02033782884023033,BALANCING
2.488,-0.23915675660278085,0.11413689213333912,15.473416007174784,0.020274447947394168,BALANCING
2.49,-0.23892822589419646,0.11434316645327366,15.432936793737868,0.02021114573608388,BALANCING
2.492,-0.23869928371192572,0.1145484288429982,15.392497416649476,0.020147922268492754,BALANCING
2.494,-0.23846993207812595,0.11475268105499742,15.352097942565571,0.020084777606323396,BALANCING
2.496,-0.23824017301144929,0.11495592484146532,15.311738437802742,0.02002171181078875,BALANCING
2.498,-0.23801000852704346,0.11515816195429861,15.271418968338796,0.01995872494261313,BALANCING
2.5,-0.2377794406365523,0.11535939414509003,15.231139599813368,0.0198958170620332,BALANCING
2.5020000000000002,-0.23754847134811635,0.11555962316512189,15.190900397528507,0.01983298822879898,BALANCING
2.504,-0.23731710266637354,0.11575885076535952,15.150701426449283,0.01977023850217487,BALANCING
2.5060000000000002,-0.2370853365924598,0.11595707869644464,15.110542751204381,0.01970756794094065,BALANCING
2.508,-0.2368531751240098,0.11615430870868908,15.070424436086697,0.019644976603392473,BALANCING
2.5100000000000002,-0.23662062025515734,0.11635054255206805,15.030346545053936,0.019582464547343893,BALANCING
2.512,-0.23638767397653646,0.11654578197621378,14.990309141729218,0.019520031830126836,BALANCING
2.5140000000000002,-0.23615433827528162,0.11674002873040912,14.950312289401662,0.01945767850859263,BALANCING
2.516,-0.235920615135029,0.11693328456358104,14.910356051026987,0.01939540463911299,BALANCING
2.5180000000000002,-0.23568650653591672,0.1171255512242943,14.870440489228118,0.01933321027758105,BALANCING
2.52,-0.23545201445458577,0.11731683046074487,14.83056566629577,0.01927109547941232,BALANCING
2.5220000000000002,-0.2352171408641808,0.11750712402075376,14.790731644189053,0.019209060299545715,BALANCING
2.524,-0.23498188773435078,0.1176964336517606,14.750938484536064,0.019147104792444556,BALANCING
2.5260000000000002,-0.23474625703124977,0.11788476110081725,14.71118624863449,0.019085229012097568,BALANCING
2.528,-0.23451025071753784,0.1180721081145815,14.671474997452194,0.01902343301201986,BALANCING
2.5300000000000002,-0.23427387075238168,0.11825847643931083,14.631804791627822,0.018961716845253954,BALANCING
2.532,-0.23403711909145555,0.11844386782085597,14.592175691471388,0.018900080564370748,BALANCING
2.5340000000000003,-0.23379999768694198,0.11862828400465483,14.55258775696488,0.018838524221470566,BALANCING
2.536,-0.23356250848753277,0.11881172673572608,14.513041047762844,0.01877704786818408,BALANCING
2.5380000000000003,-0.23332465343842965,0.11899419775866306,14.473535623192996,0.018715651555673382,BALANCING
2.54,-0.2330864344813452,0.1191756988176274,14.434071542256802,0.01865433533463293,BALANCING
2.5420000000000003,-0.23284785355450383,0.11935623165634301,14.394648863630078,0.018593099255290565,BALANCING
2.544,-0.23260891259264252,0.11953579801808974,14.355267645663586,0.01853194336740848,BALANCING
2.5460000000000003,-0.23236961352701174,0.11971439964569734,14.315927946383628,0.01847086772028425,BALANCING
2.548,-0.2321299582853765,0.11989203828153924,14.27662982349264,0.0184098723627518,BALANCING
2.5500000000000003,-0.23188994879201702,0.12006871566752646,14.23737333436979,0.01834895734318243,BALANCING
2.552,-0.23164958696772986,0.12024443354510142,14.198158536071565,0.01828812270948572,BALANCING
2.5540000000000003,-0.2314088747298288,0.12041919365523204,14.158985485332371,0.018227368509110647,BALANCING
2.556,-0.23116781399214575,0.12059299773840548,14.119854238565129,0.018166694789046485,BALANCING
2.5580000000000003,-0.23092640666503192,0.12076584753462212,14.080764851861854,0.018106101595823796,BALANCING
2.56,-0.23068465465535848,0.12093774478338969,14.041717380994271,0.018045588975515496,BALANCING
2.562,-0.2304425598665177,0.12110869122371694,14.00271188141439,0.017985156973737752,BALANCING
2.564,-0.23020012419842417,0.12127868859410797,13.963748408255103,0.017924805635651013,BALANCING
2.566,-0.22995734954751543,0.12144773863255603,13.924827016330788,0.017864535005961024,BALANCING
2.568,-0.22971423780675324,0.12161584307653762,13.885947760137881,0.017804345128919746,BALANCING
2.57,-0.22947079086562458,0.12178300366300654,13.847110693855493,0.017744236048326405,BALANCING
2.572,-0.22922701061014272,0.12194922212838796,13.808315871345977,0.017684207807528433,BALANCING
2.574,-0.2289828989228482,0.12211450020857252,13.769563346155545,0.01762426044942249,BALANCING
2.576,-0.22873845768280998,0.12227883963891037,13.730853171514838,0.017564394016455424,BALANCING
2.578,-0.2284936887656265,0.12244224215420536,13.69218540033953,0.017504608550625238,BALANCING
2.58,-0.22824859404342684,0.1226047094887092,13.653560085230922,0.017444904093482115,BALANCING
2.582,-0.22800317538487172,0.12276624337611554,13.614977278476518,0.01738528068612939,BALANCING
2.584,-0.22775743465515463,0.12292684554955417,13.576437032050636,0.0173257383692245,BALANCING
2.586,-0.22751137371600313,0.12308651774158526,13.53793939761498,0.017266277182979996,BALANCING
2.588,-0.22726499442567985,0.12324526168419349,13.499484426519244,0.01720689716716451,BALANCING
2.59,-0.2270182986389836,0.1234030791087823,13.4610721698017,0.017147598361103734,BALANCING
2.592,-0.22677128820725065,0.12355997174616822,13.42270267818978,0.01708838080368142,BALANCING
2.594,-0.22652396497835597,0.12371594132657499,13.384376002100677,0.01702924453334033,BALANCING
2.596,-0.22627633079671422,0.1238709895796279,13.346092191641926,0.016970189588083214,BALANCING
2.598,-0.22602838750328108,0.12402511823434813,13.307851296612002,0.016911216005473805,BALANCING
2.6,-0.2257801369355545,0.12417832901914705,13.269653366500897,0.016852323822637797,BALANCING
2.602,-0.2255315809275758,0.12433062366182043,13.231498450490722,0.01679351307626379,BALANCING
2.604,-0.22528272130993107,0.12448200388954299,13.19338659745629,0.01673478380260431,BALANCING
2.606,-0.2250335599097522,0.12463247142886258,13.1553178559657,0.016676136037476738,BALANCING
2.608,-0.22478409855071846,0.12478202800569466,13.11729227428094,0.01661756981626432,BALANCING
2.61,-0.2245343390530574,0.12493067534531668,13.079309900358453,0.0165590851739171,BALANCING
2.612,-0.22428428323354632,0.12507841517236248,13.041370781849746,0.01650068214495294,BALANCING
2.614,-0.22403393290551374,0.12522524921081676,13.003474966101964,0.016442360763458452,BALANCING
2.616,-0.22378328987884033,0.12537117918400947,12.965622500158487,0.01638412106309,BALANCING
2.618,-0.22353235595996046,0.1255162068146103,12.927813430759507,0.01632596307707462,BALANCING
2.62,-0.22328113295186358,0.1256603338246232,12.89004780434262,0.016267886838211048,BALANCING
2.622,-0.22302962265409537,0.1258035619353809,12.85232566704342,0.01620989237887067,BALANCING
2.624,-0.22277782686275915,0.12594589286753927,12.814647064696072,0.016151979730998453,BALANCING
2.626,-0.22252574737051736,0.12608732834107214,12.777012042833906,0.01609414892611398,BALANCING
2.628,-0.22227338596659282,0.12622787007526545,12.739420646690004,0.016036399995312332,BALANCING
2.63,-0.2220207444367701,0.12636751978871222,12.701872921197777,0.01597873296926513,BALANCING
2.632,-0.22176782456339694,0.12650627919930696,12.664368910991561,0.01592114787822147,BALANCING
2.634,-0.22151462812538567,0.12664415002424018,12.626908660407196,0.01586364475200887,BALANCING
2.636,-0.22126115689821466,0.1267811339799932,12.589492213482613,0.01580622362003426,BALANCING
2.638,-0.2210074126539296,0.12691723278233266,12.55211961395842,0.015748884511284943,BALANCING
2.64,-0.22075339716114512,0.12705244814630523,12.514790905278478,0.015691627454329518,BALANCING
2.642,-0.2204991121850461,0.12718678178623222,12.477506130590497,0.01563445247731891,BALANCING
2.644,-0.22024455948738922,0.12732023541570434,12.440265332746616,0.015577359607987267,BALANCING
2.646,-0.2199897408265043,0.12745281074757633,12.40306855430398,0.01552034887365295,BALANCING
2.648,-0.21973465795729594,0.12758450949396177,12.365915837525328,0.015463420301219498,BALANCING
2.65,-0.21947931263124487,0.12771533336622776,12.328807224379581,0.015406573917176557,BALANCING
2.652,-0.2192237065964096,0.12784528407498966,12.291742756542416,0.015349809747600873,BALANCING
2.654,-0.21896784159742771,0.12797436333010584,12.25472247539685,0.015293127818157217,BALANCING
2.656,-0.2187117193755176,0.1281025728406726,12.21774642203383,0.015236528154099375,BALANCING
2.658,-0.21845534166847982,0.1282299143150189,12.180814637252809,0.015180010780271069,BALANCING
2.66,-0.21819871021069884,0.128356389460701,12.14392716156232,0.015123575721106924,BALANCING
2.662,-0.21794182673314433,0.12848199998449764,12.107084035180579,0.015067223000633439,BALANCING
2.664,-0.21768469296337292,0.12860674759240465,12.070285298036039,0.015010952642469917,BALANCING
2.666,-0.21742731062552975,0.1287306339896299,12.033530989767993,0.01495476466982943,BALANCING
2.668,-0.21716968144034995,0.12885366088058814,11.99682114972714,0.014898659105519765,BALANCING
2.67,-0.21691180712516034,0.12897582996889595,11.960155816976172,0.014842635971944372,BALANCING
2.672,-0.21665368939388094,0.12909714295736668,11.923535030290362,0.014786695291103328,BALANCING
2.674,-0.21639532995702665,0.12921760154800532,11.886958828158118,0.014730837084594267,BALANCING
2.676,-0.2161367305217089,0.1293372074420035,11.850427248781592,0.014675061373613355,BALANCING
2.678,-0.2158778927916372,0.1294559623397345,11.813940330077239,0.0146193681789562,BALANCING
2.68,-0.21561881846712075,0.1295738679407481,11.777498109676408,0.014563757521018838,BALANCING
2.682,-0.21535950924507025,0.12969092594376566,11.741100624925906,0.01450822941979865,BALANCING
2.684,-0.21509996681899948,0.12980713804667526,11.70474791288859,0.01445278389489532,BALANCING
2.686,-0.2148401928790269,0.12992250594652652,11.668440010343947,0.014397420965511797,BALANCING
2.688,-0.2145801891118774,0.13003703133952577,11.63217695378865,0.014342140650455188,BALANCING
2.69,-0.21431995720088406,0.1301507159210311,11.59595877943716,0.014286942968137768,BALANCING
2.692,-0.21405949882598974,0.13026356138554746,11.559785523222288,0.014231827936577863,BALANCING
2.694,-0.2137988156637488,0.13037556942672174,11.523657220795778,0.014176795573400826,BALANCING
2.696,-0.21353790938732892,0.1304867417373379,11.48757390752888,0.014121845895839974,BALANCING
2.698,-0.21327678166651268,0.13059708000931203,11.45153561851293,0.014066978920737515,BALANCING
2.7,-0.21301543416769947,0.13070658593368767,11.415542388559915,0.014012194664545497,BALANCING
2.702,-0.21275386855390716,0.13081526120063078,11.37959425220307,0.01395749314332675,BALANCING
2.704,-0.21249208648477377,0.130923107499425,11.343691243697425,0.013902874372755803,BALANCING
2.706,-0.21223008961655948,0.131030126518467,11.307833397020403,0.01384833836811985,BALANCING
2.708,-0.2119678796021481,0.13113631994526131,11.27202074587238,0.013793885144319668,BALANCING
2.71,-0.21170545809104913,0.13124168946641604,11.23625332367727,0.013739514715870552,BALANCING
2.712,-0.21144282672939937,0.1313462367676377,11.200531163583088,0.013685227096903266,BALANCING
2.714,-0.21117998715996486,0.1314499635337267,11.164854298462531,0.013631022301164943,BALANCING
2.716,-0.21091694102214265,0.13155287144857264,11.129222760913551,0.013576900342020064,BALANCING
2.718,-0.21065368995196257,0.13165496219514936,11.093636583259919,0.013522861232451338,BALANCING
2.72,-0.21039023558208916,0.13175623745551054,11.05809579755181,0.013468904985060681,BALANCING
2.722,-0.21012657954182343,0.1318566989107849,11.022600435566364,0.013415031612070123,BALANCING
2.724,-0.20986272345710483,0.1319563482411715,10.987150528808272,0.013361241125322736,BALANCING
2.726,-0.209598668950513,0.1320551871259352,10.951746108510324,0.013307533536283566,BALANCING
2.728,-0.20933441764126964,0.1321532172434019,10.916387205634008,0.013253908856040565,BALANCING
2.73,-0.20906997114524056,0.13225044027095412,10.881073850870056,0.01320036709530551,BALANCING
2.732,-0.20880533107493734,0.13234685788502618,10.845806074639032,0.013146908264414944,BALANCING
2.734,-0.2085404990395194,0.13244247176109983,10.810583907091898,0.013093532373331091,BALANCING
2.736,-0.20827547664479584,0.13253728357369954,10.77540737811057,0.013040239431642776,BALANCING
2.738,-0.20801026549322743,0.132631294996388,10.74027651730851,0.012987029448566348,BALANCING
2.74,-0.20774486718392834,0.13272450770176167,10.705191354031278,0.01293390243294664,BALANCING
2.742,-0.2074792833126684,0.13281692336144604,10.670151917357108,0.01288085839325782,BALANCING
2.744,-0.2072135154718747,0.13290854364609142,10.635158236097476,0.012827897337604394,BALANCING
2.746,-0.20694756525063385,0.13299937022536823,10.600210338797663,0.012775019273722052,BALANCING
2.748,-0.20668143423469373,0.1330894047679627,10.56530825373733,0.012722224208978644,BALANCING
2.75,-0.2064151240064656,0.13317864894157222,10.53045200893108,0.012669512150375069,BALANCING
2.7520000000000002,-0.206148636145026,0.1332671044129011,10.49564163212903,0.012616883104546206,BALANCING
2.754,-0.2058819722261187,0.13335477284765604,10.460877150817367,0.012564337077761818,BALANCING
2.7560000000000002,-0.2056151338221569,0.13344165591054175,10.426158592218929,0.01251187407592748,BALANCING
2.758,-0.20534812250222498,0.13352775526525654,10.39148598329376,0.012459494104585503,BALANCING
2.7600000000000002,-0.20508093983208073,0.13361307257448798,10.356859350739677,0.012407197168915815,BALANCING
2.762,-0.20481358737415722,0.13369760949990855,10.322278720992841,0.012354983273736915,BALANCING
2.7640000000000002,-0.20454606668756498,0.1337813677021712,10.287744120228316,0.012302852423506764,BALANCING
2.766,-0.20427837932809392,0.13386434884090517,10.253255574360635,0.012250804622323698,BALANCING
2.7680000000000002,-0.20401052684821547,0.1339465545747116,10.218813109044365,0.012198839873927338,BALANCING
2.77,-0.20374251079708458,0.13402798656115913,10.18441674967467,0.01214695818169952,BALANCING
2.7720000000000002,-0.2034743327205418,0.13410864645677983,10.150066521387872,0.012095159548665172,BALANCING
2.774,-0.20320599416111537,0.13418853591706476,10.115762449062023,0.012043443977493263,BALANCING
2.7760000000000002,-0.20293749665802338,0.13426765659645978,10.08150455731745,0.011991811470497661,BALANCING
2.778,-0.2026688417471757,0.1343460101483614,10.04729287051734,0.011940262029638089,BALANCING
2.7800000000000002,-0.20240003096117626,0.1344235982251124,10.013127412768283,0.011888795656521005,BALANCING
2.782,-0.20213106582932497,0.13450042247799768,9.979008207920842,0.011837412352400507,BALANCING
2.7840000000000003,-0.2018619478776201,0.13457648455724014,9.944935279570112,0.011786112118179249,BALANCING
2.786,-0.2015926786287601,0.1346517861119965,9.910908651056284,0.011734894954409334,BALANCING
2.7880000000000003,-0.20132325960214606,0.13472632879035296,9.876928345465197,0.011683760861293222,BALANCING
2.79,-0.20105369231388354,0.13480011423932134,9.84299438562891,0.01163270983868463,BALANCING
2.7920000000000003,-0.200783978276785,0.13487314410483475,9.809106794126249,0.011581741886089444,BALANCING
2.794,-0.20051411900037178,0.13494542003174345,9.775265593283377,0.011530857002666591,BALANCING
2.7960000000000003,-0.2002441159908763,0.13501694366381098,9.741470805174348,0.01148005518722898,BALANCING
2.798,-0.19997397075124435,0.13508771664370983,9.707722451621663,0.011429336438244356,BALANCING
2.8000000000000003,-0.19970368478113712,0.13515774061301747,9.674020554196831,0.011378700753836228,BALANCING
2.802,-0.1994332595769335,0.13522701721221236,9.64036513422093,0.011328148131784765,BALANCING
2.8040000000000003,-0.19916269663173228,0.1352955480806698,9.606756212765154,0.011277678569527666,BALANCING
2.806,-0.19889199743535424,0.13536333485665797,9.573193810651382,0.011227292064161086,BALANCING
2.8080000000000003,-0.19862116347434464,0.1354303791773339,9.539677948452725,0.01117698861244051,BALANCING
2.81,-0.19835019623197503,0.13549668267873946,9.50620864649409,0.01112676821078165,BALANCING
2.8120000000000003,-0.19807909718824593,0.13556224699579753,9.472785924852726,0.01107663085526135,BALANCING
2.814,-0.19780786781988877,0.13562707376230776,9.439409803358789,0.01102657654161846,BALANCING
2.816,-0.1975365096003682,0.13569116461094285,9.40608030159589,0.010976605265254733,BALANCING
2.818,-0.19726502399988452,0.13575452117324455,9.372797438901657,0.010926717021235717,BALANCING
2.82,-0.1969934124853757,0.1358171450796197,9.33956123436828,0.010876911804291648,BALANCING
2.822,-0.19672167652051978,0.1358790379593364,9.306371706843068,0.010827189608818321,BALANCING
2.824,-0.19644981756573723,0.13594020144052005,9.27322887492901,0.010777550428878,BALANCING
2.826,-0.19617783707819303,0.13600063715014954,9.240132756985311,0.010727994258200282,BALANCING
2.828,-0.19590573651179913,0.13606034671405334,9.207083371127965,0.010678521090183002,BALANCING
2.83,-0.19563351731721673,0.13611933175690566,9.174080735230287,0.010629130917893097,BALANCING
2.832,-0.1953611809418586,0.13617759390222267,9.141124866923482,0.010579823734067509,BALANCING
2.834,-0.1950887288298913,0.13623513477235863,9.108215783597185,0.010530599531114052,BALANCING
2.836,-0.19481616242223768,0.13629195598850216,9.075353502400015,0.010481458301112311,BALANCING
2.838,-0.194543483156579,0.13634805917067233,9.042538040240128,0.010432400035814499,BALANCING
2.84,-0.1942706924673575,0.13640344593771506,9.009769413785763,0.010383424726646358,BALANCING
2.842,-0.19399779178577864,0.13645811790729914,8.977047639465795,0.010334532364708026,BALANCING
2.844,-0.19372478253981337,0.13651207669591273,8.944372733470281,0.010285722940774926,BALANCING
2.846,-0.19345166615420067,0.1365653239188595,8.91174471175101,0.010236996445298624,BALANCING
2.848,-0.19317844405044984,0.13661786119025493,8.879163590022054,0.010188352868407722,BALANCING
2.85,-0.19290511764684284,0.1366696901230226,8.846629383760312,0.010139792199908739,BALANCING
2.852,-0.19263168835843675,0.13672081232889058,8.81414210820606,0.010091314429286952,BALANCING
2.854,-0.19235815759706615,0.13677122941838765,8.781701778363495,0.010042919545707315,BALANCING
2.856,-0.19208452677134547,0.13682094300083977,8.749308409001287,0.009994607538015298,BALANCING
2.858,-0.1918107972866715,0.13686995468436636,8.71696201465312,0.009946378394737772,BALANCING
2.86,-0.19153697054522567,0.13691826607587665,8.684662609618242,0.009898232104083872,BALANCING
2.862,-0.1912630479459766,0.13696587878106617,8.652410207962003,0.00985016865394587,BALANCING
2.864,-0.1909890308846825,0.13701279440441308,8.620204823516413,0.009802188031900062,BALANCING
2.866,-0.19071492075389354,0.13705901454917457,8.588046469880673,0.009754290225207601,BALANCING
2.868,-0.1904407189429544,0.1371045408173834,8.555935160421726,0.009706475220815395,BALANCING
2.87,-0.1901664268380066,0.1371493748098442,8.523870908274802,0.009658743005356955,BALANCING
2.872,-0.18989204582199115,0.1371935181261301,8.491853726343955,0.009611093565153267,BALANCING
2.874,-0.18961757727465078,0.13723697236457896,8.459883627302613,0.009563526886213659,BALANCING
2.876,-0.1893430225725326,0.13727973912229016,8.427960623594116,0.009516042954236656,BALANCING
2.878,-0.18906838308899054,0.1373218199951209,8.396084727432257,0.009468641754610846,BALANCING
2.88,-0.1887936601941877,0.13736321657768272,8.364255950801827,0.009421323272415747,BALANCING
2.882,-0.18851885525509907,0.1374039304633382,8.332474305459153,0.009374087492422667,BALANCING
2.884,-0.18824396963551387,0.1374439632441973,8.300739802932641,0.009326934399095549,BALANCING
2.886,-0.18796900469603817,0.13748331651111406,8.269052454523317,0.009279863976591848,BALANCING
2.888,-0.18769396179409725,0.1375219918536831,8.237412271305363,0.009232876208763384,BALANCING
2.89,-0.1874188422839383,0.13755999086023626,8.205819264126657,0.009185971079157187,BALANCING
2.892,-0.18714364751663282,0.13759731511783918,8.174273443609314,0.00913914857101637,BALANCING
2.894,-0.18686837884007923,0.1376339662122879,8.142774820150224,0.009092408667280968,BALANCING
2.896,-0.18659303759900545,0.1376699457281056,8.11132340392159,0.009045751350588813,BALANCING
2.898,-0.18631762513497124,0.13770525524853894,8.079919204871464,0.00899917660327636,BALANCING
2.9,-0.18604214278637105,0.1377398963555552,8.048562232724287,0.00895268440737957,BALANCING
2.902,-0.18576659188843633,0.1377738706298385,8.017252496981415,0.008906274744634722,BALANCING
2.904,-0.1854909737732383,0.13780717965078676,7.985990006921677,0.00885994759647931,BALANCING
2.906,-0.18521528976969037,0.13783982499650832,7.954774771601887,0.008813702944052853,BALANCING
2.908,-0.18493954120355083,0.13787180824381862,7.923606799857394,0.008767540768197758,BALANCING
2.91,-0.1846637293974254,0.13790313096823692,7.892486100302611,0.008721461049460177,BALANCING
2.912,-0.18438785567076973,0.13793379474398323,7.861412681331554,0.00867546376809084,BALANCING
2.914,-0.18411192133989226,0.13796380114397477,7.830386551118369,0.008629548904045907,BALANCING
2.916,-0.1838359277179565,0.137993151739823,7.7994077176178696,0.008583716436987807,BALANCING
2.918,-0.18355987611498398,0.1380218481018302,7.768476188566071,0.008537966346286088,BALANCING
2.92,-0.18328376783785655,0.13804989179898644,7.737591971480721,0.008492298611018254,BALANCING
2.922,-0.18300760419031922,0.1380772843989663,7.70675507366183,0.008446713209970617,BALANCING
2.924,-0.1827313864729828,0.13810402746812572,7.675965502192207,0.008401210121639125,BALANCING
2.926,-0.1824551159833264,0.1381301225714988,7.6452232639379885,0.008355789324230208,BALANCING
2.928,-0.18217879401570014,0.1381555712727947,7.614528365549167,0.008310450795661617,BALANCING
2.93,-0.1819024218613279,0.13818037513439455,7.583880813460125,0.00826519451356326,BALANCING
2.932,-0.18162600080830987,0.13820453571734817,7.553280613890161,0.008220020455278046,BALANCING
2.934,-0.1813495321416252,0.1382280545813712,7.522727772844024,0.00817492859786271,BALANCING
2.936,-0.18107301714313476,0.13825093328484175,7.492222296112437,0.008129918918088654,BALANCING
2.938,-0.1807964570915838,0.1382731733847975,7.461764189272626,0.008084991392442776,BALANCING
2.94,-0.18051985326260453,0.13829477643693258,7.431353457688853,0.008040145997128316,BALANCING
2.942,-0.18024320692871895,0.13831574399559454,7.400990106512936,0.00799538270806568,BALANCING
2.944,-0.17996651935934152,0.13833607761378128,7.370674140684785,0.007950701500893262,BALANCING
2.946,-0.17968979182078176,0.13835577884313802,7.340405564932915,0.007906102350968293,BALANCING
2.948,-0.17941302557624705,0.13837484923395435,7.310184383774988,0.007861585233367658,BALANCING
2.95,-0.17913622188584538,0.13839329033516115,7.280010601518325,0.007817150122888715,BALANCING
2.952,-0.17885938200658796,0.13841110369432766,7.249884222260439,0.007772796994050155,BALANCING
2.954,-0.178582507192392,0.13842829085765854,7.219805249889559,0.0077285258210927936,BALANCING
2.956,-0.17830559869408347,0.13844485336999077,7.189773688085148,0.0076843365779804135,BALANCING
2.958,-0.17802865775939986,0.1384607927747909,7.1597895403184335,0.007640229238400587,BALANCING
2.96,-0.1777516856329928,0.13847611061415196,7.129852809852927,0.007596203775765495,BALANCING
2.962,-0.1774746835564309,0.13849080842879066,7.0999634997449474,0.007552260163212757,BALANCING
2.964,-0.17719765276820254,0.1385048877580444,7.0701216128441455,0.007508398373606246,BALANCING
2.966,-0.17692059450371858,0.13851835013986843,7.040327151794022,0.007464618379536917,BALANCING
2.968,-0.17664350999531514,0.13853119711083292,7.01058011903245,0.007420920153323609,BALANCING
2.97,-0.1763664004722563,0.13854343020612023,6.980880516792196,0.007377303667013892,BALANCING
2.972,-0.17608926716073706,0.1385550509595218,6.951228347101441,0.007333768892384856,BALANCING
2.974,-0.1758121112838859,0.1385660609034356,6.921623611784297,0.007290315800943945,BALANCING
2.976,-0.17553493406176784,0.13857646156886314,6.892066312461333,0.007246944363929761,BALANCING
2.978,-0.1752577367113869,0.1385862544854067,6.862556450550084,0.007203654552312901,BALANCING
2.98,-0.17498052044668921,0.13859544118126652,6.833094027265577,0.007160446336796734,BALANCING
2.982,-0.17470328647856567,0.138604023183238,6.803679043620849,0.007117319687818252,BALANCING
2.984,-0.17442603601485474,0.138612002016709,6.774311500427457,0.007074274575548858,BALANCING
2.986,-0.17414877026034534,0.13861937920565706,6.744991398296004,0.007031310969895183,BALANCING
2.988,-0.17387149041677963,0.13862615627264652,6.715718737636648,0.0069884288404999,BALANCING
2.99,-0.1735941976828558,0.13863233473882594,6.686493518659619,0.006945628156742522,BALANCING
2.992,-0.17331689325423108,0.13863791612392537,6.657315741375741,0.006902908887740223,BALANCING
2.994,-0.17303957832352432,0.1386429019462536,6.6281854055969385,0.006860271002348635,BALANCING
2.996,-0.172762254080319,0.13864729372269538,6.5991025109367545,0.006817714469162657,BALANCING
2.998,-0.1724849217111661,0.13865109296870898,6.570067056810865,0.00677523925651727,BALANCING
3.0,-0.17220758239958686,0.13865430119832325,6.54107904243759,0.006732845332488316,BALANCING
3.0020000000000002,-0.1719302373260757,0.13865691992413515,6.51213846683841,0.006690532664893328,BALANCING
3.004,-0.17165288766810305,0.13865895065730702,6.483245328838472,0.00664830122129231,BALANCING
3.0060000000000002,-0.17137553460011828,0.13866039490756396,6.45439962706711,0.006606150968988555,BALANCING
3.008,-0.17109817929355256,0.1386612541831913,6.425601359958347,0.00656408187502944,BALANCING
3.0100000000000002,-0.17082082291682166,0.13866152999103185,6.396850525751415,0.006522093906207214,BALANCING
3.012,-0.170543466635329,0.13866122383648335,6.36814712249126,0.006480187029059814,BALANCING
3.0140000000000002,-0.17026611161146832,0.13866033722349608,6.33949114802905,0.0064383612098716445,BALANCING
3.016,-0.16998875900462684,0.13865887165456997,6.3108826000226905,0.006396616414674384,BALANCING
3.0180000000000002,-0.16971140997118797,0.1386568286307523,6.282321475937327,0.006354952609247777,BALANCING
3.02,-0.1694340656645343,0.13865420965163502,6.2538077730458586,0.006313369759120434,BALANCING
3.0220000000000002,-0.16915672723505046,0.13865101621535242,6.225341488429444,0.006271867829570614,BALANCING
3.024,-0.1688793958301261,0.13864724981857826,6.196922618978005,0.00623044678562702,BALANCING
3.0260000000000002,-0.1686020725941588,0.13864291195652362,6.168551161390739,0.006189106592069589,BALANCING
3.028,-0.1683247586685569,0.13863800412293423,6.140227112176623,0.006147847213430292,BALANCING
3.0300000000000002,-0.16804745519174266,0.13863252781008806,6.111950467654918,0.006106668613993909,BALANCING
3.032,-0.1677701632991549,0.13862648450879275,6.083721223955676,0.006065570757798826,BALANCING
3.0340000000000003,-0.16749288412325222,0.13861987570838336,6.055539377020246,0.006024553608637816,BALANCING
3.036,-0.16721561879351582,0.13861270289671968,6.027404922601773,0.005983617130058829,BALANCING
3.0380000000000003,-0.16693836843645238,0.13860496756018398,5.99931785626571,0.005942761285365779,BALANCING
3.04,-0.1666611341755972,0.13859667118367852,5.9712781733903135,0.005901986037619321,BALANCING
3.0420000000000003,-0.16638391713151696,0.13858781525062325,5.943285869167148,0.005861291349637638,BALANCING
3.044,-0.16610671842181288,0.13857840124295326,5.915340938601594,0.005820677183997226,BALANCING
3.0460000000000003,-0.16582953916112356,0.13856843064111649,5.887443376513339,0.0057801435030336665,BALANCING
3.048,-0.16555238046112805,0.13855790492407136,5.859593177536891,0.005739690268842412,BALANCING
3.0500000000000003,-0.16527524343054872,0.13854682556928447,5.831790336122069,0.005699317443279573,BALANCING
3.052,-0.16499812917515433,0.13853519405272813,5.804034846534506,0.005659024987962674,BALANCING
3.0540000000000003,-0.164721038797763,0.1385230118488781,5.776326702856155,0.005618812864271454,BALANCING
3.056,-0.16444397339824526,0.13851028043071137,5.748665898985777,0.005578681033348625,BALANCING
3.0580000000000003,-0.16416693407352695,0.13849700126970368,5.721052428639449,0.005538629456100658,BALANCING
3.06,-0.16388992191759225,0.13848317583582734,5.693486285351056,0.005498658093198555,BALANCING
3.0620000000000003,-0.16361293802148671,0.13846880559754893,5.665967462472793,0.0054587669050786105,BALANCING
3.064,-0.16333598347332037,0.13845389202182704,5.638495953175656,0.0054189558519432066,BALANCING
3.0660000000000003,-0.1630590593582706,0.13843843657410992,5.611071750449949,0.00537922489376155,BALANCING
3.068,-0.16278216675858517,0.13842244071833348,5.583694847105767,0.005339573990270484,BALANCING
3.0700000000000003,-0.16250530675358538,0.1384059059169188,5.5563652357735,0.005300003100975219,BALANCING
3.072,-0.16222848041966895,0.13838883363076995,5.529082908904325,0.005260512185150116,BALANCING
3.074,-0.1619516888303132,0.13837122531927198,5.501847858770702,0.005221101201839466,BALANCING
3.076,-0.1616749330560779,0.13835308244028846,5.474660077466868,0.005181770109858231,BALANCING
3.078,-0.16139821416460862,0.13833440645015954,5.447519556909324,0.005142518867792825,BALANCING
3.08,-0.16112153322063943,0.1383151988036996,5.420426288837339,0.005103347434001876,BALANCING
3.082,-0.1608448912859962,0.1382954609541952,5.393380264813432,0.0050642557666169844,BALANCING
3.084,-0.16056828941959947,0.13827519435340285,5.366381476223871,0.005025243823543484,BALANCING
3.086,-0.1602917286774678,0.1382544004515469,5.339429914279157,0.004986311562461209,BALANCING
3.088,-0.16001521011272052,0.13823308069731757,5.312525570014524,0.004947458940825247,BALANCING
3.09,-0.15973873477558095,0.13821123653786854,5.285668434290419,0.0,BALANCING
3.092,-0.15946914520228297,0.13137669972376048,5.268078871733692,0.0,BALANCING
3.094,-0.15921323504282597,0.12453156345604505,5.250547843440851,0.0,BALANCING
3.096,-0.15897102705260052,0.11767427070015264,5.233075154622509,0.0,BALANCING
3.098,-0.15874254710450186,0.11080326092178594,5.2156606111375,0.0,BALANCING
3.1,-0.1585278241963152,0.10391696970074027,5.1983040194907195,0.0,BALANCING
3.102,-0.15832689045887466,0.09701382834375309,5.18100518683097,0.0,BALANCING
3.104,-0.15813978116499738,0.0900922634962865,5.163763920948821,0.0,BALANCING
3.106,-0.1579665347391952,0.08315069675314607,5.146580030274474,0.0,BALANCING
3.108,-0.1578071927681664,0.07618754426783926,5.129453323875633,0.0,BALANCING
3.11,-0.15766180001207014,0.06920121636057681,5.112383611455385,0.0,BALANCING
3.112,-0.15753040441658617,0.06219011712481911,5.095370703350084,0.0,BALANCING
3.114,-0.15741305712576317,0.055152644032270236,5.07841441052724,0.0,BALANCING
3.116,-0.15730981249565845,0.04808718753622135,5.061514544583428,0.0,BALANCING
3.118,-0.15722072810877313,0.040992130673144944,5.044670917742184,0.0,BALANCING
3.12,-0.15714586478928552,0.03386584866244099,5.027883342851926,0.0,BALANCING
3.122,-0.1570852866190872,0.02670670850423547,5.011151633383871,0.0,BALANCING
3.124,-0.15703906095462547,0.0195130685751315,4.994475603429963,0.0,BALANCING
3.126,-0.15700725844455649,0.012283278221812462,4.977855067700811,0.0,BALANCING
3.128,-0.1569899530482132,0.005015677352396335,4.961289841523624,0.0,BALANCING
3.13,-0.15698722205489327,-0.00229140397456042,4.944779740840162,0.0,BALANCING
3.132,-0.15699914610397106,-0.00963964596351144,4.928324582204692,0.0,BALANCING
3.134,-0.15702580920583936,-0.017030739497924278,4.91192418278195,0.0,BALANCING
3.136,-0.1570672987636856,-0.024466386558942777,4.895578360345107,0.0,BALANCING
3.138,-0.157123705596108,-0.031948300646812006,4.879286933273743,0.0,BALANCING
3.14,-0.1571951239605778,-0.03947820720517047,4.863049720551838,0.0,BALANCING
3.142,-0.15728165157775267,-0.04705784404831504,4.846866541765747,0.0,BALANCING
3.144,-0.15738338965664792,-0.05468896179154461,4.830737217102207,0.0,BALANCING
3.146,-0.15750044292067142,-0.062373324284689606,4.814661567346335,0.0,BALANCING
3.148,-0.15763291963452902,-0.07011270904893487,4.798639413879632,0.0,BALANCING
3.15,-0.1577809316320068,-0.07790890771704449,4.782670578678009,0.0,BALANCING
3.152,-0.15794459434463745,-0.08576372647709804,4.7667548843097975,0.0,BALANCING
3.154,-0.15812402683125767,-0.09367898651984831,4.750892153933785,0.0,BALANCING
3.156,-0.15831935180846385,-0.10165652448981173,4.735082211297249,0.0,BALANCING
3.158,-0.15853069568197398,-0.10969819294020373,4.719324880733998,0.0,BALANCING
3.16,-0.1587581885789033,-0.11780586079183164,4.703619987162419,0.0,BALANCING
3.162,-0.15900196438096173,-0.12598141379605957,4.687967356083533,0.0,BALANCING
